$MeshFormat
4.1 0 8
$EndMeshFormat
$PhysicalNames
7
1 1 "r1"
1 2 "ground"
1 3 "flare"
1 4 "pipewall"
1 5 "x2"
1 6 "symmetry"
2 7 "domain1"
$EndPhysicalNames
$Entities
24 38 9 0
1 0 488.8888888888888 0 0 
2 0 0 0 0 
3 457.3432961439855 -172.769948634498 0 0 
4 122.3606797749979 -5.278640450004204 0 0 
5 100 -50 0 0 
6 50 -50 0 0 
7 50 -150 0 0 
8 0 -150 0 0 
9 0 1222.222222222222 0 0 
10 1114.634330649659 -501.415465887335 0 0 
11 0 2100 0 0 
12 1900.125308262818 -894.1609546939143 0 0 
13 0 2666.666666666667 0 0 
14 2407.080556173249 -1147.63857864913 0 0 
15 0 3111.111111111111 0 0 
16 2804.663660498559 -1346.430130811784 0 0 
17 0 3600 0 0 
18 3241.987987399283 -1565.092294262146 0 0 
19 0 4000 0 0 
20 3599.78992435832 -1743.993262741665 0 0 
21 0 4800 0 0 
22 4315.378266508133 -2101.787433816572 0 0 
23 0 10000 0 0 
24 8966.520785676501 -4427.358693400755 0 0 
1 0 -172.769948634498 0 487.7544968055191 488.8888888888887 0 1 1 2 1 -3 
2 122.3606797749979 -172.769948634498 0 457.3432961439855 -5.278640450004218 0 1 2 2 3 -4 
3 49.99999999999999 -50.00000000000001 0 122.3606797749979 -0.00333442290281738 0 1 3 2 4 -6 
4 50 -150 0 50 -50 0 1 4 2 6 -7 
5 0 -150 0 50 -150 0 1 5 2 7 -8 
6 0 -150 0 0 488.8888888888888 0 1 6 2 8 -1 
7 0 -501.415465887335 0 1221.970940956613 1222.222222222222 0 0 2 9 -10 
8 0 488.8888888888888 0 0 1222.222222222222 0 0 2 1 -9 
9 457.3432961439855 -501.415465887335 0 1114.634330649659 -172.769948634498 0 0 2 10 -3 
10 -2.842170943040401e-14 -172.7699486344979 0 487.754496805519 488.8888888888887 0 0 2 3 -1 
11 0 -894.1609546939143 0 2099.94897105561 2100 0 0 2 11 -12 
12 1114.634330649659 -894.1609546939143 0 1900.125308262818 -501.415465887335 0 0 2 12 -10 
13 1.13686837721616e-13 -501.415465887335 0 1221.970940956613 1222.222222222223 0 0 2 10 -9 
14 0 1222.222222222222 0 0 2100 0 0 2 9 -11 
15 0 -1147.638578649129 0 2666.654383170227 2666.666666666667 0 0 2 13 -14 
16 1900.125308262818 -1147.63857864913 0 2407.080556173249 -894.1609546939143 0 0 2 14 -12 
17 1.591615728102624e-12 -894.1609546939146 0 2099.94897105561 2100 0 0 2 12 -11 
18 0 2100 0 0 2666.666666666667 0 0 2 11 -13 
19 0 -1346.430130811785 0 3111.109702544029 3111.111111111111 0 0 2 15 -16 
20 2407.080556173249 -1346.430130811784 0 2804.663660498559 -1147.63857864913 0 0 2 16 -14 
21 6.821210263296962e-13 -1147.63857864913 0 2666.654383170227 2666.666666666667 0 0 2 14 -13 
22 0 2666.666666666667 0 0 3111.111111111111 0 0 2 13 -15 
23 0 -1565.092294262146 0 3599.998997894867 3600 0 0 2 17 -18 
24 2804.663660498559 -1565.092294262146 0 3241.987987399283 -1346.430130811784 0 0 2 18 -16 
25 9.094947017729282e-13 -1346.430130811784 0 3111.10970254403 3111.111111111111 0 0 2 16 -15 
26 0 3111.111111111111 0 0 3600 0 0 2 15 -17 
27 0 -1743.993262741665 0 3999.993327934862 4000 0 0 2 19 -20 
28 3241.987987399283 -1743.993262741665 0 3599.78992435832 -1565.092294262146 0 0 2 20 -18 
29 2.273736754432321e-13 -1565.092294262146 0 3599.998997894867 3600 0 0 2 18 -17 
30 0 3600 0 0 4000 0 0 2 17 -19 
31 0 -2101.787433816573 0 4799.971484377824 4800 0 0 2 21 -22 
32 3599.78992435832 -2101.787433816572 0 4315.378266508133 -1743.993262741665 0 0 2 22 -20 
33 9.094947017729282e-13 -1743.993262741665 0 3999.99332793486 3999.999999999999 0 0 2 20 -19 
34 0 4000 0 0 4800 0 0 2 19 -21 
35 0 -4427.358693400756 0 9999.706619488945 10000 0 0 2 23 -24 
36 4315.378266508133 -4427.358693400755 0 8966.520785676501 -2101.787433816572 0 0 2 24 -22 
37 -4.547473508864641e-13 -2101.787433816573 0 4799.971484377825 4800 0 0 2 22 -21 
38 0 4800 0 0 10000 0 0 2 21 -23 
2 0 -172.769948634498 0 487.7544968055191 488.8888888888888 0 1 7 6 -2 -1 -6 -5 -4 -3 
3 0 -501.4154658873351 0 1221.970940956613 1222.222222222222 0 0 4 -10 -9 -7 -8 
4 0 -894.1609546939144 0 2099.94897105561 2100 0 0 4 -14 -13 -12 -11 
5 0 -1147.63857864913 0 2666.654383170227 2666.666666666667 0 0 4 -18 -17 -16 -15 
6 0 -1346.430130811785 0 3111.109702544029 3111.111111111111 0 0 4 -22 -21 -20 -19 
7 0 -1565.092294262146 0 3599.998997894867 3600 0 0 4 -26 -25 -24 -23 
8 0 -1743.993262741665 0 3999.993327934862 4000 0 0 4 -30 -29 -28 -27 
9 0 -2101.787433816573 0 4799.971484377824 4800 0 0 4 -34 -33 -32 -31 
10 0 -4427.358693400756 0 9999.706619488945 10000 0 0 4 -38 -37 -36 -35 
$EndEntities
$Nodes
13 1651 1 2963
0 1 0 1
1
0 488.8888888888888 0
0 3 0 1
3
457.3432961439855 -172.769948634498 0
0 4 0 1
4
122.3606797749979 -5.278640450004204 0
0 6 0 1
6
50 -50 0
0 7 0 1
7
50 -150 0
0 8 0 1
8
0 -150 0
1 1 0 42
25
26
27
28
29
30
31
32
33
34
35
36
37
38
39
40
41
42
43
44
45
46
47
48
49
50
51
52
53
54
55
56
57
58
59
60
61
62
63
64
65
66
10.60558233012187 488.7738406486697 0
21.23056049830184 488.4276906359221 0
31.89443008087478 487.8474054546446 0
42.61688705005369 487.0278704727021 0
53.41792773383722 485.9617996053133 0
64.31794644564064 484.6396057319582 0
75.33783603568413 483.0492274504458 0
86.49908273465535 481.1759079225345 0
97.82385294020857 479.0019201161354 0
109.3350878055818 476.5062268780523 0
121.0565674727272 473.6640720497314 0
133.0129917072329 470.4464791196802 0
145.2299842840598 466.8196625506084 0
157.7341350400834 462.7443012314349 0
170.552951268366 458.1746790173618 0
183.7146864181813 453.0576780866664 0
197.2482363497816 447.331508990718 0
211.1827627503367 440.924241107412 0
225.5366832301921 433.7574785482507 0
240.2983423611165 425.7570343958063 0
255.4844877325767 416.8213312764056 0
271.1109677824732 406.8306635776892 0
287.1639661569293 395.6629907130993 0
303.5946157083355 383.2005414817681 0
320.3839411733416 369.2783176917499 0
337.4445368170338 353.7563147865345 0
354.6852733161799 336.4679814954745 0
371.9655831040519 317.2600678703118 0
389.1162049486385 295.9745339136145 0
405.9041622660809 272.4961591180383 0
422.0678453220723 246.7206509885125 0
437.2902299345556 218.6083266547634 0
451.2161314776811 188.1923175194147 0
463.4689995675995 155.5918767764585 0
473.6714383773196 121.0277412190002 0
481.4733692790638 84.82770982455207 0
486.5836864625967 47.42005638420996 0
488.800163578351 9.313740644310743 0
488.03200614167 -28.93279558475474 0
484.3105460929154 -66.75058518241072 0
477.7860767307139 -103.5992787681678 0
468.709107718841 -139.0112154483231 0
1 2 0 23
67
68
69
70
71
72
73
74
75
76
77
78
79
80
81
82
83
84
85
86
87
88
89
427.7582995019218 -157.9774503134662 0
400.7798592608513 -144.4882301929309 0
376.0069302128817 -132.1017656689461 0
353.1137790861242 -120.6551901055674 0
331.8328333041829 -110.0147172145967 0
311.9419815849925 -100.0692913550015 0
293.2837205396094 -90.74016083230998 0
275.7312353402473 -81.9639182326289 0
259.1443856534805 -73.67049338924551 0
243.4030961574217 -65.79984864121612 0
228.4303045259851 -58.31345282549783 0
214.1575760453264 -51.17708858516849 0
200.5022181299962 -44.34940962750335 0
187.3915743002891 -37.7940877126498 0
175.3948314126948 -31.79571626885266 0
165.7844002202841 -26.99050067264733 0
157.8699553461574 -23.03327823558399 0
151.1400393975882 -19.66832026129936 0
145.2597347329652 -16.72816792898786 0
139.9985553520569 -14.09757823853371 0
135.190553968003 -11.69357754650679 0
130.7109047441337 -9.453752934572123 0
126.4613571526855 -7.328979138848013 0
1 3 0 22
90
91
92
93
94
95
96
97
98
99
100
101
102
103
104
105
106
107
108
109
110
111
118.3089821377338 -3.472791045667208 0
114.1283713372002 -2.03762804699732 0
109.8385856728671 -0.9775333958229382 0
105.4716355933631 -0.3002896997030575 0
101.0608051389272 -0.01125434202988629 0
96.64119448451061 -0.1129433068143584 0
92.24799521490003 -0.6045910856910979 0
87.9161714527884 -1.482157017839363 0
83.67990094223111 -2.738447266889217 0
79.57027885511229 -4.364197235699592 0
75.61942273993206 -6.346965140257907 0
71.85886404656625 -8.67111824340806 0
68.31854598311966 -11.31815062104324 0
65.02655216741331 -14.26685087063641 0
62.00837427284714 -17.49405631876014 0
59.28620498894232 -20.97609785370727 0
56.88176343153932 -24.68562315153186 0
54.81430010754673 -28.59316638946459 0
53.10023786223274 -32.66759360559379 0
51.75302360712261 -36.87638506564857 0
50.78275062806691 -41.18737472367332 0
50.19677345627998 -45.56845107948683 0
1 4 0 12
112
113
114
115
116
117
118
119
120
121
122
123
50 -54.53210824202478 0
50 -59.22597010497097 0
50 -64.1690976217189 0
50 -69.46698413164977 0
50 -75.2530826033466 0
50 -81.70386706047243 0
50 -89.06293620480733 0
50 -97.68161848247561 0
50 -107.8651121386952 0
50 -118.3665237101958 0
50 -128.8726876521872 0
50 -139.4087144809785 0
1 5 0 4
124
125
126
127
39.86954768891003 -150 0
29.82659030823729 -150 0
19.84859391376942 -150 0
9.913594224530009 -150 0
1 6 0 61
128
129
130
131
132
133
134
135
136
137
138
139
140
141
142
143
144
145
146
147
148
149
150
151
152
153
154
155
156
157
158
159
160
161
162
163
164
165
166
167
168
169
170
171
172
173
174
175
176
177
178
179
180
181
182
183
184
185
186
187
188
0 -139.5238661182606 0
0 -129.1035573022163 0
0 -118.7138187623142 0
0 -108.3296888887416 0
0 -97.92725612519445 0
0 -87.53257413115259 0
0 -77.14936364710911 0
0 -66.87684518379767 0
0 -57.27068314222701 0
0 -48.09324559035987 0
0 -39.02924413821177 0
0 -29.79521855580505 0
0 -20.21135849355787 0
0 -10.08565512080469 0
0 0.3105185933634402 0
0 10.71169504385125 0
0 21.09545747676646 0
0 31.48633259887779 0
0 41.89125686999219 0
0 52.27696393381171 0
0 62.66392366048402 0
0 73.06950795126133 0
0 83.45853974136537 0
0 93.84296492532209 0
0 104.2461221160574 0
0 114.6398604556851 0
0 125.0231305168884 0
0 135.4208311408797 0
0 145.8206014832694 0
0 156.2040952390246 0
0 166.596154458794 0
0 177.0004378002967 0
0 187.3855343225734 0
0 197.7733355657068 0
0 208.1790439512047 0
0 218.5671232087875 0
0 228.9520477092998 0
0 239.3560940161767 0
0 249.7485373663803 0
0 260.1319651033029 0
0 270.5312611778262 0
0 280.9294522413144 0
0 291.3127621370092 0
0 301.7060900744589 0
0 312.1095430442928 0
0 322.4941139363179 0
0 332.8828414810926 0
0 343.2884845426358 0
0 353.6756959242197 0
0 364.0612047466911 0
0 374.4659506255072 0
0 384.8571836517742 0
0 395.2408537472886 0
0 405.6416146934815 0
0 416.0382525356647 0
0 426.4214630197545 0
0 436.8161450138431 0
0 447.2185777774375 0
0 457.6027076510626 0
0 467.9924461910184 0
0 478.4127550071081 0
2 2 0 1481
1483
1484
1485
1486
1487
1488
1489
1490
1491
1492
1493
1494
1495
1496
1497
1498
1499
1500
1501
1502
1503
1504
1505
1506
1507
1508
1509
1510
1511
1512
1513
1514
1515
1516
1517
1518
1519
1520
1521
1522
1523
1524
1525
1526
1527
1528
1529
1530
1531
1532
1533
1534
1535
1536
1537
1538
1539
1540
1541
1542
1543
1544
1545
1546
1547
1548
1549
1550
1551
1552
1553
1554
1555
1556
1557
1558
1559
1560
1561
1562
1563
1564
1565
1566
1567
1568
1569
1570
1571
1572
1573
1574
1575
1576
1577
1578
1579
1580
1581
1582
1583
1584
1585
1586
1587
1588
1589
1590
1591
1592
1593
1594
1595
1596
1597
1598
1599
1600
1601
1602
1603
1604
1605
1606
1607
1608
1609
1610
1611
1612
1613
1614
1615
1616
1617
1618
1619
1620
1621
1622
1623
1624
1625
1626
1627
1628
1629
1630
1631
1632
1633
1634
1635
1636
1637
1638
1639
1640
1641
1642
1643
1644
1645
1646
1647
1648
1649
1650
1651
1652
1653
1654
1655
1656
1657
1658
1659
1660
1661
1662
1663
1664
1665
1666
1667
1668
1669
1670
1671
1672
1673
1674
1675
1676
1677
1678
1679
1680
1681
1682
1683
1684
1685
1686
1687
1688
1689
1690
1691
1692
1693
1694
1695
1696
1697
1698
1699
1700
1701
1702
1703
1704
1705
1706
1707
1708
1709
1710
1711
1712
1713
1714
1715
1716
1717
1718
1719
1720
1721
1722
1723
1724
1725
1726
1727
1728
1729
1730
1731
1732
1733
1734
1735
1736
1737
1738
1739
1740
1741
1742
1743
1744
1745
1746
1747
1748
1749
1750
1751
1752
1753
1754
1755
1756
1757
1758
1759
1760
1761
1762
1763
1764
1765
1766
1767
1768
1769
1770
1771
1772
1773
1774
1775
1776
1777
1778
1779
1780
1781
1782
1783
1784
1785
1786
1787
1788
1789
1790
1791
1792
1793
1794
1795
1796
1797
1798
1799
1800
1801
1802
1803
1804
1805
1806
1807
1808
1809
1810
1811
1812
1813
1814
1815
1816
1817
1818
1819
1820
1821
1822
1823
1824
1825
1826
1827
1828
1829
1830
1831
1832
1833
1834
1835
1836
1837
1838
1839
1840
1841
1842
1843
1844
1845
1846
1847
1848
1849
1850
1851
1852
1853
1854
1855
1856
1857
1858
1859
1860
1861
1862
1863
1864
1865
1866
1867
1868
1869
1870
1871
1872
1873
1874
1875
1876
1877
1878
1879
1880
1881
1882
1883
1884
1885
1886
1887
1888
1889
1890
1891
1892
1893
1894
1895
1896
1897
1898
1899
1900
1901
1902
1903
1904
1905
1906
1907
1908
1909
1910
1911
1912
1913
1914
1915
1916
1917
1918
1919
1920
1921
1922
1923
1924
1925
1926
1927
1928
1929
1930
1931
1932
1933
1934
1935
1936
1937
1938
1939
1940
1941
1942
1943
1944
1945
1946
1947
1948
1949
1950
1951
1952
1953
1954
1955
1956
1957
1958
1959
1960
1961
1962
1963
1964
1965
1966
1967
1968
1969
1970
1971
1972
1973
1974
1975
1976
1977
1978
1979
1980
1981
1982
1983
1984
1985
1986
1987
1988
1989
1990
1991
1992
1993
1994
1995
1996
1997
1998
1999
2000
2001
2002
2003
2004
2005
2006
2007
2008
2009
2010
2011
2012
2013
2014
2015
2016
2017
2018
2019
2020
2021
2022
2023
2024
2025
2026
2027
2028
2029
2030
2031
2032
2033
2034
2035
2036
2037
2038
2039
2040
2041
2042
2043
2044
2045
2046
2047
2048
2049
2050
2051
2052
2053
2054
2055
2056
2057
2058
2059
2060
2061
2062
2063
2064
2065
2066
2067
2068
2069
2070
2071
2072
2073
2074
2075
2076
2077
2078
2079
2080
2081
2082
2083
2084
2085
2086
2087
2088
2089
2090
2091
2092
2093
2094
2095
2096
2097
2098
2099
2100
2101
2102
2103
2104
2105
2106
2107
2108
2109
2110
2111
2112
2113
2114
2115
2116
2117
2118
2119
2120
2121
2122
2123
2124
2125
2126
2127
2128
2129
2130
2131
2132
2133
2134
2135
2136
2137
2138
2139
2140
2141
2142
2143
2144
2145
2146
2147
2148
2149
2150
2151
2152
2153
2154
2155
2156
2157
2158
2159
2160
2161
2162
2163
2164
2165
2166
2167
2168
2169
2170
2171
2172
2173
2174
2175
2176
2177
2178
2179
2180
2181
2182
2183
2184
2185
2186
2187
2188
2189
2190
2191
2192
2193
2194
2195
2196
2197
2198
2199
2200
2201
2202
2203
2204
2205
2206
2207
2208
2209
2210
2211
2212
2213
2214
2215
2216
2217
2218
2219
2220
2221
2222
2223
2224
2225
2226
2227
2228
2229
2230
2231
2232
2233
2234
2235
2236
2237
2238
2239
2240
2241
2242
2243
2244
2245
2246
2247
2248
2249
2250
2251
2252
2253
2254
2255
2256
2257
2258
2259
2260
2261
2262
2263
2264
2265
2266
2267
2268
2269
2270
2271
2272
2273
2274
2275
2276
2277
2278
2279
2280
2281
2282
2283
2284
2285
2286
2287
2288
2289
2290
2291
2292
2293
2294
2295
2296
2297
2298
2299
2300
2301
2302
2303
2304
2305
2306
2307
2308
2309
2310
2311
2312
2313
2314
2315
2316
2317
2318
2319
2320
2321
2322
2323
2324
2325
2326
2327
2328
2329
2330
2331
2332
2333
2334
2335
2336
2337
2338
2339
2340
2341
2342
2343
2344
2345
2346
2347
2348
2349
2350
2351
2352
2353
2354
2355
2356
2357
2358
2359
2360
2361
2362
2363
2364
2365
2366
2367
2368
2369
2370
2371
2372
2373
2374
2375
2376
2377
2378
2379
2380
2381
2382
2383
2384
2385
2386
2387
2388
2389
2390
2391
2392
2393
2394
2395
2396
2397
2398
2399
2400
2401
2402
2403
2404
2405
2406
2407
2408
2409
2410
2411
2412
2413
2414
2415
2416
2417
2418
2419
2420
2421
2422
2423
2424
2425
2426
2427
2428
2429
2430
2431
2432
2433
2434
2435
2436
2437
2438
2439
2440
2441
2442
2443
2444
2445
2446
2447
2448
2449
2450
2451
2452
2453
2454
2455
2456
2457
2458
2459
2460
2461
2462
2463
2464
2465
2466
2467
2468
2469
2470
2471
2472
2473
2474
2475
2476
2477
2478
2479
2480
2481
2482
2483
2484
2485
2486
2487
2488
2489
2490
2491
2492
2493
2494
2495
2496
2497
2498
2499
2500
2501
2502
2503
2504
2505
2506
2507
2508
2509
2510
2511
2512
2513
2514
2515
2516
2517
2518
2519
2520
2521
2522
2523
2524
2525
2526
2527
2528
2529
2530
2531
2532
2533
2534
2535
2536
2537
2538
2539
2540
2541
2542
2543
2544
2545
2546
2547
2548
2549
2550
2551
2552
2553
2554
2555
2556
2557
2558
2559
2560
2561
2562
2563
2564
2565
2566
2567
2568
2569
2570
2571
2572
2573
2574
2575
2576
2577
2578
2579
2580
2581
2582
2583
2584
2585
2586
2587
2588
2589
2590
2591
2592
2593
2594
2595
2596
2597
2598
2599
2600
2601
2602
2603
2604
2605
2606
2607
2608
2609
2610
2611
2612
2613
2614
2615
2616
2617
2618
2619
2620
2621
2622
2623
2624
2625
2626
2627
2628
2629
2630
2631
2632
2633
2634
2635
2636
2637
2638
2639
2640
2641
2642
2643
2644
2645
2646
2647
2648
2649
2650
2651
2652
2653
2654
2655
2656
2657
2658
2659
2660
2661
2662
2663
2664
2665
2666
2667
2668
2669
2670
2671
2672
2673
2674
2675
2676
2677
2678
2679
2680
2681
2682
2683
2684
2685
2686
2687
2688
2689
2690
2691
2692
2693
2694
2695
2696
2697
2698
2699
2700
2701
2702
2703
2704
2705
2706
2707
2708
2709
2710
2711
2712
2713
2714
2715
2716
2717
2718
2719
2720
2721
2722
2723
2724
2725
2726
2727
2728
2729
2730
2731
2732
2733
2734
2735
2736
2737
2738
2739
2740
2741
2742
2743
2744
2745
2746
2747
2748
2749
2750
2751
2752
2753
2754
2755
2756
2757
2758
2759
2760
2761
2762
2763
2764
2765
2766
2767
2768
2769
2770
2771
2772
2773
2774
2775
2776
2777
2778
2779
2780
2781
2782
2783
2784
2785
2786
2787
2788
2789
2790
2791
2792
2793
2794
2795
2796
2797
2798
2799
2800
2801
2802
2803
2804
2805
2806
2807
2808
2809
2810
2811
2812
2813
2814
2815
2816
2817
2818
2819
2820
2821
2822
2823
2824
2825
2826
2827
2828
2829
2830
2831
2832
2833
2834
2835
2836
2837
2838
2839
2840
2841
2842
2843
2844
2845
2846
2847
2848
2849
2850
2851
2852
2853
2854
2855
2856
2857
2858
2859
2860
2861
2862
2863
2864
2865
2866
2867
2868
2869
2870
2871
2872
2873
2874
2875
2876
2877
2878
2879
2880
2881
2882
2883
2884
2885
2886
2887
2888
2889
2890
2891
2892
2893
2894
2895
2896
2897
2898
2899
2900
2901
2902
2903
2904
2905
2906
2907
2908
2909
2910
2911
2912
2913
2914
2915
2916
2917
2918
2919
2920
2921
2922
2923
2924
2925
2926
2927
2928
2929
2930
2931
2932
2933
2934
2935
2936
2937
2938
2939
2940
2941
2942
2943
2944
2945
2946
2947
2948
2949
2950
2951
2952
2953
2954
2955
2956
2957
2958
2959
2960
2961
2962
2963
121.8629822345518 -1.132004863296325 0
155.8366582398721 -15.58234879038285 0
9.130850662797192 181.4084919378758 0
103.3447412542873 3.497004385359263 0
8.414052838664649 130.2192272331176 0
8.738431552561249 234.4154121126059 0
8.320174665470061 285.7139251441816 0
199.6115539311224 -30.47841376931202 0
89.0633579987356 2.596314804954863 0
76.0348371348564 -1.67254735792236 0
8.501101856454564 337.9719613689411 0
268.507628909326 388.3531138236784 0
195.5182728287699 432.2330536719215 0
8.437997930809793 88.98053634471103 0
363.9065392187334 292.9999004535021 0
8.744250160402435 379.0934628821817 0
135.340783547967 458.4186515784031 0
419.2778575513532 191.5645375323319 0
259.7191039679357 -55.67543469854193 0
90.45898778286858 470.4973451508325 0
7.609004783717145 47.00144437149967 0
64.20124579508241 -10.34662128637427 0
309.5105384650852 -81.30447723975607 0
134.6115417386287 -7.071294955283649 0
9.192208801983641 409.4872325230105 0
55.30502956331883 -20.59791099270763 0
316.0058688345506 349.1040887007927 0
56.71361729427518 475.1501613239781 0
48.7818434133403 -33.60531013976325 0
7.184862569570043 17.17697869291494 0
46.31240921811414 -47.55288798937556 0
455.9205036148726 60.16385308325994 0
46.02265021280979 -61.6521799110053 0
9.515751026519361 440.9649679778111 0
113.1577642159604 1.982535329978557 0
7.612521738425788 -15.53434961182988 0
44.70127426025172 -78.47847483190948 0
8.203776560040074 -32.84633325312328 0
6.771292830505407 -53.6426454255685 0
174.9807803839304 -19.88076621105874 0
43.53142910784238 -92.69930728002666 0
373.3749805258907 -107.2694094761927 0
227.3540654644739 -43.27900703926822 0
145.243036652764 -10.56344683244275 0
8.053147783532497 67.85960897288314 0
8.33853197131265 150.3226666015037 0
8.690609225269089 109.7712130053777 0
9.992643470720086 202.7234399369791 0
9.986788946723584 264.0509939588841 0
8.189331568142462 306.6827952166333 0
8.719089810440455 358.8212589294028 0
7.403789345492545 -72.00294109838586 0
159.5027691377563 448.9475932076152 0
112.3762050732061 465.9696329236597 0
224.6245077813108 416.9484011145197 0
37.73370679580933 477.2404212221786 0
25.00124626445935 -142.1485810701516 0
41.53614272104788 -112.9924372099259 0
389.9005673740317 244.6084794829073 0
442.2065223341997 133.0865731126832 0
454.8896555158701 -45.53708749659101 0
9.298588448079824 -92.67878819158516 0
9.781616416658906 461.9797207662828 0
8.11903321115356 -113.6748335526585 0
446.283514002269 -115.426608282413 0
39.9931226632382 -134.4809009979685 0
9.465987788694868 -133.7822088555448 0
15.88033957993643 480.67837688846 0
449.8638134607075 -81.18201658126272 0
422.8608836524933 -59.47770472998769 0
427.2377273677909 -26.30210298648327 0
397.3878321595126 -38.4479645195816 0
401.4520086697109 -8.84346924616113 0
373.981891996677 -19.03973071591767 0
378.0539963616983 7.482848046435215 0
353.7886827506885 -0.9571373262123468 0
357.4778180762676 23.2670963693512 0
334.8874082268879 15.05529109803004 0
338.1710925724555 38.41713363428962 0
316.102391370331 29.54343514956575 0
318.833426980918 52.71741600402047 0
298.1137410388268 43.38213832545951 0
300.071404595193 64.46603478670366 0
281.6309428816721 56.24661730330468 0
283.3726361675132 75.05121947443718 0
266.4240963244936 68.07780888197045 0
268.4116274819108 85.88560716494931 0
252.6623409265901 79.33602533727354 0
253.8065859328392 96.3935730721484 0
239.4790632632094 90.2414248285021 0
241.2670078742362 106.6900089865778 0
227.077773650667 100.4623762817843 0
228.5092947675586 116.5722468796004 0
214.5367316479932 109.8790672234743 0
215.5871995873579 125.5954358438018 0
201.6290145602355 118.7561473079151 0
202.9542899613956 134.0851692189017 0
189.1127694858074 127.9375213188855 0
190.7486158023046 142.8472540047108 0
177.2885009551508 137.2311500127174 0
178.9789250291696 151.6531511027932 0
175.3059639061771 123.1595350792597 0
164.2877892433397 131.4699445866917 0
162.1839153079259 118.2651393767796 0
192.1814290400702 157.5694109598895 0
180.5260122261083 166.2724515777048 0
193.8035727106151 171.7847481327982 0
182.1140932652064 180.6104110089802 0
243.1537145962387 123.4495311406319 0
151.8201750797287 126.0097942895248 0
150.0817997634573 113.3841432971804 0
195.4020901161216 186.3345032050704 0
183.6383109873782 194.8597588594533 0
170.6737593867644 189.1757938735859 0
172.0524899855331 203.0973723429046 0
159.4964932637429 197.474974492519 0
160.9786337310657 210.9874201722919 0
173.2692211775759 216.9424547319697 0
162.1571459296316 224.6342348203803 0
174.3593445797225 230.8396364052846 0
163.0008828679217 238.4527194962345 0
151.642122291654 231.9677312258583 0
151.9833899395997 245.6796619608984 0
164.0477185135124 252.099006978422 0
152.8424925177141 259.3008924750397 0
140.1481712043341 120.7898299799176 0
138.710973472292 108.4241151542277 0
148.1162392704524 101.1266644294063 0
136.8668365983416 96.73942267943043 0
145.6394910490584 89.37471024269462 0
127.9665992790624 103.7224007419406 0
126.20058270987 92.61569611856358 0
141.8518880460721 252.6855491519512 0
142.0546867306398 266.4466810953307 0
153.5038393407571 272.6554278716264 0
142.6703379327082 279.6648842799258 0
154.070768344177 285.637645828672 0
143.2120044856735 292.6664266421808 0
117.7237231513549 99.32932897769014 0
116.2407831076613 88.68770092211405 0
131.7916219379387 286.5527954025866 0
132.4928907343476 299.7955747209534 0
143.7963701444866 305.6577821372405 0
133.1453493330355 312.7605521446731 0
107.9112059198883 95.11153644403056 0
106.8608135450124 84.71706167845598 0
114.6903666933787 78.536363948378 0
105.7544127229505 74.6611128523556 0
121.052344022023 293.7948210957856 0
108.947186654635 105.8267682385259 0
144.3903846668476 318.5923754480146 0
133.7658066613689 325.7888455115831 0
97.97952071981361 80.69450408241688 0
97.16293728070288 70.8320628446882 0
113.2982306436669 68.89672045608363 0
89.41794328963402 76.63280349435053 0
88.57238926373498 67.12691556475782 0
145.0154046004923 331.8902502398076 0
134.2979072397248 339.0005934460177 0
155.9933418353226 324.4281543137166 0
123.2534078385196 332.703941647087 0
123.7014420307895 345.4359251409495 0
112.9002732983217 339.2699160504955 0
113.2887748365525 351.4074080950363 0
102.7190157818138 345.5985502725935 0
103.1725394216524 357.3709452987009 0
237.5679735940169 73.91833689736094 0
123.8421228548857 357.8909260940159 0
81.00346965477492 72.62990383145571 0
80.22871134012081 63.67700260791546 0
87.24823518592184 58.40326068132708 0
79.34390391380265 55.25641367605188 0
156.5976905342971 338.0408814166927 0
167.9138309272791 330.2276022947857 0
285.7739068377205 94.00685746456911 0
92.84294035999068 351.7968860479544 0
93.30503868899787 363.3276745709636 0
92.33829545605677 340.2450995406132 0
81.69844612265116 82.10563420074941 0
85.77733401785363 50.45577484195024 0
78.27108827528414 47.36196256453056 0
71.76946922193818 51.94272626325963 0
71.06374917058056 44.27117347144416 0
73.25942348271012 78.05141006127512 0
74.00310150732163 87.50281255357332 0
82.65678457341247 346.434090530207 0
82.07451614949859 335.1425951643322 0
64.56703279429465 48.49371549316415 0
63.89588400479108 40.98478501735391 0
168.6137001361949 344.1659382334936 0
180.298740688796 336.2096506474113 0
84.63737469559761 42.89132694638555 0
141.47163406202 133.3328836874798 0
65.47362106130765 83.35436302961226 0
66.40106429146769 92.89696789410139 0
72.59139541657777 341.2330373715396 0
71.98276801937814 330.1506050284754 0
207.3952029168492 177.1602944809323 0
209.1091244084461 192.4635491502797 0
221.7316351593045 182.7996166018022 0
223.8280867034279 199.2439939130388 0
236.9360356088774 189.2350819550697 0
238.8935724483229 206.7182085576312 0
252.7046553629102 196.4587665834322 0
254.3844248553266 214.3279179741782 0
269.2318915335954 203.9745016266411 0
240.1144124811609 224.4721851909066 0
256.0577964794813 232.0807858692862 0
241.352037660732 242.3289878568183 0
257.6984888423045 249.7498023293522 0
243.2510466889653 259.9964688971316 0
57.50062332501509 45.05417344526916 0
57.04366164985767 37.17898022955816 0
91.72164778541605 45.61809267200397 0
90.78495623613254 38.42846074682163 0
97.41168511620846 40.91047821857506 0
63.64528794962909 32.6219566332499 0
56.65090084749004 29.35374470343584 0
181.007780758779 350.3986864307547 0
193.1134998885983 342.5313783359424 0
192.2513101138324 327.9345451830271 0
205.5765167992222 334.5961295789102 0
278.7078885705752 36.78746054770792 0
49.94398897552666 33.77461169898111 0
49.513444406469 26.01819751010305 0
169.1832267607368 358.1290983180089 0
96.6636567955364 34.0654298160474 0
102.9451700280654 36.56056234459464 0
89.79951705429103 30.91218370432357 0
259.4476820535214 267.4933213285678 0
57.65273283968779 88.63163470311385 0
58.58682246958321 98.43380251794076 0
67.51288986961455 102.5851274810524 0
59.56030367581397 108.2146906592353 0
69.05301766515151 112.5087222440609 0
60.61587993228343 118.3775683183906 0
70.91779596664631 122.6429748483177 0
61.66525535343899 128.8441425592276 0
72.29685504821784 133.4263761545084 0
62.21522309484039 139.7358924956342 0
72.85604434531743 144.6229669953389 0
62.82536103351913 151.1730040281079 0
72.90708459723723 155.9809474219091 0
63.84456186337164 162.219800435418 0
73.33941462291 166.8096743858783 0
64.89021960655937 172.9952925498519 0
74.48898542168695 177.3092395440819 0
66.12539722888778 183.7181204219907 0
75.93033960533234 187.9609570975007 0
67.48521179933472 194.759705717638 0
78.16679191544648 199.4644392183157 0
68.70277359066715 205.8642320791345 0
78.49287011712701 210.8375111965508 0
69.68051889143017 216.9823748674779 0
85.26027368000847 181.198496817237 0
79.83304997895607 221.5391241462137 0
70.82946980828179 228.0313763458039 0
81.02667794560068 232.5808413580385 0
71.99447144029959 239.1137417766374 0
88.72051159281085 214.8810719216868 0
82.25824365189257 243.7107527616737 0
73.15461003721519 250.1126983601251 0
63.01242438205509 245.5396277095646 0
64.12129636217321 256.3047904898328 0
74.23231744954819 260.9589076976922 0
65.20850495755064 266.8294428330034 0
82.19654258394645 149.8144904596743 0
55.8383370791543 21.91555160048107 0
49.21581557824639 18.69276291821024 0
62.64237978842117 336.1154821566502 0
63.18654760202158 347.2137396819135 0
62.06602169368672 325.1659783297954 0
71.30097671094455 319.4072019407445 0
74.89975364093964 271.3278589189223 0
61.45232509631633 314.4792694252961 0
273.9839755334385 256.9846170953217 0
59.57328646423571 212.2642597624945 0
171.9052534179872 109.8994528402353 0
341.0976220764759 62.57618425935951 0
181.5692949615886 364.5102847488047 0
169.6569915991678 372.1332887249086 0
42.77794763167928 30.16433321926419 0
267.2512082220246 185.4794662843601 0
284.6332577278729 193.0835550631445 0
119.8787580164494 279.5574858177083 0
102.2599450054247 30.13032145028566 0
108.2110185601216 32.4095401191778 0
213.5337725084286 94.48467253412389 0
55.06237183203258 168.7448654678462 0
55.00814625722479 15.14524735711498 0
49.13157262079367 12.00954653339897 0
60.93301247732843 17.56187693103504 0
57.36901924738596 190.3449406501333 0
204.6158329295054 319.4665228439478 0
218.5372626782118 326.5239660265402 0
148.8956904623899 205.2411781781866 0
147.1620840516853 192.3016964148035 0
54.12833110929456 251.811364132321 0
107.2837899345212 26.33299069223925 0
113.1523487658941 28.46396012752072 0
114.3145364019909 34.68480265277096 0
119.314630225908 30.64951158253131 0
120.5970787231435 36.94953974177236 0
125.837115886187 32.92551796988295 0
126.8711468404194 39.91152289865631 0
132.7422640067148 35.33412392489427 0
131.5842782945883 27.66316303698373 0
138.6641702404946 30.70679453064402 0
139.9889547975151 38.23588785318564 0
145.6099178624544 32.81738284286675 0
147.9930182677134 40.86551583291931 0
154.4944556787942 33.2757631806973 0
156.9298326573081 43.86015196363115 0
164.3392108198816 37.11448956778963 0
143.7033213213056 25.51548282880567 0
166.473345825604 47.6317903167598 0
174.3333990109105 40.57812530947116 0
171.6562162715587 30.06889121689793 0
182.3011331762013 32.56657354184077 0
185.0776449135218 44.33677185136435 0
193.8435501381471 36.14313891143149 0
190.7236057868496 23.98923375766337 0
203.1361197884555 27.55669151219491 0
118.0043238161853 24.17672954085727 0
43.08428252552642 15.17423219870502 0
43.60724811931889 8.681448776720977 0
52.29256995473001 320.1758393034086 0
51.66251179130239 309.3417446247881 0
103.4833734533468 368.9962869332683 0
93.68912648385516 374.9131665013938 0
103.8613955735061 380.5797549805272 0
94.09804152046254 386.594550919363 0
104.3480371655951 392.1484835442615 0
94.50899778347613 398.200917817393 0
84.35684108543484 392.7089677118126 0
84.77469331025719 404.1957326381269 0
74.8312696132524 398.777617137024 0
75.16411411323426 410.1521751347676 0
104.7837614677157 403.7038112694175 0
65.36890448206094 404.8378049481125 0
65.67024826137791 416.0607069820487 0
114.7427645902224 397.4593044615456 0
65.0218050959088 393.4234488203005 0
75.44159090356231 421.3768763750537 0
65.9176158809226 427.1736878889696 0
56.28275817944201 421.9168122180755 0
55.65221506585608 399.6288673827874 0
55.3101067787571 388.3116559173775 0
115.2213546654165 409.2306449652092 0
125.425842132656 402.6974986002808 0
56.87148330204565 79.00972953020434 0
101.809695709631 24.0304330147339 0
56.51425134658724 432.9412416639538 0
49.72295643437226 93.85376248826553 0
165.3853831027941 278.6324037966207 0
91.3944368290577 237.0572451698594 0
206.167948480291 349.2749107715313 0
51.34142954879673 113.6434892929566 0
52.06881608798933 134.6677023935626 0
282.314307814984 173.6089457445573 0
300.7633620107071 181.1183925383932 0
302.7597983674603 201.556888263904 0
43.20738671577524 38.27029483354777 0
53.38265316176675 342.0748795546487 0
276.0195780330698 274.7620199984646 0
137.0955127241541 199.9380800210886 0
135.1353038130067 187.4619301651093 0
60.16417842578383 11.68211914634272 0
65.4465110868139 13.77850157114227 0
49.31229587448087 5.117281974705663 0
43.2052811833494 2.573359104345105 0
38.31018831000806 5.710673786635632 0
38.19662068969752 -0.4564949955110392 0
320.0236844953538 189.8090909347431 0
317.51954217497 167.8799649706122 0
91.67377372614786 328.7815318983538 0
182.062705313983 378.6701995013505 0
169.9954756508623 386.1377265762231 0
313.3771984612704 8.155661959547384 0
45.95831350712422 394.6553592313028 0
45.47487290096372 383.4898457666561 0
46.9795673034673 427.7306958662668 0
47.21334696565872 438.691161810515 0
42.87842084059009 -3.508775107104336 0
38.25344199443519 -6.480620841688974 0
33.06012095649876 -3.5742453075839 0
33.41759618885715 -9.614193334406806 0
149.7696826889401 50.37485423996649 0
227.5864220057069 253.2624714918978 0
291.5367353940824 264.7596767028878 0
92.67063575672449 248.431994058389 0
38.45634348640199 -12.2316400224397 0
33.93514222213847 -15.36147819282054 0
115.6496464815896 40.92670746641113 0
125.8909341008392 415.0078848448213 0
115.5254063913221 420.9740853159468 0
75.62191622443558 432.4790736909703 0
81.78195960152068 126.4050271535746 0
38.76877991072053 -17.7608140626005 0
34.428547811113 -20.90052783819911 0
122.0231895338714 72.3795557637976 0
199.737243634687 15.11148909695044 0
212.7330916383731 18.44707300316297 0
101.9265873046098 241.6341343381466 0
106.4549926749753 20.51363175970486 0
109.6431715804011 288.1725295793532 0
125.4754842888285 194.9266383721543 0
123.8743601029337 182.756782344007 0
196.5877603113145 48.30805616348123 0
187.0771887099824 56.58406381666381 0
127.5389015316363 207.3804826908628 0
217.5951696391375 310.8844937778201 0
231.8104035900048 318.1565690921922 0
232.6535069673836 334.1916824922519 0
246.7153472211277 325.6454415783371 0
35.91218451776939 34.63926657469498 0
36.4556974299748 43.00973628199276 0
321.9027489077009 211.7261118638012 0
136.4802356097397 408.312202558357 0
167.325317723973 160.4104585284022 0
133.5494862100879 175.3319112357182 0
122.5360091880512 170.9005326821995 0
157.8681393601915 379.6818297858543 0
70.69366027798513 309.209864525704 0
101.4694763044155 18.39499091859204 0
52.98375751770666 241.1297895275731 0
44.17120035695331 247.4954779589435 0
45.32264976403989 257.9086230789906 0
43.09901868300658 236.8267415471251 0
187.4227097779642 11.9533111710003 0
215.9487671160046 31.37335161328131 0
226.446014368327 22.40161430535472 0
222.4869669787722 8.674388689683596 0
237.2441398150434 12.58613615723459 0
83.5627223829098 369.2970001829439 0
42.76626273114295 315.296359578208 0
42.0949292664253 304.6390103394505 0
337.7521441759058 176.8508504509497 0
334.9882758195037 153.5637827422422 0
130.4479446309272 127.6836193796805 0
293.509841400436 283.4844787661099 0
203.3430560899227 303.7531697168903 0
56.75455406738118 444.0041071103043 0
57.75871806632174 52.70161923718899 0
234.2618359641594 171.5111636485058 0
98.28632107868373 47.73748642479492 0
29.61591339289482 -18.57034560974057 0
30.00493349262327 -23.94983015252337 0
34.88048231411376 -26.24943546707584 0
30.48653854447204 -29.43130148350574 0
35.34802958357307 -31.62810645317953 0
31.02374524731616 -34.86097043995748 0
50.89663390906131 298.9734031444147 0
41.18586558521662 294.3793100066822 0
186.0376674160908 222.9707710235725 0
187.0560512223431 237.0905099815013 0
64.89922517347686 8.419296688775812 0
69.90992555551036 10.5577000611471 0
70.49286384040647 15.81480461672815 0
74.77248286460542 12.79421694710166 0
75.3019493711183 18.01640281509089 0
79.39260851459041 15.100501832802 0
76.754844360338 106.5437288722478 0
165.4383768636843 291.1526131437752 0
124.4303558799905 390.5159830104291 0
36.02013212446287 -37.39289395054411 0
31.46552846153441 -40.20177959301741 0
26.71770085419248 -37.9804405710481 0
27.40160948637986 -43.30594060005678 0
32.36343471330697 -45.34525865653947 0
28.23753331642392 -48.5544436676365 0
33.22124766728707 -50.46463325995915 0
28.99292304944333 -53.91231083381347 0
27.84330228086715 -6.926414652071529 0
27.44505688098439 -0.3243926588854329 0
53.78156770019024 353.2215596130134 0
44.15400104001564 347.9596435948496 0
182.5888143121228 392.9684903224621 0
194.9082180726201 385.5007367602979 0
170.55900136125 400.1775933078413 0
110.7821151773661 301.3903546731769 0
25.40004159852624 -27.03148981576716 0
99.95062134133239 295.3892902160823 0
47.33837698304864 449.7813631608058 0
37.71557790287302 433.5215111452216 0
37.47908126367574 422.5922396909484 0
136.8374114906615 421.2309879329312 0
36.26014979474299 390.2778057088344 0
35.28851508335129 380.1049234378204 0
379.8358671278612 32.70780288047273 0
102.9974818739788 253.2488654609599 0
247.4495198744908 342.803237884513 0
262.0414675056484 332.6819989800495 0
198.9440567516947 61.1954708162275 0
188.0388059244993 70.07868473576735 0
35.46527731327593 253.5658548205497 0
36.39028760788423 263.9035336168948 0
356.4503221758804 162.9733679254747 0
353.671804600944 138.6958429663256 0
43.05440249318282 -14.77757367934893 0
43.31491896481408 -20.08770730897866 0
120.5277215335805 63.25041386447625 0
128.7812059547409 66.58213464356088 0
229.0300334368574 35.9344236035387 0
313.8890590527744 145.1978577615891 0
232.8664797900051 -1.528491063439615 0
248.0033225585189 1.667256107623853 0
216.6312301921328 295.1260192180349 0
202.5234073898915 288.0051507825968 0
348.2088678478213 -24.46831677576264 0
79.29635669110689 9.785855449862616 0
85.30357063012471 426.7709119553611 0
85.39370324851282 437.8654496723507 0
22.29742079045231 -41.21110826707797 0
195.7173865230785 3.020911904103373 0
34.06583421825874 -55.94953032296871 0
29.87036564183493 -59.50688444256824 0
24.53130245828661 -57.32441937836933 0
25.41130754412149 -63.09717035160344 0
30.932619955581 -65.25907718716823 0
26.20721259809834 -69.08047433333228 0
198.7241039752393 228.8814391986444 0
79.92042112362495 20.09590453769911 0
84.3035949709685 17.00255543120777 0
96.77486661366011 21.50893820921407 0
96.79439678361322 16.04915521880726 0
75.88933667496265 23.36118255849315 0
309.9352226864057 272.7618490374564 0
310.9511459983329 293.5660493126279 0
359.4959081698639 186.8055285953761 0
105.8151076683153 15.29653093357696 0
114.2676899913732 190.0250815794661 0
99.15357061827156 283.3455431730276 0
54.56345934020218 376.3702205087708 0
59.90712970350607 6.181308933358057 0
64.41093456976647 3.192634416553056 0
59.80249680412042 1.045601394705282 0
244.9654190097968 309.1656878345229 0
131.1125121414227 140.1482721771349 0
120.4907670696792 134.2588087019769 0
112.8937034999768 246.5245894363367 0
111.2712514312002 234.5610637000021 0
21.99164532260706 -3.623433586988176 0
28.28287123009643 428.3980783210649 0
89.25359886700657 289.8464116193346 0
29.19534067847533 39.56827395683101 0
30.11612707237271 48.21100833586582 0
37.24754663906911 51.78743519379896 0
30.72023883245679 56.95745883337096 0
38.22450433286488 60.72010030337357 0
31.53235068131359 66.00960204486408 0
28.61785999307145 30.87080622395584 0
216.7016474649793 140.657806788651 0
32.82276953955967 300.2329051903545 0
31.98834079914238 290.4673710729895 0
243.437134452694 -12.27725501826155 0
260.0692378951832 -9.694897267780082 0
19.74590042647603 -61.10079260138551 0
110.5703217156637 17.21435478516602 0
195.495335481477 400.3000562847335 0
208.7885907913482 392.9369691748752 0
49.73924839575086 288.5768510863332 0
376.3513512777218 149.2915910173463 0
373.3520731983093 123.2262176618902 0
32.02994132923155 -71.46328015168746 0
26.95693142909671 -75.51520727345803 0
39.6929866337139 69.98603541911325 0
32.45814320068781 75.14926444714764 0
39.73247597865603 -28.37231589639294 0
142.3928785551852 146.2851085462256 0
349.9458749405055 113.229445695915 0
369.4538524584653 97.09346648638522 0
157.2700603219436 93.62771622400906 0
154.6433237115544 82.00180445359622 0
166.1256807745819 86.09942806856598 0
163.6006154729966 74.73296566662712 0
183.9144171027937 0.7780004091280405 0
176.5254348309249 8.393238021819277 0
173.17557228464 -1.347708298069615 0
166.7078845424022 5.411790349822005 0
288.7423058628449 247.0853139127249 0
36.77026171064291 400.8054746129721 0
27.29274311382837 396.6709451021839 0
28.43022294096362 439.36870840325 0
98.99385210834552 101.5132220284186 0
99.8222891827613 112.1056735660113 0
63.61003579262957 358.5375083750318 0
291.2058150018837 304.5109153751403 0
112.3070509669004 326.9449128095973 0
43.78809287134001 336.9820203000219 0
34.80021237700486 342.7689120389967 0
35.13316974628458 353.5767026000152 0
34.39415787409236 331.92384243315 0
147.8473827113008 414.4671999705286 0
112.3491168736237 60.2368522542489 0
109.7771099766511 12.36736720542322 0
114.2832535596703 14.01401691179423 0
122.020058126126 239.4040467184626 0
75.64428917115524 443.4214969290082 0
217.9347872125992 -4.880523408391086 0
60.0175018134521 293.496330427163 0
116.0024501938052 259.2933793463849 0
28.06173548012166 417.5021416207923 0
90.54346370314424 301.4473388835431 0
57.23411799614932 456.0388305390094 0
84.63209036202961 266.2033336785049 0
263.1226796049415 351.6877518918425 0
245.8240417548504 362.9372909648528 0
264.6563520630534 166.7343912038345 0
48.03689595975914 63.72231987685097 0
127.5601363685814 57.33100876545888 0
279.2305204077646 154.0635581379512 0
21.69721352366252 3.390277292761402 0
95.28399328263174 432.2459172396986 0
95.27397685259257 443.2861610135994 0
38.06994208990557 -52.53804861114813 0
113.3407178186619 374.7359848688929 0
152.6710255556433 71.02363391324114 0
130.7734471896837 75.53015783432767 0
46.83484959946053 460.4654905942512 0
37.85062949038095 455.1646675711805 0
21.76027584476445 35.83930678270013 0
429.1662899660421 5.12561481851376 0
199.8312110174013 243.6003175948344 0
188.0904342080472 251.2573004795738 0
201.0869929410305 257.6360380763966 0
189.0229212310919 265.4181596338618 0
26.04333565945075 348.2643018481591 0
26.24140438817915 358.5993684650575 0
22.38678695862484 -11.20619491759556 0
148.0988506688767 427.8599368946249 0
159.5186355169542 421.0132991954104 0
136.9022613009549 433.7413172907902 0
147.3032986451221 401.0340811830062 0
82.23320802528569 91.78473462857357 0
166.9969145181708 316.5183462051397 0
40.24363502013885 79.65583023184925 0
32.74757970484783 84.58803574563814 0
36.50369020563714 -67.27641766981007 0
215.7834119636013 279.4307546088739 0
230.1817001386402 286.0812968161503 0
110.1774029241964 116.6781650721896 0
101.4648825605692 122.2956544654583 0
120.687850380668 147.0513475072238 0
109.2335439103133 140.5763561015938 0
279.0084541773254 339.4722841665356 0
207.6886136532786 377.9966450340717 0
221.8232766427026 384.8306758620708 0
51.74378565960801 230.3960790682419 0
41.87528214957624 226.1409319881335 0
33.50174637879573 232.5560302535968 0
32.21522521729239 221.9556927346273 0
40.66738709256238 215.5358851257193 0
30.74004787980744 211.3825356417159 0
39.40683845103371 204.9502966399793 0
29.43959868714094 200.7138096789636 0
38.23114632243333 194.3041045967825 0
22.20128914418591 218.0005863116945 0
28.37785535409544 190.0614371948674 0
37.11287970083578 183.7155016742387 0
27.41948374132919 179.4915100707594 0
36.05838051760961 173.1254651420753 0
26.55365152970685 169.0270360880915 0
34.99370905358539 162.7774417474185 0
46.6239134134737 268.207609362559 0
105.3643874123637 437.8299499570201 0
32.95764016726331 -78.02754555768078 0
27.96825344213413 -82.34407602454368 0
21.36696075748063 -79.82969799417118 0
252.4162290026135 16.88539272209673 0
80.83894464239347 25.11059508198335 0
76.75827480459397 28.69939912056517 0
110.7803501974818 154.1406406111195 0
208.6112530645661 52.58337648812138 0
210.7999720138291 65.71243152056438 0
190.6480099091083 -8.008074953980982 0
393.5981901134343 107.0932361903482 0
389.2383038135774 80.89022179350236 0
25.7263529876358 158.7643460039288 0
33.78354344750478 152.9168964247555 0
24.97226744778441 148.5465436870177 0
33.38013083638104 143.3578425846328 0
63.98444878456012 -1.702842528834241 0
59.76154220377083 -3.876424142352591 0
55.59957449204553 -1.446932112840265 0
55.58363659747116 -6.429125200609779 0
24.98560515088889 79.4762798859508 0
24.95573213459907 89.46454364720518 0
33.10916106652373 94.3646980973039 0
25.29290415447456 99.49883025510432 0
33.82891288316181 104.1604334258853 0
25.80130642957366 109.5648710358848 0
34.40040977974051 114.1890053059033 0
26.43532307888101 119.4197442825476 0
34.81562521631883 124.0940782346423 0
26.8600820392921 259.4955225065145 0
25.7453715918399 249.2891823363573 0
26.27160940080581 270.03437212534 0
261.7403366353273 147.8755828557527 0
275.4118388135023 135.458897454444 0
220.1246305151624 370.3284833728726 0
21.43946842132517 -35.63252191333877 0
19.16355376035214 -54.58909969871607 0
43.33037747126173 156.281794793402 0
253.5012931247323 -25.86371641276961 0
272.4726926007558 -22.04496391215701 0
275.3727518318362 -4.609119079126395 0
290.4435413951592 -17.48999849332344 0
285.8638650035788 -35.86630010731491 0
305.5655874756181 -31.93267553358561 0
68.31920994589036 0.08113296730920518 0
22.81711549694408 -87.6969198540009 0
281.4059069443908 357.8641934168222 0
188.1006587373144 296.0794031171778 0
120.4106480446361 227.1367566305803 0
109.8224543145025 222.7133242329017 0
47.32136129126636 -17.21790345466059 0
47.2788429387644 -11.99596574145608 0
47.61630086273412 -22.30835941769496 0
135.5106747921223 61.54334646892949 0
51.29195440215769 -14.5585542837127 0
18.8128197960695 423.928606893754 0
27.40236688686828 6.742605391580981 0
21.34305310542036 26.87182951044618 0
28.24311632707506 22.20856921848031 0
95.14397978735076 421.0323650277498 0
30.5534496313453 -90.20179075578122 0
23.85291296820145 -96.19292194365306 0
31.59362232578737 -99.34091613397234 0
24.32056751906471 -104.6859591091214 0
163.7582866426542 -2.655979518057116 0
158.2196405155164 3.28560316661617 0
160.2269957735869 10.8591915088562 0
152.63883125074 8.201278073375391 0
150.7184385012147 1.530690170550583 0
145.9660405917617 6.002998638577773 0
144.3039522947891 0.1249420748770666 0
139.9716559809981 4.153647162042993 0
141.1527956520346 9.796608741227432 0
135.7590403128665 8.02258388442781 0
136.6829056825544 13.54469820854838 0
131.5755705038424 11.6422091415471 0
130.6353703835676 6.299744373420194 0
126.6453364368363 9.752493825490614 0
127.4172725773338 15.03196144161053 0
154.0145401962471 15.58389151049736 0
24.17743438373849 295.9923639478921 0
105.1191692640629 265.126826820001 0
92.3964225780514 18.77798255693429 0
92.52849420667044 13.72409910740431 0
96.79732702762193 11.08081753352594 0
38.96396019337801 -57.78897008087625 0
17.39507352542416 164.8503342854373 0
15.79064984185215 0.04078884591869931 0
122.6067242471512 12.80173136875276 0
121.7703229192839 7.922310381377608 0
50.8507060163649 49.49825166810086 0
24.23051950891426 137.2630038597044 0
198.0688341072055 215.1442158729079 0
211.121094653776 221.5268390987014 0
100.2040369802293 149.7886602865613 0
101.3165978495693 161.7721231187668 0
220.8534689763999 56.42957180025604 0
22.8495746369748 62.0396654811264 0
131.8974397363922 163.5411865863562 0
143.2619361644919 167.51271905223 0
392.8655521751813 -69.23029341640235 0
161.5179406374785 19.02616709980583 0
24.67730296531406 305.980527163849 0
312.7698969342791 314.9180241602194 0
134.4269416439803 52.12544329219207 0
141.9892553843809 15.45413200050797 0
42.46860995672064 -54.65833423829059 0
17.10707895364924 -39.0578395110406 0
17.836052276018 -44.75503028197397 0
12.23434605036062 -42.68707775225109 0
328.3147876480592 281.7240594040455 0
327.1530845742334 259.5404314744914 0
137.5070123825743 19.23862318862608 0
21.12146976895919 10.78063140215495 0
105.2420152940381 448.7814467517317 0
115.5251433518556 443.5886181264051 0
261.5324098582546 286.5697183167491 0
113.4002897599102 9.383198930904415 0
414.750439275365 89.88897349324499 0
160.5831188006329 64.36821757513931 0
109.1571938358257 7.989520380573545 0
123.1630110979206 17.70991476645663 0
299.2006205316607 -51.21055429749214 0
321.2406396374227 -50.63834265310943 0
80.07160275379931 295.7175558831697 0
131.6885902557969 232.4693152948882 0
97.11498819845161 139.1848442201714 0
80.37430782504782 314.0647742275549 0
24.13441158407176 287.5379079031683 0
35.26868298694806 364.0642345257308 0
51.26313100109776 -3.736567479783 0
92.79694798214284 8.900608539253113 0
71.0350515564358 26.64683714878063 0
96.47204786597365 6.950103833995871 0
408.7192458982561 63.16530864926181 0
175.8240533132259 76.48391369838417 0
177.9545177932243 89.96166197260597 0
94.95048985928571 454.0714952201114 0
58.56051583503371 282.9334100285494 0
70.1229890455643 287.7875538190164 0
127.8342276426656 21.24675682348456 0
26.11759020097974 368.1779993609368 0
82.68493178583188 30.19209249659163 0
130.0721474756862 260.4373343278353 0
90.86740756534587 118.8372378942885 0
71.66969861594596 33.05737561889554 0
63.80950721490606 24.69696430814602 0
53.93856920873828 364.7379270863721 0
64.04897944734518 370.056661277094 0
64.56216953733394 381.8000018000972 0
209.8141647600633 408.6422402839275 0
16.53228871051957 -100.5055497425477 0
16.0184958173847 -33.13104562593966 0
177.4304938181442 284.4971873066876 0
67.82889116629001 -4.47179303227616 0
87.59326781398903 11.27235219618284 0
414.9754686808508 -96.09693121127684 0
101.0371035684146 7.797669157670838 0
45.79416507943094 177.1918648210451 0
14.35796245301677 31.61198490647197 0
279.9353094218798 -53.88504020928253 0
303.5747147785818 221.5589926118891 0
43.75541447162628 -25.29851385945616 0
47.91678806259932 -27.13272111975184 0
19.40484742381689 196.390306180028 0
91.5839109458549 24.18813540022503 0
17.04585182693993 255.7420003034509 0
15.59563763549894 244.2363928522248 0
155.5358785868515 -3.52166295360857 0
7.304232304477943 -24.28425481408553 0
14.02507317077091 -20.21683743971105 0
234.2942389051408 375.7887171726092 0
236.8686399128951 391.6635181310909 0
148.2821226105294 -4.491088022189409 0
350.4259863744679 270.6428896690306 0
345.6760419944147 245.4318421069566 0
154.9641669504889 23.74548993154874 0
169.1616167893304 -10.14200298968295 0
196.0293604563363 415.5461628098346 0
85.29174731875987 278.417503667473 0
138.8307382606299 -1.068238212483457 0
7.113084502448953 -62.48830520965094 0
177.4668173039905 64.06616073967426 0
263.4557509858067 49.94633772519834 0
87.84568677610049 20.64694078868444 0
43.22900880379177 371.3700916821444 0
54.79104585635291 9.006483396630149 0
48.14502893667218 198.4318762384408 0
37.76415219439035 465.7345015377019 0
28.59648243491662 460.5449697045808 0
160.0079316988682 434.8511554751779 0
171.4513786287434 427.653791167239 0
276.3494419107362 320.6207668287673 0
365.9289290952227 -47.79448602253756 0
365.8210126921659 -80.98492414261602 0
343.1587171117036 -63.34802524625361 0
294.6663179020334 325.9692105342931 0
271.1847388831878 303.0802280154121 0
188.5002501816588 82.90267176327747 0
189.6151047768227 95.94800800009871 0
200.1522867592569 74.60078687697995 0
212.4024023172674 79.67304043106577 0
341.5334831729028 -85.3915116704042 0
345.1245341785257 87.57715262088436 0
326.8325813027985 103.6938114200593 0
186.1535114105489 -26.24167062688833 0
134.6998414726943 2.657919849934482 0
129.4032572483702 0.878947596784916 0
46.7951344003941 -42.96263305216574 0
42.49869922835698 -44.88134125956244 0
43.40711105182201 -40.1813105405537 0
39.15885618616591 -41.50962134226238 0
37.51607486280414 -46.67472751000695 0
117.5551746029958 0.75557835714307 0
60.8602068599626 -13.35023760733457 0
57.98542037427265 -16.86821541320879 0
55.9351778285095 -12.37682012571162 0
84.79901383189491 1.843077562178343 0
80.09843205562093 1.038711366530013 0
76.3284188417116 2.816541679149168 0
330.9850621678896 -7.192770089235275 0
86.07299185701579 6.061206697837306 0
177.9153032301007 20.38183940878633 0
250.3062354914007 61.57341858320518 0
243.8521128410112 44.02812210190813 0
250.2794022634228 381.470090531844 0
82.01588800005305 5.597631466820527 0
74.27296273231957 7.500940066394742 0
69.59845260215906 5.093013598425634 0
295.529043385211 22.57473192262841 0
47.59038291683792 -38.40841079733566 0
44.02243440028162 -35.63745126220942 0
44.71550380530268 -30.7516625443458 0
125.8749152314345 4.811243645977563 0
124.1692737356383 26.61218273792154 0
129.8217972156742 219.9194091492625 0
115.2710960146104 18.7458117220674 0
27.70693572576091 406.9834398654355 0
18.28369523176687 403.0928740568081 0
17.95342347928424 392.9948222104551 0
7.771315053117314 -81.83506269740144 0
37.16626062521551 411.7272883291107 0
104.9376791992356 65.38681196878171 0
104.7655937377254 57.00873933613072 0
111.4037274538986 52.28960189398558 0
96.30647244916203 60.7119695286048 0
173.5876258031896 442.6292691056005 0
148.0343302274325 440.9568815866219 0
331.2422513690771 129.1076766516696 0
308.1941082106149 120.126715855025 0
321.4179623772808 235.9554339072196 0
342.9240645621119 222.0408237738956 0
366.1752458276877 231.7480793562715 0
179.3258665481443 -9.603990444890952 0
41.06768948607261 -101.8848267172117 0
247.655177278507 159.6233098382316 0
245.1144184356261 141.0730291064835 0
229.7861773698998 152.1705259903806 0
219.0844776218969 166.7994424853896 0
73.56343107634278 363.8819925843791 0
7.732138800101873 57.45743498613081 0
16.29794899370173 52.55674287469748 0
224.0262137523071 234.590679475402 0
169.1405864668622 174.9891332818299 0
119.2183832767201 54.74287137291847 0
165.5930000695133 145.7895020958089 0
152.6088418484112 155.0485177171206 0
8.424436532513623 78.32076455695568 0
45.20049371537261 -72.36003336749812 0
273.8132439658272 15.71588244092927 0
190.8717414105161 312.833766888831 0
177.7241085241101 307.8356428662669 0
158.4625128041924 393.5855198653026 0
146.5129049581735 387.1540341719441 0
145.9826544490494 372.9563977097944 0
133.1921805889897 380.1688070457465 0
134.5774308947718 365.6610302163324 0
145.8605980691265 359.0792482483384 0
8.536714853590777 99.3753582931937 0
163.8248520112906 -17.70500313383786 0
157.9512257427167 183.9080000875155 0
126.1578524910339 -2.810141740041668 0
129.4140031494353 115.5094804679481 0
105.4132988223805 10.52813982147561 0
101.2211183624602 13.19121726394144 0
142.5416442454244 77.19768284206548 0
114.4737321588764 269.8517369510449 0
8.809808765741897 120.2298781098137 0
76.83144054373348 39.37781784439505 0
150.5034142689808 218.4943772644729 0
213.2190719577849 -36.37567521025226 0
226.4594917553847 -28.99470085864909 0
212.0094472874872 -20.85534926733449 0
134.3556289393168 85.57305578521043 0
18.28330027694436 126.6100080873654 0
98.64840715367941 91.03958630509486 0
42.88121833982025 -9.267905724409413 0
258.7218041734768 130.0044142205443 0
271.4798931462511 118.8918122651911 0
46.36427224753889 405.7360271401105 0
126.0088004303589 48.07761460903952 0
186.7518354351879 111.4826979140123 0
116.0728270485588 202.320884829572 0
104.7349714698208 197.1977682238205 0
103.8528164053703 185.0110164426229 0
106.3404828285385 209.6508714102511 0
93.37461163200078 191.2267752015055 0
113.0508390960208 178.1020613867976 0
7.971592614762345 140.3302671315236 0
39.20552686127669 -23.13104824897873 0
229.2783795729154 269.9364953177639 0
182.7528386233186 433.1682133244351 0
83.98877838819226 380.9920971720725 0
122.6496167092042 319.9142911387979 0
111.4920179365757 314.2799957094298 0
101.3884256124196 321.7878090656418 0
99.00953351739545 308.7514731174933 0
121.9357223187587 306.9892649138027 0
131.5174270105103 273.7301467953236 0
91.43941209907601 156.463005689443 0
91.34705849864908 169.3900702835837 0
319.5699305982752 78.06869227641445 0
364.9549984783571 71.98818425551666 0
44.08721409643049 -85.24057058264079 0
43.32729163725041 326.1012159818827 0
34.02475757910898 321.1851528099552 0
25.33311457769327 326.9206143222759 0
25.08572481105092 316.356388660212 0
16.71526462838017 321.9670710538778 0
25.67634828510388 337.6127212766867 0
28.56421686423969 450.1070004450798 0
19.18949925754871 455.9091084101042 0
19.53055055170866 465.8691184822728 0
19.08582699843904 445.397730795538 0
18.9540840449284 434.5818912902559 0
74.46034859868261 387.192240112044 0
176.3606141093319 258.6141980160697 0
241.9889270089979 -49.76170646659383 0
51.60071359162861 -9.427519225105803 0
244.6872604784858 277.1656885506452 0
149.9623818818122 -14.33658339990021 0
64.65766720385756 73.9087746518375 0
56.34379488501699 69.51837496423681 0
64.65185078953428 64.89982211034528 0
72.69491392247092 68.85486868427456 0
52.87619827930334 331.0830107047893 0
300.3992085104758 363.5313452451663 0
60.6738183005279 223.3679755794284 0
240.0619029808495 -35.25041115495691 0
349.2065669975976 312.0756424055862 0
25.20680734900192 238.6966990211928 0
35.50795558660155 26.16211772054421 0
35.63977200126701 17.20865186860818 0
259.8132298056878 32.96459893309372 0
142.3505085221354 -5.053072017461201 0
37.86272747400143 444.4310614148878 0
94.65172480970894 204.9473650145433 0
46.74033566936939 470.5758961825376 0
40.90298808098579 -123.5926834050834 0
32.44835439941119 -118.365677897579 0
31.26588115346149 -128.0969817734772 0
23.42759105362099 -123.1201968480457 0
56.0030471742698 410.8214213390871 0
291.7062353636991 -70.6313442121389 0
48.93027053277994 84.14416176343657 0
20.43395667429363 207.1886874917764 0
10.5946551181812 214.9456282204185 0
15.02341970826988 225.7419428811374 0
48.24113112129398 74.42377548615623 0
378.5616921368178 269.7996720662731 0
232.5136654585477 350.2856598542826 0
24.31815742784627 228.5446553593658 0
39.81610869881267 284.353691543229 0
33.57862448210031 310.6150572903381 0
38.60717971274875 -73.63148583935511 0
156.3137192825594 169.5416655384219 0
26.77916554499548 386.6787329958976 0
17.31765708221181 72.21253532809034 0
446.7962020305651 97.3604239949414 0
157.1433091299214 351.8030160904636 0
17.99406143193403 175.2436278292197 0
53.7742246667939 158.1068956317208 0
51.06637098064118 146.722635788661 0
42.43815260260847 139.2599499624324 0
8.242676340884932 -123.5705071206069 0
154.5139608566139 298.5210288550416 0
57.20180595847879 60.57562311560446 0
407.0620327131012 219.6075831576964 0
387.369464735757 195.0076835737295 0
401.0755586832082 164.2768459487362 0
431.6068123388154 163.1170183597704 0
305.9314958494722 96.6061031443213 0
15.01831066263172 -67.16583351627803 0
9.530092593627419 191.9056015914683 0
45.69410863408859 -66.68054338535343 0
159.7026730266863 105.6712047402977 0
157.6158198946989 365.6304798128946 0
145.4975062540287 345.4627176519303 0
35.26581423369923 -61.53126700132115 0
51.95105432588093 124.0130032072758 0
61.87295451807984 234.5964316678749 0
153.0682237009098 138.9241658726968 0
46.71249779893486 416.754080763933 0
126.0980637743682 427.0908766527332 0
85.27441788973233 448.9329663843216 0
75.31902097382506 454.0532057957944 0
330.0937543789 328.8397797903444 0
34.33841463073762 243.2547582753878 0
50.45090771025201 219.7578209447981 0
44.33309082849169 359.0364953380965 0
130.208327877125 -4.649853458740457 0
102.2211391402767 333.7713032728824 0
88.49864667061202 107.5356718754161 0
18.65221400443034 185.752501605647 0
72.23579835913971 60.1777321798403 0
9.595448949861002 451.5121355630392 0
55.34890268175555 262.27300199362 0
9.060193202470224 6.153949146695942 0
203.9699793283695 148.5764251905882 0
56.31519479434781 179.508381352644 0
17.53259259267972 115.0667358895909 0
66.07775206727374 438.1877102885408 0
100.5321065553158 229.9536230249622 0
8.778966573219318 369.1160320222916 0
265.188718590127 370.3622593953453 0
83.14031709218685 357.8290931402439 0
8.872030032127416 275.2343374977723 0
8.151373250862079 296.2880583083659 0
8.633536302019859 348.4848636506679 0
58.58627931854057 201.4354892462028 0
52.14654037136369 -24.61586246875481 0
44.59904793030673 166.6029819653913 0
42.47962447445595 108.8474538264119 0
46.93637977583678 187.7925965682063 0
9.455798024653101 430.3985409325713 0
60.82689110011073 304.0853600998487 0
49.2223196949976 209.179240677764 0
182.9196019678482 407.2091073059657 0
66.31926567888846 18.64355464611722 0
66.17758943832456 448.9838849233329 0
79.79948097940128 472.3782319908728 0
175.4858409168132 244.7255618928477 0
92.9945182177734 129.109392675369 0
84.40430200787499 138.3456451042951 0
83.49157890854907 254.9054841794906 0
73.10245693803986 352.4706460861993 0
81.35380273222964 324.1992617603734 0
253.5155864616588 398.9287264499545 0
85.11374508890496 415.5359023900583 0
9.351771421192673 419.9110169853724 0
101.4727959227756 469.0827753099665 0
210.4419964991829 424.6691988136544 0
89.99626806332483 226.0258485950972 0
123.7774365781397 462.3131542312587 0
125.4744758626968 450.7113104794732 0
103.8568525450882 43.13385365297972 0
68.42844196155633 474.4530283927123 0
62.67965305623577 465.5483315523015 0
25.9093463857955 479.7617145028603 0
121.5304212383406 3.127472051607212 0
116.8528047234939 5.522328120961956 0
80.28512271542739 116.2641576174342 0
114.1598853648559 386.1359534492681 0
74.92096984956919 96.88935053644228 0
193.7808192749946 356.8754933704326 0
105.1374703400521 415.2149596207109 0
457.6935849403253 -10.5770375887175 0
457.6113946532861 25.10976186301482 0
93.12034933726542 53.29822051658987 0
286.3599646049213 212.0450606678521 0
94.0015761938844 260.015218520559 0
113.415605659169 363.3027371417594 0
55.45939139525559 3.674954120407409 0
403.0526450190264 18.89313189338182 0
25.15630495888857 -21.43057752427395 0
19.88043311528576 -23.88596723071508 0
60.02547338976878 -8.764459144641863 0
18.56819440948254 413.4842186575287 0
170.76433398117 413.9092013570198 0
297.8929005402811 160.3024284733316 0
144.920712004686 179.9647369239327 0
90.71647396236094 317.6488623027801 0
123.1072637337053 250.9728027171338 0
23.22545123839928 -46.51111771029317 0
42.62320295496494 22.23671590590581 0
256.1459451673537 113.0026840495991 0
95.9259831703629 271.5722629682194 0
135.7280911739898 395.345207849628 0
111.6197288372167 127.40397661122 0
143.4086708676303 67.35139560119296 0
151.3028871882278 60.60755961709706 0
155.270084088203 311.1943676440445 0
43.09040885678297 129.1616368592494 0
70.29091505760505 299.1662253306407 0
158.8596660499047 54.18245807212134 0
267.4945694064108 -38.90661751122553 0
159.0758608366649 407.3644824798514 0
85.06678961637894 460.8900846181118 0
194.1861957798389 371.0252277929183 0
396.9092087980941 134.0003786894278 0
184.9943256132574 208.9837600980592 0
42.18560955698327 -49.70285894833957 0
230.7842073471854 302.0965538461523 0
90.0158681099301 86.64736950597889 0
179.2438098176956 321.9320939294192 0
147.0800475477232 454.0252623447132 0
111.7894788203083 22.57457977125925 0
22.73631310966955 45.04294915469861 0
119.0662619684069 110.5106160941485 0
176.4212541504541 51.90818112567794 0
208.7341540694634 5.551479482543285 0
132.748891791441 244.7597525318347 0
47.30338622495163 -6.553600347184619 0
202.1070255080296 272.4348955283633 0
94.91044129629279 409.647281460576 0
44.88728026409976 54.65024797322571 0
229.8087420369434 133.2530959582582 0
40.88911529310103 89.26054822858393 0
133.5646537947489 43.41736923424937 0
293.6406117804866 139.9458516868864 0
50.39771623095226 41.70891955477607 0
223.3712581267878 400.5499161729885 0
83.55911819267007 9.070005216983819 0
28.84142440685881 -13.03279194876684 0
219.106559750498 341.8829584639647 0
96.6052390206697 27.4794564745435 0
272.4071153233477 239.6661576080365 0
270.9430502280521 222.0259487120213 0
25.91965248959078 -32.46958177899415 0
250.5775440832553 178.1736965855723 0
16.63696283372448 270.5924774708338 0
34.65124450235417 -142.5774423674606 0
124.0473330289636 82.22042172873188 0
40.95041234050849 -63.22446446008757 0
200.9839144068635 103.321500867308 0
259.6212433785855 315.3083562763004 0
164.8662678520389 265.5866264796759 0
64.69744586495121 56.46520639990046 0
17.54453739302434 373.6036485624878 0
15.3694902315547 -141.9341436917367 0
21.52160952626681 -133.0824966326303 0
51.7797351517236 0.5687899526671502 0
427.3130423095234 39.70871536584927 0
132.4023221735858 17.14582486872104 0
41.73159870182359 98.9737146839947 0
17.12999736166522 104.6566275002486 0
206.0757429135174 39.98139852890326 0
102.7469577424417 173.4687587216927 0
8.843227589982803 170.9431819044384 0
9.198489508899927 -5.543858097165403 0
147.2312379424197 12.41446813231498 0
8.923027555214695 399.3600712699993 0
108.4204799004329 3.466982582829519 0
307.0294888482995 253.4797814072496 0
72.08124058481116 -3.925850563551947 0
37.44512434678389 -88.14449843663513 0
27.62349792301126 128.227183825426 0
99.40205861244615 218.8163036328412 0
287.76319235228 121.9233640161528 0
147.6259645793541 19.44789982970395 0
23.98964239612034 -51.73772960448984 0
340.9242802712909 199.4449725247566 0
168.8882771525733 14.24922313734597 0
203.8477846444541 -7.260733781020845 0
205.3824723089335 162.5952142036477 0
71.01715417920219 21.12035539301818 0
241.2599401345917 27.43879871070287 0
105.3415498982421 426.6409045882167 0
17.51813777249929 363.9166655471824 0
395.4318983933853 -116.7606826962691 0
114.5229873037912 455.0214096475449 0
15.08085109580746 -12.82431190184667 0
98.66834459684054 3.643840948486319 0
50.57808578696813 103.6311103621369 0
74.03107157180108 375.5366655214384 0
10.41678315766132 472.8734760273906 0
118.1838995664358 214.7594617809118 0
196.9937139967294 200.9000537613955 0
117.8975692036861 10.81682176341647 0
80.01992425880377 286.3800346507888 0
284.0778454397515 376.7973147712593 0
8.815391363676211 389.1492874779842 0
73.00644642824869 464.2016476431973 0
214.7138040874373 263.792909385279 0
189.5619584139298 280.1988926280125 0
111.9734446179923 166.2647054598844 0
225.7037547077109 216.3823501644177 0
244.4323445586181 292.9168306275087 0
16.72194040676387 -109.6248887115445 0
13.48511417606406 -57.97088289164862 0
32.9695502864115 2.942863188209142 0
17.37910396390479 353.5332753925313 0
72.53882360734035 0.7790502618288865 0
162.5775981976462 27.57680157445384 0
360.863732512331 47.49769060999363 0
43.84105554937268 46.48748091757368 0
32.81621380313508 -108.5066703023395 0
90.11768334851683 97.6269543246882 0
46.21855284217187 -52.20370269858764 0
16.85439693153726 94.3823287250034 0
46.41027629424181 -56.87903917349787 0
38.57003288940132 -81.24682115698837 0
39.90354001656608 -33.43397613458818 0
17.13656564780196 343.1001134334914 0
16.95275834158945 332.5079235352553 0
28.64127513378806 470.4499223450217 0
20.83086502707206 -72.4561441603223 0
182.0807662147331 420.3531397539034 0
121.6978490444826 380.1943199869958 0
212.9673814635513 248.7229755591937 0
168.6587971766554 97.72465203626088 0
123.3661055699147 369.4148715606423 0
196.291358523228 -18.20584711279383 0
56.77757525254933 272.5845109582859 0
121.409913634389 159.2041162387307 0
136.4450342789123 446.1493762406228 0
209.3383932935114 235.4389469658791 0
109.2290789983596 38.76629617012996 0
37.86998279124306 274.2171709069212 0
234.2481813219007 58.92973135740559 0
134.6710347705014 352.7877547786077 0
43.03300965323653 119.0492356756719 0
8.564693041201107 160.5781732327546 0
14.66876242117127 41.22037852084512 0
138.9792978435036 212.6823653506546 0
8.187087054454061 253.016706340564 0
27.77995099489872 14.14097147758139 0
125.8383071866995 439.0428341637353 0
14.51281537336635 -76.49878172866394 0
133.4834173710541 22.14347280751809 0
329.3292870405592 303.9097040367317 0
115.6154763358085 432.5278781340094 0
210.8041014295493 207.6101669934569 0
206.8564443038162 363.6543604003497 0
363.4471313168095 209.437429529774 0
118.7985125757969 15.63824436664176 0
8.398762079241173 327.470509540895 0
21.12048925590272 18.36759979956288 0
139.289660885848 -9.048063255699413 0
160.0262089919815 -9.753357067761639 0
63.83331670136048 -6.226773655513593 0
165.9295325077765 303.448518905114 0
120.2026847633103 122.0074443878606 0
8.255284926256195 317.0220910396226 0
200.8505402680682 88.53462211786383 0
38.80888779010647 11.26680790873768 0
7.625399190418879 -103.3380422389438 0
223.5603860085406 69.91343349475557 0
141.3900532334181 46.90490034551906 0
20.2962929377913 -17.67383780524145 0
309.8683772223319 -12.48980476997317 0
268.4466652810805 102.5867646125012 0
376.4341304793492 172.2095149583847 0
41.39044030767278 -68.91002128119017 0
131.1922862144196 152.2328673398419 0
238.9366497679659 408.4393453884963 0
177.1046064212218 272.1579113101547 0
107.3577452651691 276.3251519497512 0
16.77303515408415 84.3180763095578 0
14.32802787530275 22.39700611424025 0
225.49031782783 84.8174889618808 0
134.3158990796284 -2.415267704779305 0
384.0332656813303 56.40236625701277 0
218.3270070626169 43.92377648490922 0
325.3841461958986 -72.1467759465897 0
20.92295934175861 -66.64687011603047 0
16.86448508066941 154.5868134334497 0
91.07185637391565 146.719329152029 0
13.63891394016455 -49.89831987587908 0
47.26428299573824 -0.764786739154056 0
86.09052814432872 25.54400499367596 0
228.0983801298675 -14.93143055508563 0
261.9867143955744 4.032651115893044 0
293.0673593769392 1.976225663447009 0
140.7249090261059 225.7354182825978 0
93.6661875735371 3.971145975351195 0
6.502869479626789 244.1864412192529 0
140.3068174422456 156.8760043860587 0
82.09943163472072 161.6105170486207 0
16.52736595497623 311.5422532547293 0
81.34519525092594 171.2263009188175 0
354.8734162446057 -100.2448926148704 0
40.39875398848241 -37.64082871693473 0
219.2862528761755 356.4903641092257 0
103.9082390675063 459.3540317929315 0
253.0093233884925 -40.28954433377287 0
84.10108671449616 36.05169118797142 0
88.93349326915597 16.28478601608273 0
51.2102813078196 -19.49714704640948 0
29.93348928720676 280.5688276847996 0
383.5730851017552 219.2238172327285 0
48.18655139744354 278.3702074963711 0
7.12222408086135 36.68123071223066 0
16.21957843163751 144.4728687071461 0
20.43371957660898 -29.87097858204615 0
13.94422601754127 -27.07526512752212 0
117.3630483918414 47.33225196473656 0
51.20253952174323 -29.47149863375329 0
66.82150367342108 276.932320803788 0
417.848671800674 117.4927349799746 0
293.825705278126 108.1800864865 0
365.9599082507065 252.6633944608311 0
138.3562851603898 24.67472669712808 0
25.82866615041538 70.97746943743586 0
141.7732985584449 238.8829047413381 0
17.60290921432576 -92.44838783647695 0
66.74529198209488 457.8870035093913 0
388.9490890156086 -93.67721316380967 0
142.6348184023864 56.48458326081619 0
42.96318179953175 -58.84059757275151 0
34.2243746012384 133.8527145137549 0
178.994597725509 101.0884483718514 0
125.2663277182841 0.8853766674794038 0
287.3419275366198 230.0580622564201 0
215.8601722358002 153.6809639722887 0
16.31337576064661 301.2590214625336 0
47.43028841326937 479.3376223674912 0
6.383433882963956 -46.13098123623126 0
17.77649073463565 234.3270204453054 0
119.5694213317431 19.74116966736308 0
82.62071104338766 100.0227317891053 0
24.38127631649855 -113.9060479957029 0
16.12418332885369 -118.4720555938 0
297.1167678468126 344.5979708351136 0
14.42152256529972 62.44245364557595 0
149.577448046477 27.5969069450719 0
15.56161739055232 -85.16460638371659 0
14.94007396638197 135.7879175296779 0
104.5434039581219 49.78139584760476 0
33.40294799441196 9.559032913018614 0
185.479905354992 -16.38806986992257 0
272.9763205816598 -67.43213409968334 0
86.75831986937742 198.7806794156059 0
152.3324403858715 -9.140633186388234 0
298.9577138076629 81.47146680866969 0
256.4289679632593 300.8703755866468 0
95.31634359169406 180.0590234933283 0
168.1476479787027 58.28377179525729 0
67.20817273848377 -8.206891367723065 0
110.3516744609352 45.31164198701006 0
310.2079539568451 -64.61707694298788 0
16.15744644084637 291.0681308837321 0
7.442246659771849 -39.73315213789392 0
400.5908132071995 42.17546500919568 0
344.1632017508268 292.2465967961965 0
16.49918752840905 6.795609793632305 0
42.77614109284689 -142.7721369518547 0
7.664771212283123 481.1755807353445 0
7.165512829791819 26.74149841691701 0
168.5110670978715 22.26058448745798 0
78.28575222317268 5.77114088088451 0
324.0715789822736 -89.76998419857151 0
7.124499833175832 -142.7106300291092 0
136.2999224050838 69.52902206419546 0
325.7963882958044 -28.3283884460275 0
105.4786970711881 6.625686670609459 0
80.02792775102513 304.8204033037352 0
17.66908361477192 383.0888794155809 0
19.57072272221086 -49.49825943427042 0
36.86026220208282 -94.5034934781724 0
18.61801774917895 280.1071398156896 0
175.2368212034722 296.1997920659674 0
311.2148507120998 331.646702947072 0
24.54404052903512 52.96156493595185 0
123.3772207702237 268.4453732561997 0
54.34557269521565 -16.77972957235004 0
6.546468577551575 224.2462002325159 0
102.6111341367407 131.6604424836952 0
69.5282558534601 38.30100088516193 0
53.96539971901167 465.5271800496254 0
338.9097954237428 -43.24842085449886 0
35.11473459762324 -42.28133049223753 0
16.88968454555829 -6.631401931535421 0
419.2294077152177 142.6216463382715 0
33.61262915025288 -83.96504229210024 0
112.1977064871246 5.668913069049599 0
142.1818909187141 20.48489312462862 0
73.13141192971524 4.202847486770392 0
40.79971506767944 147.7078239107767 0
83.92986211289099 191.6463215466477 0
78.46661849476273 33.66046893774359 0
88.13434135179472 309.3465703670213 0
187.1308248470936 442.5517734607082 0
421.7243213223538 -129.0171749482136 0
30.44081899643328 -136.0630351847892 0
169.0816857416299 67.54582294217111 0
122.5819940457475 22.10329969157365 0
19.43751893494738 263.5378881231472 0
14.82641130510113 13.61240228063054 0
238.1242592883953 -23.35276281547477 0
279.0093219841804 289.9376500085527 0
83.78789024744383 21.88494182254863 0
25.24830832737025 -16.47913781730642 0
85.86816631339568 206.4016674751326 0
302.0244144219713 237.9669000259971 0
82.81708660118557 12.63298027421582 0
230.9482687487378 363.5158117923533 0
89.79715875410099 6.474118687093702 0
20.075658961778 473.926521649201 0
121.546058247546 42.64507445905461 0
51.70754755977258 56.18998737588557 0
48.06442934282595 -30.35042979450603 0
12.16381988708882 -37.44183846368723 0
432.3020219956838 73.33191535144162 0
26.21923106433491 377.1573280868718 0
229.3217725023845 47.74069818672148 0
281.3069482188517 108.7214647757993 0
94.88494095194125 463.1974309045754 0
99.06398773000245 53.68287764101613 0
445.1168880948445 -143.3531469929257 0
66.96880169445444 28.93733556385984 0
138.1416878803225 -5.239087048887668 0
75.43118358749773 280.1690543719977 0
15.68025119564305 -126.4323290046672 0
33.73587127784727 371.7869951115644 0
$EndNodes
$Elements
7 3300 25 4650
1 1 1 43
25 1 25 
26 25 26 
27 26 27 
28 27 28 
29 28 29 
30 29 30 
31 30 31 
32 31 32 
33 32 33 
34 33 34 
35 34 35 
36 35 36 
37 36 37 
38 37 38 
39 38 39 
40 39 40 
41 40 41 
42 41 42 
43 42 43 
44 43 44 
45 44 45 
46 45 46 
47 46 47 
48 47 48 
49 48 49 
50 49 50 
51 50 51 
52 51 52 
53 52 53 
54 53 54 
55 54 55 
56 55 56 
57 56 57 
58 57 58 
59 58 59 
60 59 60 
61 60 61 
62 61 62 
63 62 63 
64 63 64 
65 64 65 
66 65 66 
67 66 3 
1 2 1 24
68 3 67 
69 67 68 
70 68 69 
71 69 70 
72 70 71 
73 71 72 
74 72 73 
75 73 74 
76 74 75 
77 75 76 
78 76 77 
79 77 78 
80 78 79 
81 79 80 
82 80 81 
83 81 82 
84 82 83 
85 83 84 
86 84 85 
87 85 86 
88 86 87 
89 87 88 
90 88 89 
91 89 4 
1 3 1 23
92 4 90 
93 90 91 
94 91 92 
95 92 93 
96 93 94 
97 94 95 
98 95 96 
99 96 97 
100 97 98 
101 98 99 
102 99 100 
103 100 101 
104 101 102 
105 102 103 
106 103 104 
107 104 105 
108 105 106 
109 106 107 
110 107 108 
111 108 109 
112 109 110 
113 110 111 
114 111 6 
1 4 1 13
115 6 112 
116 112 113 
117 113 114 
118 114 115 
119 115 116 
120 116 117 
121 117 118 
122 118 119 
123 119 120 
124 120 121 
125 121 122 
126 122 123 
127 123 7 
1 5 1 5
128 7 124 
129 124 125 
130 125 126 
131 126 127 
132 127 8 
1 6 1 62
133 8 128 
134 128 129 
135 129 130 
136 130 131 
137 131 132 
138 132 133 
139 133 134 
140 134 135 
141 135 136 
142 136 137 
143 137 138 
144 138 139 
145 139 140 
146 140 141 
147 141 142 
148 142 143 
149 143 144 
150 144 145 
151 145 146 
152 146 147 
153 147 148 
154 148 149 
155 149 150 
156 150 151 
157 151 152 
158 152 153 
159 153 154 
160 154 155 
161 155 156 
162 156 157 
163 157 158 
164 158 159 
165 159 160 
166 160 161 
167 161 162 
168 162 163 
169 163 164 
170 164 165 
171 165 166 
172 166 167 
173 167 168 
174 168 169 
175 169 170 
176 170 171 
177 171 172 
178 172 173 
179 173 174 
180 174 175 
181 175 176 
182 176 177 
183 177 178 
184 178 179 
185 179 180 
186 180 181 
187 181 182 
188 182 183 
189 183 184 
190 184 185 
191 185 186 
192 186 187 
193 187 188 
194 188 1 
2 2 2 3130
1521 1563 2470 1565 
1522 1495 2756 2327 
1523 2027 2328 2015 
1524 2314 2674 1711 
1525 2547 2682 2234 
1526 1926 2686 2535 
1527 2299 2600 2327 
1528 1888 2806 1767 
1529 2460 2756 1495 
1530 162 2515 163 
1531 2051 2381 2311 
1532 1987 2668 2398 
1533 2249 2305 1552 
1534 2535 2686 2492 
1535 65 1551 1547 
1536 2284 2331 1977 
1537 1789 2383 2289 
1538 2587 2714 2295 
1539 2327 2600 1495 
1540 2561 2610 1945 
1541 2348 2683 2450 
1542 39 2395 40 
1543 2838 2909 2180 
1544 2185 2817 2738 
1545 2295 2714 2281 
1546 1543 1551 64 
1547 2197 2725 2384 
1548 2450 2860 2348 
1549 1641 2769 1644 
1550 1537 2600 2299 
1551 2721 2824 95 
1552 2434 2442 2101 
1553 1649 2796 2768 
1554 1774 2295 1750 
1555 2668 2707 2398 
1556 46 2596 1494 
1557 2415 2524 2248 
1558 2505 2706 1742 
1559 2526 2807 2416 
1560 2277 2909 2838 
1561 2424 2636 1947 
1562 2296 2297 2016 
1563 1830 2298 1825 
1564 1977 2347 2284 
1565 2631 2660 2292 
1566 2422 2636 2424 
1567 2328 2635 2015 
1568 1522 2402 2326 
1569 2016 2334 2296 
1570 2292 2913 2084 
1571 2084 2631 2292 
1572 2289 2778 1789 
1573 2326 2788 2428 
1574 2566 2698 2236 
1575 1750 2295 1700 
1576 1711 2674 1709 
1577 1543 1552 1551 
1578 2293 2591 1880 
1579 1927 2407 2406 
1580 1721 2592 1723 
1581 1767 2806 2435 
1582 2454 2706 2505 
1583 2101 2902 2434 
1584 2248 2826 2415 
1585 2282 2824 2721 
1586 1552 2305 1551 
1587 81 2354 1522 
1588 65 1547 66 
1589 2292 2660 1615 
1590 2443 2705 2240 
1591 2311 2381 2312 
1592 1927 2406 2404 
1593 2712 2761 2441 
1594 2240 2876 2443 
1595 2484 2723 2461 
1596 2410 2772 2656 
1597 2090 2374 2320 
1598 142 2698 2566 
1599 1494 2596 2374 
1600 2428 2788 1484 
1601 1880 2610 2293 
1602 2768 2796 2245 
1603 2757 2760 2424 
1604 2373 2715 2502 
1605 2418 2502 2152 
1606 2598 2626 2204 
1607 2273 2642 2288 
1608 1486 2904 2306 
1609 1655 2546 1640 
1610 2300 2795 2737 
1611 2169 2807 2526 
1612 2313 2514 1530 
1613 2337 2506 1538 
1614 2070 2345 2341 
1615 1954 2361 1952 
1616 2127 2916 2637 
1617 2417 2523 1519 
1618 2288 2728 2273 
1619 2384 2725 1893 
1620 2424 2760 2425 
1621 2470 2883 1565 
1622 1507 2626 2598 
1623 2127 2637 2022 
1624 2189 2822 2418 
1625 2035 2665 2406 
1626 2098 2361 1954 
1627 2406 2665 2405 
1628 1503 2772 2410 
1629 2186 2531 2530 
1630 2158 2879 2761 
1631 2682 2858 2234 
1632 1963 2465 1965 
1633 2202 2857 2638 
1634 2242 2735 2411 
1635 2523 2750 1519 
1636 1987 2398 2397 
1637 2314 2819 2333 
1638 2387 2700 2388 
1639 2589 2731 2646 
1640 1711 2819 2314 
1641 44 2804 45 
1642 2186 2927 2531 
1643 2700 2730 2388 
1644 2737 2795 1546 
1645 1535 2395 39 
1646 2306 2904 2432 
1647 2325 2742 1794 
1648 136 2330 1521 
1649 2279 2487 2168 
1650 1850 2335 2017 
1651 2249 2856 2305 
1652 2387 2626 1507 
1653 2418 2822 2378 
1654 1653 2394 1639 
1655 1520 2318 139 
1656 2638 2857 2639 
1657 2430 2559 2356 
1658 2311 2458 2051 
1659 1770 2793 2350 
1660 2252 2345 2070 
1661 2559 2810 2356 
1662 2515 2915 163 
1663 2157 2349 1976 
1664 2491 2517 2092 
1665 1807 2633 2501 
1666 2301 2844 1520 
1667 1761 2470 1563 
1668 1717 2610 1719 
1669 1806 2655 2385 
1670 2350 2793 2349 
1671 1530 2515 162 
1672 80 2354 81 
1673 2530 2580 2186 
1674 2323 2518 1497 
1675 1520 2844 2318 
1676 1945 2869 2561 
1677 1771 2580 2530 
1678 101 2703 2303 
1679 2121 2682 2547 
1680 2016 2298 1830 
1681 2299 2670 1537 
1682 2546 2769 1641 
1683 2180 2909 2679 
1684 2480 2481 1545 
1685 64 1551 65 
1686 2641 2770 2548 
1687 2298 2723 2484 
1688 1965 2465 2086 
1689 1782 2655 1806 
1690 2510 2689 2509 
1691 2302 2733 2196 
1692 1852 2621 2335 
1693 1615 2853 1605 
1694 2429 2629 2524 
1695 1522 2879 2402 
1696 1507 2700 2387 
1697 2062 2214 2213 
1698 2279 2661 2487 
1699 1649 2768 2372 
1700 2092 2517 2049 
1701 1530 2542 2313 
1702 2463 2465 1963 
1703 2761 2879 2354 
1704 2116 2636 2422 
1705 2022 2791 1922 
1706 2091 2678 2404 
1707 1498 2906 2730 
1708 2260 2702 2399 
1709 2326 2428 1522 
1710 1545 2564 2480 
1711 1992 2342 1556 
1712 1852 2690 2621 
1713 2481 2724 1545 
1714 2090 2573 2374 
1715 2526 2873 2246 
1716 2411 2765 2242 
1717 1640 2546 1641 
1718 2480 2564 2482 
1719 1986 2715 2373 
1720 1880 2592 1721 
1721 2275 2592 2591 
1722 2303 2887 101 
1723 2419 2653 2420 
1724 2708 2874 1797 
1725 2082 2712 2441 
1726 2402 2879 2158 
1727 1551 2305 1547 
1728 2298 2484 1825 
1729 1771 2568 2307 
1730 2619 2635 2088 
1731 2483 2583 2204 
1732 2341 2346 2070 
1733 2404 2678 1927 
1734 1772 2335 1850 
1735 1800 2371 1801 
1736 2501 2633 2500 
1737 2689 2933 2509 
1738 1511 2381 2380 
1739 2193 2377 2018 
1740 1992 2919 2342 
1741 2291 2819 1711 
1742 2738 2817 1521 
1743 1971 2334 1863 
1744 2524 2629 2248 
1745 1700 2295 1699 
1746 2420 2653 2118 
1747 2246 2852 2526 
1748 2040 2738 2541 
1749 2735 2781 1683 
1750 2623 2798 2624 
1751 2045 2648 2538 
1752 1861 2369 1560 
1753 2233 2433 2008 
1754 2482 2564 1516 
1755 2297 2298 2016 
1756 2730 2906 2388 
1757 2502 2715 2152 
1758 1806 2383 1784 
1759 2444 2746 2652 
1760 1484 2882 2489 
1761 1723 2592 1749 
1762 2293 2610 2561 
1763 2116 2422 2421 
1764 1511 2380 2379 
1765 2365 2625 2168 
1766 1639 2394 1636 
1767 2318 2319 1518 
1768 2432 2433 2306 
1769 2309 2644 1501 
1770 1705 2502 2418 
1771 1705 2378 1564 
1772 2211 2745 2403 
1773 2307 2580 1771 
1774 2514 2515 1530 
1775 2018 2377 1939 
1776 45 2596 46 
1777 1737 2829 2469 
1778 1801 2371 1804 
1779 2225 2355 2222 
1780 1526 2882 2322 
1781 2225 2356 2355 
1782 1649 2372 1570 
1783 2583 2598 2204 
1784 1794 2874 2325 
1785 1963 2466 2463 
1786 2660 2853 1615 
1787 1863 2334 2016 
1788 2454 2725 2198 
1789 2330 2738 1521 
1790 2052 2550 2415 
1791 2062 2213 2061 
1792 99 2367 1492 
1793 2275 2816 2592 
1794 2278 2558 2334 
1795 105 2364 1508 
1796 1774 2587 2295 
1797 1516 2483 2482 
1798 2528 2546 1655 
1799 2469 2885 1737 
1800 2528 2545 2426 
1801 2193 2741 2377 
1802 2280 2824 2282 
1803 2481 2947 2724 
1804 2325 2874 2708 
1805 2260 2399 2324 
1806 1705 2418 2378 
1807 2395 2931 40 
1808 2449 2667 2253 
1809 2334 2558 2296 
1810 2168 2487 2365 
1811 2637 2791 2022 
1812 2177 2770 2641 
1813 2280 2946 2824 
1814 2365 2914 2364 
1815 2216 2217 2214 
1816 1987 2397 1921 
1817 1535 2396 2339 
1818 2352 2470 1761 
1819 2646 2731 2554 
1820 2092 2535 2491 
1821 2216 2218 2217 
1822 2130 2670 2043 
1823 2370 2946 2304 
1824 2342 2919 2344 
1825 2238 2727 2609 
1826 1976 2349 1977 
1827 2203 2914 2365 
1828 1787 2667 2449 
1829 2415 2550 2414 
1830 2198 2706 2454 
1831 2054 2471 2160 
1832 2185 2907 2817 
1833 1488 2867 2316 
1834 2303 2703 2193 
1835 1614 2681 2442 
1836 2198 2725 2197 
1837 1711 2835 2291 
1838 1556 2342 1554 
1839 2373 2954 1986 
1840 2375 2899 2367 
1841 2542 2562 2313 
1842 2306 2433 2233 
1843 2272 2813 2344 
1844 2213 2788 2326 
1845 2316 2825 1488 
1846 2367 2899 2368 
1847 1945 2610 1717 
1848 2215 2216 2214 
1849 2506 2865 1538 
1850 1653 2617 2394 
1851 2252 2779 2555 
1852 1514 2616 61 
1853 2322 2503 1526 
1854 2703 2741 2193 
1855 2157 2350 2349 
1856 2450 2683 1578 
1857 2242 2781 2735 
1858 2238 2382 2226 
1859 1680 2407 1682 
1860 2051 2751 2381 
1861 140 2318 1518 
1862 2568 2582 2307 
1863 2367 2368 1492 
1864 1534 2330 135 
1865 2214 2317 2213 
1866 2218 2219 2217 
1867 2442 2681 2101 
1868 1751 1772 1750 
1869 1516 2583 2483 
1870 1560 2369 1558 
1871 1775 2582 2568 
1872 1921 2397 1981 
1873 2403 2745 1540 
1874 1871 2758 2411 
1875 1775 2578 2336 
1876 2279 2818 2661 
1877 1644 2769 1650 
1878 2195 2729 2573 
1879 1524 2856 2343 
1880 1520 2951 2301 
1881 2437 2917 2294 
1882 2361 2920 1952 
1883 1501 2880 2309 
1884 2661 2818 1866 
1885 135 2330 136 
1886 2306 2721 1486 
1887 2683 2793 1770 
1888 1570 2372 1568 
1889 2391 2392 2077 
1890 2113 2396 2115 
1891 2030 2744 2664 
1892 2426 2546 2528 
1893 2758 2765 2411 
1894 1612 2442 2434 
1895 2652 2746 2117 
1896 1772 1850 1774 
1897 2218 2220 2219 
1898 2339 2395 1535 
1899 1637 2391 2077 
1900 2788 2882 1484 
1901 2343 2830 1524 
1902 2200 2445 1982 
1903 2060 2061 2059 
1904 1983 2458 2311 
1905 2294 2929 2437 
1906 1564 2378 1562 
1907 2060 2062 2061 
1908 1962 2645 2421 
1909 1761 2471 2352 
1910 2589 2646 1502 
1911 2705 2859 2240 
1912 1553 1554 1552 
1913 2315 2774 2316 
1914 2196 2910 2302 
1915 58 2539 1542 
1916 2147 2840 2767 
1917 1881 2458 1983 
1918 2240 2859 2164 
1919 1543 1553 1552 
1920 1489 2909 2890 
1921 2360 2831 1948 
1922 2049 2517 2119 
1923 2222 2355 2220 
1924 1682 2407 1927 
1925 134 2389 1534 
1926 1772 1774 1750 
1927 2088 2635 2328 
1928 2573 2729 1494 
1929 139 2318 140 
1930 1651 2493 1652 
1931 120 2403 1540 
1932 2439 2441 1490 
1933 2304 2946 2280 
1934 1912 2060 2059 
1935 1786 2383 1789 
1936 2027 2728 2328 
1937 45 2804 2596 
1938 1544 2795 2300 
1939 1948 2920 2360 
1940 2492 2563 2493 
1941 1768 1834 1781 
1942 2008 2433 1907 
1943 1554 2342 2249 
1944 2093 2449 2253 
1945 2541 2777 2755 
1946 1719 2610 1880 
1947 2336 2582 1775 
1948 1853 2818 1852 
1949 2381 2950 2312 
1950 2220 2329 2219 
1951 2421 2645 2116 
1952 2441 2820 2082 
1953 2238 2609 2608 
1954 2304 2836 2006 
1955 1566 2332 1705 
1956 1650 2769 2425 
1957 1794 2742 1796 
1958 2691 2952 2283 
1959 1982 2445 1874 
1960 2352 2471 2054 
1961 1834 1887 1781 
1962 2015 2806 1888 
1963 2537 2783 2012 
1964 1591 2446 2405 
1965 2354 2879 1522 
1966 2591 2592 1880 
1967 2059 2402 2158 
1968 2342 2344 2343 
1969 2774 2825 2316 
1970 2890 2909 2277 
1971 2339 2396 2113 
1972 1784 2383 1786 
1973 1503 2410 2409 
1974 1616 2467 2292 
1975 2527 2848 2267 
1976 1514 2691 2616 
1977 1649 2809 2796 
1978 1555 1556 1554 
1979 2381 2751 2380 
1980 1485 2562 2542 
1981 2405 2665 1591 
1982 1802 2658 1799 
1983 1773 2335 1772 
1984 1850 1939 1851 
1985 2624 2798 2319 
1986 2403 2908 2211 
1987 2220 2355 2329 
1988 2386 2390 2085 
1989 1902 2415 2414 
1990 2152 2821 2418 
1991 1565 1566 1564 
1992 1567 1568 1566 
1993 2416 2807 1496 
1994 140 1518 141 
1995 2342 2343 2249 
1996 2196 2733 1991 
1997 2119 2517 2513 
1998 2344 2919 2272 
1999 1852 2335 1773 
2000 2344 2351 2343 
2001 2051 2458 1931 
2002 2398 2540 2353 
2003 1558 2369 1992 
2004 2062 2215 2214 
2005 1768 1781 1769 
2006 1808 1852 1773 
2007 1554 2249 1552 
2008 1707 1750 1700 
2009 1834 1907 1887 
2010 2325 2708 2228 
2011 1531 2774 2315 
2012 2006 2944 2304 
2013 1557 1558 1556 
2014 1708 2545 2528 
2015 1503 2409 147 
2016 2064 2390 2386 
2017 1850 1851 1774 
2018 1984 2413 2093 
2019 2492 2686 2563 
2020 2226 2382 2225 
2021 1606 2590 2485 
2022 2379 2380 2359 
2023 1902 2524 2415 
2024 2187 2644 2188 
2025 2357 2379 2359 
2026 98 2367 99 
2027 104 2364 105 
2028 1512 2897 144 
2029 2664 2744 2239 
2030 2648 2922 2538 
2031 1939 2377 1940 
2032 1707 1751 1750 
2033 1902 2414 1583 
2034 2362 2609 1517 
2035 1559 1560 1558 
2036 2485 2590 2107 
2037 2413 2449 2093 
2038 2098 2650 2361 
2039 2043 2670 2299 
2040 2408 2574 1917 
2041 2149 2750 2523 
2042 138 1520 139 
2043 1663 2437 1674 
2044 1568 2372 2332 
2045 136 1521 137 
2046 1588 2412 1902 
2047 1779 2429 1598 
2048 1751 1773 1772 
2049 2356 2810 2355 
2050 1630 2391 1637 
2051 1569 1570 1568 
2052 2064 2448 2390 
2053 134 1534 135 
2054 2464 2560 1858 
2055 2230 2635 2619 
2056 2335 2621 2017 
2057 2300 2854 1544 
2058 1562 2378 1861 
2059 1709 1768 1710 
2060 150 2416 1496 
2061 2489 2882 1526 
2062 1804 2371 1912 
2063 2348 2793 2683 
2064 2225 2382 2356 
2065 1561 1562 1560 
2066 1907 2013 1887 
2067 2469 2827 2468 
2068 2294 2917 1699 
2069 1490 2354 80 
2070 1497 2518 53 
2071 2397 2398 2353 
2072 2309 2512 2271 
2073 2053 2353 2352 
2074 2392 2393 2077 
2075 1558 1992 1556 
2076 1666 2493 1651 
2077 1855 1866 1853 
2078 2808 2897 1512 
2079 1703 2653 2419 
2080 1881 1982 1874 
2081 2121 2547 2002 
2082 1563 1564 1562 
2083 1538 2754 2337 
2084 1496 2427 151 
2085 1566 1705 1564 
2086 2224 2225 2222 
2087 1981 2397 2053 
2088 2246 2873 2410 
2089 81 1522 82 
2090 2578 2585 2336 
2091 2443 2569 2176 
2092 2056 2434 2100 
2093 1799 2658 1798 
2094 1709 2674 1768 
2095 1759 2585 2578 
2096 1636 2394 2391 
2097 1553 1555 1554 
2098 2017 2018 1939 
2099 1881 1983 1982 
2100 1568 2332 1566 
2101 1663 1674 1662 
2102 2469 2829 2827 
2103 2741 2926 2377 
2104 1703 2419 1776 
2105 71 2830 2351 
2106 1571 1572 1570 
2107 1654 1662 1653 
2108 2733 2805 2109 
2109 2353 2470 2352 
2110 2374 2573 1494 
2111 2399 2400 2324 
2112 1628 1630 1629 
2113 1630 1637 1629 
2114 1609 1611 1610 
2115 1939 1940 1851 
2116 1562 1861 1560 
2117 2429 2524 2412 
2118 2221 2222 2220 
2119 2764 2776 2115 
2120 1869 1874 1867 
2121 1572 1649 1570 
2122 1565 1567 1566 
2123 1933 2051 1931 
2124 2411 2735 1689 
2125 1599 2438 1778 
2126 118 2472 1523 
2127 1875 1881 1874 
2128 1541 2536 55 
2129 1836 2666 2513 
2130 1529 2436 153 
2131 1786 1789 1788 
2132 2425 2760 1650 
2133 1782 1806 1784 
2134 2491 2535 2492 
2135 1611 2442 1612 
2136 2496 2557 1759 
2137 1940 2377 2376 
2138 2158 2761 2712 
2139 2463 2466 2462 
2140 2195 2573 2089 
2141 1555 1557 1556 
2142 2078 2432 2269 
2143 1598 2429 1596 
2144 2445 2661 1866 
2145 2501 2878 2794 
2146 2372 2373 2332 
2147 1697 1711 1709 
2148 2767 2840 2521 
2149 2187 2938 2497 
2150 2702 2943 2399 
2151 2075 2474 2473 
2152 1628 1629 1622 
2153 1867 2445 1866 
2154 2404 2406 2405 
2155 1573 1574 1572 
2156 1592 1593 1586 
2157 2315 2936 1531 
2158 2541 2738 2330 
2159 1608 1609 1593 
2160 2071 2560 2464 
2161 2304 2671 2370 
2162 1652 1653 1639 
2163 1983 2199 1982 
2164 2555 2779 2498 
2165 1580 2450 1578 
2166 52 2498 1497 
2167 1808 1853 1852 
2168 1567 1569 1568 
2169 2075 2475 2474 
2170 1609 2431 1613 
2171 1557 1559 1558 
2172 1852 2818 2690 
2173 1585 1586 1584 
2174 1553 2615 2105 
2175 1940 2376 1942 
2176 52 1497 53 
2177 2038 2938 2187 
2178 63 1543 64 
2179 1800 2898 2371 
2180 1496 2748 2427 
2181 1912 2059 1997 
2182 58 1542 59 
2183 2415 2826 2052 
2184 56 1500 57 
2185 2323 2850 2518 
2186 2091 2404 2181 
2187 1850 2017 1939 
2188 1613 1614 1611 
2189 2332 2502 1705 
2190 1697 1709 1698 
2191 1543 2615 1553 
2192 1514 2952 2691 
2193 1674 1697 1696 
2194 54 1541 55 
2195 2224 2226 2225 
2196 2496 2549 2131 
2197 2047 2523 2121 
2198 1665 2437 1663 
2199 1631 2466 1963 
2200 1654 1663 1662 
2201 60 1514 61 
2202 1624 2466 1631 
2203 1636 2391 1630 
2204 2609 2727 2266 
2205 2778 2851 1789 
2206 1559 1561 1560 
2207 2281 2959 2295 
2208 2122 2459 2123 
2209 1652 1654 1653 
2210 1509 2555 50 
2211 1942 1993 1944 
2212 2284 2347 2285 
2213 2026 2483 2204 
2214 2529 2562 1485 
2215 1637 2077 1984 
2216 2232 2233 2008 
2217 1534 2541 2330 
2218 2228 2699 2216 
2219 2513 2666 2119 
2220 2238 2608 2382 
2221 1817 2484 2461 
2222 2251 2522 2476 
2223 2075 2473 2072 
2224 1522 2428 82 
2225 1621 1622 1614 
2226 2071 2462 1643 
2227 2053 2397 2353 
2228 2412 2524 1902 
2229 1561 1563 1562 
2230 1609 1610 1593 
2231 79 1490 80 
2232 1563 1565 1564 
2233 1544 2389 133 
2234 1627 1628 1622 
2235 2176 2705 2443 
2236 2358 2650 1513 
2237 2464 2630 2465 
2238 1947 2757 2424 
2239 2461 2723 1917 
2240 2084 2913 2435 
2241 2365 2487 2203 
2242 1874 2445 1867 
2243 1618 2467 1616 
2244 2019 2165 2018 
2245 1836 2693 2666 
2246 1983 2201 2199 
2247 2110 2478 2073 
2248 2007 2008 1907 
2249 2360 2920 2361 
2250 2404 2405 2181 
2251 2516 2915 2515 
2252 2013 2432 2078 
2253 1611 1612 1610 
2254 1998 2098 1954 
2255 2500 2633 1764 
2256 1915 2659 2082 
2257 51 2498 52 
2258 1917 2574 1659 
2259 2215 2228 2216 
2260 1569 1571 1570 
2261 1882 2458 1881 
2262 1890 2456 1904 
2263 1691 2411 1689 
2264 1695 1699 1671 
2265 2013 2078 2041 
2266 2451 2452 2014 
2267 1932 1933 1931 
2268 1693 1871 1691 
2269 2071 2463 2462 
2270 2100 2639 2268 
2271 2499 2520 2133 
2272 2237 2238 2226 
2273 2047 2121 2002 
2274 79 2439 1490 
2275 156 2457 1528 
2276 1610 2544 1593 
2277 1930 1931 1882 
2278 1635 1636 1630 
2279 60 2527 1514 
2280 2232 2280 2233 
2281 2056 2100 2058 
2282 1931 2458 1882 
2283 148 2409 1527 
2284 2085 2626 2386 
2285 2557 2585 1759 
2286 1765 2678 2091 
2287 1608 2431 1609 
2288 2265 2488 1712 
2289 1586 2544 1760 
2290 1612 2434 2056 
2291 1855 1867 1866 
2292 143 1512 144 
2293 2419 2420 2196 
2294 158 2771 2697 
2295 1817 2461 1814 
2296 1900 2400 2399 
2297 1942 2376 1993 
2298 1829 2448 1862 
2299 2531 2927 2532 
2300 1924 2196 1991 
2301 1614 2442 1611 
2302 1582 1585 1584 
2303 133 2389 134 
2304 1571 1573 1572 
2305 1768 1769 1710 
2306 2217 2322 2317 
2307 118 1523 119 
2308 1527 2416 149 
2309 1871 2411 1691 
2310 2280 2282 2233 
2311 2302 2805 2733 
2312 1922 2431 1608 
2313 2207 2501 2500 
2314 2536 2537 1500 
2315 1889 2451 2014 
2316 1934 1948 1933 
2317 1643 2462 1634 
2318 1586 1760 1584 
2319 2078 2269 2266 
2320 1790 1797 1792 
2321 1781 2655 1782 
2322 2391 2394 2392 
2323 2055 2544 1610 
2324 2017 2019 2018 
2325 2414 2550 1585 
2326 2223 2224 2222 
2327 1776 2419 1924 
2328 2234 2255 2098 
2329 1638 1639 1636 
2330 1596 2429 2412 
2331 1907 2433 2013 
2332 2217 2317 2214 
2333 2473 2494 2072 
2334 1583 2414 1582 
2335 2579 2846 107 
2336 48 2729 2495 
2337 1829 2511 2448 
2338 2218 2221 2220 
2339 2752 2753 2478 
2340 2165 2193 2018 
2341 1912 2371 2060 
2342 1581 1582 1580 
2343 2165 2303 2193 
2344 2366 2367 98 
2345 1537 2804 44 
2346 57 2539 58 
2347 2363 2364 104 
2348 2062 2711 2215 
2349 2441 2761 1490 
2350 2089 2573 2090 
2351 2459 2732 1871 
2352 1585 1592 1586 
2353 1597 1598 1596 
2354 1609 1613 1611 
2355 1804 1912 1884 
2356 1789 2851 1790 
2357 1857 2628 1987 
2358 53 2518 54 
2359 2350 2809 1770 
2360 49 1509 50 
2361 2321 2670 2130 
2362 1628 2444 1635 
2363 2231 2232 2008 
2364 2531 2532 1841 
2365 1590 2412 1588 
2366 2624 2844 2843 
2367 1576 1770 1574 
2368 2421 2422 1905 
2369 152 2427 1529 
2370 1542 2848 2527 
2371 1781 1782 1769 
2372 146 1503 147 
2373 1898 2500 1764 
2374 1732 2578 1775 
2375 1592 1608 1593 
2376 1862 2448 2064 
2377 1529 2569 2436 
2378 1599 1778 1598 
2379 2440 2820 2441 
2380 2491 2492 2490 
2381 1674 1696 1662 
2382 2479 2482 2066 
2383 2435 2913 1767 
2384 2078 2266 2079 
2385 1739 2549 2496 
2386 50 2555 51 
2387 2437 2835 1674 
2388 2697 2771 2235 
2389 148 1527 149 
2390 1778 1848 1779 
2391 2191 2309 2271 
2392 1595 1596 1590 
2393 1728 2568 1771 
2394 2519 2673 1896 
2395 1893 2773 2384 
2396 1582 1584 1580 
2397 2427 2694 1529 
2398 1588 1902 1583 
2399 2006 2836 2333 
2400 2422 2424 2423 
2401 1860 1905 1763 
2402 2140 2515 2514 
2403 2440 2441 2439 
2404 2490 2493 1666 
2405 1806 2935 2383 
2406 1695 1700 1699 
2407 2071 2464 2463 
2408 2383 2935 2289 
2409 54 2518 1541 
2410 1848 1889 1849 
2411 2459 2488 2123 
2412 154 2436 1487 
2413 97 2366 98 
2414 2219 2322 2217 
2415 1962 2421 1860 
2416 103 2363 104 
2417 1601 2438 1599 
2418 2199 2203 2200 
2419 2796 2809 2350 
2420 2012 2801 2537 
2421 2870 2871 2510 
2422 1869 1875 1874 
2423 1924 2419 2196 
2424 106 2579 107 
2425 1596 2412 1590 
2426 2053 2352 2054 
2427 2511 2551 2448 
2428 1616 2292 1615 
2429 2090 2519 1974 
2430 1722 2531 1841 
2431 2351 2900 71 
2432 2066 2483 2026 
2433 1493 2753 2752 
2434 150 1496 151 
2435 1603 1604 1601 
2436 56 2536 1500 
2437 1693 2459 1871 
2438 1607 1615 1605 
2439 1889 2014 1890 
2440 1651 1652 1639 
2441 2207 2500 2034 
2442 1977 2331 1892 
2443 1960 2586 1962 
2444 2019 2166 2165 
2445 1624 1631 1623 
2446 1778 1779 1598 
2447 2448 2551 2390 
2448 2495 2729 2195 
2449 2013 2041 1887 
2450 1833 2491 2490 
2451 2066 2504 2479 
2452 2311 2312 2201 
2453 1697 1698 1696 
2454 2426 2545 2423 
2455 1525 2439 78 
2456 1527 2526 2416 
2457 1613 1621 1614 
2458 1675 1922 1608 
2459 1833 2490 1676 
2460 1631 1888 1767 
2461 1604 2438 1601 
2462 2131 2557 2496 
2463 1581 1583 1582 
2464 1848 1849 1779 
2465 2438 2823 2773 
2466 1620 1623 1618 
2467 2213 2326 2061 
2468 2393 2888 2845 
2469 152 1529 153 
2470 2366 2375 2367 
2471 2284 2934 2331 
2472 1644 1645 1643 
2473 1754 2494 1809 
2474 1582 2414 1585 
2475 1893 2451 1889 
2476 1860 2421 1905 
2477 1627 2444 1628 
2478 2021 2022 1922 
2479 2341 2684 2346 
2480 1875 1882 1881 
2481 1948 2751 1933 
2482 2126 2127 2022 
2483 2312 2579 2201 
2484 1766 2618 1688 
2485 2375 2671 1993 
2486 2452 2453 2014 
2487 55 2536 56 
2488 2423 2545 1905 
2489 1951 1952 1949 
2490 1834 2007 1907 
2491 2133 2556 2499 
2492 1575 1576 1574 
2493 2200 2661 2445 
2494 2073 2478 2075 
2495 2422 2423 1905 
2496 2437 2929 2835 
2497 1634 2462 1626 
2498 2452 2505 2455 
2499 2574 2594 1668 
2500 1646 1647 1645 
2501 1487 2457 155 
2502 2100 2268 2058 
2503 1637 1984 1883 
2504 1626 2466 1624 
2505 2452 2455 2453 
2506 1597 1599 1598 
2507 1974 2519 1896 
2508 2204 2626 2085 
2509 1822 2511 1829 
2510 1621 1627 1622 
2511 1889 1890 1849 
2512 2176 2569 2174 
2513 46 1494 47 
2514 1595 1597 1596 
2515 1641 1643 1634 
2516 1709 1710 1698 
2517 2544 2759 1760 
2518 2155 2243 2127 
2519 2424 2425 2423 
2520 1940 1942 1941 
2521 1963 1965 1888 
2522 2493 2563 1652 
2523 154 1487 155 
2524 1877 2552 1878 
2525 78 2439 79 
2526 2219 2503 2322 
2527 1779 2629 2429 
2528 2109 2485 2107 
2529 2361 2650 2358 
2530 1603 1605 1604 
2531 1648 1658 1647 
2532 1572 2809 1649 
2533 2091 2181 2094 
2534 1965 2027 2015 
2535 2357 2358 1513 
2536 1631 1767 1623 
2537 132 1544 133 
2538 2492 2493 2490 
2539 2386 2626 2387 
2540 1676 2490 1666 
2541 147 2409 148 
2542 2206 2207 2034 
2543 1628 1635 1630 
2544 2451 2454 2452 
2545 2476 2522 2474 
2546 2438 2773 1778 
2547 1840 2722 1716 
2548 2843 2844 2301 
2549 2329 2503 2219 
2550 1544 2875 2389 
2551 83 1484 84 
2552 2188 2644 2191 
2553 2244 2468 2243 
2554 1752 2494 1754 
2555 1607 1616 1615 
2556 1998 2234 2098 
2557 1579 1580 1578 
2558 1763 2545 1708 
2559 1713 2513 1833 
2560 2482 2483 2066 
2561 1645 2071 1643 
2562 1708 2528 1672 
2563 1736 2496 1759 
2564 1573 1575 1574 
2565 2472 2704 1523 
2566 2320 2945 2090 
2567 2866 2891 138 
2568 2436 2443 1487 
2569 2462 2466 1626 
2570 1540 2508 2507 
2571 2454 2505 2452 
2572 1658 1668 1660 
2573 1577 1578 1576 
2574 2408 2594 2574 
2575 2464 2465 2463 
2576 1861 2799 2369 
2577 2513 2517 1833 
2578 1620 1624 1623 
2579 1911 2556 2133 
2580 2507 2509 1548 
2581 2140 2516 2515 
2582 2353 2540 2470 
2583 2034 2500 1898 
2584 2537 2538 1500 
2585 1848 1893 1889 
2586 1981 2053 2046 
2587 1953 1954 1952 
2588 119 2403 120 
2589 149 2416 150 
2590 2768 2954 2373 
2591 1641 1644 1643 
2592 1644 1646 1645 
2593 151 2427 152 
2594 51 2555 2498 
2595 1718 2548 1840 
2596 1915 2082 1988 
2597 2086 2273 2027 
2598 1965 2015 1888 
2599 2021 2126 2022 
2600 1737 2885 2455 
2601 1645 2560 2071 
2602 2126 2155 2127 
2603 1983 2311 2201 
2604 1809 2494 2473 
2605 1646 1648 1647 
2606 2243 2275 2127 
2607 2512 2889 2271 
2608 1668 1678 1669 
2609 2693 2722 2581 
2610 1857 1987 1921 
2611 1664 1665 1663 
2612 1631 1963 1888 
2613 1814 2461 1812 
2614 2475 2476 2474 
2615 2347 2348 2285 
2616 1818 1819 1817 
2617 61 2616 62 
2618 1816 1817 1814 
2619 2078 2079 2041 
2620 2199 2200 1982 
2621 2077 2413 1984 
2622 1672 2528 1655 
2623 2215 2711 2250 
2624 77 1525 78 
2625 2282 2306 2233 
2626 2168 2625 2166 
2627 1812 1917 1659 
2628 1675 2021 1922 
2629 1846 2494 1752 
2630 1865 2504 1967 
2631 1579 1581 1580 
2632 43 1537 44 
2633 82 2428 83 
2634 1518 2720 2698 
2635 2553 2554 2081 
2636 1919 2522 2036 
2637 49 2495 1509 
2638 2013 2433 2432 
2639 153 2436 154 
2640 2614 2663 1821 
2641 1658 1660 1647 
2642 2436 2569 2443 
2643 173 2792 2785 
2644 1942 1944 1943 
2645 2155 2244 2243 
2646 1678 1752 1679 
2647 1820 1822 1819 
2648 1825 2484 1819 
2649 2036 2522 2251 
2650 2075 2478 2475 
2651 1648 1659 1658 
2652 2401 2839 1541 
2653 1995 2553 2081 
2654 2143 2562 2529 
2655 1858 2560 1660 
2656 2894 2937 2566 
2657 2161 2163 2162 
2658 1696 2617 1662 
2659 2720 2921 2698 
2660 1713 1833 1676 
2661 2237 2727 2238 
2662 2067 2444 1627 
2663 2092 2949 2535 
2664 1635 1638 1636 
2665 2775 2878 2501 
2666 2014 2456 1890 
2667 1504 2625 2363 
2668 1822 1829 1825 
2669 2364 2914 1508 
2670 1924 1991 1990 
2671 1930 1932 1931 
2672 1668 1669 1660 
2673 2163 2240 2164 
2674 2164 2859 2532 
2675 1977 2349 2347 
2676 1965 2086 2027 
2677 156 1528 157 
2678 1660 2560 1647 
2679 41 1495 42 
2680 1771 2530 1726 
2681 1765 2091 1842 
2682 1753 1846 1752 
2683 1576 2683 1770 
2684 1966 2504 1865 
2685 2112 2672 1956 
2686 1858 2630 2464 
2687 1812 2461 1917 
2688 2554 2588 2081 
2689 2417 2802 2523 
2690 1746 1780 1745 
2691 1744 1745 1741 
2692 1678 1679 1669 
2693 1819 2484 1817 
2694 2579 2837 2201 
2695 2103 2504 1966 
2696 1525 2440 2439 
2697 1485 2697 2529 
2698 2140 2514 2136 
2699 2244 2469 2468 
2700 1670 1671 1665 
2701 2603 2776 2764 
2702 1736 1759 1734 
2703 1724 2531 1722 
2704 1659 2574 1658 
2705 1892 2658 1802 
2706 2388 2525 2065 
2707 2293 2561 2068 
2708 1829 1862 1830 
2709 1818 1820 1819 
2710 1739 2496 1736 
2711 1827 1828 1823 
2712 2446 2447 2182 
2713 2771 2815 2235 
2714 1816 1818 1817 
2715 1822 1825 1819 
2716 1752 1754 1679 
2717 2133 2520 2134 
2718 1593 2544 1586 
2719 2107 2590 1938 
2720 1754 1809 1757 
2721 1958 1959 1846 
2722 2068 2561 2067 
2723 1732 1775 1730 
2724 1835 1864 1828 
2725 1780 1909 1908 
2726 1820 1823 1822 
2727 1932 1934 1933 
2728 1838 2571 1886 
2729 2072 2494 1846 
2730 2007 2231 2008 
2731 1829 1830 1825 
2732 2067 2746 2444 
2733 155 2457 156 
2734 2508 2509 2507 
2735 2410 2912 2246 
2736 1809 1918 1810 
2737 2065 2525 1970 
2738 1678 1753 1752 
2739 1823 2511 1822 
2740 1967 2504 2066 
2741 2501 2794 1807 
2742 1483 2608 2362 
2743 2131 2549 1908 
2744 1728 1771 1726 
2745 1540 2507 121 
2746 120 1540 121 
2747 1748 2847 2762 
2748 1744 1746 1745 
2749 48 2495 49 
2750 2479 2504 2103 
2751 1637 1883 1629 
2752 1753 1958 1846 
2753 1944 2006 2005 
2754 1862 1970 1863 
2755 1720 2548 1718 
2756 2081 2570 1879 
2757 2431 2657 1613 
2758 1622 2681 1614 
2759 1780 1908 1745 
2760 1908 2549 1745 
2761 1836 2722 2693 
2762 2221 2223 2222 
2763 1890 1904 1903 
2764 1910 1978 1909 
2765 1865 1967 1864 
2766 2405 2446 2181 
2767 2145 2235 2161 
2768 1623 2467 1618 
2769 1828 2511 1823 
2770 122 2507 1548 
2771 1828 2551 2511 
2772 2473 2474 1918 
2773 1959 2073 2072 
2774 1862 1863 1830 
2775 2145 2529 2235 
2776 1692 1693 1691 
2777 2102 2103 1966 
2778 2232 2304 2280 
2779 1809 1810 1757 
2780 1827 1835 1828 
2781 38 1535 39 
2782 1859 1860 1763 
2783 2227 2237 2226 
2784 1967 2026 1968 
2785 2475 2477 2476 
2786 2032 2092 2049 
2787 1911 2133 2132 
2788 100 2703 101 
2789 1918 2522 1919 
2790 1807 1808 1773 
2791 1984 2093 1985 
2792 1919 2036 1936 
2793 1967 1968 1864 
2794 2163 2164 2162 
2795 1741 2549 1739 
2796 1960 1962 1860 
2797 122 1548 123 
2798 2337 2338 2103 
2799 1690 1691 1689 
2800 2074 2110 2073 
2801 1780 1910 1909 
2802 1600 1601 1599 
2803 143 2566 1512 
2804 1809 2473 1918 
2805 1970 2525 1971 
2806 1606 1607 1605 
2807 1968 2551 1864 
2808 2133 2134 2132 
2809 36 1499 37 
2810 1577 1579 1578 
2811 2064 2065 1970 
2812 1909 1911 1908 
2813 2244 2734 2696 
2814 2036 2229 2037 
2815 1776 1924 1894 
2816 142 2566 143 
2817 1969 2552 1877 
2818 2036 2037 1936 
2819 1959 2074 2073 
2820 1959 2072 1846 
2821 2606 2918 2087 
2822 1979 2178 1978 
2823 2390 2551 1968 
2824 1730 2568 1728 
2825 1633 1634 1626 
2826 1835 1865 1864 
2827 1918 1919 1810 
2828 2108 2109 2107 
2829 1617 1618 1616 
2830 1970 1971 1863 
2831 1619 1620 1618 
2832 1762 1763 1708 
2833 2073 2075 2072 
2834 2024 2198 2197 
2835 1625 1626 1624 
2836 1587 1588 1583 
2837 2203 2487 2200 
2838 1535 2654 2396 
2839 2338 2480 2479 
2840 1789 1790 1788 
2841 2026 2204 2085 
2842 1959 2558 2074 
2843 32 1502 33 
2844 77 2486 1525 
2845 1594 1595 1590 
2846 2102 2337 2103 
2847 1909 2556 1911 
2848 2026 2085 1968 
2849 2474 2522 1918 
2850 2125 2293 2068 
2851 2664 2949 2092 
2852 2134 2140 2136 
2853 34 1536 35 
2854 2145 2161 2146 
2855 1934 1949 1948 
2856 1862 2064 1970 
2857 1780 2565 1910 
2858 128 1549 129 
2859 2138 2313 2141 
2860 2178 2315 2179 
2861 2338 2479 2103 
2862 2393 2413 2077 
2863 1722 1841 1720 
2864 1589 1590 1588 
2865 2089 2090 1974 
2866 2178 2179 1978 
2867 2161 2162 2146 
2868 1541 2850 2401 
2869 1813 1814 1812 
2870 1910 1979 1978 
2871 2434 2638 2100 
2872 1928 2617 1696 
2873 1886 2571 2024 
2874 1699 2917 1671 
2875 2136 2514 2138 
2876 2229 2277 2037 
2877 2074 2558 2278 
2878 94 2721 95 
2879 2074 2111 2110 
2880 1734 2578 1732 
2881 1511 2379 109 
2882 2181 2446 2182 
2883 121 2507 122 
2884 2530 2531 1724 
2885 130 2533 1546 
2886 2386 2387 2065 
2887 1483 2362 90 
2888 111 2357 1513 
2889 1638 1651 1639 
2890 2179 2556 1978 
2891 91 2362 1517 
2892 110 2379 2357 
2893 1754 1757 1755 
2894 1726 2530 1724 
2895 1602 1603 1601 
2896 2041 2655 1887 
2897 2387 2388 2065 
2898 2097 2553 1995 
2899 116 1519 117 
2900 1640 1641 1634 
2901 2143 2529 2145 
2902 1549 2533 129 
2903 2299 2327 2042 
2904 1911 2132 2131 
2905 2042 2586 1960 
2906 1826 1827 1823 
2907 2516 2867 1488 
2908 2208 2663 2614 
2909 1701 1708 1672 
2910 2134 2520 2140 
2911 1910 2565 2147 
2912 1815 1816 1814 
2913 2508 2510 2509 
2914 1967 2066 2026 
2915 29 1510 30 
2916 2499 2556 2179 
2917 1847 2265 1712 
2918 1811 1812 1659 
2919 1905 2545 1763 
2920 1833 2517 2491 
2921 2371 2711 2060 
2922 2141 2562 2143 
2923 2064 2386 2065 
2924 1919 1936 1935 
2925 2011 2070 1923 
2926 1836 2513 1713 
2927 2480 2482 2479 
2928 2315 2316 2179 
2929 2296 2558 1958 
2930 2138 2141 2139 
2931 1612 2056 2055 
2932 1877 1878 1831 
2933 2338 2481 2480 
2934 1575 1577 1576 
2935 1900 2310 1844 
2936 1632 2067 1627 
2937 1925 1966 1865 
2938 2036 2251 2229 
2939 2263 2286 2097 
2940 76 2486 77 
2941 1979 2180 2178 
2942 2087 2102 1966 
2943 25 1550 26 
2944 1743 1744 1741 
2945 2138 2514 2313 
2946 1735 1736 1734 
2947 1729 1730 1728 
2948 2140 2520 2516 
2949 2106 2107 1938 
2950 1844 2618 1766 
2951 2069 2296 1958 
2952 2566 2937 1512 
2953 2134 2136 2135 
2954 1687 1689 1685 
2955 2244 2696 2469 
2956 2141 2143 2142 
2957 27 1538 28 
2958 2286 2553 2097 
2959 1738 1739 1736 
2960 2113 2115 1969 
2961 2115 2552 1969 
2962 75 1501 76 
2963 1841 2548 1720 
2964 1731 1732 1730 
2965 2747 2749 112 
2966 1592 1675 1608 
2967 1955 1998 1954 
2968 159 1485 160 
2969 129 2533 130 
2970 1748 2565 1746 
2971 1864 2551 1828 
2972 2167 2168 2166 
2973 2024 2571 2198 
2974 1747 1748 1746 
2975 1725 1726 1724 
2976 1647 2560 1645 
2977 69 1524 70 
2978 2318 2844 2319 
2979 2453 2456 2014 
2980 2136 2138 2137 
2981 1995 2081 1879 
2982 1745 2549 1741 
2983 1740 1741 1739 
2984 1958 2558 1959 
2985 1733 1734 1732 
2986 2265 2939 2346 
2987 1727 1728 1726 
2988 1978 2556 1909 
2989 2272 2889 2813 
2990 2143 2145 2144 
2991 83 2428 1484 
2992 2093 2253 2202 
2993 1936 2521 2044 
2994 2134 2135 2132 
2995 1998 2547 2234 
2996 2084 2230 1973 
2997 2037 2521 1936 
2998 2369 2903 1992 
2999 2540 2883 2470 
3000 2141 2142 2139 
3001 1754 1755 1679 
3002 2529 2697 2235 
3003 2278 2290 2111 
3004 2427 2748 2694 
3005 130 1546 131 
3006 1841 2641 2548 
3007 2732 2758 1871 
3008 1854 1855 1853 
3009 2255 2650 2098 
3010 31 2589 32 
3011 2313 2562 2141 
3012 1936 2044 1935 
3013 1746 2565 1780 
3014 1668 2594 1678 
3015 1890 1903 1849 
3016 1485 2542 160 
3017 1706 1707 1700 
3018 1658 2574 1668 
3019 1911 2131 1908 
3020 2487 2661 2200 
3021 85 1526 86 
3022 2085 2390 1968 
3023 1820 1826 1823 
3024 1775 2568 1730 
3025 2410 2873 2409 
3026 2138 2139 2137 
3027 2218 2699 2221 
3028 1863 2016 1830 
3029 1753 2069 1958 
3030 1669 1858 1660 
3031 73 2512 74 
3032 2316 2499 2179 
3033 1919 1935 1810 
3034 2145 2146 2144 
3035 2074 2278 2111 
3036 2671 2944 1993 
3037 1925 2087 1966 
3038 1940 1941 1851 
3039 160 2542 161 
3040 1993 2944 1944 
3041 1694 1695 1671 
3042 2143 2144 2142 
3043 2434 2902 2638 
3044 1767 2467 1623 
3045 2425 2426 2423 
3046 1718 1840 1716 
3047 2136 2137 2135 
3048 1835 1925 1865 
3049 161 1530 162 
3050 2102 2506 2337 
3051 1644 1650 1646 
3052 2327 2586 2042 
3053 1744 1747 1746 
3054 2710 2783 2400 
3055 161 2542 1530 
3056 2132 2557 2131 
3057 1757 2584 1906 
3058 1878 2614 1831 
3059 1910 2147 1979 
3060 72 1505 73 
3061 1757 1906 1755 
3062 184 1516 185 
3063 1665 2917 2437 
3064 1904 2247 1903 
3065 1759 2578 1734 
3066 1654 1664 1663 
3067 186 1545 187 
3068 1834 2674 2007 
3069 1714 1836 1713 
3070 2373 2502 2332 
3071 1729 1731 1730 
3072 2872 2911 1509 
3073 2357 2359 2358 
3074 1648 1811 1659 
3075 1826 1879 1827 
3076 1735 1738 1736 
3077 2465 2930 2086 
3078 185 2564 186 
3079 2603 2719 2264 
3080 1542 2527 59 
3081 1767 2913 2467 
3082 2069 2297 2296 
3083 1697 2835 1711 
3084 181 1507 182 
3085 1525 2497 2440 
3086 2059 2158 1997 
3087 1813 1815 1814 
3088 1677 1713 1676 
3089 1712 2488 1693 
3090 87 1506 88 
3091 1912 1997 1884 
3092 2615 2616 2105 
3093 1727 1729 1728 
3094 2312 2846 2579 
3095 1811 1813 1812 
3096 1733 1735 1734 
3097 177 2572 178 
3098 1508 2837 2579 
3099 2343 2856 2249 
3100 1749 2816 2468 
3101 1603 1606 1605 
3102 1740 1743 1741 
3103 1723 1724 1722 
3104 1500 2539 57 
3105 2446 2634 2447 
3106 171 1532 172 
3107 164 1488 165 
3108 167 1531 168 
3109 1731 1733 1732 
3110 1725 1727 1726 
3111 1747 1756 1748 
3112 178 1498 179 
3113 2724 2947 1550 
3114 1723 1725 1724 
3115 174 1493 175 
3116 169 1489 170 
3117 176 1533 177 
3118 1620 1625 1624 
3119 175 2577 176 
3120 170 2576 171 
3121 168 2575 169 
3122 1738 1740 1739 
3123 1597 1600 1599 
3124 2275 2916 2127 
3125 2602 2603 1499 
3126 1675 2052 2021 
3127 2139 2336 2137 
3128 2125 2591 2293 
3129 2181 2182 2094 
3130 2333 2940 2006 
3131 2135 2557 2132 
3132 2451 2725 2454 
3133 2230 2619 1973 
3134 1607 1617 1616 
3135 2144 2307 2142 
3136 183 2583 184 
3137 2191 2644 2309 
3138 1922 2791 2431 
3139 1951 1953 1952 
3140 2385 2655 2041 
3141 115 2417 116 
3142 1680 2713 2407 
3143 2044 2287 2083 
3144 1667 1676 1666 
3145 2548 2770 1840 
3146 1991 2122 1990 
3147 1815 1821 1816 
3148 1677 1714 1713 
3149 89 2430 4 
3150 2396 2764 2115 
3151 1625 1633 1626 
3152 2056 2058 2057 
3153 1496 2807 2748 
3154 2593 2619 2088 
3155 4 2430 1483 
3156 2224 2227 2226 
3157 1584 2450 1580 
3158 1744 2593 1747 
3159 1879 2570 1827 
3160 38 2654 1535 
3161 2175 2176 2174 
3162 2165 2789 2303 
3163 2486 2497 1525 
3164 1581 1587 1583 
3165 2091 2094 1842 
3166 1516 2564 185 
3167 2595 2630 1858 
3168 1501 2486 76 
3169 186 2564 1545 
3170 1617 1619 1618 
3171 2044 2083 1935 
3172 1868 1869 1867 
3173 1755 2595 1679 
3174 2630 2930 2465 
3175 1633 1640 1634 
3176 32 2589 1502 
3177 2776 2780 2552 
3178 1827 2570 1835 
3179 1753 2594 2069 
3180 2162 2186 2146 
3181 1835 2570 1925 
3182 2173 2581 2175 
3183 2030 2664 2032 
3184 125 1539 126 
3185 1900 2710 2400 
3186 2146 2580 2144 
3187 2737 2871 2870 
3188 1669 2595 1858 
3189 1859 1960 1860 
3190 84 2489 85 
3191 2310 2618 1844 
3192 2142 2582 2139 
3193 2149 2523 2047 
3194 1924 1990 1894 
3195 2276 2630 2595 
3196 1620 2534 1625 
3197 1585 2550 1592 
3198 1510 2606 2605 
3199 141 2698 142 
3200 2084 2435 2230 
3201 1810 2584 1757 
3202 1619 2534 1620 
3203 1662 2617 1653 
3204 2053 2054 2046 
3205 2173 2174 2172 
3206 137 2866 138 
3207 184 2583 1516 
3208 1820 2597 1826 
3209 2120 2169 2050 
3210 1699 2959 2294 
3211 43 2600 1537 
3212 1762 1859 1763 
3213 1873 2619 2593 
3214 2081 2588 2570 
3215 70 2830 71 
3216 1678 2594 1753 
3217 2627 2645 1962 
3218 2346 2939 2070 
3219 1693 2488 2459 
3220 1701 1762 1708 
3221 113 1515 114 
3222 88 2559 89 
3223 2171 2172 2170 
3224 2139 2582 2336 
3225 1770 2809 1574 
3226 1971 2963 2334 
3227 1600 1602 1601 
3228 1612 2055 1610 
3229 1517 2701 92 
3230 2137 2585 2135 
3231 1667 1677 1676 
3232 2186 2580 2146 
3233 2287 2288 2083 
3234 93 2701 1486 
3235 1743 2593 1744 
3236 1652 2563 1654 
3237 2290 2717 2111 
3238 2581 2722 1840 
3239 1899 2030 2029 
3240 2069 2408 2297 
3241 2120 2171 2170 
3242 2639 2643 2268 
3243 1679 2595 1669 
3244 2307 2582 2142 
3245 1994 2208 2096 
3246 176 2577 1533 
3247 1489 2576 170 
3248 169 2575 1489 
3249 1935 2584 1810 
3250 2120 2170 2169 
3251 2173 2175 2174 
3252 2061 2402 2059 
3253 1917 2723 2408 
3254 2088 2328 1756 
3255 1533 2572 177 
3256 2659 2712 2082 
3257 178 2572 1498 
3258 1589 1594 1590 
3259 1906 2276 1755 
3260 2363 2365 2364 
3261 1925 2588 2087 
3262 171 2576 1532 
3263 1493 2577 175 
3264 1531 2575 168 
3265 2144 2580 2307 
3266 2106 2108 2107 
3267 2485 2685 1606 
3268 2608 2609 2362 
3269 1994 1995 1879 
3270 1527 2873 2526 
3271 2171 2173 2172 
3272 1838 1873 1743 
3273 2297 2723 2298 
3274 1632 2068 2067 
3275 2019 2167 2166 
3276 2069 2594 2408 
3277 2276 2595 1755 
3278 1675 2550 2052 
3279 1723 1749 1725 
3280 2345 2911 2872 
3281 1729 1737 1731 
3282 2175 2177 2176 
3283 1826 1994 1879 
3284 1747 2593 2088 
3285 1818 2597 1820 
3286 2087 2855 2606 
3287 2135 2585 2557 
3288 2096 2097 1995 
3289 1587 1589 1588 
3290 63 2615 1543 
3291 1747 2088 1756 
3292 2336 2585 2137 
3293 2049 2119 2050 
3294 1497 2893 2323 
3295 1735 1742 1738 
3296 1942 1943 1941 
3297 2687 2717 2290 
3298 1742 2706 2601 
3299 1550 2607 26 
3300 1886 1973 1873 
3301 2032 2049 2033 
3302 1664 1670 1665 
3303 2148 2263 2097 
3304 1561 1761 1563 
3305 1886 2024 2023 
3306 182 2598 183 
3307 1650 2620 1646 
3308 1591 2634 2446 
3309 2024 2197 2080 
3310 2460 2931 2395 
3311 1740 1838 1743 
3312 1592 2550 1675 
3313 1507 2598 182 
3314 2286 2646 2553 
3315 27 2607 1538 
3316 1826 2597 1994 
3317 2197 2384 2274 
3318 2083 2584 1935 
3319 1661 1666 1651 
3320 1695 1706 1700 
3321 1670 1694 1671 
3322 1903 2629 1849 
3323 1534 2777 2541 
3324 1824 1831 1821 
3325 1721 1722 1720 
3326 1654 2563 1664 
3327 1567 1657 1569 
3328 1824 1947 1832 
3329 2030 2032 2031 
3330 1539 2689 2688 
3331 1690 1692 1691 
3332 26 2607 27 
3333 183 2598 2583 
3334 2023 2084 1973 
3335 30 2605 31 
3336 1873 2593 1743 
3337 1692 1712 1693 
3338 1557 1972 1559 
3339 2570 2588 1925 
3340 1510 2605 30 
3341 2370 2375 2366 
3342 2346 2884 2265 
3343 2199 2837 2203 
3344 33 2599 34 
3345 2119 2120 2050 
3346 2049 2050 2033 
3347 1994 2096 1995 
3348 4 1483 90 
3349 111 1513 6 
3350 1648 2620 1811 
3351 35 2602 36 
3352 34 2599 1536 
3353 2762 2847 2287 
3354 108 1511 109 
3355 91 1517 92 
3356 109 2379 110 
3357 102 1504 103 
3358 96 1491 97 
3359 90 2362 91 
3360 110 2357 111 
3361 1832 1877 1831 
3362 1687 1690 1689 
3363 93 1486 94 
3364 2389 2777 1534 
3365 36 2602 1499 
3366 1621 1632 1627 
3367 2398 2849 2540 
3368 99 1492 100 
3369 1502 2599 33 
3370 1796 1800 1799 
3371 1929 1930 1882 
3372 105 1508 106 
3373 2444 2652 1635 
3374 1838 1886 1873 
3375 1553 2105 1555 
3376 1760 2450 1584 
3377 1646 2620 1648 
3378 1811 2099 1813 
3379 1891 1892 1802 
3380 2532 2641 1841 
3381 1944 2005 1943 
3382 2033 2246 2031 
3383 1579 2567 1581 
3384 42 2600 43 
3385 1901 1969 1877 
3386 1815 1824 1821 
3387 1581 2567 1587 
3388 1984 1985 1883 
3389 2096 2148 2097 
3390 2688 2689 1549 
3391 31 2605 2589 
3392 2586 2627 1962 
3393 1719 1720 1718 
3394 1991 2662 2122 
3395 117 2472 118 
3396 2602 2719 2603 
3397 1536 2602 35 
3398 1677 1715 1714 
3399 2007 2674 2314 
3400 1517 2924 2701 
3401 1887 2655 1781 
3402 2028 2034 1898 
3403 1602 2590 1603 
3404 2363 2625 2365 
3405 1661 1667 1666 
3406 6 2747 112 
3407 1886 2023 1973 
3408 1976 1977 1892 
3409 1821 2663 1816 
3410 1901 2116 2076 
3411 2011 2252 2070 
3412 2148 2264 2263 
3413 1953 1955 1954 
3414 1849 2629 1779 
3415 1838 2601 2571 
3416 2032 2033 2031 
3417 2155 2763 2734 
3418 2854 2875 1544 
3419 2076 2113 1969 
3420 2360 2361 2358 
3421 1715 1716 1714 
3422 1577 2035 1579 
3423 2331 2658 1892 
3424 132 2795 1544 
3425 2359 2360 2358 
3426 1642 2118 1656 
3427 1491 2366 97 
3428 1504 2363 103 
3429 2024 2080 2023 
3430 2247 2248 1903 
3431 1900 2399 2310 
3432 1719 1880 1721 
3433 1738 2601 1740 
3434 2030 2031 2029 
3435 68 2718 69 
3436 1685 2735 1683 
3437 2086 2905 2273 
3438 1994 2597 2208 
3439 2197 2274 2080 
3440 1717 1718 1716 
3441 1508 2579 106 
3442 1824 1832 1831 
3443 2532 2859 2641 
3444 1642 1655 1640 
3445 1837 1946 1619 
3446 1505 2512 73 
3447 159 2697 1485 
3448 1938 2590 1602 
3449 2114 2339 2113 
3450 2221 2699 2254 
3451 2167 2279 2168 
3452 1883 2681 1629 
3453 1715 1945 1717 
3454 1801 1804 1803 
3455 1973 2619 1873 
3456 1782 1784 1783 
3457 1495 2600 42 
3458 2104 2206 2034 
3459 2124 2125 2068 
3460 1656 1672 1655 
3461 2001 2002 1999 
3462 2601 2706 2571 
3463 1832 1901 1877 
3464 2553 2646 2554 
3465 1937 2241 2004 
3466 2584 2642 1906 
3467 115 2543 2417 
3468 37 2654 38 
3469 1811 2620 2099 
3470 1831 2614 1821 
3471 2248 2629 1903 
3472 2119 2666 2120 
3473 2340 2395 2339 
3474 1721 1723 1722 
3475 1673 1703 1702 
3476 1633 1642 1640 
3477 2108 2662 2109 
3478 2319 2720 1518 
3479 1698 1928 1696 
3480 1813 2611 1815 
3481 1488 2915 2516 
3482 1673 1701 1672 
3483 2228 2708 2699 
3484 2314 2333 2231 
3485 59 2527 60 
3486 2773 2823 2384 
3487 2288 2642 2083 
3488 1491 2370 2366 
3489 2455 2928 1737 
3490 1506 2559 88 
3491 2305 2932 1547 
3492 1742 2601 1738 
3493 2334 2963 2278 
3494 95 2824 96 
3495 1848 2773 1893 
3496 1484 2489 84 
3497 1901 2076 1969 
3498 1703 1776 1704 
3499 67 2958 2932 
3500 1946 2534 1619 
3501 2628 2668 1987 
3502 1617 1837 1619 
3503 2393 2845 2413 
3504 1961 2042 1960 
3505 114 2543 115 
3506 1899 2029 2028 
3507 2819 2940 2333 
3508 2093 2202 1985 
3509 2468 2816 2243 
3510 89 2559 2430 
3511 1603 2590 1606 
3512 1540 2745 2508 
3513 1719 1721 1720 
3514 1740 2601 1838 
3515 1937 1938 1602 
3516 2216 2699 2218 
3517 1961 2129 2043 
3518 2370 2671 2375 
3519 1606 2685 1607 
3520 1597 2649 1600 
3521 1796 2742 1800 
3522 1818 2663 2597 
3523 2025 2112 1956 
3524 1926 2239 1694 
3525 2191 2271 2192 
3526 1776 1894 1777 
3527 1751 1807 1773 
3528 1824 2611 1947 
3529 1573 1591 1575 
3530 2076 2114 2113 
3531 1667 2612 1677 
3532 2227 2270 2237 
3533 1661 2117 1667 
3534 1704 1839 1702 
3535 1768 2674 1834 
3536 2425 2769 2426 
3537 1682 1927 1684 
3538 2004 2106 1938 
3539 2295 2959 1699 
3540 2129 2183 2130 
3541 2056 2057 2055 
3542 187 2724 188 
3543 1541 2839 2536 
3544 2043 2299 2042 
3545 2270 2784 2237 
3546 1680 1681 1594 
3547 2173 2693 2581 
3548 1717 1719 1718 
3549 2224 2692 2227 
3550 2541 2814 2040 
3551 1950 1951 1949 
3552 1600 1937 1602 
3553 1642 1656 1655 
3554 2759 2860 1760 
3555 1878 2716 2614 
3556 2032 2664 2092 
3557 2083 2642 2584 
3558 2002 2547 1999 
3559 1504 2789 2625 
3560 1899 2028 1898 
3561 2114 2340 2339 
3562 2237 2784 2727 
3563 1859 1961 1960 
3564 1715 1717 1716 
3565 2552 2780 1878 
3566 2079 2385 2041 
3567 1595 2649 1597 
3568 2471 2811 2160 
3569 1632 2124 2068 
3570 116 2417 1519 
3571 2371 2898 2711 
3572 2099 2611 1813 
3573 1638 1661 1651 
3574 1837 2302 1946 
3575 125 2680 1539 
3576 2835 2929 2291 
3577 1710 2604 1698 
3578 1845 1899 1898 
3579 1999 2547 1998 
3580 1895 2020 1897 
3581 1706 1764 1707 
3582 1815 2611 1824 
3583 2320 2321 2130 
3584 2155 2734 2244 
3585 1656 1673 1672 
3586 1686 1765 1688 
3587 146 2841 1503 
3588 1808 1854 1853 
3589 62 2615 63 
3590 2188 2191 2190 
3591 1701 2613 1762 
3592 1895 1896 1777 
3593 2058 2284 2057 
3594 2124 2637 2125 
3595 2028 2104 2034 
3596 2340 2460 2395 
3597 85 2489 1526 
3598 181 2700 1507 
3599 2650 2747 1513 
3600 67 2932 68 
3601 1682 1683 1681 
3602 2023 2631 2084 
3603 1495 2931 2460 
3604 1589 1680 1594 
3605 1765 1842 1766 
3606 2012 2783 2710 
3607 2845 2888 1876 
3608 2785 2792 2477 
3609 2235 2815 2161 
3610 2338 2754 2481 
3611 2114 2627 2340 
3612 1816 2663 1818 
3613 2385 2868 1806 
3614 2539 2922 1542 
3615 1673 1702 1701 
3616 2003 2047 2002 
3617 2597 2663 2208 
3618 1897 1974 1896 
3619 2374 2596 2321 
3620 2122 2123 1990 
3621 1947 2636 1832 
3622 47 2729 48 
3623 2456 2734 1904 
3624 1684 1685 1683 
3625 1539 2688 126 
3626 1975 2341 2128 
3627 1901 2636 2116 
3628 2038 2187 2039 
3629 1703 1704 1702 
3630 1670 1926 1694 
3631 1758 2063 1872 
3632 1715 2612 1945 
3633 2351 2830 2343 
3634 1937 2004 1938 
3635 1955 1999 1998 
3636 1804 1884 1805 
3637 2210 2211 2209 
3638 2273 2728 2027 
3639 2241 2242 2004 
3640 1483 2861 2608 
3641 1642 2640 2118 
3642 1797 2925 2708 
3643 2017 2621 2019 
3644 1975 2089 1974 
3645 1629 2681 1622 
3646 1961 2043 2042 
3647 1625 2640 1633 
3648 2368 2899 2376 
3649 1686 1687 1685 
3650 1855 1868 1867 
3651 124 2680 125 
3652 1499 2654 37 
3653 1784 1786 1785 
3654 1851 2587 1774 
3655 1776 1777 1704 
3656 1575 2665 1577 
3657 1677 2612 1715 
3658 1695 2669 1706 
3659 2070 2939 1923 
3660 1915 1988 1916 
3661 2534 2640 1625 
3662 1875 1929 1882 
3663 101 2887 102 
3664 2080 2631 2023 
3665 1891 1976 1892 
3666 1843 1857 1856 
3667 1748 2762 2565 
3668 1758 1847 1712 
3669 2129 2130 2043 
3670 2035 2567 1579 
3671 1949 2920 1948 
3672 2128 2195 2089 
3673 1518 2698 141 
3674 1600 2649 1937 
3675 1988 2038 1989 
3676 1845 1898 1764 
3677 1857 1921 1920 
3678 1795 1870 1793 
3679 1578 2683 1576 
3680 2163 2842 2240 
3681 2538 2539 1500 
3682 2755 2814 2541 
3683 1680 1682 1681 
3684 1498 2730 179 
3685 2120 2666 2171 
3686 2010 2260 2259 
3687 2104 2308 2206 
3688 1894 1895 1777 
3689 1885 1915 1914 
3690 2101 2681 1883 
3691 2160 2811 2283 
3692 1546 2795 131 
3693 2400 2401 2324 
3694 1800 1801 1799 
3695 2117 2612 1667 
3696 2183 2320 2130 
3697 2775 2786 2262 
3698 2443 2876 1487 
3699 2331 2886 2658 
3700 2538 2801 2045 
3701 2007 2314 2231 
3702 2019 2621 2167 
3703 2265 2736 2488 
3704 2509 2933 1548 
3705 2116 2645 2076 
3706 2260 2324 2323 
3707 2208 2716 2096 
3708 1921 1981 1980 
3709 1872 1923 1847 
3710 1895 2651 2020 
3711 2187 2834 2644 
3712 1613 2657 1621 
3713 2609 2924 1517 
3714 1716 2722 1714 
3715 2577 2752 2740 
3716 2054 2160 2159 
3717 2252 2911 2345 
3718 1605 2853 1604 
3719 1682 1684 1683 
3720 1832 2636 1901 
3721 1951 2632 1953 
3722 1899 2744 2030 
3723 1706 1845 1764 
3724 2274 2660 2080 
3725 1839 2613 1702 
3726 2147 2767 1979 
3727 2359 2831 2360 
3728 1843 1844 1766 
3729 1981 2046 2045 
3730 2408 2723 2297 
3731 2520 2867 2516 
3732 1702 2613 1701 
3733 1870 2643 2639 
3734 1895 1897 1896 
3735 2320 2374 2321 
3736 2614 2716 2208 
3737 2094 2628 1842 
3738 1673 2653 1703 
3739 157 2771 158 
3740 1633 2640 1642 
3741 1692 1758 1712 
3742 2105 2691 2622 
3743 2532 2927 2164 
3744 2000 2185 2040 
3745 2478 2753 2475 
3746 2010 2011 1923 
3747 2638 2639 2100 
3748 2223 2692 2224 
3749 1934 1950 1949 
3750 2118 2653 1656 
3751 1571 2634 1573 
3752 1694 2669 1695 
3753 1762 2647 1859 
3754 2666 2693 2171 
3755 1555 2622 1557 
3756 1577 2665 2035 
3757 126 2688 127 
3758 2577 2740 1533 
3759 2254 2261 2223 
3760 2122 2732 2459 
3761 1684 1686 1685 
3762 1937 2649 2241 
3763 2105 2622 1555 
3764 1930 1964 1932 
3765 2316 2867 2499 
3766 2160 2283 2267 
3767 1547 2958 66 
3768 1856 1900 1844 
3769 2250 2325 2228 
3770 1961 2647 2129 
3771 1528 2815 2771 
3772 1897 1975 1974 
3773 2468 2827 1749 
3774 1531 2679 2575 
3775 1786 1788 1787 
3776 1607 2685 1617 
3777 2376 2926 2368 
3778 2696 2734 2456 
3779 1635 2652 1638 
3780 2555 2911 2252 
3781 2114 2645 2627 
3782 2210 2300 2212 
3783 1972 2811 2743 
3784 2284 2285 2057 
3785 1765 1766 1688 
3786 108 2846 1511 
3787 1706 2669 1845 
3788 1804 1805 1803 
3789 62 2616 2615 
3790 1957 2205 2095 
3791 2029 2656 2028 
3792 1686 1688 1687 
3793 1760 2860 2450 
3794 2418 2821 2189 
3795 2080 2660 2631 
3796 1621 2657 1632 
3797 158 2697 159 
3798 1492 2741 2703 
3799 1990 2651 1894 
3800 172 2792 173 
3801 1698 2604 1928 
3802 2618 2676 1688 
3803 2455 2885 2453 
3804 2076 2645 2114 
3805 1505 2889 2512 
3806 2317 2788 2213 
3807 1975 2128 2089 
3808 2156 2157 1976 
3809 1529 2694 2569 
3810 2174 2694 2172 
3811 2503 2787 1526 
3812 2368 2741 1492 
3813 1539 2933 2689 
3814 1985 2101 1883 
3815 2256 2257 1996 
3816 1515 2858 2682 
3817 2571 2706 2198 
3818 2210 2212 2211 
3819 2118 2790 2420 
3820 2239 2669 1694 
3821 2086 2930 2905 
3822 1842 1843 1766 
3823 1557 2622 1972 
3824 1980 2012 1920 
3825 2341 2345 2128 
3826 2232 2836 2304 
3827 1948 2831 2751 
3828 2453 2696 2456 
3829 1595 2726 2649 
3830 2060 2711 2062 
3831 1803 1891 1802 
3832 2271 2272 2192 
3833 2110 2752 2478 
3834 2581 2770 2175 
3835 92 2701 93 
3836 1758 1872 1847 
3837 1989 2152 1916 
3838 1801 1802 1799 
3839 1515 2682 2543 
3840 180 2700 181 
3841 167 2774 1531 
3842 2569 2694 2174 
3843 2572 2687 1498 
3844 1885 1913 1805 
3845 2048 2149 2047 
3846 2331 2934 2886 
3847 2052 2803 2021 
3848 1526 2787 86 
3849 2182 2707 2668 
3850 1782 1783 1769 
3851 1536 2719 2602 
3852 1972 2743 1559 
3853 1617 2685 1837 
3854 1914 1986 1913 
3855 1796 1799 1798 
3856 1991 2733 2662 
3857 2156 2245 2157 
3858 2447 2707 2182 
3859 2191 2192 2190 
3860 2264 2780 2776 
3861 2182 2668 2094 
3862 1868 1956 1869 
3863 2406 2863 2035 
3864 1843 2628 1857 
3865 2171 2693 2173 
3866 1933 2751 2051 
3867 2188 2189 2039 
3868 1656 2653 1673 
3869 1891 2156 1976 
3870 2227 2692 2289 
3871 1638 2652 1661 
3872 1859 2647 1961 
3873 1573 2634 1591 
3874 2608 2861 2382 
3875 2518 2850 1541 
3876 2005 2153 2009 
3877 2194 2210 2209 
3878 1872 2010 1923 
3879 1941 2587 1851 
3880 2187 2188 2039 
3881 2194 2209 2150 
3882 174 2785 1493 
3883 2109 2805 2485 
3884 41 2931 1495 
3885 1686 2678 1765 
3886 1840 2770 2581 
3887 2692 2778 2289 
3888 1893 2725 2451 
3889 2264 2776 2603 
3890 2154 2281 2009 
3891 1801 1803 1802 
3892 1761 2743 2471 
3893 2028 2656 2104 
3894 2613 2647 1762 
3895 2616 2691 2105 
3896 2289 2935 2270 
3897 2037 2838 2521 
3898 1843 1856 1844 
3899 2044 2840 2287 
3900 1857 1920 1856 
3901 1796 1798 1795 
3902 1689 2735 1685 
3903 2734 2763 1904 
3904 2221 2254 2223 
3905 1894 2651 1895 
3906 2177 2705 2176 
3907 2495 2872 1509 
3908 1632 2657 2124 
3909 1681 2726 1594 
3910 1657 2883 2540 
3911 1896 2673 1777 
3912 2842 2876 2240 
3913 1795 2643 1870 
3914 2227 2289 2270 
3915 1591 2665 1575 
3916 1915 1916 1914 
3917 2054 2159 2046 
3918 2010 2259 2011 
3919 1683 2781 1681 
3920 2523 2802 2121 
3921 2567 2713 1587 
3922 1510 2865 2506 
3923 2644 2834 1501 
3924 2260 2323 2259 
3925 1946 2910 2790 
3926 2129 2782 2183 
3927 1661 2652 2117 
3928 1950 1996 1951 
3929 1997 2659 1884 
3930 1499 2764 2654 
3931 2005 2009 1943 
3932 1921 1980 1920 
3933 2572 2717 2687 
3934 1704 2673 1839 
3935 1988 1989 1916 
3936 2038 2039 1989 
3937 1690 2675 1692 
3938 2372 2768 2373 
3939 1687 2676 1690 
3940 2333 2836 2231 
3941 1929 2623 1930 
3942 1587 2713 1589 
3943 113 2749 1515 
3944 2266 2727 2079 
3945 2261 2692 2223 
3946 1927 2678 1684 
3947 71 2900 72 
3948 1975 2684 2341 
3949 2123 2736 2651 
3950 1758 2675 2063 
3951 1884 1885 1805 
3952 2743 2811 2471 
3953 2512 2880 74 
3954 2123 2651 1990 
3955 2789 2887 2303 
3956 2476 2828 2251 
3957 1885 2659 1915 
3958 2180 2936 2178 
3959 2903 2919 1992 
3960 2282 2721 2306 
3961 2378 2822 1861 
3962 2111 2740 2110 
3963 2563 2686 1664 
3964 2639 2857 1870 
3965 1561 2743 1761 
3966 1981 2045 1980 
3967 1714 2722 1836 
3968 1866 2818 1853 
3969 1950 2184 1996 
3970 1842 2628 1843 
3971 2651 2736 2020 
3972 2001 2003 2002 
3973 2607 2754 1538 
3974 1492 2703 100 
3975 2694 2748 2172 
3976 1545 2724 187 
3977 2255 2749 2747 
3978 2319 2844 2624 
3979 2953 2963 1971 
3980 1493 2752 2577 
3981 2526 2852 2169 
3982 2188 2190 2189 
3983 188 2896 1 
3984 1988 2820 2038 
3985 2525 2953 1971 
3986 1707 2633 1751 
3987 1533 2717 2572 
3988 1589 2713 1680 
3989 2255 2747 2650 
3990 1955 2000 1999 
3991 1885 1914 1913 
3992 180 2730 2700 
3993 1664 2686 1670 
3994 1488 2825 165 
3995 2561 2746 2067 
3996 2046 2648 2045 
3997 2649 2726 2241 
3998 1 2896 25 
3999 2096 2716 2148 
4000 2020 2684 1897 
4001 1932 2677 1934 
4002 1790 1792 1791 
4003 29 2865 1510 
4004 1515 2543 114 
4005 2606 2731 2605 
4006 2508 2870 2510 
4007 1670 2686 1926 
4008 2257 2632 1996 
4009 2000 2709 2185 
4010 1604 2823 2438 
4011 179 2730 180 
4012 1794 1796 1795 
4013 1790 2851 1797 
4014 2160 2267 2159 
4015 1657 2800 1569 
4016 2010 2702 2260 
4017 69 2718 1524 
4018 2701 2924 2269 
4019 1594 2726 1595 
4020 2153 2291 2154 
4021 2115 2776 2552 
4022 1777 2673 1704 
4023 1688 2676 1687 
4024 1486 2721 94 
4025 87 2787 1506 
4026 1523 2403 119 
4027 1878 2780 2716 
4028 1798 2643 1795 
4029 2169 2852 2050 
4030 1996 2632 1951 
4031 1993 2899 2375 
4032 2087 2918 2102 
4033 2164 2927 2162 
4034 1764 2633 1707 
4035 2426 2769 2546 
4036 2000 2001 1999 
4037 2326 2402 2061 
4038 1751 2633 1807 
4039 2264 2719 2263 
4040 2261 2778 2692 
4041 1930 2623 1964 
4042 1855 2739 1868 
4043 1749 2827 1725 
4044 1538 2865 28 
4045 2506 2918 1510 
4046 2538 2922 2539 
4047 1957 2739 2205 
4048 2344 2813 2351 
4049 1956 2672 1869 
4050 123 2895 7 
4051 1869 2672 1875 
4052 1650 2760 2620 
4053 1729 2829 1737 
4054 2355 2810 2329 
4055 1506 2960 2810 
4056 2627 2756 2340 
4057 2094 2668 2628 
4058 8 2901 128 
4059 1494 2729 47 
4060 2488 2736 2123 
4061 1784 1785 1783 
4062 2519 2832 2673 
4063 1559 2743 1561 
4064 138 2891 1520 
4065 1503 2841 2772 
4066 1684 2678 1686 
4067 1523 2908 2403 
4068 2327 2756 2586 
4069 2654 2764 2396 
4070 1847 2939 2265 
4071 2740 2752 2110 
4072 1692 2675 1758 
4073 2063 2702 1872 
4074 2467 2913 2292 
4075 2477 2828 2476 
4076 1548 2933 2680 
4077 7 2895 124 
4078 2684 2884 2346 
4079 2108 2732 2662 
4080 2215 2250 2228 
4081 2167 2690 2279 
4082 2605 2731 2589 
4083 2309 2880 2512 
4084 2720 2798 2112 
4085 2207 2786 2775 
4086 1521 2866 137 
4087 2153 2154 2009 
4088 164 2915 1488 
4089 2003 2048 2047 
4090 1854 2739 1855 
4091 2184 2301 2256 
4092 1897 2684 1975 
4093 112 2749 113 
4094 2172 2748 2170 
4095 1807 2794 1808 
4096 1884 2659 1885 
4097 2328 2961 1756 
4098 2699 2708 2254 
4099 2475 2753 2477 
4100 2337 2754 2338 
4101 1710 2766 2604 
4102 75 2880 1501 
4103 2586 2756 2627 
4104 127 2901 8 
4105 1943 2714 1941 
4106 2537 2801 2538 
4107 2662 2733 2109 
4108 2184 2256 1996 
4109 2159 2648 2046 
4110 1490 2761 2354 
4111 2245 2796 2157 
4112 2679 2936 2180 
4113 1493 2785 2753 
4114 2431 2791 2657 
4115 2239 2744 2669 
4116 1690 2676 2675 
4117 2242 2765 2004 
4118 2185 2738 2040 
4119 2033 2852 2246 
4120 1510 2918 2606 
4121 1733 2942 1735 
4122 2623 2624 1964 
4123 1964 2677 1932 
4124 2000 2040 2001 
4125 1934 2677 1950 
4126 2158 2712 1997 
4127 2669 2744 1845 
4128 2696 2885 2469 
4129 2012 2710 1920 
4130 2540 2849 1657 
4131 2281 2714 2009 
4132 1513 2747 6 
4133 1953 2709 1955 
4134 1731 2928 1733 
4135 2565 2762 2147 
4136 1778 2773 1848 
4137 2256 2258 2257 
4138 2166 2789 2165 
4139 2603 2764 1499 
4140 86 2787 87 
4141 2126 2763 2155 
4142 2621 2690 2167 
4143 2689 2962 1549 
4144 2055 2759 2544 
4145 2058 2934 2284 
4146 2662 2732 2122 
4147 2642 2905 1906 
4148 1528 2771 157 
4149 2152 2715 1916 
4150 2300 2737 2212 
4151 1904 2763 2247 
4152 1875 2672 1929 
4153 2575 2909 1489 
4154 1891 2695 2156 
4155 1786 1787 1785 
4156 1845 2744 1899 
4157 1868 1957 1956 
4158 1803 2695 1891 
4159 1913 2695 1805 
4160 2625 2789 2166 
4161 1790 1791 1788 
4162 2782 2832 2183 
4163 1506 2810 2559 
4164 2154 2294 2281 
4165 1501 2834 2486 
4166 2207 2775 2501 
4167 2356 2861 2430 
4168 1792 1794 1793 
4169 1856 2710 1900 
4170 2006 2940 2005 
4171 1519 2472 117 
4172 1979 2767 2180 
4173 2106 2758 2108 
4174 2205 2775 2262 
4175 2592 2816 1749 
4176 1946 2790 2534 
4177 2932 2958 1547 
4178 2104 2772 2308 
4179 2212 2745 2211 
4180 2685 2805 1837 
4181 2285 2860 2759 
4182 2125 2916 2591 
4183 1872 2702 2010 
4184 2790 2910 2420 
4185 2246 2912 2031 
4186 1574 2809 1572 
4187 2273 2905 2642 
4188 2716 2780 2148 
4189 2745 2870 2508 
4190 2617 2957 2394 
4191 2527 2952 1514 
4192 1957 2025 1956 
4193 1805 2695 1803 
4194 3 2958 67 
4195 2157 2796 2350 
4196 1769 2766 1710 
4197 2457 2842 1528 
4198 2195 2872 2495 
4199 1914 2715 1986 
4200 2048 2151 2150 
4201 2611 2757 1947 
4202 1792 2874 1794 
4203 2048 2150 2149 
4204 2632 2709 1953 
4205 2727 2784 2079 
4206 1785 1876 1783 
4207 2620 2760 2099 
4208 1536 2833 2719 
4209 2108 2758 2732 
4210 1788 2667 1787 
4211 1509 2911 2555 
4212 1950 2677 2184 
4213 2099 2757 2611 
4214 2657 2791 2124 
4215 2837 2914 2203 
4216 2717 2740 2111 
4217 2205 2262 2095 
4218 2175 2770 2177 
4219 166 2774 167 
4220 2285 2759 2057 
4221 2004 2765 2106 
4222 2701 2904 1486 
4223 2340 2756 2460 
4224 2537 2839 2783 
4225 2407 2863 2406 
4226 2319 2798 2720 
4227 2748 2807 2170 
4228 2634 2800 2447 
4229 1794 1795 1793 
4230 2472 2750 2704 
4231 2591 2916 2275 
4232 2376 2899 1993 
4233 1997 2712 2659 
4234 2719 2833 2263 
4235 1920 2710 1856 
4236 2695 2812 2156 
4237 1549 2962 2533 
4238 1571 2800 2634 
4239 1533 2740 2717 
4240 2206 2786 2207 
4241 2259 2779 2011 
4242 2003 2755 2048 
4243 2718 2932 2305 
4244 2287 2840 2762 
4245 2420 2910 2196 
4246 2251 2864 2229 
4247 2304 2944 2671 
4248 2718 2856 1524 
4249 2126 2803 2763 
4250 2106 2765 2758 
4251 2099 2760 2757 
4252 1916 2715 1914 
4253 2656 2912 2410 
4254 2009 2714 1943 
4255 1941 2714 2587 
4256 1567 2883 1657 
4257 2521 2838 2767 
4258 2090 2945 2519 
4259 2449 2948 1787 
4260 173 2785 174 
4261 2210 2854 2300 
4262 2810 2960 2329 
4263 2310 2862 2618 
4264 2323 2893 2259 
4265 1674 2835 1697 
4266 2189 2821 2039 
4267 1955 2709 2000 
4268 2392 2877 2393 
4269 2554 2855 2588 
4270 1868 2739 1957 
4271 66 2958 3 
4272 2763 2803 2247 
4273 1681 2781 2726 
4274 1531 2936 2679 
4275 1957 2095 2025 
4276 2250 2742 2325 
4277 2485 2805 2685 
4278 131 2795 132 
4279 1913 2812 2695 
4280 2536 2839 2537 
4281 2394 2957 2392 
4282 2382 2861 2356 
4283 1569 2800 1571 
4284 1532 2792 172 
4285 2095 2236 2025 
4286 2148 2780 2264 
4287 2229 2890 2277 
4288 2021 2803 2126 
4289 2588 2855 2087 
4290 2243 2816 2275 
4291 2432 2904 2269 
4292 2641 2859 2177 
4293 2638 2902 2202 
4294 2201 2837 2199 
4295 2287 2847 2288 
4296 2728 2961 2328 
4297 2057 2759 2055 
4298 2808 2937 2786 
4299 1783 2766 1769 
4300 2435 2806 2230 
4301 1604 2853 2823 
4302 2161 2815 2163 
4303 2413 2845 2449 
4304 2029 2912 2656 
4305 2613 2782 2647 
4306 1792 1793 1791 
4307 2317 2882 2788 
4308 2234 2858 2255 
4309 1870 2797 1793 
4310 2151 2194 2150 
4311 2499 2867 2520 
4312 2011 2779 2252 
4313 2828 2864 2251 
4314 2112 2941 2672 
4315 2052 2826 2803 
4316 2647 2782 2129 
4317 1511 2950 2381 
4318 2567 2863 2713 
4319 2079 2784 2385 
4320 2206 2808 2786 
4321 2241 2781 2242 
4322 2687 2906 1498 
4323 2543 2802 2417 
4324 166 2825 2774 
4325 1791 2667 1788 
4326 1989 2821 2152 
4327 2170 2807 2169 
4328 1808 2794 1854 
4329 2324 2850 2323 
4330 2124 2791 2637 
4331 2267 2952 2527 
4332 2128 2872 2195 
4333 2864 2890 2229 
4334 2726 2781 2241 
4335 2153 2819 2291 
4336 2209 2923 2150 
4337 2399 2943 2310 
4338 2656 2772 2104 
4339 2236 2894 2566 
4340 2380 2831 2359 
4341 2596 2804 2321 
4342 2409 2873 1527 
4343 2045 2801 1980 
4344 1986 2812 1913 
4345 2817 2907 2257 
4346 1519 2750 2472 
4347 1964 2843 2677 
4348 2691 2892 2622 
4349 2082 2820 1988 
4350 1742 2942 2505 
4351 1839 2782 2613 
4352 2231 2836 2232 
4353 2498 2893 1497 
4354 1980 2801 2012 
4355 1839 2832 2782 
4356 2347 2793 2348 
4357 2310 2943 2862 
4358 2811 2892 2283 
4359 2349 2793 2347 
4360 1837 2805 2302 
4361 2048 2755 2151 
4362 2153 2940 2819 
4363 2377 2926 2376 
4364 2283 2892 2691 
4365 2400 2783 2401 
4366 2698 2921 2236 
4367 2640 2790 2118 
4368 2754 2947 2481 
4369 165 2825 166 
4370 2025 2921 2112 
4371 2266 2924 2609 
4372 1952 2920 1949 
4373 2533 2871 1546 
4374 2202 2902 1985 
4375 2534 2790 2640 
4376 2670 2804 1537 
4377 2308 2808 2206 
4378 2177 2859 2705 
4379 2792 2828 2477 
4380 2117 2869 2612 
4381 2635 2806 2015 
4382 2846 2950 1511 
4383 2112 2921 2720 
4384 2258 2817 2257 
4385 2322 2882 2317 
4386 2521 2840 2044 
4387 1725 2827 1727 
4388 2561 2869 2746 
4389 2277 2838 2037 
4390 1524 2830 70 
4391 2192 2799 2190 
4392 2384 2823 2274 
4393 2230 2806 2635 
4394 2321 2804 2670 
4395 2020 2884 2684 
4396 1727 2829 1729 
4397 2263 2833 2286 
4398 2753 2785 2477 
4399 2270 2868 2784 
4400 145 2841 146 
4401 2040 2814 2001 
4402 2599 2833 1536 
4403 1944 2944 2006 
4404 2713 2863 2407 
4405 1876 2766 1783 
4406 2294 2959 2281 
4407 2677 2843 2184 
4408 2535 2949 1926 
4409 2247 2826 2248 
4410 2001 2814 2003 
4411 1671 2917 1665 
4412 96 2824 1491 
4413 1487 2876 2457 
4414 1733 2928 2881 
4415 2827 2829 1727 
4416 2505 2881 2455 
4417 2329 2960 2503 
4418 74 2880 75 
4419 2156 2812 2245 
4420 2881 2942 1733 
4421 1756 2847 1748 
4422 2682 2802 2543 
4423 2704 2923 2209 
4424 144 2897 145 
4425 2430 2861 1483 
4426 2762 2840 2147 
4427 2003 2814 2755 
4428 107 2846 108 
4429 2190 2822 2189 
4430 2457 2876 2842 
4431 2746 2869 2117 
4432 1791 2797 2667 
4433 2267 2848 2159 
4434 2039 2821 1989 
4435 2212 2870 2745 
4436 1504 2887 2789 
4437 2269 2924 2266 
4438 2799 2822 2190 
4439 28 2865 29 
4440 2751 2831 2380 
4441 1548 2895 123 
4442 2271 2889 2272 
4443 2258 2951 2891 
4444 2211 2908 2209 
4445 128 2901 1549 
4446 2050 2852 2033 
4447 2447 2955 2707 
4448 1532 2864 2828 
4449 2348 2860 2285 
4450 2658 2886 1798 
4451 2184 2843 2301 
4452 2497 2834 2187 
4453 2823 2853 2274 
4454 2724 2896 188 
4455 2305 2856 2718 
4456 1797 2874 1792 
4457 2767 2838 2180 
4458 2253 2857 2202 
4459 1793 2797 1791 
4460 2576 2864 1532 
4461 1565 2883 1567 
4462 2258 2866 2817 
4463 2486 2834 2497 
4464 2731 2855 2554 
4465 2690 2818 2279 
4466 40 2931 41 
4467 2388 2906 2525 
4468 2286 2956 2646 
4469 2667 2797 2253 
4470 2749 2858 1515 
4471 2269 2904 2701 
4472 2121 2802 2682 
4473 2205 2878 2775 
4474 25 2896 1550 
4475 2673 2832 1839 
4476 2290 2963 2953 
4477 2576 2890 2864 
4478 1798 2886 2643 
4479 2841 2897 2308 
4480 2755 2777 2151 
4481 2194 2854 2210 
4482 2401 2850 2324 
4483 2862 2943 2063 
4484 2766 2888 2604 
4485 1929 2941 2623 
4486 2274 2853 2660 
4487 2772 2841 2308 
4488 2624 2843 1964 
4489 1861 2822 2799 
4490 2886 2934 2268 
4491 1489 2890 2576 
4492 2035 2863 2567 
4493 2255 2858 2749 
4494 2519 2945 2832 
4495 2643 2886 2268 
4496 2178 2936 2315 
4497 1854 2878 2739 
4498 102 2887 1504 
4499 163 2915 164 
4500 2676 2862 2675 
4501 2209 2908 2704 
4502 2154 2929 2294 
4503 2824 2946 1491 
4504 2803 2826 2247 
4505 1906 2905 2276 
4506 2497 2938 2440 
4507 2612 2869 1945 
4508 1926 2949 2239 
4509 2159 2848 2648 
4510 2102 2918 2506 
4511 1512 2937 2808 
4512 2345 2872 2128 
4513 2192 2903 2799 
4514 2162 2927 2186 
4515 2797 2857 2253 
4516 1546 2871 2737 
4517 145 2897 2841 
4518 2256 2951 2258 
4519 2606 2855 2731 
4520 2708 2925 2254 
4521 2278 2963 2290 
4522 2607 2947 2754 
4523 2820 2938 2038 
4524 2832 2945 2183 
4525 2510 2962 2689 
4526 2675 2862 2063 
4527 2799 2903 2369 
4528 2646 2956 1502 
4529 1737 2928 1731 
4530 1923 2939 1847 
4531 2680 2895 1548 
4532 1785 2948 1876 
4533 2031 2912 2029 
4534 2276 2930 2630 
4535 2618 2862 2676 
4536 2709 2907 2185 
4537 1735 2942 1742 
4538 2005 2940 2153 
4539 2268 2934 2058 
4540 2817 2866 1521 
4541 2239 2949 2664 
4542 2302 2910 1946 
4543 1870 2857 2797 
4544 2680 2933 1539 
4545 2622 2892 1972 
4546 1549 2901 2688 
4547 2637 2916 2125 
4548 2737 2870 2212 
4549 2194 2875 2854 
4550 1550 2947 2607 
4551 1532 2828 2792 
4552 2604 2877 1928 
4553 72 2900 1505 
4554 1528 2842 2815 
4555 2453 2885 2696 
4556 1491 2946 2370 
4557 1502 2956 2599 
4558 2787 2960 1506 
4559 2623 2941 2798 
4560 2739 2878 2205 
4561 1928 2957 2617 
4562 124 2895 2680 
4563 1985 2902 2101 
4564 2261 2851 2778 
4565 1550 2896 2724 
4566 2783 2839 2401 
4567 2777 2875 2151 
4568 2632 2907 2709 
4569 2905 2930 2276 
4570 2095 2894 2236 
4571 2679 2909 2575 
4572 2272 2903 2192 
4573 2389 2875 2777 
4574 2688 2901 127 
4575 2707 2955 2849 
4576 2272 2919 2903 
4577 1876 2888 2766 
4578 2707 2849 2398 
4579 1505 2900 2813 
4580 2833 2956 2286 
4581 2151 2875 2194 
4582 2259 2893 2779 
4583 2183 2945 2320 
4584 2815 2842 2163 
4585 1972 2892 2811 
4586 2599 2956 2833 
4587 1657 2955 2800 
4588 2742 2898 1800 
4589 2265 2884 2736 
4590 68 2932 2718 
4591 2711 2898 2250 
4592 2704 2908 1523 
4593 2794 2878 1854 
4594 2254 2925 2261 
4595 2262 2894 2095 
4596 2236 2921 2025 
4597 2736 2884 2020 
4598 2392 2957 2877 
4599 1876 2948 2845 
4600 2891 2951 1520 
4601 2604 2888 2877 
4602 2798 2941 2112 
4603 2257 2907 2632 
4604 2261 2925 2851 
4605 2290 2953 2687 
4606 2877 2957 1928 
4607 2779 2893 2498 
4608 2291 2929 2154 
4609 2813 2889 1505 
4610 2283 2952 2267 
4611 2063 2943 2702 
4612 2245 2954 2768 
4613 2784 2868 2385 
4614 2368 2926 2741 
4615 2288 2961 2728 
4616 2813 2900 2351 
4617 1508 2914 2837 
4618 2150 2923 2149 
4619 2672 2941 1929 
4620 2301 2951 2256 
4621 2848 2922 2648 
4622 2868 2935 1806 
4623 2877 2888 2393 
4624 2250 2898 2742 
4625 2262 2937 2894 
4626 2308 2897 2808 
4627 2149 2923 2750 
4628 2750 2923 2704 
4629 2847 2961 2288 
4630 1787 2948 1785 
4631 2258 2891 2866 
4632 2786 2937 2262 
4633 2845 2948 2449 
4634 2851 2925 1797 
4635 1542 2922 2848 
4636 2503 2960 2787 
4637 1986 2954 2812 
4638 2440 2938 2820 
4639 2849 2955 1657 
4640 2881 2928 2455 
4641 2312 2950 2846 
4642 2871 2962 2510 
4643 2800 2955 2447 
4644 2812 2954 2245 
4645 1756 2961 2847 
4646 2270 2935 2868 
4647 2533 2962 2871 
4648 2505 2942 2881 
4649 2687 2953 2906 
4650 2906 2953 2525 
$EndElements
