$MeshFormat
4.1 0 8
$EndMeshFormat
$PhysicalNames
35
1 1 "r1"
1 2 "ground"
1 3 "flare"
1 4 "pipewall"
1 5 "x2"
1 6 "symmetry"
1 7 "r2"
1 8 "symmetry2"
1 9 "ground2"
1 11 "r3"
1 12 "ground3"
1 14 "symmetry3"
1 15 "r4"
1 16 "ground4"
1 18 "symmetry4"
1 19 "r5"
1 20 "ground5"
1 22 "symmetry5"
1 23 "r6"
1 24 "ground6"
1 26 "symmetry6"
1 27 "r7"
1 28 "ground7"
1 30 "symmetry7"
1 31 "r8"
1 32 "ground8"
1 34 "symmetry8"
2 7 "domain1"
2 10 "domain2"
2 15 "domain3"
2 19 "domain4"
2 23 "domain5"
2 27 "domain6"
2 31 "domain7"
2 35 "domain8"
$EndPhysicalNames
$Entities
22 34 8 0
1 0 112.6386730104765 0 0 
2 0 0 0 0 
3 102.8838524839103 -45.85175629820566 0 0 
4 12.23606797749979 -0.5278640450004204 0 0 
5 10 -5 0 0 
6 5 -5 0 0 
7 5 -10 0 0 
8 0 -10 0 0 
9 0 216.5723331942687 0 0 
10 195.8926206788413 -92.35614039567119 0 0 
11 0 310.5354291862002 0 0 
12 279.9513938489505 -134.3855269807258 0 0 
13 0 392.6009975037909 0 0 
14 353.3605965891838 -171.0901283508425 0 0 
15 0 459.3033881724511 0 0 
16 413.0251646066029 -200.922412359552 0 0 
17 0 500 0 0 
18 449.4273022386378 -219.1234811755695 0 0 
19 0 600 0 0 
20 538.8737483541204 -263.8467042333107 0 0 
21 0 1250 0 0 
22 1120.261112419707 -554.5403862661042 0 0 
1 0 -45.85175629820567 0 112.6089131571392 112.6386730104765 0 0 2 1 -3 
2 12.23606797749979 -45.85175629820566 0 102.8838524839103 -0.5278640450004204 0 0 2 3 -4 
3 4.999999999999998 -5 0 12.23606797749979 -0.0003334422902803169 0 0 2 4 -6 
4 5 -10 0 5 -5 0 0 2 6 -7 
5 0 -10 0 5 -10 0 0 2 7 -8 
6 0 -10 0 0 112.6386730104765 0 0 2 8 -1 
7 0 -92.35614039567122 0 216.5678850820005 216.5723331942687 0 0 2 9 -10 
8 0 112.6386730104765 0 0 216.5723331942687 0 0 2 1 -9 
9 102.8838524839103 -92.35614039567119 0 195.8926206788413 -45.85175629820566 0 0 2 10 -3 
10 7.105427357601002e-15 -45.85175629820567 0 112.6089131571392 112.6386730104766 0 0 2 3 -1 
11 0 -134.3855269807258 0 310.5352816582471 310.5354291862002 0 0 2 11 -12 
12 195.8926206788413 -134.3855269807258 0 279.9513938489505 -92.35614039567119 0 0 2 12 -10 
13 2.842170943040401e-14 -92.35614039567128 0 216.5678850820006 216.5723331942687 0 0 2 10 -9 
14 0 216.5723331942687 0 0 310.5354291862002 0 0 2 9 -11 
15 0 -171.0901283508425 0 392.6004674455814 392.6009975037909 0 0 2 13 -14 
16 279.9513938489505 -171.0901283508425 0 353.3605965891838 -134.3855269807258 0 0 2 14 -12 
17 -2.842170943040401e-14 -134.3855269807258 0 310.5352816582472 310.5354291862003 0 0 2 12 -11 
18 0 310.5354291862002 0 0 392.6009975037909 0 0 2 11 -13 
19 0 -200.9224123595521 0 459.3012069728937 459.3033881724511 0 0 2 15 -16 
20 353.3605965891838 -200.922412359552 0 413.0251646066029 -171.0901283508425 0 0 2 16 -14 
21 1.70530256582424e-13 -171.0901283508425 0 392.6004674455816 392.6009975037911 0 0 2 14 -13 
22 0 392.6009975037909 0 0 459.3033881724511 0 0 2 13 -15 
23 0 -219.1234811755694 0 499.9964448012176 500 0 0 2 17 -18 
24 413.0251646066029 -219.1234811755695 0 449.4273022386378 -200.922412359552 0 0 2 18 -16 
25 -2.273736754432321e-13 -200.9224123595521 0 459.3012069728938 459.303388172451 0 0 2 16 -15 
26 0 459.3033881724511 0 0 500 0 0 2 15 -17 
27 0 -263.8467042333107 0 599.9922964533503 600 0 0 2 19 -20 
28 449.4273022386378 -263.8467042333107 0 538.8737483541204 -219.1234811755695 0 0 2 20 -18 
29 0 -219.1234811755695 0 499.9964448012176 500.0000000000001 0 0 2 18 -17 
30 0 500 0 0 600 0 0 2 17 -19 
31 0 -554.5403862661042 0 1249.955502078688 1250 0 1 31 2 21 -22 
32 538.8737483541204 -554.5403862661042 0 1120.261112419707 -263.8467042333107 0 1 32 2 22 -20 
33 0 -263.8467042333108 0 599.9922964533504 600.0000000000001 0 1 27 2 20 -19 
34 0 600 0 0 1250 0 1 34 2 19 -21 
2 0 -45.85175629820567 0 112.6089131571392 112.6386730104765 0 0 6 -2 -1 -6 -5 -4 -3 
3 0 -92.35614039567122 0 216.5678850820005 216.5723331942687 0 0 4 -10 -9 -7 -8 
4 0 -134.3855269807258 0 310.5352816582471 310.5354291862002 0 0 4 -14 -13 -12 -11 
5 -2.842170943040401e-14 -171.0901283508425 0 392.6004674455814 392.6009975037909 0 0 4 -18 -17 -16 -15 
6 0 -200.9224123595521 0 459.3012069728937 459.3033881724511 0 0 4 -22 -21 -20 -19 
7 -2.273736754432321e-13 -219.1234811755694 0 499.9964448012176 500 0 0 4 -26 -25 -24 -23 
8 0 -263.8467042333107 0 599.9922964533503 600 0 0 4 -30 -29 -28 -27 
9 0 -554.5403862661042 0 1249.955502078688 1250 0 1 35 4 -34 -33 -32 -31 
$EndEntities
$Nodes
9 10098 19 104079
0 19 0 1
19
0 600 0
0 20 0 1
20
538.8737483541204 -263.8467042333107 0
0 21 0 1
21
0 1250 0
0 22 0 1
22
1120.261112419707 -554.5403862661042 0
1 31 0 126
5008
5009
5010
5011
5012
5013
5014
5015
5016
5017
5018
5019
5020
5021
5022
5023
5024
5025
5026
5027
5028
5029
5030
5031
5032
5033
5034
5035
5036
5037
5038
5039
5040
5041
5042
5043
5044
5045
5046
5047
5048
5049
5050
5051
5052
5053
5054
5055
5056
5057
5058
5059
5060
5061
5062
5063
5064
5065
5066
5067
5068
5069
5070
5071
5072
5073
5074
5075
5076
5077
5078
5079
5080
5081
5082
5083
5084
5085
5086
5087
5088
5089
5090
5091
5092
5093
5094
5095
5096
5097
5098
5099
5100
5101
5102
5103
5104
5105
5106
5107
5108
5109
5110
5111
5112
5113
5114
5115
5116
5117
5118
5119
5120
5121
5122
5123
5124
5125
5126
5127
5128
5129
5130
5131
5132
5133
19.98383298361192 1249.840248359478 0
39.96255804705891 1249.361034270853 0
59.93106857408281 1248.562480222583 0
79.88426056245187 1247.444790327167 0
99.81703392866912 1246.008250268706 0
119.7242938024367 1244.253227230497 0
139.6009518300664 1242.180169801523 0
159.4419274867816 1239.789607860664 0
179.24214936874 1237.082152441654 0
198.9965564878234 1234.058495577089 0
218.7000995645565 1230.71941012176 0
238.34774231606 1227.065749555759 0
257.9344627690616 1223.098447761273 0
277.4552545101882 1218.818518789687 0
296.9051279606228 1214.227056604607 0
316.279111678734 1209.325234796542 0
335.5722536166699 1204.114306286006 0
354.7796224071857 1198.595602997364 0
373.8963086069196 1192.770535522285 0
392.9174259309682 1186.64059276589 0
411.8381125250577 1180.207341559862 0
430.6535321975963 1173.472426265625 0
449.3588757059925 1166.437568335419 0
467.9493618873313 1159.104565908201 0
486.4202389902705 1151.475293308827 0
504.766785806044 1143.551700600824 0
522.984312920253 1135.335813070006 0
541.0681638657936 1126.829730727273 0
559.0137163515402 1118.035627755592 0
576.8163834830473 1108.955751933114 0
594.4716148324643 1099.592424109262 0
611.974897667205 1089.948037580331 0
629.3217580742393 1080.025057493737 0
646.5077622275495 1069.826020145111 0
663.5285173383032 1059.353532433263 0
680.3796727752617 1048.610271203858 0
697.0569213968341 1037.598982426625 0
713.5560004129676 1026.322480643705 0
729.8726926519687 1014.783648134401 0
746.0028275616487 1002.985434226253 0
761.9422821408918 990.9308546442228 0
777.6869823005089 978.6229905128572 0
793.2329036189051 966.0649877810089 0
808.5760725110011 953.2600563134304 0
823.7125672455089 940.211469065238 0
838.638518902704 926.9225612815125 0
853.3501123281809 913.3967296796509 0
867.8435872284543 899.6374314725061 0
882.1152390191914 885.6481835865269 0
896.1614198520929 871.4325616871801 0
909.9785394501445 856.9941993620388 0
923.5630661545299 842.3367870604033 0
936.9115276990384 827.4640712832517 0
950.0205121924444 812.3798535251879 0
962.8866689703902 797.0879893205682 0
975.5067094310982 781.5923872805511 0
987.8774077900044 765.8970082054774 0
999.9956020918696 750.0058638416897 0
1011.858194866841 733.9230160451552 0
1023.462154053131 717.652575569074 0
1034.804513638994 701.1987011912993 0
1045.882374474628 684.5655985830086 0
1056.692905002519 667.757519251814 0
1067.233342016012 650.7787594024062 0
1077.500991363344 633.6336588368802 0
1087.493228623453 616.326599862555 0
1097.207499767316 598.8620061870306 0
1106.64132180194 581.2443418051105 0
1115.792283417207 563.478109838008 0
1124.658045604 545.5678513789017 0
1133.236342247675 527.5181443411302 0
1141.524980700357 509.333602305061 0
1149.521842375004 491.0188732653525 0
1157.224883261762 472.5786384928988 0
1164.632134433805 454.0176113810561 0
1171.741702575666 435.3405361841225 0
1178.551770472123 416.5521867869914 0
1185.060597447358 397.6573655519423 0
1191.266519823928 378.6609020569538 0
1197.167951347155 359.5676518643701 0
1202.763383607018 340.3824952229436 0
1208.051386393967 321.1103359152658 0
1213.030608076228 301.756099971844 0
1217.699775953201 282.3247343813944 0
1222.057696575019 262.8212058448852 0
1226.103256045443 243.2504995159593 0
1229.835420308769 223.6176177181801 0
1233.253235413077 203.9275786723721 0
1236.355827755286 184.1854152085374 0
1239.142404305709 164.3961734696627 0
1241.612252808244 144.5649116363877 0
1243.764741962968 124.6966986322855 0
1245.599321588101 104.7966128234214 0
1247.11552275979 84.86974072999207 0
1248.312957933503 64.92117570800605 0
1249.191321040539 44.95601669400835 0
1249.750387571637 24.9793667762872 0
1249.99001462647 4.996332066422052 0
1249.910140955719 -14.98797971888044 0
1249.510786975339 -34.96846053618183 0
1248.792054761282 -54.94000332267515 0
1247.754128023395 -74.89750330002356 0
1246.397272058106 -94.83585928387352 0
1244.721833681442 -114.7499749747611 0
1242.728241140311 -134.6347602675773 0
1240.41700400199 -154.4851325620948 0
1237.788713024439 -174.2960180534901 0
1234.844040005614 -194.0623530276136 0
1231.58373761181 -213.7790851559723 0
1228.008639185075 -233.4411747888942 0
1224.119658531087 -253.0435962393336 0
1219.917789681659 -272.5813390865474 0
1215.40410664467 -292.0494094348956 0
1210.579763130509 -311.4428311887772 0
1205.445992256879 -330.7566473282548 0
1200.00410622419 -349.9859212098169 0
1194.25549599515 -369.1257377715315 0
1188.201630933164 -388.1712048153103 0
1181.844058415923 -407.1174542892765 0
1175.184403453072 -425.9596434882611 0
1168.224368275446 -444.6929562826858 0
1160.965731884199 -463.3126043942539 0
1153.410349605927 -481.8138285914305 0
1145.560152625399 -500.1918998913051 0
1137.417147466811 -518.4421208278342 0
1128.983415510246 -536.559826583037 0
1 32 0 55
5134
5135
5136
5137
5138
5139
5140
5141
5142
5143
5144
5145
5146
5147
5148
5149
5150
5151
5152
5153
5154
5155
5156
5157
5158
5159
5160
5161
5162
5163
5164
5165
5166
5167
5168
5169
5170
5171
5172
5173
5174
5175
5176
5177
5178
5179
5180
5181
5182
5183
5184
5185
5186
5187
5188
1102.595205899986 -545.7074330062435 0
1085.305050472817 -537.0623552926593 0
1068.382658746358 -528.6011594294295 0
1051.820205116333 -520.319932614417 0
1035.610038147277 -512.2148491298892 0
1019.744659645829 -504.2821598791652 0
1004.216741433119 -496.5182007728103 0
989.0191010781139 -488.9193805953075 0
974.1447155930331 -481.4821878527671 0
959.5867053911455 -474.2031827518233 0
945.3383514379672 -467.0790057752341 0
931.3930574881525 -460.1063588003268 0
917.7443795626356 -453.2820198375683 0
904.3860093959378 -446.6028347542194 0
891.3117719268436 -440.0657160196723 0
878.5156278181457 -433.6676439653234 0
865.9916581722118 -427.4056591423565 0
853.7340713360765 -421.2768657242888 0
841.7372047370445 -415.2784324247728 0
829.9955087396328 -409.4075844260669 0
818.5035629956449 -403.661611554073 0
807.256052868129 -398.0378564903151 0
796.2477740631306 -392.5337170878158 0
785.4736433242302 -387.1466517183656 0
774.928678493406 -381.8741693029535 0
764.6080066818942 -376.7138333971976 0
754.5068555956409 -371.663257854071 0
744.6205554142217 -366.7201077633614 0
734.9445390345621 -361.8820995735316 0
725.4743312247826 -357.1469956686419 0
716.2055552545988 -352.5126076835499 0
707.1339259348053 -347.9767930236532 0
698.2552515493151 -343.5374558309081 0
689.5654267955971 -339.192543454049 0
681.0604350777833 -334.9400475951421 0
672.7363440641756 -330.7780020883383 0
664.5893080879034 -326.7044841002022 0
656.6155579791904 -322.7176090458457 0
648.8114114908005 -318.8155358016508 0
641.1732606581875 -314.9964603853442 0
633.6975713084317 -311.2586157104664 0
626.3808906539853 -307.6002753832431 0
619.2198373967351 -304.019748754618 0
612.2111004740472 -300.5153802932741 0
605.3514385973502 -297.0855493549256 0
598.6376812180157 -293.7286706652583 0
592.0667280521427 -290.4431940823218 0
585.635536778489 -287.227598445495 0
579.3411390954107 -284.0803996039558 0
573.1806236865222 -281.0001418995116 0
567.151142133691 -277.985401123096 0
561.2499075065913 -275.0347838095461 0
555.4741916301743 -272.1469258713377 0
549.8213276430056 -269.3204938777533 0
544.2886980606388 -266.5541790865699 0
1 33 0 202
5189
5190
5191
5192
5193
5194
5195
5196
5197
5198
5199
5200
5201
5202
5203
5204
5205
5206
5207
5208
5209
5210
5211
5212
5213
5214
5215
5216
5217
5218
5219
5220
5221
5222
5223
5224
5225
5226
5227
5228
5229
5230
5231
5232
5233
5234
5235
5236
5237
5238
5239
5240
5241
5242
5243
5244
5245
5246
5247
5248
5249
5250
5251
5252
5253
5254
5255
5256
5257
5258
5259
5260
5261
5262
5263
5264
5265
5266
5267
5268
5269
5270
5271
5272
5273
5274
5275
5276
5277
5278
5279
5280
5281
5282
5283
5284
5285
5286
5287
5288
5289
5290
5291
5292
5293
5294
5295
5296
5297
5298
5299
5300
5301
5302
5303
5304
5305
5306
5307
5308
5309
5310
5311
5312
5313
5314
5315
5316
5317
5318
5319
5320
5321
5322
5323
5324
5325
5326
5327
5328
5329
5330
5331
5332
5333
5334
5335
5336
5337
5338
5339
5340
5341
5342
5343
5344
5345
5346
5347
5348
5349
5350
5351
5352
5353
5354
5355
5356
5357
5358
5359
5360
5361
5362
5363
5364
5365
5366
5367
5368
5369
5370
5371
5372
5373
5374
5375
5376
5377
5378
5379
5380
5381
5382
5383
5384
5385
5386
5387
5388
5389
5390
541.4802760484993 -258.4552391622988 0
544.0328634552967 -253.038027736209 0
546.531256297718 -247.5956095928161 0
548.9752056828066 -242.1285269139518 0
551.3644681672117 -236.6373242806125 0
553.6988057579274 -231.1225486668164 0
555.9779859001926 -225.5847494720447 0
558.2017815640048 -220.0244783172345 0
560.3699711949114 -214.4422891666058 0
562.4823388101106 -208.8387380892445 0
564.5386739944893 -203.2143832619724 0
566.5387719017331 -197.5697849674289 0
568.482433303622 -191.9055054582671 0
570.3694645712129 -186.2221090116529 0
572.1996777387523 -180.5201617428594 0
573.9728904689089 -174.8002317125635 0
575.6889260998178 -169.0628887900554 0
577.3476137071991 -163.3087044422398 0
578.9487880488982 -157.5382519158822 0
580.4922896459685 -151.7521059543525 0
581.9779647257737 -145.9508430042324 0
583.4056652866935 -140.135040983298 0
584.7752491193855 -134.3052791864886 0
586.0865797753595 -128.4621384191513 0
587.3395266224745 -122.6062007685076 0
588.533964856528 -116.7380495393644 0
589.6697754930206 -110.8582692901646 0
590.7468454000962 -104.9674456669065 0
591.7650672688205 -99.06616556790839 0
592.7243396749385 -93.15501681019764 0
593.6245670392534 -87.23458836642132 0
594.4656596952784 -81.3054699454931 0
595.2475338534881 -75.36825221099781 0
595.9701116362438 -69.42352653303512 0
596.6333210603126 -63.4718851188623 0
597.2370960569502 -57.51392086670165 0
597.7813764786879 -51.55022730546726 0
598.2661081107314 -45.58139846514928 0
598.6912426581218 -39.60802904051069 0
599.0567377767394 -33.63071400209774 0
599.3625570591746 -27.65004874295478 0
599.6086700365455 -21.66662911034367 0
599.7950521940285 -15.68105109878635 0
599.9216849632295 -9.693911020823958 0
599.9885557303469 -3.705805258310889 0
599.9956578335973 2.282669671418844 0
599.9429905658311 8.270917175691956 0
599.8305591729884 14.25834079478272 0
599.6583748562496 20.24434401905257 0
599.4264547668856 26.22833059123206 0
599.1348220071683 32.2097044140243 0
598.7835056314808 38.18786958805648 0
598.3725406329738 44.16223065516703 0
597.9019679539642 50.13219241941132 0
597.3718344739254 56.09716015322995 0
596.7821929950012 62.05653973657552 0
596.1331022589403 68.00973747289338 0
595.4246269134298 73.9561604263163 0
594.6568375489761 79.89521610366079 0
593.82981065412 85.82631285621021 0
592.9436286115551 91.7488598782692 0
591.9983796988872 97.66226719615034 0
590.9941580747742 103.565945761572 0
589.9310637699976 109.459307503743 0
588.809202689508 115.3417653243874 0
587.6286865750202 121.2127333002467 0
586.3896330518105 127.0716264528124 0
585.0921655425309 132.9178611803231 0
583.7364132990434 138.7508550920263 0
582.3225113669238 144.570027167871 0
580.8506005965135 150.3747977111511 0
579.3208276085054 156.1645884923867 0
577.7333447865033 161.9388227751438 0
576.0883103058645 167.6969252220624 0
574.3858880167126 173.4383223144545 0
572.6262475203832 179.162442076248 0
570.809564084065 184.8687143628143 0
568.9360186802231 190.5565707297886 0
567.0057979575024 196.2254445340255 0
565.0190941964509 201.8747710671698 0
562.9761052949145 207.5039875929363 0
560.8770347822414 213.1125333101753 0
558.7220917417109 218.6998495650313 0
556.5114908571697 224.2653797266318 0
554.2454523363737 229.8085693886297 0
551.9242019075253 235.3288663737225 0
549.5479708201962 240.8257207347359 0
547.1169957609463 246.2985849523231 0
544.6315189170739 251.7469137885927 0
542.0917878782687 257.1701645116365 0
539.4980556314015 262.5677969019381 0
536.8505805754179 267.9392732240588 0
534.1496264157968 273.2840584444414 0
531.3954622366459 278.6016200855651 0
528.5883623836045 283.8914284592252 0
525.7286064854333 289.1529566213782 0
522.8164794373398 294.3856804070907 0
519.8522713135335 299.5890785895917 0
516.8362774384848 304.7626327546238 0
513.7687982289543 309.9058275773078 0
510.6501392220029 315.0181507668236 0
507.4806111345729 320.0990929735362 0
504.2605297072408 325.1481480485059 0
500.9902156940477 330.1648130537712 0
497.6699948646672 335.1485882581071 0
494.3001979677559 340.0989771949299 0
490.8811607015862 345.015486707863 0
487.4132236462016 349.8976270494242 0
483.8967322695984 354.7449118716219 0
480.3320368747522 359.5568583016485 0
476.719492563085 364.332986991838 0
473.0594592013143 369.0728221640821 0
469.3523013870536 373.7758916552492 0
465.5983884204636 378.441726954451 0
461.7980942498235 383.0698632720031 0
457.9517974356539 387.6598395829183 0
454.0598811381715 392.2111986427587 0
450.1227330631879 396.7234870532955 0
446.1407454190473 401.1962553127048 0
442.1143148545386 405.6290578850362 0
438.0438424778599 410.0214531792599 0
433.9297337900655 414.3730036246125 0
429.7723985997444 418.6832757608339 0
425.5722510508265 422.9518402082351 0
421.3297095724261 427.1782717222579 0
417.0451967666377 431.3621493059824 0
412.7191394262978 435.5030561904431 0
408.3519685311377 439.6005798412291 0
403.944119103564 443.6543120963051 0
399.4960302507515 447.6638491255362 0
395.0081450422812 451.6287915426299 0
390.4809105927558 455.548744332209 0
385.9147778696776 459.4233170201503 0
381.3102017231316 463.2521236452833 0
376.6676408639645 467.0347827795865 0
371.9875577431974 470.7709176279387 0
367.2704185767581 474.4601560072807 0
362.5166932586328 478.1021304165319 0
357.7268553830107 481.6964780209449 0
352.9013820678896 485.2428407865215 0
348.0407540140336 488.7408654341717 0
343.1454554020817 492.1902035157731 0
338.2159738990428 495.5905114098958 0
333.2528005622828 498.941450390119 0
328.2564298042514 502.2426866487621 0
323.227359343906 505.4938913296239 0
318.1660901438782 508.6947405689955 0
313.0731264177585 511.8449154919977 0
307.9489754816187 514.9441023060867 0
302.794147806524 517.9919922683372 0
297.6091568870767 520.9882817654957 0
292.3945192374773 523.9326723157134 0
287.1507542980108 526.8248706221865 0
281.8783844637996 529.6645885577764 0
276.5779349501085 532.4515432400715 0
271.2499337554756 535.1854570498438 0
265.8949116344231 537.8660576453235 0
260.5134020320198 540.4930779961048 0
255.1059410371988 543.0662564066427 0
249.6730673207901 545.5853365465648 0
244.2153220862895 548.050067474031 0
238.7332490156255 550.4602036609399 0
233.227394207375 552.8155050206514 0
227.6983061433271 555.1157369229048 0
222.1465356162009 557.3606702250529 0
216.5726356705803 559.5500812963021 0
210.9771615350529 561.683752044344 0
205.3606706127208 563.7614699192325 0
199.7237224344277 565.7830279329132 0
194.0668785113795 567.7482247130761 0
188.3907023585618 569.6568644937475 0
182.6957594097647 571.5087571452335 0
176.9826169739306 573.3037181887616 0
171.2518441852123 575.0415688132152 0
165.5040118490069 576.7221359215233 0
159.7396926310859 578.3452520753727 0
153.9594607899147 579.9107555764756 0
148.1638919959471 581.4184905114503 0
142.353563648018 582.8683066668747 0
136.5290546325098 584.2600595977389 0
130.6909450623264 585.5936106880915 0
124.8398164799 586.8688270996041 0
118.9762518822831 588.0855817719421 0
113.1008353212783 589.2437535092156 0
107.2141519758367 590.3432269587771 0
101.3167884130284 591.3838925652859 0
95.4093320752531 592.3656466684696 0
89.49237134897103 593.2883914845612 0
83.56649570962048 594.1520350842991 0
77.63229555376363 594.9564914235774 0
71.69036191463074 595.7016803808341 0
65.74128669255656 596.3875277233815 0
59.78566263997647 597.0139651153054 0
53.82408297571806 597.5809301607802 0
47.85714166903244 598.0883663734569 0
41.88543301383494 598.536223215641 0
35.90955186109751 598.9244560753345 0
29.93009335460851 599.2530262850448 0
23.94765333128442 599.5219011011397 0
17.9628277947987 599.7310537379356 0
11.97621272884626 599.880463366389 0
5.988404636032712 599.9701150973399 0
1 34 0 55
5391
5392
5393
5394
5395
5396
5397
5398
5399
5400
5401
5402
5403
5404
5405
5406
5407
5408
5409
5410
5411
5412
5413
5414
5415
5416
5417
5418
5419
5420
5421
5422
5423
5424
5425
5426
5427
5428
5429
5430
5431
5432
5433
5434
5435
5436
5437
5438
5439
5440
5441
5442
5443
5444
5445
0 606.0539969163023 0
0 612.2395617407317 0
0 618.5595504758794 0
0 625.0168895095502 0
0 631.614560433774 0
0 638.3556133901473 0
0 645.2431642095643 0
0 652.2803974672362 0
0 659.4705680595805 0
0 666.8169945934153 0
0 674.3230784306016 0
0 681.9922857361455 0
0 689.8281612320942 0
0 697.8343287288421 0
0 706.0144900452515 0
0 714.372425524531 0
0 722.9119954361776 0
0 731.6371510397789 0
0 740.5519260950992 0
0 749.6604374110857 0
0 758.9668989774217 0
0 768.4756103087193 0
0 778.1909678121962 0
0 788.117462103704 0
0 798.2596829745104 0
0 808.6223168275612 0
0 819.2101545701855 0
0 830.0280894540431 0
0 841.0811248570935 0
0 852.3743668706979 0
0 863.9130364257948 0
0 875.7024690204128 0
0 887.7481126190105 0
0 900.0555373507567 0
0 912.6304263743796 0
0 925.4785981704334 0
0 938.605994584699 0
0 952.0186756496229 0
0 965.7228459428867 0
0 979.7248363077113 0
0 994.0311219010401 0
0 1008.648320141307 0
0 1023.583183100245 0
0 1038.842614591108 0
0 1054.433667351558 0
0 1070.363545849138 0
0 1086.639624787427 0
0 1103.269416150142 0
0 1120.260611420893 0
0 1137.621062407848 0
0 1155.358799179177 0
0 1173.482014751402 0
0 1191.99909221976 0
0 1210.918586006658 0
0 1230.249245257859 0
2 9 0 9656
94424
94425
94426
94427
94428
94429
94430
94431
94432
94433
94434
94435
94436
94437
94438
94439
94440
94441
94442
94443
94444
94445
94446
94447
94448
94449
94450
94451
94452
94453
94454
94455
94456
94457
94458
94459
94460
94461
94462
94463
94464
94465
94466
94467
94468
94469
94470
94471
94472
94473
94474
94475
94476
94477
94478
94479
94480
94481
94482
94483
94484
94485
94486
94487
94488
94489
94490
94491
94492
94493
94494
94495
94496
94497
94498
94499
94500
94501
94502
94503
94504
94505
94506
94507
94508
94509
94510
94511
94512
94513
94514
94515
94516
94517
94518
94519
94520
94521
94522
94523
94524
94525
94526
94527
94528
94529
94530
94531
94532
94533
94534
94535
94536
94537
94538
94539
94540
94541
94542
94543
94544
94545
94546
94547
94548
94549
94550
94551
94552
94553
94554
94555
94556
94557
94558
94559
94560
94561
94562
94563
94564
94565
94566
94567
94568
94569
94570
94571
94572
94573
94574
94575
94576
94577
94578
94579
94580
94581
94582
94583
94584
94585
94586
94587
94588
94589
94590
94591
94592
94593
94594
94595
94596
94597
94598
94599
94600
94601
94602
94603
94604
94605
94606
94607
94608
94609
94610
94611
94612
94613
94614
94615
94616
94617
94618
94619
94620
94621
94622
94623
94624
94625
94626
94627
94628
94629
94630
94631
94632
94633
94634
94635
94636
94637
94638
94639
94640
94641
94642
94643
94644
94645
94646
94647
94648
94649
94650
94651
94652
94653
94654
94655
94656
94657
94658
94659
94660
94661
94662
94663
94664
94665
94666
94667
94668
94669
94670
94671
94672
94673
94674
94675
94676
94677
94678
94679
94680
94681
94682
94683
94684
94685
94686
94687
94688
94689
94690
94691
94692
94693
94694
94695
94696
94697
94698
94699
94700
94701
94702
94703
94704
94705
94706
94707
94708
94709
94710
94711
94712
94713
94714
94715
94716
94717
94718
94719
94720
94721
94722
94723
94724
94725
94726
94727
94728
94729
94730
94731
94732
94733
94734
94735
94736
94737
94738
94739
94740
94741
94742
94743
94744
94745
94746
94747
94748
94749
94750
94751
94752
94753
94754
94755
94756
94757
94758
94759
94760
94761
94762
94763
94764
94765
94766
94767
94768
94769
94770
94771
94772
94773
94774
94775
94776
94777
94778
94779
94780
94781
94782
94783
94784
94785
94786
94787
94788
94789
94790
94791
94792
94793
94794
94795
94796
94797
94798
94799
94800
94801
94802
94803
94804
94805
94806
94807
94808
94809
94810
94811
94812
94813
94814
94815
94816
94817
94818
94819
94820
94821
94822
94823
94824
94825
94826
94827
94828
94829
94830
94831
94832
94833
94834
94835
94836
94837
94838
94839
94840
94841
94842
94843
94844
94845
94846
94847
94848
94849
94850
94851
94852
94853
94854
94855
94856
94857
94858
94859
94860
94861
94862
94863
94864
94865
94866
94867
94868
94869
94870
94871
94872
94873
94874
94875
94876
94877
94878
94879
94880
94881
94882
94883
94884
94885
94886
94887
94888
94889
94890
94891
94892
94893
94894
94895
94896
94897
94898
94899
94900
94901
94902
94903
94904
94905
94906
94907
94908
94909
94910
94911
94912
94913
94914
94915
94916
94917
94918
94919
94920
94921
94922
94923
94924
94925
94926
94927
94928
94929
94930
94931
94932
94933
94934
94935
94936
94937
94938
94939
94940
94941
94942
94943
94944
94945
94946
94947
94948
94949
94950
94951
94952
94953
94954
94955
94956
94957
94958
94959
94960
94961
94962
94963
94964
94965
94966
94967
94968
94969
94970
94971
94972
94973
94974
94975
94976
94977
94978
94979
94980
94981
94982
94983
94984
94985
94986
94987
94988
94989
94990
94991
94992
94993
94994
94995
94996
94997
94998
94999
95000
95001
95002
95003
95004
95005
95006
95007
95008
95009
95010
95011
95012
95013
95014
95015
95016
95017
95018
95019
95020
95021
95022
95023
95024
95025
95026
95027
95028
95029
95030
95031
95032
95033
95034
95035
95036
95037
95038
95039
95040
95041
95042
95043
95044
95045
95046
95047
95048
95049
95050
95051
95052
95053
95054
95055
95056
95057
95058
95059
95060
95061
95062
95063
95064
95065
95066
95067
95068
95069
95070
95071
95072
95073
95074
95075
95076
95077
95078
95079
95080
95081
95082
95083
95084
95085
95086
95087
95088
95089
95090
95091
95092
95093
95094
95095
95096
95097
95098
95099
95100
95101
95102
95103
95104
95105
95106
95107
95108
95109
95110
95111
95112
95113
95114
95115
95116
95117
95118
95119
95120
95121
95122
95123
95124
95125
95126
95127
95128
95129
95130
95131
95132
95133
95134
95135
95136
95137
95138
95139
95140
95141
95142
95143
95144
95145
95146
95147
95148
95149
95150
95151
95152
95153
95154
95155
95156
95157
95158
95159
95160
95161
95162
95163
95164
95165
95166
95167
95168
95169
95170
95171
95172
95173
95174
95175
95176
95177
95178
95179
95180
95181
95182
95183
95184
95185
95186
95187
95188
95189
95190
95191
95192
95193
95194
95195
95196
95197
95198
95199
95200
95201
95202
95203
95204
95205
95206
95207
95208
95209
95210
95211
95212
95213
95214
95215
95216
95217
95218
95219
95220
95221
95222
95223
95224
95225
95226
95227
95228
95229
95230
95231
95232
95233
95234
95235
95236
95237
95238
95239
95240
95241
95242
95243
95244
95245
95246
95247
95248
95249
95250
95251
95252
95253
95254
95255
95256
95257
95258
95259
95260
95261
95262
95263
95264
95265
95266
95267
95268
95269
95270
95271
95272
95273
95274
95275
95276
95277
95278
95279
95280
95281
95282
95283
95284
95285
95286
95287
95288
95289
95290
95291
95292
95293
95294
95295
95296
95297
95298
95299
95300
95301
95302
95303
95304
95305
95306
95307
95308
95309
95310
95311
95312
95313
95314
95315
95316
95317
95318
95319
95320
95321
95322
95323
95324
95325
95326
95327
95328
95329
95330
95331
95332
95333
95334
95335
95336
95337
95338
95339
95340
95341
95342
95343
95344
95345
95346
95347
95348
95349
95350
95351
95352
95353
95354
95355
95356
95357
95358
95359
95360
95361
95362
95363
95364
95365
95366
95367
95368
95369
95370
95371
95372
95373
95374
95375
95376
95377
95378
95379
95380
95381
95382
95383
95384
95385
95386
95387
95388
95389
95390
95391
95392
95393
95394
95395
95396
95397
95398
95399
95400
95401
95402
95403
95404
95405
95406
95407
95408
95409
95410
95411
95412
95413
95414
95415
95416
95417
95418
95419
95420
95421
95422
95423
95424
95425
95426
95427
95428
95429
95430
95431
95432
95433
95434
95435
95436
95437
95438
95439
95440
95441
95442
95443
95444
95445
95446
95447
95448
95449
95450
95451
95452
95453
95454
95455
95456
95457
95458
95459
95460
95461
95462
95463
95464
95465
95466
95467
95468
95469
95470
95471
95472
95473
95474
95475
95476
95477
95478
95479
95480
95481
95482
95483
95484
95485
95486
95487
95488
95489
95490
95491
95492
95493
95494
95495
95496
95497
95498
95499
95500
95501
95502
95503
95504
95505
95506
95507
95508
95509
95510
95511
95512
95513
95514
95515
95516
95517
95518
95519
95520
95521
95522
95523
95524
95525
95526
95527
95528
95529
95530
95531
95532
95533
95534
95535
95536
95537
95538
95539
95540
95541
95542
95543
95544
95545
95546
95547
95548
95549
95550
95551
95552
95553
95554
95555
95556
95557
95558
95559
95560
95561
95562
95563
95564
95565
95566
95567
95568
95569
95570
95571
95572
95573
95574
95575
95576
95577
95578
95579
95580
95581
95582
95583
95584
95585
95586
95587
95588
95589
95590
95591
95592
95593
95594
95595
95596
95597
95598
95599
95600
95601
95602
95603
95604
95605
95606
95607
95608
95609
95610
95611
95612
95613
95614
95615
95616
95617
95618
95619
95620
95621
95622
95623
95624
95625
95626
95627
95628
95629
95630
95631
95632
95633
95634
95635
95636
95637
95638
95639
95640
95641
95642
95643
95644
95645
95646
95647
95648
95649
95650
95651
95652
95653
95654
95655
95656
95657
95658
95659
95660
95661
95662
95663
95664
95665
95666
95667
95668
95669
95670
95671
95672
95673
95674
95675
95676
95677
95678
95679
95680
95681
95682
95683
95684
95685
95686
95687
95688
95689
95690
95691
95692
95693
95694
95695
95696
95697
95698
95699
95700
95701
95702
95703
95704
95705
95706
95707
95708
95709
95710
95711
95712
95713
95714
95715
95716
95717
95718
95719
95720
95721
95722
95723
95724
95725
95726
95727
95728
95729
95730
95731
95732
95733
95734
95735
95736
95737
95738
95739
95740
95741
95742
95743
95744
95745
95746
95747
95748
95749
95750
95751
95752
95753
95754
95755
95756
95757
95758
95759
95760
95761
95762
95763
95764
95765
95766
95767
95768
95769
95770
95771
95772
95773
95774
95775
95776
95777
95778
95779
95780
95781
95782
95783
95784
95785
95786
95787
95788
95789
95790
95791
95792
95793
95794
95795
95796
95797
95798
95799
95800
95801
95802
95803
95804
95805
95806
95807
95808
95809
95810
95811
95812
95813
95814
95815
95816
95817
95818
95819
95820
95821
95822
95823
95824
95825
95826
95827
95828
95829
95830
95831
95832
95833
95834
95835
95836
95837
95838
95839
95840
95841
95842
95843
95844
95845
95846
95847
95848
95849
95850
95851
95852
95853
95854
95855
95856
95857
95858
95859
95860
95861
95862
95863
95864
95865
95866
95867
95868
95869
95870
95871
95872
95873
95874
95875
95876
95877
95878
95879
95880
95881
95882
95883
95884
95885
95886
95887
95888
95889
95890
95891
95892
95893
95894
95895
95896
95897
95898
95899
95900
95901
95902
95903
95904
95905
95906
95907
95908
95909
95910
95911
95912
95913
95914
95915
95916
95917
95918
95919
95920
95921
95922
95923
95924
95925
95926
95927
95928
95929
95930
95931
95932
95933
95934
95935
95936
95937
95938
95939
95940
95941
95942
95943
95944
95945
95946
95947
95948
95949
95950
95951
95952
95953
95954
95955
95956
95957
95958
95959
95960
95961
95962
95963
95964
95965
95966
95967
95968
95969
95970
95971
95972
95973
95974
95975
95976
95977
95978
95979
95980
95981
95982
95983
95984
95985
95986
95987
95988
95989
95990
95991
95992
95993
95994
95995
95996
95997
95998
95999
96000
96001
96002
96003
96004
96005
96006
96007
96008
96009
96010
96011
96012
96013
96014
96015
96016
96017
96018
96019
96020
96021
96022
96023
96024
96025
96026
96027
96028
96029
96030
96031
96032
96033
96034
96035
96036
96037
96038
96039
96040
96041
96042
96043
96044
96045
96046
96047
96048
96049
96050
96051
96052
96053
96054
96055
96056
96057
96058
96059
96060
96061
96062
96063
96064
96065
96066
96067
96068
96069
96070
96071
96072
96073
96074
96075
96076
96077
96078
96079
96080
96081
96082
96083
96084
96085
96086
96087
96088
96089
96090
96091
96092
96093
96094
96095
96096
96097
96098
96099
96100
96101
96102
96103
96104
96105
96106
96107
96108
96109
96110
96111
96112
96113
96114
96115
96116
96117
96118
96119
96120
96121
96122
96123
96124
96125
96126
96127
96128
96129
96130
96131
96132
96133
96134
96135
96136
96137
96138
96139
96140
96141
96142
96143
96144
96145
96146
96147
96148
96149
96150
96151
96152
96153
96154
96155
96156
96157
96158
96159
96160
96161
96162
96163
96164
96165
96166
96167
96168
96169
96170
96171
96172
96173
96174
96175
96176
96177
96178
96179
96180
96181
96182
96183
96184
96185
96186
96187
96188
96189
96190
96191
96192
96193
96194
96195
96196
96197
96198
96199
96200
96201
96202
96203
96204
96205
96206
96207
96208
96209
96210
96211
96212
96213
96214
96215
96216
96217
96218
96219
96220
96221
96222
96223
96224
96225
96226
96227
96228
96229
96230
96231
96232
96233
96234
96235
96236
96237
96238
96239
96240
96241
96242
96243
96244
96245
96246
96247
96248
96249
96250
96251
96252
96253
96254
96255
96256
96257
96258
96259
96260
96261
96262
96263
96264
96265
96266
96267
96268
96269
96270
96271
96272
96273
96274
96275
96276
96277
96278
96279
96280
96281
96282
96283
96284
96285
96286
96287
96288
96289
96290
96291
96292
96293
96294
96295
96296
96297
96298
96299
96300
96301
96302
96303
96304
96305
96306
96307
96308
96309
96310
96311
96312
96313
96314
96315
96316
96317
96318
96319
96320
96321
96322
96323
96324
96325
96326
96327
96328
96329
96330
96331
96332
96333
96334
96335
96336
96337
96338
96339
96340
96341
96342
96343
96344
96345
96346
96347
96348
96349
96350
96351
96352
96353
96354
96355
96356
96357
96358
96359
96360
96361
96362
96363
96364
96365
96366
96367
96368
96369
96370
96371
96372
96373
96374
96375
96376
96377
96378
96379
96380
96381
96382
96383
96384
96385
96386
96387
96388
96389
96390
96391
96392
96393
96394
96395
96396
96397
96398
96399
96400
96401
96402
96403
96404
96405
96406
96407
96408
96409
96410
96411
96412
96413
96414
96415
96416
96417
96418
96419
96420
96421
96422
96423
96424
96425
96426
96427
96428
96429
96430
96431
96432
96433
96434
96435
96436
96437
96438
96439
96440
96441
96442
96443
96444
96445
96446
96447
96448
96449
96450
96451
96452
96453
96454
96455
96456
96457
96458
96459
96460
96461
96462
96463
96464
96465
96466
96467
96468
96469
96470
96471
96472
96473
96474
96475
96476
96477
96478
96479
96480
96481
96482
96483
96484
96485
96486
96487
96488
96489
96490
96491
96492
96493
96494
96495
96496
96497
96498
96499
96500
96501
96502
96503
96504
96505
96506
96507
96508
96509
96510
96511
96512
96513
96514
96515
96516
96517
96518
96519
96520
96521
96522
96523
96524
96525
96526
96527
96528
96529
96530
96531
96532
96533
96534
96535
96536
96537
96538
96539
96540
96541
96542
96543
96544
96545
96546
96547
96548
96549
96550
96551
96552
96553
96554
96555
96556
96557
96558
96559
96560
96561
96562
96563
96564
96565
96566
96567
96568
96569
96570
96571
96572
96573
96574
96575
96576
96577
96578
96579
96580
96581
96582
96583
96584
96585
96586
96587
96588
96589
96590
96591
96592
96593
96594
96595
96596
96597
96598
96599
96600
96601
96602
96603
96604
96605
96606
96607
96608
96609
96610
96611
96612
96613
96614
96615
96616
96617
96618
96619
96620
96621
96622
96623
96624
96625
96626
96627
96628
96629
96630
96631
96632
96633
96634
96635
96636
96637
96638
96639
96640
96641
96642
96643
96644
96645
96646
96647
96648
96649
96650
96651
96652
96653
96654
96655
96656
96657
96658
96659
96660
96661
96662
96663
96664
96665
96666
96667
96668
96669
96670
96671
96672
96673
96674
96675
96676
96677
96678
96679
96680
96681
96682
96683
96684
96685
96686
96687
96688
96689
96690
96691
96692
96693
96694
96695
96696
96697
96698
96699
96700
96701
96702
96703
96704
96705
96706
96707
96708
96709
96710
96711
96712
96713
96714
96715
96716
96717
96718
96719
96720
96721
96722
96723
96724
96725
96726
96727
96728
96729
96730
96731
96732
96733
96734
96735
96736
96737
96738
96739
96740
96741
96742
96743
96744
96745
96746
96747
96748
96749
96750
96751
96752
96753
96754
96755
96756
96757
96758
96759
96760
96761
96762
96763
96764
96765
96766
96767
96768
96769
96770
96771
96772
96773
96774
96775
96776
96777
96778
96779
96780
96781
96782
96783
96784
96785
96786
96787
96788
96789
96790
96791
96792
96793
96794
96795
96796
96797
96798
96799
96800
96801
96802
96803
96804
96805
96806
96807
96808
96809
96810
96811
96812
96813
96814
96815
96816
96817
96818
96819
96820
96821
96822
96823
96824
96825
96826
96827
96828
96829
96830
96831
96832
96833
96834
96835
96836
96837
96838
96839
96840
96841
96842
96843
96844
96845
96846
96847
96848
96849
96850
96851
96852
96853
96854
96855
96856
96857
96858
96859
96860
96861
96862
96863
96864
96865
96866
96867
96868
96869
96870
96871
96872
96873
96874
96875
96876
96877
96878
96879
96880
96881
96882
96883
96884
96885
96886
96887
96888
96889
96890
96891
96892
96893
96894
96895
96896
96897
96898
96899
96900
96901
96902
96903
96904
96905
96906
96907
96908
96909
96910
96911
96912
96913
96914
96915
96916
96917
96918
96919
96920
96921
96922
96923
96924
96925
96926
96927
96928
96929
96930
96931
96932
96933
96934
96935
96936
96937
96938
96939
96940
96941
96942
96943
96944
96945
96946
96947
96948
96949
96950
96951
96952
96953
96954
96955
96956
96957
96958
96959
96960
96961
96962
96963
96964
96965
96966
96967
96968
96969
96970
96971
96972
96973
96974
96975
96976
96977
96978
96979
96980
96981
96982
96983
96984
96985
96986
96987
96988
96989
96990
96991
96992
96993
96994
96995
96996
96997
96998
96999
97000
97001
97002
97003
97004
97005
97006
97007
97008
97009
97010
97011
97012
97013
97014
97015
97016
97017
97018
97019
97020
97021
97022
97023
97024
97025
97026
97027
97028
97029
97030
97031
97032
97033
97034
97035
97036
97037
97038
97039
97040
97041
97042
97043
97044
97045
97046
97047
97048
97049
97050
97051
97052
97053
97054
97055
97056
97057
97058
97059
97060
97061
97062
97063
97064
97065
97066
97067
97068
97069
97070
97071
97072
97073
97074
97075
97076
97077
97078
97079
97080
97081
97082
97083
97084
97085
97086
97087
97088
97089
97090
97091
97092
97093
97094
97095
97096
97097
97098
97099
97100
97101
97102
97103
97104
97105
97106
97107
97108
97109
97110
97111
97112
97113
97114
97115
97116
97117
97118
97119
97120
97121
97122
97123
97124
97125
97126
97127
97128
97129
97130
97131
97132
97133
97134
97135
97136
97137
97138
97139
97140
97141
97142
97143
97144
97145
97146
97147
97148
97149
97150
97151
97152
97153
97154
97155
97156
97157
97158
97159
97160
97161
97162
97163
97164
97165
97166
97167
97168
97169
97170
97171
97172
97173
97174
97175
97176
97177
97178
97179
97180
97181
97182
97183
97184
97185
97186
97187
97188
97189
97190
97191
97192
97193
97194
97195
97196
97197
97198
97199
97200
97201
97202
97203
97204
97205
97206
97207
97208
97209
97210
97211
97212
97213
97214
97215
97216
97217
97218
97219
97220
97221
97222
97223
97224
97225
97226
97227
97228
97229
97230
97231
97232
97233
97234
97235
97236
97237
97238
97239
97240
97241
97242
97243
97244
97245
97246
97247
97248
97249
97250
97251
97252
97253
97254
97255
97256
97257
97258
97259
97260
97261
97262
97263
97264
97265
97266
97267
97268
97269
97270
97271
97272
97273
97274
97275
97276
97277
97278
97279
97280
97281
97282
97283
97284
97285
97286
97287
97288
97289
97290
97291
97292
97293
97294
97295
97296
97297
97298
97299
97300
97301
97302
97303
97304
97305
97306
97307
97308
97309
97310
97311
97312
97313
97314
97315
97316
97317
97318
97319
97320
97321
97322
97323
97324
97325
97326
97327
97328
97329
97330
97331
97332
97333
97334
97335
97336
97337
97338
97339
97340
97341
97342
97343
97344
97345
97346
97347
97348
97349
97350
97351
97352
97353
97354
97355
97356
97357
97358
97359
97360
97361
97362
97363
97364
97365
97366
97367
97368
97369
97370
97371
97372
97373
97374
97375
97376
97377
97378
97379
97380
97381
97382
97383
97384
97385
97386
97387
97388
97389
97390
97391
97392
97393
97394
97395
97396
97397
97398
97399
97400
97401
97402
97403
97404
97405
97406
97407
97408
97409
97410
97411
97412
97413
97414
97415
97416
97417
97418
97419
97420
97421
97422
97423
97424
97425
97426
97427
97428
97429
97430
97431
97432
97433
97434
97435
97436
97437
97438
97439
97440
97441
97442
97443
97444
97445
97446
97447
97448
97449
97450
97451
97452
97453
97454
97455
97456
97457
97458
97459
97460
97461
97462
97463
97464
97465
97466
97467
97468
97469
97470
97471
97472
97473
97474
97475
97476
97477
97478
97479
97480
97481
97482
97483
97484
97485
97486
97487
97488
97489
97490
97491
97492
97493
97494
97495
97496
97497
97498
97499
97500
97501
97502
97503
97504
97505
97506
97507
97508
97509
97510
97511
97512
97513
97514
97515
97516
97517
97518
97519
97520
97521
97522
97523
97524
97525
97526
97527
97528
97529
97530
97531
97532
97533
97534
97535
97536
97537
97538
97539
97540
97541
97542
97543
97544
97545
97546
97547
97548
97549
97550
97551
97552
97553
97554
97555
97556
97557
97558
97559
97560
97561
97562
97563
97564
97565
97566
97567
97568
97569
97570
97571
97572
97573
97574
97575
97576
97577
97578
97579
97580
97581
97582
97583
97584
97585
97586
97587
97588
97589
97590
97591
97592
97593
97594
97595
97596
97597
97598
97599
97600
97601
97602
97603
97604
97605
97606
97607
97608
97609
97610
97611
97612
97613
97614
97615
97616
97617
97618
97619
97620
97621
97622
97623
97624
97625
97626
97627
97628
97629
97630
97631
97632
97633
97634
97635
97636
97637
97638
97639
97640
97641
97642
97643
97644
97645
97646
97647
97648
97649
97650
97651
97652
97653
97654
97655
97656
97657
97658
97659
97660
97661
97662
97663
97664
97665
97666
97667
97668
97669
97670
97671
97672
97673
97674
97675
97676
97677
97678
97679
97680
97681
97682
97683
97684
97685
97686
97687
97688
97689
97690
97691
97692
97693
97694
97695
97696
97697
97698
97699
97700
97701
97702
97703
97704
97705
97706
97707
97708
97709
97710
97711
97712
97713
97714
97715
97716
97717
97718
97719
97720
97721
97722
97723
97724
97725
97726
97727
97728
97729
97730
97731
97732
97733
97734
97735
97736
97737
97738
97739
97740
97741
97742
97743
97744
97745
97746
97747
97748
97749
97750
97751
97752
97753
97754
97755
97756
97757
97758
97759
97760
97761
97762
97763
97764
97765
97766
97767
97768
97769
97770
97771
97772
97773
97774
97775
97776
97777
97778
97779
97780
97781
97782
97783
97784
97785
97786
97787
97788
97789
97790
97791
97792
97793
97794
97795
97796
97797
97798
97799
97800
97801
97802
97803
97804
97805
97806
97807
97808
97809
97810
97811
97812
97813
97814
97815
97816
97817
97818
97819
97820
97821
97822
97823
97824
97825
97826
97827
97828
97829
97830
97831
97832
97833
97834
97835
97836
97837
97838
97839
97840
97841
97842
97843
97844
97845
97846
97847
97848
97849
97850
97851
97852
97853
97854
97855
97856
97857
97858
97859
97860
97861
97862
97863
97864
97865
97866
97867
97868
97869
97870
97871
97872
97873
97874
97875
97876
97877
97878
97879
97880
97881
97882
97883
97884
97885
97886
97887
97888
97889
97890
97891
97892
97893
97894
97895
97896
97897
97898
97899
97900
97901
97902
97903
97904
97905
97906
97907
97908
97909
97910
97911
97912
97913
97914
97915
97916
97917
97918
97919
97920
97921
97922
97923
97924
97925
97926
97927
97928
97929
97930
97931
97932
97933
97934
97935
97936
97937
97938
97939
97940
97941
97942
97943
97944
97945
97946
97947
97948
97949
97950
97951
97952
97953
97954
97955
97956
97957
97958
97959
97960
97961
97962
97963
97964
97965
97966
97967
97968
97969
97970
97971
97972
97973
97974
97975
97976
97977
97978
97979
97980
97981
97982
97983
97984
97985
97986
97987
97988
97989
97990
97991
97992
97993
97994
97995
97996
97997
97998
97999
98000
98001
98002
98003
98004
98005
98006
98007
98008
98009
98010
98011
98012
98013
98014
98015
98016
98017
98018
98019
98020
98021
98022
98023
98024
98025
98026
98027
98028
98029
98030
98031
98032
98033
98034
98035
98036
98037
98038
98039
98040
98041
98042
98043
98044
98045
98046
98047
98048
98049
98050
98051
98052
98053
98054
98055
98056
98057
98058
98059
98060
98061
98062
98063
98064
98065
98066
98067
98068
98069
98070
98071
98072
98073
98074
98075
98076
98077
98078
98079
98080
98081
98082
98083
98084
98085
98086
98087
98088
98089
98090
98091
98092
98093
98094
98095
98096
98097
98098
98099
98100
98101
98102
98103
98104
98105
98106
98107
98108
98109
98110
98111
98112
98113
98114
98115
98116
98117
98118
98119
98120
98121
98122
98123
98124
98125
98126
98127
98128
98129
98130
98131
98132
98133
98134
98135
98136
98137
98138
98139
98140
98141
98142
98143
98144
98145
98146
98147
98148
98149
98150
98151
98152
98153
98154
98155
98156
98157
98158
98159
98160
98161
98162
98163
98164
98165
98166
98167
98168
98169
98170
98171
98172
98173
98174
98175
98176
98177
98178
98179
98180
98181
98182
98183
98184
98185
98186
98187
98188
98189
98190
98191
98192
98193
98194
98195
98196
98197
98198
98199
98200
98201
98202
98203
98204
98205
98206
98207
98208
98209
98210
98211
98212
98213
98214
98215
98216
98217
98218
98219
98220
98221
98222
98223
98224
98225
98226
98227
98228
98229
98230
98231
98232
98233
98234
98235
98236
98237
98238
98239
98240
98241
98242
98243
98244
98245
98246
98247
98248
98249
98250
98251
98252
98253
98254
98255
98256
98257
98258
98259
98260
98261
98262
98263
98264
98265
98266
98267
98268
98269
98270
98271
98272
98273
98274
98275
98276
98277
98278
98279
98280
98281
98282
98283
98284
98285
98286
98287
98288
98289
98290
98291
98292
98293
98294
98295
98296
98297
98298
98299
98300
98301
98302
98303
98304
98305
98306
98307
98308
98309
98310
98311
98312
98313
98314
98315
98316
98317
98318
98319
98320
98321
98322
98323
98324
98325
98326
98327
98328
98329
98330
98331
98332
98333
98334
98335
98336
98337
98338
98339
98340
98341
98342
98343
98344
98345
98346
98347
98348
98349
98350
98351
98352
98353
98354
98355
98356
98357
98358
98359
98360
98361
98362
98363
98364
98365
98366
98367
98368
98369
98370
98371
98372
98373
98374
98375
98376
98377
98378
98379
98380
98381
98382
98383
98384
98385
98386
98387
98388
98389
98390
98391
98392
98393
98394
98395
98396
98397
98398
98399
98400
98401
98402
98403
98404
98405
98406
98407
98408
98409
98410
98411
98412
98413
98414
98415
98416
98417
98418
98419
98420
98421
98422
98423
98424
98425
98426
98427
98428
98429
98430
98431
98432
98433
98434
98435
98436
98437
98438
98439
98440
98441
98442
98443
98444
98445
98446
98447
98448
98449
98450
98451
98452
98453
98454
98455
98456
98457
98458
98459
98460
98461
98462
98463
98464
98465
98466
98467
98468
98469
98470
98471
98472
98473
98474
98475
98476
98477
98478
98479
98480
98481
98482
98483
98484
98485
98486
98487
98488
98489
98490
98491
98492
98493
98494
98495
98496
98497
98498
98499
98500
98501
98502
98503
98504
98505
98506
98507
98508
98509
98510
98511
98512
98513
98514
98515
98516
98517
98518
98519
98520
98521
98522
98523
98524
98525
98526
98527
98528
98529
98530
98531
98532
98533
98534
98535
98536
98537
98538
98539
98540
98541
98542
98543
98544
98545
98546
98547
98548
98549
98550
98551
98552
98553
98554
98555
98556
98557
98558
98559
98560
98561
98562
98563
98564
98565
98566
98567
98568
98569
98570
98571
98572
98573
98574
98575
98576
98577
98578
98579
98580
98581
98582
98583
98584
98585
98586
98587
98588
98589
98590
98591
98592
98593
98594
98595
98596
98597
98598
98599
98600
98601
98602
98603
98604
98605
98606
98607
98608
98609
98610
98611
98612
98613
98614
98615
98616
98617
98618
98619
98620
98621
98622
98623
98624
98625
98626
98627
98628
98629
98630
98631
98632
98633
98634
98635
98636
98637
98638
98639
98640
98641
98642
98643
98644
98645
98646
98647
98648
98649
98650
98651
98652
98653
98654
98655
98656
98657
98658
98659
98660
98661
98662
98663
98664
98665
98666
98667
98668
98669
98670
98671
98672
98673
98674
98675
98676
98677
98678
98679
98680
98681
98682
98683
98684
98685
98686
98687
98688
98689
98690
98691
98692
98693
98694
98695
98696
98697
98698
98699
98700
98701
98702
98703
98704
98705
98706
98707
98708
98709
98710
98711
98712
98713
98714
98715
98716
98717
98718
98719
98720
98721
98722
98723
98724
98725
98726
98727
98728
98729
98730
98731
98732
98733
98734
98735
98736
98737
98738
98739
98740
98741
98742
98743
98744
98745
98746
98747
98748
98749
98750
98751
98752
98753
98754
98755
98756
98757
98758
98759
98760
98761
98762
98763
98764
98765
98766
98767
98768
98769
98770
98771
98772
98773
98774
98775
98776
98777
98778
98779
98780
98781
98782
98783
98784
98785
98786
98787
98788
98789
98790
98791
98792
98793
98794
98795
98796
98797
98798
98799
98800
98801
98802
98803
98804
98805
98806
98807
98808
98809
98810
98811
98812
98813
98814
98815
98816
98817
98818
98819
98820
98821
98822
98823
98824
98825
98826
98827
98828
98829
98830
98831
98832
98833
98834
98835
98836
98837
98838
98839
98840
98841
98842
98843
98844
98845
98846
98847
98848
98849
98850
98851
98852
98853
98854
98855
98856
98857
98858
98859
98860
98861
98862
98863
98864
98865
98866
98867
98868
98869
98870
98871
98872
98873
98874
98875
98876
98877
98878
98879
98880
98881
98882
98883
98884
98885
98886
98887
98888
98889
98890
98891
98892
98893
98894
98895
98896
98897
98898
98899
98900
98901
98902
98903
98904
98905
98906
98907
98908
98909
98910
98911
98912
98913
98914
98915
98916
98917
98918
98919
98920
98921
98922
98923
98924
98925
98926
98927
98928
98929
98930
98931
98932
98933
98934
98935
98936
98937
98938
98939
98940
98941
98942
98943
98944
98945
98946
98947
98948
98949
98950
98951
98952
98953
98954
98955
98956
98957
98958
98959
98960
98961
98962
98963
98964
98965
98966
98967
98968
98969
98970
98971
98972
98973
98974
98975
98976
98977
98978
98979
98980
98981
98982
98983
98984
98985
98986
98987
98988
98989
98990
98991
98992
98993
98994
98995
98996
98997
98998
98999
99000
99001
99002
99003
99004
99005
99006
99007
99008
99009
99010
99011
99012
99013
99014
99015
99016
99017
99018
99019
99020
99021
99022
99023
99024
99025
99026
99027
99028
99029
99030
99031
99032
99033
99034
99035
99036
99037
99038
99039
99040
99041
99042
99043
99044
99045
99046
99047
99048
99049
99050
99051
99052
99053
99054
99055
99056
99057
99058
99059
99060
99061
99062
99063
99064
99065
99066
99067
99068
99069
99070
99071
99072
99073
99074
99075
99076
99077
99078
99079
99080
99081
99082
99083
99084
99085
99086
99087
99088
99089
99090
99091
99092
99093
99094
99095
99096
99097
99098
99099
99100
99101
99102
99103
99104
99105
99106
99107
99108
99109
99110
99111
99112
99113
99114
99115
99116
99117
99118
99119
99120
99121
99122
99123
99124
99125
99126
99127
99128
99129
99130
99131
99132
99133
99134
99135
99136
99137
99138
99139
99140
99141
99142
99143
99144
99145
99146
99147
99148
99149
99150
99151
99152
99153
99154
99155
99156
99157
99158
99159
99160
99161
99162
99163
99164
99165
99166
99167
99168
99169
99170
99171
99172
99173
99174
99175
99176
99177
99178
99179
99180
99181
99182
99183
99184
99185
99186
99187
99188
99189
99190
99191
99192
99193
99194
99195
99196
99197
99198
99199
99200
99201
99202
99203
99204
99205
99206
99207
99208
99209
99210
99211
99212
99213
99214
99215
99216
99217
99218
99219
99220
99221
99222
99223
99224
99225
99226
99227
99228
99229
99230
99231
99232
99233
99234
99235
99236
99237
99238
99239
99240
99241
99242
99243
99244
99245
99246
99247
99248
99249
99250
99251
99252
99253
99254
99255
99256
99257
99258
99259
99260
99261
99262
99263
99264
99265
99266
99267
99268
99269
99270
99271
99272
99273
99274
99275
99276
99277
99278
99279
99280
99281
99282
99283
99284
99285
99286
99287
99288
99289
99290
99291
99292
99293
99294
99295
99296
99297
99298
99299
99300
99301
99302
99303
99304
99305
99306
99307
99308
99309
99310
99311
99312
99313
99314
99315
99316
99317
99318
99319
99320
99321
99322
99323
99324
99325
99326
99327
99328
99329
99330
99331
99332
99333
99334
99335
99336
99337
99338
99339
99340
99341
99342
99343
99344
99345
99346
99347
99348
99349
99350
99351
99352
99353
99354
99355
99356
99357
99358
99359
99360
99361
99362
99363
99364
99365
99366
99367
99368
99369
99370
99371
99372
99373
99374
99375
99376
99377
99378
99379
99380
99381
99382
99383
99384
99385
99386
99387
99388
99389
99390
99391
99392
99393
99394
99395
99396
99397
99398
99399
99400
99401
99402
99403
99404
99405
99406
99407
99408
99409
99410
99411
99412
99413
99414
99415
99416
99417
99418
99419
99420
99421
99422
99423
99424
99425
99426
99427
99428
99429
99430
99431
99432
99433
99434
99435
99436
99437
99438
99439
99440
99441
99442
99443
99444
99445
99446
99447
99448
99449
99450
99451
99452
99453
99454
99455
99456
99457
99458
99459
99460
99461
99462
99463
99464
99465
99466
99467
99468
99469
99470
99471
99472
99473
99474
99475
99476
99477
99478
99479
99480
99481
99482
99483
99484
99485
99486
99487
99488
99489
99490
99491
99492
99493
99494
99495
99496
99497
99498
99499
99500
99501
99502
99503
99504
99505
99506
99507
99508
99509
99510
99511
99512
99513
99514
99515
99516
99517
99518
99519
99520
99521
99522
99523
99524
99525
99526
99527
99528
99529
99530
99531
99532
99533
99534
99535
99536
99537
99538
99539
99540
99541
99542
99543
99544
99545
99546
99547
99548
99549
99550
99551
99552
99553
99554
99555
99556
99557
99558
99559
99560
99561
99562
99563
99564
99565
99566
99567
99568
99569
99570
99571
99572
99573
99574
99575
99576
99577
99578
99579
99580
99581
99582
99583
99584
99585
99586
99587
99588
99589
99590
99591
99592
99593
99594
99595
99596
99597
99598
99599
99600
99601
99602
99603
99604
99605
99606
99607
99608
99609
99610
99611
99612
99613
99614
99615
99616
99617
99618
99619
99620
99621
99622
99623
99624
99625
99626
99627
99628
99629
99630
99631
99632
99633
99634
99635
99636
99637
99638
99639
99640
99641
99642
99643
99644
99645
99646
99647
99648
99649
99650
99651
99652
99653
99654
99655
99656
99657
99658
99659
99660
99661
99662
99663
99664
99665
99666
99667
99668
99669
99670
99671
99672
99673
99674
99675
99676
99677
99678
99679
99680
99681
99682
99683
99684
99685
99686
99687
99688
99689
99690
99691
99692
99693
99694
99695
99696
99697
99698
99699
99700
99701
99702
99703
99704
99705
99706
99707
99708
99709
99710
99711
99712
99713
99714
99715
99716
99717
99718
99719
99720
99721
99722
99723
99724
99725
99726
99727
99728
99729
99730
99731
99732
99733
99734
99735
99736
99737
99738
99739
99740
99741
99742
99743
99744
99745
99746
99747
99748
99749
99750
99751
99752
99753
99754
99755
99756
99757
99758
99759
99760
99761
99762
99763
99764
99765
99766
99767
99768
99769
99770
99771
99772
99773
99774
99775
99776
99777
99778
99779
99780
99781
99782
99783
99784
99785
99786
99787
99788
99789
99790
99791
99792
99793
99794
99795
99796
99797
99798
99799
99800
99801
99802
99803
99804
99805
99806
99807
99808
99809
99810
99811
99812
99813
99814
99815
99816
99817
99818
99819
99820
99821
99822
99823
99824
99825
99826
99827
99828
99829
99830
99831
99832
99833
99834
99835
99836
99837
99838
99839
99840
99841
99842
99843
99844
99845
99846
99847
99848
99849
99850
99851
99852
99853
99854
99855
99856
99857
99858
99859
99860
99861
99862
99863
99864
99865
99866
99867
99868
99869
99870
99871
99872
99873
99874
99875
99876
99877
99878
99879
99880
99881
99882
99883
99884
99885
99886
99887
99888
99889
99890
99891
99892
99893
99894
99895
99896
99897
99898
99899
99900
99901
99902
99903
99904
99905
99906
99907
99908
99909
99910
99911
99912
99913
99914
99915
99916
99917
99918
99919
99920
99921
99922
99923
99924
99925
99926
99927
99928
99929
99930
99931
99932
99933
99934
99935
99936
99937
99938
99939
99940
99941
99942
99943
99944
99945
99946
99947
99948
99949
99950
99951
99952
99953
99954
99955
99956
99957
99958
99959
99960
99961
99962
99963
99964
99965
99966
99967
99968
99969
99970
99971
99972
99973
99974
99975
99976
99977
99978
99979
99980
99981
99982
99983
99984
99985
99986
99987
99988
99989
99990
99991
99992
99993
99994
99995
99996
99997
99998
99999
100000
100001
100002
100003
100004
100005
100006
100007
100008
100009
100010
100011
100012
100013
100014
100015
100016
100017
100018
100019
100020
100021
100022
100023
100024
100025
100026
100027
100028
100029
100030
100031
100032
100033
100034
100035
100036
100037
100038
100039
100040
100041
100042
100043
100044
100045
100046
100047
100048
100049
100050
100051
100052
100053
100054
100055
100056
100057
100058
100059
100060
100061
100062
100063
100064
100065
100066
100067
100068
100069
100070
100071
100072
100073
100074
100075
100076
100077
100078
100079
100080
100081
100082
100083
100084
100085
100086
100087
100088
100089
100090
100091
100092
100093
100094
100095
100096
100097
100098
100099
100100
100101
100102
100103
100104
100105
100106
100107
100108
100109
100110
100111
100112
100113
100114
100115
100116
100117
100118
100119
100120
100121
100122
100123
100124
100125
100126
100127
100128
100129
100130
100131
100132
100133
100134
100135
100136
100137
100138
100139
100140
100141
100142
100143
100144
100145
100146
100147
100148
100149
100150
100151
100152
100153
100154
100155
100156
100157
100158
100159
100160
100161
100162
100163
100164
100165
100166
100167
100168
100169
100170
100171
100172
100173
100174
100175
100176
100177
100178
100179
100180
100181
100182
100183
100184
100185
100186
100187
100188
100189
100190
100191
100192
100193
100194
100195
100196
100197
100198
100199
100200
100201
100202
100203
100204
100205
100206
100207
100208
100209
100210
100211
100212
100213
100214
100215
100216
100217
100218
100219
100220
100221
100222
100223
100224
100225
100226
100227
100228
100229
100230
100231
100232
100233
100234
100235
100236
100237
100238
100239
100240
100241
100242
100243
100244
100245
100246
100247
100248
100249
100250
100251
100252
100253
100254
100255
100256
100257
100258
100259
100260
100261
100262
100263
100264
100265
100266
100267
100268
100269
100270
100271
100272
100273
100274
100275
100276
100277
100278
100279
100280
100281
100282
100283
100284
100285
100286
100287
100288
100289
100290
100291
100292
100293
100294
100295
100296
100297
100298
100299
100300
100301
100302
100303
100304
100305
100306
100307
100308
100309
100310
100311
100312
100313
100314
100315
100316
100317
100318
100319
100320
100321
100322
100323
100324
100325
100326
100327
100328
100329
100330
100331
100332
100333
100334
100335
100336
100337
100338
100339
100340
100341
100342
100343
100344
100345
100346
100347
100348
100349
100350
100351
100352
100353
100354
100355
100356
100357
100358
100359
100360
100361
100362
100363
100364
100365
100366
100367
100368
100369
100370
100371
100372
100373
100374
100375
100376
100377
100378
100379
100380
100381
100382
100383
100384
100385
100386
100387
100388
100389
100390
100391
100392
100393
100394
100395
100396
100397
100398
100399
100400
100401
100402
100403
100404
100405
100406
100407
100408
100409
100410
100411
100412
100413
100414
100415
100416
100417
100418
100419
100420
100421
100422
100423
100424
100425
100426
100427
100428
100429
100430
100431
100432
100433
100434
100435
100436
100437
100438
100439
100440
100441
100442
100443
100444
100445
100446
100447
100448
100449
100450
100451
100452
100453
100454
100455
100456
100457
100458
100459
100460
100461
100462
100463
100464
100465
100466
100467
100468
100469
100470
100471
100472
100473
100474
100475
100476
100477
100478
100479
100480
100481
100482
100483
100484
100485
100486
100487
100488
100489
100490
100491
100492
100493
100494
100495
100496
100497
100498
100499
100500
100501
100502
100503
100504
100505
100506
100507
100508
100509
100510
100511
100512
100513
100514
100515
100516
100517
100518
100519
100520
100521
100522
100523
100524
100525
100526
100527
100528
100529
100530
100531
100532
100533
100534
100535
100536
100537
100538
100539
100540
100541
100542
100543
100544
100545
100546
100547
100548
100549
100550
100551
100552
100553
100554
100555
100556
100557
100558
100559
100560
100561
100562
100563
100564
100565
100566
100567
100568
100569
100570
100571
100572
100573
100574
100575
100576
100577
100578
100579
100580
100581
100582
100583
100584
100585
100586
100587
100588
100589
100590
100591
100592
100593
100594
100595
100596
100597
100598
100599
100600
100601
100602
100603
100604
100605
100606
100607
100608
100609
100610
100611
100612
100613
100614
100615
100616
100617
100618
100619
100620
100621
100622
100623
100624
100625
100626
100627
100628
100629
100630
100631
100632
100633
100634
100635
100636
100637
100638
100639
100640
100641
100642
100643
100644
100645
100646
100647
100648
100649
100650
100651
100652
100653
100654
100655
100656
100657
100658
100659
100660
100661
100662
100663
100664
100665
100666
100667
100668
100669
100670
100671
100672
100673
100674
100675
100676
100677
100678
100679
100680
100681
100682
100683
100684
100685
100686
100687
100688
100689
100690
100691
100692
100693
100694
100695
100696
100697
100698
100699
100700
100701
100702
100703
100704
100705
100706
100707
100708
100709
100710
100711
100712
100713
100714
100715
100716
100717
100718
100719
100720
100721
100722
100723
100724
100725
100726
100727
100728
100729
100730
100731
100732
100733
100734
100735
100736
100737
100738
100739
100740
100741
100742
100743
100744
100745
100746
100747
100748
100749
100750
100751
100752
100753
100754
100755
100756
100757
100758
100759
100760
100761
100762
100763
100764
100765
100766
100767
100768
100769
100770
100771
100772
100773
100774
100775
100776
100777
100778
100779
100780
100781
100782
100783
100784
100785
100786
100787
100788
100789
100790
100791
100792
100793
100794
100795
100796
100797
100798
100799
100800
100801
100802
100803
100804
100805
100806
100807
100808
100809
100810
100811
100812
100813
100814
100815
100816
100817
100818
100819
100820
100821
100822
100823
100824
100825
100826
100827
100828
100829
100830
100831
100832
100833
100834
100835
100836
100837
100838
100839
100840
100841
100842
100843
100844
100845
100846
100847
100848
100849
100850
100851
100852
100853
100854
100855
100856
100857
100858
100859
100860
100861
100862
100863
100864
100865
100866
100867
100868
100869
100870
100871
100872
100873
100874
100875
100876
100877
100878
100879
100880
100881
100882
100883
100884
100885
100886
100887
100888
100889
100890
100891
100892
100893
100894
100895
100896
100897
100898
100899
100900
100901
100902
100903
100904
100905
100906
100907
100908
100909
100910
100911
100912
100913
100914
100915
100916
100917
100918
100919
100920
100921
100922
100923
100924
100925
100926
100927
100928
100929
100930
100931
100932
100933
100934
100935
100936
100937
100938
100939
100940
100941
100942
100943
100944
100945
100946
100947
100948
100949
100950
100951
100952
100953
100954
100955
100956
100957
100958
100959
100960
100961
100962
100963
100964
100965
100966
100967
100968
100969
100970
100971
100972
100973
100974
100975
100976
100977
100978
100979
100980
100981
100982
100983
100984
100985
100986
100987
100988
100989
100990
100991
100992
100993
100994
100995
100996
100997
100998
100999
101000
101001
101002
101003
101004
101005
101006
101007
101008
101009
101010
101011
101012
101013
101014
101015
101016
101017
101018
101019
101020
101021
101022
101023
101024
101025
101026
101027
101028
101029
101030
101031
101032
101033
101034
101035
101036
101037
101038
101039
101040
101041
101042
101043
101044
101045
101046
101047
101048
101049
101050
101051
101052
101053
101054
101055
101056
101057
101058
101059
101060
101061
101062
101063
101064
101065
101066
101067
101068
101069
101070
101071
101072
101073
101074
101075
101076
101077
101078
101079
101080
101081
101082
101083
101084
101085
101086
101087
101088
101089
101090
101091
101092
101093
101094
101095
101096
101097
101098
101099
101100
101101
101102
101103
101104
101105
101106
101107
101108
101109
101110
101111
101112
101113
101114
101115
101116
101117
101118
101119
101120
101121
101122
101123
101124
101125
101126
101127
101128
101129
101130
101131
101132
101133
101134
101135
101136
101137
101138
101139
101140
101141
101142
101143
101144
101145
101146
101147
101148
101149
101150
101151
101152
101153
101154
101155
101156
101157
101158
101159
101160
101161
101162
101163
101164
101165
101166
101167
101168
101169
101170
101171
101172
101173
101174
101175
101176
101177
101178
101179
101180
101181
101182
101183
101184
101185
101186
101187
101188
101189
101190
101191
101192
101193
101194
101195
101196
101197
101198
101199
101200
101201
101202
101203
101204
101205
101206
101207
101208
101209
101210
101211
101212
101213
101214
101215
101216
101217
101218
101219
101220
101221
101222
101223
101224
101225
101226
101227
101228
101229
101230
101231
101232
101233
101234
101235
101236
101237
101238
101239
101240
101241
101242
101243
101244
101245
101246
101247
101248
101249
101250
101251
101252
101253
101254
101255
101256
101257
101258
101259
101260
101261
101262
101263
101264
101265
101266
101267
101268
101269
101270
101271
101272
101273
101274
101275
101276
101277
101278
101279
101280
101281
101282
101283
101284
101285
101286
101287
101288
101289
101290
101291
101292
101293
101294
101295
101296
101297
101298
101299
101300
101301
101302
101303
101304
101305
101306
101307
101308
101309
101310
101311
101312
101313
101314
101315
101316
101317
101318
101319
101320
101321
101322
101323
101324
101325
101326
101327
101328
101329
101330
101331
101332
101333
101334
101335
101336
101337
101338
101339
101340
101341
101342
101343
101344
101345
101346
101347
101348
101349
101350
101351
101352
101353
101354
101355
101356
101357
101358
101359
101360
101361
101362
101363
101364
101365
101366
101367
101368
101369
101370
101371
101372
101373
101374
101375
101376
101377
101378
101379
101380
101381
101382
101383
101384
101385
101386
101387
101388
101389
101390
101391
101392
101393
101394
101395
101396
101397
101398
101399
101400
101401
101402
101403
101404
101405
101406
101407
101408
101409
101410
101411
101412
101413
101414
101415
101416
101417
101418
101419
101420
101421
101422
101423
101424
101425
101426
101427
101428
101429
101430
101431
101432
101433
101434
101435
101436
101437
101438
101439
101440
101441
101442
101443
101444
101445
101446
101447
101448
101449
101450
101451
101452
101453
101454
101455
101456
101457
101458
101459
101460
101461
101462
101463
101464
101465
101466
101467
101468
101469
101470
101471
101472
101473
101474
101475
101476
101477
101478
101479
101480
101481
101482
101483
101484
101485
101486
101487
101488
101489
101490
101491
101492
101493
101494
101495
101496
101497
101498
101499
101500
101501
101502
101503
101504
101505
101506
101507
101508
101509
101510
101511
101512
101513
101514
101515
101516
101517
101518
101519
101520
101521
101522
101523
101524
101525
101526
101527
101528
101529
101530
101531
101532
101533
101534
101535
101536
101537
101538
101539
101540
101541
101542
101543
101544
101545
101546
101547
101548
101549
101550
101551
101552
101553
101554
101555
101556
101557
101558
101559
101560
101561
101562
101563
101564
101565
101566
101567
101568
101569
101570
101571
101572
101573
101574
101575
101576
101577
101578
101579
101580
101581
101582
101583
101584
101585
101586
101587
101588
101589
101590
101591
101592
101593
101594
101595
101596
101597
101598
101599
101600
101601
101602
101603
101604
101605
101606
101607
101608
101609
101610
101611
101612
101613
101614
101615
101616
101617
101618
101619
101620
101621
101622
101623
101624
101625
101626
101627
101628
101629
101630
101631
101632
101633
101634
101635
101636
101637
101638
101639
101640
101641
101642
101643
101644
101645
101646
101647
101648
101649
101650
101651
101652
101653
101654
101655
101656
101657
101658
101659
101660
101661
101662
101663
101664
101665
101666
101667
101668
101669
101670
101671
101672
101673
101674
101675
101676
101677
101678
101679
101680
101681
101682
101683
101684
101685
101686
101687
101688
101689
101690
101691
101692
101693
101694
101695
101696
101697
101698
101699
101700
101701
101702
101703
101704
101705
101706
101707
101708
101709
101710
101711
101712
101713
101714
101715
101716
101717
101718
101719
101720
101721
101722
101723
101724
101725
101726
101727
101728
101729
101730
101731
101732
101733
101734
101735
101736
101737
101738
101739
101740
101741
101742
101743
101744
101745
101746
101747
101748
101749
101750
101751
101752
101753
101754
101755
101756
101757
101758
101759
101760
101761
101762
101763
101764
101765
101766
101767
101768
101769
101770
101771
101772
101773
101774
101775
101776
101777
101778
101779
101780
101781
101782
101783
101784
101785
101786
101787
101788
101789
101790
101791
101792
101793
101794
101795
101796
101797
101798
101799
101800
101801
101802
101803
101804
101805
101806
101807
101808
101809
101810
101811
101812
101813
101814
101815
101816
101817
101818
101819
101820
101821
101822
101823
101824
101825
101826
101827
101828
101829
101830
101831
101832
101833
101834
101835
101836
101837
101838
101839
101840
101841
101842
101843
101844
101845
101846
101847
101848
101849
101850
101851
101852
101853
101854
101855
101856
101857
101858
101859
101860
101861
101862
101863
101864
101865
101866
101867
101868
101869
101870
101871
101872
101873
101874
101875
101876
101877
101878
101879
101880
101881
101882
101883
101884
101885
101886
101887
101888
101889
101890
101891
101892
101893
101894
101895
101896
101897
101898
101899
101900
101901
101902
101903
101904
101905
101906
101907
101908
101909
101910
101911
101912
101913
101914
101915
101916
101917
101918
101919
101920
101921
101922
101923
101924
101925
101926
101927
101928
101929
101930
101931
101932
101933
101934
101935
101936
101937
101938
101939
101940
101941
101942
101943
101944
101945
101946
101947
101948
101949
101950
101951
101952
101953
101954
101955
101956
101957
101958
101959
101960
101961
101962
101963
101964
101965
101966
101967
101968
101969
101970
101971
101972
101973
101974
101975
101976
101977
101978
101979
101980
101981
101982
101983
101984
101985
101986
101987
101988
101989
101990
101991
101992
101993
101994
101995
101996
101997
101998
101999
102000
102001
102002
102003
102004
102005
102006
102007
102008
102009
102010
102011
102012
102013
102014
102015
102016
102017
102018
102019
102020
102021
102022
102023
102024
102025
102026
102027
102028
102029
102030
102031
102032
102033
102034
102035
102036
102037
102038
102039
102040
102041
102042
102043
102044
102045
102046
102047
102048
102049
102050
102051
102052
102053
102054
102055
102056
102057
102058
102059
102060
102061
102062
102063
102064
102065
102066
102067
102068
102069
102070
102071
102072
102073
102074
102075
102076
102077
102078
102079
102080
102081
102082
102083
102084
102085
102086
102087
102088
102089
102090
102091
102092
102093
102094
102095
102096
102097
102098
102099
102100
102101
102102
102103
102104
102105
102106
102107
102108
102109
102110
102111
102112
102113
102114
102115
102116
102117
102118
102119
102120
102121
102122
102123
102124
102125
102126
102127
102128
102129
102130
102131
102132
102133
102134
102135
102136
102137
102138
102139
102140
102141
102142
102143
102144
102145
102146
102147
102148
102149
102150
102151
102152
102153
102154
102155
102156
102157
102158
102159
102160
102161
102162
102163
102164
102165
102166
102167
102168
102169
102170
102171
102172
102173
102174
102175
102176
102177
102178
102179
102180
102181
102182
102183
102184
102185
102186
102187
102188
102189
102190
102191
102192
102193
102194
102195
102196
102197
102198
102199
102200
102201
102202
102203
102204
102205
102206
102207
102208
102209
102210
102211
102212
102213
102214
102215
102216
102217
102218
102219
102220
102221
102222
102223
102224
102225
102226
102227
102228
102229
102230
102231
102232
102233
102234
102235
102236
102237
102238
102239
102240
102241
102242
102243
102244
102245
102246
102247
102248
102249
102250
102251
102252
102253
102254
102255
102256
102257
102258
102259
102260
102261
102262
102263
102264
102265
102266
102267
102268
102269
102270
102271
102272
102273
102274
102275
102276
102277
102278
102279
102280
102281
102282
102283
102284
102285
102286
102287
102288
102289
102290
102291
102292
102293
102294
102295
102296
102297
102298
102299
102300
102301
102302
102303
102304
102305
102306
102307
102308
102309
102310
102311
102312
102313
102314
102315
102316
102317
102318
102319
102320
102321
102322
102323
102324
102325
102326
102327
102328
102329
102330
102331
102332
102333
102334
102335
102336
102337
102338
102339
102340
102341
102342
102343
102344
102345
102346
102347
102348
102349
102350
102351
102352
102353
102354
102355
102356
102357
102358
102359
102360
102361
102362
102363
102364
102365
102366
102367
102368
102369
102370
102371
102372
102373
102374
102375
102376
102377
102378
102379
102380
102381
102382
102383
102384
102385
102386
102387
102388
102389
102390
102391
102392
102393
102394
102395
102396
102397
102398
102399
102400
102401
102402
102403
102404
102405
102406
102407
102408
102409
102410
102411
102412
102413
102414
102415
102416
102417
102418
102419
102420
102421
102422
102423
102424
102425
102426
102427
102428
102429
102430
102431
102432
102433
102434
102435
102436
102437
102438
102439
102440
102441
102442
102443
102444
102445
102446
102447
102448
102449
102450
102451
102452
102453
102454
102455
102456
102457
102458
102459
102460
102461
102462
102463
102464
102465
102466
102467
102468
102469
102470
102471
102472
102473
102474
102475
102476
102477
102478
102479
102480
102481
102482
102483
102484
102485
102486
102487
102488
102489
102490
102491
102492
102493
102494
102495
102496
102497
102498
102499
102500
102501
102502
102503
102504
102505
102506
102507
102508
102509
102510
102511
102512
102513
102514
102515
102516
102517
102518
102519
102520
102521
102522
102523
102524
102525
102526
102527
102528
102529
102530
102531
102532
102533
102534
102535
102536
102537
102538
102539
102540
102541
102542
102543
102544
102545
102546
102547
102548
102549
102550
102551
102552
102553
102554
102555
102556
102557
102558
102559
102560
102561
102562
102563
102564
102565
102566
102567
102568
102569
102570
102571
102572
102573
102574
102575
102576
102577
102578
102579
102580
102581
102582
102583
102584
102585
102586
102587
102588
102589
102590
102591
102592
102593
102594
102595
102596
102597
102598
102599
102600
102601
102602
102603
102604
102605
102606
102607
102608
102609
102610
102611
102612
102613
102614
102615
102616
102617
102618
102619
102620
102621
102622
102623
102624
102625
102626
102627
102628
102629
102630
102631
102632
102633
102634
102635
102636
102637
102638
102639
102640
102641
102642
102643
102644
102645
102646
102647
102648
102649
102650
102651
102652
102653
102654
102655
102656
102657
102658
102659
102660
102661
102662
102663
102664
102665
102666
102667
102668
102669
102670
102671
102672
102673
102674
102675
102676
102677
102678
102679
102680
102681
102682
102683
102684
102685
102686
102687
102688
102689
102690
102691
102692
102693
102694
102695
102696
102697
102698
102699
102700
102701
102702
102703
102704
102705
102706
102707
102708
102709
102710
102711
102712
102713
102714
102715
102716
102717
102718
102719
102720
102721
102722
102723
102724
102725
102726
102727
102728
102729
102730
102731
102732
102733
102734
102735
102736
102737
102738
102739
102740
102741
102742
102743
102744
102745
102746
102747
102748
102749
102750
102751
102752
102753
102754
102755
102756
102757
102758
102759
102760
102761
102762
102763
102764
102765
102766
102767
102768
102769
102770
102771
102772
102773
102774
102775
102776
102777
102778
102779
102780
102781
102782
102783
102784
102785
102786
102787
102788
102789
102790
102791
102792
102793
102794
102795
102796
102797
102798
102799
102800
102801
102802
102803
102804
102805
102806
102807
102808
102809
102810
102811
102812
102813
102814
102815
102816
102817
102818
102819
102820
102821
102822
102823
102824
102825
102826
102827
102828
102829
102830
102831
102832
102833
102834
102835
102836
102837
102838
102839
102840
102841
102842
102843
102844
102845
102846
102847
102848
102849
102850
102851
102852
102853
102854
102855
102856
102857
102858
102859
102860
102861
102862
102863
102864
102865
102866
102867
102868
102869
102870
102871
102872
102873
102874
102875
102876
102877
102878
102879
102880
102881
102882
102883
102884
102885
102886
102887
102888
102889
102890
102891
102892
102893
102894
102895
102896
102897
102898
102899
102900
102901
102902
102903
102904
102905
102906
102907
102908
102909
102910
102911
102912
102913
102914
102915
102916
102917
102918
102919
102920
102921
102922
102923
102924
102925
102926
102927
102928
102929
102930
102931
102932
102933
102934
102935
102936
102937
102938
102939
102940
102941
102942
102943
102944
102945
102946
102947
102948
102949
102950
102951
102952
102953
102954
102955
102956
102957
102958
102959
102960
102961
102962
102963
102964
102965
102966
102967
102968
102969
102970
102971
102972
102973
102974
102975
102976
102977
102978
102979
102980
102981
102982
102983
102984
102985
102986
102987
102988
102989
102990
102991
102992
102993
102994
102995
102996
102997
102998
102999
103000
103001
103002
103003
103004
103005
103006
103007
103008
103009
103010
103011
103012
103013
103014
103015
103016
103017
103018
103019
103020
103021
103022
103023
103024
103025
103026
103027
103028
103029
103030
103031
103032
103033
103034
103035
103036
103037
103038
103039
103040
103041
103042
103043
103044
103045
103046
103047
103048
103049
103050
103051
103052
103053
103054
103055
103056
103057
103058
103059
103060
103061
103062
103063
103064
103065
103066
103067
103068
103069
103070
103071
103072
103073
103074
103075
103076
103077
103078
103079
103080
103081
103082
103083
103084
103085
103086
103087
103088
103089
103090
103091
103092
103093
103094
103095
103096
103097
103098
103099
103100
103101
103102
103103
103104
103105
103106
103107
103108
103109
103110
103111
103112
103113
103114
103115
103116
103117
103118
103119
103120
103121
103122
103123
103124
103125
103126
103127
103128
103129
103130
103131
103132
103133
103134
103135
103136
103137
103138
103139
103140
103141
103142
103143
103144
103145
103146
103147
103148
103149
103150
103151
103152
103153
103154
103155
103156
103157
103158
103159
103160
103161
103162
103163
103164
103165
103166
103167
103168
103169
103170
103171
103172
103173
103174
103175
103176
103177
103178
103179
103180
103181
103182
103183
103184
103185
103186
103187
103188
103189
103190
103191
103192
103193
103194
103195
103196
103197
103198
103199
103200
103201
103202
103203
103204
103205
103206
103207
103208
103209
103210
103211
103212
103213
103214
103215
103216
103217
103218
103219
103220
103221
103222
103223
103224
103225
103226
103227
103228
103229
103230
103231
103232
103233
103234
103235
103236
103237
103238
103239
103240
103241
103242
103243
103244
103245
103246
103247
103248
103249
103250
103251
103252
103253
103254
103255
103256
103257
103258
103259
103260
103261
103262
103263
103264
103265
103266
103267
103268
103269
103270
103271
103272
103273
103274
103275
103276
103277
103278
103279
103280
103281
103282
103283
103284
103285
103286
103287
103288
103289
103290
103291
103292
103293
103294
103295
103296
103297
103298
103299
103300
103301
103302
103303
103304
103305
103306
103307
103308
103309
103310
103311
103312
103313
103314
103315
103316
103317
103318
103319
103320
103321
103322
103323
103324
103325
103326
103327
103328
103329
103330
103331
103332
103333
103334
103335
103336
103337
103338
103339
103340
103341
103342
103343
103344
103345
103346
103347
103348
103349
103350
103351
103352
103353
103354
103355
103356
103357
103358
103359
103360
103361
103362
103363
103364
103365
103366
103367
103368
103369
103370
103371
103372
103373
103374
103375
103376
103377
103378
103379
103380
103381
103382
103383
103384
103385
103386
103387
103388
103389
103390
103391
103392
103393
103394
103395
103396
103397
103398
103399
103400
103401
103402
103403
103404
103405
103406
103407
103408
103409
103410
103411
103412
103413
103414
103415
103416
103417
103418
103419
103420
103421
103422
103423
103424
103425
103426
103427
103428
103429
103430
103431
103432
103433
103434
103435
103436
103437
103438
103439
103440
103441
103442
103443
103444
103445
103446
103447
103448
103449
103450
103451
103452
103453
103454
103455
103456
103457
103458
103459
103460
103461
103462
103463
103464
103465
103466
103467
103468
103469
103470
103471
103472
103473
103474
103475
103476
103477
103478
103479
103480
103481
103482
103483
103484
103485
103486
103487
103488
103489
103490
103491
103492
103493
103494
103495
103496
103497
103498
103499
103500
103501
103502
103503
103504
103505
103506
103507
103508
103509
103510
103511
103512
103513
103514
103515
103516
103517
103518
103519
103520
103521
103522
103523
103524
103525
103526
103527
103528
103529
103530
103531
103532
103533
103534
103535
103536
103537
103538
103539
103540
103541
103542
103543
103544
103545
103546
103547
103548
103549
103550
103551
103552
103553
103554
103555
103556
103557
103558
103559
103560
103561
103562
103563
103564
103565
103566
103567
103568
103569
103570
103571
103572
103573
103574
103575
103576
103577
103578
103579
103580
103581
103582
103583
103584
103585
103586
103587
103588
103589
103590
103591
103592
103593
103594
103595
103596
103597
103598
103599
103600
103601
103602
103603
103604
103605
103606
103607
103608
103609
103610
103611
103612
103613
103614
103615
103616
103617
103618
103619
103620
103621
103622
103623
103624
103625
103626
103627
103628
103629
103630
103631
103632
103633
103634
103635
103636
103637
103638
103639
103640
103641
103642
103643
103644
103645
103646
103647
103648
103649
103650
103651
103652
103653
103654
103655
103656
103657
103658
103659
103660
103661
103662
103663
103664
103665
103666
103667
103668
103669
103670
103671
103672
103673
103674
103675
103676
103677
103678
103679
103680
103681
103682
103683
103684
103685
103686
103687
103688
103689
103690
103691
103692
103693
103694
103695
103696
103697
103698
103699
103700
103701
103702
103703
103704
103705
103706
103707
103708
103709
103710
103711
103712
103713
103714
103715
103716
103717
103718
103719
103720
103721
103722
103723
103724
103725
103726
103727
103728
103729
103730
103731
103732
103733
103734
103735
103736
103737
103738
103739
103740
103741
103742
103743
103744
103745
103746
103747
103748
103749
103750
103751
103752
103753
103754
103755
103756
103757
103758
103759
103760
103761
103762
103763
103764
103765
103766
103767
103768
103769
103770
103771
103772
103773
103774
103775
103776
103777
103778
103779
103780
103781
103782
103783
103784
103785
103786
103787
103788
103789
103790
103791
103792
103793
103794
103795
103796
103797
103798
103799
103800
103801
103802
103803
103804
103805
103806
103807
103808
103809
103810
103811
103812
103813
103814
103815
103816
103817
103818
103819
103820
103821
103822
103823
103824
103825
103826
103827
103828
103829
103830
103831
103832
103833
103834
103835
103836
103837
103838
103839
103840
103841
103842
103843
103844
103845
103846
103847
103848
103849
103850
103851
103852
103853
103854
103855
103856
103857
103858
103859
103860
103861
103862
103863
103864
103865
103866
103867
103868
103869
103870
103871
103872
103873
103874
103875
103876
103877
103878
103879
103880
103881
103882
103883
103884
103885
103886
103887
103888
103889
103890
103891
103892
103893
103894
103895
103896
103897
103898
103899
103900
103901
103902
103903
103904
103905
103906
103907
103908
103909
103910
103911
103912
103913
103914
103915
103916
103917
103918
103919
103920
103921
103922
103923
103924
103925
103926
103927
103928
103929
103930
103931
103932
103933
103934
103935
103936
103937
103938
103939
103940
103941
103942
103943
103944
103945
103946
103947
103948
103949
103950
103951
103952
103953
103954
103955
103956
103957
103958
103959
103960
103961
103962
103963
103964
103965
103966
103967
103968
103969
103970
103971
103972
103973
103974
103975
103976
103977
103978
103979
103980
103981
103982
103983
103984
103985
103986
103987
103988
103989
103990
103991
103992
103993
103994
103995
103996
103997
103998
103999
104000
104001
104002
104003
104004
104005
104006
104007
104008
104009
104010
104011
104012
104013
104014
104015
104016
104017
104018
104019
104020
104021
104022
104023
104024
104025
104026
104027
104028
104029
104030
104031
104032
104033
104034
104035
104036
104037
104038
104039
104040
104041
104042
104043
104044
104045
104046
104047
104048
104049
104050
104051
104052
104053
104054
104055
104056
104057
104058
104059
104060
104061
104062
104063
104064
104065
104066
104067
104068
104069
104070
104071
104072
104073
104074
104075
104076
104077
104078
104079
602.4087497307073 -61.56378553292247 0
209.7695472414888 567.6974239806092 0
248.1563871681076 551.2628603393664 0
286.5249762119527 532.7811968626374 0
323.3931346846192 511.3597117950302 0
358.7798179609805 487.3843171105896 0
391.5383743246783 460.7230757414415 0
422.65544639186 433.1177083135664 0
451.8413551807405 401.9909737279417 0
479.0753738404454 370.0820479454366 0
504.6562005369918 335.2994700455021 0
526.2254039248027 299.1823166239603 0
544.7703986673683 262.2354842535584 0
562.4366818034431 223.3970511688878 0
577.2993692987824 183.0633751976364 0
587.7558688708041 142.7196814176951 0
596.122625922707 101.3707318936944 0
602.8505105015419 59.17415793007173 0
604.2422067332842 17.76249717367349 0
595.501052223134 -103.0081123484318 0
773.90710746977 -371.0269508978853 0
169.7914285840492 580.7301964028235 0
10.99341875744534 857.8385906142717 0
605.6355288272019 -18.79526129563235 0
134.8541540754794 589.3385387729211 0
589.7206360816946 -138.7794332762451 0
706.4982803822901 -338.1497411468209 0
8.920024126391517 783.3882237897246 0
1207.309533637977 247.6822334588829 0
696.1912953155593 1018.610389135534 0
893.6094559060487 855.1607283088002 0
1131.420955219071 493.0928082178892 0
471.1223344427695 1140.718442341129 0
1047.259086172756 650.1398531175067 0
1229.442388419003 74.5679294064937 0
1231.296461775559 -84.03078931026097 0
12.74572305447769 931.4233535676889 0
841.1361797757495 -402.5149806874902 0
656.4463487965027 -313.8989344907197 0
7.475845442785057 727.2745732379782 0
105.145414180954 595.8352323613605 0
581.1678784100609 -167.9370625491074 0
980.1743702427866 747.4567719224465 0
1170.252433776278 385.2081852587036 0
577.5341386191943 1089.176883463176 0
804.8439118412232 933.6271737289455 0
12.5242358829213 1001.339721021174 0
902.520303201443 -432.4291544837941 0
359.6030018548277 1179.717768931201 0
1217.55107074585 -199.6740400630722 0
572.1539794695586 -195.508986456118 0
75.82723398712821 600.7797377302543 0
618.7090212803664 -296.8287213830988 0
6.637211368877832 685.8804316224659 0
262.8872130439489 1204.941463222854 0
1196.566475060812 -297.9465699109265 0
13.64896361019869 1062.398606600348 0
958.5666322418928 -458.4328866088558 0
563.9094599624586 -219.4188841838563 0
51.50206897583448 602.8628510779756 0
187.2482479789717 1218.898915602608 0
1223.202952020844 152.3415910064032 0
1086.935108812671 581.439623728118 0
1232.699998594298 -5.007850630232952 0
1176.704475191385 -373.9972421138415 0
591.6308183604527 -283.3476355313343 0
6.145601084396024 655.8392448943277 0
14.64809814423311 1128.108767606331 0
1018.671409212055 -486.9733093839149 0
557.3075727238538 -235.9015321213265 0
405.0149512792199 449.8835019986622 0
377.2439683870292 473.1929835850941 0
570.5569649288689 200.7627276572744 0
582.0543439050591 165.8032692931646 0
534.5592577124248 284.6059012325181 0
516.8909062414334 315.0865736210462 0
440.0072397244788 416.105743757626 0
463.8947246365734 388.5925073865295 0
593.3033519861009 119.2996062453653 0
598.9922353660061 83.50955908107747 0
302.5877379731263 524.1057134935544 0
270.8938909077082 541.1633425415904 0
343.2591151653622 498.1596498682308 0
555.1435563020816 239.9435632540153 0
494.1342882791324 351.1874448752421 0
604.5536823203694 36.06528246244508 0
605.4225212307542 -1.055849923221762 0
232.5416980004384 558.7908598319542 0
192.8817209717057 573.6182573481072 0
603.4024326201138 -43.285765994694 0
599.7888787841006 -78.76814635458103 0
152.3674131403257 585.6837328163759 0
592.6794901560093 -121.5365410630175 0
8.214232119646873 753.8412287604908 0
680.7728260890478 -325.2547157095808 0
8.69370771613848 814.2822283147045 0
732.7709096488297 -351.4864329076906 0
11.21394882863709 893.4660827748814 0
807.0090155052015 -386.1963957101719 0
33.16865027225581 604.4325022614095 0
1150.962061465665 438.73440721041 0
414.78740532751 1161.783153588238 0
848.6477656124836 890.7564483849337 0
931.744140870356 808.8224154881786 0
744.0204972552815 981.9265704535364 0
646.1373034193327 1050.278905201134 0
1194.712341098427 307.4125493982651 0
1014.573125278797 700.183386797989 0
524.9605899237489 1116.051471330117 0
1154.722707449083 -430.7367712116082 0
127.4127924852144 1226.853799659724 0
1226.786248970538 -142.2137085031974 0
572.7489587343969 -274.3266198627226 0
5.401252609096749 634.7099757477367 0
15.36254801454286 1182.237744673673 0
1067.26249391368 -510.3242932644797 0
66.82964446886741 1229.053122051146 0
21.13645535989491 604.5349684945249 0
552.3268731685778 -246.9101782620834 0
63.30598536077569 601.8584681368757 0
367.8450744543824 480.1539091365502 0
510.683623634362 325.256787660073 0
432.0359280956332 423.7888204973408 0
585.2113621202172 154.8788225029075 0
590.8203520931422 131.1575505933002 0
550.8680225012457 251.4851866155179 0
485.9583384354583 360.5100619824514 0
600.8864064616746 72.07477860496313 0
603.1691890895326 47.31689993357879 0
87.27488658207267 598.7058168070166 0
576.0923932520084 -184.7357579623272 0
568.7964135321474 -208.1033919681065 0
566.7837131079934 212.1261088398651 0
413.1870363430455 440.5194813274858 0
333.502845498547 504.735701162104 0
313.1950254560206 517.8321537730696 0
540.2463522071891 272.9921315684643 0
471.2817850007849 379.1606327764795 0
259.8656911178985 546.339924051809 0
117.041549748204 593.7529276402249 0
584.7314882175593 -155.9818905229435 0
1133.959639782026 -484.8072433272933 0
221.2136390982095 563.1590429642131 0
181.4037612750241 576.9516941683106 0
598.152426348004 -90.83837000635484 0
604.1884649125884 -31.1951460688809 0
6.434590219590206 670.5387770435495 0
6.237929981082537 702.1884462372706 0
604.2195313611268 -289.7328857231404 0
633.065607969071 -302.7663954701914 0
13.96196376592003 1094.401298362573 0
13.07451302143731 1031.212898845676 0
987.4937447571826 -471.9799221342407 0
930.7888612714471 -445.5628670924472 0
12.31325331721941 959.1645102484795 0
865.1434034774966 -413.7384559521316 0
9.472038482199718 835.417299880914 0
754.07895711396 -360.4815805956511 0
5.49237892879988 621.7273413600866 0
560.7455419096065 -269.048149836078 0
1232.894173421261 34.57790832814227 0
1112.978146644651 529.5149278442692 0
1215.724496051675 210.868121130518 0
1231.938109707818 -44.44261022785756 0
612.5277857147803 1070.907816902401 0
1183.302248137558 346.0193197052751 0
775.8656527197891 958.3280835424817 0
225.6291096875256 1213.298273171096 0
1203.185392917578 -256.2347986782952 0
1186.37324649243 -335.8790216685132 0
303.4803406332293 1196.440111522113 0
957.4836654980038 776.4360653213826 0
1228.528158922588 110.0492821598122 0
1068.692943904118 616.8211042825391 0
547.165204551266 -257.8009654974573 0
8.924085961449528 605.1672434798541 0
16.07783120059843 1219.650242947176 0
1101.357361927205 -526.570426667844 0
5.901756509284844 648.9875010474323 0
12.06596506710758 652.479564870898 0
12.42005222974157 659.3994325816254 0
18.44049985553949 655.6515244573852 0
17.72001413492329 647.4615897237563 0
24.42021559504516 651.6988181914872 0
24.70982921705987 658.986123196417 0
30.54171432392982 655.2156543102037 0
31.01369085654317 662.4166726291056 0
37.61273748597543 657.6151021009584 0
37.52462768687815 665.7331927902165 0
43.68687421599278 662.0458371192793 0
43.96858534501568 669.3871511227001 0
50.10663510459086 665.8487205605319 0
50.53830363634143 672.9883287165052 0
57.638118618766 668.7159716114734 0
57.31822171941261 676.5638318856679 0
64.06458038274521 672.9014748582578 0
63.92390675295531 680.3099377280367 0
70.44832381916935 676.5903324899623 0
70.7778119852068 684.0436440083578 0
77.33822858677556 680.2847875355819 0
77.75266229322688 687.8524578560312 0
84.51914896876528 683.6461616534086 0
84.79811375933997 691.7010696088428 0
91.66418522172769 687.4951230768739 0
91.95216522749389 695.6138387848802 0
98.92114430261645 691.345948018736 0
99.21411652210097 699.576024690036 0
106.3317078606835 695.1806865970044 0
106.5912788586874 703.5845432933952 0
113.8033406298931 699.1189041520778 0
114.0717616232838 707.6580576051431 0
121.3580282306243 703.1240816087229 0
121.6579933174781 711.7963494083942 0
129.0502635692081 707.1830877848639 0
129.5728107843182 715.61045124255 0
136.9542150160632 711.2652580029172 0
137.4458334920751 719.8049417777222 0
144.9160954123365 715.4410450375109 0
145.1908619424653 724.5081730634274 0
152.8493567699407 719.7751472998991 0
153.2009942819219 728.9796133647034 0
161.0004550737197 724.1242347112626 0
161.484402749233 733.253998905053 0
169.5427588791136 727.9695830732198 0
169.8493244124058 737.6633122641433 0
177.9571688751915 732.4974271033661 0
178.2713955582905 742.2922481892925 0
186.3857696523188 737.3676132177497 0
186.8116285634663 747.0268222262628 0
195.0520388530597 742.0285405336276 0
195.5568574561163 751.6892139597421 0
203.9480977071772 746.6788526558405 0
204.2022128868009 756.7910261060138 0
212.8944192169668 751.4600375268365 0
213.3626249762694 761.4101307353658 0
221.9992673176965 756.1673686112028 0
222.3414494661403 766.6227364905454 0
231.1930336413088 761.1263401365472 0
231.5688691720839 771.7309558688163 0
240.60397851985 766.0982691967154 0
241.2229715033606 776.4328942808743 0
250.2100880988033 771.1173017164199 0
250.2059356120948 783.2351041007613 0
259.7169754982669 776.7531348182075 0
260.2599807691525 787.3965408875944 0
269.6635647512377 781.8437663337955 0
270.1611537052212 792.893874183723 0
279.8046777653922 786.8992876717609 0
278.8665645059588 774.0141930614927 0
289.3656326082752 780.5571313159477 0
289.0442097734497 769.4359605063303 0
299.0322165140415 774.7109126717725 0
298.6098696180608 763.4922065122242 0
308.6351992698055 768.7318265780282 0
309.0911189902706 780.1078622618826 0
318.6916689676735 774.0017981609782 0
318.229598292089 762.5446062974605 0
328.3073262120528 768.0317272156447 0
327.8503283174745 756.4102567254072 0
337.9565577008466 761.9084575125189 0
337.6970257998552 750.7588609887614 0
347.558558167089 755.6591778360776 0
347.3029554249682 744.722041878265 0
357.0896635870671 749.5247604635031 0
356.5664295165504 738.2841764024897 0
366.5498114596385 743.3779955709666 0
366.0146933924938 732.1533442434115 0
376.0040415611141 737.2495121109991 0
375.5690435086333 726.1717140791318 0
385.4685301533114 731.2257075727149 0
385.0353064271459 720.1536015238231 0
394.9988706426793 725.2396971699338 0
394.6143932642851 714.3408855307264 0
404.4608442608811 719.2142367203747 0
404.0639278610007 708.3591383904346 0
413.7945572453054 713.1614269696412 0
413.0330515837981 701.6201131650655 0
422.6428015963784 707.0663977373212 0
422.2653250095728 695.4781485359208 0
433.1280388315511 701.9885426780411 0
431.9779276288352 689.9264896685042 0
442.2244336572253 694.7642512763224 0
441.3160849243041 683.7283646703214 0
451.0833678210997 688.9913879956085 0
450.8449138183542 677.8403937375322 0
460.2124267511616 683.6373675696689 0
460.1349790767728 671.9063775029549 0
469.7876652917208 677.7531496801721 0
469.5280432202453 665.8916286632605 0
479.3768019711493 671.1559908303356 0
478.9406106660542 659.8779440980984 0
488.965591399279 665.4850957806044 0
488.3890270926521 653.8938750133688 0
498.4215336156162 659.3786078470475 0
497.8143802062549 647.8252563395122 0
508.0443756336325 653.432980225507 0
507.327660519934 641.8134348640854 0
517.5591820325885 647.4059105206378 0
516.8168101949072 635.7461944342404 0
526.9292634844336 640.9668246773372 0
526.297457976752 629.587487762914 0
536.6735651467844 634.8586673030973 0
535.9102635414509 623.5799041866259 0
545.9736869499984 628.621869536476 0
545.4419914961134 617.4337951067286 0
554.9413133198042 622.5754505938822 0
554.8761888990888 611.1522635093872 0
565.5328315572012 617.8037448096517 0
564.6438858697597 605.169103342887 0
574.7267014858908 610.2011098168794 0
574.4967045623607 599.2149221211755 0
584.5132229291473 604.0987916401074 0
583.6096208132532 591.3217128682619 0
594.1911152619851 597.6167336270287 0
593.690997560372 586.181761831249 0
603.8131417375089 591.5206693619448 0
603.5856944361999 580.0290341041915 0
613.4621595928984 585.9096702505897 0
613.4290533844912 573.8192502172606 0
623.5916504638537 579.7354277894965 0
623.5039375074231 567.673269377224 0
633.8202252435291 572.8024345461725 0
634.0602394109565 561.1554499513355 0
643.9976721137848 566.2997933087048 0
643.9930015374165 554.3128361520689 0
654.1042302148577 559.7886772528592 0
653.5764445129824 547.7547246379966 0
451.8129776556462 700.2555681629181 0
664.1637314265063 553.2933105663302 0
663.6157621827357 541.1972487714069 0
395.846984504849 736.4546222705014 0
508.8131976420945 665.1991666620312 0
348.1000582068485 768.0323080458631 0
260.4708682961935 798.7754247973298 0
555.9696760148199 633.9787893064513 0
605.2838123427348 603.7924792051243 0
654.658623770456 572.4725006034276 0
674.3420142870079 546.7717474763068 0
673.9182476372482 534.7628014372883 0
684.7238541631857 540.2403713129502 0
684.2061176443024 528.1272860537249 0
695.1010975469127 533.6482391584419 0
694.6727857778531 521.5543487434276 0
705.5800793720553 527.0226351556748 0
704.939095759885 514.6342239223214 0
706.1454946144208 539.4822740444938 0
694.8812456845817 509.6270419958876 0
704.6977728631127 502.7631106941426 0
715.3224969622784 507.926019162038 0
714.6331294665974 495.597149409734 0
704.2443572116929 491.0357020017014 0
713.9461990778809 483.3866102819361 0
724.8859451658761 488.7492313410447 0
724.0287656722443 476.3563263780577 0
735.2005330721167 481.8371898114557 0
734.3207430615444 469.4555843814715 0
722.7609523785643 463.3197375479372 0
734.0189848743616 456.9581142076611 0
744.5497461153932 462.4934729320976 0
743.433428518653 450.1656452547594 0
732.8813950091095 444.8135385843984 0
742.6173106516602 437.9145380674667 0
753.1046059735378 444.0151022584083 0
752.4000539844271 431.0266202651675 0
741.87503613719 426.1847735793543 0
751.6114799024422 418.727941370119 0
762.3784584266733 424.501482807359 0
761.4388678035749 411.6606595467563 0
751.1297769442938 406.420166442578 0
760.4517698699167 399.3226713224439 0
771.5490099735491 404.8457960961244 0
770.3053264270944 392.1959086151768 0
759.125878381769 387.2461129138377 0
768.9396039167307 379.9951995327446 0
780.353201078782 384.9800574608767 0
779.0637223625324 372.7552444042346 0
768.2690348132096 367.9845976698226 0
778.0969786043133 360.4706017667037 0
788.8495590777732 365.3528496691763 0
787.1190506899369 353.1022938194422 0
776.1984551880964 348.3411087933318 0
785.6059940632504 340.9836481921462 0
796.9357758700454 345.6896955170051 0
795.2447143302102 333.5396799008172 0
783.5102073523747 329.0010844430208 0
792.9449373883258 321.7009600747082 0
804.7791399288694 326.0570942454651 0
803.0657662301963 313.9082988834517 0
790.7582438963069 309.9943440517512 0
801.3462712042674 301.8055553552066 0
812.7733433283493 306.2897453988683 0
810.8905280318827 294.1334736783587 0
799.5366980534706 289.649173408291 0
808.9901503507875 282.0350922549343 0
797.6838386716427 277.7425828071923 0
807.0724080567603 270.0928986826549 0
818.4296679306537 274.3926504282766 0
816.5199138907318 262.3411346131168 0
805.1125986192887 257.9894377295396 0
814.5205881015645 250.3096118731545 0
825.9970158740091 254.608046802017 0
823.8964560764466 242.5274145976865 0
812.5040336203758 238.3135728868335 0
821.7857198316208 230.5232262689871 0
810.4371710035176 226.4220748419025 0
819.655782419282 218.6304722134971 0
831.0629341018754 222.7323158731149 0
828.9097583281169 210.7845807588909 0
817.5314728333681 206.7251975578256 0
826.7125383396856 198.8993908645384 0
815.423051169297 194.843043519787 0
824.5209205636426 186.9991639072503 0
835.9229762174797 191.0660941545868 0
833.6433672156593 179.1814520960432 0
822.3023040108903 175.1682459099575 0
831.3524303744907 167.367549901289 0
820.0537957846087 163.4354102101775 0
829.0336086001472 155.5351759645846 0
840.4711081209508 159.4844487006387 0
838.0834444730885 147.624599805578 0
826.6700839374189 143.7273595215703 0
835.6788111789422 135.7979818895099 0
824.3105234713153 131.9919667602036 0
833.2747224639749 123.9493433063909 0
844.7964620042694 127.7915738088309 0
842.2647595378983 115.876310443035 0
830.6962026715682 112.0993749585174 0
839.6972440463524 103.9910000916678 0
828.2215440646407 100.2990767145533 0
837.217796586801 92.15298053186474 0
825.7829625343853 88.43432132992794 0
834.7149994008562 80.26624863788552 0
846.3115036778714 84.02008937766364 0
843.7235741979009 72.06745956098631 0
832.0295293561395 68.38268716249547 0
841.0561291280785 60.15742431572448 0
829.4570196682095 56.56434735462268 0
838.4186063512285 48.31108913904974 0
826.8797547080271 44.67700014374969 0
835.8080304767027 36.44191429671012 0
847.5079188901398 40.0291159731416 0
844.9323169222403 28.12272672155818 0
833.0023604066183 24.50683724055736 0
842.1921966190831 15.78226626181042 0
830.3848579550472 12.56266284409833 0
839.3204549958984 3.705824769674932 0
827.6796487250846 0.6611887512770624 0
836.4924181383325 -7.533045109670457 0
824.9745744839956 -11.06161003200593 0
833.7886915335235 -19.30769486583645 0
822.2954453990378 -22.81474179083202 0
831.0777617603163 -31.04185354050364 0
819.6032997119374 -34.58378125106022 0
828.3419766892899 -42.85990912929687 0
839.9665587382337 -39.28479845074454 0
837.1898929491226 -51.13137623187784 0
854.4483661924439 18.96414687789333 0
825.5621265687375 -54.66044802639708 0
834.3314195336623 -62.93136004423197 0
822.7811278207971 -66.36398442967297 0
831.5286520809524 -74.67991460278247 0
820.007479950216 -78.09209982776665 0
828.7303966235302 -86.47635256373991 0
817.186326507162 -89.78269570938262 0
840.3907943098909 -83.01545888675224 0
837.5281729724481 -94.95176193129478 0
849.356588195714 -91.45593238691201 0
846.4349431197538 -103.5432657395538 0
858.4519024225322 -100.0115118941913 0
212.4926715380041 770.5068452439124 0
644.1793724396061 543.3561965815724 0
855.0319354152722 -112.774544525649 0
867.2311085601319 -108.6886407615313 0
864.0688700047568 -121.7245983972282 0
595.1931971034121 573.6878646439828 0
221.4625159908898 745.8870476761813 0
876.1440737045065 -117.896998743637 0
873.6719487502603 -130.4099428444705 0
545.7043574005515 605.9607601195465 0
886.0316408100068 -126.9189025717254 0
345.8507669476017 733.9016984870448 0
883.1238580209324 -139.6335864249259 0
506.8294194294135 630.6239855686097 0
860.7434996970552 -135.141174372533 0
384.491195745758 708.8955469131481 0
814.8332525839663 -3.274440970377354 0
469.174093736642 654.7817157927639 0
421.4915590543139 683.5055338998224 0
808.6605673663286 -81.41873254465332 0
805.8544898645897 -93.0747429594454 0
896.108439077236 -135.6325065426227 0
892.9784610936151 -148.692918163228 0
168.8867018794258 747.4970357415781 0
898.110579124681 -123.4695580562875 0
797.5352611364435 -84.90795627892612 0
794.8395276697654 -96.1422228606598 0
905.9974966407232 -144.7990382360889 0
902.790729022856 -158.0671586142374 0
186.3119810024606 727.0186610647248 0
786.5798737840596 -88.39914401551206 0
784.0305557876986 -99.26347684951493 0
915.9812721489654 -154.1455994027066 0
912.7220570103302 -167.5000055449787 0
776.060054356548 -91.67762603118742 0
773.6150382371949 -102.5454797815011 0
899.5159714521144 -171.3761538206972 0
909.4003543089563 -180.8600223871413 0
922.7330634505367 -177.080057937118 0
270.5807061858914 804.3576773821944 0
261.1333797596505 810.4468722688098 0
271.1130661640585 816.1038232691749 0
261.5991606884495 822.3247933708136 0
272.2039937686837 827.9890295028731 0
261.9606961098207 834.4262239867722 0
272.7641794686035 840.2043923171248 0
260.9595950268592 846.7718443621076 0
272.4416281729692 852.8090394923671 0
260.3732818181814 859.3926322191533 0
272.6216193308331 865.5691971028297 0
260.9917474277956 872.296626439648 0
273.0094331545703 878.5591638360038 0
261.769169536586 885.456810350746 0
273.5489610549855 891.8261602415174 0
262.1024805539705 898.8665342586811 0
249.650620992161 879.0949896724203 0
274.0386152632218 905.3521934720894 0
285.6110421085082 898.1800621851322 0
262.372252807106 912.4887671502502 0
765.7471098616359 -94.99326999791907 0
763.2744403888603 -105.4227042587357 0
919.3720949719168 -190.6288141929968 0
286.1306195204583 911.9285206580173 0
297.9368368645896 904.5894696429241 0
932.9171255088008 -186.7972127816005 0
755.6122925228851 -98.0839172572089 0
753.1942346419279 -108.2430787314538 0
760.7031136116041 -115.7860531320666 0
750.7252511728968 -118.3595123554671 0
758.127467646207 -125.4207337264683 0
748.2203297418174 -128.2887460394861 0
755.6250997532668 -135.4305546268754 0
745.7435409629389 -138.272143405383 0
753.1440024467986 -145.4078192934592 0
743.2586887774565 -148.2439066850101 0
750.4921532371873 -155.3199135354423 0
740.7969650485409 -158.1890400630697 0
747.9823427484914 -165.2402413872998 0
738.270536585826 -168.0830955727047 0
745.6871951809572 -175.1920691905506 0
929.4750170621128 -200.6562759706043 0
896.180042258771 -184.5906636082954 0
136.7389984531587 727.3598598357881 0
152.5383187644028 710.6760984482088 0
298.417359045438 918.5880126976473 0
310.4355874290642 911.1422579388255 0
735.8902691861307 -178.0008072856452 0
743.2250964915195 -185.0630244322708 0
746.0161109217361 -100.8279470047792 0
943.2801873707427 -196.6861418417834 0
939.7560954659648 -210.7575927884871 0
748.1315235715431 -91.11792800852552 0
735.5965005471378 -141.5302724752335 0
738.7654344514763 -93.74907911572069 0
740.6440506378627 -84.34808954652928 0
310.8884762238273 925.3611436052515 0
323.0697103814074 917.798132811085 0
953.7828747395712 -206.7137008646802 0
957.2877530517977 -192.5184075103987 0
950.2076594504289 -220.8789812807129 0
733.4884833928184 -187.8356102237193 0
726.2171736558574 -180.8402586533254 0
740.7776573222847 -194.9445956923201 0
723.8996997960232 -190.4931574984053 0
716.8005607115676 -183.7291592775178 0
731.1984137542145 -86.94322380017718 0
733.4311361342077 -77.73596212526397 0
323.5451637635471 932.2415377558578 0
335.9722248989492 924.5154016278835 0
311.3099696430139 939.5666914872543 0
714.5827665778511 -193.3960604683614 0
707.5337437304477 -186.3980299456288 0
936.1518037030041 -224.8801629241988 0
946.5921871688213 -235.1460613448805 0
106.826632974357 711.9926413009877 0
960.7643805013696 -231.1339084997319 0
723.9936533668831 -80.31458568283639 0
726.3683674171791 -71.25989956160468 0
705.3661512815693 -195.8762320919739 0
336.3582878404739 939.2577391177931 0
349.029274833255 931.3817754731854 0
120.9791674569187 694.5756306974426 0
957.1012960048001 -245.5639462700413 0
698.5770115504829 -189.0478656918545 0
696.3258976319107 -198.0963529138586 0
702.9074539495967 -204.6196277924087 0
717.2216914276675 -74.02764515925651 0
719.4020378907435 -64.95421597859291 0
971.4934892996785 -241.5387081879048 0
967.7325689559023 -256.2515220634764 0
349.3918667686632 946.4070079036201 0
362.1764811709323 938.432431642457 0
932.9995216125415 -238.5384945608814 0
689.77761423584 -191.6426729994171 0
687.5489742843206 -200.4688786407694 0
710.2978017578799 -67.81288144758545 0
712.6016205571445 -58.77839956660524 0
707.647942765465 -76.94431532339294 0
750.6365793897528 -192.1451225995962 0
748.0323115935857 -202.3430488062096 0
361.6822564030755 923.4453508617064 0
374.8510840810254 930.4127548698149 0
374.2953675848107 915.4993100262129 0
387.4796279301921 922.4533780683089 0
386.8889399338996 907.5873390367994 0
400.1186708591214 914.502195082151 0
400.7337473611116 929.5099290139007 0
413.4700504068767 921.4325950200465 0
412.7629098413746 906.3258155667558 0
426.1548870085663 913.2726038020625 0
425.4618472989604 898.2366996730682 0
438.811009479287 905.1445308451293 0
438.1764875542459 890.2452859133004 0
451.404628846713 896.9903340619558 0
450.8057863696313 882.1795971613775 0
463.9956802447499 888.8941948173542 0
463.4038626329394 874.1239292166101 0
476.5343469776295 880.7736208233741 0
475.9695405669409 866.0708536069205 0
489.0779699940222 872.7085000594818 0
488.5078660868475 858.0167023272085 0
501.5911086727438 864.6315190777483 0
501.0372300805009 849.9790431991389 0
514.1107604566179 856.5898873811067 0
513.5722030795814 841.8717619966792 0
526.6233719281963 848.5385296270008 0
526.0903183239872 833.8321079888742 0
539.1362528404594 840.5082830986412 0
538.582641930741 825.8066065543348 0
551.6545372949515 832.4969987659258 0
551.0934678192283 817.7820364154368 0
564.1743233346648 824.4761439476472 0
563.6096842832533 809.7512975549355 0
576.789307594826 816.5864856468485 0
576.150606564986 801.7349069355166 0
589.3472892300233 808.5819363273491 0
588.6946198996643 793.6921096776714 0
601.9095071749869 800.5461251786526 0
601.2540260594698 785.6284045709509 0
614.4931284708389 792.4939862894217 0
613.780269631847 777.5914407167361 0
627.0923059626564 784.4331279770873 0
626.3761292961698 769.4994007732413 0
639.7129474555022 776.3324408677281 0
638.9971341967049 761.3997633249871 0
652.2193728992473 767.9780916852435 0
651.6643744633574 753.1890205653394 0
664.900467593353 759.7997277481775 0
664.3867427358527 745.0022572072571 0
677.5906577572566 751.5499242772078 0
677.1392919221602 736.7946483931266 0
690.37569795711 743.3572517937432 0
689.957136823062 728.4980938429863 0
703.1824462999421 735.0760010927607 0
702.796404193751 720.2072016053864 0
716.0750430797863 726.8218267908312 0
715.6141193417067 711.9476243047661 0
729.2850627913058 718.9735550371454 0
728.5962255772849 703.684272375277 0
742.3474309187559 710.7485692310277 0
741.6218459485663 695.3306101036553 0
755.3590183672346 702.3015326254549 0
754.6864985847496 686.8936730764642 0
550.9387671948225 848.2219337942648 0
768.4924187320053 693.8954269117207 0
767.5573977103801 677.7840551818798 0
602.5581671096066 815.4022094582074 0
503.7109053154829 878.7770664321611 0
982.3605928155326 -252.2171890465183 0
978.5616152777758 -267.0814936005281 0
681.1488526967948 -194.3193811133722 0
683.1954829824673 -185.6242473590584 0
678.9841645251877 -202.8358470461739 0
452.6090781252523 911.8511281303659 0
781.6165521954374 685.280590250401 0
780.7106259616995 669.1278036576167 0
703.6815175922559 -61.56243925797419 0
705.9555133126 -52.69758393745812 0
653.1310037909236 782.1352655751485 0
758.1290698255648 -199.3623293925973 0
755.4682639987541 -209.8068646755758 0
794.8840187504513 676.7493330462572 0
794.2736761133776 661.1289867001603 0
704.0428939079904 750.9396245833899 0
672.7216761185507 -196.8426949568148 0
670.6062792391073 -205.1522014191816 0
765.7646624518684 -206.6904519334069 0
763.1418648228232 -217.1498639243107 0
992.8004270217689 -262.7176947404819 0
989.5059278632527 -277.8993675754083 0
997.9289340545658 -246.9861002740021 0
808.210287539862 668.173087078741 0
807.7042827788084 652.688048151189 0
697.5315062916197 -55.24304158880007 0
698.2853203538448 -45.74734019979063 0
707.7542703612535 -43.86049358575136 0
701.1993351491585 -37.10381518849081 0
709.8905160948916 -35.35865056850321 0
703.281946807612 -28.93758128882706 0
711.6622622319494 -26.5681316963842 0
705.3234939008372 -20.46458627627969 0
713.7967811302249 -17.91122748538433 0
707.3013589604725 -11.76581945201756 0
715.7813559161282 -9.190048331050928 0
709.1635194848416 -3.015876812651763 0
717.756815122069 -0.3977371590553407 0
711.09706887811 5.814055127102968 0
719.7512814160289 8.455853243570409 0
713.0465344242266 14.59918924481943 0
704.4870253536199 11.93375910649835 0
706.3357714439974 20.77523656343647 0
714.9038614011301 23.38805331911965 0
708.1485231730569 29.64789735203425 0
716.7874664289271 32.24436249366983 0
710.0445038501888 38.36571321435068 0
718.6843260732182 41.07700742129843 0
711.9217722423685 47.12860802099569 0
703.3868329211392 44.37581486718656 0
705.1863056136224 53.1542512889617 0
713.6779809838216 55.91109406863517 0
706.9284352021148 61.9038692976177 0
715.4765370345818 64.75329237599544 0
708.6774467623488 70.78178044314781 0
717.2576043681235 73.61454893349908 0
710.4310993499513 79.57009647668585 0
701.9382075748779 76.73922461032029 0
703.6620340332286 85.45853389699332 0
712.1479957944055 88.40760433757356 0
705.3283490498916 94.27474118230623 0
713.8339996228174 97.29301827214249 0
706.9471437124123 103.1201985461555 0
698.5529029062304 99.95724966688427 0
700.100016768348 108.950086742611 0
708.5457405782438 111.9531655413369 0
701.649038002058 117.7994169730695 0
710.0901349192752 120.8010202689536 0
703.1981469729222 126.5621055413096 0
694.8311110767892 123.5687426480374 0
696.3552952465503 132.2635115811754 0
704.7196141000359 135.3724843577584 0
697.8204884633229 141.0585143820578 0
706.1685783234559 144.2181971236708 0
699.2351097145515 149.8899139255658 0
690.9675426464983 146.621748166683 0
692.3417791318927 155.4887843464657 0
700.6607203468961 158.7166383857655 0
693.7012492123115 164.3272714105222 0
702.0601222197065 167.6151880492672 0
695.0247552660333 173.2036884170718 0
686.5560266627392 170.2570591206007 0
687.9761183828898 178.8539453447142 0
696.2948431804934 182.0589248590745 0
689.2761041761842 187.5998941363085 0
681.0457435993353 184.3380507977239 0
682.4763517962031 193.0223117507424 0
690.5524805713528 196.3924512248011 0
683.6919474551056 201.8248670260973 0
691.7827552870696 205.2720836433843 0
684.6535660962895 210.6991332780504 0
675.5725516841809 206.4762079123039 0
677.3718817838608 215.9910177909834 0
685.7134357778107 219.5677590565557 0
678.5658898523137 224.9733899688398 0
686.8679505116461 228.520686028957 0
679.6481142348026 233.9024759041761 0
671.6396160049601 230.4296679501284 0
672.458647472151 239.2364446697155 0
680.497705717274 242.7130392844493 0
673.2303337632824 247.8747107894572 0
665.445510306118 244.2778941532264 0
666.2074922194874 253.3216957535375 0
675.2354908555798 256.6644115101676 0
667.0932865488523 262.073120388626 0
659.2020055120034 258.2046443993343 0
659.9092098647106 267.3974144524234 0
667.9658451680878 270.1472917988286 0
660.528760469944 275.938651190647 0
652.862792504802 272.5205395136143 0
653.9274264238014 281.2829634296227 0
661.4619771771572 284.3179549180153 0
654.0704244788631 289.9316652193318 0
645.9612848219532 285.8829455095905 0
646.7437304607611 295.2291011155489 0
654.8125710199607 298.5797450945998 0
647.3709515379122 303.9953692518525 0
639.1694884746253 300.5593855298051 0
639.8693637183349 309.180264677969 0
647.9019769886189 312.9540080993543 0
640.4975916489706 317.869517513346 0
632.5392337711032 314.0544713357226 0
633.1000884536677 322.7165405930487 0
641.0201694431162 326.7243557463875 0
633.5468801176781 331.5704619305042 0
641.5137701545334 335.6806730276255 0
633.9488504112494 340.5227479461729 0
625.7566831335557 336.7676278632979 0
626.1439234966664 345.537907475517 0
634.2253885697967 349.5412297886094 0
626.6750975227684 354.3409454316984 0
618.4857044864546 350.4033791121086 0
619.131949826877 359.0465092894315 0
627.0504327017659 363.299670680412 0
619.3884907469708 368.0256139896983 0
611.5322705024105 363.7998048849479 0
611.7568715745165 372.6942674125783 0
603.958572752138 368.4719192203459 0
604.1799547389195 377.3385322943559 0
611.9611767624502 381.5966695050336 0
604.3387959521804 386.2352923467427 0
596.5400985613983 381.9124710548087 0
596.6306674111343 390.8338482017251 0
604.3599771980075 395.1778040163431 0
596.7584307587126 399.732031325943 0
588.9241319086909 395.4333580669716 0
589.0214209808277 404.2948907462605 0
596.840771208954 408.681473726602 0
589.0749713981184 413.191354483034 0
581.3253541603794 408.7826888659384 0
581.3293004265336 417.6377434428117 0
573.7046167587739 413.1981353414999 0
573.6737299744195 421.9953050997062 0
566.124278618429 417.6058734050491 0
566.08107592909 426.3229712658146 0
558.625077792123 421.9424734346345 0
558.555091251481 430.6053207676031 0
566.04077365851 435.021707080454 0
558.4574917801144 439.3260657059122 0
551.003171105506 434.8990059877339 0
550.879233391381 443.5720146754944 0
543.416693778853 439.1929397870861 0
543.2454341007019 447.8266660453265 0
550.7727999294316 452.2679359258864 0
543.4050892153466 456.9285395341008 0
535.696355997967 452.131994479608 0
535.8552190170105 461.1735678175125 0
528.2391939193747 456.3186453526874 0
528.0794971015287 464.8292319345701 0
596.9197550369155 417.7253784788176 0
520.729626518893 460.3027641325543 0
520.5647004866098 468.7921261663631 0
513.7999456987482 464.5719244482606 0
513.307640455125 473.0749781012911 0
520.4166974382492 477.318200045998 0
512.9120902992956 481.3610551122897 0
505.77383759881 477.0709858959878 0
505.4138914006088 485.3520432161787 0
498.3474083870874 481.0978023857493 0
497.8711751244794 489.101555735145 0
490.8998013553758 484.9517857548199 0
490.4664784433007 492.9660945125928 0
504.4085500878162 494.5239736254204 0
483.5492657157323 488.7713697874492 0
483.2468721392876 497.0298700680887 0
550.6584384747368 461.0078548209784 0
476.3023931754531 492.6089797843393 0
476.0023064953317 500.9077128382769 0
469.0227018737087 496.6112869417708 0
468.7626140789556 504.8001407139605 0
475.7183180680852 509.1613651437837 0
468.4235774021935 513.0427325391548 0
461.6218960431685 508.5224104973668 0
461.1504838033499 516.9536622292459 0
468.1223895116213 521.3637950696007 0
460.6959046498012 525.2016528655338 0
453.7506390201591 520.8051188211934 0
453.2721875605696 529.0010330416616 0
446.3490902350734 524.5793436709479 0
445.8684055539716 532.7247456656152 0
438.9641373611897 528.2844890905951 0
438.5111003983802 536.4509950494269 0
431.6697252634772 532.0135123398098 0
431.2128750882834 540.1790769124403 0
424.4068464802893 535.7479509242769 0
423.9651633065229 543.8726235032652 0
417.1540311574096 539.4709715015053 0
416.7380454630245 547.5492479784858 0
431.0883908582784 548.3073954972248 0
410.1042072429607 543.4457256716089 0
409.5713003081761 551.2549768602274 0
402.9720285517381 547.1782367185875 0
402.4218625898785 554.9152934488787 0
395.7454535145405 550.541019331221 0
395.2539438175559 558.4971953361407 0
401.8547866218917 562.9887928969333 0
394.5797796701264 566.5871990731805 0
388.1416979607771 562.4153460832545 0
387.4889749306882 570.1978743002857 0
380.9281748235569 566.1059418241985 0
380.2475375388358 573.8004624069971 0
373.5631560434217 569.4327629158111 0
373.0146827211397 577.3491821175363 0
366.3598702370642 572.970597517892 0
365.8362359057442 580.9538420137029 0
359.185073250584 576.5573639533891 0
358.6585565143691 584.5183698913274 0
352.5111705264425 580.1706605004467 0
351.5976755801233 588.1192222481297 0
344.8162482327697 582.8983913453502 0
344.3632719325878 591.6693384439425 0
351.0843164019846 596.1640809358504 0
343.8080188393329 599.7657791199517 0
337.0138770031768 595.3453061118628 0
336.4907178024091 603.3402473417419 0
329.7005735880297 598.9139122246761 0
329.1934870501699 606.8986750470063 0
322.5033132690205 602.378675034752 0
321.9012889888816 610.3905150501187 0
315.2350234719408 605.9074942975595 0
314.6254614816573 613.9438315350208 0
307.9857273535442 609.4594357020203 0
307.338956074153 617.4759498082917 0
300.7045678468692 613.0097776120491 0
300.2512586161764 621.4369042338953 0
293.4179482342939 616.6837237647164 0
292.9945382389556 625.0844152737666 0
286.1094631465246 620.2867867796233 0
285.5070859156751 628.3319363477505 0
278.7534845321966 623.7564047421799 0
278.1488036633001 631.9299010739217 0
271.4490120601108 627.2976537452155 0
270.8474054169004 635.3963315432347 0
264.1162556282567 630.8541350592277 0
263.5668800533306 638.9235462587604 0
256.7969405571966 634.412586764603 0
270.0737787520342 643.744590800425 0
256.2321395789979 642.4925791298831 0
249.4408835350578 637.9744207262497 0
306.7610278254763 625.4795029492894 0
393.8874700613109 574.9384564240531 0
558.7207954466171 413.28104542751 0
350.6109137525124 604.3572047083242 0
91.84649431028636 679.4522874401327 0
248.9062660412986 646.1046253244963 0
242.0718682946604 641.5640078374524 0
773.5592715749483 -214.1051282637135 0
770.8868588256437 -224.6084371050466 0
697.0658604752385 -22.3881355478543 0
821.7663265771769 660.0214478397165 0
821.059793420931 643.3816702621835 0
760.4629169310629 -227.588153565682 0
768.1636835405907 -235.2092489432897 0
778.7081741934259 -232.2232644715108 0
775.948028745391 -242.9841596754229 0
786.6802351854333 -240.0226310647115 0
467.7437008135184 529.7977297661359 0
664.5058683316321 -199.1898195269511 0
662.4375926958808 -207.4201827764252 0
668.4615725691017 -213.3937127531107 0
974.6005174903723 -282.0551073327503 0
985.6186697492309 -292.9617310942848 0
660.3127331773213 -215.6073706883403 0
666.3053850091748 -221.5996686234866 0
521.0739867314841 452.3105715298074 0
756.5881286513907 717.4649396190337 0
1002.647394914884 -273.6599212063833 0
77.67738339119387 695.5919494262367 0
783.8709450369122 -250.8837911319442 0
794.8087810916437 -247.8806441387828 0
757.7177737139789 -237.9846313041411 0
835.2022521158749 651.7744034052587 0
834.5838371237378 634.9614381386991 0
283.9913934240254 846.0989783709697 0
241.5637239675728 649.6821751639646 0
234.7554378761948 645.1322970060232 0
654.4090197559435 -209.5681766850945 0
652.291244187189 -217.7071524842711 0
491.5191522438591 475.6490881574708 0
500.3582260936197 835.1280299919538 0
720.641863976982 -24.42500399284857 0
849.0753474622944 642.6962183311213 0
848.2657426637521 626.4605476429483 0
833.9788619738675 618.8762655552957 0
847.4479290070053 610.3868496077015 0
861.4039024221148 617.6472554306366 0
860.7948562727406 601.529362089474 0
846.5398350236704 594.3589073164351 0
859.4572629079476 585.7935536780224 0
873.9802352878437 592.6468691206592 0
873.2834035372759 576.63959754545 0
858.2874731298107 570.7302968297563 0
872.4722305661863 561.4329525534752 0
886.6012347380893 567.8225621222141 0
885.7522684377188 552.2620988185882 0
900.0035487403932 558.8332976804653 0
898.76662137613 542.7641995146111 0
882.9514192083831 536.053046645813 0
897.7984764049603 526.8015001748761 0
911.2664207290638 531.7959811216288 0
910.094081488292 516.5517753890023 0
896.8996918089115 510.8055707942567 0
909.2570133138603 501.5080976433973 0
922.4666745577586 505.4665409223579 0
922.3646928168772 492.2671532483335 0
908.3041372766188 486.0181319307104 0
920.8262782009053 476.388534906623 0
934.3302066016777 482.1039039819273 0
933.088836684664 466.9468885341615 0
919.8487885463325 460.3954557442578 0
932.1927484762431 451.1408059894549 0
945.4443171400108 458.7549294625187 0
944.7757394211169 441.8888867509721 0
931.6163354103855 435.513536153179 0
944.1078491710032 425.7797020188821 0
957.9370165933238 432.4816286914411 0
956.221483650486 416.213644797956 0
941.5051369546292 409.896440056261 0
954.3205501371394 400.282666357208 0
969.0176610843185 406.6312818283948 0
967.0601726974644 390.7188124098361 0
952.4188149692934 384.4399691329648 0
965.0539194543792 374.8834863837367 0
950.4721900706644 368.7827633090406 0
963.0660755615891 359.2173405685937 0
977.6507784757574 365.2838795930803 0
975.6044560825529 349.5434120167649 0
961.0382402392411 343.3475417146108 0
973.4951491842528 333.795500471184 0
988.2266405892717 339.8500812480553 0
985.9884232531606 324.0619716610764 0
971.3314578707525 318.1228416138412 0
983.7278404699947 308.3459232053539 0
969.1206259600895 302.5092263725193 0
981.4930664489384 292.7637036561183 0
996.189532629651 298.6154849029678 0
993.8374637084968 282.945475753385 0
979.1678888818309 277.1573677193854 0
991.4556682096488 267.3482546735103 0
976.8718905720912 261.6396452509885 0
989.1065540378381 251.8377877572208 0
1003.784999939137 257.5419771935019 0
1001.317306457937 241.9560997488077 0
986.6446748900929 236.3094820990337 0
998.8167333756402 226.438241356283 0
984.2479038942638 220.8383190519957 0
996.3239666680557 210.9219797426445 0
1011.02784385174 216.5512993049262 0
1008.443148660155 201.0233845674705 0
993.7900619736351 195.4598396415258 0
1005.832458356866 185.5610694226066 0
991.2176625344265 180.1785171304161 0
1003.196719231094 170.1887554978262 0
1017.95575770984 175.605478477979 0
1015.201450408618 160.1081123677417 0
1000.498278083792 154.6840043368336 0
1012.432548609171 144.6470610178916 0
997.8588735204698 139.1935450330571 0
1009.765627215574 129.2433588873047 0
995.1937794365697 123.9439069515581 0
1007.055882622016 113.8800743724904 0
1021.786502945048 119.2198762469229 0
1018.933933777255 103.7825947905454 0
1004.18457694269 98.51405741266051 0
1016.048313230391 88.38238838959211 0
1001.387270722322 83.21446365653676 0
1013.258317781618 73.03977604906562 0
998.6430766966239 67.83398875145059 0
1010.449946370379 57.63507058832247 0
1025.239509554239 62.88685206200905 0
1022.318581177613 47.4187431452968 0
1007.434762705804 42.25601431850309 0
1019.342758788886 31.97774141430776 0
1004.517622018896 26.89587042250443 0
1016.388448695642 16.50914705687965 0
1031.33775475065 21.67119878853871 0
1028.300689675373 5.967813650089992 0
1001.814976536901 10.89763808468478 0
1043.453928235649 11.23397554252194 0
1040.357030974783 -4.669010109880213 0
550.4798989905653 802.3163636802184 0
791.9346556316323 -258.8972422029728 0
803.0554539666266 -255.8844159359706 0
970.663346982215 -297.0008943882306 0
448.9240100397647 867.9756634505686 0
981.6553566679431 -307.971144007335 0
599.6733975504742 770.8396529543618 0
439.5039870388715 518.6909754930977 0
651.0077928676703 738.1634098296158 0
800.1362960961321 -267.0857084851419 0
811.4137274801592 -264.0305985111532 0
1030.06541710235 165.6704397073577 0
70.96530858124066 668.8261381869077 0
362.6982642712815 953.5225142274826 0
1055.738250213129 0.6711219609385071 0
1052.581552799979 -15.31906378373071 0
234.1998598068535 653.2848643035805 0
227.4301043435709 648.6775086066857 0
241.05374289504 657.9597961031131 0
228.0999055737907 640.3648959620571 0
220.7818596148512 643.8146940503574 0
1033.798862458324 109.2330403287779 0
319.0704949798093 785.7951747011266 0
414.1837377877674 936.6486759959636 0
853.6074390787899 119.9062088973016 0
855.51012227052 75.77727320993253 0
646.5005581656268 -211.8639152524305 0
644.4407683113578 -219.7970756050761 0
702.4064147251344 704.5306034855694 0
809.2823325980808 684.792167173714 0
1037.182691253337 -20.61127199393606 0
1049.211999282854 -31.27016706051778 0
1033.994872313433 -36.60320644782713 0
1046.012403137931 -47.22007340173202 0
797.085714018813 -236.9510247805032 0
1030.82628146433 -52.54072985294003 0
1042.980334544023 -63.15226403191264 0
469.3701111485493 488.3973366166843 0
690.2881893255095 -49.88643817189917 0
689.1324378442237 -57.71370222224284 0
682.7307762876121 -52.13281298525326 0
681.4003979344914 -59.6939915892838 0
349.6702570012918 961.6268855452079 0
363.2681958522131 968.942314600336 0
349.9703036920955 977.1220549909897 0
363.8275976160671 984.6095871381142 0
350.1762518524489 992.9632114385226 0
697.8820060606542 18.19359041482156 0
364.3848158791076 1000.577692357833 0
350.470495765859 1009.091255403455 0
696.8157203385285 50.32143718562456 0
724.1798348398104 67.59686731967071 0
725.5348897478955 34.97003871293927 0
1058.14618491312 -58.16490586205388 0
1055.231832511637 -74.09520603477607 0
760.3402434931822 -151.6530137229745 0
753.0188869586833 670.8648824866626 0
249.5804572036919 629.8710496528968 0
423.6608515553462 718.2921435533439 0
249.2136758412926 839.5124345153142 0
479.5839390063173 684.2026443558414 0
726.5667882930267 2.268190816680474 0
328.39490006548 615.1667881470153 0
271.592539233626 619.239413854656 0
219.9972422030297 652.1422802197781 0
213.4771707597415 647.4906462201246 0
322.9795018047655 594.4432700712485 0
869.2685848758158 -95.97148499914334 0
418.2379017343355 531.9762633020765 0
675.1630098114645 -54.31364568065653 0
674.0852122630237 -63.16655383047954 0
294.5799029154571 608.2008410930209 0
374.67603166329 561.2863370899323 0
816.9130589537137 96.51384267407704 0
989.9048689919186 21.63108596191018 0
987.266752167013 5.890126030510574 0
214.3503338924096 638.8191916227881 0
207.072537754396 642.6840801564358 0
206.3345683435479 650.7997945880318 0
199.9612927500115 646.1009117385945 0
808.4586701199141 -275.4781523079022 0
819.962526758423 -272.3364683060588 0
1068.133394800484 -10.2346284391086 0
1071.308331449954 6.187561832520275 0
780.9195740621454 -261.7329368857232 0
793.7719180771171 644.7361413310634 0
638.7741378542989 -214.1881854433166 0
640.7831749727607 -206.4332258973745 0
636.7648093227203 -221.8965154402039 0
642.3612072513981 -227.522757891851 0
983.3901579829142 133.8093981996076 0
1027.628002648846 -68.26487759981609 0
966.708706053405 -311.9998104445098 0
977.6881566295449 -322.9791560257654 0
992.811680262859 -318.9537162164557 0
352.1145394157875 571.705423996255 0
396.1490962033834 543.1600805407616 0
849.6218707856319 659.5557993062093 0
634.7836447382715 -229.5040118280215 0
1070.761425314288 -69.07640742786199 0
1067.627521431621 -85.26787558273784 0
640.6458308511625 -235.1312183737244 0
988.7643924401098 -334.136092222821 0
1004.097241029086 -330.0878805665056 0
817.4301759874004 -283.4899871506952 0
828.3000919694974 -281.134546228924 0
200.5961843057594 638.266144660432 0
193.4148824406285 641.8105381752031 0
193.1446244359188 649.2524216098448 0
186.3983422414749 644.9023461514923 0
667.3804180332445 -56.6316604496337 0
665.5723900252246 -64.44057098490376 0
364.9568235699467 1016.840184879347 0
350.8238482699727 1025.230828289222 0
336.5254681504388 1017.47733551486 0
336.7198602861045 1033.825099156479 0
322.269237176789 1026.042658819799 0
322.6280939664325 1042.663411386071 0
307.9976530840447 1034.678218242167 0
308.3681435229225 1051.3977137901 0
293.6391179387905 1043.340474686435 0
629.2176739835669 -223.9683712991445 0
818.0672416361726 52.86195135144175 0
975.5964940793799 16.34151740913313 0
972.9117267946069 1.131035666826062 0
50.52733274372071 659.5338399508927 0
293.9989848157553 1060.14521521015 0
279.2802520111525 1051.97891305608 0
825.8356303178881 -292.4191572139295 0
838.2606461328459 -289.0030061141084 0
627.4256386651047 -231.5968644049357 0
56.85008876651536 684.1340180113821 0
1083.981014840065 -4.925108086442417 0
1087.173396641752 11.99282647723482 0
278.6330065952515 1036.189439981306 0
264.3627764051641 1044.432346904403 0
264.309098837484 1060.575699225703 0
250.2312017228239 1052.334378611716 0
249.7779670684251 1036.304896949735 0
235.7081674060446 1044.682819250921 0
235.6639195560069 1027.89737837299 0
221.4813884491676 1036.878262503722 0
221.4152191332804 1020.322940908021 0
207.7762392364163 1028.030310490036 0
207.5092499904756 1012.363086086045 0
194.4884196173591 1019.391669988755 0
193.8268858397222 1004.605430378641 0
191.0960711182551 1035.55594784499 0
180.9816416192559 1011.387943986566 0
180.3167649863284 996.8434747542226 0
167.1613952411229 1004.459969689489 0
166.9412664732209 989.4042477602549 0
153.9470850195174 997.0900514134282 0
153.8094112003933 982.1363063358986 0
153.8892335566779 1015.035817838257 0
235.9698112189005 1060.700695901792 0
140.9581748624674 989.6875606526511 0
140.7970570665615 974.8944288370827 0
153.4673524123374 967.396969904588 0
140.7370609013974 960.3722361006268 0
153.0430474138115 952.9910589158036 0
140.6523751942194 946.0352260374194 0
152.7380329532957 938.8882202638985 0
140.5597959907407 932.1422166531863 0
152.396306039427 925.0528081387486 0
140.5330550480445 918.4549762399312 0
152.093146867038 911.5100336323287 0
140.6122056243607 905.0214552630332 0
151.8078491808475 898.2696766386116 0
140.5636548880788 891.876047449692 0
151.5405528641725 885.2676665334767 0
140.4900839739179 879.0421548999586 0
151.295132750553 872.6002723779826 0
140.3194219399758 866.4938451506578 0
129.6452391544801 872.8051792302469 0
129.6115208263184 860.4436530574959 0
140.0817267193278 854.2687311488432 0
129.5228980085045 848.3538772730436 0
118.9765912961791 854.7526106950637 0
119.1320937245965 842.4158202906674 0
129.2038653048908 911.693119425253 0
139.746330779554 842.3588416864692 0
108.7352567361554 848.8116468059649 0
108.9071221833358 836.7856661246149 0
128.8467761128443 953.4608643700062 0
831.9277470300452 -269.0017577871709 0
187.0927040532122 637.3332189269983 0
180.0895962889471 640.4956817398889 0
179.2579945237339 648.0396263823109 0
173.0733062340728 643.6067325891095 0
1083.479699465208 -79.92485579043654 0
1080.109515126413 -96.43019172458608 0
1064.207148563379 -101.8037798699939 0
1076.655423906316 -112.9653704421003 0
373.9253018508682 901.0121924047874 0
834.2591912114302 -301.6403713476807 0
846.7532187872989 -298.5902927422042 0
1000.024896663542 -345.5528224165309 0
1015.611969393117 -341.4114944494726 0
962.7316502077497 -326.9085636520312 0
378.8789344089843 1008.192151774918 0
379.5217282142679 1024.719502492825 0
393.7046546111205 1015.876764984325 0
735.2068479986502 -68.24104064422636 0
659.8945342433209 -58.96539862475078 0
661.6572744254888 -51.39838623139253 0
658.0943436706111 -66.51206126438302 0
663.6133360349531 -71.93183225116039 0
656.2494346080966 -74.04629604497305 0
661.7460944894166 -79.42357823247796 0
654.387667477723 -81.51828669435649 0
659.9446255817961 -86.88940999733168 0
652.5559470646207 -89.06814370834819 0
658.1742366542895 -94.33144943144987 0
650.7430606507522 -96.44083546664335 0
656.361305453474 -101.7818789719926 0
648.8995970838347 -103.9552751181581 0
654.6962063751519 -109.3661404369272 0
662.6962289495401 -106.9937468509257 0
647.0776820178182 -111.3697347135899 0
652.5769005354507 -116.6526705073704 0
645.2656205730365 -118.6952386283896 0
650.3410629050845 -123.92090066547 0
643.4454164038115 -126.1441945865605 0
648.7788128661177 -131.0871628948472 0
656.3134821676773 -128.3411810255231 0
641.9642254356415 -133.4800238451025 0
289.0149862009634 758.2379357780933 0
1060.797087174044 -118.2392167792967 0
1073.332959813126 -129.4726909506935 0
776.1728643667002 -203.5565445125489 0
621.858680682717 -226.0654191384128 0
620.0359588774088 -233.5483825174946 0
172.2344762463337 651.2205581868263 0
166.0517422283513 646.7241397637481 0
986.8905009607685 77.95284374233394 0
98.50698098472188 842.8476912463759 0
98.85988476335052 831.0218900714156 0
108.7267540648432 825.2820815688934 0
98.95631343344066 819.6803340411363 0
108.5106900919091 814.0388665355179 0
98.95713065442324 808.6307136627869 0
97.24714400420569 855.7051306520036 0
166.8930600906022 639.1383324477788 0
159.9789777819039 642.1956653760533 0
1011.399053871595 -357.1068492917902 0
1027.28061036901 -352.9362605863259 0
806.6127419626339 -288.3844029833039 0
648.1488279675533 -138.8719854098038 0
640.4302809215271 -140.9574551337694 0
108.3430107623064 803.1154735898251 0
98.92599686977744 797.7787555576535 0
961.3728844908627 11.46534253332301 0
958.7488279210743 -3.432169683573733 0
89.64979094487529 803.1791040239764 0
89.69413815834574 792.5668432695257 0
165.71428967497 945.4882883452279 0
1097.332565707281 -90.89680903222245 0
165.181041878514 654.3973599927738 0
171.5503210736317 658.8944559783544 0
1031.494334826707 -336.9630344378069 0
372.9315862692706 585.3228740848658 0
336.0980683522432 1050.90972355956 0
1043.393332668595 -348.6343955533299 0
1047.651488187684 -332.3522650130377 0
1039.037688752645 -364.8723689091216 0
1057.410067783379 -134.7096702141773 0
1069.925381316637 -146.0501808338556 0
1086.03833484316 -140.7289392730483 0
1082.505264321542 -157.3765319903807 0
951.9129023958676 -316.0996619315307 0
947.9269618312084 -330.8863459080533 0
1100.021251105462 0.8478998394220651 0
1103.296751966478 17.81914505278785 0
843.2304445675135 -310.3159005228732 0
394.3048542806162 1032.705603666486 0
408.7705490338099 1023.683013351249 0
160.8150808339912 634.7675988234157 0
154.0319907439899 637.729035524861 0
614.6105161434416 -228.1070184651618 0
616.5263469211839 -221.1377837508202 0
612.6513657230752 -235.1702177429882 0
617.961340207767 -240.6195824511374 0
654.2789599925454 -53.67652320498127 0
655.9734625386791 -46.26835780928617 0
803.1572406466451 -103.9367833659742 0
80.54120717959745 797.8042920822378 0
80.55069127169426 787.377982249629 0
89.57090343572264 782.1703942388436 0
80.59587589617621 777.1043850857779 0
645.2763053230079 -146.0901270933702 0
636.5498541940761 -148.330313436223 0
1098.846111515536 -152.0709309996232 0
1095.273262069331 -169.106410658036 0
163.0474740247718 904.5839969121323 0
1053.970338290195 -151.1606790099626 0
1041.599536708913 -139.9982084647917 0
88.51039951213991 836.6733905633364 0
648.9108897231839 -76.14208652794484 0
855.6291403090943 -307.0637550776922 0
30.17253866239374 648.297775606165 0
236.5492856691251 1012.92579832933 0
860.1702935272473 -293.6734243420703 0
852.1978550042795 -319.6730680709088 0
947.3120735105217 5.876613420276738 0
944.2135953976081 -8.840169023414832 0
955.6789075997646 -18.20261473629292 0
941.5974573482391 -22.57047279726876 0
952.6790217588407 -31.77891399377284 0
995.7631757205538 -361.1988765446127 0
1055.471273111224 -360.4857952428327 0
1051.130327945249 -377.0403627057397 0
939.1087694082928 -36.22575061928658 0
949.9578718797375 -45.6754878225216 0
927.8678103672447 -27.26514106040371 0
89.83727188434649 771.8524416043634 0
80.7131341270573 767.0106528389775 0
830.7643768052268 -314.1074444306331 0
71.97282603831351 772.0073042267589 0
72.05340061779722 762.1202168662245 0
638.0285653689128 -120.7078610477738 0
154.8070310977962 630.4063607656205 0
148.1213138218125 633.3781219732879 0
147.2956063998663 640.6418925542087 0
141.4030861745506 636.2785232375261 0
161.4885584886096 627.4882181962892 0
140.5598019112039 643.5299605524983 0
134.6628043812425 639.1685444978037 0
133.8191379156969 646.4339379599301 0
127.939824708893 642.0581754653531 0
643.4438738004386 -98.48249204589357 0
648.7971796314051 -48.48777673360063 0
650.4395659654476 -41.22835858104147 0
607.4743872145258 -230.0105477419746 0
605.5234934346504 -236.9152867939123 0
643.225753598527 -153.4395629881814 0
635.3266680121975 -156.0451390556096 0
650.1039253383044 -151.9724729805957 0
1116.425442023829 6.429551676442721 0
1119.667646938754 23.50561759221014 0
1106.443494772352 34.93821817266354 0
1122.762460883939 40.75968399233701 0
709.7220712872968 -177.0285282618947 0
409.3139022800184 1040.816471224404 0
424.0014893959065 1031.654648912775 0
787.7416991555324 -75.64908068278589 0
164.2644798068163 662.2131867420746 0
170.8243443658441 666.8231023235122 0
729.2775654457804 -97.1584114354968 0
950.1972409998929 20.87104819217538 0
1109.908811761424 52.05867520160439 0
1126.071869366227 58.00349766225845 0
1113.140502006805 69.34448920318997 0
632.9736712080696 -141.9317421890404 0
1129.21846250234 75.34913060774537 0
1115.957819811987 86.7875932446687 0
128.8176658129727 634.810210700492 0
122.1724018607845 637.6683478904961 0
127.0182068240821 649.3914075667104 0
864.8620986950938 -316.0777167397131 0
861.4737542338536 -328.8634485062071 0
1111.841924558026 -163.6153435051359 0
1108.143787948774 -180.7596687586098 0
1091.57291984922 -186.2158031457964 0
1104.486081108776 -197.9269409621738 0
1087.900407766963 -203.2674868030784 0
1100.728647864765 -215.0271426048612 0
936.8957168706463 15.97232586805467 0
939.551530531912 30.43049851822497 0
309.3603121387687 897.4640670171252 0
1132.391505334144 92.76728608723364 0
1119.080409089182 104.217629440709 0
63.55135940386782 766.965160130873 0
63.57767095856152 757.2616116480773 0
1038.237819633151 -156.1327987065849 0
1026.117481243147 -145.2470125954604 0
1067.857181549197 -372.5103166147431 0
1063.274562571519 -389.4298274475209 0
936.3841711452533 -50.21971118177268 0
947.1582083091822 -59.7033301423393 0
848.8656875526442 -47.25617498402244 0
643.416721983755 -43.37190699144626 0
645.0303676807328 -36.18697226445845 0
651.9952530361196 -34.02230356991241 0
646.604627701329 -29.04110724133026 0
653.5760544549189 -26.83093614683634 0
648.1714269427363 -21.86204422268765 0
655.2084064521307 -19.62879186955787 0
649.7665292084366 -14.59913986242077 0
656.8289926184207 -12.37946965063161 0
651.3546999839978 -7.321582408351149 0
658.4254817844823 -5.106301387572546 0
652.9051225577505 -0.1025156247705859 0
645.888858418418 -2.319893080877231 0
647.4462097935555 4.802952396316298 0
654.4502431747012 7.125429696684774 0
648.9563022182742 12.00953449469882 0
655.6562328281763 14.44346938714758 0
650.3782263954031 19.33811663796088 0
656.8098244961311 21.37239565338042 0
651.6600346409853 26.4021868890648 0
644.8838494634574 24.25344108254326 0
646.7049211050526 31.36899962063535 0
653.0211146999563 33.69256777920278 0
648.170203833987 38.59030052312769 0
654.5827041688793 41.10049162542744 0
649.2379335412576 45.94067535552234 0
656.2111701543188 48.38951117847526 0
650.6309780290396 53.2978779949871 0
657.6795657142479 55.72957152401844 0
652.0494393149309 60.70067689964024 0
659.1647067696028 63.13101225500188 0
653.4614346814205 68.06413126194843 0
646.3188821151543 65.85207080032069 0
647.7695037328415 73.02136405966094 0
654.8194960460619 75.42930029590744 0
649.1361041651368 80.26271984136451 0
642.1750853190238 77.83052668597865 0
643.4427579867815 85.13443269790145 0
650.4023808882976 87.55423761593462 0
644.673206486337 92.48112742325401 0
651.7016727468233 94.90272423951825 0
645.9632359036495 99.74246052441597 0
653.0078111491679 102.2425823162536 0
647.240848884931 107.0359575412504 0
640.2771301859868 104.5058605574309 0
641.4835817452306 111.8089167379324 0
648.4557618394344 114.3729966683365 0
642.6641389682325 119.1507872991712 0
649.656716260383 121.7393924794399 0
643.8490249330234 126.4540730237922 0
636.9223737814638 123.8582800114521 0
638.0805478432586 131.1129296542739 0
645.0077891630599 133.8090055544753 0
639.1871344862732 138.4576805329438 0
646.1398935429497 141.2264496473139 0
640.2540427932195 145.849987271501 0
633.3993389338311 143.07210854758 0
634.3951720349378 150.4753211606045 0
641.2182284951868 153.3924574473352 0
635.362658462908 157.8149299503447 0
628.5788634578404 155.0489506532617 0
629.5260517531872 162.342374764898 0
636.3303641602613 165.14127158345 0
630.4518956268926 169.6761423497594 0
637.3380089638119 172.4971708788187 0
631.399477627685 176.9901049043307 0
624.5881645179575 174.164299764163 0
625.5008297286827 181.4293431686934 0
632.3144284520836 184.3457575315324 0
626.3580971444928 188.7868592902907 0
633.2039786083986 191.7773147284778 0
627.1785111814698 196.1996759728067 0
620.3850590934043 193.2938697376515 0
621.161180439177 200.6414680422041 0
627.956575109123 203.603269855601 0
621.9374997548061 207.9654941822358 0
615.1994638573213 205.0013080053349 0
615.926993023432 212.3027340398541 0
622.6883422791391 215.3460758078713 0
616.6141596533558 219.6639107927002 0
623.4173056445219 222.7925856325091 0
617.2970273313946 227.084982185556 0
610.5840288791167 223.9231266485195 0
611.208349238044 231.3135066629517 0
617.9216877528105 234.5081885879151 0
611.6466414864395 238.5090720053611 0
605.1057230355946 235.4863657530244 0
605.6477853008237 242.8349767566008 0
612.9854708817704 245.7801466027028 0
606.1728743667352 250.0293117274865 0
599.8115749402527 246.9196588268682 0
600.1035507594506 254.3600930038768 0
606.6512154597763 256.7933840487199 0
600.4082317295801 261.4585777939037 0
594.0712933149645 258.7620643241897 0
594.3034366820042 265.8519229050863 0
600.9633554867512 268.5736014384976 0
594.7202005354804 273.0806019238961 0
588.1180606437923 269.9095697445597 0
588.4895998974769 277.1672933563314 0
595.0000613545574 280.4861572945904 0
588.7939348503437 284.4683010005751 0
582.3255743178684 281.104214387823 0
582.5288632972457 288.4091153341042 0
589.0527631661325 291.8194829731206 0
582.7279474878005 295.7703486429998 0
589.3310994203617 299.2683863802758 0
582.9874532133196 303.1513653726902 0
576.4696669646451 299.5976466289382 0
576.6050976479814 307.0250411428219 0
583.1569084601869 310.5652891825533 0
576.7840461076871 314.4140708883407 0
570.238315415162 310.9014427467451 0
570.3750440923545 318.2464137347261 0
576.8765428289688 321.8394424007799 0
570.4612429505587 325.6137327746015 0
564.0234210338507 322.0050540678539 0
564.0666211061916 329.3309244934856 0
557.7451289483947 325.6935606875697 0
557.7306960040311 333.0120585997627 0
564.0752394521953 336.6538403089169 0
557.6915314427854 340.3623344450552 0
564.1251235389564 344.1058032855922 0
557.6533576401362 347.7834341045327 0
551.5313122627799 343.8914191937088 0
551.3921979516518 351.4186487964392 0
557.6212473768255 355.5637048430602 0
551.0695337270572 358.9176953113135 0
545.0987568791788 354.671742702808 0
544.4954203110835 362.0876611729807 0
537.9519830359096 357.0361080622245 0
538.0697448099119 365.7313279286769 0
550.9149811816695 366.3141280118987 0
532.0472231814265 362.1999429891132 0
531.7141431946138 369.1518773048757 0
641.4713291226778 -160.8234626011031 0
633.9744850247944 -163.0866510354544 0
71.93257667395886 752.4372675261717 0
63.65170388018434 747.7342149885794 0
155.637489450644 623.2968728439207 0
162.0978561817408 620.3989228978232 0
1046.569628233956 -393.6469402951975 0
1058.711298856357 -406.2333012573723 0
1084.208131880601 -220.3637711057148 0
1097.056956444021 -232.1372981676714 0
133.0076970285056 653.8542603915182 0
600.5240244780895 -231.9247612862669 0
598.6267691959101 -238.77141712062 0
642.0000663839638 43.47271718868475 0
526.3201071584197 366.182218108821 0
525.9095859595316 372.9132753137692 0
531.6135261277205 375.755769241896 0
525.3284697895973 379.7616923276458 0
519.6285822778734 376.4721854990623 0
519.0372686866446 383.4418383208841 0
525.0415388118593 386.7610145097085 0
518.6576875030032 390.5692973156329 0
512.5584410587985 386.8708065157139 0
512.2860271755228 394.0284980122074 0
518.3085608712888 397.8818400704196 0
512.0002840621814 401.2321903851034 0
505.8676619841161 397.4016765823454 0
505.5412662131522 404.5710370894553 0
511.6672568012328 408.4788659306799 0
505.1856474834944 411.7918442996291 0
499.1162791683065 407.8536719418512 0
498.6987166525002 415.0032283736342 0
492.7131776017133 411.0576371002368 0
492.2856321850099 418.1777803534922 0
123.0488874986957 630.5657180696154 0
116.5114103801684 633.3364907503314 0
1135.536753131293 110.2664718096518 0
1122.262437011163 121.7751907147213 0
424.5480413516526 1049.065827364591 0
439.3196681725334 1039.809917696766 0
438.7130929479393 1022.390895810466 0
454.0291815370045 1030.435314652946 0
453.3573692149778 1013.143730552518 0
468.7193424738923 1021.123875929442 0
468.0429204035907 1003.887468563079 0
483.3605564306787 1011.828440770854 0
482.7040088723077 994.6466838635936 0
497.9772223678774 1002.550457037938 0
497.3713359908371 985.3813281792623 0
512.6198435562162 993.3454154710371 0
512.0290920800105 976.1724276979278 0
527.1790294221311 984.0867468408516 0
526.5384642088861 967.0130114718637 0
541.732843672126 974.8966454719182 0
541.0854078638852 957.8374282747843 0
556.2729152512387 965.7079322267065 0
555.6266451946985 948.6649105923639 0
570.8208509327787 956.5563213382684 0
570.1592795687841 939.5008691625185 0
585.3622431290727 947.3984358027433 0
584.6853430672974 930.3390590073911 0
599.8666795843174 938.2239236038728 0
599.1234197541194 921.1938811773559 0
614.4095925940085 929.1212995789207 0
613.6666968149882 912.0105440027339 0
628.9340636268317 919.9444183690566 0
628.2761370636632 902.7640423461158 0
643.5004882357665 910.7784749244024 0
642.8647325718614 893.581338444141 0
657.9809310037499 901.4561047112543 0
657.4153646888191 884.3543709625407 0
672.5681499771786 892.2918811322359 0
671.992920904014 875.1354534014482 0
687.1316335156083 883.0056117916909 0
686.5850945527973 865.884641756356 0
701.7017317808811 873.6851842022193 0
701.2019483172912 856.6076799618907 0
716.3531655042791 864.4261931492981 0
715.8296601704534 847.3390729186309 0
731.0173800160931 855.1167815249988 0
730.5443269474376 838.002675099983 0
745.8481343684995 845.9877175247018 0
745.304407007479 828.6835414589856 0
760.5637948057947 836.5228682742636 0
760.0843830984037 819.2883388696721 0
775.3692720903719 827.1083392363217 0
774.9191989377916 809.864807904051 0
409.6319295638507 1058.24070435286 0
614.6535892925419 946.7262156535025 0
790.2312528986359 817.6669046468166 0
789.9019606331964 800.1779646746278 0
659.0907711205039 918.2414471617319 0
571.1956614749441 974.2142368868408 0
805.439068430009 808.6167403896185 0
804.9795632900093 790.5859844072854 0
820.3134769184087 798.8422096543395 0
819.8772188145617 781.2338409605775 0
499.7275552054291 1019.51569053765 0
486.3733109779471 414.2577883598714 0
485.9301943626054 421.3480126952995 0
1117.420140601135 -210.5309650361402 0
704.227173328 889.5747135587535 0
636.6105552789774 82.52677647931444 0
1132.986935520386 12.23886448110888 0
1129.639520912684 -5.280639748147771 0
531.7540388081476 355.1523980945777 0
491.7986133661668 425.3000537424528 0
485.4316287283305 428.468412809565 0
479.6237222323334 424.3865673225968 0
479.0291924916474 431.5749639764807 0
484.9643942523986 435.6258034596143 0
478.4431176179935 438.6911310107922 0
472.5753380786963 434.6827676338324 0
471.96013778709 441.7323739501467 0
466.1478399067979 437.7776757103157 0
465.5594904953318 444.7906364016888 0
926.5388687808238 26.14087222688342 0
928.7336485580367 39.62742554118028 0
667.5518041261298 -84.44758957687165 0
641.7525126483889 -50.50884966402981 0
640.552537391286 2.517642765208456 0
641.192280148984 -24.12487580833898 0
193.3536417097848 988.9525418435476 0
874.3186428948322 -325.2614038652251 0
870.9305089705274 -338.1139580638371 0
455.3444578076626 1047.629145366997 0
1138.794348713765 127.8384529078266 0
1125.348587868045 139.5135932421059 0
835.44551095143 789.5636560778402 0
834.7952902163513 771.8946397510308 0
126.0697739514917 656.8616700512503 0
132.1874943176353 661.4138562223936 0
71.76378653087556 742.9959188546738 0
63.71474060626338 738.3449660314044 0
55.65142914993763 742.9831491961054 0
55.76548503378025 733.8002622279774 0
858.0738591920003 -341.5365566665685 0
249.3860367375356 760.9196210952095 0
1142.350849743671 145.4584816228027 0
1128.596992477809 157.2409524767341 0
459.8879378725106 440.5204568331388 0
459.1883709910434 447.7890596500721 0
1080.530266169818 -237.4545233509951 0
1093.306802009654 -249.1950713519231 0
163.3434553687375 670.1793777396367 0
169.9076558270922 674.9748579988325 0
117.8446100828891 808.4330867313902 0
117.6689372233108 797.5966562859091 0
127.1091595078999 802.8222328406944 0
126.9544411664374 792.0620699234571 0
136.3169384363608 797.2709354397208 0
37.83449407333741 673.5101165671909 0
640.6731721796212 -169.5938475618011 0
632.6846943958192 -170.3210891606913 0
626.8520283326898 -165.2957143139882 0
625.5031595913788 -172.092362501099 0
620.1731085603177 -167.1630692482383 0
618.5526037849323 -174.0141844873738 0
464.9686087832555 451.8368242713025 0
458.5480437390896 454.8400079153278 0
452.7543540222387 450.8114966502613 0
452.1162640574578 457.8043616378058 0
446.4142375442059 453.7580680735439 0
445.7592873366767 460.711237524027 0
658.8425812061159 97.40890568458674 0
136.1412191554891 786.5885973832042 0
145.5092698759581 791.7658314467232 0
593.768278509022 -233.8442724625028 0
595.5324432834536 -227.2039989471413 0
591.8973601921458 -240.6191307898859 0
596.7467722512197 -245.5479127550375 0
774.1245862442062 844.9692445222151 0
915.2039629079728 35.44965126477941 0
917.8262639392444 48.54917217838171 0
913.429998489057 21.44234393995301 0
1108.605817788828 133.3739186441866 0
1115.476934050334 -146.4408137731327 0
1128.634999120521 -158.289998633745 0
1132.331565685268 -140.5946869137652 0
1076.839753870077 -254.5248226786161 0
1089.733076782657 -266.2961954054414 0
1106.011618333653 -261.3740474211423 0
1102.674120872123 -278.3677039444166 0
177.4835960448547 671.5534937176565 0
176.5946699375394 679.8235491091978 0
184.2286590060929 676.4364508443583 0
183.3753112536888 684.8159771160091 0
191.1225762208134 681.3603614298345 0
511.326247342518 415.8572118542321 0
1142.547856160665 64.78911806611406 0
715.0625837017117 829.2076811432553 0
117.3487252485935 626.3421294379724 0
110.9080904603105 629.1078762167049 0
110.0313641917658 636.0382836541444 0
104.5499259194252 631.81784897689 0
103.5620402017376 638.7520398415606 0
98.07747326447875 634.5232402566164 0
123.7690002222479 623.6064200861736 0
97.06839219685179 641.4848878922986 0
91.49825582543801 637.2006784431676 0
613.6059183550892 895.7477140167321 0
636.5251160714873 -45.51906273140243 0
634.887402470595 -52.42376095354696 0
1022.737710886139 -161.2057421282766 0
1010.871459791863 -150.4506077190453 0
568.1755440727113 921.999542249916 0
933.5598108325094 -64.27955205783735 0
944.2772537304834 -73.82504773966157 0
92.80138263181114 630.2186995110535 0
86.01440075882078 632.941750702329 0
1080.301240973094 -384.949220211787 0
1084.870542027814 -367.7307717803658 0
440.1005479279162 456.699304315823 0
439.4413356161923 463.5989841630163 0
671.9601495566984 858.784536916882 0
867.4448240198941 -350.7234926164753 0
880.4275952135515 -347.5541408645574 0
1067.845277270691 -225.8583627512276 0
1041.868841233325 -410.5180821312609 0
1054.085001777626 -423.1798533117716 0
47.86515830792128 738.2814692600398 0
47.93209034633018 729.2668686914853 0
819.220492407448 763.6023025951257 0
833.9846113840961 754.2045867138601 0
849.7697057313824 762.4027556934238 0
848.9088843250515 744.6461331857182 0
864.7441582266906 752.7931954222188 0
863.8064639934921 735.0619104806203 0
879.760315112545 743.1424237337611 0
878.8201906325412 725.4762208029416 0
511.6545605719812 958.0999040974175 0
590.0388378725663 -247.3427253202731 0
613.2988030817792 -169.2321579859758 0
611.7525349942118 -175.9216430059508 0
614.4763758368613 -162.8731728038003 0
616.8054057063193 -180.8193685105807 0
610.0102634301228 -182.6961689101757 0
156.4314336717803 616.2441210230298 0
162.857242707451 613.4244381023734 0
615.0200371753987 -187.6138093034919 0
608.2606313443694 -189.4452581148642 0
894.8907464879854 733.461737223946 0
894.1946586796945 715.9436237810135 0
486.8104772293614 407.2666502601951 0
434.2329671132042 459.6575942602913 0
433.1196946982016 466.4795011667186 0
438.8158428427117 470.5214076971253 0
432.3417547521366 473.4114561972119 0
438.1098233366136 477.3988461603645 0
431.6751685560434 480.3496395158659 0
425.8431295151248 476.2137348614235 0
425.2199644699996 483.2172747297104 0
419.5097554799422 479.1090734902719 0
418.8715665972683 486.1665739831373 0
413.3777115313017 482.4091804785824 0
412.5490805552354 489.0390488252036 0
406.8729457320699 485.3371789107614 0
406.151122682228 491.897394953073 0
411.8282792390492 495.9446652626951 0
405.4047635611955 498.7241213570053 0
399.7813642709094 494.639036840632 0
399.0004706048013 501.4769164635717 0
393.4085712029537 497.4356809782522 0
392.653177758062 504.2599076059001 0
387.0851320107492 500.2167651493271 0
386.3323659924771 506.9887556191381 0
775.804416233645 791.5099829788701 0
661.3371177048141 43.49904131635382 0
958.0378083246819 -69.19199633446287 0
955.1496521443496 -83.40608754568032 0
190.258538513338 689.9117614592216 0
198.203852837013 686.3397218830655 0
437.5010426924119 484.0980554728956 0
1013.998259067088 -134.7946423232376 0
999.0572163157733 -139.8348329738033 0
1146.527063764383 0.5975343465965057 0
1143.067686703922 -17.24614744574394 0
660.6706681081306 -24.88759608134397 0
197.2934742061463 695.0727023484993 0
205.3888728921486 691.4304855081314 0
204.4591980412772 700.3290222545306 0
212.6191617631708 696.6396361311278 0
594.9063201785043 -252.2747253927624 0
484.4700399365779 442.7577035025686 0
126.9267011043382 781.4711612514557 0
696.0471139467738 9.41909173679489 0
105.7426061437816 624.8229018777486 0
1145.52856058457 163.0303529089138 0
1131.858809942619 174.795017950437 0
480.6281698852503 410.3935209263472 0
931.1787865478063 53.62738171973575 0
920.3099883617142 62.20490874817632 0
937.5468908896089 -320.5269248385465 0
941.0590441028062 -305.7156607968778 0
128.0631402996199 982.3943205028472 0
406.6951444875297 1006.758304734603 0
168.4428286128923 617.4942622910696 0
169.1411639721953 610.598347666898 0
174.7278167657489 614.605105707704 0
175.36913922873 607.7112443005917 0
180.9721540342093 611.7230295472272 0
181.6260320506011 604.8794276216184 0
187.2091594202019 608.8746122572913 0
187.8505612967229 602.0855781115883 0
193.4244560166924 606.0381484997863 0
194.0634809125489 599.269091690466 0
199.6230784998703 603.2057408994316 0
200.2627777942439 596.4415411671037 0
205.8373544543848 600.3756087709809 0
205.1992939305354 607.2210374362753 0
211.4743783522488 604.323177573233 0
212.075391161721 597.4360401127714 0
217.741336144843 601.3951264510767 0
218.3234581272607 594.536931562882 0
223.9779273739325 598.446965629804 0
224.5667526808264 591.6229304819441 0
230.2113939787836 595.5217852405628 0
230.7951534611273 588.7222239747862 0
236.4255503222902 592.5869707980484 0
237.0160504546371 585.8159805390527 0
242.6381428602132 589.6729482986575 0
243.2351706775735 582.9064493288643 0
248.843583722067 586.7623491112142 0
223.5911565486699 605.3230143204376 0
249.441364709674 580.0065919878523 0
255.0558860923894 583.8748686677152 0
255.6370864012271 577.1218066459423 0
261.2405455525906 580.96891611558 0
261.8284939625457 574.2283281811893 0
267.4397688843531 578.094399798719 0
268.025571168915 571.3310033627899 0
273.6407419016442 575.2097132014646 0
274.2172319263258 568.4385725113485 0
279.8313136591133 572.3315711157023 0
280.4012813175542 565.5551162749598 0
286.0197449785858 569.4425074823868 0
286.5891353099047 562.6626526760169 0
292.2098191193687 566.5496146350823 0
292.8889460107453 559.6198750784761 0
298.4005487673045 563.6348691861813 0
299.1286066955712 556.60818107825 0
304.6012308510063 560.7388432257425 0
305.2522475769607 553.8126378256684 0
310.7967617200565 557.7835633019727 0
311.4224560432894 550.9952239098798 0
317.0172932934407 554.8811277255609 0
317.6553103150582 548.0854459711611 0
323.2441372103635 551.9552442825166 0
323.8900251042823 545.1610316665152 0
329.4900924372016 549.0382528325663 0
330.1381254116409 542.2302070112448 0
335.7853773967132 546.188239473772 0
336.3641974348455 539.3398341531293 0
342.057260451063 543.2656746607166 0
342.63868543568 536.4006379348334 0
348.359572365013 540.3379416242026 0
348.9482911960657 533.433788179977 0
354.6855505508425 537.4025892259424 0
355.2741006351828 530.4634022965172 0
291.7302433000142 573.4422952308749 0
361.023449782697 534.4314968645385 0
248.682824653335 593.5236201448429 0
266.6449204680939 585.1121430564726 0
361.5871434698906 527.4705959262988 0
323.1784910747047 558.6746682153489 0
466.8031296806287 983.7581176678108 0
810.9281727746618 -26.38304702817608 0
135.8982248155446 776.1294632202604 0
126.9115101999779 771.0815613361892 0
71.69656619040163 733.7786784299634 0
79.68688272872933 738.2784270009771 0
328.1722051497853 744.3571356806906 0
84.83029839398279 639.81022859691 0
79.48584958852294 635.5139338207009 0
364.8533881447823 720.9787047627962 0
403.3360044093616 696.8792125825315 0
424.2474173289252 883.7171859412331 0
441.0879659448257 672.6051008035438 0
666.5104383741899 -191.0103958830178 0
586.919117714029 -236.0581039345094 0
475.2803769067646 851.1649214907349 0
487.9985982251285 642.8700577453824 0
922.9718722853733 -54.87857285645374 0
750.1278768783134 -230.4894446488658 0
747.4471186751725 -240.6797021763061 0
740.0411099097279 -233.2821792995449 0
737.4252044326993 -243.3569408179434 0
744.7328288347608 -250.7337264101072 0
734.7507580010248 -253.4213699601363 0
742.0359441558633 -260.734471829788 0
732.0733955948004 -263.3336894427512 0
739.3312842131085 -270.7010213849373 0
724.8932322475816 -256.1460698412603 0
722.3246178774108 -266.0839538472371 0
715.2127244833837 -258.8466698891274 0
712.6895946945289 -268.5535652804316 0
705.7697771299643 -261.4836159822001 0
703.1193804235692 -271.3541797341499 0
696.4857384186417 -264.181683572412 0
709.7676934143757 -279.3069946359567 0
693.8136774090923 -273.7777425454686 0
687.3617345897168 -266.6488857843777 0
698.863535991975 -254.8133204027936 0
684.926181119883 -275.5504163296043 0
678.4865532283102 -269.0967824313111 0
676.1580178596066 -277.7838608437544 0
669.8830925888365 -271.4137552412402 0
672.0948636822393 -262.8381540733383 0
663.6439812019274 -265.2086019976726 0
661.4166032960585 -273.6200317168771 0
655.2418638801466 -267.4381559397685 0
682.5243735281114 -284.2538706886771 0
717.8530207704455 -248.9319496783415 0
525.6308006065168 616.5044026187354 0
525.9069360454642 818.3287003819291 0
575.1912040355234 786.7720745292086 0
1002.135369964311 -124.5098127700261 0
565.3842213518169 594.9030931082667 0
625.2246287022081 754.6720144196671 0
822.1013088090369 20.96499098826784 0
987.3513142545467 -129.4655006636852 0
614.6004229947052 562.2373215572936 0
391.8997207518091 511.1642259601472 0
676.4489329461651 721.6893250849536 0
573.7922214822293 404.58369011412 0
727.7663790734833 688.0750777563744 0
380.8660182998204 502.9026295289539 0
801.2984607875679 234.0775900164487 0
543.596508178508 430.6235874875404 0
71.58662869892555 792.5732262281063 0
71.45313589038859 802.9988062768214 0
62.4880656288809 797.7379616215995 0
62.34138697004219 808.2063208703895 0
603.7512065653818 359.7070365731807 0
557.7323792135393 318.439254975059 0
551.5763641045847 322.0635161502667 0
551.5567186983878 315.0032205995573 0
806.3631872273324 202.6094711699622 0
811.0464253578632 171.3846434144941 0
55.16040237980057 762.0649336934571 0
663.0042902865825 529.0981250044853 0
635.3205468632982 75.49902433621415 0
629.9648874135088 80.04381443105973 0
628.6720074837965 73.22713890978653 0
466.6865994972201 430.7093522937181 0
886.4641540896678 -175.2645762015621 0
883.1612327262567 -188.2225547987771 0
873.5292231393048 -178.9592180613969 0
870.3642878382864 -191.7551119055098 0
860.9430074403956 -182.7927391671628 0
857.878995045197 -195.2882611730997 0
867.1059775233057 -204.3532295334555 0
848.5940854675029 -186.3507686862912 0
854.7152662594638 -207.7965886739683 0
863.8776457304743 -216.8460919801853 0
788.2644295770407 285.6846340754637 0
1114.878271244504 169.0282100423323 0
1118.146944279353 186.5570096877389 0
1135.117827914617 192.4125507938906 0
1121.303109480223 204.146271901281 0
1104.530470792825 198.0827287313648 0
1107.573500089916 215.6063933841789 0
1124.357012979556 221.7629472652046 0
1110.521996079833 233.1994423110506 0
1127.372630211891 239.5006019235803 0
1113.459936208574 250.8771462794621 0
1096.664093735722 244.8319794124177 0
1099.613710653039 262.2701724963182 0
1116.294211518372 268.5589600356554 0
1102.401841940495 279.8226304914324 0
1085.814585963938 273.4828957444459 0
1088.523030917382 291.0357426570763 0
1105.173423268109 297.4641002575921 0
1091.179579248038 308.647551692522 0
1107.912906633877 315.2192485463845 0
1093.84151861581 326.3648920506888 0
1077.917236049235 319.6568505290807 0
1080.984242089201 337.2853302877704 0
1096.611240890183 344.0761300074158 0
1082.565777865109 355.1051976147212 0
1065.863700374409 347.8879540076391 0
1068.642699615103 366.445648002468 0
1084.869362845595 372.8747114971866 0
1070.626193925556 383.8058472583336 0
1054.63006037413 377.5215963895258 0
1056.617477227376 394.6561139132955 0
1073.013279572089 401.4699099845004 0
1058.810935101572 412.2866288574502 0
1075.343367976429 419.2860079451081 0
1060.988452937075 430.1211712581998 0
1044.670861256519 423.0499246003347 0
1046.760355039347 440.8216601028128 0
1063.143830253908 447.9638999993804 0
1048.770722418394 458.7202145605671 0
1032.589055570106 451.0466673542203 0
1034.400246489362 469.0979211036022 0
1050.473336052514 477.0497625731149 0
1036.175850674959 487.31488662388 0
1020.109848115987 479.4484805245288 0
1021.831095338264 497.7823055027135 0
1037.458509136256 505.8818027298223 0
1023.530618966111 515.7976302835497 0
1007.281814720534 508.3970805581209 0
1009.192349480743 525.9594104158032 0
937.9419231000154 378.2484305770654 0
820.7940044907514 816.1410088991121 0
956.8848043098084 312.1630588556977 0
964.7333248186346 271.5713683758356 0
972.2346961599393 230.8629616090444 0
308.0421833978327 1018.695586946526 0
815.3957532150212 139.9895438768055 0
979.6208790183146 189.6698991681315 0
213.5122769414617 687.7244843542142 0
221.0456645672589 692.7633806228071 0
219.9971427912047 701.9145904032495 0
228.6416730484879 697.9324637787051 0
227.5040891193552 707.2749065330916 0
236.0660859635724 703.3612051119135 0
235.0786841379334 712.7663529963709 0
243.6117692620284 708.816848836569 0
244.5536640023122 699.4015174215258 0
252.2062564777254 704.8134969290495 0
253.0517255657675 695.4011581575458 0
260.9888105038309 700.8596235370276 0
261.6326828086854 691.4117788606542 0
269.6248826432534 696.7692952661093 0
260.4517278210519 710.364595802894 0
270.0849793612377 687.3816466089388 0
277.8118182316471 692.774108798532 0
278.5904644510018 683.346926190191 0
286.321532786836 688.7610224915063 0
287.1875347145773 679.4148896214039 0
294.8394963435588 684.7636357136391 0
286.176783031103 697.6149628193723 0
295.7133040109251 675.4386637724722 0
303.349319542026 680.7980911901867 0
304.1708022402531 671.4488504555277 0
311.9302555501265 676.7692755726105 0
311.1087780558574 686.2740686010495 0
319.7413667722693 682.1979940142238 0
320.5249505078039 672.671045202713 0
328.3796269420973 678.0825943219262 0
329.0995906341823 668.5690188584872 0
336.9817620523138 673.912674520735 0
337.7166152145578 664.4338716109263 0
345.6074678889555 669.7737979763682 0
346.3926699473066 660.2734147696464 0
354.2317136654797 665.5968370421417 0
355.0348491461503 656.122340801295 0
362.8742349766675 661.4527028192642 0
363.4688984042605 651.6065907011373 0
371.482475884678 657.2296564510831 0
371.815699687819 647.0167123085794 0
380.0904221435667 652.9996883475264 0
380.9646797548929 643.6676702423689 0
388.8880903317022 649.0639090609211 0
389.5167660737787 639.7055185979957 0
397.5817926706589 644.965674767489 0
397.5752908217958 635.4578353221625 0
406.2086463865672 640.8235934847424 0
405.5490393329102 629.608880802774 0
414.8285831500533 636.3713278448637 0
415.4755391331851 626.6652152452663 0
408.357121769923 620.8239697335285 0
416.8194953369372 617.6094650964667 0
424.4138848542922 622.7226532037017 0
425.1130001257395 613.2311389793972 0
432.8730605038411 618.1761814273843 0
433.6753493446568 608.9183187948561 0
441.5561404214438 614.0483491122607 0
442.3224159937391 604.6599341501003 0
450.1119647557625 609.5450927886466 0
450.9939146223069 600.3193582697751 0
459.0367236693608 605.7026799800707 0
459.7272290365431 596.0826840371934 0
434.495692532604 599.0624950412499 0
467.8271046337352 601.5095779500336 0
468.5058887945548 591.7732859628125 0
476.6259973379749 597.2162564617664 0
477.2494669117146 587.4537920935156 0
469.1960380843815 582.0737676882336 0
477.8832264658 577.739702722986 0
485.9748417632737 583.1172443649458 0
486.5650483316852 573.373749336843 0
494.8675443228177 579.0706150252602 0
495.3304084214358 568.9351678692885 0
503.671903109432 574.7403877919355 0
504.0735554983061 564.5083403229771 0
512.3662408492693 570.0389860817438 0
512.8978238677461 560.071586874375 0
521.379936579963 565.9038545175491 0
521.7278405197851 555.669095094996 0
513.4835192702224 550.2240090293514 0
522.1968044534468 545.7476010418978 0
530.5058270381423 551.1305552647966 0
530.9422069074036 541.2419736745782 0
539.3167757138182 546.5811648662944 0
539.7916397373301 536.6662894373427 0
548.1908068602306 542.0242972810252 0
548.7152890409803 532.038716220756 0
557.1454791089777 537.4523653596883 0
557.6955068877342 527.3654744331518 0
565.7862941686683 532.854159971235 0
566.5749537403813 522.7200817142527 0
558.17470171164 517.2831210129224 0
567.0251207216234 512.6509955447433 0
575.5951843173326 518.0508101367973 0
575.9578747015125 507.9315279465833 0
584.5943989869985 513.3147706414522 0
584.9848034656308 503.1463815098412 0
593.6528899979171 508.5586332371952 0
594.0892577473528 498.3023132167231 0
602.8308720034767 503.7898073121384 0
603.2677305417053 493.4055037743145 0
611.8719587790196 498.9063927304092 0
612.39171051787 488.4954619969018 0
603.651702746819 483.018219621763 0
612.7248906719775 478.1492870698653 0
621.595132819804 483.5843247851922 0
621.8778439061908 473.1877573795985 0
630.8377360343021 478.6559560604623 0
631.1411493103756 468.1635843059886 0
640.1681168083185 473.682138513005 0
640.468844379484 463.0841310870204 0
603.9750448066907 472.7921156089469 0
649.6013348464385 468.6564274425194 0
649.8489836004476 457.9607875856355 0
640.638676483176 452.4084163894676 0
649.8250470485528 447.2671885168609 0
659.2019663327869 452.8333071131686 0
659.3508790001762 442.1181385420292 0
650.0174406687049 436.6383887359041 0
659.4709200544228 431.5016454205698 0
650.2613822277492 425.9567996962676 0
659.5656024582312 420.9030035345839 0
668.6958276483698 426.2769966274841 0
668.8122798125264 415.7538662319918 0
659.7292577529566 410.4468775409127 0
668.9512497034419 405.4151735368993 0
677.7814442866949 410.5511481303793 0
677.9389392776449 400.015521428209 0
669.2344462382049 395.0871984191501 0
678.1064930311873 389.5154268175255 0
687.0378022977206 394.6481214944641 0
686.9676546553612 384.0976595124071 0
677.9534403187458 378.9673389432032 0
686.8339686491709 373.5861562057556 0
696.0397293715178 378.7249027708433 0
695.8009730155873 368.151631015182 0
686.6390041821529 363.098512503429 0
695.5367236706072 357.6575245488337 0
686.405499874993 352.7214378914203 0
695.2497121472702 347.2751013849631 0
704.4259257290806 352.2064991809457 0
704.1459738335698 341.7543616259794 0
695.0664094456187 337.0568048682447 0
704.0574738826427 331.7438703151448 0
713.1930472531905 335.8389764583716 0
712.6191350092458 325.6124752428908 0
704.3874756138366 321.69317730815 0
712.7787078327772 315.3672818576395 0
721.4828082021583 320.1090246947391 0
721.1000915320035 309.6291277628083 0
711.9257826648575 304.7983174787121 0
720.5239428755855 299.0744585773089 0
729.8243295678482 303.8807188133755 0
729.2653860317224 293.3489644888234 0
719.9134099575331 288.5962479894127 0
728.5970835162507 282.8823459158251 0
719.5973190088666 278.2001281789862 0
727.9444292492069 272.4937738842516 0
513.9808145800987 540.5101826159012 0
558.5935769020731 507.3609988863882 0
380.7021935930209 633.8235231287373 0
469.9079045335995 572.4653235154219 0
318.9874880700494 691.8318332472236 0
719.0683349525855 267.8710536233971 0
727.3454665957772 262.1446019661854 0
736.6121608765909 266.8385205592806 0
735.9517053737786 256.3155790657686 0
745.3857148071418 261.0960506292844 0
744.6533720645741 250.5135631616517 0
735.247157604245 245.8441936351829 0
743.894913944014 240.0290893461453 0
734.5352094834062 235.4845397904226 0
743.1239586954096 229.6534397564947 0
733.8410492995667 225.1521186486066 0
742.3589845450564 219.34644638989 0
733.1485436400662 214.8518769073017 0
741.6136540285802 209.0384006907746 0
750.9286182069678 213.5739717327122 0
749.846489126669 203.2680102374185 0
740.7868704725256 198.766573923398 0
748.956304085617 192.9892698925961 0
740.0921780297696 188.7329802573884 0
748.545000156842 182.9456765164272 0
757.7535148038384 187.1082027711585 0
756.6160347717248 176.3881412444 0
746.2823562215292 172.252903720639 0
755.6998614103834 166.3899700162057 0
746.7612620964419 161.8134195562146 0
754.9949048546794 156.2134601927834 0
745.6971119073445 151.9355386475127 0
754.044849876313 146.0365502699647 0
763.4571738056679 150.329434521707 0
762.4607991238097 140.0182456149132 0
753.0578766734085 135.7821799057633 0
761.4322800660771 129.7266707016171 0
752.0426934056237 125.5008531783051 0
760.4053491006931 119.4356259849031 0
769.9009859830572 123.6835348315763 0
768.8152253531945 113.2916702874633 0
759.2254048506907 109.0753815568878 0
767.6548734487616 102.9167270098438 0
355.2927635182201 646.4665050523039 0
738.7786013982695 298.1277865865646 0
758.1509880318973 98.75381879423966 0
766.5115070090983 92.58898843943764 0
649.2850290314957 479.4242033727231 0
354.1289083127556 674.9739051526517 0
338.2310669617715 654.3725213110849 0
602.4195812998757 514.1910249473748 0
754.2395272385864 255.1744772872581 0
461.366811656759 576.671048047646 0
677.6399099557107 358.0510080615755 0
677.8425301149374 348.0783249032023 0
505.498736902096 544.8830004483375 0
506.1270737577177 535.3214142153006 0
557.1297916384874 547.6793384612255 0
549.9189265066025 511.8826506243803 0
595.0820425778127 477.546741077085 0
595.0100014027983 467.5471221443601 0
417.1398693436337 607.8929931175442 0
320.8106588184463 662.9312452356935 0
710.0004110993972 282.8409074189174 0
640.2055644482685 431.5314213454466 0
718.8432321374853 257.3888026804337 0
642.7424041903939 877.5342485022104 0
105.8574764522523 687.1303176109778 0
668.6550206759703 447.6314847675678 0
641.0991237501726 420.9063367116518 0
904.8839721010387 45.36196815387146 0
514.4131116349415 531.0187031380937 0
136.4385092868099 702.668784899043 0
604.2353838957752 462.7217550952429 0
596.3771745506413 364.285691648158 0
596.3635393127749 355.7360410752513 0
705.1335993376763 373.2394453376463 0
936.315659143055 362.5514666070431 0
923.9085972508008 372.0724667939463 0
921.9479342727939 356.9752140389057 0
910.0090137569607 366.0931791268635 0
908.3843212175258 350.916910973696 0
896.5200082193011 360.1487806541639 0
894.841519189652 345.3907358105266 0
883.2039996016264 354.4015256939517 0
884.6361158148823 368.4149081866427 0
881.5001962610188 340.215366798536 0
892.8725881505975 330.9582675110617 0
879.7354557182035 326.1277506456561 0
890.8336447213123 317.6544146460357 0
871.760060068661 362.9756296985901 0
873.112296636235 376.7061691059862 0
877.947237239429 312.3307083008667 0
888.9718554343301 303.8517014326101 0
860.4887644981302 371.3079034730456 0
862.0424153977866 385.2746213337259 0
876.1937584892723 298.5697339244138 0
887.1269781914518 290.1388265432147 0
874.9181268389084 389.5234246981215 0
863.3585692340595 398.9083805043173 0
850.7896953797795 393.2836413486754 0
852.1423362065512 407.6170592320778 0
865.0124526607281 412.2060132769332 0
853.4064049409221 421.346612806192 0
840.7540955513371 415.4891071308141 0
842.1026829867683 430.0029840415902 0
854.9297475016476 434.9064546776131 0
843.2713818954019 443.7563834467755 0
830.6236866467971 437.5192173682095 0
831.8235084294085 452.1705531020585 0
844.726179055205 457.6196533662645 0
833.002438007695 466.1854590617114 0
820.2984007807336 459.4752718593205 0
821.3345982583062 474.1746147038422 0
834.0811797458769 480.4171934192676 0
822.373511531134 488.4019359116721 0
810.0723764221035 483.0105886397106 0
810.6569803470607 496.5330806190328 0
823.398056726267 502.6157431190787 0
811.5658861451089 510.5414430933945 0
798.8486903986809 504.3454493289693 0
799.7593968638758 518.3539568024032 0
788.1278099908158 511.9126964711273 0
788.9360108142128 526.0583853517552 0
800.621708603833 532.422771278793 0
788.9167762815889 540.1212860353843 0
775.9787864228449 533.2988439107934 0
777.1384405434505 548.1625522393331 0
789.7512599160501 554.1404017166939 0
777.6820903148343 562.1108034982277 0
765.1088389354479 556.3373660495727 0
765.5791298385211 570.0184837126296 0
778.3030269762357 576.3230139159442 0
766.2603007445351 584.0525081914956 0
753.5024837875446 577.6542966710153 0
754.1938203430964 591.6162767015181 0
741.6336076086724 585.1188600786099 0
742.2276976013701 599.0740682235869 0
729.8473241711256 592.5208922213552 0
730.4210057860996 606.4009872518113 0
718.0787916188262 599.9615316426328 0
718.9883883124453 613.9340321240894 0
707.1944332766247 607.3807885296358 0
707.4180962252067 621.3919916803634 0
694.3643023609195 613.1510695929624 0
695.174372040806 628.4901304196628 0
682.5566043920278 621.8850116490316 0
683.5287278420453 635.6913395545093 0
671.4343185271241 629.489093754288 0
671.7006225779371 642.3419407768675 0
660.135098247879 636.6180948077899 0
660.2316788228753 649.3968054459484 0
648.6812601961047 643.7974932793327 0
648.8718755842592 656.5590355190279 0
637.355461052329 650.960032923763 0
637.7803381245366 664.0169298670149 0
626.1910057984458 658.1025783409602 0
626.3757066735852 670.8324138842728 0
614.9824573294891 665.1927983590176 0
615.4538619666162 678.3223190546396 0
603.9117233582687 672.2454442306789 0
604.353978532277 685.4013219325877 0
592.8205467301484 679.2847006744826 0
593.2504404457047 692.3935900046973 0
581.7090228316479 686.348086255764 0
582.1616477020888 699.3562791808729 0
570.6631636241432 693.3341529835764 0
571.0145089115349 706.115975558772 0
559.5891326067722 700.2479931563655 0
560.0317524181531 713.0794494641995 0
548.6076359106488 707.1785266377469 0
548.9920752586597 719.8726781207544 0
537.6762579619275 714.0406378583266 0
538.1723941930147 726.9507828379772 0
526.8048228349586 720.9436574436279 0
527.2696086791776 733.8362506974541 0
515.9126692112743 727.8280175635214 0
516.2221527771559 740.463094604291 0
504.9617440329442 734.6792069804605 0
505.2988705882631 747.271706542768 0
494.0873754888503 741.5357290376795 0
494.4262160003823 754.1235185767657 0
483.1328793921503 748.0917186259778 0
483.5446498002569 760.9169177208438 0
472.2903766313706 755.0574124614086 0
472.7037398484211 767.803060648917 0
461.2207243551568 761.4847114921261 0
461.8107428854548 774.5831776203336 0
450.4074113429132 768.4343531064268 0
450.9834899495992 781.4888762587594 0
439.6937963264555 775.6730625040465 0
440.1243677638269 788.3784688398875 0
428.8418341835491 782.5898893020964 0
429.2923815319741 795.322572912024 0
417.9600553226594 789.4655604090883 0
418.4732835440193 802.3132633296111 0
407.0622485657008 796.349836472814 0
407.5761662943064 809.1937098416682 0
396.15981859098 803.2083731462095 0
396.6276237842134 816.0767892906126 0
385.1703356042874 810.1194150486295 0
385.6505545028922 822.9595419075613 0
374.1768598532161 817.0186792627865 0
374.6614040866024 829.9006180320998 0
362.9688159063367 823.9223947449436 0
363.653032844893 836.9117625260739 0
351.7736651472072 830.8743291676116 0
352.5840223482199 843.900596357995 0
374.6435330760162 843.2599850493455 0
430.1398733257252 807.9363934919126 0
504.0656253383987 760.7066716135084 0
559.1390919654713 687.300541800656 0
340.8877884671751 837.8185202546233 0
603.7807157929798 658.8199154641732 0
395.0006658708708 790.3230641972424 0
874.6550860770233 284.9889031352225 0
885.2994772139781 276.5186787910281 0
898.0442431654755 281.7260620213042 0
896.1842391590668 268.0379873260555 0
883.6431969325587 262.8243133405764 0
894.2666113227669 254.3741401338979 0
881.81190143609 249.152141479674 0
892.3766704803129 240.7361934723408 0
905.1325827092633 245.9271415530591 0
903.1174689281243 232.2856244208313 0
890.3884606818815 227.1724147306714 0
901.0723534434384 218.7162337578867 0
888.3973878218633 213.6889782194953 0
899.0256099189373 205.1365935850733 0
911.8285840772056 210.1898002109061 0
909.7007790234429 196.5937765481617 0
896.9415690978931 191.6037319961865 0
907.5467962314515 183.0573222686212 0
894.8217878339152 178.23652587187 0
905.3680345986397 169.6031212675834 0
918.2294712601397 174.4577744678768 0
915.9886950204443 160.8753164424317 0
903.1521902429623 156.0822913158858 0
913.7208718455013 147.3315765932648 0
463.5619957223069 786.516171466223 0
858.9688801955514 357.4305612566577 0
847.7306962150481 365.9277785548604 0
582.2257137347418 711.9489083494672 0
866.8630998760781 320.7545321262371 0
545.5630679199969 318.5096308293669 0
53.23725771179318 802.9116762070639 0
53.17281047813091 813.4324603829089 0
80.18304172249714 628.073877883067 0
73.80610889593268 631.4845144837784 0
981.9477073456286 396.9883446685418 0
627.3709073944724 372.3604298974926 0
549.9709857229652 502.1677607567208 0
558.9510058280076 497.595255815109 0
162.3582037268014 878.6880716609289 0
162.0753426998828 866.1340963769446 0
173.0182712350667 872.018253054846 0
172.7859034842751 859.6379816723718 0
183.6561413491473 865.4962022228858 0
183.4332018085402 853.2132352592546 0
194.1343339252886 859.1523021273456 0
193.8736310296399 846.8537608537779 0
193.9768697959827 872.0088204443002 0
183.1234846595692 841.0464229810552 0
193.5617889020072 834.7330166604791 0
183.040172091295 829.0485130687026 0
193.4025966496939 822.911198650903 0
540.1935886804115 940.5098803346806 0
1000.86109388202 330.1140689972057 0
1145.761364510548 -152.8080402329271 0
1149.485215549123 -134.7619964300633 0
1008.680981823211 288.8389784567022 0
549.408190482867 732.5400858304482 0
1016.145927347047 247.7043263951785 0
520.1967019946446 485.8850116009708 0
750.1675507743415 -81.35594023018011 0
758.8893230246736 206.5646912221913 0
72.73346189400372 638.0553652481917 0
67.58996159946679 633.7669608141448 0
933.3746787783452 66.99393316616725 0
922.7206950157592 75.87102027868447 0
935.599613289053 80.25734774765586 0
928.9662699496594 165.7428596084007 0
892.7303301619145 -197.5730719478822 0
639.5984179103913 30.19643931765056 0
984.216327743704 -10.14201138354002 0
843.3656094959082 -115.7095906042364 0
781.5362721965804 -110.0766103463687 0
695.3196630347003 82.51953691754248 0
242.7563727613535 718.3168716138279 0
744.9306897619108 811.7749081072527 0
1090.86554560864 209.7493547187908 0
634.5464801602091 108.8681735497304 0
250.3450471672789 905.9589939751269 0
250.6039036460302 919.683792574651 0
238.4310028430551 913.0509181650059 0
238.6592165959944 926.9283374180216 0
251.0435306311823 933.6540288881284 0
226.5509929096721 920.1147397388424 0
238.8373516793175 941.0526729970462 0
251.5090603561815 947.9200941385611 0
631.285482901768 128.4262982145873 0
688.1343454088017 129.1673817784469 0
686.5848444712632 120.6841360743052 0
685.1334739830801 -208.6072008044322 0
863.7524560778166 650.2411957444311 0
851.400792620671 -220.5599055374767 0
860.5875951999067 -229.4687870287698 0
842.2241886394287 -211.6730369936577 0
684.0756260201384 152.3694655718838 0
716.8042432778863 532.7126281863807 0
622.8389345277816 159.5055822420134 0
621.8684527679497 152.4298317970543 0
616.3047329069537 156.7096042752896 0
615.3375819356294 149.8580017712313 0
618.8158592809009 178.5254682892788 0
674.2519364293728 189.5421744303293 0
673.0156454907838 181.4645851274308 0
669.5319487649497 213.1161782893824 0
1097.580479775261 -380.3457297130414 0
1102.167716860479 -362.7604536471541 0
609.2892123996392 209.3292977327973 0
608.559837515251 202.1626090436189 0
602.8262939879371 206.3483975296655 0
602.0970105732252 199.3455075744025 0
566.0656847595874 443.7917169592891 0
1119.375596677841 -273.3705357757419 0
1115.904393594323 -290.654190115853 0
876.9137429890077 -360.3061248450688 0
890.1465995686059 -357.1255298265177 0
128.151176365114 997.194918369534 0
115.4742048407484 990.1894298192011 0
115.3230524159463 1004.708397358293 0
102.6153752296416 997.7128447343072 0
102.4326316768362 1012.274246357873 0
88.93840319268573 1005.301714553033 0
89.42751594308058 989.8367989164909 0
89.44139148054911 1019.841716441439 0
102.9563408412227 1027.162649521528 0
89.53842939517001 1035.148355899646 0
103.1721956498512 1042.702252880783 0
89.66285318925061 1050.794935687499 0
103.4937687840933 1058.695455252167 0
89.63977595713234 1066.788989124494 0
103.7294441280571 1074.855638040286 0
89.14815369497261 1083.003185074164 0
103.4046793347523 1091.212492746421 0
118.6420605968328 1082.522164722172 0
117.8972473575695 1099.49506291272 0
103.3949123368685 1108.088567874007 0
118.1635848642833 1116.523126106558 0
133.2968749380761 1107.601385539249 0
103.3567807811227 1125.272707021928 0
133.2469625239207 1125.054036114213 0
148.3530774251738 1116.114486699715 0
148.4371827199795 1133.679817822754 0
163.5241091262663 1124.687148305357 0
163.347264414811 1107.14148131076 0
178.533413397133 1115.599608177812 0
178.9406735720347 1133.30519744889 0
193.2813875607874 1124.28479509713 0
75.7068168923673 1014.074325870454 0
88.48895560758072 1116.667748910483 0
88.3571965916086 1133.995987983302 0
1037.280609091593 52.65233064145836 0
452.8334459107901 537.1264193319524 0
937.2034948715705 -172.9740828572373 0
576.1945420013396 284.9380043080373 0
575.9358639310163 277.8539350889951 0
570.0047845851877 281.5509514252717 0
569.717890685471 274.6692808442925 0
865.4662664797385 770.4209078462434 0
736.014920086556 494.3566832583732 0
920.1366987335088 -68.90431900356276 0
909.7136137299058 -59.51429015432966 0
849.189922637051 151.6140925959715 0
900.8986344953162 575.0938568274576 0
914.6516391838836 565.8450186771692 0
915.6276423824589 582.5269465785693 0
929.7128820993868 573.0103960199176 0
930.9375947806654 589.7688474813081 0
945.0579624564371 580.2505295116757 0
946.3650051810661 597.4337221813612 0
960.8753548822366 587.6003349576239 0
962.0692015483393 605.1872654245229 0
947.3887160197503 615.0133847912416 0
976.7443938032566 595.3532332877664 0
963.2971807396755 622.8957615760341 0
948.3657052070608 632.874142805382 0
625.3355889475215 318.7180578338755 0
624.5260619816822 310.2795570148725 0
617.476869876459 314.7192861238018 0
1071.059891958203 -418.7809015109225 0
432.4292724127112 626.9923466612968 0
425.1441657802318 1066.624116578985 0
409.9035048754625 1076.053974969286 0
720.7317111142822 91.4053464989224 0
668.5287331864216 458.4696281106309 0
367.3970603207126 531.4653100445521 0
694.107403832875 223.0815732171268 0
967.994252956562 -202.6927460478131 0
494.0759845349062 589.2435844308242 0
250.4090648256525 816.5146069075128 0
635.1849102598298 367.5770299018355 0
698.9325539585343 199.7428672315111 0
705.3226063008807 384.0548900089633 0
308.7772111273022 601.2824656064732 0
647.7581109411212 630.959922227486 0
639.2407465978276 187.3012587822349 0
640.1749487926556 194.8613277397273 0
652.0420261701172 136.5455113971478 0
653.1915074664073 144.1159173021207 0
739.3415904129798 308.8338262774893 0
660.5790309378862 9.594435715726629 0
704.531424523675 592.6027999252223 0
595.7126195926585 295.2456035992254 0
643.2482028305535 168.0816168451576 0
491.0807129539901 439.6629504329205 0
629.5853702891982 218.4058200143457 0
630.2977116582418 226.0445531221026 0
517.9678579942628 412.4716535030949 0
103.3823218303322 1142.590733362546 0
88.19114131839424 1151.675449705129 0
290.4910789140406 793.1618896493795 0
491.1956408469705 501.4774759263447 0
1025.417604980828 533.6506759091524 0
765.1633078195614 170.8671377826196 0
424.7032790283126 490.0768059907694 0
918.6795270703138 -141.3049328461805 0
604.7516487431826 698.4210075747177 0
626.8918831066501 682.4580723770208 0
541.9398945679435 992.7245745351881 0
281.6699471964239 821.6846283394356 0
1099.958064883237 79.74737804558706 0
755.2281159927612 -171.8273401533887 0
478.2449548292963 895.2684666027438 0
183.0557723163582 817.2672458871386 0
416.30618940658 555.7486694911327 0
845.4308572023004 -16.53485083619216 0
1149.144606017529 100.5741751879482 0
877.6417417841996 -312.3668676361283 0
525.9591434123014 864.425932001002 0
526.7689944104922 746.3553121946512 0
576.8426091584729 831.4740076637827 0
732.2433028014449 873.2430761931624 0
627.6626267110662 799.2113551198104 0
1032.825315652998 181.2743852152101 0
679.4161566613477 764.9752549865276 0
943.8861559462421 562.5713954351991 0
727.4922990275414 734.5325476986137 0
231.4018689006628 782.8745688965513 0
154.1933424516907 737.9616206928217 0
783.9315354798006 699.9673249910024 0
581.0361827761473 426.774713050661 0
188.4668958410628 756.934865637491 0
308.8713626381055 1068.357050708191 0
294.2545819917852 1077.21490753118 0
309.3931732204879 1085.581968925998 0
294.3629929553535 1094.686789590074 0
308.9585508755878 1103.25281112682 0
294.554712811834 1112.461475014483 0
279.0461214753322 1103.790517471283 0
279.3638855305493 1121.676073246774 0
325.4337502288111 1094.962567575224 0
484.3472429723177 774.331955161103 0
752.4868465698119 234.218832056691 0
407.9406040471397 822.221318592267 0
635.4816906701228 376.8865183552362 0
355.7659091883605 523.5837145788048 0
122.6436610951997 721.4930168263323 0
92.16515751409091 703.812627960637 0
336.569272657334 683.394422984223 0
371.7303160436058 666.5004653707457 0
236.128217662845 599.4247510572172 0
292.1549709777547 634.0545008508161 0
743.9491971267405 612.6345720830736 0
925.2290369331001 89.29548715295272 0
912.1198367706163 84.7940654400241 0
279.1011198640801 579.299892383646 0
256.3294891522551 650.5018060544355 0
621.9060780779829 -185.7526597475089 0
646.4414908639267 -165.96727883822 0
304.2868725413027 567.5075301272703 0
916.1213132824042 599.7678238885511 0
716.038887607098 -40.73582767392157 0
570.6002605566061 340.412279575636 0
55.69339220948189 724.8298511263699 0
48.03453488816628 720.422257095946 0
539.5601442842481 557.0429556802007 0
444.4501815199177 474.342416710297 0
584.2071304592416 523.5333708799492 0
664.9358664001203 58.12641978720886 0
666.4522446823887 65.70501902555623 0
636.643977123102 221.5084068576688 0
664.0446060124809 -10.17793924624354 0
630.4504751051696 489.3047620570896 0
824.4056567902404 516.9311163729279 0
487.0959429861391 563.6701802577451 0
963.2407263209511 -42.60468589026232 0
517.6004824998104 419.9788525008537 0
1066.409416583445 -435.8855647363683 0
788.0557739808902 498.6349372025875 0
102.7196635457596 645.8292589097463 0
96.09439329261926 648.5980879925611 0
101.8567128251942 653.0205079821284 0
681.3533146861479 648.4874699770222 0
661.1929002548976 663.586381083306 0
873.1587747808312 -225.9168306876165 0
869.8231630683404 -238.6464137918371 0
603.3654771135043 -184.5916270927731 0
601.6280499960699 -191.2532830491595 0
427.2894058392452 461.3268125553806 0
779.0525402748076 117.3138357335026 0
822.460256499228 298.5662806564889 0
1086.011625877285 -64.02219181358896 0
341.5514763730372 850.8794522710955 0
900.9133256754019 142.5516415859436 0
145.7120892919028 802.5303735893064 0
447.0238930245046 446.8087360633345 0
1045.289804337009 171.1702166321332 0
964.3400945751911 640.816214302266 0
949.1504426232348 654.6577661713289 0
765.7881590953683 -132.9398189736179 0
886.7634142069325 -370.2446099903971 0
900.0843325390965 -366.8628250315689 0
665.8417158790426 -256.7382365868501 0
76.6471589670746 1043.969263596277 0
993.0595785354568 518.4948192880813 0
937.84536386894 92.49301231881999 0
637.1364642104991 -176.3126738925964 0
414.385285231938 475.4893505175169 0
203.9253374256267 828.8444290620998 0
910.167470629191 723.8209185350086 0
194.2643661420736 1142.424192514368 0
182.3498419639775 693.3207793611601 0
637.3559227947544 229.3846077830691 0
1089.751425183092 408.2964541947863 0
118.6809586575926 1049.750097700367 0
162.4009738910288 678.2941281520239 0
717.0423539273722 114.9892036950429 0
460.5628326930581 747.3645295995379 0
712.9867552513942 138.5571713777779 0
678.1702604626873 453.154383972304 0
464.4032728320609 458.9732273926821 0
854.4012427193738 -353.9416367008647 0
969.0695659507012 -78.8184594006789 0
219.0970996623587 710.5984371543809 0
179.1007351406281 1151.379685555397 0
310.2514177572807 1120.722038999416 0
653.0327264300989 -275.9650958259257 0
647.0730026891657 -269.8300527468528 0
118.212140856238 619.5318980538465 0
124.4246056179028 616.8233357207569 0
756.9734934710659 88.54712765701579 0
765.3021277825687 82.29264288863121 0
774.9615314633395 86.44253203614223 0
773.5431352314461 76.02183330169248 0
764.0557883124081 71.88717007015866 0
772.2623282272909 65.58952458136028 0
762.8618771730185 61.41397853074429 0
771.2277668894205 55.15346488909732 0
761.6771263864053 51.0665045448717 0
770.010028062022 44.79556524525374 0
760.5339107773258 40.5133402690673 0
768.7818034153945 34.43542586452095 0
759.33384507904 30.16043304490526 0
767.5457928950233 24.12984515968304 0
778.0174393556892 38.57818893960073 0
239.0591562379541 955.41240878182 0
251.7633825052392 962.5357316930242 0
226.5897266542516 948.3906126158387 0
493.0072794613321 728.2385811103516 0
714.7135165105988 378.37505267992 0
586.6347676337073 472.1285824525967 0
813.4190429351999 -252.756729029359 0
387.4786782429847 659.0659258513717 0
514.5971192620596 714.9383461921082 0
570.6625924629814 347.9662077041427 0
708.5868784634425 637.8400017263542 0
655.5383816969866 117.0176929457487 0
342.9668944806632 529.6544393135159 0
528.4540545132741 653.1291254240213 0
457.0167807374845 616.7951475111225 0
535.2849203394039 469.5671730548638 0
933.3428081687762 643.4588984411278 0
210.8721096188008 611.2923648454137 0
925.3222670813415 203.1042803816823 0
411.1486695545111 502.8466710089365 0
629.7429018168369 -47.64835600529432 0
628.1827923872253 -54.38786933084694 0
1141.367815959377 227.9471084214554 0
1144.423819564508 245.9635402915288 0
836.463292053118 508.8489395555349 0
604.8544303292366 413.1451257997683 0
604.8245291057522 422.6159430132928 0
68.39385776259712 626.7123572546635 0
62.11970537995654 629.7567162820856 0
1160.228068690104 -11.33863206271968 0
1156.701624099313 -29.19241442123946 0
1163.687852645514 6.713038571147528 0
709.1097229509454 161.9666185711125 0
772.5943763307906 144.3273727901139 0
1083.716378558726 -431.4285791195589 0
633.9802555246364 586.3876295152429 0
263.6658302468911 1112.950987915547 0
263.9137812012925 1130.974491847433 0
596.4863804539767 203.3767866659558 0
597.1420440193922 210.3138292163418 0
1155.59900120633 135.4552597276858 0
1073.124340245183 -271.5299375042621 0
511.9986945107667 581.343655287101 0
439.3291493792173 763.0000193223976 0
193.1101347005201 811.3115871396349 0
183.1711895425473 805.8062004424397 0
808.2859442494773 -37.92091270878181 0
799.8860257294218 -29.93087011104021 0
490.6023806450005 447.0288507977278 0
845.1619235016515 183.2337149846672 0
584.6902784808771 614.7709352307677 0
779.0166813222651 590.7698931712557 0
649.118335958843 330.7471198660447 0
659.0160808326816 -282.5044582102153 0
75.36769864702238 1075.076183466509 0
620.0811590674563 -192.6865145524103 0
915.3139666632012 237.5126191226202 0
721.4391944579704 -201.0051698660518 0
1037.186634958657 -427.3619480241092 0
1025.115352343862 -414.9811319115296 0
748.5055084791371 302.9566148472632 0
979.0166179468575 631.253021624507 0
377.1441415281046 748.9940282201019 0
824.3572919166063 310.9460039023201 0
204.2186790879393 853.1047299810859 0
941.3715468914124 -87.98572027520028 0
296.5503187196378 666.1709104843682 0
1122.06119200275 303.904149926252 0
1034.802973762819 -172.0346124636483 0
606.4728867509887 -171.4894385681098 0
178.1069644762283 1098.142204487476 0
330.7142756627192 535.4493619266199 0
714.829854631114 389.5048414161627 0
909.1005369277004 273.3289716830741 0
233.5368015089561 661.6266983919227 0
536.352792630059 701.3877843803358 0
393.9042358284186 490.7262748539368 0
757.7280102953564 20.26682819739951 0
766.2561368042135 13.88156894318009 0
775.9233055547829 17.94926234465082 0
774.6195805647733 7.521560498781658 0
763.2437441740572 2.598180134602561 0
791.2916764408908 582.9310421981879 0
1019.406921692296 -177.0533219354405 0
1092.124179802732 426.4155211462128 0
362.5072502333504 811.0361054369133 0
362.0940824758841 520.5921680561613 0
901.8224878081307 308.0533303751909 0
40.18571569579348 733.7128141031635 0
39.99449850534552 742.677350471033 0
425.9520195754636 1084.584058127541 0
410.4292884289195 1094.143795003453 0
394.4469489790126 1085.41738244851 0
394.8739872494641 1103.68420161265 0
414.3590856819023 646.3519294527209 0
659.2741966066347 139.2950529510047 0
606.4755199455391 -196.117254880122 0
599.8280589416922 -197.8964580663095 0
563.9300953932133 278.3220832885002 0
564.168667294864 285.1273423934192 0
609.9194466849668 154.0827850032691 0
545.4596048665596 311.665149337649 0
551.3883968998654 308.1184413498199 0
840.4469133600837 214.9432145600706 0
102.533968925498 1160.890564497848 0
608.9931448489582 147.3221369111846 0
623.469734889009 77.71559637531649 0
624.6866464064316 84.42205953184174 0
709.2251597252337 262.9146409975338 0
417.8847026040344 777.3482115957511 0
909.5051866004221 705.9277248065953 0
925.5718466410685 713.8854870941692 0
354.0977130281515 544.3970703823994 0
581.1730330948678 673.2907982793947 0
541.7813817362463 506.536264897923 0
149.0115149856351 618.1822625884923 0
150.8343109882024 612.1931177501027 0
588.1776184768779 -253.9981315631077 0
583.3354015222874 -249.0554860128627 0
1072.370039293927 283.9622742710266 0
983.9710629935691 413.1747031991882 0
125.1015351408203 664.4799519066589 0
131.3516492589733 669.1287734598661 0
710.5650854134279 170.9995544452358 0
953.3636010970054 36.53095353511455 0
193.31685309867 612.6476865447148 0
1003.126845537581 346.0993867066327 0
170.0681937925743 603.4332820167942 0
625.7069925048772 644.9565652142142 0
749.0418620628575 314.0014825851528 0
305.890531059291 547.0547863853686 0
784.1330950656309 79.87647036521473 0
475.3480765832808 525.8577622493929 0
882.5812925942564 -235.0855012616508 0
879.2164446110332 -247.8833243036661 0
689.6998928236704 15.2125030599744 0
896.6128066603738 -380.2519809176478 0
910.1436178653269 -376.7890070691187 0
754.9447232392482 265.9771737215397 0
984.3371437414062 -144.57716089296 0
972.9368568522001 -134.3763161198596 0
991.1795650958302 501.2521864270676 0
545.4555202909846 304.8609415494745 0
669.4161627703941 616.5945844098541 0
595.8401368673508 196.5481543581181 0
675.2942699250017 559.1573806866559 0
212.4839011588856 590.7553071054849 0
476.0029564831739 607.1060594014554 0
622.2305742955913 71.00230529528213 0
627.3330142283451 66.53062876275499 0
887.3109670371682 -321.7165182637856 0
890.3187566240802 -308.0622536508907 0
835.4680010746757 246.8232344531406 0
318.3459270344076 541.263770972037 0
1069.481232502862 267.252543209464 0
772.9970338104874 -3.06081219361151 0
763.6034173374981 -8.330288228478212 0
1079.389598914329 -448.4101717692793 0
262.3514916662309 681.7859834150553 0
1060.413706070877 -259.904153779905 0
1056.754350918321 -276.6720881112431 0
643.5087034669203 371.8900610789769 0
329.9511973419273 844.7475160820384 0
329.3902532390715 831.7892819118485 0
1124.843724813793 321.9430589843961 0
687.8640217789311 6.945203081049805 0
480.9923375421174 403.5144524415147 0
764.0374784819146 259.9124803006996 0
334.925303285439 554.2071849430342 0
474.9588538488732 406.6327153834226 0
55.58536795829114 716.0504527243269 0
48.09775534317189 711.7614861465664 0
40.63531466544631 715.9333809323811 0
40.71751810156211 707.4750473984936 0
1099.393695854726 -297.5311533801886 0
669.9470833477263 353.0801241093899 0
279.4572088490377 674.0974050330135 0
385.4834363235601 513.9374173667602 0
595.7807682625275 457.5200124133283 0
695.2931109449758 232.1735298890066 0
797.2728296395555 -41.0777177297644 0
789.117192691219 -33.40392934276149 0
786.5470484737543 -44.22158555929612 0
778.7128176130973 -37.18523371871193 0
776.0112285901406 -47.41804051914376 0
768.3794148124987 -40.57660415349715 0
861.9233224424938 718.3420730381788 0
593.0462724417698 -259.0026459833093 0
599.8636409648491 -257.2582960927334 0
846.2930407950017 352.2177577727137 0
226.3198307390906 906.3983245986584 0
214.5656545810366 913.3266199411801 0
837.6117098875417 259.0735364973184 0
61.33130891200636 636.245741886346 0
56.04643260612552 632.0248200106078 0
56.57109270585653 625.6221504474936 0
50.75263372196989 627.8190371866542 0
895.3181167864393 751.077717580084 0
287.3228719797763 555.6487517318076 0
539.6729030478308 315.0925912233813 0
539.6715847959481 321.8522363604473 0
434.4234864030982 452.7938869466815 0
1015.64160261345 -57.75628616364097 0
851.626082964731 -174.0166081410756 0
839.5466803684222 -177.4550794179886 0
842.5244489928093 -165.3978068906921 0
830.6223213348397 -168.9595172028422 0
827.6778290441546 -180.7734236322378 0
818.8803430768048 -172.393222779924 0
821.8011883780824 -160.700983097465 0
810.3268402930303 -164.0182382541484 0
813.0782683892908 -152.6056892389983 0
816.0400844791512 -184.019464482139 0
802.51754149601 -156.0831419953543 0
799.7471194512743 -168.8016273846725 0
804.659800370294 -144.6768794220987 0
49.77445966796444 634.3834264578132 0
44.59700388529453 630.1093443874682 0
45.67023914829026 623.5632911513495 0
39.49454378967659 625.8542559211652 0
474.9591466215911 534.5244531892938 0
750.1820352489435 105.5957083350752 0
353.2478163679892 857.1082333865489 0
676.08534982608 -47.31872340683719 0
644.8881287454445 -278.3968122171742 0
639.0784228530454 -271.9301017362045 0
641.1652448022912 -264.0521436520262 0
633.3708306287542 -266.2112153943573 0
462.0416142218571 567.3191153310026 0
453.733806006388 571.3549772688676 0
249.9848337470619 573.3122964749602 0
33.38837119800252 711.5798825056046 0
33.53700054052047 703.2189014218707 0
356.395720566239 516.7523481008494 0
717.3353514892261 545.4294635667102 0
1139.510807004188 -35.05531035225319 0
1153.096147365321 -47.00557186437227 0
975.4405448360317 577.5485834626046 0
991.54263337649 585.3706472283413 0
964.6555326942871 657.7427457010198 0
643.8500501204373 224.7414061752524 0
633.2168428031182 -59.17466257315243 0
626.5945384898052 -61.09596604417909 0
87.87765135181007 1169.723709440918 0
72.43185460028187 1160.5448522569 0
601.3059891464085 192.5567573538771 0
341.9584299663269 864.2342731923902 0
614.3174214422824 143.1129720758412 0
1040.184524329368 388.5913171305127 0
646.371597162709 190.2740610449695 0
199.0699650051664 677.6982480184226 0
462.3060336200506 492.3196629695163 0
391.1252204307596 518.1739253754614 0
172.3637407711689 823.2869282164181 0
245.821856494099 689.7787532105256 0
604.4685504439087 452.8678230455223 0
225.1412976665844 584.8594956533127 0
639.0170130087938 -4.426423634662932 0
633.7983794401102 0.3648851193628438 0
632.2685788569897 -6.408259586567962 0
1133.234850419728 -285.008847964959 0
1136.42181975394 -267.9448751502552 0
1129.393460495144 -302.9818615307079 0
731.7306697682816 194.9660224992834 0
638.118716672902 22.0849848475003 0
632.7605985115085 26.86129457839419 0
631.4278571136813 19.89134603062378 0
626.22548578086 24.63071059278393 0
627.5387552616213 31.22779493734859 0
623.9649978293827 17.22131695799518 0
980.7802469743353 118.793766422273 0
969.7043445276246 128.4611468707128 0
264.4141759488396 954.8385199428271 0
264.6928016033534 969.7270931052818 0
563.6819159491354 271.5333657581717 0
569.3631914508961 267.8951434844752 0
953.0400887926345 -260.0850992173278 0
765.7753079145754 -50.43181063409076 0
758.2198540957138 -43.26491473192591 0
695.0230319822073 41.74617119743287 0
818.4005511086491 746.2010694846442 0
591.0062426566136 207.3702702242374 0
591.6045415208685 214.1129775630386 0
780.4710142186251 59.93458521964041 0
693.3949718544285 72.98201916925832 0
687.7148372744921 80.22839262665806 0
837.484047441788 523.4540587737529 0
335.2969322755401 910.0349308651663 0
730.4908213033597 -161.3441574670243 0
487.0874982194923 400.4273835850346 0
631.3326482370568 -40.80981393142017 0
660.4377180459918 147.0822469239306 0
44.0819475390943 808.0774829419793 0
44.52130086765278 797.4128331859007 0
43.95907714508495 818.7163772022504 0
53.20904687112964 824.1761774955742 0
44.26651929249136 829.5912520534522 0
53.33522023694227 835.1398757441135 0
44.19946705021312 840.6596368139204 0
53.41028670393792 846.3210918827297 0
43.4924416921768 851.8886883965929 0
53.37007326727969 857.7260627496653 0
43.2478522147876 863.4713956651455 0
53.39071130218129 869.390984926649 0
43.15481675192353 875.2378218818527 0
53.43480717158155 881.2959577172689 0
63.88211602648735 874.9597447792413 0
63.87218053965519 887.3399498495251 0
53.35602851176891 893.4665485091236 0
63.91246621119195 899.7750999565556 0
74.80007777452131 893.4281148833821 0
74.83798279630865 906.0469143157891 0
63.80116308778219 912.441426686683 0
74.94015864593786 918.8510897911608 0
63.26889007288288 925.3355505804686 0
74.97144210670547 931.890319362996 0
62.47037378077218 938.518845161963 0
85.71649895559729 899.6331224833754 0
86.36936855753413 925.2702093597637 0
86.52147394195511 938.4628718089118 0
52.31595072044939 918.8333928277775 0
610.8291129334031 160.8448937642531 0
627.2125348880455 -1.77355056778986 0
625.721180850375 -8.377968234990641 0
73.36235707027231 1125.23636067678 0
835.3783166553317 360.3462857369698 0
1031.308798536463 -187.8360790819107 0
1015.333365450159 -192.2876583552046 0
595.9977746224232 302.8900226156644 0
740.5088118751911 -121.171479241811 0
914.7975999301514 98.26521972289024 0
901.6797565817243 93.74508960214396 0
791.9901812498613 597.5792928886756 0
803.8571243170593 755.4106498572385 0
658.4552568545603 -193.3404206109826 0
687.1412939589665 -66.33866539090215 0
647.2315571624786 197.9004576154046 0
971.8303999405477 143.3445176638244 0
813.0886398090088 128.3562099704168 0
899.245647962478 80.42055207744329 0
95.03421021806463 655.8786326501843 0
100.9806029851513 660.4051147563499 0
389.1007563667471 546.1546344439257 0
631.5531532112573 -65.87165490868472 0
624.9758439023999 -67.77375880244276 0
629.8981881606043 -72.52929209601308 0
623.2469146708013 -74.42870688856711 0
628.2533219570973 -79.17476137358993 0
621.4097818406503 -80.95071080063072 0
626.6242005377728 -85.79041088077956 0
620.0914138106542 -87.69017111147014 0
625.0700467647636 -92.33821458828676 0
618.5368756181135 -94.35397235739897 0
623.3805198830853 -98.96623078202543 0
616.9307701997666 -100.9485253419804 0
621.7821666594409 -105.5440021260373 0
615.3246149977249 -107.4145563660566 0
620.1733283370552 -112.0801060240971 0
613.7260837067406 -113.942092062264 0
618.5614761195629 -118.6122578593985 0
612.0957044895744 -120.4337192959599 0
616.9563776723833 -125.1291841183605 0
610.4439998830219 -126.8277141567322 0
615.3457074948197 -131.621563297641 0
608.8693451078724 -133.3743363208451 0
613.7494410139486 -138.1303200291798 0
607.3328304301249 -139.9972092637045 0
602.5515930497596 298.7296090408263 0
298.1607345793778 752.4335599525778 0
289.163262735701 747.2900961115104 0
297.6158781916316 741.508845837017 0
288.0172581636316 736.575190932833 0
297.1028254578238 730.8914976627299 0
278.1020910524407 743.1797364633118 0
1093.923784453328 45.67249956517431 0
163.1412335757589 1089.821169294154 0
1035.666403867433 -320.7093258046592 0
386.2299546223198 893.0373572864876 0
595.1108157450128 189.8686876545619 0
600.4878760901695 185.8675993356637 0
182.5396166585715 597.7556321044763 0
1163.179600823544 -147.0091507226476 0
1166.887883397465 -128.9601857450427 0
1159.358163783174 -165.1651326165502 0
1153.090271567412 -116.7111568535044 0
1171.034357540958 -110.349780536549 0
845.3377311884943 -345.0196505874706 0
841.7725647895859 -357.4645744685241 0
832.4429532806978 -348.1403176220214 0
1048.30015901929 -107.1524560426276 0
558.3300477963721 281.8707923319135 0
89.21239887228765 761.9799473668946 0
674.2661535970203 -254.3274754743462 0
535.3645350936057 435.1234181441394 0
524.3818907683963 416.5258576914189 0
631.2881427314404 -273.9311589995112 0
624.8645712187813 -268.3267801819366 0
362.6118843057437 513.8344275383072 0
620.9646510384837 64.35577284343761 0
626.013795229 59.91471782118116 0
334.1818019878224 985.1261337130973 0
903.3488840620746 -353.6981868763274 0
381.5976711502089 496.2140215749692 0
375.5667582233448 498.8893131461475 0
135.625562564676 765.8416177617402 0
126.5120660101344 761.3969497161236 0
144.9199435599614 771.4600736446678 0
672.1249283335823 60.71097440049026 0
621.6681470863167 -56.3688372791304 0
907.0149671559084 -73.33942047237154 0
896.8523884707681 -64.14088393129174 0
899.4127586697539 -50.67038725736603 0
1170.429370215991 -41.24244486675198 0
274.7519033214734 561.7499504556847 0
864.965602481883 666.0846725894847 0
878.8472653795003 657.5990376559612 0
262.2978518878523 567.5358201313393 0
594.3802660499974 183.2241302317676 0
506.5762914459943 525.9189460122944 0
514.8301212035996 521.6640610813241 0
624.7625209536886 -42.89505010790788 0
626.2571025314237 -36.28790941703279 0
1009.709920524245 -74.16586325487849 0
237.4901141429362 579.0962606798392 0
958.7083529439547 -341.6511434415234 0
1115.133510402545 -375.6568044464498 0
1119.794310915 -357.7743106413387 0
138.8116916074885 658.2745054165414 0
746.5481879299538 487.3452345543908 0
747.3472540666379 500.1085575378592 0
366.8207297000152 538.5602010961333 0
497.198736697966 443.7982417973652 0
728.0658738336565 538.548494068373 0
784.4535191801598 11.61365668685338 0
1027.812576657262 -203.5253869472895 0
284.2078680167869 871.8416133084468 0
824.4179925631053 -149.1016062129931 0
743.798317963681 131.5093390981956 0
376.9689425488051 976.23407739496 0
702.6716877868737 226.5561809600957 0
848.2693465898958 -232.7492293430009 0
911.8838758511555 380.5745423157088 0
677.9682469563306 464.304630684152 0
599.6999080948437 179.2578686987 0
971.633233601117 -188.3954219728804 0
872.6921988435473 -375.4075964425934 0
920.5048629642531 341.036222530589 0
596.7735352640138 -186.5309809748328 0
752.4834909028195 46.38742534124718 0
834.2538043851314 303.1029393199818 0
194.9871114869857 1160.205909710633 0
210.6592156769952 1150.540301735554 0
279.8025342945977 1139.863743169262 0
648.4427269239967 -232.5255818267081 0
32.32481565253545 738.1090763094344 0
32.11640846311296 747.1290513188795 0
79.59761496840035 729.1777949967046 0
87.54015367984769 733.6143058827395 0
168.7540903969352 718.8804674492985 0
608.0442409226118 140.639885850013 0
613.279156132347 136.4556710626522 0
976.8855457108527 511.5637281657602 0
1089.22925410945 -350.5055471815624 0
581.550156521487 -255.641063810303 0
576.786240771169 -250.8574907711151 0
1016.0437518564 336.1699585382946 0
193.051208943829 799.966543695175 0
183.1701754199326 794.5726881374533 0
203.2183713415753 805.4050485653308 0
779.5523915208744 605.4713815555687 0
749.3505577888006 -268.3180708631363 0
746.5326081222512 -278.3317741770736 0
736.4839437098185 -280.9528522588616 0
743.7983804045564 -288.3938567896482 0
754.0596561787959 -285.6663100864507 0
751.2201845693349 -295.8976405302089 0
740.9271095150292 -298.5101412417232 0
748.2846282502135 -306.0997363119205 0
758.7194212606261 -303.5524747508371 0
755.6800559875002 -313.9638434356882 0
766.2894305180698 -311.3526382452471 0
738.0021379451146 -308.5956144563601 0
763.2145276831217 -321.9645939898892 0
774.0039617679354 -319.273293807843 0
770.9032177448964 -329.9680830380967 0
781.8648323435564 -327.3320438122362 0
769.0412135884554 -300.9061495901914 0
730.7788074246134 -301.1179952119728 0
727.8928417695057 -311.0164437270241 0
720.8179611613116 -303.7174708678355 0
735.0242232845835 -318.5929697232776 0
1096.692884289878 -444.183377871106 0
635.398801675087 -258.4061557216235 0
643.1640600282281 -256.2081729223249 0
510.8588549824121 423.3853799548883 0
890.487183828739 151.2335259418126 0
604.6904287413714 -202.7530898576054 0
598.0664842582325 -204.4654941228579 0
593.3122521319551 -199.6835400508446 0
591.5466870453525 -206.1414205727567 0
784.1373818930253 -211.1178357231166 0
1036.695976074614 124.8022828036606 0
1049.021297902724 114.615766126973 0
551.1790076940678 301.4401394144443 0
605.2238293468048 158.3759134126487 0
1040.234068603879 68.34889546064653 0
728.5309593127406 11.23142122856658 0
668.1278665507926 -248.6852464365002 0
676.4214334162341 -246.7083665378574 0
851.2693636719661 -79.18633246258014 0
858.0986278752049 87.94740559673167 0
379.880786419487 1041.582496764172 0
25.00699159973212 666.3673143540572 0
426.5372363114528 1102.90968545155 0
442.2660895913851 1093.127943749093 0
1020.538751163777 -431.4831823501284 0
1008.729520661223 -419.4049588265049 0
264.0689246783641 1149.315704070034 0
866.4298357100411 -251.3373909614963 0
875.8028744486101 -260.6668764364103 0
888.6816792355186 -257.2598941555027 0
597.9606396311694 -264.0846554737997 0
784.9744951420053 -316.417221460913 0
793.3883368709131 -324.7093186917506 0
789.8637893156201 -335.7206843899601 0
814.505151319607 84.86798419617986 0
470.9770916417354 455.9184776057863 0
470.5244437900578 463.3260167321691 0
706.4188772517089 552.247777088618 0
888.3125138514994 137.9562313744615 0
481.3864842299856 396.8336649478697 0
487.3290321335257 393.7544662349176 0
1135.892330837191 -52.70802882626961 0
397.6550242230716 515.3442043269505 0
784.6886273139999 90.85392211186634 0
643.8491181289729 381.3652071631914 0
635.6946043493265 386.400895643235 0
155.8406787507964 673.4410988194951 0
154.8286574194257 681.5960797167185 0
161.5192091607178 686.5802290037002 0
1061.374286671761 -453.8588763943868 0
687.7833624401053 458.9461019303097 0
687.9662960016242 447.6324556474466 0
310.1767300740561 695.9450036035225 0
318.1817169278763 701.6232253462737 0
1101.281057387345 -426.8207135329927 0
680.0723419530486 126.1465901483104 0
678.5586054281218 117.8733612389451 0
358.001868548764 600.6507079552487 0
357.5512263553743 608.9876521660404 0
365.0928564140538 605.1858730348346 0
349.99801826228 612.7508239108188 0
357.0864937930713 617.506196145345 0
349.338860440873 621.3334529138765 0
755.0300122769079 67.70733727308222 0
203.3512767004294 736.9003869029514 0
627.0370883052826 -190.7805212112987 0
883.0580323223255 187.7756330028645 0
619.699137203601 57.76480447799004 0
624.8677008597739 53.49232345916477 0
463.685552810555 466.3282581553595 0
1051.778467948294 130.3512223524692 0
944.0014899066714 -345.5819782037595 0
954.6223906501032 -356.3092142582442 0
1096.580409334703 -16.58986196410083 0
119.0443581401594 612.7872999057897 0
125.1196938072792 610.1791735995913 0
723.7901328274485 383.7719797234113 0
724.1516129292339 372.5890245086371 0
633.951929290744 -208.6468002196877 0
550.8100752683284 492.4666853050752 0
559.2710780783573 488.0557569805719 0
194.7618145818143 592.5743026959992 0
98.03557880305249 931.7448506600437 0
735.5043168132941 4.998702980391692 0
733.4358110469312 -4.212614205367381 0
589.7099740307942 193.9210677541855 0
1048.329830038738 186.4540004275277 0
1060.729374858556 176.4771609889524 0
591.2298477029465 -265.3932874175179 0
1091.714976827629 -461.9122566931957 0
130.506921941351 614.1106643532642 0
877.8549892641938 222.0615747813233 0
477.0823401050632 460.0723103065687 0
717.7493965934451 165.1737064933679 0
577.2915819592639 344.0942778037761 0
959.0808101530499 138.53379216728 0
922.1648805831508 -227.8333697570429 0
788.9289528025296 -199.3261308904865 0
794.8715369895989 -208.07477382055 0
779.1069680438591 -192.5735469774722 0
644.6339484530629 232.7216722599751 0
638.025212414008 237.3727346669013 0
660.3995376238533 -185.2357702835655 0
804.3601790096818 136.212096750378 0
906.3861376754749 -390.5750532359331 0
920.3294595862135 -386.9178412541849 0
727.4098847000557 43.92865826616483 0
613.2055420269746 417.6068777220033 0
613.0080297965183 427.3971558077055 0
378.9108219576972 1094.838249860992 0
379.2301921440599 1113.186416711812 0
851.1265947695197 676.2787481407743 0
589.5579431303614 360.0279437299561 0
517.2140159296796 427.5972374954767 0
226.5739643082075 962.8579569386067 0
214.3363649132742 955.6029458207313 0
1106.755673939547 415.2393391757719 0
124.2243289700234 672.1351633404947 0
130.9584148864861 676.8188158391256 0
118.0892972940122 765.9864384101118 0
117.9457882571816 757.5667242885745 0
886.5881589438288 -55.05057292395527 0
889.1666206866581 -41.91218040764677 0
55.53230130520513 707.5016190127371 0
62.94669946092031 711.7207320184991 0
1177.543067751647 -5.451290025800233 0
1181.733652918774 11.84648812420313 0
801.0916373095322 -332.9511997772206 0
797.8611198810067 -344.2528014869881 0
618.245628126456 82.06019016793844 0
619.3866143909457 88.64671740563483 0
385.1890219759244 521.2888878775002 0
131.2029894702679 607.5343538483997 0
563.2293885985251 264.7676949704539 0
568.9386322477983 261.2608436685264 0
607.0890445072251 134.0203477330419 0
612.2684029789275 129.8590531073053 0
454.3463841474098 562.241665855466 0
446.2022185533444 566.2409986730806 0
461.5848018588914 558.1338169167755 0
277.513998365414 961.8679720360451 0
277.926671317128 976.9352461555765 0
290.7920624195706 968.9963005112852 0
72.30993027384288 1178.758796854662 0
87.91860670179629 1187.906965183312 0
179.321732406428 1169.630571088637 0
585.5102244857918 211.3425074173934 0
586.0995570227046 218.0081915366078 0
357.5042389423377 510.0608600515009 0
350.694225994604 512.4202644006555 0
445.5274849115995 575.2664842755599 0
438.0864757105933 570.1751810714137 0
287.6416595088787 726.0411482134019 0
222.2492675821679 682.1529110330011 0
618.4244159356723 -69.71425745657558 0
758.4120647507818 307.9237184940253 0
757.6316653136575 297.0372516582049 0
793.5218407650445 -149.3530262658219 0
604.8561114208603 -262.1509854752285 0
85.65889789448752 887.0525143603109 0
96.55032329426196 893.2202480359166 0
849.7361499981689 515.1822688480609 0
1064.097307948872 120.0376861476995 0
1066.664386259409 135.9181416853045 0
1060.918108720344 104.3971110583708 0
952.5613263542833 -98.17770152423714 0
938.5416875437722 -102.3324193609898 0
1139.087728444181 310.523707789504 0
926.4007187957184 732.2750463590655 0
177.720007032412 1081.038913144829 0
162.8324795883063 1072.841297464621 0
192.4793801219494 1088.784167119487 0
623.5920455755863 -276.2291132066038 0
1056.305846368517 277.4695653394268 0
978.3446866915839 527.9559471230966 0
946.6584010312952 71.46326644785445 0
933.3905301541116 660.8526296004073 0
318.5809462731047 838.5921744675921 0
318.1268553975954 825.777100237297 0
318.9287052617021 851.5404541493568 0
328.7971005807817 819.0555929513031 0
248.2077181386217 1122.122505656917 0
885.155121078584 -270.1910302075492 0
898.306595450275 -266.7729693569805 0
1158.619321854343 234.240237056796 0
1161.734781963167 252.5382560941438 0
196.2683958257487 703.9712975667969 0
1177.051840790386 -159.3184460837437 0
1173.187370862752 -177.5620446401763 0
760.0789699912598 -332.6188606724444 0
621.2314155521112 29.1202751083546 0
1166.797938954397 -59.26927921210097 0
625.7440661716801 91.35050114125232 0
620.4710089575635 95.39792375410124 0
614.1018776448849 92.75882927715845 0
615.3433044129679 99.58076014874867 0
396.8754315758254 522.509187944938 0
833.281109608004 347.1363744443175 0
592.048522850516 221.0585576746778 0
586.6932465379955 224.6621980169872 0
580.6161241426657 221.9021297805434 0
581.2016869320005 228.4826792523344 0
586.9149283339564 231.6781744199352 0
581.6908151610497 235.1118311589946 0
55.09740758612789 771.7684097332876 0
46.84803175181354 766.8312953360335 0
545.3643474573153 298.227918749482 0
35.15516727029475 802.6869411469809 0
36.10712931515283 792.0174712294298 0
984.1723306998458 62.79379190142893 0
717.9833107396646 -313.3885561176645 0
711.056175940516 -306.2435738464276 0
969.8538409597818 -149.1986159955776 0
603.728513471184 -268.6806304405943 0
40.70792994140848 699.1427770102089 0
33.66644336021025 694.9873579478492 0
622.5399078234805 35.67200384348352 0
240.5219290167403 666.3663584838187 0
804.4383233023926 589.5894812021407 0
496.7898211423329 451.3940190955688 0
1007.090236493004 -372.8258465536786 0
991.1569242522806 -377.5673927149883 0
63.30127000717129 851.9277690780646 0
574.9817324611201 -257.2530948122783 0
570.3635044682358 -252.4781916878266 0
572.1036859595653 -246.1897594889485 0
629.1901707313197 -281.5792937051364 0
127.5484438021836 813.6450842425503 0
296.5548572817079 720.5288731017745 0
305.867390602901 725.4895547396377 0
990.484786329344 -114.2764357213606 0
796.1951070453717 -136.9343086635506 0
807.2060887612399 -133.4745385475369 0
666.6191221471092 142.288210327508 0
632.2668760249671 -83.64863800571818 0
575.7438964560477 232.2476583884415 0
576.225625871371 238.7865929132846 0
582.0914032588601 241.7506354912512 0
174.0952113052327 621.5073910108142 0
958.4007527136288 -139.6057555016523 0
533.9178951445657 318.4364958174423 0
533.8621289118757 325.0973224137657 0
539.5479193904367 328.7266525908137 0
533.7079576899447 331.8563802986613 0
527.9963942593123 328.4227226434746 0
527.8338723238973 335.101889116626 0
596.1315291937673 447.799595172038 0
602.8998265448663 -209.3801548896774 0
997.1716972927265 403.2889523991839 0
975.1977014339901 494.3934009165919 0
1009.490795678135 -208.8313713703055 0
1023.766453997883 -218.6253424779416 0
961.3728277650584 153.0383478891804 0
373.3206522600282 535.5286266623696 0
828.5304410880624 -360.0460997119167 0
233.9630339907575 722.8992906777822 0
242.3639778026397 728.2156740558868 0
836.1394911628979 315.6949431851268 0
999.1510716016511 419.7916752088101 0
1021.824823258144 -26.64414258241758 0
621.8481354429437 -129.7979190082876 0
1046.812378062362 -183.5516747455337 0
619.7725500157973 -38.43289551747421 0
621.3948224503871 -32.05844181018485 0
728.713134634276 551.5766263532037 0
703.4840070727646 235.9357023176632 0
723.882141468868 394.9997474483958 0
714.7532216877994 400.754291830638 0
645.3693611330245 240.7714645825585 0
638.8791667141315 245.9604524213148 0
71.32880060034401 813.5562399348446 0
749.4370283820928 26.26187170445859 0
40.59130931811036 619.385467930237 0
34.45305622355712 621.6724700426458 0
33.35451728151922 628.1232744761103 0
28.30949627061961 623.9246862417692 0
27.17418922082897 630.3333173587513 0
482.8637022613887 530.2161842797634 0
482.4063565356598 539.1968290949428 0
22.15956099922415 626.162631953054 0
264.8996916239509 984.8695421788664 0
618.9373384786746 51.5364719619771 0
760.2466641387011 -33.94969927274978 0
750.5766350831392 -36.42083575053349 0
941.4345912116793 721.4579902680905 0
847.2825960942937 251.1169798419143 0
688.6497144021914 47.48461989987227 0
686.87691602775 39.06086045814874 0
533.5975451613708 338.5534814646091 0
403.4541399128921 519.5926921021214 0
1109.168607905376 433.6604061926774 0
911.4631899070298 133.7970094385617 0
98.23049038995163 945.2311114337003 0
86.47568481945282 952.0836511297839 0
248.0017924436317 1104.246862731941 0
1183.995920977572 -53.35172285307947 0
34.64955976821101 825.1440692002657 0
612.1568542658907 -144.7342145574119 0
605.0191402695338 -147.6274530880357 0
575.6102836834517 246.0991713832744 0
507.0836836635773 516.6935016590558 0
515.2524455616514 512.5089864594497 0
1146.997094842901 -297.339842649102 0
1143.443046050323 -315.8774226911677 0
748.4027894903743 -46.14489072294945 0
681.3967557118696 12.7653772692119 0
679.8881045361512 4.469644285472177 0
686.2047268367987 -1.430914823839725 0
651.9806937700444 376.27856821094 0
900.4956382051557 -318.0854280838307 0
903.0534239198576 -304.0369364740989 0
741.0374587729748 -39.26580532441332 0
743.1393258045158 -27.595578270672 0
214.4561128538715 899.7405205880857 0
202.7894723366565 906.6510917043453 0
202.9002096332719 920.270310630546 0
133.1522168018443 756.2694574971656 0
940.9448699963774 703.5724485854605 0
956.9920072452985 711.1873881931451 0
767.7207128692486 -340.5784102900003 0
353.4152457601307 870.5915732265412 0
631.146556197887 55.51780517974342 0
1052.157395063654 -316.8664473567173 0
863.0340589693528 -264.0179762650548 0
916.5394736446653 -400.9651770247138 0
930.7237222330397 -397.2096759844658 0
154.8664050441689 797.1786636119996 0
192.4309857609715 788.8116263751283 0
182.7512945768302 783.6048740868129 0
962.8062853785361 521.6239827503705 0
708.3734841195666 -316.2777859127125 0
701.6071677253417 -308.774300664292 0
372.7410580533579 542.7714547477236 0
791.7016797745687 -22.74025392257234 0
1052.545804828555 57.9898128429081 0
153.8094214131802 689.9318323368004 0
587.589311214168 452.326775129753 0
764.5957383698629 270.7394529566515 0
650.5430699072922 340.8079614894037 0
657.5001880522789 334.751309831957 0
1155.43052440826 -183.3547666057217 0
1169.23472439748 -195.8241698270313 0
999.1483109654456 -60.95017691863212 0
1044.230134374844 -265.2070393362393 0
401.2634252861317 944.7811013875078 0
414.785329207011 952.1806023529475 0
428.0072241934145 943.7899321734976 0
428.7045616862808 959.4773569861386 0
442.1082525878137 950.9618618989929 0
803.1328051196977 738.3537638985572 0
788.6903147161455 747.4175437434682 0
817.4072113769571 729.0779109288271 0
1039.398839611097 -284.8212550298302 0
278.3861224880619 992.2381826072617 0
838.5170821512264 -369.9633015358944 0
607.329293146909 -115.7094131467713 0
462.3105224030429 484.8190396949011 0
20.99294708799476 632.5996688856924 0
286.5790970370958 925.673829927269 0
989.9859493977312 567.7463257354651 0
1006.298628894916 575.3267010806921 0
1007.800883973845 593.3289984729845 0
1022.847929642397 583.3097503369393 0
1024.396478821157 601.4913626406656 0
1166.97518139464 24.78632727379543 0
1184.644785827647 30.85510862518448 0
1054.352517277159 261.0039928622887 0
653.536947020778 193.2864635574795 0
652.3694802990111 185.5803389515345 0
1118.805719064747 -128.8934680046519 0
759.0138968168055 319.1230672566255 0
749.5028574181566 325.2319872434782 0
773.6241626899873 264.24835549319 0
773.1997339322459 253.6293624002514 0
606.8059115804813 -255.3541624473394 0
849.3390715309757 263.6306064121739 0
43.4749124144065 636.7571881760148 0
652.5337848207838 -187.5950163146507 0
644.1711002511458 390.9705048932582 0
636.1795959704463 395.5631072728836 0
522.9830958681802 517.4324392462044 0
108.4495048314886 650.1485401412656 0
1005.15607167318 -109.3101864769708 0
184.9393742736661 668.1431258065574 0
796.6118352756654 -313.5834331220043 0
26.65131788753907 797.9076701548489 0
1004.038020645425 -434.9697410362471 0
992.4637216527532 -423.8819539927745 0
593.6529012408776 176.6171559661172 0
1141.391080416162 328.8864673358485 0
415.2534605196566 967.9951439170213 0
428.7035993967783 975.4256035605005 0
794.6957727486375 -52.58222707287707 0
880.0751262239066 673.759307780551 0
867.229996822055 79.63940872600958 0
864.7630313191705 67.25186594213903 0
869.9212239929121 92.01964969403954 0
97.71650308040608 958.9905905352093 0
638.1992151037319 -63.98502269601618 0
620.7977030003842 -3.847112330083546 0
619.3562267034713 -10.34234564605729 0
624.2053903178424 -14.86349829338566 0
317.7274525086162 813.1681235264264 0
48.73529910436685 641.1207156052042 0
622.1473780258389 2.642500162764639 0
470.0109788729179 471.3370987877245 0
1018.056170478615 352.1428687988838 0
26.25330613062619 707.2960647484722 0
26.07439979297408 715.6672016711236 0
40.65602215839245 690.9761582373668 0
613.4428610746372 -89.82139457301656 0
570.3489599775614 235.8682154983396 0
389.7727800001663 539.0202421149222 0
455.6194405984755 488.2131865867814 0
32.6976317656735 844.5661664083875 0
87.43757177927247 724.5818989923835 0
95.3823743248475 728.9952340201023 0
95.47621483537671 738.1268428298547 0
103.3974427091122 733.4334798821334 0
609.5615173548314 -207.6906631322747 0
606.1425225228294 127.4617333055381 0
611.398047812446 123.4460772535824 0
719.2391003447063 174.4340529261496 0
893.6841127394616 -394.7400093853194 0
642.9795726688841 216.9715330168597 0
650.3569154356989 220.0478308954131 0
697.7165953115593 453.4735941870034 0
697.8791644607746 442.0432541981825 0
850.8377446782101 530.0533623755703 0
838.3338959312812 538.3489779835277 0
704.1786479407056 -299.2967410218633 0
694.7137650239786 -301.6498252270115 0
46.67636549667509 617.1248853516959 0
854.5494302628006 -161.7751112512693 0
157.9853239901331 657.5402586909652 0
628.3181066663016 -103.6611531429323 0
356.3251436698071 626.6083881793618 0
364.4384534578206 622.4002794921133 0
348.7271577910103 630.0621418347995 0
23.33838642541827 619.7544371450529 0
368.2773631095255 517.2634684110778 0
24.37205483238073 742.4766933244123 0
883.9871476499341 -68.16723372690797 0
211.156223917296 1169.033309392309 0
118.2750383024478 667.1153791899579 0
773.4867518684462 -57.73339190123212 0
342.522793008877 877.4040506956454 0
586.8793506772137 -201.4829555370472 0
585.1584378138448 -207.8241204099822 0
510.440323858777 430.9026411049297 0
160.6085308375708 695.0408806497189 0
1075.483603419814 107.594647985044 0
615.9455444579082 68.75345324819421 0
56.5672804230509 1169.570182968248 0
56.39561636806128 1187.896302033473 0
763.404681346935 -60.69271663710551 0
99.46364471793592 776.6518246508504 0
967.309124078337 113.6330772734102 0
527.7559725683612 341.7913914679679 0
522.0467593255967 338.2944124147926 0
521.9098692035368 344.9450788214766 0
481.7675556302414 390.132765941643 0
487.6324806918682 387.0678872335815 0
550.8949268896187 482.718658442836 0
559.7979659084435 479.0195573496865 0
542.9420610324149 487.349929891413 0
567.6495196984416 483.6678997035393 0
734.6477766781712 379.4398706030959 0
733.8562295755373 366.9247107340149 0
681.0229816989836 44.72446551352161 0
679.0330433837242 36.11459986001836 0
864.3074333327361 293.0487230839404 0
562.9047001414551 258.1417633598059 0
924.3885653179091 138.5899181450482 0
602.7817895895527 144.7571529310482 0
1157.683907740075 -97.38113901287841 0
801.8785755296424 124.6870619099582 0
1184.604457866555 -122.9311538740773 0
1188.759264850887 -104.2786121571179 0
598.8468760337093 172.9200167744401 0
523.4015477115519 508.2270572393375 0
1114.546749958013 -439.6611351911238 0
1119.578215234818 -422.6113421738985 0
725.1110239811997 220.3249309473138 0
672.0028967682645 123.0097687649761 0
589.7725016474712 -212.5209402042717 0
583.4980002086523 -214.0400559481359 0
437.1229923892673 579.4790996673715 0
429.9655368911695 574.1243119840228 0
1015.106399644623 -449.484906873883 0
651.4944804339547 366.0813985771044 0
307.3778368858071 832.5307659470058 0
893.6798580801999 665.6567077736577 0
892.050061933002 649.9604983620413 0
670.1104191718538 115.0500107078519 0
676.9923500845717 109.7172600528362 0
533.9154947382128 311.8439757671326 0
792.6784483623129 612.4166407487402 0
363.0091371792676 507.4913438886065 0
358.171228559016 503.5502673733541 0
402.6185252018595 526.6605446359508 0
568.4107914346415 474.7611527081019 0
923.8131671072733 -373.1120407402763 0
901.4148656094767 -254.0942508824738 0
911.251855143968 -263.734111672011 0
557.7966863653299 268.3812583775121 0
376.2621292582554 492.3182625895854 0
370.5229764246657 494.7164386265075 0
654.548893126854 200.9229423374185 0
32.94539751967894 869.2249723873308 0
394.8050307237261 1121.415754206815 0
378.9312485425113 1130.913014372276 0
363.1389736968908 1122.608994553907 0
793.5103487055594 132.3896226010647 0
793.7064456288476 144.5605253022918 0
822.8736129962817 355.1447424991491 0
824.6301983354963 368.1771035835624 0
232.6452259412874 1113.323846988073 0
79.31762469281352 720.2208854616977 0
192.3361088275201 1071.829274639908 0
516.2880299960186 341.5178740677126 0
516.1071133465765 348.0649531913831 0
780.0544383468429 620.5876571875192 0
446.841943839792 557.3148566591846 0
926.878140118236 -411.4406937129646 0
941.3173113693267 -407.6958699624633 0
945.1640173238326 -393.1870337338908 0
955.9101115941676 -403.8000390876269 0
951.9503762594385 -418.5816610143161 0
690.4295074276232 57.10368010248917 0
147.1491261677575 685.0486823016205 0
191.9940452541345 777.992767373634 0
96.40725507765183 880.7223434643349 0
585.5281442346061 483.0430978015243 0
107.49868615866 886.5798936367057 0
32.81919364945858 881.0484976353596 0
602.5461622861689 -135.4172046476339 0
1039.820480915692 590.9123471924133 0
1037.220924185482 569.9546602595265 0
265.3364476668962 999.9495674403329 0
280.2323934161342 1158.329488105933 0
498.9958629265892 520.8833560259704 0
617.8310883476023 -16.57176707164586 0
878.6631638561818 146.3208375954256 0
630.0059264339774 49.11337900509847 0
771.2924948866048 -13.5012056437521 0
610.5473898068991 -102.8747851797762 0
226.2322161872344 892.9160883345154 0
618.2704952545179 -45.10751459435497 0
584.9285364639783 204.6795922061058 0
621.560690894155 101.9814389750446 0
616.3838668822175 106.1408567190308 0
959.8030434254258 -389.006496724728 0
550.8982062381834 295.0872631751668 0
556.8892464973993 297.9936168700856 0
742.608527627464 -223.2481798285307 0
732.674963890163 -226.0223534756595 0
602.8083693417192 306.593363500897 0
767.8060474789845 301.7734467946838 0
382.2490688077147 489.6720805064801 0
681.0957038227505 134.3153872686393 0
993.4561273684833 -98.86115218939977 0
824.6770815459272 -192.4538144117256 0
1132.621555101002 -371.2629645811573 0
630.0907515507379 121.2906316447335 0
539.6586971644638 301.6981208094745 0
598.4831151383428 -179.93970177456 0
592.0410047613866 -181.8524350179828 0
593.6769539758977 -175.4534813871346 0
588.5691640103747 -195.0492724386581 0
503.1349854735386 448.0428973324772 0
627.8774310304524 -30.06349772244167 0
659.6208569901376 -250.9328074740798 0
94.07093006699876 663.3031455277659 0
88.11388792911369 658.6977598566995 0
100.0884764470003 667.9326143790925 0
610.2276067053274 103.8056502781325 0
735.1363816627653 -216.126753377299 0
725.4921662952286 -218.8008966654627 0
722.9862771113862 -228.601333221401 0
715.8328609136994 -221.6607332793801 0
713.5199362760637 -231.3662847002246 0
706.5701312533131 -224.3911817097765 0
704.2118020482834 -233.8274189212255 0
697.4147433424399 -227.0106897122901 0
695.0291801378359 -236.4123797048174 0
688.4187512652628 -229.5492474427067 0
1002.838749242025 -180.7153314529291 0
724.1301016803091 406.3404129849382 0
715.0529686192804 411.6930556918278 0
191.0313833569853 913.5657630786327 0
188.3212905817851 928.0356589535071 0
191.1733213472249 900.2605196838851 0
667.8945620576574 150.0518829241065 0
661.5486769646257 155.0423800898607 0
669.0773514687319 158.0305296199541 0
662.8397694787923 163.064612484536 0
881.5667151967382 159.6192618839843 0
787.7460354719429 -188.7930551170023 0
781.1048177304981 -181.6412405969856 0
1047.662874994201 -248.7287128709617 0
112.896389860653 615.4286040660533 0
113.6893205863326 608.8884267252045 0
107.6983986418637 611.4268829904693 0
428.7890113462634 583.3678488396805 0
421.8752898950383 578.0152046902258 0
421.2367887647271 586.801547048858 0
413.9238998367397 581.822906502797 0
413.241915736011 590.7272436962478 0
142.324090087924 629.0842257249133 0
609.5065285105831 302.451807458044 0
609.1739589091271 294.5077746547361 0
723.6079158310532 -293.8355139542106 0
207.0274156609761 1079.941344193911 0
1003.501121009391 -47.20430002480917 0
901.9484547414909 -37.12192937382837 0
891.5968305737302 -28.69775918739293 0
879.355199680635 -32.90613993914408 0
881.5298027353639 -20.02112127107377 0
893.9633669221287 -15.63837690237921 0
883.843400664132 -7.011263019527878 0
1041.714836637461 271.7353191736603 0
1043.967058825092 289.0907065762077 0
85.53747554177569 874.3470847469567 0
551.2298972986889 417.7225711987082 0
551.3668261878389 409.2163773243931 0
544.1971280322639 413.4054208060102 0
544.2500625173814 405.1643303983469 0
551.235911392183 401.0041755358682 0
544.1761616812016 397.200182219852 0
550.9956998622054 393.1263940939323 0
537.3254032946678 401.1602359190351 0
544.1269397386691 389.2976769416241 0
550.9088854665417 385.2443092239217 0
557.7880999336419 389.1140442740367 0
557.6916835686632 381.1692119719764 0
564.6472469438829 385.0122147206381 0
564.5568528289914 377.022761808071 0
571.5495028548089 380.8431059544489 0
571.3452151677749 373.0827340798479 0
577.8176520318086 377.1809375599897 0
603.4181840079278 351.1502481423772 0
596.1198475200767 347.2434008283428 0
602.9902269523892 342.7726458895705 0
595.9198228689829 338.8832292110275 0
602.9049738659157 334.1105361393542 0
595.7393490585384 330.5784461550074 0
601.9504358136078 326.8641631527076 0
582.3297248637595 248.5639438184387 0
328.3718670739096 806.5185197986063 0
799.3177845085793 222.2344503481701 0
790.3054342890155 229.8664786287557 0
788.4829861804498 218.0651892803385 0
779.7108831013135 225.9251782533062 0
540.5169393117318 517.0993968998165 0
804.2873566932187 190.9850656241827 0
795.4006168510177 198.5355644860447 0
793.3682652819601 187.2390891483057 0
784.7612339282439 194.5892246067666 0
726.0562078880046 241.4016422802617 0
815.5678281298888 41.23271035916187 0
806.829786782368 49.47398478310772 0
804.8246033905587 38.31003907543973 0
809.3006381429086 61.69478803372242 0
24.83390193652734 733.4456332886004 0
1191.137644825445 -171.7987393559067 0
161.7213771293038 853.796439251739 0
879.797386691429 -153.1828617283357 0
1136.631623557564 -353.1400804212176 0
874.6038818542208 -59.59415899348441 0
213.3885812954565 678.500338348304 0
987.9399463031634 -438.921015576733 0
758.1047501280273 492.9583792693057 0
758.9749431681663 505.9584505801805 0
748.1541125552828 512.9607603980387 0
904.6434503033752 107.1661895197788 0
493.3667434663926 390.5164744207751 0
493.4832416130376 383.993124615557 0
487.9520442419137 380.4209226092927 0
493.7383224602031 377.4037016870466 0
499.5178268287303 380.5765796573205 0
499.5053202989334 374.2310543323601 0
724.5538552261479 210.3568645560194 0
688.8646811162587 88.18492577317946 0
681.1731347933883 85.75668774728412 0
687.0246084768578 470.2869400049386 0
677.5853054393838 475.4816063984215 0
954.7589348000113 296.8555894200867 0
943.0314063990614 306.7414265071023 0
940.5412505270676 291.2361184399934 0
944.748697547453 321.4703797349769 0
738.5160709963511 157.6585611793681 0
736.8118967704851 147.7248048823301 0
742.8234203866069 121.4475112435196 0
734.9879566452169 127.656000268875 0
962.5267239470214 256.1678590971535 0
950.5689770543714 265.8278496046674 0
949.3895684865425 250.1232757387482 0
742.5742157851873 -1.469804520232327 0
875.8300382238198 208.8732813199331 0
959.0237613228902 -286.1325268092851 0
989.0837775298552 484.1328868047016 0
767.4677293293562 -85.11839543207364 0
969.8093983039723 215.4457522144894 0
958.0500194553562 225.2503911181171 0
955.3859482950172 207.4122071960595 0
945.0127542073689 219.01743709732 0
200.8335051903574 589.8182134857421 0
980.7170746142772 -159.5488228908101 0
662.8562901595524 -242.1412578679785 0
596.4279340792141 323.6358567850623 0
853.824523890337 -254.8554049950706 0
474.5340481968891 413.3577802263812 0
468.9786192685067 409.5980444605237 0
469.4628250934528 402.9528541983692 0
468.5354030973978 416.2145237338953 0
463.0705297898494 412.531755660788 0
970.6940530084563 -399.5439142308687 0
462.6136645977975 419.0870405306425 0
457.2015411745949 415.4461624654958 0
456.7406096732566 421.943288394656 0
1066.743943530335 250.355030657716 0
1051.080548374653 244.3990331471851 0
1063.739863272108 233.7136644429302 0
1048.315900442026 227.7336859401871 0
1059.926481556286 216.982091339598 0
1023.308733052867 -86.12168281559303 0
304.6941893804911 662.5295391166894 0
297.3368858869223 657.1400339491994 0
304.7202328858526 653.839970594501 0
289.1825057617671 660.9221605560775 0
289.9903153089276 652.0172640594814 0
545.2695221986573 291.6828438042165 0
1122.477946667879 -40.88845136632963 0
673.7624747128866 -286.5073485711874 0
1030.046144491966 -251.837662662092 0
574.9748577166797 264.2305763899409 0
1126.353047961335 -321.5517507245544 0
927.7960499146308 -92.60258388244492 0
924.9228938565193 -106.5344999162628 0
935.4014222053253 -115.9987871248595 0
914.4483301701167 -97.06911258537551 0
516.9508422617989 435.1271547394072 0
1140.059206334226 -103.3974517223115 0
455.3327040395785 495.9085916844939 0
978.4224496023362 32.0947166861199 0
154.4840608571225 787.1853731014485 0
617.9667511447934 323.6403185209788 0
698.7567306416888 -318.03057205695 0
136.5514886255361 611.4038346440052 0
137.236456316811 604.8794400390407 0
922.0667988308551 124.9308711636122 0
668.3129772004886 -182.8864423806673 0
662.2942417408117 -177.1318856223009 0
670.2687760885913 -174.7251891361184 0
664.1853300104933 -169.0896639872809 0
672.1209567233157 -166.6726244104367 0
666.0734313073236 -161.0453266125438 0
674.0362378717053 -158.5611964309827 0
680.1254118923757 -164.1133260395938 0
682.1108089433412 -156.0389296817678 0
675.8417367546774 -150.0489756310305 0
683.9539043212131 -147.5479244487693 0
690.1493357501658 -153.21487065482 0
692.1138984298509 -144.9783186987215 0
685.7673053511886 -139.0537163093284 0
694.0875851640698 -136.5575963574865 0
687.6384156816032 -130.6376820259236 0
695.8986473393541 -127.986427041024 0
689.4692905836187 -122.1197908793509 0
697.8001525351233 -119.4364729012925 0
691.337729525347 -113.5101670930352 0
700.4068851623281 -143.1290996579231 0
704.2369583992169 -125.7023746432592 0
699.6683413076864 -110.8519939225244 0
693.1872757676621 -104.9113975188604 0
701.5292838379703 -102.253208626599 0
694.9492871766989 -96.44314383887749 0
681.3213810885438 -124.5027671967661 0
686.7347765646276 -99.04939429261873 0
688.4923646197022 -90.68914764097482 0
708.1564572915318 -108.2007396272912 0
710.0037366649809 -99.58176289411303 0
738.8619967739506 -48.83720663880585 0
154.9583332390734 807.8974991497162 0
125.879096422103 603.6853249237829 0
938.7535245855502 259.4726847427782 0
606.6968765028178 188.4920485677622 0
281.9809681874573 655.7337650748589 0
565.8513790188456 -247.8195449623906 0
564.0605755962155 -253.9833300786455 0
86.80516839493727 666.5191810061647 0
663.2380745214846 -43.91211137697562 0
673.9062648031353 68.28244296377008 0
845.4177094188536 -153.1996055504434 0
474.4922531721214 543.3320426743022 0
619.5677121312739 138.8668425119055 0
57.74265708183236 1151.335929586441 0
1074.563777923969 22.65263002759411 0
792.015818323826 241.3774055318298 0
896.3061461153848 -2.613753370910258 0
886.1606382384317 5.947959942545005 0
873.8089039013527 1.523647854076855 0
616.2722507003319 298.2278223557893 0
615.9550941060047 290.133431948679 0
623.1343737693747 293.9336254466989 0
622.7639541008799 285.8132621152886 0
615.6134560691013 282.0533650902644 0
622.3671820066498 277.7277169061231 0
707.7474992645859 447.9225990722259 0
708.0951472743629 436.6933759156968 0
697.9705846890763 431.3315520059608 0
62.8579440387986 703.2322208014908 0
876.076961498675 14.34157263333737 0
579.6599149786277 -262.0803862887076 0
622.0132432468785 462.9107526558851 0
378.4875840321243 1076.813625740285 0
363.1033486451203 1086.052655316334 0
611.911034998325 -260.3315766406083 0
1012.576909966935 409.7846647531036 0
1010.400522874275 393.2166421148444 0
615.3167049943188 273.9952065979629 0
621.9849537937233 269.6617899799886 0
629.1371549638918 273.3777468913018 0
628.7064135831594 265.31392797766 0
621.5694451993579 261.6567936459711 0
915.5844983400841 -203.7150341722538 0
103.520115055714 742.6937846259154 0
111.4792093430049 737.9187929694118 0
605.0125195127433 175.289908943423 0
739.5625171024527 544.7128671060146 0
729.267138743814 578.6668205011712 0
1066.722455864558 -288.2661470673522 0
605.67105219224 121.1577113624248 0
567.5921418780031 -241.6236445653465 0
573.7702963606471 -239.9552157176948 0
569.2674700114976 -235.4261110725164 0
575.4065890329082 -233.7398068226436 0
786.7053718520194 -346.7485167396335 0
794.7073107874783 -355.6209597968301 0
73.37393194678144 1107.941396895673 0
58.48494655346583 1116.50842475594 0
58.81620133826946 1099.543400833075 0
225.4815203820358 1159.698287554192 0
945.6559354685844 740.646175339598 0
631.2685496634427 243.1709160619825 0
844.0283866870246 339.1394710989504 0
761.5620024665868 332.3578376493051 0
750.6723959845976 336.8878900109188 0
907.9836640245336 -276.7948143345305 0
921.1997688875127 -273.6214183528805 0
723.8259963738808 361.5504983000101 0
733.250187956198 355.905424512386 0
743.49358188928 361.2531457000894 0
510.7212149092851 344.6658723011677 0
510.5662195657629 351.1721989677199 0
515.9876436481933 354.6041535446619 0
510.1554263509755 357.6981280902992 0
740.7217922139457 330.9722890577912 0
627.6261625075026 391.1675679064763 0
627.7334810136883 401.1021707863455 0
330.4502986753612 871.3334399238411 0
1031.202094809322 341.95273227494 0
1028.925770469411 326.0059461383336 0
493.9637719890371 370.8561153355052 0
499.5430997461261 368.0075874412523 0
504.6103190132449 371.6031694700728 0
705.2127180026864 406.2300950525081 0
579.6576543086098 208.5776981138472 0
442.4741499797547 1111.75114057237 0
460.7146261069388 1103.72739996948 0
109.7532170539897 761.9249922685461 0
475.9061348398671 393.2014688165847 0
1147.365590564968 264.1021199515968 0
1164.885751148307 270.8608792117951 0
961.9426546153472 -178.1993074964552 0
1199.881174167844 17.51882342309103 0
1127.430608829348 340.1262354202403 0
1144.099503331865 347.3548848720902 0
1130.062818806239 358.4358701713285 0
832.1908328624215 290.733373357369 0
667.6722153257837 72.95491474785752 0
880.8550220393672 -299.0900795416666 0
596.5954526506267 427.8233650744413 0
621.328377521401 422.3197318941988 0
621.4341378246478 432.1818235104259 0
163.570723340346 1160.598183968391 0
163.458229185165 1179.052375817521 0
147.5394995067014 1169.98667344971 0
147.4591421995036 1188.620733182661 0
1094.40078360457 444.6854258390538 0
1111.506680165857 452.2348026759106 0
1096.566608703622 463.4056513425685 0
756.5590953987803 480.8399969135498 0
788.0384628201593 -305.1997906008519 0
931.1569835619249 316.1326516706949 0
680.07730788049 -292.9622675517836 0
671.3593961781188 -295.1733481914164 0
677.6458381195494 -301.6400738688333 0
711.9292014189559 179.9833081088694 0
232.8646431913043 670.0995783728932 0
225.8660399216731 665.3002787408464 0
982.3880839087303 -198.5932776639813 0
26.31825581245997 787.1963018900493 0
483.022324662668 521.6634553608277 0
803.760081547403 574.8080125481131 0
817.0386529758473 581.5186855568651 0
816.3294931124861 566.5077822715537 0
1008.050453067361 -314.5700428853482 0
876.5011965625228 134.0147684490838 0
696.2941912187794 241.5280281402285 0
97.58008890065929 918.6841553747195 0
734.4311580333857 37.7794916324858 0
24.27993289138816 751.6028583145599 0
423.141920183515 642.0966271349838 0
422.5029366122275 652.01265572978 0
431.723948440913 647.0529703727449 0
413.4820632158712 656.3729093628422 0
421.9796647818141 661.9613882892511 0
412.5285925875968 666.5811974942121 0
1104.21423962368 397.1367388426834 0
1121.453656865196 403.901962315501 0
848.523308213516 500.6246160349073 0
862.0319422116544 506.7939391800666 0
860.8076420217459 492.0556628937443 0
682.4121990977956 93.61488209644133 0
674.6476073334866 90.76725712172059 0
985.844225418021 429.7611136208964 0
1001.134517300357 436.4467833178181 0
987.0379867423803 447.2113594531714 0
826.2966869854137 322.9885633413571 0
32.04742580346667 634.6114861519599 0
42.95353740811812 1160.379397928859 0
1155.428751601316 216.031653505059 0
1172.959392439464 222.3715457414455 0
1169.79024776661 203.9495012331639 0
1026.331545270074 208.5577871518798 0
484.7434854061136 602.7387159698644 0
484.2186066566424 612.6548631731981 0
492.6393219962736 608.6887106229349 0
1185.72968893845 -33.9513220758023 0
669.2141872604159 363.8013406413691 0
635.9874565634132 268.9878940756144 0
458.2348904930521 1083.668866343329 0
474.5140168198628 1091.762953436856 0
473.6950343402521 1073.416925431495 0
490.2585158921356 1081.840732300613 0
489.5091726819179 1063.269140972434 0
505.8397795126093 1071.63223599428 0
725.9750923299464 76.58070362820186 0
732.6347090899369 70.47286548831457 0
734.00924128907 79.05867146441126 0
722.4761402981014 100.3811016592782 0
656.7818719715783 325.6953264525098 0
665.0243913091126 329.413880138464 0
664.5463842349709 320.375640380283 0
672.8979114240876 324.1764286703055 0
672.5182346061349 314.9392579730788 0
681.14979236106 319.2696829508325 0
680.5488518290545 309.6423036777846 0
672.023110749657 305.3298871322604 0
679.9334365150571 299.9726053186856 0
688.6092981748809 304.2766581077093 0
687.5943987332477 294.6336052722935 0
679.2140234692988 290.3876223269556 0
686.7864519548554 285.0529574682008 0
251.0756934570623 724.0355669270716 0
249.9126100396978 733.5325460530431 0
259.2065451845356 729.7012553337335 0
258.134931598372 739.6922571425745 0
240.8341113786365 737.9607168879528 0
491.3287908321499 1100.092930123899 0
721.0889340495588 -55.73218802393223 0
576.7670437751406 329.2738316199384 0
295.9821301484843 1147.433234770746 0
665.2485001347047 -2.255427779555404 0
671.2123594691393 -7.438629229064269 0
1046.421588228302 26.98684398357393 0
714.7030516440532 147.4543665084026 0
637.364436838782 -250.6317079029195 0
629.9064372705509 -252.6270424944056 0
645.139618187696 -248.192575219694 0
888.3108907993678 18.89734421759276 0
878.3881454283654 26.87180234651297 0
929.8496550814114 -150.3988510287685 0
363.3648227794006 1141.347989591924 0
347.0115017485799 1132.362935739156 0
806.1368451118444 -352.8639475618336 0
700.1771859115838 208.7369159086023 0
427.0352086718875 1121.620503838927 0
363.6496389302296 631.6455928377995 0
978.767678667373 -213.1123135660817 0
327.1462988193051 697.3905573369668 0
326.3598374010388 707.4126210146852 0
335.5078671250803 703.1469459054729 0
334.6941674709365 713.3014490839294 0
344.0166847697296 708.8967464712546 0
325.3877407872317 717.6506374061082 0
344.7777751013644 698.7108943656483 0
353.3436583319788 704.4283785956369 0
657.0313104204627 124.3460219935926 0
430.6927943643213 565.2869743527601 0
927.6555625529827 750.9282280635596 0
842.6744280781788 227.0152480768517 0
931.1939795853981 179.5525088191417 0
847.5093358062377 195.1859137424249 0
856.9041001401831 187.2154077339362 0
128.3368291361215 1011.719468303886 0
697.3323741461347 -292.4121323805384 0
1151.687180606448 -201.5786702505168 0
1165.318905215372 -214.0677667551211 0
1147.784505662892 -219.8114649947372 0
1161.395198348082 -232.3403149467805 0
1179.277439710049 -226.6303799496522 0
852.003551383597 163.5083645324272 0
203.4556243399377 709.1874004813517 0
341.500692241777 625.2632377007708 0
340.6256635857417 633.5225368897427 0
333.5418199666825 629.0644645830288 0
332.8776921456472 637.7116739135615 0
325.6075522022211 632.8662612159492 0
324.9925051801787 641.6031787185766 0
852.2299743403497 219.05390259391 0
906.4973434494574 -10.98245918326552 0
558.4004174496363 456.704024790753 0
973.6194391338779 476.6835963187007 0
971.6900299567652 -64.60936179023258 0
132.9924046654091 1142.488795869682 0
62.29240143395869 829.5074451637556 0
910.7975912924391 286.8534385491382 0
850.9053137445504 -35.63776311876511 0
363.657254027982 863.9212120319395 0
1064.081952940706 -327.8621052690237 0
1118.725360594257 -57.73601847742599 0
505.3327606648415 1053.467028946094 0
521.5173069924303 1061.680941457396 0
521.0253829382671 1043.582806319848 0
537.2784646771343 1051.93022330593 0
538.1181746041096 1070.535044671652 0
536.5653429686581 1033.533033272561 0
552.9010586539434 1042.060646426831 0
618.6788316476268 -142.815700554508 0
674.5365533482658 -219.3849447334024 0
672.3808884793272 -227.6749990874341 0
475.2371831133102 617.2303753493228 0
683.4612202010966 20.75531038360151 0
675.603094466459 18.20272186178513 0
47.79167906586673 695.0948404832432 0
41.71890793004458 613.0587359130609 0
552.2874630174888 1023.835542870445 0
568.5132452627342 1032.215396929826 0
567.9000345018286 1014.010712482104 0
584.0805079952424 1022.33868927657 0
569.3093260348209 1050.696030701934 0
583.4593181632688 1004.138366875567 0
599.6464890409078 1012.492181554299 0
599.0254899155385 994.2243577676809 0
615.2983247388388 1002.525359970804 0
616.0357197725502 1021.142242743503 0
631.7609070646779 1011.098703367215 0
630.9461253602618 992.4352489868054 0
647.5089312344231 1001.001344103438 0
646.5782442725315 982.3020439658727 0
662.8415186208344 990.9004535409638 0
662.3201801043172 972.103064969454 0
681.1120045016446 982.5237765441243 0
678.515150619212 962.1287767580413 0
694.6711240714121 970.6137910186853 0
693.9160551582204 951.8338214656088 0
710.4419644437041 960.483665934697 0
709.6149137079407 941.7521311154661 0
726.2464684761346 950.3565427778456 0
725.3894696421512 931.5953355241887 0
693.17563255905 933.1180268381413 0
742.0550788198157 940.2013514393435 0
741.1920690898133 921.408629175997 0
757.8903402046521 930.0279541761344 0
757.0246310298032 911.1987298736874 0
646.0079286765787 963.5877006030956 0
309.401957505913 791.6966223370852 0
195.4474872115526 586.017858212035 0
201.3819249334518 583.3005046498606 0
189.5050583071938 588.6486005962632 0
1157.226343331796 317.4176410779069 0
406.0155746376903 585.7750276874232 0
405.2589526579987 594.5513826455998 0
398.0634214564103 589.6346590635644 0
397.33087951657 598.2598284706319 0
390.1038736505481 593.3285073258369 0
389.3914595527973 602.0512887478702 0
396.6813813323029 607.0474334050169 0
388.6296920028111 610.9023484615972 0
145.8675529254006 813.3634511195461 0
33.67101143045947 687.0132807208352 0
26.77863966135503 690.8632943542073 0
26.81468612196811 683.0237907759015 0
760.5103151486135 -189.082398532398 0
248.1563103476602 662.5972692973143 0
247.6377077533078 671.2070282642277 0
255.4082668319919 667.414289726675 0
707.4321741511128 203.1620617910692 0
573.6523363375911 439.4362123456041 0
366.0726780907098 545.8183912593429 0
760.2753031157761 217.3523115718814 0
1160.739781717016 -309.8403072155162 0
451.4539893330897 464.8146182833128 0
772.889918239109 154.5339813523139 0
146.3810292220568 647.9520962993658 0
354.2019823549831 694.2899981808583 0
362.6911216180355 699.9967677269508 0
363.5503330425784 689.8270578010861 0
651.6914934626892 236.0738339016804 0
204.6393725542504 613.9815447257575 0
210.2144849905104 618.3693083474269 0
202.9770442886204 619.7571345159088 0
216.7657050777144 615.3742671084811 0
216.1282121668498 622.6484433374187 0
222.8047052161365 619.6099630811101 0
417.6248472902912 500.0211524980217 0
416.9723836422238 507.1674515576901 0
423.5974885473227 504.2841807004796 0
424.1315625066027 512.7542517781915 0
430.691921709614 508.5135089804483 0
430.5581597411011 501.1867960270382 0
436.946788857476 505.2371492397377 0
1009.176719788064 611.6618218448829 0
1170.489791987005 42.82893078724318 0
1187.948722905729 49.33946089269054 0
1173.878418680155 61.19273433959015 0
1191.449195681632 67.70488366338289 0
785.515017106309 21.89237167393851 0
794.5737062660467 15.55995668725514 0
792.9513241199088 5.40681750533308 0
629.9258664250315 12.0961366746756 0
669.6860127347101 -15.53623196974253 0
677.1157756521791 -12.79794621396843 0
675.5197242050189 -20.91333365666656 0
1164.557367224528 -291.406228247174 0
782.759377659295 183.5252634309105 0
791.2570109865297 176.2378550451713 0
43.61345438668226 1108.232582117375 0
43.09798065897683 1088.926482439902 0
627.9189792662105 257.3277930003758 0
798.7313177365986 -125.7256997133308 0
787.9201484706924 -128.9155969054441 0
809.5432910661145 -122.4013744463082 0
818.261505521533 -130.125046621739 0
820.7013676503598 -118.9176743707868 0
885.8476161246738 -222.3709180273812 0
895.4715132054603 -231.482710598387 0
116.9099774540594 675.0130736263778 0
536.7393359484461 425.673823217223 0
571.0440338021359 -229.2643783707165 0
577.0668814945564 -227.5522226234629 0
382.0648928843821 1151.045313322623 0
18.93910181208811 711.4902131958947 0
414.7003811490545 573.1391669842915 0
524.4676408779493 408.9303948821865 0
264.1355574175675 1167.796136430315 0
31.60354057895682 756.7537902351256 0
24.15280158137077 762.096916056028 0
587.7550814605448 -177.3012545769996 0
886.0210400730246 125.1380081153261 0
564.3708729092513 368.6417386620332 0
572.4151972978091 364.593104808744 0
382.0437323683809 597.2157178923695 0
1005.196057118094 362.2316362331609 0
317.7858855507097 636.8270031716652 0
46.60940895009709 776.520688588552 0
38.42610077897947 771.7413050876601 0
617.4565469482168 125.7289544877305 0
617.1398512065962 118.5671286831679 0
1132.199317301509 -70.12866755692122 0
593.0398785997372 170.1258200273545 0
746.1937320959582 -55.90416826573799 0
876.3579556817285 71.48803180676592 0
874.1241622207567 58.56515675426895 0
885.7766825197195 63.1522440576352 0
854.4558028532609 231.4769174345277 0
107.9873686863959 899.1950678249518 0
730.7741280367832 61.50795598458254 0
732.9356144211638 117.6983333375767 0
732.4153491122879 28.62430687497249 0
622.6605288675626 108.6024062032616 0
15.94567122324552 628.4115721553638 0
961.5715445381575 -124.5976177138103 0
137.8258670912191 673.7713985574081 0
956.5058291616731 693.3369248817146 0
974.426560336569 702.0014415936944 0
975.3788158586814 560.6080464742457 0
729.4993381217355 94.49441326713517 0
373.9205105819651 506.056716384011 0
616.3148894095357 33.57074346796774 0
614.9004523207389 27.43306240287595 0
715.2633155561166 -324.0405447738613 0
44.05284350013544 1125.574887117763 0
997.5371258454799 -406.5581075821879 0
588.3950816827918 180.5848709944544 0
214.4080330368371 886.5013345046528 0
225.8990427564189 879.6363579165242 0
740.8474422394067 -10.49106530816643 0
617.0616474817414 -149.4395204603315 0
645.8469853005663 249.0293771373894 0
1025.763884663395 620.0500147374632 0
1010.416090830319 630.3684644891795 0
1177.549012598279 79.83811119198839 0
1194.975818119069 86.21199382635351 0
1181.012517871164 98.41173116611972 0
1055.377568457438 73.79682666831636 0
625.074344742221 -116.752676182708 0
727.0759230779828 525.9190871721977 0
680.5246886476298 -93.32685590892268 0
682.278902871893 -85.04241698102371 0
690.2231499087977 -82.36501885338863 0
678.6805423942176 -101.5423564398722 0
222.2695066334476 627.231273180395 0
229.0824046586337 624.1225371158905 0
229.5897734424376 616.3587512290417 0
235.8997871039811 620.7930323467923 0
236.4548275414012 613.3104918552733 0
242.7136292408377 617.5605969046549 0
243.251592021384 610.1474851505545 0
249.3675888778761 614.2913108402065 0
250.0084139609804 606.9724907717805 0
255.7069652942944 611.0999464245056 0
256.6950345554073 603.7999382981179 0
262.9564655527868 608.747034874417 0
263.4505595109558 600.6811529142716 0
269.5505313035343 604.7437256114872 0
270.2097179194418 597.4690786961872 0
276.2992931061151 601.6100945742704 0
276.9730015491042 594.2926018605724 0
283.041722278872 598.447774520504 0
283.7459109490001 591.0402194510671 0
289.783702151444 595.2687905427986 0
290.4989988737193 587.8832833866495 0
296.5220279104499 592.1036645489057 0
297.170185994163 584.7327055753813 0
303.2470386337216 588.9421854184995 0
303.8227856754543 581.6159249764042 0
310.0177929897102 585.8203191976584 0
310.547399672724 578.4531393441921 0
316.7693235753526 582.6393830987355 0
317.3484569076163 575.2086622750141 0
323.4876616763901 579.4350046168388 0
324.1591806500169 572.1276758665749 0
330.218545444942 576.2501823362572 0
330.9271729420539 568.9571322918564 0
336.9622863595267 573.0027004567432 0
337.390080399562 565.997325237455 0
484.4135755196454 622.5748643771658 0
475.3824185584886 627.5408566123508 0
235.4400919502979 628.5665485488195 0
131.3748900321867 1179.859999659333 0
107.1749747370846 874.3386751523435 0
1175.059391959491 -244.5795993116932 0
891.5219546153185 102.5762246505129 0
829.6496754854684 573.3349720039306 0
309.1761865262703 705.7951372685726 0
637.5143094540159 -11.56282033283986 0
490.0260215177509 454.4377142590805 0
496.2768136107295 459.0827166741658 0
489.4239539490518 461.9562193845421 0
805.9444606550666 92.69564910064341 0
803.6379277726586 81.34761767732462 0
505.6958887921473 347.6840208848499 0
70.51193136489259 707.4745034286327 0
22.16247801608457 875.1169146515822 0
708.6551600799635 212.3266889357716 0
711.2163922736481 978.7960820737067 0
812.4624259134155 362.9731517911038 0
814.1194434587123 375.8830279666884 0
826.0591579522196 381.2019138900882 0
815.3788065727878 389.0242388951816 0
630.1369691239114 289.1689730483788 0
755.4844375947679 276.3860365453182 0
613.6020423876986 55.6560942263327 0
670.2314245878491 166.0774801217835 0
663.1763418806541 172.0784847399881 0
693.1398885095919 33.26363372375211 0
416.2795494125683 514.5155600127378 0
633.3067707086767 101.3216923564196 0
451.3576883980557 418.3479352605655 0
450.8715750441868 424.8153812825614 0
808.0460487125557 104.6993706999629 0
371.9596326985393 695.3821119152832 0
372.8906065533681 685.3523592019766 0
381.2918532315287 690.882963421867 0
382.2328700333037 680.8605136778925 0
813.1286353097531 -195.5767540499999 0
821.6451580122529 -204.0844309555858 0
826.1659030492094 -373.1533333880404 0
42.40369854897963 643.4612675809519 0
214.4877386475924 970.3862648399946 0
203.4565285750347 963.3285829964349 0
226.8083507785332 977.6531440666947 0
572.207339732682 388.6205999299158 0
640.912056297328 202.2302903497916 0
437.0743725225782 498.0522875719923 0
544.2647108329013 381.428347294629 0
206.9528217496122 1062.885753673967 0
614.5000157308136 -253.9548411892935 0
227.4796122175807 1177.974087349775 0
610.3529284553813 337.846402133495 0
1128.033733063895 -388.5591826639832 0
497.4034015555254 436.5180834241387 0
109.3069335813558 924.9378374436128 0
339.315849853498 812.2920484836368 0
338.7868359454093 799.8946475569784 0
421.3982091393478 520.2762754371329 0
827.3385692514994 394.7715161047675 0
816.7484310241502 402.1697317932979 0
804.7246315922854 396.7063158640676 0
805.973620993073 409.89385886975 0
817.5927634591976 415.9521294727736 0
807.2147779666224 423.0757370036775 0
795.2641014738567 417.492335400058 0
796.3890838645959 430.7082870903064 0
604.5371101649165 442.8227409690096 0
613.060442404812 447.5858576016484 0
1087.940763380924 192.0915940320097 0
655.4724740875988 159.8183274335985 0
783.3950290638246 258.5760117428923 0
955.8335740724046 -154.3759748253846 0
26.26683111325537 807.5975217046268 0
613.4901037525406 -12.33030307429891 0
942.1211428839216 171.0400029933364 0
944.7697812459667 184.183208698525 0
955.2552038030752 175.9471586472869 0
668.9799268102312 -303.881552807939 0
662.7441195246357 -297.4613750562758 0
436.5494268335659 1002.517530508865 0
644.4569908954745 400.6627831744482 0
1202.442072264017 -116.6051621877187 0
650.6100284455168 -195.5090721605318 0
644.9882084276488 -190.164392304014 0
1067.916964818531 63.66679579103861 0
789.3386703832326 764.4184161198556 0
774.3167695232976 756.4089021861348 0
135.8891262300722 617.9971219705631 0
568.2522473396957 254.7038918848195 0
562.7987582730775 251.6293810583909 0
195.1834998933486 713.0474661658624 0
187.8924972263819 707.6231234206275 0
202.8483875238717 718.0431347898435 0
307.5889952436756 746.4282972415651 0
660.1807925389937 104.8773291066059 0
883.5490270936805 50.10192543127003 0
1070.713680988299 79.93067629850052 0
766.9542439044933 291.2629618371932 0
718.4273678099365 123.7665940276543 0
373.7195645456507 528.5090791588888 0
444.259198273723 585.1990664144487 0
788.2451903958945 730.8669588171665 0
974.8910992961146 158.6568135335646 0
631.5905167283587 -245.0152949679469 0
706.2457643249489 246.0790741500475 0
697.5360775845021 250.7836402461098 0
528.2966840311279 315.1097645572637 0
978.4955623135595 -103.7622583187481 0
443.1144522480723 502.1894078809688 0
777.6530765380793 214.6302456707473 0
978.1897216735417 103.5503733047611 0
963.8988364454951 99.07066426552845 0
81.20393081870751 661.4779540898403 0
82.17263572793573 654.1443602056197 0
75.40511993765071 656.8009998257128 0
331.9763788214327 883.9720273443536 0
612.8634261597296 408.274968336537 0
663.3170459074705 1008.296762264518 0
527.6915192431674 480.94849691881 0
527.635310086268 490.4691262137124 0
148.4083255891825 1081.467884566242 0
148.2098454716414 1064.704651270963 0
162.4321937289141 1056.257542858177 0
148.1001577228562 1048.295255756096 0
161.6299286750153 1040.711323894523 0
807.7082804904259 437.0588760730055 0
797.4931820160032 443.9256310902558 0
785.4971342208197 438.3740679889054 0
786.6255840869082 451.4936176188373 0
773.390473776821 919.8544190666905 0
772.6841384295494 901.0298549077236 0
808.8985112491429 159.6974851045474 0
625.2033791069485 -197.7515556389432 0
631.9003010481649 -195.7625396334311 0
1002.458198852989 454.2900687005941 0
836.1483620176026 -336.060072933542 0
823.8866487486262 -339.4413101228191 0
177.8049557962931 917.671609476082 0
918.1082380695013 -286.7127269431161 0
931.7349456646704 -283.1722462732441 0
172.0513022790767 885.3297483165404 0
287.6236536549494 715.9554777826625 0
278.3214606957026 721.1243250076711 0
1156.769359652319 -328.6376296824824 0
255.4583960825286 618.5937831962018 0
618.0049539767285 171.0878089719224 0
180.8070583666783 633.0069659007806 0
187.7144401600978 629.8832743675993 0
354.4937403648022 884.2256560980302 0
577.299340393571 351.8127205346199 0
362.9796985250044 1068.603439179872 0
516.3486720151556 335.0252001974827 0
803.0580072094299 -364.5518267280112 0
1039.930249969243 -214.4223445098251 0
796.4466206356294 46.14985421062389 0
1180.597295199635 -71.65979088419834 0
1197.544728248352 -64.69219950952393 0
846.0167741267999 307.7539742597912 0
745.1486407667709 7.719814408074203 0
871.2482281488988 46.5691102173767 0
86.10468622665437 965.6776504085058 0
74.3306243574373 958.9465578794152 0
74.03974782832724 972.6258200355338 0
62.0867753354738 965.8621882373768 0
62.03661558143562 979.9412641326853 0
49.79130718242527 972.868080280357 0
49.74720550552865 987.042963441716 0
37.42827159864814 979.902066774434 0
49.95939227781996 958.7786855062717 0
37.53431543573063 994.1952683375144 0
49.79304705940957 1001.42602626919 0
37.40247452576128 1008.723234857823 0
49.93700886311628 1016.120493392319 0
37.42402253003816 1023.562394696939 0
49.9646378693898 1031.066272082216 0
37.2585489214045 1038.703673107612 0
50.04692532171855 1046.275452085645 0
691.7832702299904 105.9368125932058 0
700.6295057491786 -5.8418628367764 0
455.882586872546 428.7524898010469 0
450.4058915532532 431.3052469606882 0
445.0164449185243 427.6541803919604 0
444.5297217486509 434.0927360958802 0
682.7318484395792 -251.9400119935226 0
736.0293133470831 47.18842455895965 0
455.6727790604894 481.1463773728555 0
817.9730215721648 596.4991435603426 0
279.0508114674375 1007.028800929025 0
675.1510532097468 -310.2895837666872 0
347.0993483279554 1150.854652356174 0
660.8712397589047 196.6734962016117 0
449.2561080198928 491.5083596534862 0
972.7332883952001 72.95710732536445 0
970.1485308873841 57.86915010786905 0
716.6720291089574 -105.6745519334381 0
714.8391152681576 -114.432175903142 0
723.5528800146845 -111.8719429886912 0
721.7260051340996 -120.8422129009596 0
173.5805796648687 788.7747819815195 0
173.3875949727242 778.2231788678553 0
814.1039505964327 -57.94903539799098 0
481.8878859351864 548.1036586788273 0
617.5699768249503 39.98446051259588 0
252.0614632853311 992.1582962877835 0
797.6385430176139 458.1146847743433 0
787.574905040118 464.729648313163 0
775.727110518437 459.0010106490749 0
233.7619570685847 1095.173851488542 0
248.9912770381193 1086.070305200608 0
1204.928321084533 55.68008425191648 0
969.3076454770932 -352.1921653267999 0
329.9453406438137 583.6000852652184 0
621.5236712430928 -283.322252544453 0
616.1958811564774 -278.2715430504699 0
16.54592359994229 738.087375242814 0
218.0644436673675 1104.447495416898 0
319.2537080126079 877.8656811543275 0
1008.312163283164 542.4765873164846 0
934.7873092718364 129.8146820967523 0
859.3429527319219 255.4624655609619 0
54.76400731246206 781.7227537061409 0
377.1873313158008 485.8759984722643 0
382.7017717097161 483.1667234067507 0
1075.151904400962 -191.3897586750468 0
155.4699500435367 818.901609109375 0
289.3264537631306 953.8511282905835 0
302.2906769357883 960.7835649722643 0
303.7724238563252 975.8370700926537 0
316.2004040301736 967.9843765488467 0
776.7507935592481 472.102072290366 0
615.011313627559 -33.76948575767855 0
937.1689303740123 143.6012760210547 0
721.0962833590089 140.9755420067252 0
710.1755008794971 230.9725208567136 0
869.9404669381458 -24.38204279601153 0
611.0161326744719 110.3900416188579 0
605.3473399456618 107.8497079572057 0
616.0908463867622 0.5510231778286951 0
617.2919155102646 6.929283854860484 0
608.5287462723151 278.3563937948211 0
580.7830387379898 -203.2576758986573 0
683.1714662263385 -18.56478699842375 0
681.3957180848732 -26.58757964753031 0
673.7106770156906 -28.84492282299557 0
118.918661370733 892.1830965431402 0
756.3742674117167 892.9043767183354 0
771.7985373500933 882.4603518001343 0
788.4073155392275 890.8431821374891 0
787.6597971749798 872.638898147974 0
803.2923628168203 880.467320773811 0
803.2203384369355 862.3868298578896 0
820.6415906216866 872.3262278755712 0
818.6651946735089 851.5693941287918 0
835.4411511389476 860.0307948167908 0
803.5755934688874 897.8394641997043 0
573.1671258141403 -263.4008931866618 0
588.1382014260403 441.7461114317928 0
330.0044968088615 1142.68527554454 0
330.3785883794366 1159.923781857876 0
282.4288169454143 605.8874776976578 0
47.3303767762669 757.0295039918387 0
629.9537869263469 38.22897753146107 0
490.4314179246576 534.6421369649142 0
740.5931748222115 557.7759872996967 0
587.9675745242901 -218.8666798467305 0
593.9369225798782 -217.3020226915654 0
19.95012509444944 686.4954265578017 0
20.1188582398363 678.9171701601064 0
19.84718731250426 694.6192511944158 0
202.4713828140374 934.1971811679559 0
190.9616901626838 941.9803904011783 0
724.8278842650518 913.2298490200434 0
214.4503590821266 873.1227411022164 0
225.4169056016462 866.5208404061693 0
531.100572903784 531.6187183061288 0
756.8530618383357 -342.8288408925426 0
749.3240853830031 -335.1993263651361 0
1138.236838450812 -188.5455860072424 0
1044.386811018071 331.5792636217566 0
873.6458466263532 497.9716941919995 0
872.8300131760876 482.8407257604757 0
576.0454578236729 498.0688411137717 0
518.7617503374765 494.5643340320314 0
278.5327071294255 711.3908454249079 0
615.8207291272809 -27.63907090256881 0
515.6760039820163 360.9926098421976 0
1011.03272931861 304.5577476832232 0
733.7311034612361 -32.52117179819295 0
573.6554797059891 448.5916379152834 0
1153.136152459306 36.0444884238637 0
76.51207039312041 649.5876718186466 0
69.56496098860772 652.3624939201445 0
1009.645842397974 -225.4767270403707 0
292.5078729869007 998.0259786723551 0
873.1991407389673 120.7152039409864 0
976.8332158006376 -427.6558573126333 0
850.6837176540535 542.5247702993618 0
1194.48665971009 -153.9067671741315 0
1143.453553527222 -237.2814549866854 0
861.1840596244081 -43.39781646955583 0
589.6371072516883 335.5067589935245 0
658.7867000173864 474.340313915282 0
658.5023065882574 485.2851654723494 0
648.83251735058 490.5142402050416 0
658.1144492970195 496.4539962072056 0
648.2951652220393 501.7922861370303 0
657.8459498124238 507.7651066878386 0
647.797289374095 513.0393550811991 0
667.6844134167204 502.5911528531845 0
638.3123956387853 507.0641503119355 0
637.7862667448443 518.2290679112409 0
628.4932699114649 511.9297676106017 0
627.8659467669157 523.3069618501345 0
672.369125151735 -96.37884851259744 0
835.4299505989402 841.2605111863597 0
851.09214423289 849.2383783371224 0
850.8890815788104 830.7614580599588 0
628.5449189144075 -183.8124458882061 0
913.4135903380136 -314.1518438577668 0
910.3227012534916 -328.036094712235 0
37.26713052098066 1054.155514948732 0
49.94640151481524 1061.5932441092 0
1146.292430951171 -384.0874654782823 0
95.47186963934277 747.3997861604441 0
871.7054479894088 -72.11176896615297 0
864.0857405449776 -63.18450164855834 0
113.806712139379 975.2008355404196 0
211.8736695401392 1187.570569250768 0
767.3649655267677 612.6148340880801 0
768.1449869516741 627.5113407672018 0
856.8112866606538 132.8018189224491 0
348.8262726232762 1077.230169509076 0
644.3108475277679 175.4699369742981 0
650.231405158591 171.3194695098443 0
695.7862992119885 297.6900385983986 0
587.8341322859699 245.77575445404 0
670.2518260878021 53.6508277861104 0
665.7522758887566 100.3670130036531 0
283.1544882253138 646.5783447979508 0
859.7013856727405 476.8592088443855 0
872.0148116778896 468.2345440927777 0
884.6053315717866 474.3889521724512 0
883.5966330040701 459.6874149146136 0
726.5051098778977 168.9445982914171 0
487.6992350853164 1045.696048294302 0
504.3034144207386 426.3815560689418 0
1197.792808754211 104.9194815273247 0
1184.418657435565 117.0523799438922 0
1202.149834695761 124.1137438564081 0
1186.667847277855 138.55329037468 0
724.3862309063531 417.6961968619446 0
759.6540029852506 518.842567419688 0
179.4615271928886 1188.23867391406 0
585.8785820367779 -183.5440453765127 0
347.3682550629293 1114.190546762248 0
781.710135401829 -9.549984447579414 0
1092.863661215108 -397.5667686605671 0
921.8432030469203 278.4953282245276 0
439.323059729358 430.6940437114707 0
438.7228809376723 436.8908869103632 0
433.4524264531852 433.3740907178149 0
432.9659593066602 439.6490217514266 0
441.0558606013252 935.4721967215975 0
455.4115376253491 942.5090070565502 0
456.6785353036787 957.5100132808057 0
469.8473432845149 949.5119532729738 0
468.8790761025569 933.7241464125236 0
483.2514497509108 940.8116791361708 0
482.4769688726466 925.0022796471462 0
496.6934969921314 932.0487355240696 0
495.9284986308595 916.2491945080728 0
510.1012890782484 923.2791152375718 0
509.3571561930456 907.5352782724332 0
523.7770870380079 914.9737586587116 0
522.788773387137 898.8742938046269 0
537.2046141514827 906.3250833017497 0
536.1811175620884 890.1869972373862 0
550.2644045783217 897.1386626459162 0
549.4865245031588 881.3898197507124 0
563.549472854642 888.3190287996524 0
562.8098206355069 872.6344335721465 0
576.0461175318377 879.620226107486 0
576.0034676273889 863.905419249365 0
590.6262842020816 872.8915013385116 0
578.6781212811236 896.0984125541863 0
589.2603714695427 854.8324921290575 0
603.4937970167382 862.0191279695918 0
603.1987504459092 845.9462624050944 0
616.9589186589837 853.2771089385028 0
616.4404561020981 837.4711956920301 0
630.3269178926887 844.5812871469741 0
629.5127988646152 828.9899200439477 0
643.4049006117664 835.899715062587 0
642.4852112153568 820.4361086107189 0
656.1776246421857 826.3951097506279 0
484.2138306398589 956.9422654368308 0
655.4030334178951 811.7138537999591 0
669.6981921255663 817.5110645428568 0
668.9622610356012 802.6269905252567 0
683.7869848735983 809.4636096457895 0
684.861438187068 825.6320612707765 0
683.191307808981 793.8951755667109 0
697.9810603166648 801.5993908502738 0
696.9218585353267 785.1943478310887 0
711.6046328360304 792.9257054879128 0
710.5574493248946 776.4306372348888 0
724.7408827789405 783.2763285163205 0
724.0792213935417 767.4012229660043 0
738.2891893300075 774.2349249268418 0
617.1192557609455 867.8776013694587 0
601.174202992698 131.593312569851 0
589.4567863094649 368.739115297539 0
626.8422340968342 -288.5503551371836 0
634.7022608823793 -287.8329690231292 0
737.7196806194216 758.4575234800174 0
530.9069957328197 412.7997357769685 0
803.0711956197676 10.10861538680622 0
1051.803464730683 579.8167499583363 0
1055.27447778269 564.3518477484647 0
770.9996494351102 -67.99683647044986 0
1039.307991496731 140.2208698941907 0
804.5057288895694 20.56193477989861 0
18.73087715418473 719.7665352772457 0
1042.929075001628 83.9521491160336 0
722.9372765789203 150.1403921529638 0
792.1254764233391 -219.0409252454889 0
803.9070892741412 -215.8475507335282 0
834.236556219699 -382.6040273394474 0
848.332635763584 -380.6782698946179 0
618.1895773643979 -199.4658713894536 0
619.1304930737385 -258.7039121288699 0
686.7395321584245 481.74311652136 0
572.6029779785877 -223.0543917359172 0
390.5420899024031 686.1838388830089 0
391.5769883547937 676.3393906868358 0
400.6857591383274 681.6156497143991 0
860.6229091919369 100.1488278554692 0
723.4666586540706 350.6114832168188 0
870.4223507776574 453.7138219729763 0
882.8226157105711 444.7827791021587 0
895.3375360991672 449.9335225635907 0
894.6128719353342 435.3547726676937 0
1136.097226023319 292.7470441807983 0
94.42800907558689 719.9209852662061 0
168.2888101779239 691.5599719503319 0
167.2096712423165 700.1461960175144 0
1020.712855257811 367.2997381230671 0
146.9040275359014 825.0949746302558 0
155.7517121475585 830.2462613532897 0
729.008243023464 177.4145898128159 0
619.5482406888815 395.8849502038078 0
507.2883192531358 508.0616184769823 0
819.542470691606 342.5443024046386 0
788.0210800681464 476.4204934724276 0
829.6264860982049 -126.784942108058 0
317.4320108886677 645.4881381826428 0
311.140490635519 641.1155914068074 0
202.3441272026258 783.6880095150632 0
164.1788538302081 803.3283870456231 0
774.7254299342376 190.6527295548776 0
898.7279910197086 -218.7012362586796 0
477.4132748098894 452.8492288260381 0
403.6804164531509 661.0752857217431 0
403.9997660644665 512.5055516272247 0
301.077232649365 700.0197931028808 0
609.0112100155737 -248.7925624402958 0
1041.70007318033 316.0026226041859 0
1105.06962671197 -45.26922148649471 0
881.0595512367701 430.1769942796101 0
893.5411308679442 421.0142562385752 0
907.2094678662967 426.9375993426495 0
905.8402532576916 412.1785848389154 0
607.6206189767942 -214.1556508334041 0
234.7972762553979 1131.885439597083 0
665.8772029304524 134.9691911023195 0
365.6712590076259 596.984086589561 0
839.6188676547588 271.4056790237154 0
523.6372057730506 431.7825750842565 0
523.196362155659 439.0383711207879 0
674.1472269687549 145.5740034606229 0
643.899956325273 850.5380004779706 0
851.1695101659529 275.728577330708 0
732.1700083286971 -13.84270990993302 0
636.3503630569148 277.0985339794804 0
652.290344101381 395.7757231299948 0
851.0335097148679 -267.5160901402145 0
379.2940590896251 532.2866233595576 0
882.0705627318252 -80.89395187722317 0
1143.462239624376 -401.4822067755538 0
706.1093778809083 194.0871516426966 0
714.8505079019366 197.4131969010517 0
764.1408079772007 -16.98308917092428 0
931.6410173523738 115.8160251605142 0
891.6145085294879 406.7305474602879 0
680.1505569817427 328.5950356644803 0
452.0804851538162 411.9185172274499 0
120.2719926426737 652.1062922568595 0
598.823608101268 166.294404497446 0
592.4458498958498 163.6289364404998 0
678.155112024441 281.2669648952948 0
686.3708185613664 275.5285021944468 0
694.4657709288997 279.3107552230364 0
693.9730706996215 270.0199544329434 0
565.3477341431053 -230.281704012032 0
679.478096197484 63.47285245447549 0
686.1217338751454 265.9469366219331 0
1064.40160367279 190.8524523924384 0
443.5755540433483 1130.550365642197 0
1064.964159546615 48.45923740031193 0
639.7872523063462 254.1904533729702 0
1057.762165166691 160.7310764007404 0
1072.602532559637 166.3611348402772 0
264.6153113367606 1013.983540575046 0
924.0785393234324 -259.5576832011448 0
537.7994924880893 385.6552580458329 0
622.5973976387191 -204.6270108493312 0
145.2416580613865 692.6555331939426 0
139.783551164285 687.8047161674881 0
379.6063630399661 517.2073531943902 0
570.0414430971306 229.6171505381373 0
564.1019342849876 233.5795609650877 0
565.2851279296175 239.2938067813817 0
646.478377350928 256.8540411273108 0
1147.377753599222 365.2960985258061 0
528.2312029260642 308.7281961382421 0
108.3969686853569 605.2626593650248 0
102.5121881723592 607.627396240558 0
101.7375204312705 613.9273982472956 0
96.5968682036213 610.0205295377137 0
95.77769954468519 616.4107719591811 0
90.61648527261488 612.48257938351 0
89.40300076743179 618.9713956219715 0
84.55289333612299 614.8803409419795 0
96.69689996045555 603.1397185779291 0
85.31335896344021 608.7697969830339 0
79.49500179912535 611.0250058800763 0
78.66347847854057 617.3491527051732 0
73.58010701266699 613.3996349904614 0
583.0576012605914 324.8766833672441 0
438.1880335840671 443.2611132841108 0
846.444907123912 318.9935819564212 0
1118.690787067841 385.8906649708319 0
1136.299224624068 392.6550845423596 0
1138.639063529501 410.8244292712957 0
664.0337060910551 -229.0969182912509 0
948.0477982247892 -379.5833762397754 0
931.5618989904943 -137.2644867158844 0
596.3779128372815 310.2612416250726 0
603.5446367230452 313.9749259782129 0
677.2181906555867 486.9284546160471 0
804.3757450709855 843.8441621937864 0
740.2115771050309 64.21830159247921 0
796.7657859199941 100.5524568836574 0
325.0710838437355 650.9843759495898 0
894.639267199296 682.3348498920349 0
880.6016728428792 689.8916988673151 0
908.8461898068307 673.399873164369 0
1179.878383811466 259.6903523426031 0
1183.030195236573 278.6438590837457 0
1166.775616893203 288.0328618693568 0
679.4408286228331 -34.11929874525984 0
687.1915994006541 -32.22411393928197 0
921.9957762908243 -118.4844912517653 0
190.2689041047483 582.6581730667054 0
1208.243007069106 -167.5357158052965 0
613.3638043361551 49.29937362655517 0
333.616893658154 723.2374746781439 0
324.5544947428932 727.4543511183484 0
874.2077665653657 513.0487264590057 0
648.2755571405812 525.1649823086821 0
791.0648294727052 -366.7158514608815 0
618.8992210278813 516.9087250149237 0
618.0440868059474 528.4562992859696 0
626.9352428632504 534.4101835499248 0
617.3742179308491 539.648352117709 0
608.0817552823545 533.6468599604603 0
607.3573816480032 544.4954454860083 0
598.1133650865247 538.7028477919238 0
597.4548943300604 549.4343689442915 0
588.3003976922693 543.7261991202029 0
587.7721395212261 554.6077558923432 0
577.1917012076176 547.2447741543929 0
577.8368375895496 559.2656309473125 0
621.5748288823162 253.7096046107906 0
317.3685404333249 568.2458977312164 0
758.4234472391577 342.7589811303947 0
960.0875477360825 488.4133466512321 0
372.3384933672729 549.8200997790218 0
365.4306200569877 553.3802190615033 0
731.9168153249553 102.6471991612733 0
319.2462540821369 627.7214713572134 0
748.8395422100471 525.9510432928273 0
699.0470543883093 -218.4675409677322 0
780.9682362369434 172.2263962574836 0
789.9524448872007 164.0255502583302 0
215.8084615819098 983.2342179669877 0
449.5696513413221 438.1044236962734 0
944.4738009863133 120.0061501275455 0
623.2656486023594 -20.7027074797548 0
628.7043874805962 -18.49547740269636 0
36.89608269785514 1071.617490079086 0
623.4787006833719 -147.7845223350562 0
622.2352520928945 -154.0983671727731 0
703.2117851018847 478.3072692062974 0
857.8113900475039 199.9434340656645 0
533.734326354723 345.0350976912151 0
539.5498766751111 342.4806780436204 0
859.7262942005237 153.7862896864567 0
862.9697546363583 165.6703114104642 0
963.7130763305796 -374.1270332070389 0
666.5314393112061 338.1697836366603 0
408.7710153825537 523.6413668597397 0
395.6197619839292 615.9635117448141 0
388.3947424880035 620.4885700342411 0
380.6772585144213 615.1416685977593 0
647.0832597904815 -182.2280109865526 0
551.5246796721069 288.6004319514605 0
545.4208018277019 285.3441563953353 0
114.3619835099355 602.9610456501991 0
298.4934097546123 1167.103882564184 0
17.15358257104766 802.4415437780332 0
131.791019586108 1197.627069532859 0
147.8436323164387 1207.559392635928 0
110.1306449347348 728.4742913315229 0
119.1755902993114 731.3002205902835 0
119.3403089330258 741.6923350949837 0
751.4267807839257 762.7559123280469 0
750.9331288498505 748.7811603533415 0
474.0067665573773 552.3263319236044 0
466.6170088027766 547.1830740201838 0
494.4998552262423 364.46593817536 0
499.7252035652398 362.0596742164425 0
917.5366854361719 250.6095881042614 0
926.203536716269 240.4459268088113 0
420.0337987486528 596.2678522223074 0
47.25695132345172 648.055683728513 0
53.73080142105491 645.3553979078738 0
828.7664024764955 558.3737670528787 0
814.8645751024889 552.2601715003354 0
752.3239533543905 782.2946454194944 0
14.96501020599777 634.9663806825473 0
649.3717021162722 212.2904964717877 0
656.5896624709192 215.8532656870873 0
657.356257521964 223.5264973612266 0
415.8541483965466 983.8263815509371 0
401.7708119256682 976.1301708679596 0
957.5675268316633 190.3191822050614 0
708.378105860044 460.227248067475 0
760.9052875718287 -70.6384208812957 0
738.7052721980442 95.79295330915286 0
658.1623551978514 -163.4546491450783 0
734.2603014918276 400.6046664408229 0
1206.224513927411 -98.04297055613986 0
908.4862322708452 1.497552271218268 0
919.2466415081155 -6.487018594389676 0
923.662800652017 218.0914145785667 0
988.0616363438478 -50.55591640544318 0
991.9488629305133 -37.31479512204019 0
774.9025332586749 273.5708862111198 0
983.1215620906394 -74.09956265824127 0
1018.12734987197 262.6673149085767 0
666.2484897108131 186.1538361442122 0
918.9676830509912 415.8065585362211 0
918.190452415853 403.2389133295397 0
583.7170312292949 347.7969192698968 0
1023.432041382906 223.1857757532686 0
770.6226182897457 -23.30209456397962 0
763.481275621032 -352.599274878169 0
373.6989780205026 886.2553813479012 0
385.7473854522126 878.8007062299508 0
398.2605282027707 885.1326739175139 0
397.5537480900217 870.920563741402 0
385.2691479768614 864.4231711020589 0
397.0081942746269 857.0230700233265 0
409.3473034339887 863.2407528439398 0
408.5865757221852 849.3578583060727 0
421.0254412142913 855.6057368626741 0
420.2848425031852 841.8485906734925 0
432.6871163847254 847.9664899960354 0
431.8799993096194 834.3956089607742 0
444.3154549330835 840.4563094002003 0
443.5128752969918 826.7795085774352 0
455.9304803390044 832.8984513977686 0
455.2516385592172 819.0769661245109 0
467.5494770858274 825.3266807726714 0
466.9947071500586 811.7743922405066 0
479.1609405003528 817.8277813497526 0
478.6075481904581 804.3001327420943 0
490.744011310607 810.3187083161124 0
490.2152171501492 796.8389143323552 0
502.3189993788004 802.8143418143537 0
501.7897471179313 789.3392374247412 0
513.8856598347763 795.3063508410216 0
513.37010312196 781.8547638223436 0
525.4524236075838 787.8014368147602 0
524.9364295556595 774.3472417731605 0
537.0221876767891 780.2936912381322 0
536.8043538234585 766.3468719636853 0
548.9235916766494 772.9329409781742 0
548.8596090953965 758.7309548787289 0
560.6588498009805 765.3700234874523 0
560.4124596598654 751.3203336394255 0
572.0205240408859 757.6406126148695 0
571.5962494596471 743.7935135321615 0
583.5122882470266 750.1080378449653 0
582.6455092630337 736.5835707940028 0
595.0439251397323 742.6175919894665 0
594.1391547278469 729.443491961564 0
606.6752478913152 735.1340970531887 0
605.7148767934681 722.0647310772283 0
618.3591610830638 727.600639772049 0
617.1479245483009 714.6301378747195 0
630.0511604278747 720.0350735042186 0
396.8842161579142 842.9904726318869 0
628.593570123677 707.1744597047199 0
641.7744817986372 712.4473522013745 0
640.6794429344344 699.0009665983994 0
653.6390827462317 704.7178208473739 0
652.9919049124192 690.5945938559303 0
665.5939372464911 696.8591366127661 0
453.9931946572228 806.225630290199 0
630.904033545795 733.8631052466327 0
479.9107570554654 831.6429088197466 0
571.1605128084477 730.8661853218182 0
665.3010191785412 683.3795682918703 0
677.6035059043103 689.2540861313494 0
677.3246213651738 675.7441636741844 0
689.6077045307375 681.5527351979679 0
654.5067293094988 718.6831360300123 0
442.7846075734004 509.9500781889431 0
449.4152768869463 506.9013492226437 0
495.4178439498781 466.997214808859 0
561.2120123036643 -243.1082756788943 0
684.1677495803374 -307.762324918403 0
667.5513989499467 513.9025821526616 0
866.6645822557566 838.6256725790367 0
866.0616820294524 820.3968286707897 0
883.0820181970516 828.0672677585618 0
881.9563103814885 809.8828295971113 0
865.3367866582279 802.3078619169507 0
899.7432561998194 817.6589153196679 0
897.6205716799851 799.1734652498674 0
781.211323392817 -65.03832608767902 0
184.3479549849976 584.8572572677217 0
686.77962544299 493.2109917142818 0
116.3911677033031 1189.194045714356 0
106.9817200090147 664.905473597451 0
105.9988324806025 672.4912709330769 0
941.8712302514461 204.9876954443035 0
974.1424375074403 722.9512009000592 0
610.4476065650138 4.234230319920441 0
612.6372606511578 11.03671656655739 0
973.0918514220131 684.0474721148463 0
636.2605891644764 51.00131447864922 0
637.616483284359 57.80174255853763 0
127.3250410987657 737.6242512719011 0
552.1739566370977 472.5069297571362 0
396.0628133450468 529.5666651638562 0
402.7677356027929 532.958684992778 0
1045.067475600501 211.253949704321 0
25.02232196662095 988.6776269220038 0
568.2768531374646 248.1152482404906 0
510.0533711593321 437.7657900538454 0
1112.28332795008 471.3689598678753 0
1098.370596979866 482.4985415737222 0
1081.31290492825 474.9930599636578 0
1083.54928913502 493.801800569641 0
1126.540386355992 462.7860870744728 0
1100.784657200775 501.3715792761158 0
1085.374665982238 512.227322846815 0
1068.438254541383 504.5870073431987 0
1070.42759273337 523.8246414674575 0
1091.351456731021 531.761807596574 0
671.5500223451545 -35.74084887077527 0
535.8535656752618 1015.112586433866 0
799.6006340578307 -299.7100020420184 0
808.4057939236427 -310.1523991640587 0
789.2959752399399 -293.2623453674304 0
79.82662327726983 668.8602584560165 0
683.7096614456838 -74.95037642299928 0
456.7330817703342 846.7588988821021 0
19.91300119649113 639.222481242379 0
1186.59004385299 210.5040836689066 0
1183.882985184635 191.7573751784902 0
1166.30371632569 185.9908311828266 0
1180.589498352171 173.4356052814958 0
1201.47493406042 178.3287948566657 0
1193.651734003913 157.9386397215304 0
989.2143191188785 691.7190408381397 0
988.2235351235697 672.7763433548446 0
589.1903211936828 -171.0083427101461 0
595.2212514342873 -169.1868463181399 0
590.9796971222966 -164.7468623331071 0
596.7757569769657 -162.9521726140513 0
918.4769317682708 652.6042018505981 0
918.1846366045102 634.99384651379 0
919.6170416534148 -242.4295003271794 0
25.16325287909563 972.6934400279818 0
625.8809787598491 545.1535328621181 0
963.2146139961834 538.0585480038606 0
948.7932611273177 531.432551069835 0
948.0704842000871 514.6541051691338 0
673.5716415832222 41.54189763365903 0
671.3253363375794 33.32062975163073 0
476.6759812185351 386.7049351064311 0
676.8261575533245 160.7182435690398 0
1073.447321552317 541.9271659103447 0
1055.802225764954 532.5335341976014 0
1088.471080058621 549.6630865843784 0
353.0986013720625 716.4966694729646 0
577.7057040696498 252.9528244114672 0
583.1787240776415 255.2060894605636 0
858.9466923067832 -279.0639062644611 0
46.83267705551605 611.810414561215 0
52.03851821439464 613.7947414557841 0
940.5249481925596 685.9802697911261 0
1114.393955043509 -76.1418749883635 0
340.2162408039107 642.7502792983308 0
579.7111280401052 537.9579521535826 0
1068.465358745169 -311.7607270080987 0
1080.703437185829 -323.2830536441953 0
146.7538345463187 1031.040732495759 0
13.59426731004136 641.5565017330889 0
780.2174807233148 128.0161037774779 0
581.7295016092612 -179.5372594098674 0
755.2739909396194 873.9488236513035 0
521.1894657708435 357.5872235646734 0
257.3469988088674 596.2880078889713 0
607.4539840722135 748.9754075642625 0
890.4902096648964 31.55510500445185 0
854.4353855887516 868.4538541544295 0
749.3756725273997 -7.954432094024721 0
939.9096571288842 -359.503837346881 0
929.6983040547732 -348.5028841225883 0
503.0444520230422 816.5878732086376 0
40.64576533245218 682.9580200599631 0
12.42280412774136 715.4265516703263 0
821.5388053601068 -384.7397289807641 0
43.44401039074077 607.9528284083774 0
686.1446691902441 -238.4626410697168 0
579.3237340682984 202.0754225936396 0
724.829014721785 798.1080285707192 0
363.7724721529499 501.942825363113 0
358.8736789200219 497.8283902750178 0
352.6723096845996 500.2299367129962 0
781.7079687181746 148.7423981105225 0
1213.527493091599 92.87819813643438 0
801.9852413762779 -1.873808121348419 0
614.2970033729281 -284.9364524901592 0
609.3188598532665 -279.9706922967837 0
142.2086216976805 608.6931236379251 0
143.1369464912958 602.2227403193056 0
138.0942751970639 598.5318806896817 0
144.0521229827398 595.8620178469641 0
149.0763003138799 599.5807733321726 0
372.0240085360367 705.4726188290014 0
689.3572282606819 668.0299488491178 0
701.6512640571378 673.7977785386728 0
700.7622626303402 659.2658864585095 0
713.6312971765772 665.8219701982221 0
670.1371301544003 -235.9817123509729 0
176.6502726809524 1047.14774416607 0
1192.257294276648 230.9305265621248 0
439.2582093128566 424.0021431307844 0
990.8518489348833 550.7281817482401 0
805.6170527044582 -187.5128401714131 0
701.6679835235411 -244.2756543030601 0
688.771435881029 323.8330384706666 0
598.7174874172867 527.640275843935 0
1041.027192406617 -303.9671065210478 0
703.1925062484354 273.7340217563112 0
660.9510255565851 -155.350461811466 0
378.5983040197208 546.42534743218 0
777.5788477923243 295.3392937318926 0
676.5936765421069 97.69219000451253 0
696.8656553189394 307.7550533428829 0
382.9148697347963 588.3922173433598 0
24.19206339021926 1015.90677589229 0
596.2200036579677 561.1272296998263 0
706.8805493907331 -289.4966672454017 0
677.2307430385079 508.8946774261556 0
1022.7060861115 -234.9172846922584 0
372.0863698104032 627.4059872680887 0
488.628631211777 366.6187692179535 0
226.5398749567858 992.2654528395074 0
578.0842147580922 -221.1306823255473 0
574.1313831383078 -216.8476050960899 0
583.9692479409809 -224.4806831256654 0
664.2281906699176 92.54739193032515 0
732.789253941172 345.4289341582883 0
468.4090588745406 479.5806660841824 0
913.0595316239428 -414.7661017952416 0
922.910417796939 -425.3246917324835 0
795.6008914271213 35.68278596402237 0
521.3243377631611 881.875801063577 0
747.5713726558622 -17.67719969679131 0
718.5066640730281 -211.782664070104 0
769.6641039765457 324.3816749045291 0
592.5106657355506 -158.4629480474801 0
598.4237282592503 -157.044945273152 0
595.3623956574085 -152.9604303890269 0
602.8921536433118 -161.1652425241138 0
568.324988256056 553.5134717544884 0
568.2147615288391 564.3733438570539 0
577.3486757231994 571.0587418990167 0
567.8745287416169 575.1508652594562 0
558.6709833390125 569.2642909886542 0
558.0187426307292 580.0900837110662 0
549.0511964983475 574.1152152071649 0
547.7890725845078 584.78918848079 0
539.3592683262389 578.9220824471531 0
538.3239688091555 589.4100916631344 0
529.7595449170333 583.3014283805155 0
529.0578149834022 594.070654837461 0
674.808451058625 83.0686772598243 0
382.8941279064106 670.2029303893203 0
330.9928020920843 561.2844751037723 0
857.4048872985493 -149.5094113596484 0
848.1338573655603 -140.5436625504526 0
604.4458417137347 -154.8253547773292 0
267.4060592917514 735.4528103994057 0
267.0589829007725 746.2537449624572 0
274.8043117750221 754.3426297507206 0
265.127695661099 756.3966358275898 0
109.0349587998891 771.4185730673403 0
107.9130847059112 952.6274388298395 0
705.9461482750785 416.8733713754944 0
696.106384371783 410.8819669527788 0
132.5009810073273 1040.815202356589 0
639.1196907712123 -184.4418832355839 0
678.2979633181997 703.4050606103384 0
390.4419351178919 696.8847917292171 0
581.8860628959969 364.3886791254789 0
149.7466330071902 592.0650743493148 0
154.9317429056784 596.7562546680402 0
154.2717691217965 603.2762687759855 0
160.1571556049532 600.60592099197 0
160.7487672376276 594.1951171487984 0
1029.507127091883 250.8874415431999 0
557.2420501038079 255.0720252547013 0
1153.94803344856 399.3376086336491 0
872.2284847941628 105.0793967893458 0
501.8474640895894 463.963752840125 0
661.8596952438766 203.9799264866584 0
668.6474361241624 200.0293155614689 0
660.2244990920756 358.0455721070012 0
462.8660305714395 473.702754062357 0
476.2601587477466 475.8708567727732 0
552.3957593304258 914.2857307447891 0
675.7842083628744 -80.11702450886608 0
569.1181272961886 994.639985558299 0
677.2691162713966 26.8374545577766 0
669.6943422612414 25.07910642358444 0
664.6084224694222 30.62497279117423 0
668.0488720870098 17.66744922041742 0
672.4689226414489 10.55513076111683 0
764.9799994733501 464.0403801597506 0
685.2695683536303 -39.52675035205751 0
68.5423414392606 660.867826231271 0
62.70531410239225 655.0784562884348 0
64.61329483647623 647.5027457470023 0
41.09846932773159 650.4114406911822 0
317.7182345303307 982.9910368946519 0
1002.776652140649 -388.5218066753231 0
1018.425609881268 -385.1443984001058 0
742.9924865193485 959.0720712061516 0
291.1279495267532 642.8616441466152 0
584.5456166877502 764.0770227553772 0
604.3159141621204 101.4807350757503 0
750.5552318448156 347.8665386626261 0
759.3072110197131 351.6707651202361 0
970.915615781309 -446.1752984741952 0
215.3165661368318 630.1773801930669 0
614.0000603921783 -212.0546510642749 0
767.9256374343943 487.2825550263582 0
526.1053597026835 801.8203098350045 0
864.5136494643498 536.6247120656255 0
712.8469599716228 651.3785024255557 0
725.7816301882162 657.9671907147396 0
724.6049961322167 643.4983536454168 0
737.9274276343392 650.0672039069946 0
735.7703318656314 635.2946754465564 0
750.2522990184744 642.1039732277562 0
173.1234813492307 1032.44096695962 0
1027.247537203674 551.6943899455936 0
72.2749357226138 620.6486694110066 0
67.53029189926848 615.8308207134398 0
68.84272109476917 609.5395315431323 0
63.58483038587577 611.4635042246808 0
62.24520513444089 617.3986828533934 0
746.7767134332995 -344.8039713364036 0
739.4636734844203 -337.1879646818487 0
549.0558590716412 563.1903073029791 0
433.8693250359221 861.9043225616604 0
26.08454248933231 674.8183560855216 0
611.2836283007117 37.72716978376214 0
717.292529609947 443.3009845151273 0
720.6544295364363 430.0887953511161 0
790.1030748169135 120.9138719964623 0
787.5169910623529 110.349502251475 0
918.0704199305743 6.979125561271896 0
677.069226098511 -71.44687197739478 0
97.50016607141724 974.0485611344484 0
987.7071056711053 466.05412871928 0
972.9760825612544 458.1464311392804 0
23.46260286742829 1046.557299409908 0
494.777726736613 358.1562114768181 0
499.941482029367 355.5339036614077 0
632.384301665331 1029.563809453123 0
616.2371493646285 1038.585554291506 0
372.9766449420036 601.3583246001082 0
225.1423877376562 673.8013289053268 0
232.2445773441496 678.7116623042016 0
218.6755827856413 668.0453427944384 0
372.083673233994 637.2949490246959 0
510.2966762742524 363.8417328694396 0
515.3056901302508 366.7943820889819 0
680.8065182739875 70.92250682456897 0
687.7204685849094 65.64426374097512 0
1217.679902838792 -109.5591849102087 0
624.2648317693044 -246.7320993867742 0
815.8335920479168 -362.5351916066794 0
660.512359400929 369.8220168036731 0
650.3151174978939 356.3557411881234 0
660.7516029228292 380.0514087684858 0
655.7462341621228 348.8582997833936 0
666.1797148355128 -312.0711821025347 0
1193.340097242546 -239.3416177098909 0
1196.919212944333 -221.0574047769249 0
273.3773057161605 763.285051579571 0
1133.182093635878 -435.2063491812353 0
1127.746935771066 -452.9461457579713 0
699.8543960779144 -283.151113030035 0
559.7895592833911 465.1204106670255 0
566.151480721456 461.0009274192629 0
868.9066418811011 191.3482557998646 0
935.9577033355179 524.8129507964006 0
937.7018205911943 542.45040100497 0
230.3318975660623 688.2098245941127 0
993.4182455608948 -209.145553522212 0
988.8821733919585 -223.6835109143226 0
778.0325628122908 307.0452533723852 0
22.5989892219989 863.2015691215664 0
116.811442149703 1209.428764869828 0
1008.254039873087 -92.31804085584341 0
1020.19393836947 -103.2401767155568 0
617.1271383737297 -265.9347440850241 0
500.8781032785203 775.2737305583504 0
295.897019881994 599.5554422867581 0
243.2502468799717 603.1941190134255 0
1159.919528438886 -397.4929994614716 0
630.9434325527153 426.6956729798945 0
630.5130809383634 436.9735920872124 0
631.3628117333216 416.7854657155923 0
270.0483948068797 716.2779193494307 0
511.0182513799151 940.3089147274798 0
841.1254912587065 -259.1817767324557 0
607.4082921848905 53.01314757816289 0
181.6510578848611 625.5265929041864 0
188.3530939759454 622.4865688564296 0
194.278269299872 627.0557296675713 0
520.3788787223173 587.7408088629443 0
520.0074640700819 598.4240873090175 0
511.1610056430997 592.8442484294667 0
511.3546734653507 603.9988479844405 0
528.5517029913537 604.9245606294221 0
502.2612773552366 596.6446884257355 0
691.8632076232676 -74.04586540852841 0
698.6584717648641 -79.67936013913737 0
700.3521628003936 -71.06653160663718 0
705.4857860409509 -85.5067324702388 0
100.1047801847229 765.7914192883579 0
108.583352908845 781.7976862857754 0
618.5289821214121 13.2323788214829 0
613.516278695355 16.94182344389268 0
468.0732566767687 422.817532100614 0
1162.962053143508 -77.5143003175491 0
550.2029696893746 865.0034505033807 0
1027.83485363716 639.5311142931218 0
1012.142499258152 649.0648006146789 0
1042.60210128318 628.5110802428219 0
986.6117542568422 -184.330146199935 0
201.1568395510549 772.3261427225194 0
776.522120928803 202.1002311196991 0
186.8555875959515 717.0238000090824 0
179.8884973121757 710.9104942121473 0
577.9025417196732 -269.3966033375129 0
635.2676828774033 7.263110705249983 0
494.0563053237892 901.435915607393 0
530.3245840778143 572.433312505346 0
793.3086048003978 627.4036802103006 0
806.4013523811429 619.4080022739145 0
557.3011904680236 248.8506799946385 0
552.2423590072452 257.2015948087959 0
71.17019621294868 715.9712201294711 0
670.5776850296098 -104.339220943641 0
676.7285345587886 -109.5707410202914 0
429.6805937589364 1139.334225476715 0
1083.750794397469 68.83622090600093 0
558.5366429307381 288.738677237295 0
564.6656857023527 292.390106570666 0
1025.816504845611 293.6501149072629 0
550.2396045606608 281.8937992491922 0
544.2646995596087 278.4778025548696 0
550.6183186167096 275.3680795505109 0
128.2489876880313 747.0649028523707 0
136.0101993124713 742.0815035717463 0
94.19792623064251 623.2698864825461 0
477.740486252991 790.2864739190547 0
761.8238046411661 530.5547015864256 0
652.4741595150088 676.4009739918611 0
643.3231339818735 -198.3052661014827 0
810.436397588918 -299.4828743805795 0
611.1155099996354 -272.4715684310544 0
769.5512671029094 511.849878152443 0
720.497167516783 -238.5894824554713 0
791.6100063662135 -178.4551194065738 0
783.1710519191798 -170.8514235947719 0
773.0783763744513 -174.457949373724 0
775.9110775786708 -163.487707956702 0
785.9484975168805 -158.830198038856 0
777.1475104621511 -152.7927211028027 0
812.0128442577879 73.29445797677108 0
801.0337635002454 70.02181556624535 0
798.7463842814834 57.91616986008283 0
344.3223648418522 570.3476701718325 0
343.2007896959821 562.9939814849359 0
932.8117992696307 330.9119499867513 0
918.6346029402317 325.741282606426 0
934.6381192185443 346.5564632654301 0
801.9981669989513 370.6814548616466 0
684.6887195771516 -9.917652388706486 0
944.49461540954 -129.229186246319 0
810.4185398540814 116.5582099538052 0
363.6501481759766 680.2088854391377 0
62.92571021487755 1022.476306548143 0
421.6820366699852 672.30458727308 0
411.4272892466698 677.3316272369719 0
236.781775903498 872.7086685741215 0
236.2556869890626 859.8561093906537 0
225.037168688328 853.7194884404635 0
236.2784034523378 847.0344253286195 0
225.0596640089467 841.0978504297448 0
235.9674256922013 834.6164095676074 0
224.8610154451953 828.9295832117243 0
234.4921615338745 822.716368516104 0
224.4929888730463 816.9914604219181 0
233.8765810688956 810.9072709339067 0
224.2627428483171 805.2642564482486 0
234.3501076280982 799.7269577471175 0
225.1239512347001 793.16059260541 0
244.3587198982981 804.6940809661404 0
1177.265947587126 154.3232456660473 0
735.7215408599408 171.9021815976266 0
799.1215026492565 112.9600789492201 0
1163.081611368081 351.4944147661067 0
214.1025338876849 811.1897504035728 0
702.2611355379113 688.2077872348749 0
549.946120608554 787.4563553058319 0
333.8251436043156 733.386973037483 0
923.6767064529508 293.1437213966663 0
570.6370469918216 355.8149259612347 0
1076.648626126119 222.9776284113776 0
576.7941500023023 581.5362448265698 0
410.0669753637963 689.521307355666 0
316.3621096648076 654.3396567975467 0
144.401235227307 589.4801825399072 0
866.9739640560925 -157.5779650194102 0
738.0286718726202 -205.4175425152117 0
663.5833704610833 119.7308869197272 0
721.1706734144459 628.7892157979192 0
716.7109656573521 -286.7350147838699 0
605.3895638095083 164.9140058511933 0
827.2685564220292 -327.0299705428451 0
814.9014848814275 -330.5103346099927 0
597.3971554180146 159.8094446809395 0
243.6749189676079 792.9555799117271 0
297.2988128167763 709.3914649454304 0
719.5160140268736 -276.3435037206933 0
133.7188250055211 1073.491738910577 0
1167.112183558164 108.8713135384104 0
22.20142362730209 887.109091350446 0
32.6822359521822 893.1590070006871 0
353.3268170081735 493.5883204322635 0
763.9597356501415 452.6819024065883 0
403.7810850305733 612.8585279152499 0
221.5504555463874 635.0238933023516 0
208.088872987635 634.0055348709964 0
579.98468236411 -238.2638721775739 0
943.653382464368 762.2711748570132 0
925.0282714670044 772.2547807619094 0
722.6037944232269 751.2027429057091 0
981.3748391131741 47.62626236730908 0
833.3905256008979 -202.1513576905282 0
977.5994888857458 173.6382622455656 0
539.8629687259579 288.5611010306133 0
653.5010890142986 -245.1858995136074 0
349.9970703985905 805.5422864039854 0
349.088739734482 793.2682760411453 0
338.5689249125612 787.004189675416 0
348.6726279830091 780.6101410190852 0
359.203213881873 786.5683688921099 0
358.5363586632155 774.5350926563395 0
368.5897756744105 780.0314685815113 0
369.991583700701 792.0590844639142 0
368.2832738048337 767.4545649182842 0
379.4646470016563 774.7136893942647 0
849.8274601928433 -126.5640072678171 0
789.9487030553207 67.2561442669741 0
60.54810071188513 1082.92418910423 0
192.1353986755757 1054.217532801249 0
940.7695808145974 275.1018813288249 0
396.2710903662754 625.5834119223447 0
967.1817663754057 42.44209197483484 0
956.244376387461 51.49439436601717 0
651.3135451625709 -253.6155125294491 0
38.09741574122276 781.3947858396264 0
29.54261305348992 776.4333810653554 0
19.75884204474143 779.2911479582394 0
947.6246652299274 234.6141595306628 0
522.9359000765172 311.8801749452098 0
522.7298460037279 318.2601576743915 0
516.9821962040244 321.9102753431602 0
994.7177924282557 -83.2340671708929 0
378.5236538611221 761.3739301912246 0
389.3114145658512 766.8512131724011 0
388.1664610434446 754.6871894045807 0
399.2928869837071 760.2463494190459 0
400.5908833551136 771.5919959152748 0
671.937573982192 -320.1386830805842 0
591.4583240213957 157.2673958695132 0
596.6452995115526 153.4643371368171 0
590.8107269692807 150.937916951483 0
596.227822381837 147.1752375635101 0
775.7781771745792 773.4475334748773 0
812.4110216343084 -374.5133807557829 0
556.4211408137103 261.6386621005419 0
552.6011745150549 266.1242388215624 0
401.758445744975 671.6482457605442 0
641.1790347395469 409.9699483810384 0
29.03540243373027 1118.577674528382 0
610.7050661908213 318.4931943719625 0
609.4161012767701 327.8899134090114 0
539.4406217572215 349.5529649871106 0
818.1104598641474 -318.4376908058213 0
864.0191676858299 10.02317849095271 0
861.2753872092992 -2.39767677476991 0
248.4420753179468 1158.696224866512 0
246.7977266121222 1177.98987018894 0
622.2951625380024 412.1636918846847 0
747.6272211007861 627.1882491620765 0
986.8317094802603 -393.2375767383407 0
1128.5638519344 -87.66278028469692 0
714.5070621145927 -82.94617035542485 0
584.4053236462626 197.9934677367369 0
578.4889947210103 195.0015531206292 0
1075.152872845746 561.7184531738005 0
1130.449812203552 -224.2057803591864 0
1125.977862418971 -241.2035271061952 0
765.827910182035 197.0573350749732 0
534.0916660278235 305.4075225099081 0
629.5540648138159 500.469265117284 0
685.073116903279 30.2303657767429 0
691.4463258469655 24.18383905565458 0
739.158813445668 664.6675378097984 0
11.78593489659812 880.9782397499559 0
158.6679357480017 704.6508289509186 0
166.6517342055692 709.0713949304964 0
745.2346046315273 -212.9831201240696 0
728.2856285933847 -208.4555210486834 0
696.5182214520308 768.0613566176764 0
669.0462737420005 -112.1646408317771 0
660.4809948153105 -115.6421807014281 0
667.8016023576992 -120.234333318943 0
586.7744194184327 161.4887430979065 0
718.9055775200624 -97.6279396249887 0
611.7626184390434 -18.3735856215734 0
244.3405151459278 826.3902669752575 0
531.5718102125318 512.805234669236 0
532.1384919169695 503.5887588890155 0
539.7709480965331 497.1647090114491 0
790.2233792524225 -117.9506084140156 0
625.7881399120038 -140.8418173482182 0
631.0638856322149 -135.0528408214187 0
278.1043238625811 586.7696748644462 0
409.9770126988557 765.3673085400011 0
409.3949339036495 753.5455781309556 0
420.5177365889109 758.9799909670965 0
418.9770503326949 746.6445039481703 0
408.4485977728641 741.6368235279213 0
418.585753712478 735.0266670985754 0
430.1165109927982 741.2289175621687 0
1013.710856212702 -402.0174939861178 0
544.0766776587967 421.7751056999653 0
630.3946740964415 297.8729206568595 0
843.2305085715376 564.9975384446395 0
470.4366578660949 389.5278586323864 0
470.1525422069148 396.0851596716695 0
666.1137155654712 -30.27615723791535 0
975.2522463704024 88.2778147410838 0
959.614364753366 82.35632835192827 0
735.6004244567794 137.1151641983795 0
103.5389807685686 751.8118689506833 0
1047.687253649319 346.0627187539056 0
1005.201390853665 681.385588835659 0
997.1151351348121 711.7257878808689 0
797.4142096760849 210.3398696675704 0
628.7851250091614 -152.3831390799739 0
207.3753487056522 1045.808177163899 0
431.5446270330921 678.172168283593 0
16.41751915277258 728.846526840105 0
734.7320989022803 -22.9577351876735 0
25.36450728233243 724.4735278127666 0
839.6829128898705 -323.2971410025021 0
1056.059685451543 321.6481749876022 0
1055.780154375013 304.6127666112709 0
55.2487615574229 699.2476404840309 0
63.02859274495361 695.3432914296377 0
60.98083547470492 662.1904253873159 0
640.3360649506222 442.0134087099564 0
630.9926658766059 447.3227524276934 0
467.5019151734778 918.5231051789851 0
432.3398355490589 446.0385414271529 0
427.4329494495887 442.3353390424043 0
427.5343790343105 449.8059985989481 0
422.4084637732674 444.0357970647448 0
420.1403074225901 450.8577713332837 0
425.3632708876151 455.1430540324264 0
420.3673039384308 458.3264903926645 0
420.6291382423013 465.128224664949 0
414.733222448074 462.0460719937541 0
413.8720243463497 454.73946489646 0
408.8794163200774 459.5069232870242 0
409.4398193121133 465.7056784219131 0
403.6491460728336 463.3739836003118 0
404.3166012352152 469.5927110366423 0
398.6962242496909 467.4237959114984 0
399.3270796553131 473.7698464307492 0
393.6169404978368 471.3740077315607 0
394.0258294994497 477.5930700002215 0
388.0975415716217 474.2580152296401 0
404.6415903291248 475.4511822469563 0
388.334044891864 468.912339362048 0
402.8294531774758 456.8712124868519 0
414.2541006549076 448.93501694024 0
743.5826152361577 40.66070374588394 0
1036.060195565752 -96.48326958023887 0
190.2888738792824 767.4143188923433 0
166.0094632183738 597.8770841677224 0
166.7352735701763 591.5990348463143 0
171.8367788004285 595.1557448476271 0
162.2045770834973 588.0708097551209 0
172.4815177691968 588.8638372022103 0
177.642289400855 592.445838522392 0
176.5136749886267 600.2301949022499 0
807.028777776001 635.6586961890764 0
753.6391626325673 -62.969872711995 0
625.7076940013087 -239.0673672229657 0
606.4564548812126 9.236660661741055 0
648.6878831023005 -203.8353769840528 0
844.7216906003607 -245.9186883722124 0
832.6944606254428 -249.1023886435482 0
835.787936227036 -237.0295280429233 0
823.9270413640453 -240.2645322162686 0
826.8701896516828 -228.5789134445191 0
816.0197529080211 -231.3338907008094 0
819.8076750364489 -222.3296701896752 0
828.5313878099552 -215.0951301875307 0
1028.212906505074 659.3555568825366 0
866.5649948040075 142.5188185612907 0
1026.205347576033 680.3893719427382 0
650.6224505337461 415.6731295932893 0
280.5770660044785 664.7344303845975 0
273.1914079331791 659.4548348862658 0
690.9026620651587 -16.00958157011657 0
150.5568053853916 848.3392907941134 0
882.231446909895 173.451029327992 0
99.07664634342098 675.6318042894387 0
693.1665465637718 260.8441477087558 0
684.7841075278288 256.5193703457523 0
576.554571668666 478.6930547136709 0
576.8856656948602 469.1857373610081 0
585.0424074983928 461.9146352079148 0
372.8977529373009 609.9407427448266 0
21.96832593853844 899.3679185874503 0
32.65780226774663 905.4401635827551 0
21.90142058108582 911.5389519263658 0
31.28756346101042 918.1614863383679 0
229.9575906651479 609.3372306801865 0
928.4731038303769 -296.7903226096691 0
80.26844402261425 605.0554814669611 0
765.5052313803005 -167.9568955486704 0
812.7550268746664 29.2289711532453 0
74.37374997007079 985.7593881514897 0
730.7136925749636 -118.005709488206 0
728.6788112751457 -127.3558794221701 0
719.6412108126233 -130.1046847255719 0
732.7554439578965 -108.6490618407853 0
737.9018267730157 -131.6762017684144 0
726.5359133440604 -136.6945357731147 0
717.5977369337517 -139.5339290592969 0
724.3914322805903 -146.0129772444686 0
715.4857365389216 -148.8638830542109 0
732.7977821101426 -151.7724592749193 0
722.252284703771 -155.3144017147096 0
713.2669338276264 -158.0420813528261 0
720.7398733903639 -164.4959106819242 0
706.7827816418809 -150.7044260916708 0
703.5804280966385 -160.0443679420108 0
728.4190712848088 -171.1913806526327 0
1026.209967642161 399.5745341918656 0
221.3784484306376 1070.512306669508 0
672.1281386236665 1.105394309561594 0
742.1582234467734 -326.9984940956835 0
731.9175226429054 -329.3782406000865 0
729.7203514807561 -340.9734255992862 0
722.2214804407619 -331.7413621545671 0
476.6505168741065 467.8922468271922 0
483.4142112554666 472.7732334650772 0
710.9813602644899 -132.4864963424727 0
949.9366666852363 -113.9441010528385 0
963.9968376560284 -108.1567847281388 0
986.4683479379447 -454.9295987464402 0
388.1581356091805 487.0086237152912 0
1160.085264144216 72.10889507975998 0
846.6788505912803 -279.6079052592683 0
309.4904606801495 593.4014533751506 0
672.8272541961301 130.5582551081112 0
977.5846114030255 -365.9833099675928 0
741.9784204241648 112.0162693826183 0
612.9691498633653 437.3732244147992 0
576.6264270609616 847.4434012427012 0
635.7790232109558 116.4561690626246 0
628.0508797400234 113.0924669554792 0
617.7027780328265 332.9306730728944 0
277.8364439130767 731.4469106837972 0
693.2947982193519 114.8898045621577 0
476.5095996956065 484.091135680177 0
995.4070074923552 730.9642564921999 0
963.6568368614841 738.7366218276014 0
254.8545779058925 676.4308552807051 0
262.8924830946474 672.4755373021727 0
263.7761131507121 663.4437561107729 0
246.9073740625166 680.3547988929927 0
271.4657427297028 668.5208131715243 0
265.9006952002075 654.26585211309 0
270.8070616919763 677.9347186201492 0
363.4043964088298 641.4244189275983 0
543.9693377401079 467.2738437244526 0
541.0500612168747 476.1529313179228 0
623.7768149143127 166.7250434954609 0
682.2700601331213 102.900898335568 0
820.6911369743248 64.88886383150481 0
614.7748392290478 62.15411063797158 0
610.4175817526129 66.30877611113254 0
611.2173283108516 72.87320081751839 0
1006.727313543437 -32.28010376349091 0
995.4269367228795 -22.04947317030069 0
981.0341689764473 -25.93540572313609 0
998.9481453290681 -5.909792606096403 0
431.3761862892851 667.4171724638279 0
441.1267468794732 661.6385425311109 0
786.1068392074608 275.8544598796167 0
960.9360778349696 -431.6494195696645 0
620.1037326338658 -63.0482793836664 0
615.3214383234886 -58.37189842812089 0
616.8073127107642 -51.92344491031929 0
610.3338526273803 -53.7200227684439 0
608.6376044865222 -59.99745573027287 0
612.0803206051701 -47.54828505346245 0
612.7430602605966 -40.62416359126093 0
606.4443936033081 -48.69956970490263 0
608.6442798797999 -35.0775688644125 0
623.2390283682248 -49.72184537130896 0
613.6698677242188 -64.90635339995765 0
611.9767760720852 -71.28587575373781 0
607.3015920854077 -66.22718286027443 0
605.7618379862599 -71.91379244026434 0
609.9078691745099 -77.38129377320263 0
616.4994427169167 -76.01808772028923 0
614.9244810373855 -82.92483064681264 0
609.1121475816667 -85.29312636356055 0
607.7437571431354 -92.14299235003162 0
1004.047062529849 472.1071076182214 0
338.5384724990741 774.2526108036382 0
780.5645977588117 636.5598036931101 0
765.4382603924108 644.1029467939466 0
1147.264078401038 -448.8009876493923 0
608.9665465173721 -109.2991910896898 0
602.7473041769554 -111.3310024261898 0
601.3802767461823 -117.3565008891256 0
596.5463147753206 -112.9369170581104 0
604.5646300767542 -105.0668795224624 0
605.7349558566697 -122.0239374273809 0
599.3417131076462 -123.626145049533 0
594.054405141076 -127.0743820520086 0
604.1530957948148 -128.7943072509377 0
642.4241654478658 272.6777765918912 0
201.0442583185086 630.7424628122205 0
602.2741399175588 138.1020895533941 0
596.0163800386127 135.7376324393425 0
819.3672078003112 108.384212422794 0
206.7235076174362 586.989917187661 0
207.232150231391 580.543320344843 0
202.0005720154325 576.8638927868245 0
208.4751287693963 573.9863728722977 0
213.7709650782558 577.6253419472033 0
214.4121787633553 834.9586016481207 0
960.7465373333266 240.5522521368113 0
248.495291213295 866.0754995171874 0
238.102938967048 886.0541519890999 0
813.5393997697681 -15.29691850421885 0
589.0404304128483 187.2229647155371 0
584.0889074530435 191.1072559526286 0
583.5081040011427 184.6906125701911 0
582.7408800759653 177.5071775270204 0
588.3461630406528 173.822067594892 0
163.9668612175476 606.2181340018451 0
133.4085721840817 1090.527365487879 0
634.2352974416576 43.82746347942828 0
637.3601654019183 37.54684453086195 0
539.7305155857073 295.0391246248933 0
534.5940600949455 291.5404106389253 0
533.1474066796344 298.6842688084159 0
819.8742104916956 8.683690080992761 0
779.3083285474842 -121.0613273773972 0
776.7773474301517 -131.3610212532494 0
870.0877460131576 -144.2381995628507 0
754.0742094426141 57.16120796469028 0
345.2801793792556 688.9093348359272 0
811.42425426657 -69.70816360551866 0
803.0124242401557 -61.17256023174332 0
800.1118771875864 -72.98433184105006 0
917.3117392948568 -83.02133350978173 0
904.2013208444098 -87.59090254971511 0
901.1950437206683 -100.7949419991927 0
891.7900177563988 -90.76534713954763 0
889.318598405783 -102.5551875414399 0
623.2585004782326 119.6831947075123 0
564.3411594371489 360.3959944862758 0
610.156217220317 31.6075129961015 0
609.1694328472781 25.82384008140611 0
606.5705339742367 41.86969457476198 0
377.954699335875 554.2221246995971 0
440.7927278860968 449.7208158809006 0
614.8101722020169 -5.917357281513349 0
608.5374312259163 -7.897714785850295 0
566.2412983789595 408.8876231286995 0
565.9028652708314 400.6723026583124 0
218.7753806075602 587.8250583145264 0
219.5304580435657 581.0781818541188 0
225.5752711604454 578.2497292482511 0
219.9519235591482 574.8439275476424 0
225.7612889504615 572.079776745225 0
231.6940433762476 575.450185402083 0
231.7523356748719 568.8927936669668 0
243.7942081215805 576.1838027298585 0
244.4644601451868 569.5560073225835 0
250.4352092206007 566.7210632609329 0
245.0293216266886 563.0834771073492 0
250.9444296287529 560.5294362437219 0
238.9005391243962 566.2223099544467 0
239.7669915540367 559.4582132276333 0
256.57681046935 563.9083375421919 0
257.2933343956051 557.7621177814995 0
605.0027504163676 -178.0408808807605 0
802.5516817368423 -19.2654963575472 0
793.762526579279 -11.66313494067041 0
132.0021274407218 601.2208118802971 0
127.2524367769621 597.3425174005313 0
120.2645829837497 599.195301054419 0
119.7265059082599 606.2827619764977 0
268.5784373657233 564.6245304606629 0
269.2330999774411 558.004476362511 0
275.1909224953637 555.1613046200009 0
269.7834905824812 551.9073084753585 0
275.4609230584899 549.1504254932242 0
263.8107394020877 555.0036780246585 0
281.4824573583631 552.165455310958 0
281.1481413980991 546.140908517423 0
595.06919574174 -193.0596659377739 0
590.224989458032 -188.526016434683 0
584.3150294960811 -190.4147159417623 0
952.3795573106692 281.8781527983379 0
608.8045584319923 286.5562601371342 0
611.7299493818913 175.5753935832918 0
612.8120294822172 183.2604616300152 0
611.9502295266311 167.9302821706904 0
426.5302442942512 469.0579163466136 0
743.0095023803724 -111.025841809132 0
422.6843186023373 569.2211227671253 0
725.7194649936006 230.7508288455252 0
838.2893941597778 386.489295726445 0
537.6155522399222 393.3139333490562 0
531.0167154902408 397.4456289458928 0
510.7028575731679 338.1960402426738 0
526.0995417826725 760.0614449182701 0
377.6839835301178 479.4484552544096 0
609.0974669051964 97.06885969896594 0
603.0095123858107 94.68111718289357 0
602.8748861673232 151.631720666043 0
619.6275346433674 23.14124420818922 0
640.7104125335513 70.86762692920867 0
1206.995954416777 144.4223402577551 0
312.1202654214618 544.1930712989836 0
306.5970183485927 540.4069299183936 0
300.5476061194352 543.1389808601685 0
301.1610777278883 536.6967051172899 0
307.3734468308481 533.8171010107461 0
295.3770681850422 539.5573054889178 0
294.6263668632392 545.7933447783344 0
296.3594115984598 533.234069218327 0
290.0203925854718 541.9663887085389 0
287.6322526422396 548.1190177696469 0
302.1529450762283 530.3635083280042 0
355.8227828307918 727.7487839651485 0
600.7321995932231 125.2302441325987 0
1157.333930048547 418.7675751534838 0
1109.153123580369 -28.93588673421716 0
1092.367067780827 -33.86553495984336 0
1080.515298517913 -22.32020638242279 0
1076.354530476276 -37.73850997297585 0
195.9561609885443 578.8444526393251 0
415.6500547301476 564.4225285664302 0
539.8718783674823 567.9713294566171 0
631.3754561701143 -216.4629526120881 0
623.9395227426058 -219.2086968850685 0
652.5754952159967 -61.10929727609082 0
650.72912204221 -68.5588196122215 0
643.5075578183189 -70.94708740535114 0
641.7287423759002 -78.1450752511403 0
647.1427495887275 -83.55049546757456 0
645.3447467306005 -91.10026313934668 0
638.0279794329131 -93.41194604646937 0
636.3433565547301 -100.5799841128598 0
641.5803592137352 -105.987940027696 0
639.7709374240299 -113.4833516316196 0
632.4140731982736 -115.3988781014262 0
630.7668496336623 -122.2243122435698 0
634.0947927966547 -108.3436610809779 0
635.9097974782591 -129.0109323102785 0
324.5448654637285 538.3526656959365 0
325.1688422852762 531.6615840390498 0
331.1935922409265 528.8185039864171 0
325.7526625077477 525.1063454999726 0
331.6403702248545 522.284985011774 0
319.5731844753494 527.8812530715779 0
320.0255706569827 520.8317900933475 0
337.045787248889 525.9038080304333 0
337.4776263129972 519.4218188908156 0
332.4627309838494 516.1125186924155 0
338.1855981134509 513.2706815953393 0
343.7487998394625 516.3356783730175 0
344.0984241534669 509.903939380381 0
348.8576969924145 505.6239384649498 0
349.824911369316 519.7788091459654 0
319.0636911150506 534.4844317216781 0
313.3764602322264 530.884152711124 0
312.8128014970978 537.5082429388269 0
660.3570686534466 -306.0497942176555 0
654.5998585322312 -299.4592903847011 0
656.6777037935916 -291.1570693277489 0
648.2307211126417 -293.6263712983906 0
647.5084341700832 -302.0446402089717 0
639.8876193953149 -296.3755743554073 0
650.7691789234091 -284.8932920103287 0
665.198865630183 -288.8245963483378 0
326.7693338460025 518.8915923362634 0
172.4947384736213 847.4130810017297 0
161.2887356363943 841.1577417727746 0
329.7301341855248 659.1381474089354 0
551.1810705475173 426.2613440960308 0
627.612738596422 147.7956600769629 0
575.1562038416946 225.7561091831809 0
574.8466558398252 219.1285837421432 0
580.1463364409599 215.19332449717 0
573.5443791632482 211.9673053518837 0
813.2596475230578 183.2187959341134 0
463.5699412156281 405.9733216269508 0
463.1988921298952 398.868981483503 0
457.8478379852229 409.2386048185027 0
488.5025316231952 373.7796099706264 0
482.0551008888693 376.1095102454224 0
482.2251337638783 383.4192356370608 0
992.919405041616 37.14618720615296 0
614.3307563160886 197.8175811299069 0
647.1069644868489 -55.75038102813245 0
731.6905630557163 -42.4435564703931 0
724.4929719743193 -35.39575360282993 0
347.2705360405315 650.7207018349312 0
614.7199012374103 651.9542999254402 0
614.3114447413104 639.0071190787464 0
625.0810308857931 632.1559626335691 0
613.7609377741245 626.3396933321535 0
624.3870069791006 619.5032969608881 0
603.1832572974611 633.0543020970176 0
602.892523622557 621.157006681087 0
592.2070959737679 627.1679900462938 0
592.6514077240222 639.5464788825761 0
582.1988608376342 634.2864045701435 0
582.2886636620086 646.0167799879872 0
572.1132104057967 640.5628438658157 0
571.9962085161534 652.4050085843497 0
582.6405342602895 658.1447216141041 0
560.4542070392646 644.8984112467127 0
561.4705851475563 658.4406914558842 0
549.8539603983077 652.3876783578403 0
551.1083240076891 664.9292339150977 0
561.9780644403252 670.8546644706627 0
540.647556334359 659.3838065334445 0
541.0294237095793 671.3977702686886 0
530.0906600261092 665.717440679473 0
530.7951398281937 677.7398061744074 0
541.4735166524908 683.4887108017602 0
520.2810849675481 672.0942303174527 0
520.6806624483347 684.0531313241038 0
510.0023104582039 678.2203571096766 0
510.5251040450661 690.3234616528099 0
499.9514927086905 684.2110760487205 0
500.4129533834324 696.5521037157588 0
521.5220519815522 696.0311034161209 0
489.8772367436068 690.2249938856903 0
490.3155661083479 702.7718451960637 0
479.8640168000276 696.9613849777585 0
480.2413659942707 709.1047250478634 0
469.8124166165142 702.8968346586889 0
470.1329527815816 715.412227673211 0
501.245976557784 708.689363821431 0
481.2439130003557 721.7563413759224 0
470.9267455026705 728.1800463387276 0
459.9114779127049 721.862495506952 0
460.3379649479506 734.3922702463852 0
449.651439404886 728.0924500714905 0
448.9758308396027 713.757730455557 0
437.1534187561038 720.8169961223321 0
449.9531370097087 739.9757750593874 0
471.7007488451976 741.4372738305178 0
538.6860002009696 647.0200247477737 0
448.6445854273985 752.9192123127399 0
572.2934539570766 628.7750019929377 0
469.8361753804962 689.9489053531624 0
499.5571607066574 672.5202132731358 0
635.6469943647129 625.2007856997716 0
634.9468519869928 612.58371962845 0
624.167042913065 607.6605903393918 0
634.4016515721864 599.9957361810467 0
645.4796754439697 605.6826115014311 0
644.6956078773341 593.1711763535272 0
655.9273769792202 598.7789004610838 0
656.968621829197 611.3148036504581 0
655.3032322928891 585.587593156518 0
666.4934321659169 591.7235367216363 0
665.7372455165015 578.9488840081335 0
677.1635155171155 584.784992554157 0
678.0346241086172 597.2023977781287 0
690.2370903741374 591.405380196334 0
686.9897738875989 577.9030204752453 0
622.5382337099662 594.5815843778645 0
436.153604161933 751.5831184643703 0
510.8430068218725 331.8641344855299 0
516.5774593282355 328.3808729049679 0
522.2574596213104 331.6233754077799 0
557.5718868212917 275.0407516011444 0
906.378809029036 336.0134284867588 0
525.1675887013294 708.1907087019576 0
917.1885397546461 309.6694946965858 0
563.9926417256858 314.6930644152638 0
563.7800477240264 307.4730892857842 0
570.1448554450124 303.5478461633323 0
581.9367106735203 273.9368602984022 0
717.3617862852414 586.0044732804027 0
717.1789579509207 572.3625977037779 0
705.8954993554299 578.6040700856814 0
706.4630480173469 564.9357957907774 0
679.5003837682964 176.1977562926084 0
621.8453665722603 442.3196064475165 0
503.4029037417021 721.5240885550835 0
514.3300296814152 456.1705883228918 0
515.2572379175649 448.8499036447998 0
188.7441832650259 595.2357177405779 0
500.030507200932 511.9008962236884 0
491.5239159669355 515.5310034959175 0
500.0679785760958 502.8780206883009 0
568.8864310564836 222.8450415001393 0
700.8234947398464 -179.8189488607924 0
702.9112989223051 -170.6729122543835 0
693.8432659392566 -173.9636929448114 0
691.8410502494854 -182.8113383743815 0
684.9465546904945 -177.3507589951105 0
643.5666220759895 51.05131009295763 0
478.503605833114 648.8599362833913 0
468.5356101695005 643.9007600067896 0
459.6351317109965 649.6603173225315 0
459.0209918310987 639.0183172595313 0
450.3237530290176 644.5376131159026 0
450.1359143580854 634.1257007542598 0
458.4438782452078 628.3623385173496 0
449.2828477068012 624.5176163379665 0
441.2234266572894 640.3902043381058 0
450.5973261491885 655.4724092226627 0
638.9344562331881 97.31888171028359 0
632.1957951654887 94.39199704757854 0
637.8477651459411 89.78612886218487 0
63.20659695256081 1052.707979994755 0
438.7232218923169 561.3701373640995 0
438.8300407586247 552.8060633672255 0
446.1225375952836 548.8165490835472 0
865.9329084902462 306.2385270887121 0
627.4648921405626 -260.5451870867995 0
609.3965629723091 -223.0660658263913 0
602.4567357921223 -225.2723179827001 0
989.7318399667852 93.35103228736355 0
606.1428012239502 114.2852542769487 0
600.1797161009661 111.7477667563386 0
172.69821045193 835.8130719766534 0
732.5151983101166 204.5472513169434 0
135.4969148780117 631.9603811387381 0
129.5835896559533 627.7870414623814 0
715.1558883556834 696.0957652600082 0
643.5591736676671 16.87398124949949 0
371.6623650369439 488.5284316226951 0
365.3752652662759 489.7264096026572 0
497.4863320493087 636.8504646689446 0
496.5773248197457 625.0800288313274 0
507.2435167111365 619.9628948196699 0
581.4045406042433 400.1387766466694 0
581.1181645904094 390.548823471636 0
589.3589888910476 386.4513410015555 0
589.6258942886368 377.5932656774842 0
477.5492246895768 638.1511248945276 0
427.9049380407822 769.1725113111066 0
182.2886253693686 772.9691070659994 0
172.9800169425272 768.0966373873766 0
163.8915387894876 772.8834072181168 0
163.807659430468 763.0839866535613 0
155.1650277311268 768.003141479017 0
155.0996150124933 757.4337065106722 0
248.595989056838 853.1071575555059 0
699.6360694638236 27.11691983100132 0
702.5597043709455 3.244297954200449 0
442.3061016926015 813.6833286313392 0
582.5721825399306 -196.9263943586454 0
578.1170709862229 -191.8384185164208 0
836.2529902342708 -144.865414332101 0
406.1160880416521 783.1501289186842 0
452.826792778716 994.2092297639051 0
452.3396796528997 979.4475446531384 0
446.6627609631497 414.1977704200725 0
445.5289863935419 420.853859040595 0
700.6140537027979 67.76142769722543 0
816.8802040661849 -46.14434946010662 0
328.3608056903274 793.4733906691085 0
538.3066629131559 810.0024691408205 0
432.598572168615 523.6879728578072 0
425.0379197404439 527.1816490966844 0
925.6458688518026 -40.77115339877261 0
914.7142967946534 -32.3678804093521 0
525.7642203094805 949.6536283190158 0
748.5781366510159 94.87352595992152 0
748.195770630693 84.41718852993733 0
755.9763641658458 78.11506439966951 0
746.9957544987913 72.98224114545577 0
554.3447829946386 931.5667164971082 0
90.88237942069603 606.5955426629506 0
19.46258591729314 702.9568279001082 0
602.1520532635564 291.1042755098139 0
148.9007733906212 626.00536681208 0
142.7333408692525 621.8540003693207 0
563.0568925898594 794.82876419114 0
957.9340816730546 470.5527634013039 0
410.5055245840227 535.1522109911098 0
179.8497465012651 981.7412377688149 0
683.0499164852527 52.40180028103266 0
933.6574120302313 -334.8773002891097 0
1045.139125280988 -123.601981682782 0
551.5318353637324 329.2885256733193 0
307.8727291335363 527.4546576666136 0
600.9080557404993 -141.9681003764423 0
596.0880930162847 -137.2842047163838 0
594.4873098347427 -143.0937162562537 0
588.1408275071221 -144.4872708016671 0
1071.666515349429 -208.6740732662737 0
1059.251446624997 -195.8943808836095 0
166.7027123483343 974.4732586817636 0
179.7819966954661 965.9835743597985 0
86.54908000164338 715.6952916188081 0
78.38884189696373 711.6966550034441 0
789.2528422226167 298.2530423324984 0
612.7837764557623 613.7296625507469 0
586.988216614102 778.7045792408627 0
555.3570961421813 600.5306100769309 0
63.58155490490671 729.3096712901726 0
690.1195017296357 -221.4156510616451 0
886.3237198611937 199.9846008417366 0
80.24328506334743 757.120781800478 0
528.3657340400742 448.0015652181718 0
535.977391300405 444.0452715611945 0
628.3553685277545 886.5833727868733 0
711.5793889416639 294.1001186186335 0
702.4894379766785 290.0269223909697 0
581.3448649865391 267.0576798706751 0
587.0748170332705 262.0564622921688 0
406.8851184306221 576.9526335186018 0
727.9536080420496 134.5255143042412 0
560.1368365664221 -249.5679542256973 0
558.3458205030341 -255.6018530741936 0
562.1952788753099 -259.7922042255972 0
556.0189470813802 -261.4822740990157 0
870.2386060517108 348.8622215537417 0
868.7103155091046 334.94471029061 0
857.2006149096478 -242.1874624295241 0
111.8306604622564 622.2276618544938 0
202.8545871777854 893.4078085555127 0
192.4838211844391 886.4268397003981 0
96.60485805516862 868.3012472013354 0
85.95601723558758 861.8282275947861 0
87.08943339513851 849.2240180401632 0
78.72307565484017 841.9418631168284 0
79.83412756151031 830.2646153963569 0
74.71775980231369 854.4464794240024 0
74.71831904997286 868.3103459561883 0
367.1482715185069 565.3000509020508 0
359.6984088769998 568.608149133755 0
360.9589022068098 560.2914163641545 0
353.9197881734868 563.8615210200941 0
353.901353817679 557.1946852958697 0
1029.509023187289 -129.303346073325 0
657.7267092610514 869.1614339539237 0
400.3812261613207 487.8248615218255 0
955.7955233085739 -300.8932447018898 0
35.61115375278598 615.3152226835232 0
129.2005165835072 836.8100696951208 0
119.0701708163348 830.8031222865432 0
504.789346420045 554.5707440149258 0
497.220729387432 549.0809256928285 0
496.2728113185166 558.9626527166911 0
609.1735852169427 60.00502818866082 0
709.0927390156967 923.4975512518956 0
691.406063422429 915.9704157072383 0
675.913898526295 925.4475554664491 0
677.0904421947184 943.5590358331192 0
661.3484889747908 953.7573020318473 0
645.1280558570162 945.5743891593188 0
24.60360193039594 644.2734108188017 0
173.8458257528635 636.119750298978 0
167.5476013205314 631.7978265574404 0
307.0661706428245 819.9080346539318 0
306.4746274970481 805.1742814100442 0
296.8422400789963 812.1261706675566 0
294.7510096570217 824.8465883187428 0
296.4377707093688 839.085470598174 0
889.6891661492128 89.03070521651981 0
932.6295262885202 625.0729499912055 0
916.6127656825399 617.3269892203697 0
903.1040889908718 626.4801398879927 0
901.823019433482 609.189771749754 0
887.9879002440944 617.6814095367076 0
901.6082255987446 591.6651731667394 0
1064.007250719773 -243.0761740369585 0
1049.57959692278 -230.0126873975275 0
865.106987914817 217.6824809612545 0
516.416648893034 624.3057903063057 0
515.5138277966298 613.5474478150715 0
981.9235392405906 205.5550333399737 0
930.7421832329002 -78.43642607808142 0
679.4459430572713 -133.123652398766 0
673.413350215958 -126.8264239490318 0
671.4432073187284 -135.5391535625076 0
665.2556727234231 -130.1324843782037 0
663.9040873138097 -138.3533881057944 0
669.7215300750643 -144.0485175566014 0
661.7664478734533 -146.1158265888433 0
656.5197255044507 -141.0618900577429 0
875.1927127834281 -45.77083337993061 0
656.6995235409478 -171.6322544608025 0
654.4814050173333 -179.5902208366033 0
648.6271627008257 -173.5793474958811 0
774.6969750545328 445.1081730398429 0
773.6218344260983 431.5679498400538 0
784.3767407219354 424.5114781577361 0
783.1767470566019 411.5465714314312 0
793.8997582137986 404.0497391522852 0
792.6321279622225 391.3633252924965 0
803.4074591464523 383.6018445381836 0
791.2052410156818 378.0739603171743 0
799.4269794905048 358.0654550020969 0
809.64511194899 350.4364120185572 0
627.020780228324 249.4701606037324 0
620.664046135273 245.8431523256968 0
740.7134199284953 903.2452313562965 0
723.8774456429461 894.0805274930494 0
264.8800892798012 592.9289669808821 0
1007.322587835198 -165.7362225501905 0
238.0159500975365 572.5668932926295 0
426.107710968685 603.1066477973665 0
808.4532679446941 214.4935892998213 0
596.3187364541729 437.7470168576048 0
588.581696234573 431.8520892047605 0
460.6199760439941 586.2888154440045 0
262.9650455830098 561.1398267171437 0
686.5148737681584 342.9365924855506 0
940.4517353658448 393.8893675393795 0
683.1835091958466 -115.7270744126899 0
798.7517080370163 491.4333522893104 0
730.5511593472634 821.5737980729328 0
715.9442433770633 809.8924421321591 0
793.5679010346278 265.7020667322946 0
639.6633281860859 -31.36724295967233 0
634.4710452348792 -27.29717294969845 0
638.1052736589916 -38.58495049379287 0
558.4673018808573 558.4087986129025 0
214.131868651715 799.7580675133219 0
213.702936074531 788.7998594106532 0
391.7989404866578 584.2641837945723 0
817.7440632464486 151.7738170153366 0
806.1948453075585 147.8464667546453 0
797.8582391653356 156.4077824213952 0
37.70222330367194 965.7456435285642 0
37.98518205395975 951.8387542759903 0
50.02728530235931 945.1971076132733 0
38.33605237875242 938.6799186498054 0
26.33883625139839 944.8372856839126 0
26.53375799561778 931.4695320505652 0
785.7428342485862 -139.5026253180209 0
297.781656646332 648.5380472815193 0
298.5177820680572 639.8753696715792 0
278.7407098828853 614.4773200269746 0
612.1442391049429 762.9063498027306 0
315.9103526928403 597.8819244721565 0
760.1801159924011 799.5128191576957 0
652.9125837993505 535.9216013490155 0
879.6731192512244 235.4619380274682 0
869.4951837690378 245.1799441257741 0
1028.447533030075 -269.7386733061969 0
1024.13869084559 -285.9356576216182 0
1019.127613356551 -259.3610863049426 0
558.542382334978 404.9816018710412 0
117.6388964455893 786.8647451495497 0
317.7872659073284 751.2394295892518 0
317.2439415988575 740.3121868766639 0
570.0525324288687 296.2833027301365 0
576.374019374302 292.2423043587468 0
563.6819062419438 299.8713486140549 0
726.5869066868071 251.5127084211149 0
717.0409250212577 246.7277784537152 0
624.4732791059682 126.2768326216565 0
625.4718057766934 133.6052052797208 0
310.6361105106369 571.4020080414466 0
975.9801787808834 -119.1335718040677 0
327.0747667211264 623.9710376566605 0
263.6219618414462 621.8067263734382 0
798.6680160492715 -375.2535573042717 0
1101.70854083185 180.2194288260773 0
1098.994572093418 162.2218366669105 0
1111.886242306773 150.9924656311711 0
1096.188247156764 145.1725893305036 0
1093.508632895997 128.4416487610019 0
774.3069810476541 938.6481123358949 0
498.5643980691423 530.2108153258963 0
235.2619916208208 637.0530866800777 0
242.4857569967957 633.4627625292825 0
242.6720798486619 625.4600679399979 0
568.4410414319699 -258.7010827077015 0
566.1209404789618 -265.0576341160711 0
777.2585558697301 -81.5524970971457 0
173.4298013024322 810.5093436317795 0
642.8481107198716 -16.80842800643776 0
397.6119759367825 461.8364510024196 0
1025.087950041648 -10.50562174177605 0
246.48438873386 557.0761495663251 0
829.0265372369387 -395.4025433654174 0
354.5827188337082 636.7398311611778 0
293.5454649779516 1027.898680430708 0
482.3498236150927 734.8732817198627 0
1051.830064751363 -90.62951117123092 0
74.54950949061666 607.126451151428 0
69.47786945464939 602.8612539906286 0
628.6251437883288 4.92939384705386 0
361.3996575364445 908.9193593672344 0
636.7329549969486 14.6045221695769 0
263.5091527874796 1095.029290525296 0
129.376251752194 938.873064875505 0
453.8674782157128 443.1604235970672 0
1078.936531862569 -174.2982389234897 0
718.8714290710288 -174.0573767818362 0
482.7806441973977 976.276042600346 0
449.621715902862 484.5288418820251 0
411.7153102475373 891.7414601879238 0
617.1521745172798 75.29103147314324 0
611.9032313766054 79.34652173022002 0
605.876626944334 76.82408536301536 0
607.3264795929323 83.28419531215883 0
612.9951370137097 85.93708902656762 0
608.2585927320707 90.14051248667846 0
772.488200564208 178.650477644423 0
708.3893246201519 -251.7401470349289 0
691.0879620216674 -246.9364331924504 0
478.911059076879 567.8694243589949 0
909.8670954729248 71.46279239318199 0
802.4753625368305 721.7749957389306 0
816.6071531008716 712.5672639093843 0
831.6569170228079 719.7140831784036 0
830.6655235793799 703.1572079695079 0
801.4492156044419 704.402209267284 0
845.5967935916187 710.1673338100762 0
844.7977907905145 692.9568467767538 0
828.6659616632996 686.0474921518899 0
858.2313393801422 689.7044824957437 0
171.4439009185451 758.038049320076 0
616.6929281152597 306.3122834551743 0
127.9420594868412 728.7590402633385 0
707.8752647394888 -213.7064129424303 0
808.4932316502843 -176.135608918107 0
961.2168820043593 504.8209038895843 0
947.8793802211394 499.3495555560612 0
29.43695121661543 617.5550790167338 0
24.05369722979481 613.7461006076549 0
19.3912977091358 616.1086433271674 0
30.11637024824842 610.4501499846849 0
644.8424206508396 58.84073982069376 0
699.051042152842 59.16118391076509 0
397.8529851368525 748.1601829102552 0
472.0025520038553 1055.611314606534 0
744.8350796080019 141.6839295003577 0
727.5995838805359 -246.049377962615 0
820.6497881000935 -304.1393612167615 0
781.1667884204668 236.9160857700889 0
770.8563186471756 232.8651859574629 0
871.6045326176607 -11.2869471733066 0
858.3947821871185 -16.44292880494568 0
907.6481910064737 58.24688362839195 0
55.42873076065831 752.4229255493689 0
518.568248375322 1026.295255117561 0
1037.488710155846 372.7742379708064 0
969.6984075350085 -14.07731683498344 0
582.1954946690205 912.9911078067621 0
595.9011748955351 901.7468569088279 0
599.6422133592799 886.5802818860903 0
1056.930654473446 599.1906694555754 0
89.16665638494652 651.391782327998 0
613.5903834360739 190.6475688357124 0
740.4575611093051 679.7092456362977 0
128.1380242823204 968.1654303269875 0
696.9848688232556 91.11867252660693 0
382.909505697841 795.7620941873125 0
614.3318511245943 257.7870512497915 0
614.7076655300575 266.2406444343669 0
630.2911087473291 973.8433453828608 0
460.0670406038809 708.0711512223618 0
256.3956119879271 626.1784419225174 0
420.3496122519972 472.1776802403352 0
632.3542643820866 135.8033927952386 0
626.5231979755972 140.7908038287265 0
108.3781989423883 792.3988489678047 0
157.4212271775629 609.2901995313846 0
389.1061338963266 554.4859387070753 0
443.1747740186891 595.0093143025849 0
585.2832065882785 -280.2046071199263 0
591.1765457461777 -276.2732487874034 0
597.1827405017885 -279.2651251241397 0
584.6593344223099 -273.3659815304184 0
54.07243036033421 792.1875745774593 0
892.9378931018148 164.7042926015213 0
5.418624159593545 615.4546235881121 0
10.66936475298591 618.5433914529656 0
11.09862262547636 611.2628601257171 0
556.4122758119966 372.13922480165 0
129.6152905082512 925.1221355528883 0
609.955457351095 216.6274434697055 0
604.0107428167527 220.7195797378235 0
604.5822162981358 228.1286850115913 0
598.6013320777863 231.9834777436254 0
599.3741719061197 239.5062880128556 0
593.0890116117176 235.3985561128146 0
598.183472294371 224.3966521658323 0
214.3103915405025 822.9535000962339 0
697.7184939379522 837.376341690922 0
686.0723077375645 848.5858856514668 0
670.7441603646824 844.1348993735019 0
647.951328551412 -310.4856645790535 0
689.5252412358647 137.7530474673312 0
682.7780718272639 143.091741626985 0
7.97236689011065 744.6093332151787 0
889.9944468098589 -425.8813051295178 0
733.6517674328409 -291.1876372588611 0
14.708096789604 1163.116295627649 0
669.9503551321064 287.2913482728784 0
671.074992749943 296.1911949501344 0
9.367518655721469 773.7144323891353 0
17.34663823884534 767.7590390045312 0
8.588596842413047 763.1431058236212 0
470.7862605568628 561.2793680544402 0
1050.913265813555 -502.2290021844788 0
1066.120300600812 -492.0960681335515 0
1049.804790582208 -484.3172237867937 0
1082.636870173885 -500.2300513495381 0
1083.482467474608 -479.4373645055525 0
1099.500780216703 -491.7334858770657 0
988.9032531081307 164.3539011154847 0
11.00850825589844 919.0545122724067 0
697.5369421889636 -334.1389334815028 0
705.0729149381145 -327.035768727104 0
670.8515795136026 221.7459646138029 0
619.6023142166202 185.9207603554872 0
16.65009014408126 621.2773034613931 0
254.1032847505319 685.8605546362462 0
752.6059428644123 -324.4942592938949 0
911.6328249240739 -109.2944887087238 0
1030.097463844411 -397.8798874979446 0
453.6238377165953 553.3086580115148 0
322.2790265254024 1010.290358669006 0
943.402662598167 -291.3481121535381 0
944.3295973596848 -275.3846717302632 0
284.8711074450183 637.0168030356183 0
773.7998246442812 739.598094834577 0
772.0964613651779 724.3192946009154 0
293.5603119736498 552.5567140708939 0
550.7967320167937 377.3074965219426 0
543.9177385165923 374.6730206076077 0
614.4889231586728 984.0760122214493 0
599.3737744963032 974.9851392969106 0
614.9262210353804 964.9691492121763 0
654.2005392880799 151.9846753515224 0
547.9966375626908 694.4185102425009 0
780.0222096073045 652.4665149198586 0
766.2834978412657 661.8367661326458 0
803.1880884591679 245.8454125870027 0
348.592610180169 916.6835165714471 0
347.8591754211972 902.8319235401741 0
71.8757606038551 782.1825609357102 0
522.5395693167254 536.1348218715776 0
850.6418703734367 812.8632533899005 0
493.0128038733404 404.1109099106928 0
499.3860262597109 400.811285401803 0
499.427805931534 393.9380166895138 0
505.9381238836427 390.4485871781074 0
505.7578172369482 383.7112039997663 0
512.0485082381656 379.4242951219449 0
712.3197506682454 -203.9016800570495 0
394.1867675496516 1067.527438321011 0
497.6031259243853 966.8116259025861 0
611.1055047051779 355.1200142916589 0
889.7225389138207 -162.1574760802233 0
851.4340494515382 6.884599330306803 0
40.48633354221201 724.7417651037501 0
712.9695472619867 471.2295322441839 0
206.1878892310183 682.5701052335177 0
206.5837432845851 673.8293919479247 0
199.9101390538119 669.0988663650375 0
206.6791190411859 665.4162806455531 0
200.1355778686724 660.9984234458362 0
192.8296708264149 664.6501921070641 0
664.0075940906814 310.8079873786317 0
567.3130191404545 502.7851904605103 0
118.955993931941 866.5991344370872 0
118.7899959707552 879.2757773090639 0
566.6148043489435 -271.736628509967 0
422.0941359505978 1014.081212609565 0
328.0373740001139 1123.770587222601 0
658.0523770235241 -223.2086855747519 0
925.6788321995366 -213.9361686095573 0
432.5810078459499 515.9523703013626 0
958.9988906486217 327.5182926442597 0
905.1414272495623 -289.8689965966818 0
74.82444633811994 880.8625389159663 0
312.3230421981615 667.7314996096986 0
562.475843914753 780.3489366843952 0
540.0247059140614 526.932939195511 0
625.5681283050071 327.7239466357666 0
180.1904152970153 905.8125488101341 0
133.3687240220581 1057.281110808921 0
116.966549421697 1034.211664822999 0
83.59939387381054 646.8711223675163 0
612.940879425278 467.959750790596 0
832.9258588875259 736.7845146682844 0
687.9932972892659 436.564421724129 0
687.5696296446476 425.9049124875886 0
677.9691019769141 368.5518375271331 0
278.8661847972915 1086.208943429075 0
908.6715182292279 120.5076166111454 0
630.7848367870013 234.0255615660823 0
881.0022586166108 792.3562898073335 0
896.1816595534873 781.7944169614702 0
912.8837439737814 788.24751793102 0
1103.140608489336 97.92128337848672 0
1085.697213921137 91.57655103615386 0
1106.453414886242 115.8004998273098 0
1126.134449147343 -22.96253150733317 0
668.0650682398013 -152.5283841052446 0
47.51028249887339 686.9150926702807 0
566.3507441310676 543.3908195723726 0
685.2526056991061 161.6733260694788 0
579.2661244166636 -209.1300225459593 0
574.8689577343373 -205.2942545683326 0
1073.858871077168 301.8979041576346 0
590.3960990198294 200.6482231575566 0
868.4024457156817 439.8397759800658 0
603.4700914418578 213.3793318812894 0
551.5310415135103 336.4818589905247 0
545.4751757339692 332.4202475657618 0
70.42638078939882 699.4930105302747 0
250.4177718734 1021.196002672835 0
752.5971125901229 -26.42642849098366 0
318.0742970751127 799.6762011438411 0
345.1444795467867 1095.550396017352 0
963.6167557157996 -271.2907687026108 0
631.3427161108725 457.7204077161253 0
585.1330589807581 493.1544832088978 0
144.4534481951825 759.83494659676 0
148.414482939396 751.3236478319594 0
157.1106575557941 747.9537202789043 0
297.7590223613176 577.4214623872962 0
557.5704481395196 311.3853811489399 0
219.4513887600454 659.9104222842955 0
128.192603656882 825.147705468702 0
89.48763409768864 814.0874175469702 0
313.6756802889057 524.3027110536179 0
539.7146770389039 308.2881161767478 0
522.5471289407426 324.8706568401926 0
1005.604927229206 490.6239639914389 0
71.39960125983112 724.8003826346558 0
980.6297041443243 -88.68705860882962 0
739.9214931847066 319.9112253122824 0
786.7057073504463 206.3767208051945 0
349.2773646606444 526.6514279496722 0
1013.351012002032 0.6663477520005308 0
164.250144051763 932.3595956916809 0
177.4613442680546 938.0266102805626 0
178.7550144597979 950.9385757631187 0
606.2436143045243 -98.51320356662001 0
113.4211501170898 690.7735946138323 0
119.8040423372716 687.464718008985 0
127.2012067219139 689.8710358496285 0
128.4027504584674 698.7098406714467 0
790.0438946588497 782.118003574172 0
957.2743097680155 673.8548651232248 0
960.6642561867186 755.4542419664909 0
562.6967538820711 245.0943286690217 0
1093.612770802172 227.6615286031464 0
857.4378402184359 343.840345179171 0
86.8311459236274 626.1328101758658 0
848.7244514976517 -332.46205626206 0
177.3958760287957 721.0321941644251 0
194.6427097656098 722.5198342629288 0
770.7311256671316 -185.6091364497866 0
1123.984032808095 -339.8566121550325 0
144.4406814068403 706.7577798528747 0
793.3758456903136 252.9310395275346 0
475.337218400086 399.989276755446 0
70.95834085372729 645.0894295173548 0
159.0846042752656 649.7837254299244 0
473.2785039963908 427.4686279249003 0
594.5629295254748 487.9344646369254 0
596.5300418404331 373.111835547645 0
678.1857865429145 442.2276295840718 0
256.1267142814395 570.4712753727592 0
423.4789723573447 560.438891932837 0
231.2853217103296 582.0323125828875 0
705.3669329464775 394.9495428105976 0
981.7623351884276 -410.8931517942925 0
280.8930154428443 558.8663107008841 0
578.8526340410986 -277.0623922256746 0
380.1295493358665 509.9136132792963 0
655.4368787010987 -236.8036848548584 0
276.22886270711 947.003357184117 0
99.10899944450087 787.2397769381159 0
451.9718962650402 590.5600216633177 0
203.7382894855793 794.2638410029838 0
192.4176430498958 1105.861528942249 0
1053.457578293723 515.2373557450496 0
1034.800288496392 -494.4654624183324 0
1033.466635345892 -476.9028824697089 0
1017.205908805796 -469.5121450522633 0
1031.354481912341 -459.8274546820475 0
1001.31557260319 -462.1619047877356 0
549.2830869151303 521.9782998396761 0
480.1820683855001 417.2745236174012 0
717.5448367196127 -341.991612378651 0
121.2836222250727 644.7747709907608 0
203.6782275909339 817.1025856529625 0
799.7865491299269 168.6572106774205 0
667.790683323696 788.2196781724917 0
924.846178880947 695.8137081786 0
6.477726121381279 678.0365273690014 0
12.96717547729846 674.2628091072409 0
12.76375255045976 666.9137326468934 0
925.4155749862888 389.0154394578514 0
6.635710536468339 641.8642712264126 0
6.51361455870393 693.8547582561469 0
904.2380387583013 397.3447702174337 0
889.9027774644244 392.3152788334809 0
372.7647859422822 804.1770519864531 0
611.7754583025001 -292.0346808740478 0
625.6429990541715 -300.1335125135409 0
5.434782334065628 628.1010609792568 0
14.64816217761738 1145.652793259939 0
29.50862156037588 1135.886703689115 0
627.5520080147496 381.6105282518461 0
772.8540695409561 863.7637802957908 0
7.531105029377635 735.9559742191951 0
1002.987079648243 -479.344143787712 0
13.46138908509075 1078.977443460487 0
944.232805765799 -452.0994626393592 0
943.7065578041943 -436.0574390242946 0
877.5843689091625 -419.7084954230759 0
875.7645233047708 -405.9868608664121 0
863.916858116209 -400.160709245078 0
874.1310508441175 -391.7717096124553 0
861.7733726366083 -385.9633312395768 0
889.0244366635492 -409.5998665002978 0
851.7970022250571 -394.3651824870392 0
859.2754080722925 -374.151782710047 0
688.8653516195368 -329.9584997370198 0
689.6546621162466 -321.1260053996288 0
15.90922227001875 1201.395551806738 0
32.72450565621421 1210.385941118926 0
31.74623972126859 1231.428434050931 0
48.82094258073556 1219.594719037421 0
9.986594568682412 794.1958871082294 0
737.0220781518583 -58.54043514546016 0
11.33258954227562 945.106769856779 0
852.910786611272 -407.8891044201333 0
9.160562960314378 824.5184557473726 0
18.50015288214011 830.1797183611635 0
19.59874113140576 840.5939681982844 0
28.37727397260476 834.5071564530436 0
22.41787826885533 851.60075789952 0
10.41367943998435 846.4843513867969 0
1082.95340492645 256.2994991502374 0
898.1509466260763 373.7049833919341 0
861.9129725568287 55.26816970671958 0
834.3537882084763 -106.2278561081599 0
714.336983819243 367.564562690649 0
763.9907586922307 -365.2240433786724 0
773.7016120991236 -360.0150677161957 0
212.3904611647262 741.3507461616574 0
211.7539358121559 731.5879929471298 0
220.7210657947717 735.8929488162939 0
220.0288692150282 726.2126129947765 0
231.0052558939108 739.9125021106991 0
230.7053694951855 750.3205201716307 0
239.9478627718667 755.785964216735 0
248.60252040471 752.1478860249499 0
351.083004030526 818.0818246142236 0
457.4872404862172 403.4652359611297 0
744.4252485717406 53.44726637729436 0
459.9141510619119 660.7482014739952 0
296.8315527233892 891.2162011736306 0
384.7677197510576 784.6766571698638 0
513.3821351366776 826.6841513813254 0
598.0840085478413 -147.6430595932374 0
610.4681593618745 -151.507799250563 0
905.9004915196601 -193.9344233488 0
593.2040765666742 251.1327585940197 0
943.5871844324249 -145.5297767538911 0
966.9637902251693 287.1090688337245 0
745.2925352964328 -316.4574862194708 0
391.611852713881 999.444129529868 0
318.3994114620156 865.0340775773278 0
307.2021955912754 871.51904749746 0
306.8677141990441 858.5510196705909 0
665.0674573415381 235.3413654600604 0
872.168780191898 -273.8307639272894 0
880.7503421579632 -285.192890011999 0
773.0464253846912 -253.7684480983892 0
770.1351365270294 -264.5422169638435 0
777.8494119664078 -272.5348914852727 0
762.5214833435837 -256.3143806836827 0
766.993010076321 -274.6662656669513 0
774.5719477651095 -282.9232236429015 0
786.2718186473517 -281.4560008859721 0
765.314247187759 -245.8442754632264 0
821.8593060117098 120.2232195620213 0
823.2821228482595 76.57507573144017 0
658.9519732453506 248.6698276156346 0
729.0617159425201 564.9875943866182 0
966.6313998054501 -163.785234594359 0
48.03352525758825 703.3259632123292 0
974.6535507211731 246.2948657271417 0
411.9164178424792 600.0419297540342 0
50.97609380394853 932.2643269985545 0
797.832607378718 -278.2280745233024 0
833.2094015206948 603.1647211014485 0
992.5226746026561 108.6722017918511 0
1039.506527179081 -79.7911352055946 0
1024.165376334223 -310.4496825902603 0
638.0973985062584 292.2117236777099 0
1016.589576723955 443.7385336462072 0
752.2658596800636 550.7549623525213 0
6.293999347364594 663.1631249698986 0
644.3982534655888 -9.506381220931612 0
634.9577079603744 -19.42054395970998 0
732.1822420094954 433.1433872421245 0
845.6527379188669 -198.6161110912029 0
264.1840822772917 1077.476869735961 0
101.9077453367677 724.1311198444697 0
740.9312712449862 412.5938353223099 0
622.0565464272117 452.5632017320092 0
51.34461017356496 621.0684731702764 0
322.3660617527855 903.9955034678219 0
136.1382359276257 624.9355528262498 0
1149.402412702856 -64.78965597921552 0
1142.032253615192 -170.5710147953357 0
112.9319584788657 682.4751393449108 0
896.7748833600165 495.320344405015 0
878.6832605799993 416.6672523056787 0
342.4085787313827 616.5758993051888 0
27.61678653393131 1085.691242051059 0
378.5302796156246 1059.098972783873 0
364.3278694345102 1050.833470800225 0
750.1407505698392 394.2911380029927 0
747.3121931645525 382.9488567121703 0
757.3748868152923 375.7008702282799 0
1052.287753455939 -291.7162952524733 0
515.3713019176481 503.17083768655 0
995.854210188543 52.41882608407573 0
908.1020719189889 470.6674884924837 0
132.44223100111 1161.007805506309 0
919.1748828226775 444.949649337098 0
839.5710487553903 400.8874434925358 0
808.4237867816064 468.1707694155601 0
774.3624720180925 336.3611370049837 0
145.062113665056 781.6922662875287 0
829.5413220636258 422.5594936419377 0
42.33846909529316 1179.54810849041 0
84.26259862462629 675.0486906271764 0
1084.395377901532 -286.9264136052772 0
32.90003178052851 857.3255916464237 0
701.5631416500012 35.7526916976263 0
177.3510767556134 1063.888717512476 0
462.087942983248 500.1575721857808 0
819.3951370130656 444.1076385300983 0
151.0083011040724 860.2721125167133 0
14.9020750224514 605.0660435440086 0
27.17172576286875 604.5684087020342 0
181.2803663423098 702.0021669970483 0
770.9942577570127 -113.0028117733291 0
549.6213543840398 -252.3057181125154 0
554.9671395936164 -241.4859224462061 0
689.672017883531 713.025297892322 0
677.8343460102597 271.4444957274204 0
684.9139880944033 112.000378809503 0
191.9992652208253 672.9039942705085 0
185.6787648538617 660.1342283913418 0
178.1426141262095 663.5217548328901 0
711.0232057925446 -241.4551561822086 0
1066.405875889 -162.4702289699952 0
695.4427928188838 -63.87059281375046 0
918.7019429389889 111.4088007175737 0
1135.92401158431 -122.5894747429615 0
1121.13257118635 -109.4271214760323 0
1104.713627186445 -118.3862110523212 0
638.1228345767797 746.6560161650762 0
633.8773429017474 68.75589115402425 0
57.32230366959766 602.3323680937135 0
54.76195121544635 607.9935958956129 0
561.6658931261111 -225.0706823140388 0
825.6466272235741 -97.78410234865693 0
79.8254148366654 747.5356998388127 0
194.0240728575002 634.2579920135584 0
574.6465546768255 189.4278756017936 0
523.0925101819957 305.2995606455366 0
447.8284205585697 407.5346785637855 0
595.3338429580079 107.4448567620986 0
281.4294782210484 535.4930219676907 0
363.2345706562762 484.0474254990351 0
500.1272142350671 340.3900814558738 0
418.3287856026757 438.284083888581 0
428.24148941718 429.2487740047316 0
589.530088248172 137.0694718809816 0
542.4435995787367 267.7113849755377 0
482.4863422148717 365.2662882315948 0
601.4673830871566 65.92207498824379 0
873.2213341047127 271.7136145190535 0
565.9321889108342 -213.9451577071736 0
667.5725224867087 -280.1090084886019 0
903.1683815229786 -404.7443095978375 0
460.9177232084617 433.0434853218854 0
564.6092221905737 217.7819930446755 0
568.8962943364331 206.6084609943465 0
591.694638966675 125.1400573932762 0
338.4899005601463 501.4342763082831 0
328.399732523052 507.9712665921646 0
318.3477397905034 514.6804639978686 0
475.3144457480743 374.6749176897513 0
467.5748346627771 383.7912223353378 0
253.9510484977546 549.0302215149992 0
603.5941689028675 645.6743112493077 0
579.5464870571166 172.1082378236561 0
557.6298472833148 234.4185076674804 0
308.0123826899552 521.1052217602132 0
537.377687793623 278.3280154103432 0
460.0019548576581 393.1148665706731 0
496.7967622453292 345.233560768101 0
598.1923744781774 89.7275953209146 0
265.458398090225 543.7960185519877 0
276.2285522174694 538.3436473434152 0
602.9997868646299 -54.8475622382566 0
93.14299627826225 597.7022685044733 0
439.0378247869804 710.61668442259 0
166.2440688341195 959.5452876617167 0
99.13757479220682 596.9995834891024 0
779.4929689202231 -297.7059673339256 0
582.662530932247 -161.9322880948818 0
755.9326007881263 -53.23522002108415 0
751.1095539027871 115.5118916135515 0
263.4346835311239 940.3292179059723 0
164.5683115298647 918.4543577899869 0
215.5635068294196 565.4116113778832 0
226.5047293166323 560.8640893074644 0
684.9753946677481 -107.3851884628946 0
898.4766485606419 129.431807916933 0
730.2040511235491 -235.9836112054392 0
1204.547565008046 -185.3502400021192 0
128.9218730132696 591.1852294056534 0
111.0544671934628 594.5942226603489 0
591.2040081105687 -131.9399476524335 0
743.5892703140645 -354.615568926393 0
824.3523849008234 32.8420706969487 0
801.8197961037646 -198.7193726775733 0
467.0987663875282 538.5402595781227 0
174.4607137993657 628.7978140987786 0
187.0995474790678 575.3403600442468 0
198.5972108076728 571.6645968647673 0
599.128182623368 -84.59811673329835 0
894.3742711078223 -77.68860448554031 0
175.6293567298523 578.6396723940654 0
995.9528446336232 -155.1083266782532 0
596.9678578474864 -96.78597009026419 0
214.6236576576379 571.4797447442845 0
585.0910332374863 -242.6442963800515 0
430.873030244276 494.0201022572792 0
308.1093961017643 757.601111295785 0
62.32449751299854 952.0554979412889 0
694.2856339691541 0.8885223369748424 0
645.4594986509965 -63.0670268287212 0
604.6876027436917 -25.1096980150339 0
609.6366828982215 -29.32578286002748 0
630.3418324377708 -96.94025793790082 0
1090.703870358851 28.84364575883363 0
664.1111678970791 -99.56021253992191 0
948.6708798288861 352.7776681566609 0
814.1641992836314 -100.7107374413348 0
879.7382595297964 -200.8557279415005 0
399.3293856178372 899.7211401796053 0
1042.44715392175 405.7833909001463 0
1112.290745735507 -309.4897107837139 0
1109.637446892046 -327.9969035500801 0
1106.408496331663 -345.5767177237014 0
805.7085209234071 -49.4744671002107 0
405.3719360060563 730.5726829658248 0
381.1027567196192 606.101681840755 0
306.6680325100253 735.9774931257372 0
740.0431034002188 391.2471791890661 0
731.0473578452031 -197.8170214014206 0
894.6956750131778 -280.0973288543315 0
368.6425283074699 510.9065855224301 0
858.0595232920901 462.9894234703527 0
656.5056067681222 -201.3702382999243 0
206.3694062295048 593.6361046382907 0
441.4121284104785 1075.026241350406 0
31.04238917020167 641.378486661459 0
943.558989349985 -248.6954489818109 0
754.8173076046982 -248.1194209836705 0
679.5058922132624 -232.8631836149792 0
288.2279975397154 670.0898990774044 0
604.5862109711528 432.7345816400246 0
336.8982838044692 968.7564402157769 0
725.0504490722561 -321.3596861827468 0
1028.43030858738 416.3902255393858 0
336.1381133936862 1001.820664725948 0
570.5005689833356 680.1914717407449 0
528.2359315332761 349.0824635787877 0
835.0784958947233 670.0555613713994 0
729.3258022223126 -273.4629709503603 0
592.6327284826583 666.0973087105515 0
792.3222698004757 -107.0200263052331 0
866.4767360607431 22.66483263764331 0
857.0055746485986 31.39166690991589 0
25.99969555098551 958.4253171153126 0
10.72680342241365 906.1167336098667 0
656.1137717130787 82.73469599583845 0
435.8715039096495 588.9754683187575 0
783.3990073367736 138.2846652437576 0
1066.781501175589 485.1720623334379 0
663.1401995000888 302.0284516189023 0
259.7159942804174 765.4320865626681 0
1232.51179893533 54.20232247904485 0
291.2205528757841 580.5551422088503 0
1231.072998698547 -65.0602641778643 0
1214.564409705947 -54.68140150778164 0
1215.637630799349 -34.64607614836291 0
1232.28555102786 -24.82544591697052 0
1215.859517313288 -14.4514422875002 0
1216.029564832829 5.501149511734319 0
1196.797111267665 -3.415187528392975 0
1232.922090922931 15.0370359371894 0
1181.091425702096 -354.8893554687089 0
1163.978214436952 -360.4893823069004 0
206.3360224031434 1216.754609732266 0
74.7885952795281 1091.249135245574 0
1119.239105436375 509.8416889832326 0
1211.650036823134 229.6166665580034 0
942.115429799049 45.0964706038362 0
315.7995118299207 721.9807222577832 0
595.0230619573462 1079.887965466773 0
597.4872008552913 1062.670349699091 0
755.6051398066689 10.32949205753122 0
634.7076196292294 260.5506772371198 0
1191.872695122438 -317.0382187324932 0
244.5169107958822 1209.507059435194 0
336.8226175291175 532.6027704538524 0
664.1512973593834 729.7566960566587 0
269.8795121664577 706.5188619880348 0
820.4113071820027 627.0006040057012 0
674.760647033957 -188.4893355704107 0
220.7502582824439 1123.745473891545 0
677.6956044796904 -141.5603233178339 0
337.7141806707407 587.2722835847507 0
1200.64789867464 -278.206572535559 0
1185.204693933503 -267.0722512171536 0
282.8363700198677 1197.082394487031 0
867.3508147541635 230.6823834411057 0
1149.876785644215 18.2925143299425 0
667.9149665346637 107.8251582973308 0
629.6396995156538 1061.105421246976 0
1189.096851598027 326.3812763752745 0
760.2066449621664 969.6103362699896 0
945.2354281317578 793.7227388587777 0
1098.900286475064 361.6919531771953 0
877.0709580212016 641.4165957383918 0
408.4179694576397 835.59347996252 0
1018.752669033697 -42.17146147252095 0
693.8914941245864 -206.788604012011 0
249.9933616643823 892.4915259710497 0
623.7688579198318 41.75502175997311 0
504.7721891326512 419.1090672058832 0
600.026655473896 -173.5790923483458 0
300.8545484797071 630.7281357634364 0
586.3030112921169 -260.4696494039644 0
1049.165791011524 -439.4526447237696 0
1222.617946682168 130.2944885927613 0
1078.075943777701 598.3824586425 0
439.5207521927033 733.6229248373269 0
752.8406758149908 -220.2109377945058 0
596.1649228859311 -271.2113899760052 0
781.986028452008 398.1635663413984 0
738.0206459605122 287.6172685780757 0
615.9148209971615 550.571830009867 0
607.8887835914511 271.3131364222531 0
613.2209397030153 -194.3842041107426 0
1064.381111473172 -473.2714853066407 0
1048.979668422817 -466.0614537403364 0
766.8525797391899 598.3727336410564 0
655.4720437618389 307.6747391313337 0
806.6294067320871 338.2011248973498 0
912.40114417883 -45.88736890835042 0
722.8780619716977 340.2088574644225 0
713.8753693202785 -296.5541636199347 0
677.9758221231664 421.1234246538586 0
964.3032502390231 26.41940155671027 0
757.6233494145617 -88.33774124964808 0
156.8874227476697 665.3985759913351 0
149.8050659960009 668.1619656370077 0
151.0704650740946 660.2602593816207 0
147.0525184587549 676.1354609691904 0
847.4697067104981 727.4526747268801 0
1170.674989393814 331.7098923407909 0
1065.002509344416 466.4893389882923 0
833.5581282323311 -157.1198222930328 0
802.8641992548678 560.2021126819346 0
108.521453460887 938.4530778200334 0
119.3619331461312 659.4393481264339 0
1176.187923780629 -90.6114899208992 0
846.0067142790552 471.9329829395064 0
636.7023173630009 638.0263506918559 0
686.7666150198904 405.2913281317929 0
1072.184483036258 -355.7764115006558 0
305.7736466083466 715.2738114663389 0
677.2369851231219 337.8365328528851 0
986.0936781872363 148.8608644558789 0
668.8257152688103 -49.37580595092423 0
313.2268962881087 1154.078479928717 0
676.7122389078023 662.5970902017364 0
107.8309688236913 861.8567145626942 0
678.539637449181 -4.33501734342419 0
226.7745969417782 656.804031847778 0
713.6011421621201 346.268862467016 0
994.8914684354141 387.1905962031354 0
194.3769718205928 732.3121629944109 0
657.4785485472938 -259.3259602095947 0
301.7576344785581 604.6396992094628 0
307.7568345287625 845.1745584567325 0
387.7338024348709 493.5455744630427 0
393.9600562885981 483.9873492038345 0
401.1036265159706 480.5763514429602 0
897.9699585757207 9.866999496975454 0
611.8948851344617 390.7191289204399 0
362.8160118422473 1104.404543203774 0
275.0521200039582 650.6476386241718 0
148.4053402995561 1098.684428660677 0
780.3272993805656 -26.52979018511788 0
852.8218056868669 63.74395643679611 0
845.532234995867 -58.99455435492374 0
367.7806632196599 524.4267685975727 0
518.9905983998879 659.7984762490075 0
375.4089487031484 945.4952233284548 0
825.3740604334223 531.0409724096266 0
676.1026906631631 571.8220772312641 0
685.8955352448553 564.9449352676518 0
330.206586513395 857.9615355326747 0
129.6868495623482 885.602705484763 0
689.7301762044563 -257.6609720151042 0
991.4737313936878 -170.0297405947718 0
401.723321417078 960.2088610191877 0
1073.762505668474 206.3747861790182 0
117.8641194587753 776.4366942500703 0
1186.822335941566 -190.193161443688 0
966.2625164215909 -93.23786876882484 0
115.6362582863478 640.3120653102876 0
1127.181749548156 -501.927198114202 0
88.27033423360123 1229.465023236577 0
78.20343303742428 1213.280694707169 0
108.2302841735831 1228.17790795776 0
742.4774823428922 -74.83808588947019 0
588.6336705354123 533.1113229760576 0
778.7219444904415 -338.1052023844354 0
178.7604698915418 587.1764818380467 0
736.8057812314138 506.8259149023229 0
688.3863739981093 247.5753046004031 0
699.225800732343 818.861921122196 0
35.24895844400571 813.4097397207245 0
426.9232981938346 928.4093972734508 0
789.1573939637311 -269.9891424113974 0
410.1525882576091 877.2407815598909 0
648.1591630014491 156.5433835768187 0
26.59086048708489 698.9902829278205 0
106.8894849807752 617.8736384150108 0
1156.965156463436 -249.3226666188703 0
657.3764319484833 -39.10556360996406 0
999.6972578260622 -288.6651332025643 0
489.223302600755 1132.658794722965 0
472.2586204536165 1122.074117341898 0
507.264518553298 1124.841563812733 0
877.0514163983588 866.597527826033 0
901.1952437392667 838.0494894847916 0
679.824435091146 1030.068278133139 0
663.1156308419208 1040.813130862803 0
711.8030055534002 1007.666568653374 0
693.7495595061916 999.4320544574102 0
725.5804756803245 992.6100347415102 0
1199.968392223181 266.6985131592933 0
58.62982430275694 1133.773490301492 0
316.3705843968708 590.2090304467008 0
90.37623166127482 644.2261312700753 0
560.074644551749 1098.416620002496 0
560.1872681832158 1078.902125541153 0
576.9333725303039 1068.452062735545 0
542.5584644161478 1107.269863532845 0
524.9078252564484 1098.089368786555 0
821.0198852952286 921.1128878140969 0
835.3253265385807 906.9546467857249 0
829.7736945271947 888.5616652916683 0
166.2083528507314 1218.696033568077 0
336.8804539823494 953.5983908869955 0
623.3990210735441 8.983280988059954 0
631.2098244158839 86.94494329853381 0
635.7234486042864 214.0295369526266 0
475.5554886764814 517.426149703168 0
470.6410544485412 965.7802813923581 0
341.1440306515491 1186.085307726332 0
321.2608408255619 1189.23576896624 0
378.1973342769689 1172.96569973423 0
396.683342837825 1166.766649248537 0
400.735681496088 1148.153865676054 0
238.2373995946815 899.4783338389093 0
809.3728434370649 -341.4605961779656 0
1218.145409076815 191.2624453385603 0
1221.471574832914 171.8834262385488 0
323.5424349394859 1076.580804102995 0
937.0843365432432 -422.0225646656672 0
279.1488641217933 1068.933424698025 0
960.2769051953474 570.8689354025576 0
761.4470831773444 -293.3921092861666 0
280.7130788472983 809.8317063360028 0
763.204317247057 249.0711022786004 0
639.28049948515 686.41785330913 0
249.1850533048587 1140.305588134017 0
89.32311214318331 825.1057691618134 0
777.3313232641912 106.9517346009922 0
1198.786526382339 288.4230057946799 0
917.7512209761226 823.5441146992121 0
575.062770605386 459.4901761825797 0
522.6039054206783 526.6717524528664 0
721.6257262862047 17.31136244124554 0
690.1446637177752 96.95224016531429 0
53.15326156970234 905.9223336249894 0
1130.293869578187 257.250583098815 0
617.2746324506908 163.7358264085299 0
681.0062931615938 -225.026861266126 0
226.578254544295 934.1571220640967 0
73.11917182752438 1142.760345085007 0
343.2562136782293 607.9193346211825 0
265.5890318176108 615.1577444592937 0
979.7918861667838 381.0795830751018 0
720.4584747368151 49.92529328470755 0
642.8429387161418 264.4602776748776 0
567.3050788658378 493.103523456466 0
251.9944842981375 977.3455002098749 0
17.84957941099319 820.7712680721148 0
862.2361869595434 633.9271050744978 0
741.01519930226 571.365629385685 0
1110.579995904966 333.0265077298208 0
1113.176967335794 -94.87140561623406 0
212.9285626083317 584.136553456304 0
876.7654213269832 -166.3345807433534 0
747.6211760181778 292.4393714808233 0
998.5511865403664 314.3472696301193 0
972.3815409270294 440.1221383678816 0
668.6150722274299 436.8768538259831 0
613.1291743073106 457.7681901534839 0
1006.136076496747 273.0625184394753 0
660.5690239259712 70.5352734071612 0
639.0530454823072 -242.773090510652 0
715.9721148347473 520.2711539830211 0
488.4166413969157 843.0318874298613 0
896.9896324340294 -331.4112002169045 0
1102.335601042801 -135.1700782816512 0
1013.208231775712 232.2852108388209 0
995.202378946778 640.1304880466618 0
721.0845918134712 183.0963612958288 0
912.9432888705289 548.2709417538777 0
1077.58789960545 437.1935126732869 0
833.2612217369031 234.7455849042227 0
493.2683183139992 397.2597560404561 0
745.2025336573013 474.9947623910093 0
1021.166355995897 191.4671668899488 0
604.3913679655896 29.22336472453884 0
118.6056301990258 1066.099367572415 0
704.6999922329561 362.6403584621225 0
570.2433718978191 288.7553352977129 0
812.435987646546 524.5757718509128 0
597.7878706129333 -286.5170577363686 0
836.9263471150221 373.552883465208 0
906.987483366466 259.5107509834112 0
373.9664185709859 521.4320531694719 0
899.6812571904361 294.9901534866354 0
1084.011755383179 -518.5279647478304 0
838.2124306180518 203.003053594524 0
973.6253987905859 -337.7639981935734 0
431.0560951328222 556.7472679774002 0
1138.185365664839 210.2690028875602 0
912.9393984474566 224.3493738102443 0
703.3987036875233 176.5213934138069 0
1024.423951768272 134.594102292612 0
688.509231056457 -160.9076167939932 0
746.0208808981314 271.6517511931178 0
360.077449019562 798.8435230518677 0
788.7054055905314 909.3419741197812 0
294.9038037821829 1129.837523935813 0
920.9178361707579 188.3169663888312 0
619.5638100705727 376.9623556520247 0
820.3349908454198 286.4108761935183 0
647.1938957645486 148.8521450994353 0
1119.132126144734 286.2312264818261 0
1087.250655382465 390.5216246541781 0
260.7674557468075 720.0381881528584 0
931.6758202058245 607.3972862590061 0
152.0080873967549 697.7303773745758 0
1145.145124859429 -83.47899914559544 0
801.9778273434363 179.9326132290092 0
570.441357679883 332.984885039645 0
570.6930233860591 242.2486587311207 0
804.5264710051673 772.801515834416 0
600.498154331415 -215.6002879463169 0
163.7849941138443 1142.397159301396 0
507.2925440384302 1089.669709388402 0
636.6068571102162 529.1558353802858 0
37.09240370480568 609.1332265834812 0
92.69171903121165 671.3146205449617 0
588.9228930871523 422.5007739557543 0
755.0512108316767 605.2850061087504 0
545.5609912181112 325.4768015283292 0
927.5490608728519 554.9584773534993 0
729.8525184185476 -52.49892530018554 0
850.3385722236587 779.8188047652483 0
624.4999604842546 238.5021898652005 0
440.9395072704409 651.0730270064706 0
575.4983289001959 270.9733544630685 0
1034.339498309923 37.20815882054765 0
984.34012258935 -349.4300347916017 0
97.11898715897993 905.8590735901787 0
990.3292771020226 355.6876467351804 0
970.9136832232496 422.9402892423835 0
1182.773792191686 -208.3622994834677 0
687.8894844715945 237.6125824666789 0
122.9617746361513 592.5552003275011 0
838.8473069231115 -224.2809572581847 0
1089.318644795597 -124.2238417779868 0
926.6578263806925 152.2191931216302 0
629.488977885351 281.2905415244416 0
842.8373443688444 171.3651974266018 0
992.8615044981909 603.3480763099312 0
753.3066730450914 244.5896180272401 0
558.439615506477 448.0340901045881 0
63.39613533439664 720.4470516539159 0
162.1126506436146 891.5755228626099 0
792.0284952445458 -64.35318722901424 0
148.3812574670152 606.3262016529663 0
634.018631735296 199.2000299678294 0
587.1432951297697 565.420568926654 0
960.4821544569159 -55.5524658544233 0
790.5386901814147 568.4814704941487 0
584.5137965707305 1039.448518168321 0
693.7154720374028 642.8175641623241 0
118.3155454191736 819.5583244722661 0
1027.963414451365 78.25826363041165 0
647.8898663666753 1018.926783786264 0
814.5774081336152 318.4419302826478 0
88.76653803341395 1099.69375445772 0
573.4786592309185 430.7458318931673 0
43.06241206946425 887.2497891770751 0
1050.494464651831 -167.3699498409417 0
427.7557465875685 728.7710263493035 0
1129.743975786624 441.8865925738734 0
456.9227394591013 468.8203591061922 0
524.8589295118178 931.6864655656799 0
538.7957936177972 923.224605850453 0
835.2337278667924 494.598663440749 0
553.6472097022743 1060.482654357455 0
843.9102563836723 295.2404946845647 0
725.6221446922286 501.10100086937 0
378.8101692942304 539.2200251977363 0
1084.998410163107 -306.449844490703 0
87.61487711143282 742.7745311461691 0
827.9867674589333 266.6937198665121 0
530.5134019270808 420.7183811315156 0
512.2341580764424 489.8082434283942 0
388.0438732038965 937.5337241904608 0
521.6773061975017 351.4787312388294 0
357.7695437258793 761.6308461573782 0
136.5433776135824 807.9705842903982 0
1123.849595212627 422.313691167861 0
600.4586477862742 1030.06065503957 0
685.3268643087368 552.425659274527 0
751.7153241896391 223.7726657994358 0
498.2231178605705 422.109581520675 0
624.1000382976885 230.2504016714346 0
497.5097052624012 948.4251683805401 0
54.96234393844485 638.6181809819152 0
439.9831933491747 920.2205797523227 0
1201.991990878246 37.1075723490621 0
607.6520870328171 195.2752786012512 0
1040.431157625868 609.6668526880273 0
375.9352088232414 960.7267128568203 0
1023.02128242148 -368.9761670007463 0
1112.992366017398 -11.08191140632236 0
527.7731336726258 473.1797351630164 0
1014.778837559662 426.5901176873342 0
471.3717610539908 448.8145217250964 0
615.4571753022957 690.4493444923637 0
422.2580871656817 869.5255276820862 0
651.5447225597205 262.8960289088685 0
423.6692257135273 632.086338977472 0
862.7473127174145 521.350411749863 0
299.4780836566027 786.03772080881 0
644.1632016366555 927.9386075122247 0
211.4038616424951 722.0605184329461 0
593.5476604260977 705.2251387020178 0
410.9119675940512 1112.400667872069 0
996.5595739980447 -303.808403561289 0
629.6152586496983 937.40796887124 0
1176.006888034955 240.9307996463587 0
340.2079435530432 824.9852662305411 0
457.8613954613562 461.8692274384602 0
565.8764661310407 905.1387474668702 0
572.2298366318061 664.4166100328474 0
1075.693070689852 -401.9030435328167 0
876.4235685714498 -213.360393528815 0
284.3036441531926 833.2701047028262 0
295.7354362604202 852.1730805697348 0
295.5516233459471 865.2155901347041 0
727.0993592952148 969.0651145979971 0
460.2252556856921 533.5029798521986 0
141.8804117712066 615.2647733380328 0
657.4266385100883 519.1394708599805 0
696.1259555304492 389.3632293994407 0
485.219904007831 592.9827001177869 0
483.0413867874673 505.141871537451 0
467.0808346314793 837.5583722726046 0
445.0555856652802 854.2421409954349 0
284.091594758497 858.9512498298419 0
836.5898233242951 -189.6334258216623 0
551.649807669044 677.0893979941249 0
461.9052561747312 425.9199229870965 0
576.0240440200507 529.4647377982137 0
1209.093820295167 73.99190719593607 0
445.0778455119535 467.5702100032124 0
1173.891446568562 -23.26419207566392 0
530.5617018112391 561.6918504199175 0
520.9592570644035 576.4367647440346 0
818.3251818005631 -350.195651054505 0
868.8441699604264 -285.333943931559 0
771.6674882606369 134.0094321599093 0
730.3972175638511 314.4476959082989 0
343.3902306519954 522.9576636172366 0
620.7333280332766 145.6016137609513 0
386.7471906546126 742.7952070815255 0
491.4186438316231 824.0139037883943 0
676.6744548312506 -180.2528517295337 0
443.9833089093501 440.4936440614941 0
452.9131955262506 580.8900688523073 0
605.7729875514904 181.8662794842036 0
768.427044517739 499.1898937708852 0
730.9263509981306 325.0530547625531 0
1180.775240955599 -141.2098955139325 0
514.5471101501846 808.979003323837 0
648.5067635309614 321.8123361536227 0
560.0011375529614 228.8646658040034 0
604.6220776741829 404.144644992746 0
752.9510143258515 -182.1298592466031 0
630.1816584517098 858.9109392186051 0
538.2550685713167 739.3786671454188 0
511.400182840506 702.3221009248381 0
367.5600146611075 755.3926875869097 0
287.0063284968092 611.9947907064135 0
842.5704344757988 -71.03034090413557 0
589.8624808750737 823.3726962138819 0
752.1574476207876 -258.4546311932805 0
737.5602215120348 14.14597284212379 0
491.5761674772988 715.3474908511191 0
284.7982072379643 884.946343088711 0
1017.388998833901 -118.9640741950025 0
537.8854422498885 794.948437669128 0
692.9547529474626 214.1739294129039 0
531.2154911651005 689.6875536549663 0
251.8115459210048 714.3975947103784 0
13.07699114204605 681.9436476029167 0
842.3907752642292 -27.74003768901162 0
615.1050497555548 807.3213194020797 0
726.8477894786383 672.7283747531031 0
634.6628910239942 358.512815255358 0
418.2688783365987 493.0886769210789 0
398.2339440368669 508.3719456516067 0
377.4940636309716 992.1321057790287 0
707.6638948515681 153.1010449491384 0
641.9492365896876 344.6683111547184 0
528.8441965624146 293.5521567224163 0
715.4415259219486 106.1286846000923 0
806.1034886631289 -322.1498661762911 0
589.5750397981124 306.7147771199441 0
711.3716102329581 129.6704447067503 0
719.0114093899673 82.48591297885828 0
180.333586242352 618.5824200172826 0
934.3722937172972 228.319720844396 0
697.6139290656658 190.8581642829525 0
764.243130664434 160.5134920424109 0
1150.221401146564 -279.8371732651817 0
1167.284430587413 -274.3730624602325 0
917.4715887339563 -437.4881160984839 0
696.618039839884 464.7560297637241 0
362.7997478006226 1160.671987574316 0
850.0514191950816 51.83593117158186 0
640.2282515205727 790.8485571224758 0
63.3091807441259 863.4635768525322 0
408.9615835661054 559.5484470751466 0
659.0337986529998 463.5764091048163 0
848.7050383970951 95.86531526750797 0
423.6432220575304 552.0296037871069 0
62.52148314026554 840.6178581652407 0
564.1734212413115 351.9383450641398 0
1159.361465128748 151.4246752178369 0
327.7574723329768 687.6780325239091 0
609.018220731229 522.5359271524828 0
618.4284465526266 132.2786786477248 0
47.76121467049112 747.321875224581 0
601.789684639553 -250.505026131158 0
302.458730189745 690.2625076701984 0
195.1195607804035 1179.265421157227 0
280.5594359503907 1176.942904851895 0
436.7806695995029 875.8629837678338 0
1110.246257295124 -392.7819475201248 0
214.6688719157327 859.7272020605425 0
362.7462201239218 710.378631357042 0
595.7033065421577 756.3932232675934 0
262.713069204581 926.2970981811035 0
419.0112008540109 815.1972770621833 0
419.6851744003937 828.4215443255455 0
805.6765946744592 604.4680730214324 0
129.822604847327 620.7821228540445 0
1058.59810339011 16.52467211489898 0
847.07504701608 139.6133500051732 0
636.9861397616042 -280.2300468106122 0
307.4194088698754 1004.254744998178 0
763.004837853699 -142.5762335969573 0
775.996663331833 96.74907333987667 0
491.3638441945523 432.467117618456 0
736.7363861324263 791.0109439977296 0
358.221619268521 592.5249508721068 0
619.0838278972711 741.3070264063447 0
964.39413628536 -216.9795261430892 0
741.8273224020013 726.6971594034545 0
756.8153609534709 735.6924114225809 0
880.2074027804902 760.4285420510452 0
332.2668756270976 646.7490751783008 0
910.9993436292399 742.1082989071294 0
675.4442586481888 152.9829478503571 0
642.9084410669536 362.4912387201734 0
291.1498828547956 983.5943910091505 0
578.5118900358775 -244.4943534247077 0
217.2821165861005 608.3648114858976 0
1059.813137275331 -344.053971107416 0
638.2986793778382 179.8984582583358 0
642.6020295161107 726.1546174527666 0
186.80452611366 615.6780424828595 0
440.3908227606464 1057.281304434614 0
503.2485993035547 585.7776529822823 0
926.9222197276969 -163.7662020879792 0
650.9137147657045 129.1327279466813 0
583.0995262307237 317.707224290082 0
118.2452990775581 1133.711948551419 0
947.8013097366372 -182.3434316917428 0
86.01832084988658 912.3711546527875 0
518.1792502361271 405.1669334280292 0
167.7823689577562 624.4752454794028 0
654.2951207038037 109.6429053256175 0
628.743142561884 211.0025983918071 0
642.0858101575224 9.67862396342499 0
601.3829475228501 276.1022031908454 0
666.2908024945391 710.92342418462 0
363.677649936139 850.1465453100561 0
365.1543885869933 1033.289830295178 0
405.3557753073428 650.6804307801872 0
199.1867306403267 609.795079616606 0
322.4363962845382 1059.503736965952 0
582.0755927718205 -231.5175941171937 0
908.2674632924325 -132.4928301009731 0
38.39119826425961 632.3526760673238 0
274.4268422731644 918.9667712627476 0
690.1782981377079 695.584914672963 0
860.0545792742748 -87.29112856183403 0
16.41927725105174 747.2529629138403 0
783.8889150048468 -54.82309512054669 0
768.6720028723786 313.119648147399 0
779.2547760887969 49.02912772507955 0
1019.847629752987 -325.6985767890088 0
214.634958398358 927.201323959917 0
659.5672689365233 2.333591170965218 0
782.8555087734572 1.45124616961002 0
714.5522922799051 680.7877922902092 0
632.4765518211505 62.14359100899345 0
111.3516489118309 746.7200190806868 0
1152.263458088824 198.2184882691507 0
864.0645215317178 -170.2427037306113 0
289.1344251647676 602.658515081212 0
652.257961146641 385.779010620741 0
275.3755001906763 607.5080764877209 0
302.6152321186958 596.6541517408749 0
776.7799874682162 28.2344719681047 0
463.0115049679739 859.6522883457274 0
830.7996026677102 588.2273173031897 0
750.9536064171165 656.6743937559112 0
594.7046691088107 609.3236464026528 0
650.1445380559992 -225.0876169140128 0
636.4861923236257 -70.63522433277912 0
604.4658089771115 -12.26104580510173 0
74.51568275322022 945.3262905473931 0
639.2018940022672 495.5529317230344 0
141.053542668575 1004.96164606533 0
617.0072242993124 112.5612220290465 0
646.5301423445698 618.2405032680252 0
676.7263342107972 -211.0808553958929 0
163.7043747507478 1197.624030392553 0
892.0627314269989 -244.4198180925559 0
228.7081987679335 632.2436101907022 0
285.4398714028094 576.448972444897 0
107.524619881783 657.4292291503215 0
946.8177711253959 337.0970492504482 0
649.2393775182827 -261.7449996666693 0
394.308086618208 1049.995281185468 0
644.4092694704382 579.4535212472654 0
665.0101319194143 565.9138050581116 0
248.6141923712304 654.3136297357887 0
688.6347383995769 313.8440691758027 0
298.010088667017 570.497810015534 0
347.6903978452505 547.1527953381764 0
1109.484742308045 -457.1838587735889 0
630.6211262338577 -12.93846411696122 0
648.1904901509292 -159.5238379506957 0
33.13872393236711 720.2603416393401 0
680.7785549568869 -260.4187136286667 0
883.8815782590652 -334.7154794528198 0
596.1704905957823 -210.8876081213502 0
80.48585085198287 808.2693005373582 0
63.41376825071937 776.9079209722512 0
1194.152869979317 -84.29118602767578 0
138.347398714863 665.9405919575632 0
61.95274584874517 993.760940774878 0
280.168414085044 798.2088498122091 0
610.1223997929811 310.4241434813487 0
11.25680348202116 869.4584699305972 0
908.5752651540762 -227.9508667780198 0
466.8744481038912 611.7020720257226 0
809.1153293159927 -205.965504383801 0
815.7224783618778 -141.3090740053813 0
324.3013112069931 945.9702477966061 0
163.8922821066297 582.1940261144508 0
139.6653922902504 650.8237110280302 0
491.1627978422977 524.936172319824 0
634.8050926502673 -77.26991816854478 0
639.9463242914845 -57.2434238093071 0
153.1858904538259 645.0242063282101 0
62.23990649371622 818.7548345135965 0
630.1036937097574 955.3514614803655 0
623.797313463501 -123.639996679257 0
298.9779467873952 932.3495339637041 0
626.9761353999911 -110.2967461096965 0
781.4300868406732 -221.7568328291602 0
933.9846809351803 -383.5569819438882 0
913.3152205196075 -363.4886988644363 0
868.1468122308202 -303.6541183818089 0
623.6626023216736 -178.8975658619707 0
211.6880250115484 705.3947481908676 0
342.5261589120508 718.9340420526856 0
341.3976633261401 550.3109695928106 0
620.173789471777 -136.289341414689 0
919.9858910625009 -337.8769688952564 0
317.3088069990114 711.4766640261472 0
804.7919096264519 -244.6472494627189 0
528.2250128818919 321.6995199910883 0
169.0838213703454 683.2023138591471 0
611.3690429916719 -201.0814284335396 0
195.9783527878304 1199.638582706272 0
724.4191717745982 -6.524145003896693 0
299.8342783813578 549.8274408331138 0
821.9763452849263 -261.1038751024724 0
650.9932296440141 228.063763534772 0
523.8232687980058 424.1126381939445 0
717.0426234325221 453.5385724466087 0
706.2483497300245 -116.9105670406347 0
360.3888666463927 541.5877785110376 0
502.4506548441113 455.7658021342289 0
611.3745694840795 509.5293898118479 0
143.5990224229954 734.0947643180093 0
741.7418800912651 31.95553553056134 0
239.8951353292402 675.1019463463377 0
548.1487617297776 552.2253171832808 0
776.9449377171985 -308.536198003541 0
109.1415788648654 642.9691195939921 0
768.4025009172894 -196.145734633035 0
639.1068079087904 -85.43879945576964 0
221.6506742576863 776.2933739073065 0
315.4887446600862 1170.709252323351 0
226.6723908616756 716.2257173223794 0
593.197948779279 518.7381307781204 0
632.9511381464815 -34.06843124567638 0
941.7711706089472 -159.4198813134764 0
696.8392783423676 -88.08009235241431 0
364.9634331387851 613.7523639782768 0
296.3196152291591 801.951368591459 0
639.7959613886887 484.5223719885593 0
37.25218596781836 639.0380865130602 0
228.3805176165174 730.2492449109986 0
189.223852346317 698.6503051922255 0
601.3786733210704 -67.59228040172236 0
450.8001437964803 666.6059590531876 0
390.6858008776527 525.2151695030137 0
114.740198510725 715.8371415367284 0
1080.060450398817 239.3065551129709 0
595.346588743266 287.7940238959614 0
84.89617316693381 699.5895858604418 0
99.55500250935611 707.6758760430764 0
207.6455818093606 625.8603910098919 0
978.009388433519 613.1703889587081 0
601.4703618431574 -167.2422385333471 0
910.4631093949049 759.6027722727672 0
237.4349596136594 693.7593359794457 0
588.8712037551155 -229.4618353144992 0
239.2458209605833 970.1101609578436 0
714.2935018356213 -49.85138440917632 0
726.4822718320229 -283.9136436617924 0
563.3132389876801 -236.8753348097503 0
62.28282584395527 1007.955451667232 0
221.2689947994668 1053.993140413213 0
758.8861973789042 949.3146514949992 0
722.2425940565392 58.73549061649829 0
662.2974047712451 -17.45490446363551 0
663.0300914661764 50.92474299656891 0
1034.847424067319 -381.0464403152104 0
10.34393415320054 972.6889295379707 0
723.5600332946601 26.09305111862087 0
623.4662474596047 302.0013586576774 0
284.6851296379956 583.6661974565925 0
194.913821470754 619.8034220933373 0
1033.047406915903 -112.8803300816589 0
745.5991120588578 371.7152300609544 0
1064.572607642887 -26.45688935783309 0
849.4703193722589 379.1749232993221 0
751.8004731821235 1.385248484051989 0
594.4894645436957 113.7271970636298 0
18.85818641160684 663.1485501194645 0
1140.877118429017 -467.0078404329021 0
657.3362151132166 90.09733165305821 0
610.4223906469614 346.5901191565426 0
1062.84210024862 -179.1623720064361 0
1030.680539709932 433.5440840132295 0
795.4764713397703 88.95652792754427 0
931.6683674995138 2.119924210999835 0
661.0827187550898 -123.1324319821153 0
19.54877096486474 671.1470588197656 0
183.6341113462042 591.0374013162733 0
108.4817475878912 911.8975257492795 0
609.198316523083 -159.1371468453056 0
96.8809666597985 1213.174264212192 0
904.1906634804538 -23.93847855108463 0
129.7868242956481 898.4903061364089 0
223.3318412560344 612.3946729841923 0
737.3010211101027 277.249611524813 0
703.3533134055425 -93.83719065470048 0
592.9313698041377 652.38325265145 0
474.0378337642134 420.2532591542981 0
692.5274543875104 -7.374330607235404 0
466.1259399862823 621.8685919623316 0
213.0554896029015 654.9409732847437 0
753.0107810610079 563.9844542451866 0
837.8362233139778 328.2508893618195 0
452.1000235280168 1147.299179852968 0
336.1348254522969 693.2393582140147 0
620.9512686398876 494.2093217514733 0
780.5970097163704 317.5404941656322 0
1124.771631417838 -175.2625646758281 0
380.7267527816256 625.2390800499079 0
774.840018378041 -142.393343566322 0
887.3297119199547 583.9586978421006 0
63.04474692394984 787.2577362314642 0
543.0926157721291 1088.518179238905 0
1112.927671386256 350.7432380513821 0
658.9492755520652 623.8895518687182 0
805.1939860872477 825.5092393693182 0
152.1867181786544 652.5763419464023 0
1148.871933951579 180.4885848388006 0
454.3450266867835 927.1736217413307 0
32.76835703732531 729.1359831669107 0
447.4804738135929 515.9295691886657 0
612.2408780245127 -96.44247889480394 0
335.7002016727688 611.7882693849169 0
953.8771265208368 109.0874051558286 0
717.528514214333 558.5899758149508 0
459.7386243966589 542.0409167393204 0
1135.947528081062 29.37483288314295 0
1079.669089406702 455.7884814677066 0
1013.511381779293 320.3531921718597 0
411.3315538815613 1131.468342639974 0
1018.365664713708 461.6214631578957 0
409.8202910616079 445.3503266527667 0
642.7697126259964 -287.709945182518 0
395.9653347961062 655.2937252651648 0
711.329824096279 -167.0590231637226 0
1020.332342390053 277.5316799042199 0
950.7944232475915 548.1835170633886 0
100.6346817366053 620.6540557064782 0
160.1754261800292 714.8411122552465 0
923.6785496291287 -324.4284952584823 0
1182.09925817088 -285.4886204390444 0
722.4153173326919 -15.23692394824585 0
359.7348889523784 548.425893252325 0
148.127839224565 1151.69307265304 0
968.4658055259215 198.2962004753747 0
374.5253339638109 593.2900468151581 0
695.6279558951416 545.9466421442621 0
1027.280862530586 236.1252355774497 0
98.6425827877602 683.4504073163087 0
977.0135595479444 -39.48357506178675 0
725.6276434678584 110.0299406734298 0
1176.838623304602 313.4283078489834 0
1030.912684441931 93.85151349018355 0
1178.152696468004 364.9008012112371 0
204.1212717106814 840.8811589382982 0
1037.62417346445 196.4743537914402 0
256.3641778423428 658.756100506346 0
1101.427698057098 379.368406288214 0
874.2703578665553 609.0816403345032 0
759.5409758260446 -266.4260655951489 0
1133.100191461454 274.9482834099405 0
155.9828417017 590.4369914205126 0
192.2451711019739 972.0466039188134 0
661.6669868902164 77.7269181959083 0
599.3796097575939 119.0698797898459 0
593.2459379135616 141.8330610672147 0
919.0196762103083 263.9300523932054 0
498.016363505889 539.6131163607747 0
1099.641887454516 -509.6414913074228 0
747.2129391942441 17.04249734735577 0
668.0677770831327 -22.98346769829904 0
992.455250047895 371.5079220281456 0
456.8466476359911 1065.438966255562 0
1049.335697822492 42.54209495011033 0
600.0515367657366 77.57347515872861 0
1027.270600774593 150.2023164959121 0
414.2898353684147 724.0950088891309 0
293.9860251751058 694.0291666038061 0
372.6316701067261 618.980020355162 0
347.6321189338531 553.5615272574837 0
728.1567973210895 -61.87111744233364 0
935.3575642054448 192.6100296155546 0
1043.110573160593 -198.9500469824044 0
847.3923262999543 486.0813879287599 0
851.299459001091 107.9218538108024 0
816.763163187291 330.3701445898769 0
39.66339087447973 752.1303660974552 0
696.1345111863775 -165.1433783796708 0
820.0834360964874 611.4452605151083 0
408.112240158396 568.0098638082272 0
1055.83690224922 -213.5535932768059 0
603.6989226895595 -243.7057680641836 0
204.0603894517402 569.8314940389996 0
578.9694830300416 -173.8750329117264 0
444.000150521719 967.9294939848758 0
428.0446142110887 436.0429285808494 0
404.1555764238527 603.4159182218478 0
1198.127065452726 -135.3943006435528 0
557.4148421994704 304.3803361138548 0
323.0721948651956 586.8522004594436 0
706.0087259847795 254.616074310104 0
723.4531085493714 201.0196563353279 0
712.9454999347686 -123.41308525934 0
597.7432358239596 217.3301547065005 0
939.3657280158941 157.4294234789465 0
1121.341308696126 -193.4210386160764 0
304.1770465714087 574.4829791486906 0
692.2741264229911 -311.6167068557444 0
483.0413952509545 512.9551437721852 0
432.3374364174855 636.3049783711798 0
238.7726334016211 684.3193868879358 0
483.8480483027751 480.662120644455 0
438.265273625881 544.528589709847 0
1212.082866094399 -78.34256818102126 0
668.2977275308989 469.3285431296611 0
883.1210017660044 111.0888899175048 0
829.9558710051945 278.8245999026571 0
586.1413698208214 -149.9820091731245 0
854.3524743828978 175.0992945703271 0
1032.295971230299 -443.3137724009626 0
845.0023609058619 239.1135028764443 0
365.9740984882235 588.9323617111202 0
849.5748141891272 207.181525073002 0
268.9310599397922 725.6735681544826 0
573.6467091823324 772.1522082186941 0
427.7788162091978 988.4639357176401 0
660.45580971833 935.7530561941151 0
103.4608491119099 601.4305905009212 0
693.2750382330986 -37.82268126851314 0
726.3984758330789 513.5174502905572 0
489.4418318825828 677.4524339837083 0
974.847971396856 -227.3455065995157 0
214.743255907835 941.141970216881 0
435.0007019045557 419.3905973542396 0
11.00446794538559 624.6828670822836 0
1088.342075018554 -414.3619675008222 0
1216.924270732116 25.55316649440766 0
699.0907458755324 -14.04034601486001 0
674.2100888858344 -88.33583957221697 0
633.2010617444189 -237.1813078847077 0
566.2959081247552 452.9354288952927 0
487.6144770177887 632.3262846275895 0
375.0906298318105 715.471474238843 0
656.202772429775 316.5533395992892 0
800.9119654320298 -114.8743100962286 0
762.0687870120004 238.7539892646952 0
164.36940351876 783.2252566354749 0
589.7689409177736 313.7321961124851 0
396.9999036798017 828.7888446475982 0
905.0005770196896 -242.1006779535702 0
701.3844981710682 217.6943991770446 0
531.4668382718278 522.0934134616272 0
169.5972908959503 1019.157661119916 0
272.6674465858897 582.4926078690669 0
615.7980649557217 822.2465101253995 0
1138.876069339087 476.0102743626123 0
600.346881626299 955.0412997639185 0
665.7634811763492 -91.88290038769406 0
585.0613795730279 965.8013039715779 0
716.1512947724012 156.2884737855797 0
683.0919302087732 -216.4715330193472 0
844.6607262976906 579.5737642626623 0
704.6891993776871 185.3610942158604 0
688.6495304878347 -291.0309314410206 0
630.712856350067 -294.9655678062182 0
115.8782158839817 1019.269407044851 0
667.7310978390979 604.046665027576 0
893.5394023890067 -344.1782749718141 0
296.0692202049723 878.1682568016079 0
328.5896155435831 780.4264818709854 0
537.4803864344935 408.9765179851034 0
530.9221162511323 405.1793893296062 0
1178.32442246736 -303.9459070939639 0
727.6201630573466 85.44754480715592 0
31.67391099861044 670.1473707136404 0
689.2728397937339 603.2582476704187 0
631.4968951335462 -90.36043350452555 0
646.8276144661111 -240.4320125988388 0
686.192326150485 -299.3511332209779 0
789.2983870647629 -229.4019050763448 0
404.728988678405 505.6028281658478 0
42.9197184796692 899.4940788910446 0
549.6036502089719 -263.2381384036956 0
277.4347451159612 639.8849292942208 0
678.172572579299 431.4957064838525 0
584.1760748557523 985.2229914446145 0
329.9410367902157 591.2661524884766 0
388.5192121892877 952.7269686495571 0
630.2845261791047 -177.151125934347 0
645.2751811249074 182.8026078411516 0
445.7310757290464 540.6559103538757 0
203.5615444565797 879.7793310906361 0
576.852653421465 336.7331718553815 0
13.17062962541765 689.983984066176 0
576.369305211997 488.2884833329782 0
230.1933213947844 602.3932438909326 0
669.440104423527 374.0328971018307 0
1134.486631036827 -206.3489175439833 0
469.470174840313 1038.143381453173 0
658.4347562481659 131.823243186905 0
826.7112145658053 -137.8706839889222 0
33.44602615366657 679.4832778670622 0
661.937175184564 112.3573305504803 0
691.1531224907491 -282.9568475437869 0
16.82497755062996 787.8862058389861 0
1139.350745161483 46.97714188006469 0
634.8427938112944 206.6377146320271 0
618.1440680419742 341.6793514689758 0
1117.139257695935 -518.5212975607981 0
974.963902983338 -383.2442872639261 0
262.4205965473651 645.9856748713188 0
80.31988684920252 819.5107766058783 0
334.680774988176 620.4545844299122 0
431.0892041465571 821.0689435081982 0
424.2709471979837 497.1129523991111 0
477.9595246191684 445.7815588453407 0
972.862626950418 -464.5338460947203 0
465.9954808542378 903.5710281339411 0
372.5192709018395 476.6950777015116 0
536.2439968101097 611.7223033220512 0
11.84056006693931 985.8480302176101 0
175.7592869231626 688.1985157359175 0
99.41589471845057 627.5947256723452 0
489.8482730810944 543.9412041557782 0
895.4092689245987 115.9847894552002 0
557.7865973334384 396.828087151464 0
557.4550117406581 363.6620810193718 0
714.0594498285584 356.8070440529269 0
1025.719946699647 310.3235189741933 0
785.7577406261717 -376.0914832968962 0
597.9823985275102 -131.4965059035012 0
761.1182340048132 228.4909932889455 0
958.5747963859649 450.3244629688996 0
178.3792841453989 655.5821227799188 0
271.4353131604665 590.0229346084279 0
345.6497278725179 679.2702452907006 0
597.2313740355414 95.58717678227599 0
998.3468323494642 -195.6505564274279 0
14.26135168064313 1110.973114711709 0
603.0727598640326 830.3977392997231 0
801.3125553747019 546.1464362720615 0
853.8807153817419 328.3920405551749 0
1092.198616865073 -107.5776279097472 0
876.8080779682157 707.0112111096641 0
619.6910471964363 386.3235334066047 0
756.9100042303141 364.0239263880763 0
4.974752834255853 609.0968582027843 0
385.6569342194412 836.5565757558362 0
485.7109439132958 1028.718869133548 0
249.3646272069205 621.9925417427457 0
236.7548258690381 606.3025048868238 0
839.3468160169149 -133.2691415662689 0
862.4319529884531 112.9674388210587 0
889.1374910784457 -209.8413372256061 0
689.0599876218267 -24.37588390142369 0
140.731257402768 1018.682177553531 0
1150.526017382907 281.7440123513318 0
369.5157694964373 500.613303443415 0
642.2353025403959 160.8103777048181 0
503.6615767676693 1036.153519655606 0
625.7718893455367 -211.6172781258816 0
1096.419319404384 -74.22610428086178 0
994.1137834072879 621.6553768789782 0
555.7727390870715 984.0995744702093 0
871.6279287689557 258.1321592854838 0
454.8167463018736 511.9825750444487 0
552.2086822792916 1006.443603145705 0
537.4422637766029 417.1689563134426 0
399.5453402542076 580.4287623826958 0
696.1027346948345 400.2273806402637 0
203.0628572108591 727.2373383883684 0
480.3024667183644 557.7099202359989 0
39.0133658870292 761.9844436732915 0
1062.117557217785 32.85867228900608 0
74.02116582615099 1196.56022266336 0
76.12864435080644 1028.863155629647 0
966.3476949476827 -415.3540071682337 0
16.52965950254178 757.1832776281549 0
239.3382338158398 984.6407068577283 0
678.3645051213018 -172.0543968131993 0
50.48324458287024 680.2683123873558 0
1076.60841349208 -339.341261311649 0
78.01990249952794 642.4879585615533 0
769.8415111836526 221.374263423129 0
658.9251848685625 -32.09304773165721 0
44.69407859400339 675.822385770743 0
775.609967366503 -349.1121584863334 0
481.1338131736379 909.9770768699595 0
382.5348595629278 476.1108116807007 0
717.7774732038938 235.7205893140671 0
1042.225332684778 155.7841419577408 0
772.756943068072 418.1056563132435 0
1113.272724051896 -227.2448674032693 0
652.0114055007894 244.455344028387 0
1201.116456954195 199.5697219028253 0
440.8964063923289 630.682524294548 0
899.9068979612857 21.28127158554519 0
631.6863625734492 305.8426434834036 0
203.1805209392085 948.4470836882369 0
214.629079798599 847.1179557757616 0
572.5449168335817 195.0909516755601 0
186.1488594686424 652.4767308529207 0
732.9878029343581 620.706955310921 0
615.7973642515852 -156.2914532069403 0
667.9509464445255 480.4168593886633 0
662.7974681155001 85.07272445507448 0
310.2525397087834 564.4569346193547 0
539.556989143126 335.5734664793965 0
513.8341842564995 1009.867284513526 0
1045.82539786855 99.33764457494439 0
526.2853034956105 999.0273215588937 0
55.1510141716047 691.4378438392605 0
499.5819264933808 387.1973310935066 0
715.9195238506936 206.6927513701225 0
669.5114303606395 384.480650293205 0
51.76337646880277 652.7162808479325 0
782.5113193432778 247.797098729336 0
354.6732314053393 684.6020278284141 0
385.6237111094323 850.0051261784813 0
1156.581371432138 53.99021809610595 0
1013.445815091036 -297.8693426026145 0
640.3966492881719 -306.4533356049541 0
45.69528209115362 786.8760178545182 0
250.4253219135954 600.0273522284026 0
1109.485788901499 -244.8325739483626 0
1037.005866771947 -238.2469832669636 0
675.2491085264727 -118.1709967882499 0
985.5372230464986 -237.958988053753 0
865.5255320685314 178.010902224472 0
264.1424901450376 1186.076412127904 0
260.3231953230618 587.8139428767757 0
584.713205285551 -266.8849335052021 0
1122.037891994789 -470.527609608671 0
628.554511286122 813.9703886202381 0
242.9250507153751 596.4049602567657 0
589.8105664789987 838.9110998257066 0
639.3070155511336 64.04361037862972 0
702.4839783413508 -134.7364969655549 0
1105.789839193798 -409.839023396173 0
337.0976232310093 579.9880840569886 0
321.2007613012954 618.1785687893893 0
958.9827847796772 66.57232456670255 0
746.7713117298764 282.037889586442 0
673.8041372695224 523.3145486083793 0
728.8886087074231 52.71844066539828 0
386.5136694641778 578.2616801884102 0
1173.703456768906 -322.9105068672402 0
791.2738721057914 946.3643010083854 0
547.935182625024 640.2942400830584 0
254.0504977199441 589.6525577379039 0
1116.438384623282 -487.335771402497 0
1075.221904104586 181.9274760859084 0
730.3718687791938 20.04428706480453 0
709.5508879634159 221.3236669291638 0
297.1765671988576 526.9934909614925 0
208.7761039293136 994.9562969924922 0
565.4124034396426 392.8011679621287 0
856.8721155978596 243.5030525480094 0
1115.674035154248 368.432565179555 0
388.2463657069156 480.3540988727398 0
926.7611826579827 -310.4224619583557 0
343.5409664374286 503.8672171848353 0
573.8826091165573 257.6043561723371 0
249.9907276874823 1068.876391808103 0
484.0988165094693 449.8443940574022 0
524.3893648988995 401.7001862379572 0
431.6081650456923 656.8592927321974 0
744.3068707438608 -65.49598217912906 0
794.8459921467252 77.4917151606606 0
88.04080375644554 752.1696952324611 0
587.8729934645883 167.5942106664971 0
25.96225906822986 637.0698085198403 0
861.2934614094886 267.4857572929026 0
724.6000629800125 159.7227702194497 0
476.6653007371772 380.670662740887 0
491.8007621760411 886.9352048659723 0
1152.583279981315 298.9782021858347 0
1162.98685365498 168.1155491826535 0
382.2603516208083 469.3767167993635 0
763.0006964815182 -178.5105965507618 0
800.0847051615439 -226.3123494513185 0
18.41877111339066 610.6462054654435 0
379.1244691456441 580.6252832282338 0
497.7529085860522 429.3425501881907 0
828.5910383508667 408.6382369393544 0
182.5422943614115 879.3449085156504 0
751.3766978560042 35.48938127420679 0
660.5676445157419 390.2694694213993 0
651.2060078864848 178.3124738737371 0
659.2124784485931 180.5775079765972 0
604.8689389576034 567.5640340600866 0
626.6982273473485 98.05507976754373 0
841.5323246547406 283.2333917641589 0
788.8423649697581 53.14754362672389 0
1061.231593420884 -42.44171044441552 0
30.46612145271423 767.2487615535309 0
1010.227696816201 -16.12046435201351 0
813.3694387928444 538.423607525691 0
772.1678774337039 243.1721374000725 0
1007.611183683304 377.8034931352913 0
735.8891546539528 87.45820041886137 0
508.4486581854203 892.620181659388 0
77.90227816896603 703.4785102479389 0
664.9594651707597 127.4062278459386 0
669.3818299241597 -76.17309497481095 0
811.7369702742981 -111.5060669696111 0
770.8063424945414 708.8842746971457 0
673.6696142580006 908.7872563157327 0
317.2796374476794 561.5546836402574 0
114.7325859964631 647.3575170637971 0
611.0117566095316 -242.1028335871693 0
313.6870406649304 621.9958012631579 0
410.5162601976266 509.7790529260175 0
773.2536178572038 164.7469683888363 0
440.9336565017317 800.8638112050118 0
310.5614166709049 631.4920719861906 0
709.0524190246994 -141.8560835445145 0
633.1513729395572 -188.3098734512754 0
275.1298944253093 932.8801684613275 0
1054.412964680771 145.6805104707642 0
12.61235230931052 706.6474977024593 0
71.17502601470723 824.3891426956604 0
363.4481802582079 670.7644144048327 0
450.5228557317314 471.3487918190738 0
859.4310997740065 43.16682201257462 0
1052.130838312404 495.8738128914172 0
66.30891794628047 640.4325798093973 0
82.87496622076392 621.4569766994971 0
615.9605679671774 -205.8840225900818 0
117.5844311057318 1152.151581172878 0
231.6825896369351 1194.812181695018 0
980.4052928034756 652.8857912033378 0
976.1867089237038 -174.2456784358146 0
601.8691592647561 283.3998856371943 0
324.5132319511121 565.211851690309 0
674.2875473002291 75.64008055258077 0
489.5087348555089 355.7006719125384 0
642.1334792863968 353.3667240080389 0
628.1319384128542 -128.9838602990735 0
895.3744594267466 54.63145616743094 0
374.2914609722169 871.022187836698 0
1057.945707805524 89.21781433412072 0
906.6823032388162 -341.0295680293916 0
1103.940361921555 -474.4590405092342 0
12.97404995071867 698.3751275594295 0
373.7441965958814 675.8002157010908 0
192.9557872962193 656.7891568937657 0
627.8039296196624 105.3202096345799 0
667.6737270224386 491.4555005003584 0
563.4993579199224 855.9767956607061 0
1232.842576956216 93.43235265123076 0
1140.391031959057 -334.6428122845928 0
892.0818519663376 -293.4111061113684 0
431.2209508319755 487.1700802096176 0
536.7682031075401 873.5996754716766 0
563.9560036606326 840.0148801791713 0
488.7713515711221 553.5780902896447 0
902.1603583268903 -206.4896571523965 0
278.3329053111314 701.9778018191893 0
146.7095301778716 1225.209852863911 0
133.4827321208559 594.9672869055913 0
1146.396112574187 82.89260920922608 0
70.93569000431103 691.5950710446917 0
1169.170598715662 -341.4396972020462 0
145.3871047846487 655.4382403443753 0
41.96205117784218 912.4787670704957 0
513.3392511240614 869.2600411911189 0
221.9498730265514 1005.308534700049 0
862.8325724910594 280.0722002746277 0
27.33508224025069 1001.768525406161 0
360.7211117623247 894.0212490449385 0
333.6133332941153 896.7358686571557 0
897.5951822070017 68.03320276169731 0
342.1464534982196 556.799036945439 0
784.0685920103033 -358.0741339609752 0
787.4165088382085 715.1932077939277 0
689.7083200587915 899.3491081470031 0
31.02746973757134 1192.337766166982 0
641.0920121493434 805.5980216970886 0
63.4445174042578 687.8106343435611 0
63.15327894607129 1037.55973832278 0
379.5117816790654 524.7832301814702 0
583.3222795791725 340.057493817131 0
573.8376010261346 396.4386952964442 0
534.8162087095419 483.5982776293795 0
633.5082554393055 32.90768324112645 0
59.86391972431878 642.9615167662104 0
538.2714513621156 856.7163007493275 0
737.5283898639134 519.4533582818531 0
887.8332417251123 600.7039269584106 0
342.3159993239116 576.4316851198101 0
856.6352713729473 448.8042521523413 0
559.551871773145 -230.8060918993348 0
77.52883685887117 622.773370137257 0
393.0897099944564 666.5709351768788 0
713.1995044353698 188.8817772578518 0
1023.767960657127 383.2099937777311 0
887.6676021677399 76.35033979584375 0
695.8620710867899 558.5154206148351 0
884.3381283492886 -384.4964250244381 0
1077.687813996811 38.85713927395648 0
181.4935223726291 892.4591500587683 0
850.489050133925 -366.4676050575323 0
523.4613743626928 1080.020913256198 0
483.3819661853669 457.0717027028405 0
698.0713175685199 -150.8686848272329 0
174.7071067573745 696.7396861556474 0
724.6668636089241 118.2891049709522 0
328.586593875112 555.3572754340328 0
452.7800967856211 793.781256591759 0
378.7352040442492 661.1997332820094 0
545.5815118563354 339.7560608672599 0
95.87697701559712 756.2074250819686 0
415.0373210854506 468.3765947947136 0
524.8562607535871 393.9350451428163 0
716.8971809877573 215.8743191359854 0
552.7453485816518 245.3891820852293 0
712.2431045792034 -91.3270325376964 0
1199.881878563969 -22.2709133998798 0
81.64727753583459 599.5237070987126 0
137.2725713284969 819.5336154274337 0
338.6190085334703 507.2300714874117 0
992.8679305009015 534.6406047913958 0
660.4354854861981 400.8535315009948 0
1145.250226976753 457.1123212819857 0
204.1684430439416 866.1491878010211 0
671.5383303637557 173.894525606349 0
220.4020996351021 568.8760327140885 0
531.2286135292693 390.0057159137664 0
545.7710942934945 272.4344431126152 0
617.2242075865649 -247.4135840304986 0
592.5884189510572 228.1962693556454 0
8.512213770285996 804.3929954552879 0
455.606825727733 397.5347703118259 0
1210.184700901622 -236.7828091802345 0
768.9735008932806 209.2968433537702 0
1163.549949460589 90.44947256224214 0
768.6164456813045 -123.2619610393547 0
574.5468326736093 205.1339839582004 0
785.2373859467002 100.5414703326354 0
682.3263319000936 -316.0313366217713 0
580.0149193903252 260.5742511989298 0
708.1976183875634 906.2023165430151 0
139.9897050213293 680.6765658980806 0
409.6828214061438 516.7191463006603 0
866.018678769448 882.2186890848858 0
621.2426465243192 -160.7043342150169 0
467.0530358255739 633.3003296082468 0
629.386541262061 -203.2219037652493 0
36.21651907979462 645.6790159806958 0
173.7848870698429 799.5486581104908 0
739.623752821132 22.9852821961359 0
950.6610685653787 95.03640075105359 0
649.4255341431717 164.0917301036426 0
56.63933093086088 657.3348530188434 0
350.26220971848 1042.641188140362 0
388.9508244295736 968.1000763265181 0
656.9579446297873 167.8410840104531 0
938.273298206085 -260.9451305323614 0
669.9443988691745 -69.43178480374989 0
738.3548446152857 531.9705620400359 0
466.3334315649937 799.010208047191 0
657.9831158943288 231.6397176049911 0
116.9357452223029 1170.322604347492 0
537.6487717920511 378.7103703955449 0
904.6217787339922 321.3483697203431 0
944.7590762206056 59.20796181171889 0
1073.091835072239 -53.79971701138054 0
894.5091311080312 698.6688229847247 0
1069.647904779877 151.0486085205773 0
916.8167253678373 -19.09491978003344 0
505.0475974855322 377.3385373534002 0
721.9226695262921 330.1686188577577 0
612.2105793454084 399.7684305171199 0
600.3183189072631 -73.28037122595182 0
909.4343086868383 689.4911315540204 0
763.3602772525684 438.1502051029032 0
235.4672280819931 1077.4090111184 0
505.6576549698487 341.7067008585481 0
1097.53404821381 62.38830320034339 0
577.0746761332566 358.7169202106313 0
927.8921593824663 102.2252050639811 0
28.40491538521722 1101.158643178052 0
66.52453935387203 621.007844189988 0
308.1214774849845 884.4646940961599 0
1124.693874431547 -405.8323083519537 0
794.2327309256424 690.2383249457317 0
641.912137748194 209.5451237197348 0
135.7692827511286 694.2272390683559 0
132.8462927626074 684.1499922722787 0
1133.109771850028 375.5865670159195 0
677.2635496659402 497.7584310755835 0
1093.129412128656 -334.2406208338882 0
848.7246581974143 -5.38634623759941 0
119.4396455687381 904.8211371043 0
1059.561942385723 633.9975713822658 0
721.2031517290919 -88.46239922671271 0
105.4017618033463 679.652103521287 0
756.2989828854705 286.805173273891 0
537.3357379380416 600.2474682087952 0
925.7467334940694 677.6085052079038 0
1038.788146401313 523.7118339524184 0
123.5936101706421 680.3321255337296 0
287.651828225371 939.5063109957277 0
966.5574652898259 -28.68041870670573 0
612.6763628340249 43.44378130787252 0
818.6793279399556 430.0455153482836 0
573.6168099660143 -210.6350592026391 0
999.1675426043536 660.463014935591 0
1007.194891066556 559.1103256006837 0
868.8379945696872 34.60453089898836 0
604.1765708435255 -81.8870114589545 0
1106.204173104961 546.4409237533341 0
113.8413905145141 654.6777127677707 0
654.4345408730053 796.8570611487366 0
570.8975107793702 718.1666149682047 0
545.5501784910853 347.1695693362216 0
380.065872458808 699.7706254043206 0
145.6798421115593 742.3096134206592 0
570.6806404199501 -201.4413944097611 0
756.481565190717 -276.2404630964943 0
1153.063766216818 118.6596640366812 0
499.3573270167891 473.1097853068596 0
287.9717286649021 706.7987366181798 0
699.8522352529084 265.0192850427104 0
437.1777298199932 490.9450655425262 0
76.20959187115734 1059.565893588486 0
656.9783084298915 840.275756271802 0
577.3809917442589 383.873586234008 0
349.6007321569256 1059.555284906315 0
781.2526723275221 159.6141746494993 0
1141.052962177269 -419.7201475819891 0
684.4360707881364 517.1120673647358 0
722.9095628234768 -46.10960591340644 0
758.1566802842768 -161.378207181497 0
603.495912991089 -88.1325489076803 0
1096.434785464329 564.867633780947 0
9.958162458915574 1016.138179800138 0
659.459762323929 188.8064972381137 0
158.0333049368195 583.4986255333995 0
715.6805638115102 879.0019389192967 0
651.9003022738215 405.8558116952813 0
291.7023584790409 530.0859372997747 0
675.621401656904 197.5992869745263 0
1150.63194478614 381.3199392096609 0
443.3826561983917 487.7407591572447 0
596.0808775196283 128.6346856708481 0
912.1486376039079 -216.437722121325 0
472.0328415362983 778.7041677631262 0
504.0216863791182 433.5552647852298 0
46.62274399598603 1201.113578488033 0
603.3905900574179 -36.89554823001936 0
915.8251610108823 -300.3305480732814 0
863.6054165292413 -362.165649966475 0
648.0898525987363 205.1722469324297 0
1020.161982198605 567.879165444687 0
1014.01167839506 666.329255662383 0
389.2052086160716 630.566293918504 0
607.9681496131968 -165.189899543442 0
620.1907254426914 505.32547700609 0
817.3340373092148 698.193268094356 0
75.18866481082586 663.3666353579497 0
119.1508098880475 918.3162639648577 0
585.9481472765635 148.5783774652004 0
1169.473410101338 126.8632185888417 0
348.0327135847736 495.6267593724594 0
766.0682860774201 280.7064019456705 0
741.6964853448445 887.4844070824292 0
611.0617155220928 -2.017133698567254 0
866.9156437726248 425.8571838876821 0
930.2350995814263 -13.68963284075176 0
678.3174881058451 168.13639846331 0
490.994159354382 785.2140622791209 0
1084.147846503595 156.4280475171544 0
582.4028396305946 724.0131127650188 0
374.3246495904473 513.1070851731306 0
751.6850407488497 -72.44254974400856 0
491.7576216799877 616.9339282497449 0
560.4518804746037 737.8777555020675 0
826.7602777961919 544.7176891480788 0
583.4968296916948 355.4569518848828 0
880.7530238737676 38.72907195942938 0
138.5794224370315 831.9798928131501 0
751.088319001408 537.9018862227308 0
822.652447826415 -108.5015352664065 0
1200.228274438066 -203.3306669777944 0
1041.280669723127 540.9141793874404 0
433.7842700703296 1156.150547328679 0
788.8073267448657 928.182178229997 0
662.4184200096865 293.056726678977 0
559.9826315030997 725.1525954348494 0
390.2451036240963 532.3779666402103 0
664.4024204375305 226.9077072521678 0
549.3199078826319 745.2455713651129 0
408.1399109308866 454.1553866108647 0
636.2460002521717 -200.9934946758065 0
503.3460575444312 440.6283432364848 0
505.5983751823294 354.2527124330726 0
514.2908463144527 372.9656411339457 0
767.677696005929 -157.5639143646402 0
60.5150255431757 606.8654837986116 0
400.8107891994258 571.6509513506153 0
414.7855846419484 521.5138600957323 0
628.0693674993427 -158.6022241454693 0
389.6658637769678 983.7101196039403 0
348.2928821373695 642.7089196167934 0
139.6227801159416 592.2843824211351 0
601.7403588407709 53.14671160289094 0
493.5020274273946 599.4853706630774 0
580.8454257985106 435.7459695928911 0
878.5238385934224 84.15205014531276 0
914.7718883373525 804.3908733671698 0
268.2680809504083 772.2656464711469 0
739.5331134944909 179.7220982761345 0
1214.88816004102 -128.9488251154118 0
537.6845792609947 752.6864704109778 0
1218.069705888326 44.96013199816623 0
951.9338322556184 162.181438086976 0
514.0435298722898 768.0168757164789 0
666.63825717892 178.8337879189154 0
153.7398090061764 777.1242157521125 0
851.4219534254997 -25.49023110750114 0
606.0694104309168 555.9050382928955 0
587.6759563195735 238.8865914059634 0
744.9241265548192 860.1489568483239 0
1007.468073640596 -238.1189304943588 0
210.7340422955445 713.8040318820297 0
493.4523674779752 765.0705587261144 0
483.2032908373561 464.8419385841936 0
686.9872466477104 -168.9221949943965 0
164.2106983308285 793.206853414426 0
676.7350247612486 999.1843311723752 0
552.6103144403496 -256.969831605603 0
43.96432259405867 1142.668589691303 0
611.0767557100087 117.2668870814669 0
320.7818785841158 890.7496402894906 0
315.4872063877107 731.2597223437479 0
257.6345291665249 749.31434723594 0
344.9949792009716 1168.820249628257 0
39.60769638439031 603.6514296358982 0
712.2167462069037 273.1121503950291 0
695.1789612812646 -30.47536852239849 0
780.0716551596628 69.73571154697639 0
612.0536804811427 596.2437361711475 0
508.0901142661489 1107.525859673291 0
753.3865192119895 455.9745499833776 0
178.9357818987957 751.230776732552 0
820.1715757521016 833.4168247641443 0
238.5578395226048 998.7453728311154 0
567.3439046192095 -224.642849723998 0
759.3047001916844 853.7163709464863 0
449.2544921463768 498.9878591225972 0
10.50955552321474 631.4006154429514 0
117.319195454152 960.0072538102158 0
637.1826362271599 284.2564068434342 0
901.273376847501 -418.5782604255273 0
687.1309550157372 415.8392144454725 0
618.7714712057874 45.56908269620394 0
460.4707341381331 695.633535827068 0
764.7738197958092 543.144666214514 0
569.8395335189449 216.6432272573151 0
604.1495740988847 23.3326024206041 0
1222.03570203457 -181.5504894661659 0
666.8656434481488 773.8145707608239 0
787.1764431598491 42.50153971538077 0
225.721631466619 566.3305054467503 0
840.4954755984543 551.2956492070875 0
835.4701637715503 823.3163154617811 0
443.862461010248 480.9798941896814 0
1080.962927571094 54.6466993561376 0
777.0824110595736 284.2328571095946 0
554.7963146931172 -266.7054521436521 0
515.4164524615453 753.8125175983279 0
788.6776234357208 853.5346262164941 0
234.2112528971604 563.8566088591285 0
62.40331908086719 1067.848197729578 0
258.766397923229 552.3326240710007 0
808.492888349908 451.8088119570972 0
506.7816737432147 469.2841698292857 0
916.4051723256271 -350.909947744177 0
663.5899719084199 218.8955342839404 0
951.863933951726 -168.5163187964425 0
593.765952031957 243.1274571099465 0
103.7647948448534 985.3976940289735 0
130.1946112330357 1025.956442096269 0
955.671537885633 -444.8829012632739 0
75.44700961515079 999.4481033222628 0
455.4215097335319 503.7433929595551 0
220.3242239054078 1087.061680988394 0
540.2970831238632 283.0633953247358 0
599.0180738341438 -106.9192178587985 0
589.9491713876707 351.6685210688469 0
655.5446280497019 208.4070784025596 0
1090.847248548875 110.6071647966302 0
427.755751045097 592.9303098780365 0
850.1815808555714 796.048402227455 0
852.6974300052364 287.6737777014294 0
1199.539690514642 -45.86901422051208 0
764.0452374410544 -284.0890231200375 0
716.5453003770481 -32.4966735068975 0
102.4235590227655 1179.447809940223 0
251.2563532256863 1006.493096356074 0
730.8521084684005 185.9341271627997 0
531.4434020897643 382.774970072399 0
163.9765966995267 814.7171305578543 0
1034.840439383558 357.0483571860882 0
443.2099684925507 494.9039564881358 0
456.4142445129871 1120.559626289569 0
1088.962239474539 -49.13999417066348 0
70.78029464038849 835.4482813387068 0
1078.564388895279 124.0192877882247 0
505.049391212524 359.8991523626487 0
149.049445944134 837.8872048756025 0
27.08235014610551 1031.188608390485 0
877.2482825512677 402.7251495131366 0
728.256152236868 -26.96561470958131 0
264.2983453271013 1028.931217623746 0
835.308738924497 805.9364825287302 0
535.327502369776 490.9533136187387 0
789.6620776378613 835.4387526974921 0
449.9900391759626 477.8128223282657 0
868.8665509542008 -35.54875225895677 0
964.5899989119305 167.4728581885178 0
754.8379264949342 468.772542024922 0
529.8987294125737 428.9083597244449 0
854.7848395470585 300.4627084485755 0
173.3546638945571 705.2104868719128 0
300.3750833011743 946.3962764054241 0
577.0158322682569 -198.9802004575355 0
722.5284151561384 191.8851902420239 0
84.28917320791004 977.5896437292937 0
795.305657615976 25.70550274189809 0
488.5956904471224 468.4435388800285 0
39.72854786966376 926.3992169458996 0
465.4691411218542 393.4047396825384 0
1163.047014103199 -414.1420444789637 0
603.3723937346809 -282.8148407106757 0
603.4016430367972 -275.7893201168305 0
593.6867332112073 717.0994727478165 0
858.0540017859163 554.2981387463365 0
528.3744854452236 435.3695539532928 0
546.6519282621051 595.2566867082562 0
769.7678903432602 523.0209320958986 0
180.7340158082636 762.4472925059731 0
199.8240191293763 653.5880224846865 0
566.9052160971687 585.2170937940971 0
1113.632573360131 490.1502180253561 0
682.7401570927384 779.395388161912 0
332.7589300637218 1107.898374909251 0
44.47360386680749 655.63203743843 0
820.6006808546285 673.8179511230923 0
724.343196865716 -348.8222148475639 0
239.1414114426552 746.4698724729153 0
374.527126183108 857.1297045847633 0
669.3160659969993 278.401117800514 0
488.8346149626519 508.4327668049597 0
85.48871078659661 707.4106215327619 0
619.275263248816 -289.7746313032445 0
1139.922042125216 426.8626613867656 0
290.9776377945499 536.007359378918 0
305.9605765297289 990.1131525472897 0
208.4568859836753 1134.623010646534 0
874.9471209150905 625.3585007143812 0
372.6303513092378 482.4892165739886 0
658.1126765202682 28.53307902631497 0
724.2326992094763 -104.19638156468 0
1096.692191326645 -316.4985477804615 0
322.2556060361695 995.8992802207142 0
695.97732030091 -326.0579558804411 0
163.2697069593453 754.8012997009583 0
618.930177949142 403.438842345699 0
880.8342783185054 97.3244860688726 0
632.0389903616738 408.6113166972963 0
312.067686464172 1136.421190066972 0
1101.371659191783 517.7667968159878 0
353.7388702711354 550.9320546618546 0
606.0293798031303 69.87033893109096 0
600.2819881867673 104.8008020242662 0
279.186754978781 1021.173160601415 0
409.3895458566267 472.4477481340191 0
1052.686330168953 361.6661319858171 0
144.2661547841719 662.8212921286713 0
109.5338631535743 599.6507905705012 0
206.1666999816255 1095.508773601097 0
607.491850487035 263.6943992312554 0
26.96145250054131 817.9273411846987 0
872.748713892511 548.1341897659677 0
1071.452598005898 94.06190817555347 0
616.8890929618793 -22.19194648121546 0
666.2706536175858 38.60405549144242 0
892.7214669399036 42.63593633960866 0
162.3048858097099 740.8659375765001 0
580.6253216900755 445.1789120787626 0
293.2920827797965 1012.846158763035 0
609.7476616527468 -265.9139010145019 0
589.8883148720824 343.4380235498418 0
831.5501663102541 -116.6667428163708 0
1081.453567748487 140.1713872671277 0
395.3894912796595 705.0719150292115 0
112.8345492015431 661.8745759865444 0
1180.988341787938 296.5574216401902 0
1190.88757509185 247.3983441397674 0
707.6046286575635 426.2335992499078 0
524.7968976490059 499.3674399013977 0
333.2056393124622 510.4062021822415 0
948.6012693007543 148.7266501163068 0
399.5370689209518 452.5259902384976 0
756.2547082445666 197.3975018396675 0
1224.986360516739 -162.1450509335766 0
455.0885448439677 435.8144210350166 0
264.6321290806961 549.2786680984532 0
663.1941738593327 -319.1687559188671 0
602.3803786873605 -94.37037950917599 0
605.4315836827512 875.0364672765359 0
741.3544640906057 341.3280462895335 0
511.4253133638919 496.6246902437128 0
910.6333164997206 298.5420277008433 0
1086.769359912335 173.2082529947229 0
1038.206723647017 302.509489552029 0
168.0806775553194 585.7971369984657 0
719.1895549180932 132.6690142955339 0
758.9552923909941 -79.15916242917243 0
713.3201656073792 -332.5918058362008 0
604.6841537640664 4.404979571903341 0
119.1259992831047 931.7422966160148 0
403.7469974143293 990.8971987206976 0
623.2651028452728 -253.7002956681928 0
46.14612906360718 602.9293412711462 0
506.0988808525522 329.9208259623219 0
664.4389323740427 -37.30133956455622 0
680.229271877465 609.3563293546617 0
500.0011325253384 349.7380934508204 0
865.3484095143441 786.1717246058704 0
796.2650771518171 469.5849943696686 0
162.2880781482645 824.0155348112355 0
717.5385886682272 225.8278093381281 0
658.5251592918023 240.0763304606633 0
624.2517485189348 47.55779035580939 0
841.165672542243 -391.2635662743644 0
642.1212265521343 279.454365390357 0
729.7467369850116 143.2546368644259 0
501.779090875608 606.3433276343515 0
804.5790175844047 915.1802110591685 0
203.9152098679068 977.8422550180442 0
673.8907636487434 138.4661314823643 0
496.8019646157325 496.1894240975607 0
947.0526271685806 133.9184852534257 0
6.2964045195051 710.8333940431348 0
313.2496354462285 953.2563093365198 0
484.2041803637125 370.4970049502412 0
689.5887255471471 755.776682451709 0
442.9313157157193 410.697740761156 0
61.81559104620425 1207.9164398301 0
93.06510989597041 711.5708084861509 0
736.0657751536123 55.81607783574281 0
1148.800106771821 -367.6920131966302 0
858.4258981779925 703.3987849697734 0
270.1977473529325 546.3826970873154 0
956.9163055724568 123.9400094747004 0
28.86796321016973 1152.527686087987 0
577.319774393792 177.0559109878031 0
885.9267502687402 380.9571942148914 0
587.505111620065 251.4914342208008 0
752.9558556641382 -351.0658473258318 0
1122.600985033977 -256.8081453111236 0
10.03721589981286 1046.689017359719 0
856.5477073688089 -55.34966806443317 0
396.5067200136526 536.2599309024612 0
590.9625423113874 -223.6663592999826 0
49.42062145212155 1235.80389061582 0
673.7018399986736 264.3942698655046 0
624.9597008250898 555.9008430130843 0
1076.406280968093 -463.7330048436208 0
731.7654321236405 335.5266334317243 0
771.2235736591383 -291.4362486159972 0
862.5548546912274 123.8051911577197 0
569.246685419705 -218.7929919921382 0
1214.079272637793 -218.0108634904821 0
711.560316100337 762.8071168615338 0
58.0027454842795 612.6359926267504 0
600.7792678289004 -100.7772938159588 0
874.1570918939038 525.4856310505151 0
605.0093542817235 710.0109338139309 0
526.1935890449112 354.7500292204032 0
223.4346527602767 1142.346931600972 0
275.7951796281629 543.6518800703906 0
512.5374952872792 319.4741760729278 0
178.520171112234 1204.619247236714 0
20.69539466961803 922.329567231079 0
648.1374274886788 348.8114075247356 0
1056.732147166541 335.4252165753615 0
516.0130213931506 441.8613239458239 0
577.5235399462645 370.2835636385848 0
829.6246734122194 335.0716242068266 0
931.1189773391302 303.3846825422085 0
580.0075465673191 453.2980023248501 0
589.3758366613736 327.9981891461254 0
423.7740518856961 438.7631713780292 0
694.4791959727797 288.6729473995939 0
1100.878750928636 -60.14478977969743 0
392.5419030977002 778.5511247946217 0
581.3100860731644 -186.0123473449911 0
697.0547217756476 421.1774360862004 0
659.655448196821 36.0090346716526 0
926.1824377036284 -361.0620766373862 0
870.7610075757174 -83.1851051024037 0
336.0118723819887 1068.077547709921 0
940.5144911103921 105.861743252913 0
878.1015048919653 -105.1844770332628 0
1070.198168980582 578.4778130635898 0
618.579029264842 -272.2467497910177 0
667.765002735756 46.15308638724667 0
35.12839577596503 651.443797737841 0
280.8418228342783 540.7302594393756 0
571.6723353304144 -268.9671823122882 0
890.3273905095441 634.214105762791 0
191.3968203223608 957.1208018545967 0
211.154489313004 779.9847118217224 0
576.1844846412473 619.4382895959391 0
583.1687536582385 332.4076881332242 0
250.0053860467852 1194.665397333982 0
403.5962406567675 540.0762175646092 0
704.4964822414103 300.2935673023177 0
816.5180158834501 -393.5733181190686 0
304.6432894593572 644.8621081933625 0
556.6843795114181 590.1311259799011 0
880.4100797047377 776.2142273493309 0
737.9648114314524 -102.2820682411828 0
786.3992393555266 32.09914350049086 0
197.5260055816349 761.7106644179732 0
491.4869223501445 1115.777797867517 0
528.9485495577379 303.6429237579193 0
855.8442349436614 312.8207538730158 0
206.5228864209659 1114.745179599242 0
611.6210263084868 252.1567038207145 0
865.9582354681705 853.1159226270822 0
1139.198765838839 -252.6327200079328 0
56.71831068598534 618.8309792364234 0
111.9765199931295 669.6750511461134 0
206.4481795758069 657.9097940355064 0
946.4313755422187 84.00455051351193 0
573.0430683165249 -190.0421554809572 0
396.1676546658208 456.5223775573416 0
905.2695583789705 643.2153652111931 0
603.1117642520144 87.04559051503999 0
666.0685792108445 5.556404222053613 0
680.4268023724148 250.2693673060459 0
685.9547274455376 503.9464625275892 0
6.496045531706076 719.3649319000602 0
554.9903319669833 -251.1700249008527 0
930.5366129558035 403.4732023747981 0
767.0681274567246 186.4140458875312 0
565.0814187524809 227.7189259073032 0
368.2112047558054 559.0795540390916 0
599.318496108593 1046.680544554924 0
967.1831504961083 182.5572601549896 0
899.572745990738 -112.2134471381102 0
714.6792953476973 739.7145486142608 0
418.7864448819611 997.7574273070511 0
861.4723802672902 -74.7626685754928 0
58.21933958065095 650.1582084293827 0
880.2595852102859 -92.69411977723367 0
739.5652643792521 742.5605908772861 0
695.1129030962221 498.3506268702457 0
597.5873346648461 -221.880032971087 0
931.9530612551756 419.4292336996131 0
586.0503765149883 580.0556052379827 0
638.1274698930478 -193.374399029931 0
1210.746949484465 -149.4563631987401 0
520.3664781530579 369.7872093754675 0
345.1977554454581 889.8651292300497 0
616.1740117493574 702.692352428097 0
1155.622004032291 336.1615077810758 0
1169.429263318399 403.2499540969819 0
622.648649928401 -26.36359549066024 0
943.5965243235582 472.8648835063791 0
430.2347833398524 758.8075808528756 0
143.3040992479794 699.6667079465765 0
552.6045564142562 270.9018392676375 0
838.0049699095767 875.7258123665822 0
885.5026445279609 519.781904258655 0
139.4414787406151 749.6060806449265 0
655.8253504184371 -230.1077185968894 0
1162.804451418687 369.8360912815278 0
810.5120875766718 -223.4324407172881 0
338.5696193853052 741.425342014449 0
537.7371501046916 372.0080331335431 0
628.8007949227414 43.74085864309195 0
453.0185314860996 545.1675582985768 0
768.2345725010779 -76.01224883447583 0
359.3557986353626 492.306045978348 0
603.313895086431 170.2007748079951 0
100.6143002133024 715.7241185020548 0
85.82107663719448 603.4167534079079 0
363.3796318179932 878.3395432643413 0
756.4285008472186 619.2068069674876 0
884.8190811598786 489.5016276267693 0
704.7043768115768 311.0836094549092 0
1152.761889199098 -347.1475124307271 0
741.8863568682227 351.6586884609084 0
11.24654850535824 646.6653064463975 0
29.20968070921653 1171.691166495927 0
27.26121960598326 1061.721932938078 0
507.9397931997057 460.337031623269 0
608.6666120941876 -43.78403675095411 0
651.4151701986079 -145.4690448283191 0
695.2889647316317 -158.0357837195455 0
393.1144308896346 465.8887321796165 0
205.6727231835355 764.7088068007496 0
610.3755657182737 -23.45574896426999 0
1229.67898889131 -121.590327513027 0
579.7395183833838 188.1078557240886 0
530.5532227523323 288.3673072347275 0
118.5171267948488 945.8606660536025 0
518.6179660368302 309.3116017092091 0
730.9622354956603 153.5820558131256 0
663.8640343785706 347.1128501707102 0
434.6032710527416 428.3200027428381 0
252.0794036523092 795.2936717253599 0
285.7823818341293 538.3179341752714 0
885.3083190080811 504.4049779559502 0
382.4064030915796 558.4701100757204 0
1060.456393987943 291.4066433911133 0
101.2561935248847 1196.910835926211 0
1152.365585954534 -264.2017777682348 0
907.3268088962927 455.269453601708 0
608.4954460698275 46.7855569134919 0
143.459401009002 669.3661418499682 0
589.8351881397014 320.7832153000153 0
652.3392449115596 253.3515438694874 0
1054.852011666873 201.3986056390572 0
625.4011777743588 -134.1931557783374 0
853.5796435541181 -67.08467766835395 0
237.4478210653295 554.8363075898865 0
896.2061200024792 480.378037240882 0
634.5564747074148 549.9682126311658 0
1161.596435935211 -379.9807811150836 0
675.412089955435 49.11091754965671 0
1231.457550512127 -102.9005299263679 0
617.6074347324081 240.5834405441728 0
325.3269494910087 959.857542240668 0
669.9678767741402 -42.39969885416443 0
936.2233627158421 -371.0601639883318 0
583.6684686633234 372.9285289485882 0
667.516711000681 193.1341010917103 0
17.23967910826644 811.0423173578818 0
1040.932963640593 669.5016937503118 0
199.0067644105243 615.1969734992649 0
619.4434009392257 -210.0366678027266 0
656.1568356008222 174.025804022124 0
613.7438990335255 22.1193202007958 0
695.9638739166235 571.1809463076686 0
777.395891056666 482.0954455630547 0
895.8624169154639 465.0541448309548 0
818.9754288283962 902.3630178592438 0
813.1868969872016 16.60626003804201 0
174.2123783362597 583.8723775261192 0
526.5788539910316 360.1355023807602 0
770.9068458814503 -31.88412168098879 0
784.6397517774301 -17.86972999123746 0
1212.506179132316 112.1678455871503 0
1043.643434847359 -453.1158534750196 0
311.7774941277777 659.6210014633373 0
887.8798571546132 -114.7064285140771 0
608.2587040399806 14.75637620677008 0
588.7548611503295 256.3684050907544 0
663.0709762053818 23.39434034627228 0
270.6341296635199 611.6455525524249 0
633.2637246346141 251.7784087829159 0
281.923392661021 763.5170099350931 0
358.9311619148559 554.2778545036364 0
139.7704266680394 587.5259800558947 0
49.9414602516215 1074.620842631129 0
855.8735090636633 144.0668739542682 0
504.9237266479543 365.8371025403279 0
715.7755013110907 420.907872512627 0
547.0980487906497 256.5204667698186 0
905.9857979217732 658.289216694018 0
603.6672004254717 -6.922865358661727 0
24.26073380088931 608.6226949831052 0
347.2725603729157 500.7015003206943 0
841.7146049163021 -271.0846522060828 0
627.8460971169274 694.6988414849551 0
762.5877138109455 750.5205685608099 0
732.9469838751087 163.4267700897026 0
76.22559125927717 673.8622020358619 0
756.3064657502102 -15.29006058679409 0
12.75891069894865 723.0042006588313 0
668.9711033965604 87.64657541285423 0
520.8267319688655 363.4895864816561 0
335.6491200260634 1083.881897305746 0
912.2725757499962 -252.3832448072758 0
70.13565403704912 845.9687634943992 0
398.2298391045305 690.2188663549506 0
933.0041278850297 -271.7619404669154 0
630.9954545470958 1044.886781511214 0
894.6539201301803 766.573328837778 0
866.7761553563111 -52.69097455762677 0
327.8874676623728 513.3474963461674 0
940.057828777037 778.7167142628314 0
928.7318176247675 789.4524945108501 0
919.297964944755 430.3225839539526 0
907.0161362176387 439.8919556972141 0
732.4601234502123 423.322747052398 0
696.0536998788687 328.5813687044866 0
726.9562460481689 125.5590008192708 0
248.5475049868396 742.4376663798294 0
1200.990475980753 217.2913565856188 0
384.4303418835548 542.4297544254641 0
508.4289911411558 452.2659521648223 0
436.5016626050624 511.6688164407179 0
242.4673599372081 553.5239669763637 0
695.0436003014379 486.4712345157977 0
108.2595604226903 719.8648027539731 0
748.147360379017 63.10327087060037 0
453.0621173525842 407.0553316776852 0
687.2936608061119 333.8802012243897 0
696.3678017025978 317.938183912947 0
973.0973916748933 -52.58587583799194 0
533.7009233128999 476.3908064877195 0
691.2350732471067 -213.4308626336418 0
311.0126046103303 649.8777444396997 0
252.4393592917469 554.8943071153351 0
440.3664108988128 984.6655563648208 0
656.214390265784 -149.8373426248927 0
185.6834410493715 579.9857204640391 0
235.4567931692447 790.7382465732921 0
560.2554779447531 238.9975633957964 0
218.9057334788175 718.7124601425521 0
673.195012702991 103.4397306389152 0
900.7892997460909 386.1824805075011 0
383.599439765634 550.3646516306604 0
683.373017482076 -244.9315797282014 0
1219.07436672318 62.12972584670293 0
253.6902872864208 805.1449313330305 0
386.2556766912721 464.279526771362 0
646.9430727359068 1034.739146147204 0
935.1318450984829 509.9001457488117 0
614.4967263143507 1054.584362237721 0
544.5912130916843 -261.8979553187258 0
14.27075203159018 1235.680114005139 0
574.3084365563404 590.201877264509 0
409.4936690535459 607.7233860240184 0
509.8851737929213 369.3564365427111 0
1209.921956517474 160.8865563599928 0
871.0146397205172 155.0557456660571 0
1011.544453522147 -283.5452232012844 0
440.8886457397663 621.8773078385947 0
805.4617197392449 -10.18956534005167 0
430.8866197844036 711.9216950380504 0
814.4311858889316 -241.4754846044495 0
1113.792911056595 -535.3745918612452 0
701.6364686362358 282.3813454467721 0
384.8450729441236 528.7052147601451 0
790.4014595635854 -3.22376103211708 0
576.5787657139704 -178.742887043525 0
902.7727513440257 32.95437938136826 0
876.0069664299932 199.014235365109 0
4.407184259015692 604.4028633659893 0
806.8318776302557 -233.80005799601 0
672.3682568298542 331.6383321925591 0
636.522942703337 -136.1436629643063 0
293.4568841766825 701.6130284666556 0
810.8199415234828 5.330756614329481 0
663.6870663182283 1024.485716751265 0
36.9985013321127 834.9446424730129 0
873.7917010766544 167.8784195943186 0
628.9962926693416 -24.21007083560422 0
364.5693268159521 496.188902214843 0
794.0267179373519 -383.508165915751 0
407.5791797087778 529.2920603273436 0
584.4254245967827 -172.968790686123 0
653.8780999836836 -134.8797597059892 0
597.2812896885321 316.7491420990927 0
1014.440887289675 -247.7029331627505 0
598.5036713828958 141.8895522649342 0
304.9466951756079 637.3181818578437 0
931.7054780290918 -250.0332515206755 0
25.85619226760589 826.1291659202431 0
761.8882351556804 -24.77087154383725 0
866.6333553695436 205.4236613510189 0
670.4475059472128 95.37537957816481 0
931.0728572854503 -433.31788746849 0
946.9904101659076 195.9024646319008 0
608.7734442807125 20.24145690132089 0
172.6557389529094 712.9499369863559 0
578.4658095614916 -214.5659324219658 0
662.6019169315895 211.0702658805041 0
294.6260221612851 1182.882014043259 0
589.771309939304 -154.1445778264276 0
694.3322306323656 64.72243789267199 0
998.9736574268693 -448.0934334042078 0
924.6310610431256 537.0863209682261 0
763.6983699620669 767.9973193431607 0
667.8863912931569 206.7158740567301 0
324.548459468213 736.0216129496278 0
750.4304771704691 355.2946128663872 0
594.1395155578198 -107.9728278954262 0
110.8029861457648 676.4450967906391 0
677.3156808583743 56.33245197389469 0
769.7094666425091 355.3127469966281 0
384.5662544726327 535.6733044163393 0
214.2999488111147 1202.414843311084 0
913.9748398607451 391.9568383255273 0
62.14817505024967 624.0014473962159 0
499.7186176565891 614.7215743792283 0
10.28402533531086 637.3672465051138 0
653.6115148509349 -306.379491358578 0
661.589128226327 16.60608154620006 0
586.0711129903785 -166.5732127471589 0
589.793876470449 -270.9335169822928 0
633.6473946029562 -182.0056004804018 0
710.5635224102768 239.4806204054206 0
544.076797364177 368.7680874436195 0
221.5379020736564 785.0770512037776 0
838.6012985821599 -123.8588584405772 0
850.4061309581497 -288.806526008273 0
680.481810085018 1013.881750751967 0
592.1077872672466 -148.4126380575075 0
909.8052116770666 -121.0505987466507 0
147.7079612489657 586.0717913281146 0
329.8167288812764 1175.304158903626 0
731.2336057547377 412.1115717324828 0
780.8975771173486 -288.8852972508755 0
638.417331519635 674.5661568221977 0
696.3369516616362 582.9550880298223 0
741.6025053087324 103.7819946175911 0
587.7878008228893 -160.3069632619998 0
1186.650923325303 -16.59912804459907 0
629.6149761843396 872.9925225635193 0
976.946748862448 544.7710084524726 0
668.3672953478191 80.35164843734992 0
604.7994671731443 -219.880897163018 0
115.1603357123148 723.2154175793472 0
456.2023369703887 475.3112750787066 0
1170.346981318544 -258.5014257831828 0
683.9385389107956 58.98814911831309 0
765.7568251252627 782.5563540896019 0
55.37848833838066 663.1068392561536 0
788.8955541454161 154.6700861484078 0
803.6044487292036 29.39924789980869 0
951.1098333216903 -367.210583941373 0
919.6760086154595 665.2466389598607 0
961.0225971924559 556.6347225739976 0
831.489534736375 -258.4434358974241 0
1173.653225782914 -389.3519363589967 0
777.4631421308875 -72.90622373404631 0
823.0854572972228 -250.1542120882014 0
522.2803228381936 445.3427968587043 0
477.7916258574602 1106.222389354776 0
658.8369931622941 341.940040982425 0
984.3596530323719 -62.40033584150934 0
1044.102541937935 555.0704049317351 0
635.1081943340764 539.496471640993 0
604.0281459152038 320.7802878270204 0
931.9095307769946 282.856795815007 0
930.5411186671669 -126.2651457125746 0
180.0062270445078 581.9138672763836 0
134.080608028611 1212.692639713944 0
768.6020612386005 -149.3958452707393 0
677.5499317118346 -40.80400818779324 0
171.5734759678888 898.461407483576 0
592.8429166537976 -116.1079472822684 0
778.6799516919421 505.620513250752 0
472.4393578029218 383.9547449901773 0
699.3056878745073 -211.1233625817317 0
766.3075618496921 476.0756769198254 0
441.0149312075663 743.4626929280254 0
622.303210363058 -263.4558757424297 0
236.8389889621575 1149.896296635293 0
694.6732373085488 475.8097408038858 0
875.5451933750595 180.644127947346 0
368.0478984551845 485.0098674905214 0
241.4954084945297 816.2445188597844 0
408.4359216437756 479.5416448313536 0
680.9346067434884 78.5986612367436 0
555.8182020685538 293.2298686686639 0
212.690521331639 662.3931819134136 0
443.2571469537276 704.0389457669871 0
642.8681042062738 36.12630860207259 0
427.3816209103427 519.8721540993932 0
23.77688830661184 1072.081343025812 0
531.4729839241219 496.1845253477395 0
582.8057078000941 -218.9161205538514 0
569.1897569614521 467.1808694865779 0
611.8090497667841 -218.0192181332503 0
1007.214632983617 -260.2426297648757 0
997.3638486631378 -232.7263965724875 0
605.9882452458648 63.72388264829348 0
326.1299767091905 974.1756484065165 0
591.3029813089532 146.2771041975963 0
509.3722774381955 444.9023683963756 0
547.8697405073352 267.2384380767715 0
601.4535139942615 -48.84434639295871 0
1034.722502350277 -226.8145399669247 0
300.748549444527 795.1930164287219 0
506.8469748547561 501.0545193332032 0
572.5936181428474 251.685982883023 0
554.3102801439754 278.9713918574904 0
114.6970200522899 597.8756223702599 0
19.14056187704903 938.7784953901747 0
288.0422331245551 804.3247242462186 0
593.5187889392503 618.193725550141 0
787.8457728614633 487.6497030818597 0
661.8202542733858 -235.3526928975047 0
340.8743561466765 726.8276597355084 0
200.0511775343218 624.8377265833348 0
654.7466291331414 -158.2972319881548 0
908.3223522599108 774.1058668235341 0
938.2390804987322 244.0563551851917 0
562.5641046638289 627.8528426859898 0
778.055011923849 493.4121746492495 0
629.5150982013366 -146.2543068777023 0
557.7509612203235 243.8991270400605 0
106.4253189765643 965.837553754852 0
607.7699961810083 171.0116344719343 0
734.5789281635434 109.9306501926442 0
65.35538173583035 606.0298544586036 0
556.8373255311587 -245.9502762889168 0
549.2237049782458 371.8403914773437 0
647.7473209996674 667.0258954566816 0
87.65607315001097 1201.566596538449 0
124.8185865475948 754.286208097698 0
784.2719482812201 -148.2851887875212 0
1053.073345598341 617.8456418592247 0
725.9964250094903 451.158060939221 0
582.0164985637841 160.0050035538422 0
782.2351916364668 -367.1150364781649 0
460.2133802144602 549.5167487924666 0
507.5523872092994 611.8321620977781 0
1111.980411907718 -501.8318488523971 0
520.3752445262177 607.333932453315 0
671.0230992233392 344.5878418879679 0
643.9186341172874 864.0294487915126 0
758.1362144120429 634.3490517212624 0
680.7711913855537 -66.83905574282862 0
615.7168129686524 882.2355757943551 0
490.856611209653 361.0973502049802 0
240.3924976305942 785.2472787526413 0
652.8125853298454 -166.183481488116 0
64.64165302286818 666.9349330381206 0
743.4560788706506 400.9572330893758 0
561.3690176178768 471.9082146925861 0
235.7263456959017 732.257099876014 0
1058.973929374747 548.6926524684336 0
160.9987538046386 1027.677300461615 0
401.6333185536378 620.9418190865532 0
418.9354105890958 525.8403538328865 0
920.1418326647163 -129.4770808956714 0
796.4135439367284 -287.424176654362 0
618.8075970399567 -215.8299629043347 0
941.9980313578841 671.4486533735688 0
686.7006014448305 73.5513312259943 0
583.5513956038014 624.6180547960461 0
666.666107522105 672.4368958006144 0
1028.829191029956 -297.2054923244648 0
934.4058063820723 214.3535786485376 0
575.2841207319919 199.2729174804396 0
698.1310887463593 984.3972932151479 0
946.740062159711 485.3177525988324 0
756.6491287749984 -5.048452319747749 0
973.2983073958569 668.6062697532331 0
860.1188544789871 -30.14992242595601 0
534.2921607238654 350.9528527712017 0
671.3522276253561 -242.7249782041647 0
964.1427148799443 -362.6798786079669 0
767.6676159169165 343.8149976240184 0
600.3924900311414 98.91101370050953 0
74.05061625328838 626.1342881948947 0
392.9660676870511 1135.945655523422 0
643.136247658339 -177.4340433801183 0
237.5308762698849 1167.318697774288 0
763.8178370832115 179.8856010660265 0
779.6903075351418 519.3310347120729 0
1169.899488395956 142.2585133461339 0
367.8158872378035 505.5907642197083 0
740.168053348794 165.6544712747926 0
624.1624626479196 -294.1127233310888 0
596.1447588473094 123.2174688098153 0
353.8977228257224 506.3862480804859 0
837.3763881279942 -277.9663735191108 0
348.3802972105321 559.93430842722 0
608.548463895941 -285.63225684589 0
644.2272602263399 534.0822837584263 0
636.6910023640643 403.1399913928078 0
285.0849982588436 543.054901722051 0
1015.520053108811 -272.0805319008835 0
922.6923767122853 520.4866247187612 0
146.1831919673878 612.2489759613221 0
18.95206617424126 951.4511688923545 0
657.5379863424806 854.4873459642655 0
583.8294255526432 381.9029444149438 0
922.539204291107 229.6171652437069 0
130.8666809640382 722.4921309939126 0
928.4365498267288 253.5351862958429 0
698.2365423317239 601.0619680593617 0
164.1386223247241 832.3994440088576 0
554.4422871734762 284.6855542172851 0
972.6327289026829 765.8848228225938 0
467.2325305451808 553.8323653004227 0
934.8188102426077 495.7341753427207 0
212.3908651846333 670.154827468607 0
800.5793774005458 -180.5089390715256 0
608.8917082464275 -14.16722272946415 0
260.2989618126049 615.1264685840226 0
622.0679791814707 113.8275945010564 0
24.44630938185708 771.5563443249212 0
409.2528172127099 774.2119532731137 0
883.308133439159 -398.3928111814058 0
1036.480536899622 222.5345488370446 0
742.157896142175 79.76032240071137 0
679.3570611759994 148.3412531941832 0
1066.399982448466 313.1545128881571 0
150.6966681317926 704.4661359820062 0
256.9052470755911 757.5931050839235 0
191.1153068752465 577.7878855469764 0
603.8500378370925 12.90420410936335 0
798.9338545431438 479.9225090387881 0
794.5540866175006 -160.080656782632 0
336.7513820344562 560.3252981876742 0
559.8528712751001 -264.1032731697986 0
912.1694333993692 -425.8694909184944 0
683.3827833483595 -45.59876020059859 0
501.5645446134175 344.9564313237069 0
1058.11696165389 -303.8521681294014 0
618.2944104842385 18.10497382055764 0
102.9513836109423 758.6603770083343 0
588.1787822539716 887.3874557590206 0
691.4740235975748 253.9411351301231 0
670.2381510499321 653.2819374969761 0
416.9302754618185 1146.772023389749 0
907.5727014454966 12.21345857099276 0
1009.156305110381 719.7228983629802 0
254.2327950581773 828.2874742292684 0
1040.26894666203 238.0132207676246 0
930.1220108768499 268.898654800031 0
346.8819804053247 636.3296257391058 0
322.8305519078945 515.8774882608253 0
134.2818796556619 734.4064788306605 0
679.9492478610522 262.3317579186412 0
320.4653693447408 1110.961650179373 0
746.3962790311327 798.9885409008066 0
712.94335599636 252.5984904417866 0
372.0260369415303 555.5771821295416 0
418.3835003393001 768.123061020388 0
625.9072238018481 244.1668753763461 0
659.4560906237266 -134.1673754209571 0
1042.24842782743 254.7594857544854 0
955.8280724776841 726.3867005175473 0
736.8180652558967 -114.58559656354 0
858.0091301786997 211.0172266559107 0
816.3901319874685 -213.0266520990159 0
815.6429852841013 888.0209088691984 0
584.2450684855681 171.1754025707943 0
90.75901256726081 601.756897689659 0
348.2946769159418 565.9743619539784 0
226.8053176181295 723.5598471188886 0
1072.991665054999 -299.6204467414266 0
602.6104694329349 612.3416891030627 0
601.9602491310014 41.4405106215751 0
430.0345863229318 455.7844088285339 0
796.7257659347895 -190.2346066599743 0
699.6222102505996 257.8061910601241 0
461.2395778236082 479.0365457834952 0
725.9272328350879 439.2055866011738 0
601.2891877293949 162.2199129801396 0
727.654412359509 -20.35497224014363 0
867.6324133042721 679.9380423845727 0
816.4592587251079 -293.168022508519 0
1075.331694206693 192.8115771723437 0
572.3501690395651 538.1055800078352 0
19.20514831384757 794.9862003586578 0
152.7271411886443 607.7714469276096 0
1032.780251007766 281.1372475141019 0
110.4440026978372 754.1744438947642 0
584.0776023740525 1053.922971979353 0
690.7892259627197 656.0743875063279 0
448.2941470014717 616.846829198112 0
871.964632620753 -294.1333045659778 0
322.750265197652 656.7906241009753 0
1030.330417396347 265.2399839537465 0
709.04855517111 993.0468250513034 0
427.4387341553299 750.5003885571529 0
1218.970843827552 -92.63704356607626 0
283.0372341226051 752.902546925138 0
410.8033820760335 613.8841464511839 0
529.4661476414346 441.6883585390015 0
416.7668022695637 444.9177573626918 0
1104.935311145185 -104.7360276078277 0
704.2515910295076 469.5900682070414 0
600.2670228895537 -152.0202486241562 0
1124.451897761937 479.6955588793817 0
603.762877862416 -76.61622941511035 0
880.8073098693515 844.0995256683065 0
702.8656649047413 649.2871167986424 0
647.6157271753774 268.2780664729822 0
347.8969002045292 724.7521535082458 0
682.214197909618 837.2805599084877 0
1068.811565316478 329.6667646448852 0
999.5939413096514 -219.0941634507034 0
570.7066993128785 -213.9928236386625 0
170.7775391215409 910.4840778353546 0
790.8853914417082 95.48420803322743 0
288.1905497394421 814.8078096211631 0
410.1869567622276 450.3736225528062 0
509.1764889688633 374.1376159244149 0
494.9916527064805 507.417556980561 0
591.189059297805 525.7557751195156 0
458.7890593201025 970.2638853094095 0
677.8223950135955 -240.2787435843154 0
1166.18605293176 303.2140555685392 0
615.2701642868548 604.2853658585001 0
442.5733935924287 445.054804392202 0
457.9320910219161 1133.891702168725 0
118.5607881654023 749.9314104799157 0
730.8921173543512 389.6348706915612 0
782.3192930509151 267.5903560118227 0
1186.77961646348 -252.0487447444539 0
616.6314177284842 250.531592202298 0
550.0647634624243 685.5742902097604 0
732.9533204674827 807.5295154541974 0
229.8668293855477 564.1796340721843 0
866.929474755703 131.6842010228756 0
174.2193502097872 927.8155236461249 0
655.779476596318 -121.3943028224489 0
739.9511972074982 -18.32883382116078 0
218.9254055594772 674.8777648073201 0
602.9383343210825 81.11715715182289 0
777.718459947235 -18.15056096633329 0
331.9815437650736 653.0043794180503 0
413.1976282637177 527.9947214692178 0
49.48805836163314 607.7281813784623 0
308.3703805204068 1182.561296688287 0
560.2965933499529 294.8117608827698 0
347.9567620425022 576.0634114408048 0
376.5346653583869 785.5433177303889 0
600.4248118808486 156.4672493192683 0
354.3927095342923 489.2965987770407 0
564.6789304161574 635.2135778195815 0
670.1123202765018 831.8715751863421 0
739.201835625001 73.29848041827442 0
690.2597505794417 -43.57822671459343 0
606.9246031059693 -39.84461348475595 0
182.7515671183946 1023.321057801653 0
738.723026315429 -345.3351169297747 0
589.9219002323593 -126.2309523958242 0
925.9537676879005 15.01586688560769 0
640.659172626589 736.2092871735229 0
665.7509066207034 11.99590029310291 0
743.1770000755267 89.74369919585821 0
648.2495468902848 277.1107602824741 0
791.0061523742097 -167.4038050415012 0
1001.156780186991 698.5662920432213 0
596.6229696307394 -118.3577100376322 0
550.167143716894 261.8264808051747 0
993.6030954206029 -71.16435640095611 0
868.3398803347004 693.9888439654138 0
839.9172107795142 681.3346621102044 0
14.90170146448816 615.4847951514879 0
$EndNodes
$Elements
5 20194 5038 208188
1 31 1 127
5038 21 5008 
5039 5008 5009 
5040 5009 5010 
5041 5010 5011 
5042 5011 5012 
5043 5012 5013 
5044 5013 5014 
5045 5014 5015 
5046 5015 5016 
5047 5016 5017 
5048 5017 5018 
5049 5018 5019 
5050 5019 5020 
5051 5020 5021 
5052 5021 5022 
5053 5022 5023 
5054 5023 5024 
5055 5024 5025 
5056 5025 5026 
5057 5026 5027 
5058 5027 5028 
5059 5028 5029 
5060 5029 5030 
5061 5030 5031 
5062 5031 5032 
5063 5032 5033 
5064 5033 5034 
5065 5034 5035 
5066 5035 5036 
5067 5036 5037 
5068 5037 5038 
5069 5038 5039 
5070 5039 5040 
5071 5040 5041 
5072 5041 5042 
5073 5042 5043 
5074 5043 5044 
5075 5044 5045 
5076 5045 5046 
5077 5046 5047 
5078 5047 5048 
5079 5048 5049 
5080 5049 5050 
5081 5050 5051 
5082 5051 5052 
5083 5052 5053 
5084 5053 5054 
5085 5054 5055 
5086 5055 5056 
5087 5056 5057 
5088 5057 5058 
5089 5058 5059 
5090 5059 5060 
5091 5060 5061 
5092 5061 5062 
5093 5062 5063 
5094 5063 5064 
5095 5064 5065 
5096 5065 5066 
5097 5066 5067 
5098 5067 5068 
5099 5068 5069 
5100 5069 5070 
5101 5070 5071 
5102 5071 5072 
5103 5072 5073 
5104 5073 5074 
5105 5074 5075 
5106 5075 5076 
5107 5076 5077 
5108 5077 5078 
5109 5078 5079 
5110 5079 5080 
5111 5080 5081 
5112 5081 5082 
5113 5082 5083 
5114 5083 5084 
5115 5084 5085 
5116 5085 5086 
5117 5086 5087 
5118 5087 5088 
5119 5088 5089 
5120 5089 5090 
5121 5090 5091 
5122 5091 5092 
5123 5092 5093 
5124 5093 5094 
5125 5094 5095 
5126 5095 5096 
5127 5096 5097 
5128 5097 5098 
5129 5098 5099 
5130 5099 5100 
5131 5100 5101 
5132 5101 5102 
5133 5102 5103 
5134 5103 5104 
5135 5104 5105 
5136 5105 5106 
5137 5106 5107 
5138 5107 5108 
5139 5108 5109 
5140 5109 5110 
5141 5110 5111 
5142 5111 5112 
5143 5112 5113 
5144 5113 5114 
5145 5114 5115 
5146 5115 5116 
5147 5116 5117 
5148 5117 5118 
5149 5118 5119 
5150 5119 5120 
5151 5120 5121 
5152 5121 5122 
5153 5122 5123 
5154 5123 5124 
5155 5124 5125 
5156 5125 5126 
5157 5126 5127 
5158 5127 5128 
5159 5128 5129 
5160 5129 5130 
5161 5130 5131 
5162 5131 5132 
5163 5132 5133 
5164 5133 22 
1 32 1 56
5165 22 5134 
5166 5134 5135 
5167 5135 5136 
5168 5136 5137 
5169 5137 5138 
5170 5138 5139 
5171 5139 5140 
5172 5140 5141 
5173 5141 5142 
5174 5142 5143 
5175 5143 5144 
5176 5144 5145 
5177 5145 5146 
5178 5146 5147 
5179 5147 5148 
5180 5148 5149 
5181 5149 5150 
5182 5150 5151 
5183 5151 5152 
5184 5152 5153 
5185 5153 5154 
5186 5154 5155 
5187 5155 5156 
5188 5156 5157 
5189 5157 5158 
5190 5158 5159 
5191 5159 5160 
5192 5160 5161 
5193 5161 5162 
5194 5162 5163 
5195 5163 5164 
5196 5164 5165 
5197 5165 5166 
5198 5166 5167 
5199 5167 5168 
5200 5168 5169 
5201 5169 5170 
5202 5170 5171 
5203 5171 5172 
5204 5172 5173 
5205 5173 5174 
5206 5174 5175 
5207 5175 5176 
5208 5176 5177 
5209 5177 5178 
5210 5178 5179 
5211 5179 5180 
5212 5180 5181 
5213 5181 5182 
5214 5182 5183 
5215 5183 5184 
5216 5184 5185 
5217 5185 5186 
5218 5186 5187 
5219 5187 5188 
5220 5188 20 
1 33 1 203
5221 20 5189 
5222 5189 5190 
5223 5190 5191 
5224 5191 5192 
5225 5192 5193 
5226 5193 5194 
5227 5194 5195 
5228 5195 5196 
5229 5196 5197 
5230 5197 5198 
5231 5198 5199 
5232 5199 5200 
5233 5200 5201 
5234 5201 5202 
5235 5202 5203 
5236 5203 5204 
5237 5204 5205 
5238 5205 5206 
5239 5206 5207 
5240 5207 5208 
5241 5208 5209 
5242 5209 5210 
5243 5210 5211 
5244 5211 5212 
5245 5212 5213 
5246 5213 5214 
5247 5214 5215 
5248 5215 5216 
5249 5216 5217 
5250 5217 5218 
5251 5218 5219 
5252 5219 5220 
5253 5220 5221 
5254 5221 5222 
5255 5222 5223 
5256 5223 5224 
5257 5224 5225 
5258 5225 5226 
5259 5226 5227 
5260 5227 5228 
5261 5228 5229 
5262 5229 5230 
5263 5230 5231 
5264 5231 5232 
5265 5232 5233 
5266 5233 5234 
5267 5234 5235 
5268 5235 5236 
5269 5236 5237 
5270 5237 5238 
5271 5238 5239 
5272 5239 5240 
5273 5240 5241 
5274 5241 5242 
5275 5242 5243 
5276 5243 5244 
5277 5244 5245 
5278 5245 5246 
5279 5246 5247 
5280 5247 5248 
5281 5248 5249 
5282 5249 5250 
5283 5250 5251 
5284 5251 5252 
5285 5252 5253 
5286 5253 5254 
5287 5254 5255 
5288 5255 5256 
5289 5256 5257 
5290 5257 5258 
5291 5258 5259 
5292 5259 5260 
5293 5260 5261 
5294 5261 5262 
5295 5262 5263 
5296 5263 5264 
5297 5264 5265 
5298 5265 5266 
5299 5266 5267 
5300 5267 5268 
5301 5268 5269 
5302 5269 5270 
5303 5270 5271 
5304 5271 5272 
5305 5272 5273 
5306 5273 5274 
5307 5274 5275 
5308 5275 5276 
5309 5276 5277 
5310 5277 5278 
5311 5278 5279 
5312 5279 5280 
5313 5280 5281 
5314 5281 5282 
5315 5282 5283 
5316 5283 5284 
5317 5284 5285 
5318 5285 5286 
5319 5286 5287 
5320 5287 5288 
5321 5288 5289 
5322 5289 5290 
5323 5290 5291 
5324 5291 5292 
5325 5292 5293 
5326 5293 5294 
5327 5294 5295 
5328 5295 5296 
5329 5296 5297 
5330 5297 5298 
5331 5298 5299 
5332 5299 5300 
5333 5300 5301 
5334 5301 5302 
5335 5302 5303 
5336 5303 5304 
5337 5304 5305 
5338 5305 5306 
5339 5306 5307 
5340 5307 5308 
5341 5308 5309 
5342 5309 5310 
5343 5310 5311 
5344 5311 5312 
5345 5312 5313 
5346 5313 5314 
5347 5314 5315 
5348 5315 5316 
5349 5316 5317 
5350 5317 5318 
5351 5318 5319 
5352 5319 5320 
5353 5320 5321 
5354 5321 5322 
5355 5322 5323 
5356 5323 5324 
5357 5324 5325 
5358 5325 5326 
5359 5326 5327 
5360 5327 5328 
5361 5328 5329 
5362 5329 5330 
5363 5330 5331 
5364 5331 5332 
5365 5332 5333 
5366 5333 5334 
5367 5334 5335 
5368 5335 5336 
5369 5336 5337 
5370 5337 5338 
5371 5338 5339 
5372 5339 5340 
5373 5340 5341 
5374 5341 5342 
5375 5342 5343 
5376 5343 5344 
5377 5344 5345 
5378 5345 5346 
5379 5346 5347 
5380 5347 5348 
5381 5348 5349 
5382 5349 5350 
5383 5350 5351 
5384 5351 5352 
5385 5352 5353 
5386 5353 5354 
5387 5354 5355 
5388 5355 5356 
5389 5356 5357 
5390 5357 5358 
5391 5358 5359 
5392 5359 5360 
5393 5360 5361 
5394 5361 5362 
5395 5362 5363 
5396 5363 5364 
5397 5364 5365 
5398 5365 5366 
5399 5366 5367 
5400 5367 5368 
5401 5368 5369 
5402 5369 5370 
5403 5370 5371 
5404 5371 5372 
5405 5372 5373 
5406 5373 5374 
5407 5374 5375 
5408 5375 5376 
5409 5376 5377 
5410 5377 5378 
5411 5378 5379 
5412 5379 5380 
5413 5380 5381 
5414 5381 5382 
5415 5382 5383 
5416 5383 5384 
5417 5384 5385 
5418 5385 5386 
5419 5386 5387 
5420 5387 5388 
5421 5388 5389 
5422 5389 5390 
5423 5390 19 
1 34 1 56
5424 19 5391 
5425 5391 5392 
5426 5392 5393 
5427 5393 5394 
5428 5394 5395 
5429 5395 5396 
5430 5396 5397 
5431 5397 5398 
5432 5398 5399 
5433 5399 5400 
5434 5400 5401 
5435 5401 5402 
5436 5402 5403 
5437 5403 5404 
5438 5404 5405 
5439 5405 5406 
5440 5406 5407 
5441 5407 5408 
5442 5408 5409 
5443 5409 5410 
5444 5410 5411 
5445 5411 5412 
5446 5412 5413 
5447 5413 5414 
5448 5414 5415 
5449 5415 5416 
5450 5416 5417 
5451 5417 5418 
5452 5418 5419 
5453 5419 5420 
5454 5420 5421 
5455 5421 5422 
5456 5422 5423 
5457 5423 5424 
5458 5424 5425 
5459 5425 5426 
5460 5426 5427 
5461 5427 5428 
5462 5428 5429 
5463 5429 5430 
5464 5430 5431 
5465 5431 5432 
5466 5432 5433 
5467 5433 5434 
5468 5434 5435 
5469 5435 5436 
5470 5436 5437 
5471 5437 5438 
5472 5438 5439 
5473 5439 5440 
5474 5440 5441 
5475 5441 5442 
5476 5442 5443 
5477 5443 5444 
5478 5444 5445 
5479 5445 21 
2 9 2 19752
188437 97265 99977 99975 
188438 98494 101199 98076 
188439 94446 101425 101424 
188440 94500 100846 99861 
188441 101174 101828 96207 
188442 98015 103589 98591 
188443 101330 103023 103010 
188444 97113 102834 101092 
188445 100576 100611 97453 
188446 100677 102954 101590 
188447 95265 100446 95267 
188448 98591 103589 100985 
188449 95286 100031 99754 
188450 94466 100437 99747 
188451 98211 100447 98209 
188452 100071 101863 97524 
188453 94647 101340 94649 
188454 102423 102662 98592 
188455 99538 102662 102423 
188456 99398 101828 101174 
188457 99754 100446 95286 
188458 100139 100141 95560 
188459 99259 100518 100517 
188460 94481 102637 99969 
188461 98934 100303 99747 
188462 95758 101911 99814 
188463 101929 103713 101981 
188464 97700 101406 101405 
188465 94578 101677 99795 
188466 94606 99820 99779 
188467 100704 102769 100702 
188468 100577 100611 100576 
188469 101164 102647 98909 
188470 97205 102108 99594 
188471 100096 101283 99094 
188472 96457 101028 99567 
188473 102008 103487 99902 
188474 98220 100598 100231 
188475 96014 102647 101164 
188476 99795 102641 102387 
188477 101422 101423 98160 
188478 100431 102868 96979 
188479 101221 102133 100711 
188480 101189 102692 101095 
188481 95748 103870 99773 
188482 100650 100651 97895 
188483 100210 103867 96577 
188484 101519 103887 98593 
188485 96397 102087 99720 
188486 100882 103437 102483 
188487 98768 100958 98924 
188488 96575 100210 96577 
188489 101531 102802 101163 
188490 99567 102083 96457 
188491 100320 100542 97456 
188492 5118 102955 94592 
188493 99036 100365 100191 
188494 100009 100010 97899 
188495 99821 99996 98259 
188496 97590 103856 99777 
188497 100465 101595 100466 
188498 96417 100030 96414 
188499 99979 102723 100248 
188500 98917 100536 98916 
188501 97330 102133 101221 
188502 94895 100205 94897 
188503 99004 100175 99462 
188504 97120 101283 100096 
188505 100392 100393 97584 
188506 99747 100436 94466 
188507 99402 101003 99400 
188508 101981 103713 100035 
188509 101188 102698 101187 
188510 99626 102692 101189 
188511 97582 102658 97996 
188512 100182 102997 100975 
188513 97677 100042 98472 
188514 100536 101043 98916 
188515 101092 102834 99591 
188516 99537 100542 100320 
188517 100867 102653 100002 
188518 100443 102477 97166 
188519 102348 102597 100631 
188520 99720 101923 96397 
188521 97980 102348 102307 
188522 99814 102682 95758 
188523 98209 100447 99754 
188524 100484 102259 99980 
188525 100231 100598 100229 
188526 98446 101303 101210 
188527 94581 101431 99665 
188528 94599 101531 101163 
188529 98537 101977 101523 
188530 99795 102387 94578 
188531 97524 101863 98879 
188532 99622 103754 97156 
188533 5169 100227 5170 
188534 99594 101080 97205 
188535 100393 100396 97584 
188536 96902 103421 100842 
188537 95792 103833 100305 
188538 97872 101693 98622 
188539 96012 103884 100241 
188540 97265 100168 99977 
188541 101518 103198 96800 
188542 100250 101548 98489 
188543 99255 103294 101256 
188544 98887 101505 99598 
188545 95357 101797 100443 
188546 101179 103365 98306 
188547 99758 102641 99795 
188548 99801 99949 98216 
188549 98000 100019 99037 
188550 99348 103624 99995 
188551 99943 100020 98236 
188552 97646 100069 95816 
188553 99731 102961 102528 
188554 101146 103179 100723 
188555 98868 101259 98867 
188556 95792 100305 95837 
188557 97135 101981 100035 
188558 100958 101720 98924 
188559 99773 100110 95748 
188560 97156 101108 99622 
188561 101187 102698 98906 
188562 98160 101424 101422 
188563 94524 102945 102022 
188564 98997 102562 100827 
188565 101024 103588 102254 
188566 99843 101681 98260 
188567 96012 100241 96010 
188568 99460 102915 102454 
188569 99785 100150 99347 
188570 97980 102597 102348 
188571 95868 102405 95805 
188572 102307 102348 100628 
188573 96391 100613 99807 
188574 101884 103603 97117 
188575 101259 103801 98867 
188576 100191 100365 96995 
188577 100702 102769 94758 
188578 99815 100687 96737 
188579 97996 102658 100037 
188580 94434 100757 100593 
188581 102528 102961 101411 
188582 97288 102101 101681 
188583 94451 101186 100216 
188584 99810 103737 95803 
188585 99598 103593 98887 
188586 94573 102742 100662 
188587 99720 102106 101923 
188588 101136 103430 101740 
188589 95559 103670 100732 
188590 5165 101375 94450 
188591 96414 100030 96416 
188592 94809 102427 94812 
188593 100645 101314 94559 
188594 99491 103235 101388 
188595 96169 103891 100974 
188596 99835 100233 94522 
188597 99895 101519 98593 
188598 100731 103799 94751 
188599 99015 102080 101848 
188600 96749 101477 99632 
188601 100721 100738 95561 
188602 100035 102457 97135 
188603 99519 101970 101335 
188604 96748 100380 97433 
188605 99555 103322 101849 
188606 99777 100065 97590 
188607 98391 100240 99049 
188608 100221 101319 98307 
188609 99714 103603 101884 
188610 98929 102868 100431 
188611 96752 100049 96757 
188612 100084 101359 101158 
188613 101329 103023 101330 
188614 100248 102723 97162 
188615 99934 101152 99933 
188616 99497 103275 101538 
188617 94751 101146 100731 
188618 100220 100758 94545 
188619 99882 102776 99593 
188620 5379 101074 5380 
188621 100039 100885 94812 
188622 96876 100736 96874 
188623 95564 103588 101024 
188624 101923 102106 95400 
188625 102200 103483 102199 
188626 100496 103827 102370 
188627 96569 100012 96571 
188628 98471 103551 101813 
188629 102709 102799 100338 
188630 100459 102787 101985 
188631 100515 101152 99934 
188632 99888 99944 98151 
188633 95561 100738 94711 
188634 96419 101093 99864 
188635 94446 101424 100040 
188636 100042 100043 98472 
188637 98599 102666 102393 
188638 100449 101539 98241 
188639 98736 101069 98182 
188640 99864 101094 96419 
188641 100912 100913 95743 
188642 100250 101911 101548 
188643 101210 101303 97531 
188644 100346 100515 99934 
188645 100732 102021 95559 
188646 97198 100327 100326 
188647 99632 100992 96749 
188648 97677 100221 100042 
188649 101442 102954 100677 
188650 94592 102955 100025 
188651 100049 100051 96757 
188652 100010 100036 97899 
188653 97382 100515 100346 
188654 100338 102799 100340 
188655 100276 100277 97369 
188656 97290 100755 94743 
188657 94493 101536 99730 
188658 102684 102687 97118 
188659 99347 100601 99785 
188660 98896 103023 101501 
188661 98996 102562 98997 
188662 95846 102005 99740 
188663 98687 100020 99943 
188664 102736 103270 99633 
188665 97895 100653 100650 
188666 96939 100278 97825 
188667 98593 103887 99583 
188668 97628 99919 99918 
188669 102393 102666 101510 
188670 100443 102631 95357 
188671 99757 103930 98682 
188672 99382 101134 101133 
188673 101223 102259 100484 
188674 100842 103421 100226 
188675 98051 99953 98052 
188676 99555 101849 99556 
188677 95803 102100 99810 
188678 102806 102922 99138 
188679 101080 103330 96157 
188680 98241 103650 100449 
188681 94780 101243 99645 
188682 94508 100005 100004 
188683 100913 100914 95743 
188684 94936 102077 94938 
188685 97456 100322 100320 
188686 96416 100030 99877 
188687 99859 99981 95648 
188688 96737 102202 99815 
188689 94786 102997 100182 
188690 101335 101970 99759 
188691 101855 102027 98799 
188692 97330 100762 100718 
188693 100718 102133 97330 
188694 99346 103581 101739 
188695 94898 103487 102008 
188696 101688 102534 101687 
188697 98682 102476 99757 
188698 98274 101401 100461 
188699 99779 100941 94606 
188700 101333 103872 97208 
188701 98451 103704 99644 
188702 97198 100326 100325 
188703 100911 102922 102806 
188704 99995 103624 101490 
188705 99948 102687 102684 
188706 99382 103948 101134 
188707 97263 102121 100762 
188708 100743 100755 97290 
188709 96567 100445 96569 
188710 100496 102370 100185 
188711 99882 102888 102776 
188712 101550 102197 99719 
188713 94452 103322 99860 
188714 94700 100162 94702 
188715 98186 103096 101943 
188716 99746 103877 97273 
188717 102219 103202 97053 
188718 101848 102080 94528 
188719 97456 103981 100322 
188720 97273 102502 99746 
188721 99507 101904 101706 
188722 99004 101776 100175 
188723 97494 101333 97208 
188724 100794 100795 97269 
188725 98722 101783 100410 
188726 95432 102653 100867 
188727 95868 104067 102405 
188728 100346 100348 97382 
188729 96435 102197 101550 
188730 97128 102908 102875 
188731 96569 100445 100012 
188732 94512 101621 100620 
188733 101186 101187 100216 
188734 99346 101739 100601 
188735 99477 103365 101179 
188736 102681 102969 99513 
188737 99202 103198 101518 
188738 100348 100352 97382 
188739 101256 103294 97235 
188740 94435 102145 100521 
188741 94812 102427 100039 
188742 99860 101700 94452 
188743 101823 102093 97177 
188744 102181 102563 96391 
188745 101776 102325 101702 
188746 99645 102336 94780 
188747 98722 100410 98721 
188748 100019 100233 99037 
188749 95509 102211 99726 
188750 99786 100303 98934 
188751 94649 101340 94922 
188752 99730 102379 94493 
188753 100059 100061 97297 
188754 100105 101338 99529 
188755 97871 101693 97872 
188756 99129 101378 101014 
188757 96169 100974 97168 
188758 99426 101408 101406 
188759 99644 102465 98451 
188760 100323 104008 101565 
188761 100680 101582 94433 
188762 100707 100709 97268 
188763 99726 101710 95509 
188764 94585 103033 99770 
188765 98000 102099 100019 
188766 99787 103882 102852 
188767 99950 99952 98792 
188768 101854 102027 101855 
188769 98649 100215 100214 
188770 99816 102093 101823 
188771 101501 103023 101329 
188772 99751 100517 96030 
188773 101326 101598 95757 
188774 100992 103215 96592 
188775 98825 101301 100945 
188776 94941 100835 94939 
188777 100378 100379 97260 
188778 102875 102908 100075 
188779 100810 102485 100811 
188780 102744 102755 96378 
188781 102060 103550 95206 
188782 95098 101223 95108 
188783 103187 103260 100293 
188784 101813 103551 99504 
188785 100449 103650 99872 
188786 99520 101904 99507 
188787 100833 101306 100834 
188788 96222 102073 101133 
188789 96225 101338 100105 
188790 95508 103631 99727 
188791 94907 99916 99915 
188792 102852 103029 99787 
188793 101194 102864 97835 
188794 100437 101334 98590 
188795 101538 103275 95208 
188796 100521 103452 94435 
188797 100440 100443 100371 
188798 100620 101621 100502 
188799 99853 102563 102181 
188800 101388 103235 96786 
188801 97386 102404 97789 
188802 94546 102554 99861 
188803 97643 102099 98000 
188804 98649 100214 97954 
188805 100762 102121 100718 
188806 98235 101372 101370 
188807 101890 102561 99286 
188808 99871 100885 100039 
188809 100719 102551 100716 
188810 100466 101595 94424 
188811 96030 100787 99751 
188812 101622 103056 103032 
188813 99833 102706 102701 
188814 99228 101635 100470 
188815 99520 103550 102060 
188816 100101 101589 94560 
188817 95648 100208 99859 
188818 99727 102441 95508 
188819 100308 101397 94463 
188820 98260 103760 99843 
188821 98400 100276 97369 
188822 94559 101581 100645 
188823 94751 103179 101146 
188824 100596 101091 97940 
188825 100396 100397 94985 
188826 94536 101359 100084 
188827 102483 103437 99040 
188828 101144 103305 101143 
188829 97824 102969 102681 
188830 101133 102073 99382 
188831 100047 102755 102744 
188832 99505 102424 100095 
188833 96457 102083 99732 
188834 99877 100169 96416 
188835 100426 102630 97967 
188836 97199 99996 99821 
188837 98098 103876 99867 
188838 98771 100867 100002 
188839 96972 100456 100455 
188840 100288 102497 102021 
188841 100559 100991 100553 
188842 101405 102920 97700 
188843 101265 102572 98400 
188844 99740 103767 95846 
188845 98151 99945 99888 
188846 96752 100050 100049 
188847 97386 102789 102404 
188848 95109 100067 95028 
188849 97258 102128 100774 
188850 102190 102453 97479 
188851 100575 100997 100562 
188852 99759 101970 98045 
188853 99807 102181 96391 
188854 99894 100267 97312 
188855 102832 102836 95360 
188856 100193 100520 94498 
188857 100476 103032 100479 
188858 100945 103816 98825 
188859 100719 100721 95561 
188860 99620 102270 101861 
188861 99867 101511 98098 
188862 97433 100380 98082 
188863 102405 104067 99998 
188864 94808 101519 99895 
188865 101705 102490 99156 
188866 100141 100275 95560 
188867 99132 100001 98675 
188868 101109 101236 95018 
188869 100706 101669 96899 
188870 98590 101334 100187 
188871 100393 100397 100396 
188872 98463 101357 100249 
188873 99861 103538 94546 
188874 99594 103330 101080 
188875 100976 102712 100977 
188876 99844 102094 94458 
188877 99077 103644 100843 
188878 99098 101680 98233 
188879 99415 103430 101136 
188880 96899 102091 100706 
188881 100712 100714 94755 
188882 102584 102599 98177 
188883 97635 100352 100351 
188884 99257 102123 101024 
188885 97431 100442 100370 
188886 99861 102554 94500 
188887 97227 100733 100729 
188888 96690 100012 99880 
188889 99969 102637 100420 
188890 100440 102477 100443 
188891 100507 100835 94941 
188892 97268 100735 100707 
188893 100135 100162 99433 
188894 102595 102622 99992 
188895 94556 101577 100674 
188896 99732 102764 96457 
188897 95816 100069 98202 
188898 99879 103695 98481 
188899 100249 101357 98942 
188900 99900 101008 96745 
188901 100917 102162 97968 
188902 99588 102836 102832 
188903 100271 100966 100964 
188904 98932 102964 97864 
188905 102021 102497 95559 
188906 96435 101025 99826 
188907 101370 101371 98235 
188908 98259 101681 99821 
188909 96571 100012 96690 
188910 98493 101266 100432 
188911 99607 102630 100426 
188912 101529 103027 96796 
188913 99833 102701 101287 
188914 102370 103827 98860 
188915 99731 102528 98177 
188916 96381 102855 102829 
188917 101305 102615 98279 
188918 101171 103203 103144 
188919 94518 100227 5169 
188920 101565 103418 100323 
188921 100476 100479 100478 
188922 97224 101269 99926 
188923 100686 103054 100685 
188924 99803 102204 96996 
188925 99212 101397 100308 
188926 95345 101736 95347 
188927 96168 102622 102595 
188928 97921 102762 100298 
188929 100043 100344 98472 
188930 101014 101378 99592 
188931 99772 102731 97118 
188932 99175 101539 100449 
188933 97118 102687 99772 
188934 100055 100934 94441 
188935 96139 103364 102776 
188936 102546 103644 99077 
188937 103144 103203 99333 
188938 98279 100378 97260 
188939 97022 103207 97023 
188940 96973 100205 94895 
188941 96397 102257 99778 
188942 100065 101545 97590 
188943 97954 102743 97548 
188944 98177 102599 99731 
188945 96222 100860 99946 
188946 102424 103108 100095 
188947 95100 102822 102796 
188948 103042 103085 97295 
188949 98754 102584 98177 
188950 99726 102227 101710 
188951 100104 103959 102341 
188952 101710 102227 96440 
188953 99874 102803 102766 
188954 102465 103476 96528 
188955 95576 100457 95498 
188956 101024 102254 99257 
188957 94470 102641 99758 
188958 99777 103856 99999 
188959 101522 103071 102898 
188960 102829 102855 99582 
188961 97825 100278 98211 
188962 102964 103010 97864 
188963 97297 102098 100059 
188964 97661 101306 100833 
188965 98524 102747 100964 
188966 98076 101199 98940 
188967 100059 102098 99910 
188968 97216 103891 96169 
188969 96996 101289 99803 
188970 97538 102814 100206 
188971 99982 103030 99215 
188972 100153 101765 94589 
188973 102662 103453 96931 
188974 98200 103071 101522 
188975 94711 100738 94709 
188976 99778 102087 96397 
188977 98849 102956 102704 
188978 100638 102859 100281 
188979 99949 100260 98216 
188980 100178 103085 103042 
188981 101617 103982 97843 
188982 98056 102873 97406 
188983 97844 101617 97843 
188984 100787 101117 99752 
188985 94743 100755 94741 
188986 99926 101268 97224 
188987 98932 103548 101763 
188988 97263 100774 100725 
188989 95837 103124 96018 
188990 98481 102746 99879 
188991 98489 101967 100250 
188992 100244 103014 101127 
188993 99832 101447 95400 
188994 94538 103522 102898 
188995 102379 102913 94493 
188996 98393 100240 98391 
188997 99801 99950 99949 
188998 102710 103356 100589 
188999 102796 102822 100086 
189000 95399 103253 99729 
189001 101101 103007 95530 
189002 97332 102490 101705 
189003 97159 102866 102843 
189004 95182 103092 101289 
189005 98879 101075 100085 
189006 99826 102197 96435 
189007 101048 101147 99142 
189008 102891 103491 99146 
189009 98045 103818 99759 
189010 97298 100736 96876 
189011 100040 102298 94446 
189012 102732 102900 100315 
189013 101116 101532 94523 
189014 99748 103344 94510 
189015 101523 101977 95364 
189016 94438 100513 100512 
189017 97023 103251 100000 
189018 99990 102344 101008 
189019 99949 99950 98792 
189020 100087 102097 100622 
189021 99874 102466 95762 
189022 100129 101783 98881 
189023 100644 101314 100645 
189024 95561 102551 100719 
189025 102843 102866 100132 
189026 102082 103909 97370 
189027 99473 102542 102466 
189028 99874 102766 101011 
189029 97912 100418 97911 
189030 99937 100091 94549 
189031 100882 101598 101326 
189032 98221 101967 98489 
189033 99231 103356 102710 
189034 95267 100446 97270 
189035 97386 103163 100206 
189036 95632 102900 102732 
189037 94790 102712 100976 
189038 101592 103465 100597 
189039 99982 103076 103030 
189040 99466 103090 101503 
189041 99538 103453 102662 
189042 96898 103193 103139 
189043 101325 104044 98337 
189044 94549 100090 99937 
189045 100662 102742 100661 
189046 100281 103682 100638 
189047 94510 103089 99748 
189048 100027 101684 99921 
189049 101763 102964 98932 
189050 96472 100885 99871 
189051 97258 101071 100726 
189052 102776 103364 99593 
189053 94449 100877 100876 
189054 101308 103039 97138 
189055 101524 103978 102031 
189056 94434 103349 100757 
189057 98202 100069 99922 
189058 101719 102750 102177 
189059 100597 101091 100596 
189060 96310 101209 100387 
189061 95530 103081 101101 
189062 100000 103204 97023 
189063 99825 102744 96378 
189064 100865 102082 97370 
189065 95626 103270 102736 
189066 99259 102906 100518 
189067 100725 102121 97263 
189068 100729 100734 97227 
189069 99751 100787 99752 
189070 101143 103305 95974 
189071 101154 101680 99098 
189072 102891 103515 99666 
189073 99819 102676 95655 
189074 98230 100167 98240 
189075 99758 102890 94470 
189076 101524 102031 97429 
189077 101226 103491 102891 
189078 100271 102406 100966 
189079 99358 102516 101566 
189080 99625 103483 102200 
189081 99013 102298 100040 
189082 96378 102770 99825 
189083 94509 100538 99993 
189084 101720 102778 98924 
189085 101233 102733 101234 
189086 100131 100152 99030 
189087 98236 100021 99943 
189088 99282 103495 103309 
189089 96745 101288 99900 
189090 94721 101803 94719 
189091 102022 103279 94524 
189092 99644 103476 102465 
189093 100126 102986 100763 
189094 102939 103218 101689 
189095 97080 102716 102530 
189096 99833 102622 96168 
189097 101030 102778 101720 
189098 99632 103215 100992 
189099 99946 102073 96222 
189100 100329 100342 100324 
189101 99501 102913 102379 
189102 102898 103522 101522 
189103 100845 101560 99493 
189104 95400 102106 99832 
189105 100584 102110 100583 
189106 99953 100410 98052 
189107 96738 102171 99866 
189108 99146 103515 102891 
189109 97603 100478 97605 
189110 102215 102354 98730 
189111 102729 102731 99772 
189112 94911 100135 100134 
189113 99922 100070 98202 
189114 102341 103039 100104 
189115 103139 103193 100594 
189116 99918 100433 97628 
189117 99770 103295 94585 
189118 99968 103721 102666 
189119 100206 102789 97386 
189120 101797 102604 99336 
189121 98622 101693 101692 
189122 97844 102301 101617 
189123 98879 101863 101075 
189124 99885 103389 99262 
189125 98181 100637 100632 
189126 98900 101871 101870 
189127 99729 103043 95399 
189128 95028 100067 95030 
189129 100583 102110 98575 
189130 94526 103500 99828 
189131 100399 100401 94985 
189132 99839 101003 99402 
189133 98400 102572 100276 
189134 102530 102716 100796 
189135 99773 103870 99775 
189136 100130 101452 97985 
189137 101171 102952 101169 
189138 99516 102902 101943 
189139 101130 102729 99772 
189140 99940 103043 99729 
189141 100371 100442 100440 
189142 96189 103677 96191 
189143 102666 103721 94800 
189144 98138 102240 102005 
189145 99181 101810 101094 
189146 94717 100739 94715 
189147 99876 103143 102811 
189148 100397 100399 94985 
189149 100774 102128 100725 
189150 97312 101236 99894 
189151 94429 101563 100819 
189152 100504 100550 100548 
189153 97290 100745 100743 
189154 101044 102172 101043 
189155 99778 102257 102088 
189156 98579 102485 100810 
189157 100214 102743 97954 
189158 103052 103256 99486 
189159 94897 100205 94907 
189160 99142 103925 101048 
189161 94458 102871 99844 
189162 98407 100122 99152 
189163 101043 102172 98916 
189164 99970 100184 95577 
189165 100845 100846 94500 
189166 95577 100185 99970 
189167 99866 102352 96738 
189168 102088 102257 95505 
189169 95655 103866 99819 
189170 100351 100352 100348 
189171 95286 100446 95265 
189172 100726 101071 100727 
189173 101180 101397 99212 
189174 100456 103025 102470 
189175 101330 103010 103009 
189176 100964 102747 100271 
189177 100211 100212 97379 
189178 101255 103479 99077 
189179 94943 100507 94941 
189180 94441 103128 100055 
189181 96972 101132 100456 
189182 100469 101595 100465 
189183 99990 100622 97175 
189184 100106 103069 97151 
189185 99424 102301 97844 
189186 100594 103136 99695 
189187 96392 100162 94700 
189188 99931 103741 94515 
189189 100206 102814 100122 
189190 94522 103444 99835 
189191 99880 102429 96690 
189192 101669 102074 97368 
189193 101008 102344 96745 
189194 99268 101325 98337 
189195 95557 101223 95098 
189196 95577 100184 95521 
189197 100584 101138 98533 
189198 99960 103288 103281 
189199 98221 101771 100074 
189200 95357 102604 101797 
189201 100061 102214 97297 
189202 97151 103093 100106 
189203 99828 102966 94526 
189204 100135 100236 98665 
189205 99012 100884 100092 
189206 99657 101319 100221 
189207 98274 101878 101401 
189208 100845 103372 101560 
189209 99550 100152 99997 
189210 101509 101651 98213 
189211 96168 102706 99833 
189212 101185 103110 101184 
189213 94563 101994 100568 
189214 100706 102074 101669 
189215 102192 102430 97209 
189216 101705 102396 97336 
189217 103309 103495 99596 
189218 99915 100525 94907 
189219 95507 102182 101025 
189220 101307 103039 101308 
189221 98537 101523 99776 
189222 95401 103220 100686 
189223 99825 102770 102751 
189224 98073 101365 97721 
189225 99068 101345 101004 
189226 99923 103534 103174 
189227 100298 103461 97921 
189228 103300 103795 100339 
189229 100876 102651 101614 
189230 100651 100652 97895 
189231 99940 103199 103043 
189232 99728 102441 99727 
189233 100876 101614 94449 
189234 97171 103054 100686 
189235 99961 100249 98942 
189236 94438 103381 100513 
189237 100247 103291 98606 
189238 99784 101876 101875 
189239 100753 103746 97101 
189240 100523 102958 100524 
189241 99999 102980 102825 
189242 100726 102128 97258 
189243 99895 102427 94808 
189244 98044 104011 99917 
189245 103174 103534 95685 
189246 99154 102534 101688 
189247 102454 102915 97262 
189248 97713 101340 94647 
189249 100264 102459 94976 
189250 101431 101432 99665 
189251 99005 102285 101489 
189252 97575 103254 102886 
189253 94545 103407 100220 
189254 102686 103208 95293 
189255 98606 103293 100247 
189256 103009 103010 99515 
189257 96008 102168 100537 
189258 99825 102751 100989 
189259 100389 102800 100116 
189260 99150 101049 100233 
189261 100995 101978 98629 
189262 100027 103133 101684 
189263 99787 103029 100302 
189264 100918 102162 100917 
189265 101406 101409 99426 
189266 100865 101498 99085 
189267 98182 101069 98184 
189268 100236 102915 99460 
189269 101424 101425 101422 
189270 98665 100236 99460 
189271 101234 102733 98426 
189272 97703 101443 100343 
189273 103505 103972 99424 
189274 100821 102562 98996 
189275 102811 103143 96438 
189276 97429 103287 101644 
189277 100520 103533 94498 
189278 95521 100184 95520 
189279 99728 102686 102441 
189280 98494 103289 101199 
189281 100855 102024 96954 
189282 102470 103025 97185 
189283 95560 100835 100139 
189284 100092 100884 98264 
189285 99544 101452 100130 
189286 94938 102077 95394 
189287 103281 103288 102191 
189288 98927 102928 102471 
189289 99123 103027 101529 
189290 100849 101301 95523 
189291 99999 102825 99947 
189292 100001 100002 98675 
189293 99611 103078 102429 
189294 95011 101236 95003 
189295 96752 100317 100050 
189296 103214 103231 98197 
189297 101157 103258 101743 
189298 97943 103414 98592 
189299 102396 103881 97336 
189300 95558 102670 101147 
189301 99837 101094 98331 
189302 100686 103236 95401 
189303 96731 100445 96567 
189304 99882 103169 102888 
189305 98754 102624 102584 
189306 102834 103051 99591 
189307 98279 102615 100378 
189308 99893 104046 98058 
189309 101681 102101 99821 
189310 100305 103124 95837 
189311 102123 102252 95572 
189312 96191 103677 102717 
189313 99844 102871 94596 
189314 100517 103508 99259 
189315 100597 103465 101091 
189316 96771 100761 96769 
189317 100414 101666 98940 
189318 97217 103795 103300 
189319 99823 103088 97131 
189320 101323 102817 101066 
189321 101054 103231 103214 
189322 103223 103250 101928 
189323 96607 102097 100087 
189324 99878 102764 99732 
189325 94596 103581 99844 
189326 101943 103096 99516 
189327 102559 102578 99311 
189328 102897 102963 100936 
189329 94911 100162 100135 
189330 99808 102962 102783 
189331 95754 101132 95625 
189332 100849 102590 100197 
189333 97701 100126 100125 
189334 101308 103312 94916 
189335 99257 102252 102123 
189336 94424 100474 100466 
189337 99917 101449 98044 
189338 98911 101649 100008 
189339 98053 101783 100129 
189340 100303 100436 99747 
189341 99974 103260 99294 
189342 97605 100478 98156 
189343 95409 102582 95412 
189344 100238 101394 94491 
189345 98686 103218 102939 
189346 97640 101771 98221 
189347 94449 100878 100877 
189348 100030 102624 98754 
189349 97053 103202 102354 
189350 101127 103014 97125 
189351 100220 101316 100758 
189352 97628 99920 99919 
189353 103158 103627 98715 
189354 99047 103347 102951 
189355 97131 103145 99823 
189356 95513 103082 99776 
189357 100292 101484 95218 
189358 101025 102182 99826 
189359 97128 102875 99892 
189360 97023 103207 100391 
189361 94515 102482 99931 
189362 95523 101301 98825 
189363 94528 102080 99963 
189364 103029 103077 100302 
189365 97161 101023 99964 
189366 97175 102344 99990 
189367 100984 101753 99450 
189368 101195 102864 101194 
189369 5380 101074 94543 
189370 94554 103422 99822 
189371 99868 103045 97363 
189372 97101 103916 100753 
189373 101003 101828 99400 
189374 101575 102092 96461 
189375 100343 101443 99182 
189376 100492 102651 100494 
189377 97380 102391 102212 
189378 99993 100540 94509 
189379 101407 101574 98169 
189380 96118 102963 102897 
189381 97209 102430 100524 
189382 102888 103169 95802 
189383 101566 103538 99358 
189384 98910 103001 99930 
189385 100957 102511 99151 
189386 100470 101635 94569 
189387 98228 103052 103006 
189388 97646 102933 100069 
189389 101289 103092 99803 
189390 99871 103191 96472 
189391 103226 103301 101131 
189392 96874 100736 97227 
189393 101142 101389 100202 
189394 101375 103343 94450 
189395 96432 102545 100887 
189396 98942 100290 99961 
189397 96738 102340 102171 
189398 100412 101666 100414 
189399 99433 100236 100135 
189400 100811 102485 102397 
189401 100240 100432 99049 
189402 100627 101633 98144 
189403 94702 100162 94911 
189404 97199 99997 99996 
189405 100167 102623 98240 
189406 100162 103614 99433 
189407 94523 101976 101116 
189408 103055 103120 95556 
189409 100389 103120 103055 
189410 99665 103384 94581 
189411 101447 102114 96431 
189412 102471 103837 98927 
189413 95629 101123 95696 
189414 97269 102420 100794 
189415 100130 100418 98486 
189416 97088 102214 100064 
189417 100627 102262 100628 
189418 101010 101365 99455 
189419 99892 102887 97128 
189420 99393 101238 101083 
189421 95849 103286 100395 
189422 5384 103348 103160 
189423 96603 102214 96601 
189424 97877 102902 99516 
189425 97363 103161 99868 
189426 100168 102723 99979 
189427 101440 103627 103158 
189428 95679 101782 95683 
189429 95632 102732 101287 
189430 97879 100234 98218 
189431 98058 101300 99893 
189432 100994 100995 98629 
189433 94898 102008 99876 
189434 101985 102787 98662 
189435 99809 102962 99808 
189436 94576 101398 101372 
189437 99177 102092 101575 
189438 102171 102340 99569 
189439 99878 103053 102764 
189440 94475 101074 5379 
189441 101558 103532 100253 
189442 100067 101545 100065 
189443 101291 103249 103040 
189444 100745 102278 100748 
189445 99928 101537 96440 
189446 101288 103991 99579 
189447 100301 103301 103226 
189448 100493 102651 100492 
189449 102022 102945 99765 
189450 99974 103307 103260 
189451 99282 103530 101635 
189452 100763 103337 100158 
189453 102262 102307 100628 
189454 102861 103274 99670 
189455 99294 103260 103187 
189456 101565 104008 94557 
189457 97479 102453 100663 
189458 5164 101375 5165 
189459 103032 103056 100479 
189460 99876 102811 94898 
189461 101747 102226 95978 
189462 99973 100850 96431 
189463 99078 103062 100237 
189464 99997 102960 99550 
189465 100978 101744 100979 
189466 102212 102391 100057 
189467 99228 100468 98008 
189468 100622 102097 97175 
189469 100544 103089 94510 
189470 99020 101484 100292 
189471 95737 100914 95798 
189472 103167 103264 101106 
189473 95762 102803 99874 
189474 100387 101209 99137 
189475 103040 103249 94474 
189476 94508 103352 100005 
189477 102267 103155 99233 
189478 99237 102226 101747 
189479 102827 102896 101213 
189480 100727 101071 100734 
189481 101212 102200 101213 
189482 99396 103035 101379 
189483 100224 102105 101119 
189484 95721 100270 95718 
189485 99077 103479 102546 
189486 100553 103195 100559 
189487 97131 103088 100988 
189488 98006 102859 102312 
189489 98630 100247 100051 
189490 100758 101316 100759 
189491 95607 100185 95578 
189492 99637 103758 101027 
189493 101521 102805 96792 
189494 94916 103290 101308 
189495 100401 100402 97543 
189496 102398 102407 101383 
189497 99914 102855 96381 
189498 98784 102027 101854 
189499 100370 100442 100371 
189500 99832 102114 101447 
189501 97571 101478 97569 
189502 100655 100656 100606 
189503 101287 102701 95632 
189504 99869 101286 100969 
189505 100076 100078 94457 
189506 101503 103090 96790 
189507 98771 100002 100001 
189508 96135 102578 102559 
189509 100081 101321 99107 
189510 94908 102563 99853 
189511 100562 103197 100575 
189512 99900 101288 99579 
189513 95030 100067 100066 
189514 98941 101394 100238 
189515 97262 102915 99913 
189516 97842 102299 99794 
189517 94794 101744 100978 
189518 101302 103269 97150 
189519 100018 100355 95783 
189520 99930 103413 98910 
189521 97479 100663 97236 
189522 100032 102561 101890 
189523 100763 102986 97342 
189524 99373 102025 99371 
189525 99411 102585 100662 
189526 101094 101810 96419 
189527 98720 101780 99617 
189528 97290 102278 100745 
189529 99776 103606 95513 
189530 102926 103527 100406 
189531 101213 102200 95386 
189532 94939 100835 95560 
189533 95507 100887 99965 
189534 101044 101150 98542 
189535 99132 100481 100001 
189536 103309 103530 99282 
189537 100548 101912 100504 
189538 100840 103422 94554 
189539 103266 103446 99905 
189540 98630 100051 100049 
189541 95361 102689 101011 
189542 100158 103415 100763 
189543 97288 101681 99843 
189544 100395 103448 95849 
189545 100445 101069 98736 
189546 103184 103268 101379 
189547 97150 103611 101302 
189548 102810 103570 99024 
189549 99926 103205 99819 
189550 98996 103098 100821 
189551 100481 101317 98447 
189552 100562 100997 100561 
189553 100553 100991 100552 
189554 94494 103115 100341 
189555 99862 102943 99215 
189556 101218 102606 102579 
189557 102299 102570 99794 
189558 99964 101211 97161 
189559 5008 101414 5009 
189560 100103 103502 98062 
189561 102466 102542 95762 
189562 94576 101372 100420 
189563 97521 101077 97519 
189564 100611 101214 97453 
189565 100714 100739 94755 
189566 99963 101725 94528 
189567 99892 102822 95100 
189568 98486 103777 100130 
189569 97139 102896 102827 
189570 96382 101867 101083 
189571 103528 103656 94430 
189572 98446 101210 101209 
189573 98213 102393 101509 
189574 100988 103061 97131 
189575 97379 101758 100211 
189576 102579 102606 96109 
189577 94470 102890 99875 
189578 96122 103884 96012 
189579 97134 103268 103184 
189580 102508 103150 100784 
189581 99212 102239 101180 
189582 101854 102433 98784 
189583 102841 102865 100862 
189584 97260 100380 96748 
189585 102669 102680 99342 
189586 98331 101094 99864 
189587 94867 101241 94880 
189588 99822 103676 94554 
189589 100899 102962 99809 
189590 100341 103327 94494 
189591 98900 101872 101871 
189592 101793 103795 96273 
189593 100948 102078 95394 
189594 96114 102680 102669 
189595 97141 103264 103167 
189596 96207 101828 101003 
189597 100405 102926 100406 
189598 99591 103051 99592 
189599 100735 102769 100704 
189600 94756 100200 100198 
189601 100662 102453 99411 
189602 99262 103804 99885 
189603 102762 102987 100212 
189604 99116 102905 99117 
189605 99913 102931 97262 
189606 99728 103208 102686 
189607 95523 102590 100849 
189608 99463 102951 102831 
189609 98533 102110 100584 
189610 98931 101046 100419 
189611 102932 103037 99604 
189612 100765 102519 101040 
189613 97369 100278 96939 
189614 98493 100432 100240 
189615 99995 103596 99348 
189616 94510 103599 100544 
189617 97948 102952 101171 
189618 100187 101334 94595 
189619 5411 101188 5412 
189620 100504 101627 100550 
189621 101842 102966 99828 
189622 100340 103656 103528 
189623 99325 102330 102176 
189624 97166 102631 100443 
189625 97119 102077 94936 
189626 99102 103733 101042 
189627 99938 103065 94467 
189628 101147 102670 99142 
189629 94922 101340 100082 
189630 103064 103565 97003 
189631 100200 102038 100203 
189632 96381 102929 99914 
189633 102689 103122 100900 
189634 100460 103191 99656 
189635 97940 101091 101090 
189636 102429 102499 99612 
189637 100918 101262 97561 
189638 100156 100866 95501 
189639 102930 102982 99718 
189640 100547 101912 100548 
189641 95743 100914 95737 
189642 98251 100234 97879 
189643 99913 102866 97159 
189644 100202 104056 101142 
189645 100063 102640 96430 
189646 94907 100205 99916 
189647 100203 102122 100222 
189648 101739 103581 94596 
189649 100212 101701 97379 
189650 101843 104014 99735 
189651 99215 103030 99862 
189652 100287 101119 94754 
189653 98962 102272 98961 
189654 101180 102239 94517 
189655 100246 102851 99048 
189656 100541 103652 103542 
189657 96440 102227 99928 
189658 98955 100636 100635 
189659 100066 100068 95030 
189660 94515 103060 102482 
189661 99987 103725 103458 
189662 95412 102582 100293 
189663 103542 103652 101153 
189664 99965 102182 95507 
189665 100326 100329 100324 
189666 101326 103437 100882 
189667 97129 103136 100594 
189668 97453 101214 96355 
189669 99455 103438 101010 
189670 97778 102147 98130 
189671 97121 102800 100389 
189672 103087 103191 99095 
189673 95743 101782 100912 
189674 100227 103332 5170 
189675 96135 102559 99947 
189676 101372 101398 101370 
189677 98792 99953 98051 
189678 100053 100855 96247 
189679 94425 101627 100503 
189680 101184 103110 95212 
189681 101258 103068 97842 
189682 101714 103405 103282 
189683 96927 102982 102930 
189684 94433 103370 100680 
189685 101042 103963 99102 
189686 99875 103058 94470 
189687 100947 102077 97119 
189688 99024 103140 102810 
189689 95100 102887 99892 
189690 101238 102046 96247 
189691 98542 102172 101044 
189692 101134 103948 101135 
189693 100024 100657 94462 
189694 99514 103009 99515 
189695 94575 103058 99875 
189696 95108 101223 101222 
189697 100056 102151 100057 
189698 94755 100739 94717 
189699 97140 101978 100995 
189700 100265 102459 100264 
189701 99828 103456 101842 
189702 101621 102513 100502 
189703 100028 100485 94533 
189704 101577 102959 100674 
189705 96972 100457 95576 
189706 100194 100213 98318 
189707 100890 101897 98332 
189708 99969 103206 94481 
189709 98727 100213 100194 
189710 98265 101527 100208 
189711 97723 101009 100154 
189712 101347 102703 99288 
189713 98486 100418 97912 
189714 97119 104024 100947 
189715 101017 101478 97571 
189716 100056 101619 97984 
189717 97626 100433 97898 
189718 98998 101058 101057 
189719 99004 102325 101776 
189720 102433 102924 98784 
189721 96382 104029 101867 
189722 98233 101680 98350 
189723 100850 102131 95501 
189724 99939 102536 99292 
189725 101780 102350 99617 
189726 101300 103700 103607 
189727 99436 102912 101294 
189728 100074 101967 98221 
189729 97975 101776 101702 
189730 100701 101673 97368 
189731 95640 102381 95642 
189732 95598 101671 95392 
189733 100120 100121 98409 
189734 101093 101543 99864 
189735 100211 101758 98491 
189736 100308 100310 98410 
189737 97317 100224 100222 
189738 95869 101701 96134 
189739 96530 100036 96532 
189740 100561 100997 97671 
189741 95394 102077 100948 
189742 97903 103844 100118 
189743 96543 101711 100052 
189744 99939 103292 102536 
189745 96430 103852 100063 
189746 97518 103250 103223 
189747 99977 100168 99979 
189748 101849 103322 94452 
189749 100014 103490 103119 
189750 100418 100419 97911 
189751 100552 100991 97678 
189752 99471 103405 101714 
189753 99228 100470 100468 
189754 101325 101326 95757 
189755 103119 103490 96035 
189756 99292 102673 99939 
189757 99959 103270 94611 
189758 97236 100663 97308 
189759 100253 103532 100511 
189760 101004 104037 99068 
189761 96109 102606 99948 
189762 99420 100310 100308 
189763 98138 102005 100529 
189764 99835 101068 99425 
189765 102612 102946 99270 
189766 99766 103267 101699 
189767 98369 101262 100918 
189768 102709 102780 99220 
189769 100153 103493 101765 
189770 102151 102212 100057 
189771 100560 103195 94511 
189772 100399 100402 100401 
189773 96834 103351 96832 
189774 103417 103440 99536 
189775 99853 103038 94908 
189776 94611 103433 99959 
189777 102312 102859 100636 
189778 103458 103725 97450 
189779 96650 100369 96651 
189780 96645 100317 96648 
189781 96713 103472 100257 
189782 96431 102114 99973 
189783 98779 103420 99814 
189784 102239 102698 94517 
189785 101497 103156 102892 
189786 99150 100233 100019 
189787 95229 102628 95228 
189788 94998 103017 95849 
189789 102870 102876 100429 
189790 100254 103057 94486 
189791 101261 102873 98056 
189792 97745 101666 100412 
189793 99794 103612 99511 
189794 101083 101867 99393 
189795 99819 103205 102676 
189796 99942 103565 103064 
189797 99779 102792 100941 
189798 95129 102549 95127 
189799 101011 102766 95361 
189800 100339 103795 101793 
189801 101953 103150 102508 
189802 99992 102407 97767 
189803 95418 103307 99974 
189804 96379 102655 100989 
189805 5422 100263 5423 
189806 97921 102987 102762 
189807 100045 103093 97151 
189808 100293 103260 95412 
189809 100101 103210 101589 
189810 102503 102511 100880 
189811 95096 102876 102870 
189812 97159 102931 99913 
189813 99298 103440 103417 
189814 100537 102168 100159 
189815 99914 102929 97423 
189816 99098 101364 101154 
189817 99942 103064 95192 
189818 100257 103328 96713 
189819 99486 103256 100048 
189820 97899 100036 96530 
189821 100459 101985 100797 
189822 102704 102956 99107 
189823 94953 101534 94928 
189824 99881 101569 94550 
189825 100063 103020 102640 
189826 100053 102024 100855 
189827 102567 103141 100831 
189828 99618 102953 101416 
189829 97227 100736 100733 
189830 95018 103786 101109 
189831 103104 103180 101486 
189832 96251 103079 96249 
189833 97619 100494 98282 
189834 100429 102756 99383 
189835 98284 103076 99982 
189836 102758 102837 100417 
189837 100502 102513 100503 
189838 100042 100221 98307 
189839 102349 103735 103438 
189840 96396 102375 102233 
189841 100477 100478 97603 
189842 98169 103929 101407 
189843 103118 103232 100005 
189844 100322 103981 100325 
189845 102536 103292 99002 
189846 99796 103556 103392 
189847 100118 103939 97903 
189848 99293 102697 100461 
189849 99036 103972 100365 
189850 100606 100874 100655 
189851 101006 102353 101005 
189852 100457 102817 101323 
189853 100198 100482 94756 
189854 100032 103805 100031 
189855 97700 101409 101406 
189856 102482 103060 100349 
189857 96429 101122 100113 
189858 100174 103539 100149 
189859 102270 103408 101861 
189860 100524 102958 97209 
189861 98329 101543 98327 
189862 98955 102312 100636 
189863 98777 103274 102861 
189864 100237 103062 100369 
189865 96995 101995 96993 
189866 99656 103191 103087 
189867 101172 102524 101167 
189868 96577 103867 96580 
189869 94755 101803 100712 
189870 102777 102904 100546 
189871 103010 103023 97864 
189872 100404 100407 97543 
189873 99625 103604 99624 
189874 100969 101286 100968 
189875 98261 100984 99450 
189876 102549 104062 95127 
189877 102905 103239 99117 
189878 100088 100353 95586 
189879 96472 103191 100460 
189880 99875 103234 94575 
189881 100432 101266 95228 
189882 100282 102655 102574 
189883 100365 101995 96995 
189884 96872 100734 96870 
189885 97282 103004 99983 
189886 100253 100511 100252 
189887 99411 102453 102190 
189888 99597 103688 101489 
189889 101119 102105 94754 
189890 100046 101789 95572 
189891 98746 102824 102620 
189892 101130 102680 96114 
189893 102722 102867 101541 
189894 95505 102178 99991 
189895 98483 102872 98049 
189896 100402 100404 97543 
189897 96935 102848 101338 
189898 98333 101811 100079 
189899 99514 103498 103009 
189900 99282 101635 99228 
189901 94754 101648 100287 
189902 102802 104079 101163 
189903 102031 103287 97429 
189904 96751 103673 99868 
189905 103392 103556 94746 
189906 103805 103863 100031 
189907 95914 102757 101117 
189908 96767 100127 96765 
189909 94756 102038 100200 
189910 99868 103161 96751 
189911 94457 100366 100076 
189912 95783 100355 95733 
189913 98317 102353 101006 
189914 99005 101489 101064 
189915 99511 103698 99794 
189916 100483 101222 100484 
189917 100890 102581 101897 
189918 99974 103402 95418 
189919 102693 102816 98905 
189920 95733 100355 95631 
189921 94880 101241 100243 
189922 103006 103052 99486 
189923 100242 101123 99774 
189924 99455 101365 98073 
189925 99151 102511 102503 
189926 99568 102650 101049 
189927 95719 100269 100093 
189928 100518 102906 96971 
189929 100422 102957 102882 
189930 94798 100982 100980 
189931 98518 102837 102758 
189932 98023 102306 99260 
189933 101250 101752 101683 
189934 99754 100447 100446 
189935 100887 102545 99965 
189936 100233 101049 94522 
189937 103751 103764 99797 
189938 97151 103148 100045 
189939 95360 101736 95345 
189940 101027 103962 99637 
189941 94808 102427 94809 
189942 102971 103151 99196 
189943 98333 102658 97582 
189944 99569 103080 99309 
189945 102038 102122 100203 
189946 5076 103057 103033 
189947 99060 102805 101521 
189948 99085 102082 100865 
189949 95347 101736 97161 
189950 5423 100263 94521 
189951 101468 103744 99775 
189952 99030 100152 99550 
189953 95586 100353 95125 
189954 98881 101783 98722 
189955 100457 101323 95498 
189956 98460 100677 100295 
189957 95805 102405 95806 
189958 98682 103930 99663 
189959 103142 103883 101127 
189960 96392 103319 99929 
189961 95360 102836 101736 
189962 99775 103870 101468 
189963 97317 102105 100224 
189964 98662 102530 100796 
189965 100005 103232 99629 
189966 103160 103348 99836 
189967 99982 103773 98284 
189968 97308 100663 100659 
189969 102397 102485 94502 
189970 101489 102285 99597 
189971 101072 101482 100344 
189972 96964 102703 101347 
189973 96434 103446 103266 
189974 101367 102846 99768 
189975 99947 102825 96135 
189976 100583 100585 99143 
189977 96247 102046 100053 
189978 95588 100357 100109 
189979 100709 101803 97268 
189980 101322 102103 100653 
189981 100254 103430 99416 
189982 102574 102655 96379 
189983 100568 101994 100567 
189984 95192 103715 99942 
189985 101157 101743 101156 
189986 103197 103643 101584 
189987 101489 103688 101006 
189988 94901 100525 94905 
189989 102640 103020 94902 
189990 94904 103506 100157 
189991 98337 104044 99135 
189992 98791 100260 99949 
189993 98687 102617 100020 
189994 101614 102651 100493 
189995 99424 103972 102301 
189996 100796 101985 98662 
189997 94725 100735 94723 
189998 101687 102534 94459 
189999 99948 102684 96109 
190000 96935 102914 102848 
190001 100008 101649 100381 
190002 95578 100185 95577 
190003 99393 102046 101238 
190004 100222 102122 97317 
190005 100938 102547 100937 
190006 101509 102393 101510 
190007 100771 102445 100769 
190008 94571 102865 102841 
190009 100632 100637 100633 
190010 97783 102445 100771 
190011 97025 101269 97027 
190012 97701 100761 100126 
190013 98791 100261 100260 
190014 102233 102375 99885 
190015 101857 102924 102433 
190016 100632 101636 98181 
190017 98592 103414 102423 
190018 98240 102623 101722 
190019 100670 102104 101150 
190020 94437 101576 100781 
190021 100073 101349 96461 
190022 101174 104018 99398 
190023 100914 100917 100915 
190024 98222 100152 100131 
190025 97431 100444 100442 
190026 100298 102762 99190 
190027 96651 100369 96654 
190028 95818 100242 100171 
190029 103211 103401 94443 
190030 100971 103242 99297 
190031 100662 102585 94573 
190032 99973 102131 100850 
190033 101127 103883 99232 
190034 99738 101843 99735 
190035 101537 102237 95529 
190036 94760 100750 100748 
190037 97938 101864 100799 
190038 94948 100507 94943 
190039 100443 101797 100371 
190040 96775 100761 96771 
190041 97708 102598 101361 
190042 98211 102905 100447 
190043 100748 102278 94760 
190044 103194 103240 99548 
190045 101306 103502 101307 
190046 100926 101793 96273 
190047 98230 102824 100167 
190048 96188 103240 103194 
190049 102005 102240 99740 
190050 95571 102980 99999 
190051 102882 102957 97126 
190052 103604 103714 99624 
190053 100490 103401 103211 
190054 99107 101321 98398 
190055 100157 103826 94904 
190056 98332 101662 99837 
190057 101507 103050 102976 
190058 98409 100122 98407 
190059 101753 102506 99450 
190060 103546 103574 99438 
190061 101416 103992 99618 
190062 100218 101559 99522 
190063 102935 102949 100592 
190064 100637 102314 100635 
190065 99954 103166 100182 
190066 97340 101441 100195 
190067 100905 103153 102603 
190068 100166 100267 98323 
190069 95116 103399 100268 
190070 96949 102612 100911 
190071 100134 100307 94911 
190072 95609 102867 102722 
190073 99812 104052 101553 
190074 100313 103339 98368 
190075 100172 101874 99134 
190076 102638 102708 100319 
190077 103252 103449 98876 
190078 102616 102671 100386 
190079 94723 100735 97268 
190080 102879 103044 99281 
190081 103539 103655 100149 
190082 95018 101236 95011 
190083 94467 103494 99938 
190084 99042 102904 102777 
190085 98280 101253 99242 
190086 5083 100615 5084 
190087 101379 103035 95111 
190088 101164 103840 96014 
190089 100252 100511 97831 
190090 99845 103669 94909 
190091 101596 101599 99531 
190092 95109 101545 100067 
190093 100368 103077 100366 
190094 95806 103091 95808 
190095 100004 102857 94508 
190096 98264 101318 100092 
190097 98909 102647 100537 
190098 97309 101698 100207 
190099 101683 101752 95216 
190100 95849 103017 100273 
190101 101514 103574 103546 
190102 100085 101077 98879 
190103 99336 101211 99964 
190104 98413 100525 100165 
190105 97053 102354 102215 
190106 94534 101821 100041 
190107 100125 100127 97701 
190108 101095 102692 97184 
190109 101361 102598 100194 
190110 102941 103103 101312 
190111 95125 100353 95371 
190112 97423 103940 99914 
190113 103388 103442 95597 
190114 100655 101314 100644 
190115 103579 103700 98028 
190116 100258 100521 98311 
190117 96829 100168 96831 
190118 97027 101269 97224 
190119 100529 101647 98138 
190120 99929 103614 96392 
190121 95143 100836 95548 
190122 98935 103764 103751 
190123 97155 100653 97488 
190124 99336 102604 101211 
190125 97368 102074 100701 
190126 96417 102624 100030 
190127 95807 101132 95754 
190128 95586 100483 100088 
190129 99351 100580 100579 
190130 98144 102262 100627 
190131 100268 103371 95116 
190132 100128 100982 94802 
190133 95361 103122 102689 
190134 96892 101441 97340 
190135 97745 100412 100411 
190136 94704 100307 94706 
190137 100287 101648 100288 
190138 103348 104052 99836 
190139 100104 103502 100103 
190140 99809 103586 100899 
190141 100455 100457 96972 
190142 96412 100176 96410 
190143 100165 101913 98413 
190144 96114 102729 101130 
190145 101158 102752 100084 
190146 100208 101527 99859 
190147 99091 101650 101037 
190148 102391 103568 98860 
190149 94719 101803 94755 
190150 100941 102792 101659 
190151 95501 102131 100156 
190152 94948 100508 100136 
190153 101861 102880 99620 
190154 100803 101948 95309 
190155 96392 103614 100162 
190156 100001 100481 98447 
190157 99151 103815 100957 
190158 98240 101722 98241 
190159 98062 103502 101306 
190160 99037 100233 99835 
190161 100105 102643 96225 
190162 100968 101286 98507 
190163 97488 100653 97895 
190164 102881 103127 99850 
190165 98421 101546 101277 
190166 100239 102297 97078 
190167 101672 102378 97727 
190168 98712 102134 101964 
190169 99928 102237 101537 
190170 101040 102519 98300 
190171 97122 102708 102638 
190172 94672 103133 100027 
190173 99198 101647 100529 
190174 98409 100450 100120 
190175 99134 102099 97643 
190176 94478 102750 101719 
190177 102444 103428 102973 
190178 100008 102466 98911 
190179 99983 103889 97282 
190180 96831 100168 97265 
190181 5209 100878 5210 
190182 94547 100230 100228 
190183 97398 102435 100747 
190184 100609 103280 103063 
190185 97160 102671 102616 
190186 99416 103430 99415 
190187 98931 100419 100418 
190188 99954 103244 103166 
190189 99297 103618 100971 
190190 97268 101803 94721 
190191 97767 102407 102398 
190192 97812 103678 100033 
190193 102059 102178 96393 
190194 99784 103665 101876 
190195 100680 102795 101582 
190196 103456 104014 101842 
190197 95397 100357 95527 
190198 95642 102381 100306 
190199 99156 102396 101705 
190200 99661 103471 99660 
190201 100584 101201 101138 
190202 99512 103224 102985 
190203 100023 103537 99943 
190204 100631 101636 100632 
190205 101699 103295 99766 
190206 100036 102531 102374 
190207 100207 101698 98588 
190208 95718 100270 95719 
190209 103471 103486 99660 
190210 100707 100735 100704 
190211 97985 101452 99069 
190212 100218 100219 94499 
190213 95538 100435 95287 
190214 102976 103050 95763 
190215 101648 102497 100288 
190216 100937 102547 96108 
190217 101104 103081 95530 
190218 100635 102314 98955 
190219 99991 102088 95505 
190220 94521 100263 100179 
190221 95527 100357 95588 
190222 98629 101664 100994 
190223 99064 100428 99065 
190224 97130 102756 100429 
190225 100659 100664 97308 
190226 99428 103347 99047 
190227 98649 100216 100215 
190228 99030 100499 100131 
190229 100366 103567 100368 
190230 97047 103454 103282 
190231 99927 103488 99081 
190232 5117 102955 5118 
190233 101231 101932 101232 
190234 5008 103661 101414 
190235 98998 101059 101058 
190236 101716 102607 99209 
190237 97508 103225 101063 
190238 100047 102671 97160 
190239 100461 102697 98274 
190240 100044 103315 100111 
190241 100989 102751 96379 
190242 98275 103711 100016 
190243 100372 102558 102419 
190244 100503 101627 100504 
190245 94560 102950 100101 
190246 96971 103800 100518 
190247 94869 101241 94867 
190248 101415 103373 94540 
190249 97227 100734 96872 
190250 94533 100485 5128 
190251 101268 101936 97224 
190252 99929 103319 94908 
190253 100232 101332 96283 
190254 97940 101090 97876 
190255 100033 103701 99602 
190256 98344 103982 100114 
190257 100190 100211 98491 
190258 102656 102738 100527 
190259 99698 101264 99696 
190260 100082 101341 94922 
190261 100816 102247 96442 
190262 101038 101040 100098 
190263 99894 101236 101109 
190264 95548 100836 100261 
190265 101813 103990 99066 
190266 103306 103566 99070 
190267 99109 100297 99108 
190268 101458 102078 101790 
190269 94802 100983 100128 
190270 96105 102311 101219 
190271 100988 102963 96118 
190272 100416 102532 99945 
190273 96979 102868 99027 
190274 100341 103463 103327 
190275 100111 103431 100044 
190276 100216 102625 94451 
190277 98454 102853 101811 
190278 94554 103462 100840 
190279 103132 103621 94527 
190280 95548 100261 97390 
190281 102518 103489 103135 
190282 97854 101664 97281 
190283 100027 103590 94672 
190284 100052 101964 96543 
190285 95607 100496 100185 
190286 94424 102362 100474 
190287 97569 101478 97575 
190288 98730 102354 101452 
190289 101117 102757 99752 
190290 96037 102949 102935 
190291 100070 101814 101035 
190292 99770 103033 99806 
190293 97944 102524 101172 
190294 99917 102410 101449 
190295 95629 103989 101123 
190296 96978 101813 99066 
190297 101294 102912 96794 
190298 97898 100433 99140 
190299 98910 100537 100159 
190300 95854 103833 95792 
190301 98332 101897 101662 
190302 101040 104054 100098 
190303 102892 103156 99113 
190304 99999 103856 95571 
190305 98879 101077 97521 
190306 100601 101739 94485 
190307 97767 102595 99992 
190308 100210 103078 99611 
190309 99756 103442 103388 
190310 101448 104011 98044 
190311 100759 101316 97990 
190312 101515 102984 102850 
190313 100779 102306 98650 
190314 97585 101546 98421 
190315 99888 103984 99944 
190316 100953 100955 97170 
190317 101586 103974 100513 
190318 97601 100477 97603 
190319 100621 102510 102163 
190320 100345 103450 100080 
190321 100815 102187 101498 
190322 97899 104047 100009 
190323 99991 102178 102059 
190324 97137 103647 100148 
190325 96283 101332 96107 
190326 101306 101307 100834 
190327 99963 102382 101725 
190328 94517 101188 5411 
190329 100534 101623 99485 
190330 100351 102408 97635 
190331 100750 102279 101806 
190332 95131 103162 95129 
190333 94454 104014 101843 
190334 99546 102297 100239 
190335 97795 101750 101749 
190336 103026 103178 99563 
190337 98867 103801 99055 
190338 101842 104014 94454 
190339 96788 101517 100590 
190340 101389 101955 100202 
190341 100837 101632 99176 
190342 100593 102999 94434 
190343 99588 102761 101047 
190344 99445 103103 102941 
190345 100121 100122 98409 
190346 98945 100508 98293 
190347 103063 103280 94427 
190348 97503 102917 101131 
190349 98483 101645 101343 
190350 5210 100878 94449 
190351 103134 103223 99447 
190352 101045 102727 99582 
190353 96769 100761 97701 
190354 103368 103469 5406 
190355 98398 101321 100304 
190356 101472 103357 95202 
190357 99664 103700 103579 
190358 95919 100800 96119 
190359 99823 103171 101396 
190360 94550 103858 99881 
190361 100114 103982 103923 
190362 95371 101712 95393 
190363 100134 100458 100307 
190364 98650 102529 100779 
190365 97721 101365 97723 
190366 96949 102946 102612 
190367 95683 101782 95743 
190368 101065 103463 100341 
190369 101189 103920 99626 
190370 100653 102103 100650 
190371 100267 101652 97312 
190372 103145 103171 99823 
190373 94908 103038 99929 
190374 100631 102597 101636 
190375 99175 101893 95164 
190376 100951 100953 97170 
190377 100530 102005 95846 
190378 100428 100773 99065 
190379 96540 101711 96543 
190380 94504 100874 100612 
190381 100381 101649 99612 
190382 101004 101345 94822 
190383 101874 102099 99134 
190384 98860 103827 102391 
190385 102650 103690 101049 
190386 103678 103701 100033 
190387 100136 100507 94948 
190388 99114 100247 97853 
190389 100799 101864 100800 
190390 100364 103972 103505 
190391 98494 102528 101411 
190392 101790 102078 100948 
190393 99922 101814 100070 
190394 97984 102151 100056 
190395 101792 101793 100926 
190396 100577 103906 100611 
190397 101566 102516 94431 
190398 94589 102474 100153 
190399 100716 102551 100739 
190400 99910 102098 100087 
190401 98323 100266 100166 
190402 97842 103068 102299 
190403 95625 101132 96972 
190404 96648 100317 96752 
190405 101645 101646 101343 
190406 99811 104052 99812 
190407 100405 102837 98518 
190408 97655 103288 99960 
190409 99943 103537 97430 
190410 101622 103032 94514 
190411 97873 101874 100172 
190412 100093 101638 95719 
190413 101232 101932 98422 
190414 100478 100479 98156 
190415 100185 102370 99970 
190416 95003 101236 97312 
190417 102707 102895 98584 
190418 103129 103362 98685 
190419 97519 101077 100817 
190420 102410 102724 101449 
190421 100373 100667 98412 
190422 98324 100267 99894 
190423 99333 103203 101451 
190424 98226 100277 100276 
190425 96461 102092 100073 
190426 100975 102997 100976 
190427 100952 103464 103436 
190428 96736 102738 102656 
190429 99836 104052 99811 
190430 101743 103258 97959 
190431 97340 101955 101389 
190432 101068 103359 99425 
190433 100155 100816 95529 
190434 100914 100915 95798 
190435 99426 103359 101408 
190436 97959 103258 100111 
190437 97678 101355 100552 
190438 102176 102330 99350 
190439 100954 102910 100953 
190440 100353 101712 95371 
190441 101116 103600 101532 
190442 101281 103621 103132 
190443 103518 103638 99873 
190444 100441 101203 97509 
190445 101163 102667 94599 
190446 100048 103256 5126 
190447 101045 102527 97169 
190448 98265 100208 99046 
190449 100130 103777 99544 
190450 97819 100617 100616 
190451 96963 102956 98849 
190452 97671 101353 100561 
190453 101870 102159 98900 
190454 101252 101782 95679 
190455 101849 101888 99556 
190456 96978 101336 100160 
190457 94909 103684 99845 
190458 100087 102098 96607 
190459 100171 100311 95818 
190460 100582 102854 99237 
190461 95228 102628 100432 
190462 99800 103558 103432 
190463 103000 103190 97629 
190464 103450 103529 100080 
190465 101082 102455 95843 
190466 100590 101517 99056 
190467 98370 100291 98372 
190468 96676 103638 103518 
190469 97701 100127 96767 
190470 100148 103735 97137 
190471 100449 101893 99175 
190472 101300 103607 99893 
190473 95696 101123 95818 
190474 100154 101377 97723 
190475 95530 103271 101104 
190476 101443 103635 99549 
190477 99100 101196 100192 
190478 96191 103952 99998 
190479 100177 100516 97034 
190480 98664 100458 100134 
190481 97453 101358 100576 
190482 99649 103862 101494 
190483 100344 101482 98472 
190484 103554 103632 100560 
190485 101281 103829 100188 
190486 99588 102832 102761 
190487 100803 102533 100804 
190488 96269 101148 96267 
190489 96601 102214 97088 
190490 102850 102984 97359 
190491 100086 102708 97122 
190492 101434 102691 102065 
190493 97713 102459 100265 
190494 100880 102402 98007 
190495 95586 101222 100483 
190496 99877 101756 100169 
190497 100513 103974 100514 
190498 94516 100493 100492 
190499 102781 103073 99316 
190500 97819 100618 100617 
190501 101219 102311 101145 
190502 101150 102104 98542 
190503 97508 103355 103225 
190504 100151 103134 99447 
190505 100113 101543 96429 
190506 100186 101628 96396 
190507 100860 102025 99946 
190508 94552 103547 100055 
190509 95032 100266 95113 
190510 98937 103096 101654 
190511 94524 100615 5083 
190512 102836 103697 101736 
190513 100434 101539 99175 
190514 98294 100467 100464 
190515 101840 103228 98616 
190516 100064 102214 100061 
190517 103285 103587 99951 
190518 98400 101373 101265 
190519 100258 103452 100521 
190520 100246 103441 102851 
190521 100064 103362 103129 
190522 101116 101976 100928 
190523 96995 101491 100191 
190524 97571 101631 101017 
190525 100911 102806 96949 
190526 98621 103202 102219 
190527 100228 100272 94547 
190528 97703 102807 97250 
190529 98279 101350 101305 
190530 101064 101488 99005 
190531 97184 102877 100933 
190532 98886 103003 98887 
190533 97835 103393 101194 
190534 99091 101037 101036 
190535 95513 103861 99956 
190536 101058 101059 95558 
190537 100172 102147 97873 
190538 98224 101771 97640 
190539 100439 100444 97413 
190540 98008 100468 98294 
190541 5128 100485 5129 
190542 100129 102419 98053 
190543 99998 104067 96191 
190544 101716 102760 95330 
190545 97677 104076 100221 
190546 95392 101671 95370 
190547 98398 100304 98396 
190548 96644 100317 96645 
190549 95572 102252 100046 
190550 99335 103702 103650 
190551 98218 100234 99937 
190552 99945 102532 100435 
190553 101253 101809 99242 
190554 98599 103717 102666 
190555 95096 102870 100075 
190556 94448 103127 102881 
190557 101252 101253 99000 
190558 100023 103410 98084 
190559 99679 102634 100838 
190560 94760 102279 100750 
190561 100560 103632 101067 
190562 95783 102951 100018 
190563 99563 103178 98027 
190564 94480 103386 100003 
190565 100297 100298 99190 
190566 96355 101214 96357 
190567 98313 100579 97702 
190568 99741 102408 101825 
190569 101639 102275 95448 
190570 100819 103511 94429 
190571 94960 101534 94953 
190572 101755 101785 96674 
190573 97617 100494 97619 
190574 103199 103524 95273 
190575 101222 101223 100484 
190576 100169 101756 98358 
190577 103666 103687 99606 
190578 101847 103152 98811 
190579 100983 100984 99016 
190580 97853 100247 98630 
190581 97029 101936 97031 
190582 100213 101788 98318 
190583 94606 103521 99820 
190584 100388 101073 94475 
190585 100033 103792 97812 
190586 100734 101071 96870 
190587 94907 100525 94901 
190588 102985 103224 96033 
190589 98628 102873 101461 
190590 99711 102739 102668 
190591 96517 102846 101367 
190592 99774 101123 100110 
190593 100335 101793 100337 
190594 101498 102187 99085 
190595 97297 102214 96603 
190596 101234 102992 101235 
190597 103033 103057 99806 
190598 98557 103423 103323 
190599 97208 103872 97922 
190600 94546 103538 101566 
190601 95715 100630 95831 
190602 100339 101793 100335 
190603 94706 100307 96394 
190604 94799 100982 94798 
190605 96455 101378 99129 
190606 101692 102557 98622 
190607 100296 102491 96294 
190608 95722 100634 95821 
190609 100966 102406 95726 
190610 98371 101034 95362 
190611 94462 103332 100024 
190612 100197 102590 100482 
190613 99586 103474 100921 
190614 99858 103825 98455 
190615 97165 102390 100282 
190616 99956 103082 95513 
190617 98355 101498 100865 
190618 96134 101701 96307 
190619 98251 100235 100234 
190620 99946 102025 99373 
190621 100036 102374 96532 
190622 99472 102824 100425 
190623 101000 101608 100094 
190624 103376 103519 98414 
190625 98455 103885 99858 
190626 98323 100267 98324 
190627 100188 103621 101281 
190628 98905 102816 98906 
190629 100338 102780 102709 
190630 98544 102921 102694 
190631 99611 102429 99612 
190632 98260 101681 98259 
190633 98491 100682 100190 
190634 99891 103449 103252 
190635 103282 103454 101714 
190636 98917 103155 102267 
190637 97628 100433 97626 
190638 100411 101454 97745 
190639 101654 103096 98186 
190640 99864 101543 98329 
190641 100343 102807 97703 
190642 100037 104020 97996 
190643 101131 102917 99444 
190644 100166 100266 95032 
190645 100122 102814 99152 
190646 98088 104076 97677 
190647 101101 102896 97139 
190648 99096 103626 103341 
190649 98361 101754 100854 
190650 99633 103270 99959 
190651 95529 102237 100155 
190652 99920 104005 103590 
190653 98017 102490 97332 
190654 97967 102630 100249 
190655 103108 103951 100095 
190656 102727 102829 99582 
190657 98507 101715 100968 
190658 101506 101507 97766 
190659 99961 100290 99962 
190660 99409 101351 100826 
190661 101030 102685 99217 
190662 99604 103037 100241 
190663 99605 103666 99606 
190664 95364 101977 100375 
190665 98616 103770 101840 
190666 98188 101623 97665 
190667 99975 104015 97265 
190668 101369 101750 101371 
190669 97413 101203 100438 
190670 96264 100586 96262 
190671 99814 103420 102682 
190672 95642 100306 95644 
190673 97900 100477 97601 
190674 98368 103543 100313 
190675 102831 102951 95783 
190676 99473 102466 100008 
190677 94918 100530 95846 
190678 100297 100809 99108 
190679 99371 102025 102024 
190680 94912 100530 94918 
190681 5412 101188 101186 
190682 101492 101879 101276 
190683 100156 101264 100866 
190684 101204 101454 100411 
190685 100197 100482 100198 
190686 95019 100251 95009 
190687 97406 102873 98628 
190688 98084 103771 100023 
190689 95287 100435 95284 
190690 99548 103168 99250 
190691 100263 102298 99013 
190692 101343 102872 98483 
190693 100585 101896 99143 
190694 100433 102544 99140 
190695 101982 102501 101417 
190696 99016 100984 98261 
190697 102177 103709 101719 
190698 100419 101046 99105 
190699 98058 104046 100309 
190700 99549 103375 101443 
190701 98897 102688 100291 
190702 100179 100382 94521 
190703 102533 102611 100804 
190704 96524 100581 98442 
190705 99920 103590 100027 
190706 100132 102738 96736 
190707 101273 102605 101274 
190708 94545 100758 100757 
190709 97723 101365 101009 
190710 97273 103877 99653 
190711 100634 100635 95821 
190712 101218 102577 101219 
190713 99000 101782 101252 
190714 100630 100631 95831 
190715 100327 100328 100326 
190716 94893 103438 100080 
190717 100626 101633 100627 
190718 101507 102229 97766 
190719 100255 102713 100256 
190720 101673 102417 96901 
190721 101349 102418 96125 
190722 96898 103139 100045 
190723 99448 102665 98605 
190724 99000 101253 98280 
190725 99185 103314 103299 
190726 99940 103524 103199 
190727 97664 100532 100531 
190728 96525 100506 98450 
190729 97035 100516 97038 
190730 97160 102755 100047 
190731 100727 100734 100729 
190732 99951 103587 99950 
190733 94911 100307 94704 
190734 100098 101938 101038 
190735 99624 103714 99637 
190736 100136 100508 98945 
190737 94509 101935 100538 
190738 95123 103807 103695 
190739 100010 102531 100036 
190740 101494 103743 99649 
190741 100217 100506 98443 
190742 96832 103351 102596 
190743 99435 101785 101755 
190744 102950 103813 103499 
190745 102024 102025 96954 
190746 96550 103044 102879 
190747 97873 102147 97778 
190748 99286 103416 101890 
190749 100354 101602 98920 
190750 101655 101772 96798 
190751 100209 100581 98435 
190752 101825 102408 100351 
190753 96118 103061 100988 
190754 100824 102904 99042 
190755 99445 103233 103103 
190756 98508 101715 98507 
190757 100780 103366 95283 
190758 100016 103711 97539 
190759 96515 101317 100481 
190760 100464 100471 98294 
190761 95557 101139 100262 
190762 101725 102382 94590 
190763 95563 102633 101047 
190764 97034 100516 97035 
190765 100474 100475 100473 
190766 100498 101567 94548 
190767 99105 101816 100419 
190768 101285 102054 100616 
190769 100127 101639 96765 
190770 100342 104008 100324 
190771 94525 103951 103108 
190772 100272 102791 94497 
190773 100951 101965 100950 
190774 100160 101813 96978 
190775 100176 102378 101672 
190776 98718 102501 101982 
190777 98597 102648 99435 
190778 100166 101652 100267 
190779 101571 102793 102685 
190780 103363 103575 101858 
190781 101461 103999 98628 
190782 100290 101206 99962 
190783 94460 103409 101020 
190784 95369 102558 100372 
190785 98247 100379 100378 
190786 97390 100261 98791 
190787 102668 102739 96896 
190788 98393 103775 100240 
190789 99456 103151 102971 
190790 96394 102363 94708 
190791 102760 102911 95330 
190792 103714 103758 99637 
190793 98961 102272 100184 
190794 99337 101772 101655 
190795 99834 103469 103368 
190796 100494 102651 98282 
190797 103367 103379 97841 
190798 100802 101948 100803 
190799 97184 100933 96602 
190800 99925 102690 98613 
190801 101921 102560 99101 
190802 102163 102510 95316 
190803 100253 102721 101558 
190804 100314 101475 98793 
190805 97155 101322 100653 
190806 99902 103487 100161 
190807 100797 102363 100459 
190808 95397 101656 100357 
190809 97170 101965 100951 
190810 99518 103648 101587 
190811 98475 103642 103583 
190812 99066 103338 101050 
190813 100597 102657 101592 
190814 97298 100756 100736 
190815 100603 100656 100602 
190816 99351 100579 98313 
190817 99814 101911 100250 
190818 99696 101264 100156 
190819 102886 103254 100385 
190820 100114 103923 97469 
190821 99260 102306 101056 
190822 99801 99951 99950 
190823 101506 102277 101237 
190824 99218 102432 101159 
190825 94520 104065 100413 
190826 98998 102272 98962 
190827 98082 103313 99254 
190828 101122 101610 100113 
190829 101120 102619 99342 
190830 102126 102480 101465 
190831 100838 102634 96897 
190832 103376 103557 101696 
190833 103335 103394 98604 
190834 99129 101014 101013 
190835 102410 103079 96251 
190836 102340 103080 99569 
190837 95218 102718 100292 
190838 98811 103879 101847 
190839 100612 100874 100606 
190840 5126 103766 100048 
190841 94905 100525 98413 
190842 99109 100298 100297 
190843 96950 100812 96952 
190844 100535 103482 103429 
190845 98129 101541 101249 
190846 98130 102147 99774 
190847 95151 101118 95551 
190848 102186 102509 100089 
190849 102685 102793 99217 
190850 103436 103464 98239 
190851 94533 103052 100028 
190852 99324 103204 100000 
190853 100474 102362 100475 
190854 100913 100917 100914 
190855 101120 102493 96142 
190856 100739 102551 94715 
190857 94802 100982 94799 
190858 102576 102945 5081 
190859 100784 100786 100785 
190860 100977 102712 100978 
190861 101319 101816 99105 
190862 100106 102982 96927 
190863 97695 100360 100358 
190864 100003 103523 94480 
190865 101478 103254 97575 
190866 97857 101671 95598 
190867 97441 101764 101102 
190868 100789 102968 100827 
190869 102375 103389 99885 
190870 100243 101675 94880 
190871 103694 103775 98456 
190872 99221 102402 100880 
190873 96974 100523 100279 
190874 100370 101663 97431 
190875 102349 103438 94893 
190876 94601 102629 102489 
190877 95123 103695 103146 
190878 99311 101638 100093 
190879 97843 103982 98344 
190880 100417 102523 98519 
190881 101088 102495 94551 
190882 100670 101150 95938 
190883 94575 103234 100003 
190884 100701 102417 101673 
190885 100413 103272 94520 
190886 100128 100983 99016 
190887 100051 100237 96757 
190888 100438 100439 97413 
190889 96416 100176 96412 
190890 101192 101750 101369 
190891 97379 101701 95869 
190892 98412 101530 100373 
190893 100219 100220 94499 
190894 97267 101709 100646 
190895 101654 103896 98937 
190896 100184 102272 95520 
190897 100672 100674 100673 
190898 95145 100836 95143 
190899 97331 101791 100421 
190900 95026 100785 95104 
190901 101907 103566 103306 
190902 97299 101377 96953 
190903 100616 102054 97819 
190904 100795 103998 97269 
190905 101000 102747 98524 
190906 95133 102558 95369 
190907 98156 102442 97607 
190908 96527 101013 97849 
190909 100277 100278 97369 
190910 102713 102745 100256 
190911 98966 101059 98964 
190912 96442 102138 101139 
190913 100534 103482 100535 
190914 98413 101913 101240 
190915 100133 102380 97048 
190916 101218 102579 102577 
190917 100079 102658 98333 
190918 100723 103179 100738 
190919 100606 100656 100603 
190920 99927 103891 97216 
190921 101059 102670 95558 
190922 100633 100637 100634 
190923 101875 102715 99784 
190924 100386 102414 96340 
190925 100155 102247 100816 
190926 98650 102306 98023 
190927 99012 102823 100884 
190928 100016 103757 98275 
190929 103526 103645 100970 
190930 98518 102926 100405 
190931 101202 102555 101162 
190932 96515 102451 96512 
190933 97331 101792 100926 
190934 96234 102511 100957 
190935 98242 101315 97454 
190936 100373 103233 100667 
190937 101504 102633 102443 
190938 100924 102392 102130 
190939 100568 100569 99616 
190940 96715 103134 100151 
190941 100424 101026 97093 
190942 98369 100918 100913 
190943 101338 102848 99529 
190944 101401 103206 100461 
190945 96542 101711 96540 
190946 99783 102798 100150 
190947 99802 100681 98207 
190948 97785 101346 98618 
190949 100319 102439 95106 
190950 101432 102895 102707 
190951 95334 102607 101716 
190952 101270 101852 101137 
190953 96357 102332 96359 
190954 102526 102618 99275 
190955 101964 102134 96543 
190956 98295 101293 97536 
190957 103650 103702 99872 
190958 97838 100415 97782 
190959 96757 100369 96650 
190960 101249 101540 98129 
190961 97015 103074 97700 
190962 95137 100837 99176 
190963 97892 100673 98614 
190964 95219 102718 95218 
190965 98062 103843 100103 
190966 98987 102527 101045 
190967 99027 102812 100799 
190968 94806 100984 100983 
190969 102617 102735 100022 
190970 99048 102851 99325 
190971 101342 102347 97845 
190972 100189 103399 95116 
190973 96225 102643 96213 
190974 100854 101754 100853 
190975 96513 101766 101682 
190976 100979 101744 100980 
190977 97182 102265 100259 
190978 99205 103209 102998 
190979 95399 102532 100416 
190980 98307 101319 99105 
190981 94928 101534 96974 
190982 97444 101337 96928 
190983 100073 102418 101349 
190984 95016 100785 95026 
190985 95637 101879 101492 
190986 94860 100450 95623 
190987 102341 103959 94975 
190988 102199 103483 97136 
190989 96996 101179 95176 
190990 99100 101778 101196 
190991 94511 103554 100560 
190992 99144 101619 100056 
190993 96483 102366 101336 
190994 97122 102796 100086 
190995 98224 102293 101771 
190996 97281 101664 98629 
190997 99996 100152 98222 
190998 96436 101616 100390 
190999 98082 103416 103313 
191000 99143 101896 100448 
191001 97548 102743 101159 
191002 99930 103101 97858 
191003 99419 103576 100390 
191004 100970 103645 100969 
191005 101696 103557 94488 
191006 100127 102275 101639 
191007 101682 101766 99763 
191008 5111 103559 103531 
191009 99595 103379 103367 
191010 100260 100261 99025 
191011 100299 101121 98438 
191012 98374 101034 98371 
191013 97831 101293 100252 
191014 95818 101123 100242 
191015 100075 102908 95096 
191016 100266 101742 95113 
191017 99067 102978 102974 
191018 98216 100260 98033 
191019 100521 102145 100520 
191020 100969 103645 99869 
191021 99880 102499 102429 
191022 100472 100474 100473 
191023 100466 100472 100463 
191024 97821 100569 98531 
191025 100630 102348 100631 
191026 97065 100955 97063 
191027 99595 103428 102444 
191028 97216 103732 99927 
191029 96800 103198 101529 
191030 98327 101543 100113 
191031 100310 102440 98410 
191032 97991 100759 97990 
191033 97857 101105 101103 
191034 103536 103605 102794 
191035 100822 100960 100959 
191036 99254 103130 100995 
191037 99252 103575 103363 
191038 101722 103650 98241 
191039 96952 100812 97508 
191040 103001 103101 99930 
191041 100425 102824 98230 
191042 100423 103737 99810 
191043 103583 103642 100163 
191044 99659 103059 102810 
191045 94852 100499 95574 
191046 101297 101980 100873 
191047 102034 102688 98897 
191048 100974 103860 97168 
191049 97531 102979 101210 
191050 101383 102407 101382 
191051 94491 102659 100238 
191052 97664 100531 97060 
191053 100921 103591 99586 
191054 95362 101034 100545 
191055 100422 102740 98874 
191056 99958 102847 101347 
191057 97524 103946 100071 
191058 101138 101201 95954 
191059 103531 103559 100017 
191060 97034 101936 100177 
191061 101035 101151 100070 
191062 97078 101107 97077 
191063 94486 103430 100254 
191064 98311 101315 100258 
191065 100583 103836 100585 
191066 99241 102491 100296 
191067 96235 101206 97314 
191068 95985 101039 97054 
191069 102950 103499 100102 
191070 99952 99953 98792 
191071 96206 102740 100422 
191072 102065 102691 99090 
191073 100927 101209 96310 
191074 100667 103233 99446 
191075 100096 103000 97120 
191076 98964 101059 98998 
191077 97988 101980 101297 
191078 98370 100669 100291 
191079 97644 101072 100344 
191080 100003 103386 94575 
191081 96894 101441 96892 
191082 95848 101542 96200 
191083 101515 102464 98634 
191084 98492 103141 102567 
191085 102603 103153 94598 
191086 97561 102162 100918 
191087 96644 101304 100318 
191088 100257 102956 96963 
191089 100295 101346 98460 
191090 100626 100627 95799 
191091 103432 103558 99334 
191092 96006 103037 102932 
191093 101038 101938 101039 
191094 101789 102255 97093 
191095 100410 101783 98052 
191096 102838 103488 99927 
191097 97876 101090 97875 
191098 100165 100525 99915 
191099 98701 102564 101250 
191100 103607 103700 99489 
191101 98450 100506 100217 
191102 97505 101246 101245 
191103 103323 103423 99924 
191104 95283 103817 100780 
191105 97094 101773 100740 
191106 97725 102480 102126 
191107 99047 102951 99463 
191108 5068 100368 5069 
191109 96544 100444 96546 
191110 102973 103428 97215 
191111 100972 103860 100974 
191112 97476 101603 100427 
191113 96267 101148 100586 
191114 100674 103181 94556 
191115 97139 103007 101101 
191116 103438 103735 101010 
191117 100881 101598 100882 
191118 96389 101852 101270 
191119 100972 100974 100973 
191120 98151 100415 99945 
191121 97314 101206 100290 
191122 97771 100290 98942 
191123 101345 102737 98545 
191124 99650 102293 98224 
191125 99264 102135 99265 
191126 95709 100626 95799 
191127 98442 100581 100209 
191128 99888 100435 95538 
191129 96267 100586 96264 
191130 100324 104008 100323 
191131 98643 100664 99076 
191132 97008 101295 97010 
191133 98691 102493 101120 
191134 95927 100430 96979 
191135 97170 100955 97065 
191136 97124 101354 100621 
191137 100282 102390 98979 
191138 101484 103175 95214 
191139 98310 100536 100431 
191140 101073 101074 94475 
191141 97782 100415 98151 
191142 97048 102696 100133 
191143 99107 102956 100081 
191144 96107 101332 96111 
191145 97467 101110 99863 
191146 100164 103741 99931 
191147 101051 101053 101052 
191148 100394 102523 100417 
191149 96524 101453 100581 
191150 98456 103775 98393 
191151 99774 102147 100242 
191152 101631 102264 99159 
191153 99265 102135 101382 
191154 102620 102824 99472 
191155 100426 101988 99208 
191156 98670 102504 99337 
191157 100045 103148 96898 
191158 100195 101955 97340 
191159 97217 101148 96269 
191160 94683 100482 94681 
191161 95921 100800 95919 
191162 97766 102277 101506 
191163 97875 101090 101087 
191164 97078 102297 101107 
191165 94504 101588 100874 
191166 99579 103991 99816 
191167 98824 100939 98810 
191168 99960 103810 97655 
191169 100945 101301 98148 
191170 101806 102279 97400 
191171 95165 100434 99175 
191172 101057 102272 98998 
191173 103710 103739 102538 
191174 100937 102828 100936 
191175 100021 100023 99943 
191176 96836 102435 97398 
191177 101111 101112 99584 
191178 100107 103180 103104 
191179 96525 101476 100506 
191180 100537 102647 96008 
191181 101371 102540 98235 
191182 94971 100407 94979 
191183 96316 100352 96318 
191184 103169 103222 95802 
191185 100800 101864 96119 
191186 95262 100894 97648 
191187 100629 100630 95713 
191188 100382 101678 94521 
191189 95656 102381 95640 
191190 95943 100448 96998 
191191 95644 100306 95648 
191192 100454 101730 98005 
191193 96117 102618 102526 
191194 102619 102669 99342 
191195 101094 103653 99181 
191196 100208 100306 99046 
191197 100527 102425 97158 
191198 100020 102617 100022 
191199 101196 101778 95476 
191200 101633 102308 98144 
191201 103149 103253 100416 
191202 101085 101832 96393 
191203 97371 101152 96254 
191204 97401 101657 100500 
191205 96819 102422 96818 
191206 100990 101811 98333 
191207 95408 102582 95409 
191208 99592 103760 101014 
191209 99531 103975 101596 
191210 100438 101203 100441 
191211 97244 100858 97809 
191212 101162 104079 101202 
191213 100528 100530 94912 
191214 101456 101458 97925 
191215 100857 100859 100858 
191216 101458 101790 97925 
191217 102405 103091 95806 
191218 98268 100483 99327 
191219 98207 100681 98208 
191220 102479 102910 100954 
191221 95719 100270 100269 
191222 102992 104026 101235 
191223 101312 102013 97973 
191224 95972 101170 95969 
191225 102975 103481 99957 
191226 97267 102103 101322 
191227 100684 102308 101633 
191228 99456 102971 101063 
191229 100508 101873 98293 
191230 100930 102013 101312 
191231 95551 101118 98275 
191232 100980 101744 94798 
191233 97849 101013 98260 
191234 101749 103393 97795 
191235 100304 100993 98396 
191236 97848 100973 98123 
191237 97893 100673 97892 
191238 100673 100674 98614 
191239 100747 102587 97398 
191240 101451 103383 99333 
191241 96644 100318 100317 
191242 98911 102466 99874 
191243 100379 100380 97260 
191244 99549 103635 100859 
191245 100519 100521 100520 
191246 100462 100472 97900 
191247 102265 102358 99301 
191248 100654 100656 100655 
191249 100580 103422 100840 
191250 95987 101039 95985 
191251 97314 100290 97771 
191252 96144 101052 96192 
191253 95263 100894 95262 
191254 95977 100899 95976 
191255 100046 102255 101789 
191256 100511 100512 100510 
191257 98824 100940 100939 
191258 97615 100491 97617 
191259 101036 101630 99091 
191260 100486 100487 98101 
191261 103053 103468 94770 
191262 98310 101043 100536 
191263 94756 100482 94683 
191264 95359 101058 95558 
191265 101318 102003 100092 
191266 100430 100431 96979 
191267 100096 103190 103000 
191268 98343 101160 100374 
191269 101233 101234 96039 
191270 97276 100471 97663 
191271 100889 102003 101318 
191272 102893 102918 98923 
191273 97400 101807 101806 
191274 100078 103016 94457 
191275 97218 101173 100505 
191276 100858 100859 97809 
191277 101364 102109 100996 
191278 95623 100450 98409 
191279 94540 103373 101820 
191280 100633 100634 95720 
191281 103658 103908 95424 
191282 99446 103233 99445 
191283 94551 103297 101088 
191284 101115 102802 101114 
191285 96279 101791 97331 
191286 98306 103365 100425 
191287 100640 100654 100644 
191288 95775 100311 95804 
191289 100806 103347 99428 
191290 101619 102222 97984 
191291 98588 101698 98586 
191292 99485 101623 98188 
191293 100497 100498 99408 
191294 99098 102109 101364 
191295 97664 101623 100532 
191296 100666 100812 96950 
191297 100161 103487 94736 
191298 101503 103235 99491 
191299 100380 103416 98082 
191300 96602 100933 96604 
191301 100159 103001 98910 
191302 98310 100431 100430 
191303 100480 102442 98156 
191304 101159 102432 96448 
191305 100385 103254 101020 
191306 95882 101007 96218 
191307 96218 101007 97545 
191308 100311 101339 95804 
191309 100255 102618 96117 
191310 96453 101310 96451 
191311 100459 102363 96394 
191312 101336 102366 100160 
191313 103341 103626 100901 
191314 95909 101117 100787 
191315 95789 101363 95756 
191316 100516 101798 97038 
191317 100466 100474 100472 
191318 97224 101936 97029 
191319 99064 101664 100428 
191320 100943 102222 101619 
191321 100898 101986 98482 
191322 100463 100472 100462 
191323 100510 100512 98943 
191324 100513 100514 98943 
191325 96753 101042 101041 
191326 99237 102854 102226 
191327 100922 100923 100921 
191328 100176 101672 96410 
191329 94979 100407 94994 
191330 97539 103873 100016 
191331 96262 100586 97198 
191332 100404 102455 101082 
191333 97213 102901 102696 
191334 100825 100826 95242 
191335 95991 100766 95990 
191336 95574 100499 99030 
191337 98033 100260 99025 
191338 97401 101912 100547 
191339 96318 100352 97635 
191340 100848 101647 99198 
191341 100675 101968 96455 
191342 101780 103294 99255 
191343 100240 103775 100239 
191344 101283 103214 98197 
191345 99205 102998 99206 
191346 101126 101127 99232 
191347 102443 102633 95563 
191348 98963 102414 100386 
191349 100678 103636 101442 
191350 100767 101986 100898 
191351 101576 103181 100781 
191352 100783 102455 100406 
191353 95572 101789 95344 
191354 100559 103195 100560 
191355 95713 100630 95715 
191356 100595 102709 99220 
191357 101563 103793 100819 
191358 98531 100569 100568 
191359 99311 102578 101638 
191360 100491 100494 97617 
191361 96546 100444 97431 
191362 100486 100490 100487 
191363 100980 100982 100981 
191364 100770 100771 100769 
191365 95486 100809 95736 
191366 100543 100544 99071 
191367 97302 100564 98079 
191368 95379 101656 95397 
191369 97813 100451 99022 
191370 100442 100444 100439 
191371 97198 100586 100327 
191372 95711 100629 95713 
191373 100519 100520 100193 
191374 96445 100669 95260 
191375 98842 102347 101342 
191376 100358 100908 97695 
191377 99763 102448 98638 
191378 97126 102957 100178 
191379 102714 103357 101472 
191380 101480 102258 95408 
191381 97413 100444 96544 
191382 98517 101608 101000 
191383 101699 103267 94455 
191384 98887 103003 101505 
191385 96040 101233 96039 
191386 99621 103754 99622 
191387 97881 100497 99408 
191388 96429 101543 101093 
191389 97543 100407 94971 
191390 98428 102734 102522 
191391 98181 102314 100637 
191392 95720 100634 95722 
191393 97505 101245 101244 
191394 99117 103324 99280 
191395 100547 100548 97511 
191396 96442 102247 102138 
191397 98123 100973 99613 
191398 101186 101188 101187 
191399 98478 100519 100193 
191400 96455 101968 101378 
191401 101264 102545 96432 
191402 100349 103340 100347 
191403 100554 100555 97485 
191404 100874 101588 101314 
191405 97672 100510 98943 
191406 98294 100468 100467 
191407 99076 100664 100659 
191408 99027 102868 102812 
191409 101448 103739 99898 
191410 100064 103129 97088 
191411 95686 103602 100054 
191412 97382 100352 96316 
191413 100452 100934 100451 
191414 101177 102742 5173 
191415 101154 101364 96589 
191416 96244 101764 97441 
191417 98561 101918 101495 
191418 99575 101823 99866 
191419 100785 100786 95104 
191420 100570 100571 97668 
191421 102374 102531 97509 
191422 100509 100564 96383 
191423 101533 102361 99089 
191424 97403 101086 98198 
191425 102130 102392 100043 
191426 96736 102843 100132 
191427 98592 101337 97444 
191428 101085 101642 99668 
191429 101134 101135 96217 
191430 97599 100462 97900 
191431 97995 101111 99584 
191432 95420 103713 101929 
191433 95889 101488 101064 
191434 103299 103314 101070 
191435 95243 100825 95242 
191436 98364 101126 99232 
191437 94517 102698 101188 
191438 96396 102233 100186 
191439 101442 103636 94432 
191440 97702 100579 100578 
191441 99493 100678 98465 
191442 95732 100624 95781 
191443 95804 101339 95861 
191444 96036 101235 96035 
191445 97635 102408 100777 
191446 5215 103783 100489 
191447 95393 101712 95404 
191448 97196 100563 98312 
191449 101032 103876 98098 
191450 95596 100922 100920 
191451 98201 101602 100354 
191452 99993 103026 100540 
191453 99958 102907 102847 
191454 97827 100777 98828 
191455 97990 102327 97987 
191456 100496 101557 100058 
191457 97692 101121 100299 
191458 97691 101767 100841 
191459 100088 100483 98268 
191460 100337 101793 101792 
191461 94501 101583 100294 
191462 95494 100682 95575 
191463 98318 101788 97212 
191464 103443 103518 99873 
191465 97542 101226 101225 
191466 100555 100991 100559 
191467 99264 102614 102135 
191468 100426 103886 99607 
191469 101597 103799 100731 
191470 100817 102225 95897 
191471 97753 100578 98315 
191472 95854 100281 100280 
191473 94865 101676 94864 
191474 98773 102464 101515 
191475 99266 101834 100862 
191476 101382 102407 99265 
191477 96336 101355 97678 
191478 98146 100543 99071 
191479 97456 100542 96229 
191480 97875 101087 101086 
191481 97613 100486 98101 
191482 100044 103431 97651 
191483 101241 103014 100244 
191484 98939 100599 97936 
191485 101030 101720 101029 
191486 101696 103519 103376 
191487 97324 101735 100563 
191488 96723 101121 97692 
191489 94874 100509 96383 
191490 97010 101295 97294 
191491 95362 100545 95254 
191492 99608 103681 101777 
191493 97723 101377 97299 
191494 95818 100311 95775 
191495 101214 102332 96357 
191496 98744 102425 100527 
191497 99017 100981 100128 
191498 100428 101664 97854 
191499 97368 101673 96850 
191500 100562 103643 103197 
191501 101534 102958 100523 
191502 96028 100808 96185 
191503 100912 101782 99000 
191504 96081 101134 96217 
191505 98511 101715 98508 
191506 97385 100603 100602 
191507 95648 100306 100208 
191508 96345 101353 97671 
191509 100571 100997 100575 
191510 99028 100846 100845 
191511 100169 100176 96416 
191512 101138 102050 98533 
191513 96371 101709 97267 
191514 99410 102585 99411 
191515 100404 101082 100407 
191516 96575 103078 100210 
191517 100390 103576 96436 
191518 100531 100962 97060 
191519 100034 103908 103658 
191520 97431 101663 96548 
191521 99254 103313 103130 
191522 96993 101995 97695 
191523 94870 100522 94909 
191524 98378 100591 99512 
191525 100066 102355 100068 
191526 99140 102544 100052 
191527 101600 102345 98640 
191528 96928 101337 100906 
191529 100826 101351 95242 
191530 100683 102050 101138 
191531 97454 101315 97356 
191532 95129 103162 102549 
191533 95724 100638 95727 
191534 100590 102395 96788 
191535 101274 102605 101757 
191536 95116 103478 100189 
191537 100827 102968 98997 
191538 101083 101238 96065 
191539 97408 100654 100639 
191540 96403 101610 101122 
191541 97648 103245 98897 
191542 103517 103541 99277 
191543 100554 100991 100555 
191544 100503 102513 94425 
191545 97248 100526 97703 
191546 98902 100621 100588 
191547 94885 100528 94912 
191548 96840 101773 97094 
191549 96612 101228 99272 
191550 96136 100684 95832 
191551 100920 100922 100921 
191552 97360 100598 98220 
191553 99806 103057 100254 
191554 101184 103275 99497 
191555 95717 100633 95720 
191556 95583 100618 95633 
191557 102696 102901 100133 
191558 96353 101358 97453 
191559 96814 103180 100107 
191560 99055 103801 100852 
191561 101483 102243 97631 
191562 95802 103222 101299 
191563 100481 102451 96515 
191564 101027 103758 96283 
191565 100977 100978 99062 
191566 96927 103069 100106 
191567 100055 103128 94552 
191568 99887 103394 103335 
191569 96532 102374 96534 
191570 96383 100564 97302 
191571 95569 100852 95305 
191572 96731 101069 100445 
191573 100623 100624 95622 
191574 95968 101169 101168 
191575 96156 101052 96144 
191576 100372 102419 100129 
191577 100570 100997 100571 
191578 101590 103255 100677 
191579 101265 101373 96616 
191580 97571 102264 101631 
191581 100181 104058 103511 
191582 100241 103037 96010 
191583 96796 103027 101521 
191584 101811 102853 100079 
191585 100639 100654 100640 
191586 101632 102419 99176 
191587 96703 100589 98229 
191588 96901 101585 100688 
191589 101136 101740 94597 
191590 100177 101936 101268 
191591 98869 102635 101629 
191592 102828 102897 100936 
191593 98357 100863 100582 
191594 98401 100675 94834 
191595 100252 101293 98295 
191596 101246 101540 101249 
191597 98496 100566 99850 
191598 100765 101040 100766 
191599 100121 100206 100122 
191600 96332 100547 97511 
191601 98198 101086 100453 
191602 101795 102665 99448 
191603 96322 100777 97827 
191604 99981 104064 95648 
191605 96980 101873 101732 
191606 99327 103855 103516 
191607 100979 100980 99058 
191608 100768 100770 100769 
191609 100671 100672 97946 
191610 96214 100815 96051 
191611 97357 101310 96453 
191612 100654 100655 100644 
191613 100167 102824 98746 
191614 98355 100865 100864 
191615 98410 102440 97709 
191616 102419 102558 99176 
191617 97869 101475 100314 
191618 95147 101526 95145 
191619 97529 100760 98251 
191620 96341 100554 97485 
191621 95760 101542 95848 
191622 98651 102010 101768 
191623 98592 102662 101337 
191624 98424 100680 100679 
191625 101020 103821 94460 
191626 95826 100943 95778 
191627 100766 101038 95990 
191628 100451 100934 99022 
191629 102664 102989 96259 
191630 98902 100588 98351 
191631 96788 102395 96783 
191632 98618 101346 100295 
191633 99820 103521 101385 
191634 101052 101053 96192 
191635 98827 100620 100502 
191636 96234 100957 100956 
191637 101231 101232 96043 
191638 100827 102562 96398 
191639 96507 101667 101643 
191640 95596 100920 95326 
191641 100764 100765 95994 
191642 100420 102637 94576 
191643 96396 101628 96186 
191644 94910 100789 100788 
191645 96624 101251 99279 
191646 94540 103390 101415 
191647 100258 101315 98242 
191648 99496 100272 100228 
191649 100580 100840 100839 
191650 97101 100770 100768 
191651 101169 102952 101172 
191652 101511 103945 98578 
191653 98368 103339 100099 
191654 97421 101346 97785 
191655 96349 100570 97668 
191656 99435 102648 101785 
191657 94981 100587 94959 
191658 96942 101530 98412 
191659 95589 100623 95622 
191660 100087 100622 99908 
191661 99019 100981 99017 
191662 99364 102439 100319 
191663 100580 100839 98315 
191664 97519 100817 95902 
191665 100026 103398 103106 
191666 99447 103223 101928 
191667 5422 102298 100263 
191668 97275 100471 97276 
191669 97536 101293 97293 
191670 100578 100579 98315 
191671 99063 100977 99062 
191672 98812 100939 100938 
191673 100291 100669 96445 
191674 94832 100993 96454 
191675 97301 100848 94876 
191676 98532 103915 103830 
191677 101228 101891 99272 
191678 100532 101623 100534 
191679 95622 100624 95732 
191680 101587 102116 99518 
191681 100294 103255 94501 
191682 96021 100864 97370 
191683 102851 103723 99325 
191684 101005 102353 101007 
191685 100862 101834 98153 
191686 100307 100458 96394 
191687 102694 102921 99506 
191688 102629 103851 102489 
191689 98428 100813 96705 
191690 96946 100666 96950 
191691 100643 100665 100648 
191692 97093 101026 95340 
191693 99945 100435 99888 
191694 101305 101350 96628 
191695 100823 100824 95246 
191696 96925 101160 97750 
191697 97969 101060 99253 
191698 97665 101623 97664 
191699 98205 100759 97991 
191700 95771 100927 96310 
191701 100025 104038 94592 
191702 95354 101147 101048 
191703 100261 100836 99025 
191704 99022 100934 100055 
191705 100621 101354 100588 
191706 99059 100979 99058 
191707 96636 101271 98561 
191708 97385 100602 96361 
191709 94690 100613 96391 
191710 100782 100785 95016 
191711 98917 103926 100536 
191712 100950 101965 97072 
191713 103930 103955 102468 
191714 101821 102411 100041 
191715 95633 100618 97819 
191716 95309 102533 100803 
191717 98005 101730 95533 
191718 96753 101041 96694 
191719 103175 103360 95214 
191720 100302 100368 94531 
191721 100915 100916 95798 
191722 99217 102778 101030 
191723 94531 100368 5068 
191724 97408 100639 96365 
191725 100279 101674 96974 
191726 94969 100401 97543 
191727 101139 102138 100262 
191728 101090 101091 101089 
191729 97711 101318 98264 
191730 95736 100809 100297 
191731 96375 101322 97155 
191732 100843 100844 96382 
191733 100099 103994 98368 
191734 97509 101203 96539 
191735 97101 100768 96828 
191736 101087 101090 101089 
191737 99937 100234 100091 
191738 100355 102560 95631 
191739 97238 100909 98347 
191740 100565 103669 99845 
191741 101232 102733 101233 
191742 100070 101363 98202 
191743 100384 101678 100382 
191744 94590 102768 5050 
191745 95968 101168 95965 
191746 101123 103989 100110 
191747 97241 100858 97244 
191748 95739 100930 95684 
191749 95940 101961 101833 
191750 100822 100959 94906 
191751 95145 101526 100836 
191752 96901 100688 96846 
191753 95834 100808 96028 
191754 99842 103900 100652 
191755 98678 103380 103154 
191756 96784 100805 98217 
191757 95164 101893 101141 
191758 95349 101211 95351 
191759 96818 102422 101486 
191760 97221 102361 101533 
191761 95400 101447 95057 
191762 100328 100329 100326 
191763 97505 101540 101246 
191764 98277 100829 100345 
191765 96561 100668 96737 
191766 94803 100983 94802 
191767 98712 101964 98714 
191768 101732 101873 100508 
191769 99663 103930 102468 
191770 94858 100450 94860 
191771 101629 102635 97114 
191772 97414 100956 98346 
191773 95843 102455 100783 
191774 102180 102720 100138 
191775 94985 100401 94967 
191776 95575 100682 98491 
191777 101927 102683 98950 
191778 96888 101389 101142 
191779 98726 100806 97747 
191780 97750 101160 98343 
191781 100375 102469 95364 
191782 101334 103919 94595 
191783 98716 103273 101437 
191784 96470 101491 96995 
191785 102845 103031 99157 
191786 96737 100687 96563 
191787 95810 101988 100426 
191788 97577 101075 98150 
191789 97734 101454 101204 
191790 98631 100773 100428 
191791 96737 104050 102202 
191792 97263 100762 96862 
191793 96856 101221 96899 
191794 101012 101013 96527 
191795 99332 103443 99873 
191796 100856 103747 99647 
191797 103135 103489 94535 
191798 95659 100881 95654 
191799 100460 104037 101004 
191800 94466 100436 5065 
191801 101149 101150 101044 
191802 94965 100396 94985 
191803 100564 100565 98079 
191804 98923 102918 98921 
191805 95876 100924 96290 
191806 101774 102690 99925 
191807 97102 100863 97622 
191808 97173 100889 96152 
191809 95923 100798 95921 
191810 99042 103049 100824 
191811 97258 100774 96866 
191812 98445 100891 96915 
191813 94850 100499 94852 
191814 96019 100892 95820 
191815 100314 102732 100315 
191816 101311 101784 98647 
191817 97820 100569 97821 
191818 96900 102071 96894 
191819 95825 100814 98355 
191820 99765 102945 102576 
191821 95607 101557 100496 
191822 99135 104044 101605 
191823 95929 100430 95927 
191824 94927 101062 98448 
191825 100807 100808 95834 
191826 94910 100788 94714 
191827 98338 100911 100910 
191828 5065 100436 5066 
191829 98747 100802 97897 
191830 98586 102017 97049 
191831 96164 101151 101035 
191832 97741 102345 101600 
191833 97663 100471 100464 
191834 101250 101683 98706 
191835 100593 100757 99149 
191836 101384 103471 99661 
191837 96426 101573 96423 
191838 95945 100448 95943 
191839 98812 100938 98814 
191840 95593 100927 95771 
191841 94806 100983 94803 
191842 100838 102835 99718 
191843 95139 100837 95137 
191844 101309 101686 96376 
191845 102692 102877 97184 
191846 99129 101012 94840 
191847 95079 101550 95509 
191848 101307 101308 100834 
191849 100076 100366 100077 
191850 101768 102010 96816 
191851 101916 101991 98673 
191852 97941 100596 97940 
191853 98819 100936 100935 
191854 96469 102090 101491 
191855 96398 100820 94718 
191856 100181 103511 99841 
191857 95153 101118 95151 
191858 100194 102598 98727 
191859 94967 100401 94969 
191860 100458 102787 100459 
191861 99526 100861 99531 
191862 99920 99921 99919 
191863 96440 101537 95085 
191864 100181 103086 5329 
191865 95565 101784 101311 
191866 100676 100677 98460 
191867 98236 102205 100021 
191868 96231 101176 101175 
191869 95030 100251 95019 
191870 101166 101295 97008 
191871 95550 101668 95547 
191872 96253 100563 97196 
191873 99964 101022 98477 
191874 102741 103876 101032 
191875 101251 101905 99279 
191876 100847 101118 95153 
191877 95155 100847 95153 
191878 100479 100480 98156 
191879 100898 102962 100899 
191880 99352 101796 98258 
191881 94570 101487 101383 
191882 95915 100600 95914 
191883 99209 102760 101716 
191884 100767 100898 95980 
191885 100028 103052 98228 
191886 100218 103535 101559 
191887 99269 100988 100987 
191888 102356 102499 98183 
191889 97352 100578 97753 
191890 97031 101936 97034 
191891 98480 100664 98643 
191892 95167 100434 95165 
191893 102695 103373 98200 
191894 94906 100959 94722 
191895 95113 101742 95120 
191896 97509 102531 100441 
191897 96878 100828 97298 
191898 100872 100924 95797 
191899 100978 102712 94794 
191900 98654 102243 101483 
191901 100387 103073 102781 
191902 96061 100843 96382 
191903 94637 101331 96760 
191904 100775 100776 95385 
191905 97182 102358 102265 
191906 97947 100671 97946 
191907 97584 100396 94963 
191908 96882 100842 97364 
191909 100262 102259 95557 
191910 98449 100961 95466 
191911 95879 100853 96399 
191912 96585 100992 96592 
191913 101015 101016 99166 
191914 98044 101449 98043 
191915 99520 102060 101904 
191916 100975 100976 99125 
191917 96928 100906 96778 
191918 99757 103551 98471 
191919 102267 103926 98917 
191920 96597 100996 96740 
191921 96207 101003 101002 
191922 95688 100942 99144 
191923 98424 100679 98425 
191924 101077 102225 100817 
191925 96776 100907 96931 
191926 98357 100582 98550 
191927 95939 100670 95938 
191928 95232 102628 95229 
191929 101113 101116 100928 
191930 98202 101363 95789 
191931 101034 102646 100546 
191932 95995 100764 95994 
191933 100778 100780 99449 
191934 94902 100888 94730 
191935 95955 100683 95954 
191936 101192 101369 101368 
191937 100116 102800 101342 
191938 98428 102522 100813 
191939 100917 103613 100915 
191940 96071 100855 96954 
191941 95822 100864 96021 
191942 100994 101664 99064 
191943 100317 100318 100050 
191944 97503 101643 100408 
191945 97936 100599 97522 
191946 99184 102509 102186 
191947 101446 103421 96902 
191948 96431 100850 95061 
191949 101316 102327 97990 
191950 95832 100684 95784 
191951 94866 101616 96436 
191952 97038 101798 97041 
191953 100538 100539 98939 
191954 96111 101971 96113 
191955 101628 102207 97373 
191956 96044 101231 96043 
191957 100841 101767 98540 
191958 96075 100860 96222 
191959 102810 103140 99659 
191960 98810 100939 98812 
191961 96309 100871 95772 
191962 96461 101349 96129 
191963 100325 103981 97198 
191964 96413 101093 96419 
191965 95501 100866 95065 
191966 95981 100767 95980 
191967 5439 102659 94491 
191968 98421 102645 99002 
191969 97463 101110 97467 
191970 95767 100872 95797 
191971 98328 101109 99590 
191972 100109 103116 95588 
191973 100692 100886 100742 
191974 100489 103718 5215 
191975 94645 102459 97713 
191976 97469 104072 100114 
191977 96208 100909 97238 
191978 97395 101046 98931 
191979 98387 101239 96450 
191980 100431 103926 98929 
191981 98677 102359 101659 
191982 96025 100879 96234 
191983 101832 102059 96393 
191984 96196 100956 97414 
191985 98567 101144 98568 
191986 100631 100632 95831 
191987 95183 100772 95182 
191988 97622 100863 98357 
191989 96909 101030 101029 
191990 94797 101510 94800 
191991 96432 100887 95069 
191992 99878 103468 103053 
191993 102362 102995 100475 
191994 95797 100924 95876 
191995 100635 100636 95821 
191996 100798 100800 95921 
191997 100587 103448 100395 
191998 100942 101619 99144 
191999 97716 101111 97995 
192000 100000 103835 99324 
192001 95247 100823 95246 
192002 101740 103430 94486 
192003 100981 100982 100128 
192004 96619 101288 96617 
192005 101427 103651 103382 
192006 94583 101254 101061 
192007 101439 101440 96154 
192008 103945 103978 98578 
192009 96217 100895 96083 
192010 94880 101676 94865 
192011 97161 101211 95349 
192012 101060 101061 99253 
192013 98338 100910 98060 
192014 101009 101010 100148 
192015 96018 103124 96171 
192016 96994 100908 97195 
192017 100944 100945 98148 
192018 95075 101025 96435 
192019 95966 102045 101984 
192020 102342 102972 98017 
192021 100864 100865 97370 
192022 101054 101284 96192 
192023 99029 100846 99028 
192024 96754 100925 96087 
192025 96450 101239 95236 
192026 96158 101080 96157 
192027 95004 100782 95016 
192028 99985 101074 101073 
192029 102603 103192 100905 
192030 96221 101625 100990 
192031 101444 102363 100797 
192032 96729 101603 97476 
192033 100973 100974 99613 
192034 97513 101075 97577 
192035 100318 100773 100050 
192036 101271 101918 98561 
192037 96409 101122 96429 
192038 100123 103976 95596 
192039 100671 100781 100672 
192040 98032 100870 98215 
192041 95555 101482 101072 
192042 98940 103343 100414 
192043 100815 101498 100814 
192044 98017 102972 102490 
192045 96444 101224 98545 
192046 100602 100656 97408 
192047 96328 101657 97401 
192048 98363 100971 97868 
192049 101036 101037 96388 
192050 95176 101179 101178 
192051 98706 101185 98707 
192052 95778 100943 95744 
192053 98943 100514 98134 
192054 97544 101230 96260 
192055 94923 101062 94927 
192056 96694 101041 96696 
192057 96020 101129 96151 
192058 103730 103748 101601 
192059 100634 100637 100635 
192060 98819 100935 98816 
192061 101491 102090 100191 
192062 94894 101028 94750 
192063 94461 101419 101408 
192064 94576 102637 5142 
192065 95707 100626 95709 
192066 97648 103261 103245 
192067 96200 101542 98129 
192068 99533 101073 100388 
192069 97885 101189 97483 
192070 96231 101175 96091 
192071 102458 102643 100105 
192072 96051 100815 95857 
192073 94876 100848 94877 
192074 99163 101015 99166 
192075 95666 101165 95681 
192076 101848 104002 99015 
192077 98266 100593 99149 
192078 99964 101023 101022 
192079 96221 100990 96220 
192080 103962 104041 102195 
192081 100683 101138 95954 
192082 99507 103589 98015 
192083 95780 100807 95834 
192084 101047 102761 95563 
192085 101777 103853 99608 
192086 100804 101207 98269 
192087 96741 101275 98687 
192088 99269 100987 98821 
192089 94822 101345 101224 
192090 94963 100396 94965 
192091 100853 101754 96399 
192092 101718 102461 101717 
192093 103118 103352 99011 
192094 98459 100676 98460 
192095 101078 101492 101276 
192096 100526 101443 97703 
192097 94812 100885 94813 
192098 96207 101002 96097 
192099 96274 100926 96273 
192100 94834 100675 94835 
192101 98915 102816 102693 
192102 94663 101439 96154 
192103 101354 102166 101948 
192104 100407 101082 94994 
192105 95721 104045 100270 
192106 96691 101095 96598 
192107 96303 101835 100909 
192108 100111 103258 99847 
192109 96138 101489 101006 
192110 96680 100896 96681 
192111 102436 103168 99548 
192112 98252 100818 99219 
192113 100931 100932 96743 
192114 95660 101140 95685 
192115 101050 101051 96473 
192116 100182 103166 94786 
192117 99496 102791 100272 
192118 99206 101078 98040 
192119 100415 103149 100416 
192120 96977 101027 96101 
192121 96617 101288 96745 
192122 100894 104007 97648 
192123 97925 101808 101456 
192124 97700 103074 101409 
192125 95271 100775 95385 
192126 96666 101275 96741 
192127 101142 104056 101446 
192128 97161 101736 101023 
192129 100956 100957 98346 
192130 94659 101438 94661 
192131 97952 100519 98478 
192132 97977 101021 97903 
192133 100367 103666 99605 
192134 99337 102504 101772 
192135 96000 100873 96452 
192136 98330 100890 98332 
192137 94826 101224 96444 
192138 100157 103506 96388 
192139 99272 102572 101265 
192140 95959 101166 97008 
192141 101456 101808 98607 
192142 95790 101227 95819 
192143 97727 102378 101182 
192144 98515 101000 98524 
192145 97594 101096 97164 
192146 100249 102630 98463 
192147 98375 100591 98378 
192148 95091 100816 96442 
192149 101809 102413 99242 
192150 95301 100851 95508 
192151 101066 102817 98005 
192152 101197 101678 100384 
192153 95874 101129 96020 
192154 101124 101125 98399 
192155 102359 102970 101659 
192156 95887 101064 96138 
192157 94829 100993 94832 
192158 98938 100538 98939 
192159 102736 103481 102975 
192160 98747 101948 100802 
192161 99133 100311 100171 
192162 101332 101971 96111 
192163 97505 101244 96288 
192164 95484 100809 95486 
192165 96705 100813 96706 
192166 98477 101022 98474 
192167 99501 103170 101554 
192168 101128 102893 102860 
192169 97542 101225 95001 
192170 100247 103293 100051 
192171 95307 100868 95569 
192172 100387 102781 96310 
192173 99045 101216 101215 
192174 98019 101113 100928 
192175 100556 101353 97485 
192176 94680 101630 101036 
192177 94840 101012 94841 
192178 100483 100484 99327 
192179 97174 101242 97427 
192180 100627 100628 95799 
192181 95619 101070 96526 
192182 95436 101991 101916 
192183 100613 104017 99807 
192184 102429 103078 96690 
192185 100784 103150 100786 
192186 97562 101262 97565 
192187 99237 101747 98567 
192188 95260 100669 95257 
192189 101055 102768 94590 
192190 100549 101355 97511 
192191 96454 100993 100304 
192192 96669 100998 96672 
192193 100512 100513 98943 
192194 100747 102435 102268 
192195 100345 103264 97141 
192196 98046 100778 99449 
192197 95557 102259 101223 
192198 96792 102805 101517 
192199 100572 101358 97668 
192200 100625 100626 95707 
192201 95902 100817 95899 
192202 99129 101013 101012 
192203 95322 100919 95573 
192204 95193 101200 97005 
192205 97353 100760 97529 
192206 100761 102986 100126 
192207 96953 101377 97218 
192208 100186 102207 101628 
192209 96411 101093 96413 
192210 101168 101172 101167 
192211 100579 100580 98315 
192212 100050 100773 98631 
192213 97675 100471 97275 
192214 94549 102937 100090 
192215 97780 101471 94854 
192216 97593 101470 94846 
192217 100517 100518 96030 
192218 100552 101355 100549 
192219 98326 101109 98328 
192220 95095 101139 95557 
192221 98354 101477 98831 
192222 95492 100682 95494 
192223 98578 103978 101524 
192224 100561 101353 100556 
192225 99045 101215 98379 
192226 98353 100900 98902 
192227 101302 101796 99352 
192228 96894 102071 101441 
192229 101833 101961 101220 
192230 97355 100598 97360 
192231 95938 101150 101149 
192232 94819 101004 94822 
192233 101788 102276 96427 
192234 97633 100510 97672 
192235 102568 103694 103549 
192236 99126 100975 99125 
192237 95658 101140 95660 
192238 98543 101899 97499 
192239 95164 101141 95161 
192240 95547 101668 97655 
192241 98499 100973 97848 
192242 99997 100152 99996 
192243 99901 101008 99900 
192244 95352 101048 95564 
192245 95756 101363 95752 
192246 100976 102997 94790 
192247 98413 101240 94915 
192248 100576 101358 100572 
192249 95588 103116 97824 
192250 96288 101244 96296 
192251 98018 100928 98794 
192252 95266 100894 95263 
192253 96437 101046 97395 
192254 99519 103648 99518 
192255 97714 100497 97881 
192256 100259 102426 97182 
192257 97734 101204 97737 
192258 101275 102617 98687 
192259 100146 101009 100148 
192260 99802 102795 100681 
192261 100421 101792 97331 
192262 96190 101128 96758 
192263 100174 103859 94666 
192264 101810 102288 96418 
192265 96805 101001 96804 
192266 98166 100614 98579 
192267 102522 102734 99488 
192268 95458 101453 96524 
192269 96001 101296 100873 
192270 100568 103820 94563 
192271 98989 101045 99582 
192272 100472 100473 97900 
192273 101169 101172 101168 
192274 101495 101918 99065 
192275 96523 101260 98436 
192276 95438 100999 95439 
192277 98159 101084 99183 
192278 97924 100944 98148 
192279 95254 100545 95252 
192280 95464 101476 96525 
192281 95664 101165 95666 
192282 95684 100930 95680 
192283 96260 101230 96049 
192284 96312 101255 95777 
192285 97648 104007 103261 
192286 98572 101258 94973 
192287 97681 101646 97007 
192288 96909 101029 96910 
192289 99121 101268 99926 
192290 98473 101263 96553 
192291 100080 103529 94893 
192292 101250 102564 101752 
192293 98465 100678 98462 
192294 101246 101247 101245 
192295 100788 100827 96398 
192296 97483 101189 96691 
192297 98145 100543 98146 
192298 95938 101149 95935 
192299 95861 101339 96153 
192300 96915 100891 96916 
192301 101086 101087 100453 
192302 97361 101086 97403 
192303 96166 101035 96301 
192304 94682 101036 96388 
192305 97653 100451 97813 
192306 95883 101007 95882 
192307 97123 101063 97300 
192308 100856 100857 97240 
192309 97695 100908 96994 
192310 98366 101126 98364 
192311 96192 101284 96054 
192312 101694 102557 101692 
192313 95041 101642 101085 
192314 95820 100892 95817 
192315 95654 100881 95652 
192316 96152 100889 96150 
192317 94518 102961 100227 
192318 98802 101218 101217 
192319 97955 101513 95488 
192320 96405 101122 96409 
192321 100533 101205 98487 
192322 98269 101207 97883 
192323 100487 100488 98101 
192324 98435 103415 100158 
192325 95001 101225 95013 
192326 97727 101182 97728 
192327 100939 102547 100938 
192328 100678 101442 100676 
192329 102102 102112 96678 
192330 95366 101058 95359 
192331 101383 101487 94604 
192332 96750 103583 100163 
192333 96121 102054 101285 
192334 97075 100950 97072 
192335 101438 101439 94661 
192336 101013 101014 98260 
192337 96640 101304 96644 
192338 96229 100542 96179 
192339 100315 102883 101298 
192340 101024 102123 95348 
192341 96609 100931 96743 
192342 96023 101206 96235 
192343 98532 103830 98443 
192344 97007 101646 97717 
192345 95176 101178 95173 
192346 101296 101297 100873 
192347 100661 102742 101177 
192348 101408 101419 101404 
192349 96762 101351 99409 
192350 94806 101753 100984 
192351 95182 101289 95179 
192352 99738 101889 101843 
192353 98447 101317 97396 
192354 94666 103539 100174 
192355 99280 103324 101512 
192356 100487 100489 100488 
192357 97531 101303 95022 
192358 98404 101321 100081 
192359 95705 100625 95707 
192360 96553 101263 96554 
192361 95788 101227 95790 
192362 96306 101374 98458 
192363 98007 102503 100880 
192364 98208 100681 98424 
192365 97946 100673 97893 
192366 95662 101079 95664 
192367 95452 101260 96523 
192368 97561 101262 97562 
192369 98057 100685 98529 
192370 98200 103373 103071 
192371 101005 101007 95883 
192372 100111 103315 97959 
192373 95466 100961 95467 
192374 101643 101667 100408 
192375 94557 104008 102452 
192376 96478 101336 96978 
192377 98397 101124 98399 
192378 96240 101272 96242 
192379 101212 101213 99099 
192380 94915 101240 94921 
192381 101542 102654 101541 
192382 97673 101056 98287 
192383 94910 101444 100790 
192384 100002 101916 98675 
192385 96238 101242 97174 
192386 95954 101201 95951 
192387 95035 101076 95695 
192388 101328 101501 101329 
192389 94973 101258 94983 
192390 97396 101317 96519 
192391 99088 101341 100082 
192392 101106 103290 94916 
192393 100448 101896 96998 
192394 95777 101255 95845 
192395 97522 100599 97524 
192396 96474 101050 96473 
192397 94548 103067 100498 
192398 96254 101152 96255 
192399 94444 101432 101431 
192400 97520 97522 97521 
192401 99601 101243 94775 
192402 100485 102399 5129 
192403 100224 101119 100225 
192404 97922 103872 103021 
192405 96747 101350 98279 
192406 96043 101233 96040 
192407 95994 100766 95991 
192408 99022 100055 99563 
192409 96701 100589 96703 
192410 5367 103741 100164 
192411 97324 102372 101735 
192412 101087 101088 100453 
192413 101294 103090 99466 
192414 97286 101721 96292 
192415 96594 100996 96597 
192416 95596 104055 100123 
192417 95022 101303 95102 
192418 96691 101189 101095 
192419 97608 101636 97606 
192420 95043 101085 96393 
192421 99261 101909 101473 
192422 97577 98145 97578 
192423 96224 100962 97320 
192424 96459 97361 96460 
192425 97513 97577 97514 
192426 100548 100549 97511 
192427 97663 100463 100462 
192428 100790 101444 100797 
192429 96886 101142 96902 
192430 96039 101235 96036 
192431 102258 102582 95408 
192432 98198 100452 100451 
192433 96218 97275 96219 
192434 95391 101469 95373 
192435 95980 100899 95977 
192436 101729 102185 99675 
192437 96971 97520 97519 
192438 97068 101880 97070 
192439 96137 97513 97512 
192440 96956 101500 97638 
192441 100724 101146 100723 
192442 96119 96459 96458 
192443 100685 103054 101982 
192444 96223 100962 96224 
192445 102974 102978 99331 
192446 101760 101762 98180 
192447 99279 102615 101305 
192448 101411 103289 98494 
192449 101486 103180 96818 
192450 95246 100825 95243 
192451 100555 100556 97485 
192452 97390 98051 97420 
192453 95602 102560 101921 
192454 98292 100490 100486 
192455 100473 100477 97900 
192456 102268 102435 97094 
192457 98215 99800 98216 
192458 95570 95611 95571 
192459 95611 95705 95612 
192460 98902 102510 100621 
192461 95541 95570 95542 
192462 95539 95541 95540 
192463 101766 102448 99763 
192464 100851 101259 95508 
192465 95882 96218 96136 
192466 97385 100604 100603 
192467 95749 103526 100970 
192468 101079 101165 95664 
192469 96138 101006 101005 
192470 100548 100550 100549 
192471 95497 101066 95500 
192472 95548 97390 96302 
192473 100712 101803 100709 
192474 97000 97355 97001 
192475 96746 101373 98400 
192476 95798 101886 95738 
192477 99119 101268 99121 
192478 95969 101170 95968 
192479 5137 101190 5138 
192480 5181 101155 5182 
192481 99005 101488 97512 
192482 97408 100656 100654 
192483 96019 101556 100892 
192484 101282 101283 97120 
192485 100555 100557 100556 
192486 98032 98215 98033 
192487 95990 101039 95987 
192488 95784 100684 100625 
192489 100604 100605 100603 
192490 98693 101120 99342 
192491 98826 100620 98827 
192492 98074 100829 98277 
192493 95555 101072 95601 
192494 101192 101368 101190 
192495 101158 101359 101155 
192496 100446 100447 97270 
192497 98282 100876 100875 
192498 95551 98032 97534 
192499 97010 97293 97011 
192500 95774 101637 95634 
192501 96998 97000 96999 
192502 98785 101130 99772 
192503 95238 101351 96762 
192504 5172 101177 5173 
192505 100571 100573 100572 
192506 96131 101575 96461 
192507 96755 101328 94631 
192508 96932 97356 96453 
192509 103516 103855 100248 
192510 97193 103875 100108 
192511 95716 101638 95714 
192512 101246 101248 101247 
192513 95678 100929 95682 
192514 97440 97533 97532 
192515 96760 101344 94639 
192516 100505 101173 100142 
192517 97316 102683 101927 
192518 100571 100572 97668 
192519 96975 97540 97539 
192520 95770 101081 95794 
192521 99285 100686 100685 
192522 97370 103909 97371 
192523 99104 99522 98242 
192524 5148 101181 5149 
192525 94958 94981 94959 
192526 101304 101495 100318 
192527 94952 94958 94953 
192528 97153 102185 101729 
192529 97002 100583 99143 
192530 94918 94923 94919 
192531 94923 94927 94924 
192532 96383 97302 97301 
192533 94927 94952 94928 
192534 98029 98057 98050 
192535 96115 101374 96306 
192536 101273 101274 98557 
192537 99233 103155 100810 
192538 97497 100462 97599 
192539 5183 101359 94536 
192540 97438 97440 97439 
192541 98383 101164 98909 
192542 96452 96453 96451 
192543 95659 101598 100881 
192544 97302 97436 97435 
192545 99908 100622 99906 
192546 97056 97353 97057 
192547 97831 100511 100510 
192548 5166 101198 5167 
192549 97892 98614 98295 
192550 97008 97010 97009 
192551 94912 94918 94913 
192552 98957 99311 98960 
192553 97218 101377 101173 
192554 99104 100218 99522 
192555 95650 100869 96139 
192556 96932 97454 97356 
192557 101202 104079 101115 
192558 95200 101993 101827 
192559 98315 100839 98193 
192560 94653 101787 97810 
192561 98808 101145 98824 
192562 96452 96932 96453 
192563 97436 97438 97437 
192564 96306 97421 96260 
192565 97801 98230 97802 
192566 98161 100883 99441 
192567 100964 100966 100965 
192568 94466 101334 100437 
192569 96778 100906 96772 
192570 100972 100973 98499 
192571 97353 97529 97057 
192572 95305 100852 95303 
192573 96780 100805 96784 
192574 94872 100509 94874 
192575 98618 99802 98207 
192576 96720 101121 96723 
192577 100907 102662 96931 
192578 97595 101137 97190 
192579 94868 100522 94870 
192580 98314 98907 98313 
192581 98311 100521 100519 
192582 99068 102737 101345 
192583 98157 99518 99517 
192584 100557 101067 100558 
192585 100814 101498 98355 
192586 97308 101573 96426 
192587 97056 97057 97055 
192588 95964 101167 101166 
192589 98311 100519 97952 
192590 96633 101350 96747 
192591 99650 102534 102293 
192592 96957 101547 96195 
192593 97986 99104 98242 
192594 96249 97324 96250 
192595 96171 96173 96172 
192596 98524 100964 100963 
192597 96173 96249 96174 
192598 96604 100933 100931 
192599 96989 97801 96990 
192600 96451 101310 100764 
192601 97813 99022 98027 
192602 97054 97056 97055 
192603 97293 97399 97011 
192604 95004 95016 95011 
192605 94997 95004 95003 
192606 97403 98198 97653 
192607 96000 96452 96451 
192608 98253 100818 98252 
192609 5139 101368 94492 
192610 95016 95026 95017 
192611 97810 101434 101433 
192612 99288 102703 101270 
192613 100944 100947 100946 
192614 98614 99838 98295 
192615 98312 98313 97702 
192616 98402 101321 98404 
192617 96121 101285 96293 
192618 101009 101365 101010 
192619 98407 99152 98408 
192620 96408 101672 97727 
192621 97169 102727 101045 
192622 100916 101886 95798 
192623 97010 97011 97009 
192624 103625 103637 99865 
192625 97512 101488 95894 
192626 98096 101212 99099 
192627 96733 100856 97240 
192628 97658 98252 97657 
192629 96488 101292 97374 
192630 95103 95117 95105 
192631 95623 98407 98406 
192632 95026 95103 95027 
192633 101057 101058 95366 
192634 96095 101174 96207 
192635 94994 94997 94996 
192636 100464 100465 100463 
192637 100618 100619 100617 
192638 97361 97403 96460 
192639 98372 98373 98371 
192640 97355 97360 97001 
192641 99198 100529 100528 
192642 97003 99659 97004 
192643 99937 100090 99087 
192644 97545 97675 97275 
192645 98370 98371 95362 
192646 97360 98220 97714 
192647 98146 99071 98288 
192648 96944 100666 96946 
192649 98159 99183 98102 
192650 97648 98897 96445 
192651 95117 95378 95118 
192652 95706 95784 95705 
192653 98907 99822 99351 
192654 101217 101219 101145 
192655 94883 100528 94885 
192656 5182 101359 5183 
192657 99111 101270 101137 
192658 98150 99235 98145 
192659 97000 97001 96999 
192660 100600 102757 95914 
192661 99101 102560 100355 
192662 96766 101384 97696 
192663 97246 100526 97248 
192664 97093 102255 100424 
192665 98336 101267 98338 
192666 97276 97663 97497 
192667 101469 101661 101465 
192668 99002 102645 102536 
192669 98278 100912 99000 
192670 98009 99228 98008 
192671 96459 96460 96458 
192672 99842 100181 99841 
192673 98123 99081 99080 
192674 5087 102474 94589 
192675 100328 100330 100329 
192676 97881 99408 98166 
192677 96828 100768 96826 
192678 97676 98008 97675 
192679 97523 97936 97522 
192680 99236 99748 99235 
192681 97196 97702 97197 
192682 100467 100469 100465 
192683 97878 100566 98496 
192684 97970 101060 97969 
192685 95785 95832 95784 
192686 98618 100294 99802 
192687 98487 101205 98485 
192688 100644 100645 100642 
192689 97692 98440 98439 
192690 97831 100510 97633 
192691 97506 98102 95538 
192692 100607 100609 100605 
192693 95833 95882 95832 
192694 98526 98957 98525 
192695 94987 94998 94986 
192696 99749 100356 99748 
192697 96303 102643 102458 
192698 97399 97831 97633 
192699 98351 100588 98234 
192700 100545 100546 96441 
192701 5150 101402 94579 
192702 97525 101481 95480 
192703 95527 95587 95528 
192704 98043 101449 98947 
192705 96306 97424 97421 
192706 98220 100497 97714 
192707 97672 98943 98134 
192708 95587 100623 95589 
192709 97522 97524 97521 
192710 98377 100591 98375 
192711 96621 101373 96746 
192712 99698 102545 101264 
192713 94999 95009 94998 
192714 98531 100567 100566 
192715 97827 98826 98453 
192716 96079 101134 96081 
192717 95397 95527 95398 
192718 100178 103042 97126 
192719 95010 95019 95009 
192720 96021 96254 96022 
192721 96774 100907 96776 
192722 95574 99009 97780 
192723 98294 100471 97675 
192724 99613 99927 99081 
192725 97986 98242 97454 
192726 100639 100640 97326 
192727 97599 97900 97601 
192728 95127 95539 95126 
192729 96117 102713 100255 
192730 98884 101092 99591 
192731 97529 98251 97879 
192732 97238 97820 97239 
192733 5138 101368 5139 
192734 95822 96021 95826 
192735 99408 100614 98166 
192736 95588 97824 95587 
192737 94984 94986 94981 
192738 98489 101548 101547 
192739 98600 100593 98266 
192740 96770 101427 96773 
192741 102195 104041 99839 
192742 97848 98123 97589 
192743 97397 98311 97952 
192744 99144 100056 99145 
192745 95020 95028 95019 
192746 97753 98193 97754 
192747 97678 100991 100554 
192748 98193 99238 98194 
192749 98134 100514 98919 
192750 99241 100296 99771 
192751 98218 99937 99087 
192752 95029 95109 95028 
192753 99238 101291 101290 
192754 98478 100193 99615 
192755 99200 99993 98938 
192756 97048 103207 97022 
192757 98157 99517 97981 
192758 100646 102103 97267 
192759 98266 99149 98205 
192760 100149 103655 97089 
192761 101913 102251 96464 
192762 100031 103863 99754 
192763 96922 101160 96925 
192764 96208 97238 96214 
192765 101016 101017 99166 
192766 97962 98938 97936 
192767 99441 101493 98162 
192768 101599 102548 99531 
192769 95110 95126 95109 
192770 96762 96763 96450 
192771 97164 101096 96967 
192772 97597 98158 95597 
192773 100783 100784 100782 
192774 101053 101054 96192 
192775 98148 101301 98395 
192776 97611 100486 97613 
192777 99234 99966 98322 
192778 99022 99563 98027 
192779 97671 100997 100570 
192780 100213 102276 101788 
192781 96195 101547 98115 
192782 97605 98156 97607 
192783 97320 100962 98484 
192784 96000 96451 95998 
192785 97645 100760 97353 
192786 98198 100451 97653 
192787 96395 97589 95378 
192788 96115 96306 96260 
192789 100559 100560 100557 
192790 98561 101495 101304 
192791 103045 103983 97363 
192792 95732 95780 95733 
192793 95709 95799 95711 
192794 95895 96137 95894 
192795 97195 100908 97773 
192796 95781 100807 95780 
192797 98802 101217 98803 
192798 95744 100943 100942 
192799 5149 101402 5150 
192800 97520 97521 97519 
192801 98459 98460 97424 
192802 98058 99285 98057 
192803 94474 103249 100840 
192804 94910 100790 100789 
192805 98793 101475 97960 
192806 99837 103653 101094 
192807 99993 100538 98938 
192808 97076 97078 97077 
192809 97609 98292 97611 
192810 98462 100676 98459 
192811 98028 98029 97533 
192812 100802 100803 98269 
192813 96015 96122 96012 
192814 98610 99881 99628 
192815 95634 101637 98544 
192816 99351 103422 100580 
192817 96762 97858 96763 
192818 100920 100921 100919 
192819 99028 99493 98465 
192820 98938 98939 97936 
192821 97546 101220 97098 
192822 99261 101473 98010 
192823 97884 98269 97883 
192824 95780 95834 95782 
192825 95622 95732 95631 
192826 95715 95831 95717 
192827 95843 100782 95004 
192828 97759 100598 97355 
192829 95903 96971 95902 
192830 98462 100678 100676 
192831 96115 96260 96049 
192832 98791 98792 98051 
192833 100766 101040 101038 
192834 98328 98330 98329 
192835 98330 98332 98331 
192836 97892 98295 97536 
192837 98732 101256 99352 
192838 95473 101196 95476 
192839 95857 100815 100814 
192840 5420 101425 94446 
192841 98326 98328 98327 
192842 98230 98240 97802 
192843 97484 97883 97483 
192844 100151 103897 96715 
192845 99815 103126 100687 
192846 99028 100845 99493 
192847 98377 100592 100591 
192848 97054 97055 95984 
192849 97002 99143 95948 
192850 99800 99801 98216 
192851 97008 97009 95958 
192852 96998 96999 95942 
192853 96979 99027 95926 
192854 95722 95821 95724 
192855 99258 102173 101129 
192856 95497 101323 101066 
192857 99356 99861 99179 
192858 95143 95548 95142 
192859 96119 96458 95918 
192860 97613 98101 97615 
192861 96131 96461 96129 
192862 98215 98216 98033 
192863 95318 101153 95315 
192864 100581 101453 98433 
192865 99632 101477 98354 
192866 94870 94909 94872 
192867 98370 98372 98371 
192868 97577 97578 97514 
192869 100790 100791 100789 
192870 96988 98310 95932 
192871 95252 100545 96441 
192872 96743 96744 96688 
192873 98145 98146 97578 
192874 96974 101534 100523 
192875 95115 101222 95586 
192876 97513 97514 97512 
192877 97362 97875 97361 
192878 96413 96415 96414 
192879 95434 103622 103486 
192880 94533 103256 103052 
192881 96411 96413 96412 
192882 97801 97802 96990 
192883 98287 100778 98046 
192884 97590 101545 95540 
192885 100640 100642 100641 
192886 96261 97456 96229 
192887 97810 101433 94655 
192888 96511 102403 96508 
192889 97785 98618 98207 
192890 98324 98326 98325 
192891 96320 100777 96322 
192892 100947 104024 100946 
192893 94874 96383 94876 
192894 97586 100949 97594 
192895 98467 101426 97409 
192896 101017 101631 99166 
192897 95238 96762 96450 
192898 96184 96396 96186 
192899 96179 97205 96177 
192900 95256 95362 95254 
192901 96028 96184 96029 
192902 98201 100354 99646 
192903 95834 96028 95835 
192904 100970 103693 95749 
192905 98925 102409 101989 
192906 98828 99561 98826 
192907 95256 98370 95362 
192908 96409 96411 96410 
192909 99181 102288 101810 
192910 97619 98282 97621 
192911 100146 100148 100147 
192912 96415 96418 96417 
192913 98051 98052 97420 
192914 101016 101018 101017 
192915 96418 96421 96420 
192916 98553 99237 98567 
192917 101703 101855 101704 
192918 97849 98259 98222 
192919 96421 96423 96422 
192920 100772 103092 95182 
192921 98245 99841 99840 
192922 97390 97420 96302 
192923 101035 101814 96301 
192924 95271 95385 95268 
192925 98129 101542 101541 
192926 100150 102798 102169 
192927 96971 97519 95902 
192928 96271 97217 96269 
192929 95262 97648 96445 
192930 94885 94912 94887 
192931 101063 103225 99456 
192932 96740 97483 96691 
192933 99125 100977 99063 
192934 98032 98033 97534 
192935 97436 101799 97438 
192936 97275 97276 96219 
192937 97722 98074 98073 
192938 97894 98245 98244 
192939 95262 96445 95260 
192940 96179 100542 97205 
192941 98275 100870 98032 
192942 99812 101496 98178 
192943 96741 97430 96742 
192944 95273 100775 95271 
192945 95551 97534 95150 
192946 95281 95399 95279 
192947 96746 96939 96689 
192948 95750 95854 95792 
192949 98040 101078 97291 
192950 95151 95551 95150 
192951 101056 102488 99260 
192952 94860 95623 94862 
192953 100638 103682 95727 
192954 100902 100903 98536 
192955 97363 103983 102521 
192956 97076 97077 95222 
192957 96988 101043 98310 
192958 101984 102045 101278 
192959 99734 101229 99737 
192960 96427 97237 97236 
192961 97506 101528 98490 
192962 99062 100979 99059 
192963 97744 97957 97956 
192964 97957 98077 98076 
192965 99235 100543 98145 
192966 99413 102592 102591 
192967 97300 97722 97721 
192968 98378 99512 99045 
192969 96425 96427 96426 
192970 95238 96450 95236 
192971 99071 100274 98288 
192972 98404 99457 98884 
192973 96385 97660 97659 
192974 95289 95538 95287 
192975 95252 96441 95250 
192976 96527 97849 97593 
192977 100144 100146 100145 
192978 96279 97331 96277 
192979 94852 95574 94854 
192980 95790 95817 95816 
192981 96400 96402 96401 
192982 100334 101065 100332 
192983 97003 97004 95186 
192984 98390 99298 98392 
192985 96443 97657 96281 
192986 99822 103422 99351 
192987 97898 99139 97974 
192988 96218 96219 96136 
192989 97488 97894 97652 
192990 98397 98399 98398 
192991 100967 100970 100969 
192992 100928 101976 98794 
192993 101698 102017 98586 
192994 97248 97703 97250 
192995 99197 100830 100829 
192996 97252 98017 97332 
192997 97626 97898 97627 
192998 95742 95752 95751 
192999 97237 97480 97479 
193000 96020 96150 96149 
193001 96330 100547 96332 
193002 95326 100920 95324 
193003 95548 96302 95142 
193004 96150 100889 96386 
193005 98358 102378 100169 
193006 99233 99234 98322 
193007 100545 101034 100546 
193008 98264 100884 100883 
193009 96989 96990 95170 
193010 100812 103917 97508 
193011 94961 97584 94963 
193012 100465 100466 100463 
193013 100068 100251 95030 
193014 98082 99254 97992 
193015 99189 101084 98159 
193016 97742 97744 97743 
193017 96747 96748 96641 
193018 98672 99912 98430 
193019 96137 97512 95894 
193020 97123 97300 97299 
193021 95672 95674 95673 
193022 97174 97426 97425 
193023 102772 103338 99066 
193024 98429 98430 97540 
193025 100506 101476 98441 
193026 96952 97123 96953 
193027 102420 102968 100794 
193028 95740 95742 95741 
193029 96975 97539 95158 
193030 97961 98839 98155 
193031 95817 100892 97646 
193032 101219 102577 96105 
193033 95919 96119 95918 
193034 96301 96385 96384 
193035 98794 99836 99811 
193036 98474 101022 98475 
193037 96444 98397 98396 
193038 95976 101451 95973 
193039 97244 97809 97246 
193040 98402 98404 98403 
193041 95885 101005 95883 
193042 94881 99198 94883 
193043 97155 97488 97341 
193044 96846 100688 96844 
193045 97621 100875 98044 
193046 97624 97626 97625 
193047 98018 98794 98178 
193048 100820 100821 94906 
193049 97222 101278 97106 
193050 99851 100164 99931 
193051 100868 103442 99756 
193052 98008 98294 97675 
193053 97461 97463 97462 
193054 101230 101932 101231 
193055 98580 99730 98535 
193056 96950 96952 96951 
193057 94866 96436 94868 
193058 98534 99336 98477 
193059 95541 95542 95540 
193060 100400 100405 100403 
193061 100810 100811 99234 
193062 101031 101032 98098 
193063 98703 101250 98706 
193064 96507 101643 96504 
193065 95964 101166 95961 
193066 98412 100667 100666 
193067 100394 100417 100398 
193068 95301 95508 95299 
193069 95856 101282 97120 
193070 99058 100981 99019 
193071 97482 97651 97650 
193072 96188 103194 101396 
193073 97370 97371 96254 
193074 97199 101887 99997 
193075 95670 95672 95671 
193076 98373 98377 98375 
193077 95539 95540 95126 
193078 100055 103547 99563 
193079 101850 101899 98543 
193080 96454 98402 98401 
193081 95788 95790 95789 
193082 96741 96742 96668 
193083 97321 98474 98473 
193084 100959 100960 96430 
193085 100332 100341 100330 
193086 94965 94985 94967 
193087 98476 98477 98474 
193088 99274 99989 99988 
193089 99090 101341 99088 
193090 95540 101545 95126 
193091 100792 100793 100791 
193092 95676 95678 95677 
193093 95874 96020 96019 
193094 99935 100349 100347 
193095 95570 95571 95542 
193096 95728 97624 97623 
193097 99076 100658 100657 
193098 95688 99144 95687 
193099 100142 100144 100143 
193100 96729 97476 96733 
193101 100412 100414 100413 
193102 96238 97174 97173 
193103 100660 100662 100661 
193104 99590 100890 98330 
193105 95611 95612 95571 
193106 95303 100851 95301 
193107 98827 100502 100501 
193108 98671 98672 98430 
193109 98253 100819 100818 
193110 96018 96171 96170 
193111 102835 102930 99718 
193112 97487 97961 97960 
193113 96723 97692 96725 
193114 95680 100930 100929 
193115 95927 96979 95926 
193116 99845 103675 100565 
193117 97658 98253 98252 
193118 95705 95707 95612 
193119 100299 100901 98440 
193120 95307 95569 95305 
193121 95373 101469 95375 
193122 95738 95740 95739 
193123 99101 100018 98726 
193124 100406 102508 100783 
193125 100107 103263 96814 
193126 95779 95822 95778 
193127 98369 100913 100912 
193128 5209 102538 100878 
193129 96752 96757 96650 
193130 96424 96425 96423 
193131 98399 99107 98398 
193132 100628 102348 100629 
193133 97897 100802 97884 
193134 96521 101384 96766 
193135 97971 98535 97970 
193136 100140 100142 100141 
193137 100138 100140 100139 
193138 98252 99219 98305 
193139 95159 96975 95158 
193140 95202 101459 95199 
193141 97821 98531 97878 
193142 97663 100462 97497 
193143 100642 100665 100643 
193144 98496 99850 99849 
193145 98057 98529 98050 
193146 98455 100194 98318 
193147 95745 95778 95744 
193148 97302 97435 97301 
193149 96328 97401 96330 
193150 95314 95597 95312 
193151 98347 98348 97820 
193152 95882 96136 95832 
193153 96314 97382 96316 
193154 97440 97532 97439 
193155 94697 101648 94695 
193156 96466 96469 96467 
193157 95310 100868 95307 
193158 100789 100827 100788 
193159 101107 102389 97077 
193160 100605 100612 100606 
193161 95206 101472 95203 
193162 99219 100595 99220 
193163 96322 97827 96324 
193164 96693 97363 96753 
193165 97136 103483 100189 
193166 96717 98437 96719 
193167 97661 101520 96384 
193168 98397 98398 98396 
193169 99211 99847 99846 
193170 96318 97635 96320 
193171 96747 97260 96748 
193172 97506 98159 98102 
193173 101170 101171 101169 
193174 97481 97482 97480 
193175 95668 95670 95669 
193176 100693 100694 100691 
193177 95784 100625 95705 
193178 97436 97437 97435 
193179 95028 95030 95019 
193180 95796 101544 95768 
193181 96332 97511 96334 
193182 97438 97439 97437 
193183 98323 98324 98302 
193184 97960 101475 97428 
193185 97082 101237 96104 
193186 96444 98396 94828 
193187 99777 99947 98958 
193188 101462 101465 101463 
193189 95666 95668 95667 
193190 97924 98148 97926 
193191 96253 97196 96257 
193192 94979 94994 94993 
193193 96703 98229 96705 
193194 98790 102420 102300 
193195 94826 96444 94828 
193196 96699 98405 96701 
193197 5419 101425 5420 
193198 95198 101200 95195 
193199 97373 97719 97718 
193200 94844 96527 94846 
193201 95664 95666 95665 
193202 100688 100689 97383 
193203 95751 101151 96164 
193204 98944 99270 98945 
193205 96338 100554 96341 
193206 96336 97678 96338 
193207 97641 97643 97642 
193208 97576 97759 97355 
193209 96709 97518 96711 
193210 99152 99891 98408 
193211 95933 96988 95932 
193212 96464 96466 96465 
193213 95289 97506 95538 
193214 94487 101690 5106 
193215 94969 97543 94971 
193216 98349 99523 98348 
193217 96746 97369 96939 
193218 94838 96455 94840 
193219 94816 96472 94818 
193220 95322 95573 95320 
193221 96684 96751 96686 
193222 95379 95397 95383 
193223 98457 100054 99483 
193224 100793 100795 100794 
193225 96768 101427 96770 
193226 95662 95664 95663 
193227 96443 97658 97657 
193228 98405 100589 96701 
193229 96341 97485 96343 
193230 98301 98302 96402 
193231 98287 100779 100778 
193232 98340 101220 97546 
193233 100768 100769 98577 
193234 99285 100685 98057 
193235 98407 98408 98406 
193236 95660 95662 95661 
193237 94832 96454 94834 
193238 101948 102166 95309 
193239 96052 96208 96051 
193240 98513 100963 98511 
193241 99067 101220 98340 
193242 98173 101273 98557 
193243 98129 101540 96202 
193244 97747 100806 97482 
193245 98515 98524 98513 
193246 97750 98289 97784 
193247 98517 101000 98515 
193248 98029 98050 97533 
193249 94688 100613 94690 
193250 98523 98525 98521 
193251 95858 96051 95857 
193252 99030 99550 99009 
193253 98234 98747 97897 
193254 95165 99175 95164 
193255 96472 100460 94818 
193256 95328 95596 95326 
193257 100338 100340 100336 
193258 98289 100367 98655 
193259 98353 98902 98351 
193260 98178 101496 97473 
193261 97719 97970 97969 
193262 98920 101602 98050 
193263 98185 101114 101113 
193264 98963 100386 98965 
193265 94887 101555 94886 
193266 96345 97671 96347 
193267 97409 101426 96487 
193268 95658 95660 95659 
193269 95324 100919 95322 
193270 98503 99648 98501 
193271 97426 101475 97869 
193272 95652 100881 100869 
193273 99184 102258 101480 
193274 96138 101005 95885 
193275 96666 96741 96668 
193276 100659 100660 100658 
193277 101508 101509 94796 
193278 97352 97753 97752 
193279 95961 101166 95959 
193280 95218 101484 95215 
193281 100854 102412 98361 
193282 98440 98927 98439 
193283 98967 100047 98969 
193284 99457 101092 98884 
193285 100529 100530 100528 
193286 98830 100900 98353 
193287 98176 98177 98077 
193288 96383 97301 94876 
193289 98971 99825 98973 
193290 98059 98944 98293 
193291 98433 101453 95454 
193292 100892 102790 97646 
193293 95870 101497 94978 
193294 98229 98428 96705 
193295 98404 98884 98403 
193296 95846 101062 94923 
193297 97580 98261 97943 
193298 96454 98401 94834 
193299 98819 100937 100936 
193300 95228 101266 95225 
193301 100279 100523 98890 
193302 100058 101557 99145 
193303 98402 98403 98401 
193304 96929 97580 97444 
193305 100094 101608 98960 
193306 99795 101677 101015 
193307 94998 95849 94986 
193308 96473 101052 96156 
193309 95771 96309 95772 
193310 98501 100972 98499 
193311 99268 101326 101325 
193312 96194 101500 96956 
193313 99293 100461 99969 
193314 99121 99819 99122 
193315 95289 101528 97506 
193316 97135 101880 97068 
193317 95887 96138 95885 
193318 98133 99293 98417 
193319 97837 100958 98445 
193320 94909 100509 94872 
193321 100458 100459 96394 
193322 98277 100345 100080 
193323 101145 102311 98824 
193324 95589 95622 95599 
193325 95171 96989 95170 
193326 96768 96770 96769 
193327 96770 96772 96771 
193328 99075 100657 100024 
193329 96349 97668 96351 
193330 95338 95567 95336 
193331 100117 100389 100116 
193332 102500 103902 102894 
193333 96766 96768 96767 
193334 100390 101616 98406 
193335 97433 98082 97992 
193336 98911 99874 98834 
193337 95943 96998 95942 
193338 98977 100282 98979 
193339 101244 101245 98416 
193340 98535 100902 98536 
193341 94918 94919 94913 
193342 95623 98406 94862 
193343 98839 99833 98155 
193344 99009 99010 97780 
193345 98973 100989 98975 
193346 95889 101064 95887 
193347 97580 97943 97444 
193348 102357 103816 100945 
193349 100373 101530 95677 
193350 97771 98133 98132 
193351 98261 99450 97943 
193352 100411 100412 99989 
193353 97825 98211 98209 
193354 99533 100388 99532 
193355 98381 101215 101164 
193356 97820 97821 97239 
193357 97470 97903 97468 
193358 96852 101669 97368 
193359 97238 97239 96214 
193360 98960 101608 98525 
193361 98245 99842 99841 
193362 96772 100906 96774 
193363 97869 100314 98558 
193364 95303 100852 100851 
193365 96648 96752 96650 
193366 99119 99121 99120 
193367 97426 97869 97425 
193368 96462 96464 96463 
193369 99140 99281 99139 
193370 94923 94924 94919 
193371 99910 100087 99908 
193372 95893 95894 95891 
193373 99133 99134 97643 
193374 96353 97453 96355 
193375 95346 95572 95344 
193376 95695 99666 97632 
193377 97464 97465 97463 
193378 99311 100093 98960 
193379 97961 98155 97960 
193380 101370 101398 94492 
193381 98442 98532 98443 
193382 96899 101669 96854 
193383 100171 100172 99134 
193384 96929 97444 96928 
193385 97630 97916 97915 
193386 95949 97002 95948 
193387 95342 97093 95340 
193388 97484 97884 97883 
193389 97711 98264 98161 
193390 98292 100486 97611 
193391 99906 99990 99904 
193392 98259 99996 98222 
193393 97294 97536 97293 
193394 96150 96386 96149 
193395 102156 102461 101718 
193396 99145 101557 95687 
193397 97025 102586 101269 
193398 97884 100802 98269 
193399 98441 101476 95460 
193400 98835 101649 98911 
193401 96772 96774 96771 
193402 97466 97468 97465 
193403 97488 97895 97894 
193404 98529 101982 101417 
193405 94927 94928 94924 
193406 96166 96301 96182 
193407 96405 96409 96407 
193408 101357 102697 99293 
193409 94686 94904 94688 
193410 97421 97785 97544 
193411 99579 99816 99577 
193412 100873 101980 96452 
193413 96770 96771 96769 
193414 96523 98434 98433 
193415 96423 101573 96422 
193416 97174 97425 97173 
193417 97660 98062 97659 
193418 98074 98277 98073 
193419 98450 98452 98451 
193420 96782 96929 96928 
193421 96164 101035 96166 
193422 98957 98960 98525 
193423 99206 101492 101078 
193424 94952 94953 94928 
193425 96254 96255 96022 
193426 95911 101117 95909 
193427 96521 96766 96765 
193428 100288 102021 100289 
193429 96021 96022 95826 
193430 97673 98287 98046 
193431 96744 101056 97673 
193432 96768 96769 96767 
193433 94674 95728 94676 
193434 100604 100607 100605 
193435 94958 94959 94953 
193436 95817 97646 95816 
193437 95133 95369 95131 
193438 96385 97659 96384 
193439 96020 96149 96019 
193440 96633 96747 96641 
193441 95177 96996 95176 
193442 95790 95816 95789 
193443 94912 94913 94887 
193444 96609 96743 96688 
193445 95352 95564 95350 
193446 96946 96950 96948 
193447 95742 95751 95741 
193448 96942 98412 96944 
193449 97314 97771 97770 
193450 99575 99866 99573 
193451 97722 98073 97721 
193452 97692 98439 96725 
193453 96361 100602 96363 
193454 100085 101075 97513 
193455 94607 100941 95801 
193456 96365 100639 96367 
193457 100866 101264 96432 
193458 101209 101210 99137 
193459 99198 100528 94883 
193460 96740 97484 97483 
193461 96524 98442 98441 
193462 98898 99501 98582 
193463 97809 100526 97246 
193464 100314 100315 98558 
193465 99523 99616 98348 
193466 96359 97385 96361 
193467 100550 100551 100549 
193468 100876 100877 100875 
193469 98437 98438 96719 
193470 95574 97780 94854 
193471 95899 100817 95897 
193472 98096 99099 98095 
193473 98379 101215 98381 
193474 97476 100856 96733 
193475 99112 99288 99111 
193476 98050 101602 97533 
193477 96436 100522 94868 
193478 100362 100363 100361 
193479 95195 101200 95193 
193480 97300 97721 97299 
193481 96766 96767 96765 
193482 95901 95902 95899 
193483 100146 100147 100145 
193484 97123 97299 96953 
193485 100964 100965 100963 
193486 95372 96400 95391 
193487 97875 101086 97361 
193488 96208 96214 96051 
193489 100360 100361 100359 
193490 96359 102332 97385 
193491 96347 100570 96349 
193492 95740 95741 95739 
193493 99906 100622 99990 
193494 96621 96746 96689 
193495 99309 100259 99307 
193496 97849 98222 97593 
193497 97537 97892 97536 
193498 100358 100359 100054 
193499 95678 95682 95677 
193500 100906 100907 96774 
193501 100966 100967 100965 
193502 96952 96953 96951 
193503 99553 102989 102664 
193504 97731 97742 97736 
193505 94694 94908 94696 
193506 95354 101048 95352 
193507 96363 97408 96365 
193508 94682 96388 94684 
193509 96429 101093 96411 
193510 95672 95673 95671 
193511 97060 100962 96223 
193512 100667 100812 100666 
193513 100154 101009 100146 
193514 94690 96391 94692 
193515 97785 98207 97786 
193516 94680 101036 94682 
193517 98794 99811 98178 
193518 100643 100648 100647 
193519 95907 96030 95905 
193520 97460 97461 97459 
193521 98531 100566 97878 
193522 97905 98369 98278 
193523 98264 100883 98161 
193524 96384 101520 96182 
193525 99954 100182 99204 
193526 98181 101636 97608 
193527 96597 96691 96598 
193528 98826 98827 98453 
193529 96455 99129 94840 
193530 97742 101182 98358 
193531 100056 100057 99145 
193532 96525 98450 98449 
193533 98415 99323 99322 
193534 95137 99176 95135 
193535 99271 100138 100137 
193536 99628 100004 99629 
193537 98987 101045 98989 
193538 97061 97665 97664 
193539 98643 99076 99075 
193540 95384 101257 99542 
193541 95822 95826 95778 
193542 97467 99863 99035 
193543 100381 102499 102356 
193544 94954 101450 98572 
193545 100427 101603 98439 
193546 100557 100558 100556 
193547 95141 95142 95139 
193548 101178 101179 98306 
193549 101234 101235 96039 
193550 96541 97413 96544 
193551 99528 100861 99526 
193552 99850 99851 99849 
193553 95753 95805 95754 
193554 95359 95558 95356 
193555 98989 99582 98991 
193556 95624 95753 95625 
193557 100532 100534 100533 
193558 96292 101721 96120 
193559 98484 98487 98485 
193560 98314 99788 98907 
193561 95959 97008 95958 
193562 96537 97509 96539 
193563 96862 100762 96860 
193564 95350 101024 95348 
193565 97867 98415 98188 
193566 96367 97326 96369 
193567 98913 99588 98766 
193568 97145 101276 97143 
193569 98089 101031 98098 
193570 95591 97526 97525 
193571 96529 98416 97899 
193572 97935 99274 99273 
193573 98234 100588 98747 
193574 95396 101057 95366 
193575 96399 97061 97060 
193576 97395 97985 97958 
193577 96546 97431 96548 
193578 95340 101026 95338 
193579 95575 95624 95576 
193580 97847 101278 97222 
193581 96975 101141 98429 
193582 95815 100854 100853 
193583 101173 101377 100154 
193584 95690 100942 95688 
193585 96301 96384 96182 
193586 94959 100587 94961 
193587 98610 99628 98611 
193588 97918 99211 99210 
193589 96931 100805 96780 
193590 96744 97673 96759 
193591 98993 99914 98995 
193592 96810 97188 96808 
193593 96830 97101 96828 
193594 96919 97812 96921 
193595 95566 95577 95521 
193596 100699 100737 100697 
193597 97458 97459 96469 
193598 95314 97597 95597 
193599 98237 100944 97924 
193600 100640 100644 100642 
193601 95813 100853 95879 
193602 96551 97321 96553 
193603 97588 98095 97535 
193604 100268 103268 97134 
193605 94877 100848 94881 
193606 96840 97094 96838 
193607 99859 101527 99120 
193608 95016 95017 95011 
193609 98562 101506 101237 
193610 95004 95011 95003 
193611 99561 100620 98826 
193612 94698 96392 94700 
193613 96836 97398 96834 
193614 96826 98577 96824 
193615 100952 100953 100951 
193616 96913 97837 96915 
193617 95670 95671 95669 
193618 98312 98314 98313 
193619 95828 100814 95825 
193620 94785 101490 94788 
193621 94702 94911 94704 
193622 94789 101494 94792 
193623 95187 97003 95186 
193624 94997 95003 94996 
193625 99144 99145 95687 
193626 102621 102672 99452 
193627 98169 101574 97850 
193628 95610 95687 95608 
193629 96521 96765 95444 
193630 98434 98435 98433 
193631 5400 101487 94570 
193632 100784 100785 100782 
193633 100502 100503 100501 
193634 99197 100829 98074 
193635 95876 96221 96220 
193636 100144 100145 100143 
193637 98412 100666 96944 
193638 96844 97383 96842 
193639 99265 99992 98841 
193640 96901 102417 101585 
193641 95580 95607 95578 
193642 98282 100875 97621 
193643 97923 97924 97418 
193644 96950 96951 96948 
193645 97384 101320 97099 
193646 96386 101318 97711 
193647 95736 99190 97955 
193648 99196 99197 98074 
193649 95518 95520 95396 
193650 96371 97267 96373 
193651 96557 96750 96559 
193652 99265 102407 99992 
193653 96437 97395 97394 
193654 99894 101109 98326 
193655 97982 98157 97981 
193656 100831 100832 100830 
193657 101502 103541 103517 
193658 96848 96901 96846 
193659 94495 102799 102709 
193660 96776 96931 96780 
193661 97457 98088 97677 
193662 99054 100197 100196 
193663 102507 102693 98905 
193664 97673 98046 97674 
193665 96852 97368 96850 
193666 98046 99449 98047 
193667 99535 101073 99533 
193668 97939 97940 97876 
193669 97487 97960 97428 
193670 96470 96995 96993 
193671 95149 95150 95147 
193672 95913 95914 95911 
193673 96238 97173 96152 
193674 100689 100691 100690 
193675 96597 96740 96691 
193676 95797 95876 95875 
193677 95026 95027 95017 
193678 96561 96737 96563 
193679 98725 98726 97747 
193680 100332 101065 100341 
193681 99274 101204 100411 
193682 99133 101339 100311 
193683 98373 98375 98374 
193684 95504 100927 95593 
193685 100405 100406 100403 
193686 100769 102445 101473 
193687 98101 100491 97615 
193688 97635 100777 96320 
193689 95874 96019 95820 
193690 98320 101137 97595 
193691 98369 100912 98278 
193692 96856 96899 96854 
193693 101404 101419 94579 
193694 95917 95918 95915 
193695 98481 101033 101031 
193696 96248 97373 97372 
193697 95668 95669 95667 
193698 100560 101067 100557 
193699 96784 98217 96903 
193700 97919 98367 98112 
193701 98193 100839 99238 
193702 98442 98443 98441 
193703 98019 100928 98018 
193704 96527 97593 94846 
193705 98328 98329 98327 
193706 96604 100931 96606 
193707 97716 97995 97396 
193708 95680 100929 95678 
193709 98406 101616 94862 
193710 95788 95789 95756 
193711 97508 101063 97123 
193712 95103 95105 95027 
193713 95666 95667 95665 
193714 96059 100843 96061 
193715 100140 100141 100139 
193716 100716 100739 100714 
193717 94777 101243 94780 
193718 96523 98433 95454 
193719 101133 101134 96079 
193720 99270 99271 98945 
193721 96860 97330 96858 
193722 95193 97005 95192 
193723 95973 101451 95972 
193724 97865 97866 97660 
193725 97837 98445 96915 
193726 96826 100768 98577 
193727 96606 100931 96609 
193728 100284 100287 100286 
193729 95664 95665 95663 
193730 95676 95677 95674 
193731 100833 100834 100832 
193732 97414 98089 97415 
193733 95755 95756 95752 
193734 97354 97645 97353 
193735 96925 97750 97203 
193736 97196 98312 97702 
193737 95825 98355 95823 
193738 97827 98453 96324 
193739 96598 101095 96600 
193740 101041 101042 98405 
193741 100142 100143 100141 
193742 98330 98331 98329 
193743 96609 96688 96610 
193744 96303 100909 96209 
193745 96866 100774 96864 
193746 100523 100524 98890 
193747 95679 95680 95678 
193748 99805 103022 101367 
193749 99081 100109 99080 
193750 95662 95663 95661 
193751 98332 99837 98331 
193752 96173 96251 96249 
193753 95738 95739 95684 
193754 97474 98018 97473 
193755 99490 103428 99595 
193756 95819 95820 95817 
193757 96173 96174 96172 
193758 98297 98322 97941 
193759 98524 100963 98513 
193760 95735 95744 95690 
193761 99532 100861 99528 
193762 95675 95676 95674 
193763 97762 98318 97212 
193764 94994 94996 94993 
193765 95677 101530 95674 
193766 98375 98378 98376 
193767 98326 98327 98325 
193768 97773 98457 98069 
193769 100881 100882 100869 
193770 100723 100738 100721 
193771 96765 101639 95444 
193772 95770 101544 101081 
193773 98378 99045 98379 
193774 95405 101480 95408 
193775 98292 101327 100490 
193776 97401 100547 96330 
193777 95660 95661 95659 
193778 96782 96928 96778 
193779 95442 96521 95444 
193780 96153 97641 97231 
193781 96375 97155 96380 
193782 101064 101489 96138 
193783 98503 101286 99869 
193784 98123 99080 97589 
193785 96600 101095 97184 
193786 98591 101278 97847 
193787 98452 99746 98451 
193788 97374 97919 97409 
193789 95117 95118 95105 
193790 95452 96523 95454 
193791 96151 96152 96150 
193792 96565 96731 96567 
193793 99584 100867 98771 
193794 100138 100139 100137 
193795 100732 103670 101597 
193796 95458 96524 95460 
193797 97324 100563 96250 
193798 97753 98315 98193 
193799 94793 101508 94796 
193800 99671 99711 99673 
193801 98944 98945 98293 
193802 101225 101226 101076 
193803 101114 101116 101113 
193804 96864 97263 96862 
193805 99174 102901 100801 
193806 99221 100880 100879 
193807 96524 98441 95460 
193808 97356 97397 97357 
193809 98018 98178 97473 
193810 98744 100527 98854 
193811 100832 101106 100830 
193812 99139 100175 97974 
193813 99985 101073 99535 
193814 97898 97974 97627 
193815 98346 98481 98089 
193816 95378 95379 95118 
193817 96249 96250 96174 
193818 96255 101152 100515 
193819 95464 96525 95466 
193820 97154 101395 96938 
193821 101019 101020 101018 
193822 98355 100864 95823 
193823 96413 96414 96412 
193824 101224 101345 98545 
193825 99667 99670 99669 
193826 94841 101012 94844 
193827 97626 97627 97625 
193828 95324 100920 100919 
193829 97427 97428 97426 
193830 100571 100575 100573 
193831 94753 101028 96457 
193832 102324 102460 99317 
193833 98439 101603 96725 
193834 100573 100574 100572 
193835 101884 103745 100108 
193836 94712 94910 94714 
193837 95157 95158 95155 
193838 95356 101147 95354 
193839 96411 96412 96410 
193840 99121 99122 99120 
193841 95527 95528 95398 
193842 100113 101610 98325 
193843 95719 101638 95716 
193844 96571 96690 96573 
193845 98324 98325 98302 
193846 94706 96394 94708 
193847 98856 100132 99032 
193848 96939 97825 96940 
193849 100664 101573 97308 
193850 95683 95684 95680 
193851 100742 100755 100743 
193852 100315 102900 102883 
193853 99798 100034 99799 
193854 96255 100515 96314 
193855 96935 101338 96226 
193856 100126 100763 98641 
193857 100730 100731 100728 
193858 96563 100687 96565 
193859 96367 100639 97326 
193860 100952 100954 100953 
193861 100693 100695 100694 
193862 98766 101047 98764 
193863 95787 95788 95756 
193864 97957 98076 97956 
193865 98450 98451 98449 
193866 95035 95695 95037 
193867 103382 103651 101388 
193868 98907 99351 98313 
193869 95925 95926 95923 
193870 96211 96303 96209 
193871 95593 95771 95700 
193872 97624 97625 97623 
193873 96868 97258 96866 
193874 95033 101076 95035 
193875 96277 100926 96274 
193876 97744 97956 97743 
193877 95857 100814 95828 
193878 97044 97630 97325 
193879 97455 97986 97454 
193880 96415 96417 96414 
193881 97214 97716 97396 
193882 98887 100207 98588 
193883 96171 96172 96170 
193884 97463 97467 97462 
193885 95737 95738 95684 
193886 100764 101310 100765 
193887 95047 95505 95049 
193888 97817 99831 99830 
193889 97327 101356 97092 
193890 95985 97054 95984 
193891 98131 98649 97954 
193892 96756 101352 97229 
193893 96402 96403 96401 
193894 95873 95874 95820 
193895 99034 99913 99432 
193896 99648 100972 98501 
193897 94714 100788 94716 
193898 98077 98494 98076 
193899 96559 100668 96561 
193900 97812 100374 96921 
193901 96933 101159 96448 
193902 94929 96462 94974 
193903 97702 100578 97197 
193904 95744 100942 95690 
193905 98571 101143 99581 
193906 101097 101101 101098 
193907 98909 100537 98910 
193908 101399 101505 94574 
193909 99681 99718 99683 
193910 95658 95659 95654 
193911 96418 96420 96417 
193912 96063 101083 96065 
193913 95729 100872 95767 
193914 96028 96185 96184 
193915 95587 95589 95528 
193916 95005 97842 95025 
193917 95470 96528 95472 
193918 96421 96422 96420 
193919 95527 95588 95587 
193920 95652 100869 95650 
193921 94805 101519 94808 
193922 97825 98209 97826 
193923 96581 96749 96583 
193924 95203 101472 95202 
193925 97953 97954 97548 
193926 94730 100888 94732 
193927 97678 100554 96338 
193928 100693 101585 100696 
193929 96237 96238 96152 
193930 99526 99531 99524 
193931 100625 101633 100626 
193932 5184 101254 5185 
193933 95199 101459 95198 
193934 96525 98449 95466 
193935 97468 97469 97465 
193936 95163 95164 95161 
193937 98840 98841 98839 
193938 94718 100820 94720 
193939 96363 100602 97408 
193940 100531 100532 98487 
193941 95650 96139 95647 
193942 100500 101912 97401 
193943 98209 99754 98210 
193944 96763 98388 98387 
193945 97824 100623 95587 
193946 97397 97952 97758 
193947 96874 97227 96872 
193948 98148 98395 97926 
193949 97461 97462 97459 
193950 97666 97867 97665 
193951 95041 101085 95043 
193952 95685 101079 95662 
193953 96403 101122 96405 
193954 98325 101610 98302 
193955 97952 98478 98299 
193956 97919 98112 97409 
193957 99165 101015 99163 
193958 96539 101203 96541 
193959 100081 100257 99457 
193960 97111 103366 100780 
193961 96409 96410 96407 
193962 95780 95782 95733 
193963 98478 99615 99614 
193964 95204 103467 100377 
193965 95657 95658 95654 
193966 95732 95781 95780 
193967 94716 96398 94718 
193968 96402 101610 96403 
193969 95931 95932 95929 
193970 96466 96467 96465 
193971 94722 100959 94724 
193972 95520 101057 95396 
193973 99084 101212 98096 
193974 95728 97623 94676 
193975 98903 102592 99413 
193976 95830 95857 95828 
193977 99798 99799 98075 
193978 100555 100559 100557 
193979 100120 101471 97780 
193980 97630 97915 97325 
193981 98983 101686 101309 
193982 100841 102672 102621 
193983 97529 97879 97530 
193984 97548 101159 96933 
193985 99179 100846 99029 
193986 95823 100864 95822 
193987 98834 101011 98832 
193988 98931 100130 97985 
193989 95653 95654 95652 
193990 99685 100106 99687 
193991 95732 95733 95631 
193992 97486 97487 97428 
193993 94606 100941 94607 
193994 94720 94906 94722 
193995 100689 100693 100691 
193996 98123 99613 99081 
193997 99212 100308 98410 
193998 96296 101244 96529 
193999 95386 102827 101213 
194000 100728 101146 100724 
194001 95043 96393 95045 
194002 96577 96580 96579 
194003 95397 95398 95383 
194004 98059 98293 97445 
194005 96190 96758 96189 
194006 95850 95868 95805 
194007 94750 101028 94753 
194008 100896 100897 96751 
194009 99615 100101 100100 
194010 96870 101071 96868 
194011 95643 95802 95641 
194012 98706 101683 101185 
194013 95651 95652 95650 
194014 96134 96189 96133 
194015 101827 101993 98656 
194016 101549 101925 98115 
194017 95914 101117 95911 
194018 98559 100243 98548 
194019 95055 95400 95057 
194020 98421 99002 97586 
194021 96334 101355 96336 
194022 101239 102401 95232 
194023 97557 101525 97555 
194024 95117 96395 95378 
194025 99383 102756 99385 
194026 98289 98655 97784 
194027 96621 96689 96622 
194028 95869 96133 95868 
194029 99517 100781 100671 
194030 95478 95591 95480 
194031 94732 100888 96434 
194032 96209 100909 96208 
194033 99498 101538 99503 
194034 96878 97298 96876 
194035 95810 100426 97967 
194036 96844 100688 97383 
194037 97742 97743 97736 
194038 100282 102574 97165 
194039 98360 99654 98088 
194040 98388 98390 98389 
194041 98364 99232 98363 
194042 95752 101151 95751 
194043 99689 100045 99691 
194044 94904 100613 94688 
194045 96290 96291 96221 
194046 98889 98890 97977 
194047 96001 100873 96000 
194048 98021 101113 98019 
194049 96610 101228 96612 
194050 97695 101995 100360 
194051 97830 102331 99480 
194052 98392 98456 98393 
194053 96433 96437 96291 
194054 99120 101527 97916 
194055 99264 99265 98841 
194056 96177 101080 96158 
194057 97237 97479 97236 
194058 97446 98059 97445 
194059 98390 98392 98391 
194060 95649 95650 95647 
194061 96427 97236 96426 
194062 99795 101015 99165 
194063 96425 96426 96423 
194064 99364 100319 99366 
194065 99119 99120 97916 
194066 98267 98600 98266 
194067 98206 98266 98205 
194068 99274 99988 99273 
194069 95378 101656 95379 
194070 99825 100989 98973 
194071 96764 101430 97259 
194072 98942 101357 98133 
194073 97196 97197 96257 
194074 100131 101470 97593 
194075 100115 100116 98345 
194076 95051 96397 95053 
194077 96585 96592 96587 
194078 95999 96000 95998 
194079 101479 101831 101468 
194080 100412 100413 99989 
194081 95937 95938 95935 
194082 101320 102112 102102 
194083 99040 102719 97861 
194084 96884 100842 96882 
194085 96390 96935 96226 
194086 97995 99584 98771 
194087 96554 101263 96557 
194088 96989 101178 98306 
194089 95381 98446 95504 
194090 97728 101182 97731 
194091 97214 97396 96519 
194092 99111 101137 98320 
194093 96226 101338 96225 
194094 99792 99793 97271 
194095 96882 97364 96880 
194096 99530 99532 99528 
194097 96057 99077 96059 
194098 101142 101446 96902 
194099 95169 95170 95167 
194100 96400 96401 95391 
194101 98886 98887 98588 
194102 99191 100212 100211 
194103 100085 102225 101077 
194104 98479 99465 98779 
194105 97585 97586 97164 
194106 96003 101296 96001 
194107 95215 101484 95214 
194108 96235 97314 97313 
194109 97319 102720 102180 
194110 96006 101296 96003 
194111 95941 95942 95939 
194112 99368 100086 99370 
194113 97971 98580 98535 
194114 95564 101024 95350 
194115 96216 96225 96213 
194116 98563 99148 98562 
194117 99243 99823 99244 
194118 101625 101811 100990 
194119 101218 101219 101217 
194120 99258 101129 96456 
194121 96658 102808 102735 
194122 96464 96465 96463 
194123 99238 101290 98194 
194124 97924 97926 97418 
194125 95494 95575 95498 
194126 96748 97433 96761 
194127 96395 97848 97589 
194128 96061 96382 96063 
194129 96011 96012 96010 
194130 95808 95815 95813 
194131 94577 102157 5146 
194132 94775 101243 94777 
194133 95879 96399 96223 
194134 98193 98194 97754 
194135 97750 97784 97203 
194136 97671 100570 96347 
194137 95646 95647 95645 
194138 98197 103308 101283 
194139 96988 101149 101044 
194140 101155 101359 5182 
194141 95644 95645 95643 
194142 99372 99892 99374 
194143 97320 98484 97912 
194144 99958 101347 99289 
194145 95642 95643 95641 
194146 100197 100198 100196 
194147 97737 101204 97935 
194148 94997 95843 95004 
194149 96880 100828 96878 
194150 97663 100464 100463 
194151 100475 100476 100473 
194152 99693 100594 99695 
194153 97588 98096 98095 
194154 97643 98000 97642 
194155 95063 95501 95065 
194156 100944 100946 100945 
194157 95423 101502 95426 
194158 95026 95104 95103 
194159 96528 100192 95472 
194160 96013 96015 96012 
194161 100225 101119 100284 
194162 98493 100239 97078 
194163 100790 100792 100791 
194164 98045 101970 97982 
194165 97879 98218 97880 
194166 95622 95631 95599 
194167 95866 100879 96025 
194168 98526 98958 98957 
194169 94724 100959 96430 
194170 95834 95835 95782 
194171 99076 100657 99075 
194172 99376 100075 99378 
194173 96069 100855 96071 
194174 96886 96902 96884 
194175 99254 100995 100994 
194176 94720 100820 94906 
194177 97651 97918 97650 
194178 95236 101239 95233 
194179 96067 96247 96069 
194180 100792 100796 100793 
194181 101118 103711 98275 
194182 100605 100606 100603 
194183 99793 100952 100951 
194184 98545 101124 98397 
194185 99467 101503 99491 
194186 100660 100661 100658 
194187 98567 101747 101144 
194188 97503 101131 96501 
194189 95059 96431 95061 
194190 95968 101170 101169 
194191 100689 101585 100693 
194192 96071 96954 96073 
194193 94724 96430 94726 
194194 98710 101184 99497 
194195 99110 99111 98320 
194196 95799 100629 95711 
194197 96965 97282 96936 
194198 95536 97457 95592 
194199 95640 95641 95639 
194200 99324 101140 96311 
194201 98485 101205 99560 
194202 98691 101120 98693 
194203 97482 97650 97480 
194204 94958 94984 94981 
194205 96792 101517 96789 
194206 98587 98588 98586 
194207 94728 94902 94730 
194208 95611 95706 95705 
194209 101420 101421 94580 
194210 95338 101026 95567 
194211 103229 103420 99465 
194212 99118 99119 97916 
194213 98693 99342 98780 
194214 96633 96641 96634 
194215 97753 97754 97752 
194216 101548 101549 98115 
194217 98185 101113 98021 
194218 98601 99011 98600 
194219 94927 98448 94952 
194220 96594 96597 96596 
194221 98906 103927 101187 
194222 97592 97841 97526 
194223 101457 101458 101456 
194224 98908 101609 97784 
194225 96888 101142 96886 
194226 95486 95736 95488 
194227 95025 101660 95006 
194228 98457 99483 98069 
194229 101412 101413 94600 
194230 96028 96029 95835 
194231 97338 98333 97582 
194232 95175 95176 95173 
194233 95427 101514 95430 
194234 99701 99721 99703 
194235 98218 99087 99086 
194236 99336 99964 98477 
194237 99205 99206 98040 
194238 94716 100788 96398 
194239 96892 97340 96890 
194240 96184 96186 96029 
194241 97374 97409 96487 
194242 98503 99869 99648 
194243 96218 97545 97275 
194244 99668 101832 101085 
194245 95947 95948 95945 
194246 99666 99667 97632 
194247 95767 95797 95796 
194248 96796 101521 96793 
194249 99957 99958 99289 
194250 98785 99772 98795 
194251 98185 101202 101115 
194252 97433 97992 97510 
194253 98782 101130 98785 
194254 98474 98475 98473 
194255 96591 100996 96594 
194256 99380 100429 99383 
194257 98117 101320 97384 
194258 96075 96222 96077 
194259 95223 97076 95222 
194260 97449 97450 97283 
194261 96804 101518 96801 
194262 95431 101516 95434 
194263 95531 98005 95533 
194264 97719 97971 97970 
194265 95448 102275 101260 
194266 98797 99948 98800 
194267 95268 100893 95266 
194268 99984 99985 99535 
194269 95635 101070 95621 
194270 95509 101710 95081 
194271 99916 100841 98540 
194272 95541 97478 95570 
194273 96343 101353 96345 
194274 97399 97633 97500 
194275 99838 100253 100252 
194276 96073 100860 96075 
194277 96250 100563 96253 
194278 98426 102992 101234 
194279 101232 101233 96043 
194280 99289 101347 99288 
194281 96706 100813 96709 
194282 98687 99943 97430 
194283 101190 101368 5138 
194284 95843 100783 100782 
194285 95071 95507 95073 
194286 97526 98203 97525 
194287 100414 101375 100413 
194288 100318 101495 100773 
194289 99777 99999 99947 
194290 99002 100949 97586 
194291 96016 96031 96015 
194292 97365 101380 97366 
194293 96025 96234 96159 
194294 99091 101630 97623 
194295 96159 100956 96196 
194296 94584 101694 5104 
194297 97085 101802 99097 
194298 96196 97414 97296 
194299 95617 101208 95615 
194300 95065 100866 95067 
194301 98446 101209 100927 
194302 99080 101656 97589 
194303 95953 95954 95951 
194304 95693 97644 95729 
194305 99679 100838 99681 
194306 95069 100887 95071 
194307 97347 101237 97082 
194308 100609 100612 100605 
194309 95957 95958 95955 
194310 97312 101652 94996 
194311 101485 102403 96511 
194312 95998 100764 95995 
194313 100893 100894 95266 
194314 96978 99066 96477 
194315 97148 101276 97145 
194316 95250 100823 95247 
194317 95864 99221 95866 
194318 95621 101070 95619 
194319 98484 100962 100531 
194320 97577 98150 98145 
194321 97641 97642 97231 
194322 101761 101762 101760 
194323 97417 97418 96900 
194324 95591 97525 95480 
194325 96239 97535 96240 
194326 100190 101513 97955 
194327 95067 96432 95069 
194328 96696 101041 96699 
194329 98342 99067 98340 
194330 96860 100762 97330 
194331 94918 95846 94923 
194332 100357 101656 99080 
194333 100306 102381 99046 
194334 96600 97184 96602 
194335 96081 96217 96083 
194336 94732 96434 94734 
194337 96800 101529 96797 
194338 97472 97473 97451 
194339 95061 100850 95063 
194340 97868 100971 97867 
194341 98208 98424 98423 
194342 98523 98526 98525 
194343 99670 99671 99669 
194344 96462 96463 94974 
194345 98476 98534 98477 
194346 97197 100578 97352 
194347 96239 97588 97535 
194348 99409 99930 97858 
194349 94738 94898 94740 
194350 101283 103308 99094 
194351 97321 98476 98474 
194352 95772 100871 97817 
194353 98395 100849 99054 
194354 100691 100886 100692 
194355 96565 100687 96731 
194356 95181 95182 95179 
194357 100450 101471 100120 
194358 96858 101221 96856 
194359 96526 101208 95617 
194360 95237 95238 95236 
194361 95013 101225 95033 
194362 100534 100535 100533 
194363 100616 100617 99465 
194364 99211 99846 99210 
194365 94984 94987 94986 
194366 98263 99205 98040 
194367 97586 97594 97164 
194368 96047 101231 96044 
194369 99190 99191 97955 
194370 97827 98828 98826 
194371 96157 103330 101575 
194372 95695 97632 95037 
194373 98806 101145 98808 
194374 97061 97664 97060 
194375 98415 99322 98188 
194376 96308 101128 96190 
194377 95185 95186 95183 
194378 95706 95785 95784 
194379 98550 100582 98553 
194380 94835 100675 94838 
194381 94823 101224 94826 
194382 98595 101653 101261 
194383 98808 98824 98810 
194384 95805 95806 95754 
194385 95753 95754 95625 
194386 100500 101657 98453 
194387 97217 102934 101148 
194388 96085 96754 96087 
194389 96137 100085 97513 
194390 100645 100665 100642 
194391 97945 97946 97893 
194392 94987 94999 94998 
194393 95083 101710 96440 
194394 96456 101129 95874 
194395 95624 95625 95576 
194396 97842 99794 95025 
194397 94774 99601 94775 
194398 98425 98610 98427 
194399 100287 100288 100286 
194400 100640 100641 97326 
194401 98568 101144 98571 
194402 97520 97523 97522 
194403 98458 98459 97424 
194404 97321 98473 96553 
194405 100989 102655 98975 
194406 97002 101201 100584 
194407 96097 101002 96099 
194408 100464 100467 100465 
194409 100961 102465 96528 
194410 99236 99749 99748 
194411 96083 100895 96085 
194412 96087 100925 96089 
194413 96101 101027 96103 
194414 95739 102013 100930 
194415 97440 98028 97533 
194416 98604 101320 98117 
194417 96493 101292 96490 
194418 101078 101276 97148 
194419 98029 98058 98057 
194420 97545 97676 97675 
194421 100692 100742 100741 
194422 95967 95968 95965 
194423 99293 99969 98417 
194424 95079 95509 95081 
194425 95785 95833 95832 
194426 101554 102913 99501 
194427 97784 101609 97203 
194428 96091 101175 96093 
194429 94999 95010 95009 
194430 97676 98009 98008 
194431 96648 96650 96649 
194432 97623 101630 94676 
194433 99581 100986 100985 
194434 94828 100993 94829 
194435 94961 100587 97584 
194436 96606 96609 96608 
194437 94948 101732 100508 
194438 98009 99282 99228 
194439 97633 97672 97634 
194440 100532 100533 98487 
194441 95075 96435 95077 
194442 96902 100842 96884 
194443 101692 101693 101691 
194444 99101 100355 100018 
194445 96864 100774 97263 
194446 94784 101490 94785 
194447 94950 102129 101445 
194448 97565 101262 97905 
194449 95833 95883 95882 
194450 98133 98417 98132 
194451 94983 101258 95005 
194452 94788 101494 94789 
194453 96663 101275 96666 
194454 98571 99581 98888 
194455 97949 97981 97947 
194456 95558 101147 95356 
194457 97867 98188 97665 
194458 96189 96191 96133 
194459 99904 101008 99901 
194460 95963 95964 95961 
194461 98828 99741 99561 
194462 94813 100885 94816 
194463 97985 99069 97958 
194464 99588 101047 98766 
194465 96750 100668 96559 
194466 97360 97714 97502 
194467 101151 101363 100070 
194468 98814 98819 98816 
194469 95251 95252 95250 
194470 95771 95772 95700 
194471 98553 98567 98554 
194472 101480 102509 99184 
194473 100824 100825 95246 
194474 98150 99236 99235 
194475 97302 98079 97436 
194476 97395 97958 97394 
194477 101198 101410 5167 
194478 98816 100935 98818 
194479 97482 100806 97651 
194480 96089 96231 96091 
194481 94742 96438 94744 
194482 94468 101855 101703 
194483 96351 101358 96353 
194484 100642 100643 100641 
194485 98484 98485 97912 
194486 99343 101734 97749 
194487 98562 101237 97347 
194488 95815 100853 95813 
194489 98803 101217 98806 
194490 94921 101240 94929 
194491 96681 100896 96684 
194492 98453 101657 96324 
194493 101181 101402 5149 
194494 99716 100108 99722 
194495 97373 97718 97372 
194496 96050 96115 96049 
194497 98436 98641 98434 
194498 101167 102524 101295 
194499 95615 101668 95550 
194500 97981 100671 97947 
194501 97719 97969 97718 
194502 97672 98134 97698 
194503 98345 101342 97845 
194504 98025 98185 98021 
194505 100243 100244 98548 
194506 98821 100987 98823 
194507 96399 97060 96223 
194508 97237 97481 97480 
194509 98134 98919 98225 
194510 96077 101133 96079 
194511 94900 103584 103429 
194512 97937 101499 100074 
194513 97364 100828 96880 
194514 98919 99496 99495 
194515 96311 101140 95658 
194516 99496 100228 100173 
194517 95010 95020 95019 
194518 95191 95192 95189 
194519 101310 102519 100765 
194520 100978 100979 99062 
194521 95971 95972 95969 
194522 95575 95576 95498 
194523 100499 101470 100131 
194524 101246 101249 101248 
194525 98818 99269 98821 
194526 95404 101480 95405 
194527 96421 96424 96423 
194528 96049 101230 96047 
194529 95253 95254 95252 
194530 97771 98132 97770 
194531 95845 101255 96057 
194532 95102 101303 95381 
194533 96048 96049 96047 
194534 99077 100843 96059 
194535 96413 96419 96415 
194536 94748 94894 94750 
194537 98535 98536 97970 
194538 96065 101238 96067 
194539 97173 102003 100889 
194540 101406 101408 101404 
194541 99211 100111 99847 
194542 97883 101207 97885 
194543 98757 100255 99296 
194544 101966 103498 99514 
194545 97490 98479 97787 
194546 95876 96220 95875 
194547 95673 101530 96942 
194548 95891 101488 95889 
194549 98401 101968 100675 
194550 101328 101329 95014 
194551 97229 101352 97797 
194552 95975 95976 95973 
194553 99401 100268 99403 
194554 97390 98791 98051 
194555 95979 95980 95977 
194556 95984 100767 95981 
194557 98306 100425 97801 
194558 98461 98462 98459 
194559 100228 100230 100229 
194560 98362 98363 97868 
194561 96666 96668 96667 
194562 97481 97747 97482 
194563 98013 101356 97327 
194564 95071 100887 95507 
194565 98446 100927 95504 
194566 95197 95198 95195 
194567 95676 101252 95679 
194568 101087 101089 101088 
194569 97951 99258 96456 
194570 95020 95029 95028 
194571 100793 100794 100791 
194572 96093 101174 96095 
194573 96612 99272 96614 
194574 98058 100309 99285 
194575 102802 103600 101114 
194576 96868 101071 97258 
194577 96099 101002 96977 
194578 96103 101027 96283 
194579 95201 95202 95199 
194580 95736 97955 95488 
194581 95255 95256 95254 
194582 99793 100951 100950 
194583 100243 101241 100244 
194584 98547 98548 98366 
194585 94792 101508 94793 
194586 96437 97394 96291 
194587 96490 101292 96488 
194588 96424 97212 96425 
194589 98328 99590 98330 
194590 103477 103740 101205 
194591 96095 96207 96097 
194592 98710 99497 98711 
194593 98307 99105 97976 
194594 99497 101538 99498 
194595 96618 96621 96620 
194596 99013 100040 98255 
194597 101686 102390 102273 
194598 101096 101128 96308 
194599 95965 101168 95964 
194600 96409 96429 96411 
194601 97714 97881 97715 
194602 101462 101463 95585 
194603 101327 102442 100480 
194604 95087 95529 95089 
194605 101369 101370 94492 
194606 97547 97548 96933 
194607 100730 100732 100731 
194608 95029 95110 95109 
194609 99730 100902 98535 
194610 100125 100126 98641 
194611 100901 103361 99230 
194612 98086 99275 98755 
194613 98725 99101 98726 
194614 100409 102381 95656 
194615 94996 101652 94993 
194616 99924 99925 98613 
194617 98015 98591 97847 
194618 102023 102072 97815 
194619 99405 100189 99412 
194620 97457 97677 95592 
194621 96382 101083 96063 
194622 98336 98338 98060 
194623 98187 98410 97709 
194624 98262 99016 98261 
194625 98823 99243 99128 
194626 95083 96440 95085 
194627 97915 101527 98265 
194628 95110 95127 95126 
194629 101368 101369 94492 
194630 97429 101644 97014 
194631 97313 101738 96236 
194632 99758 99795 99165 
194633 95983 95984 95981 
194634 99163 99166 99161 
194635 101048 103925 101901 
194636 96773 96778 96772 
194637 97321 101663 98476 
194638 97475 101618 95377 
194639 97018 99324 96311 
194640 98479 101285 100616 
194641 102355 102416 100068 
194642 100731 101146 100728 
194643 96478 96978 96477 
194644 96622 101251 96624 
194645 100765 100766 95994 
194646 100676 101442 100677 
194647 94708 102363 94710 
194648 98425 100679 98610 
194649 100980 100981 99058 
194650 96916 100891 96919 
194651 5397 101385 94602 
194652 100165 102251 101913 
194653 98381 101164 98383 
194654 101097 101098 98097 
194655 98901 100862 98153 
194656 100455 100456 99655 
194657 95205 95206 95203 
194658 96099 96977 96101 
194659 96021 97370 96254 
194660 94695 101648 94754 
194661 95794 101081 95864 
194662 95104 101713 95103 
194663 97022 97023 97020 
194664 94826 94828 94827 
194665 5402 101381 94477 
194666 98060 100910 98059 
194667 94804 101519 94805 
194668 96541 101203 97413 
194669 98707 101185 98710 
194670 99503 100377 100376 
194671 98464 98465 98462 
194672 95346 102123 95572 
194673 96220 100990 97338 
194674 98245 99840 98244 
194675 98324 99894 98326 
194676 99076 100659 100658 
194677 100659 100663 100660 
194678 97791 101395 97154 
194679 99135 101267 98336 
194680 97881 98166 97882 
194681 99105 101046 97976 
194682 99206 102784 101492 
194683 95797 95875 95796 
194684 98383 98909 98385 
194685 95067 100866 96432 
194686 97644 100872 95729 
194687 94540 101820 101819 
194688 96132 96157 96131 
194689 102078 102089 95394 
194690 96985 97445 96982 
194691 98454 101625 97394 
194692 95209 95210 95207 
194693 96093 101175 101174 
194694 5395 101392 94537 
194695 98194 101290 98232 
194696 96184 102375 96396 
194697 100648 100649 100647 
194698 96314 100515 97382 
194699 96130 96131 96129 
194700 94753 96457 94762 
194701 97886 101362 99223 
194702 103745 103841 100108 
194703 97762 98455 98318 
194704 95063 100850 95501 
194705 96967 101096 96308 
194706 97163 97164 96967 
194707 5404 101386 94571 
194708 97894 98244 97652 
194709 97394 101625 96291 
194710 94891 101429 96973 
194711 100291 102688 98372 
194712 96779 96782 96778 
194713 99248 99548 99250 
194714 96904 101571 96907 
194715 98606 99448 98605 
194716 98531 100568 100567 
194717 5106 101690 5107 
194718 101343 101646 97681 
194719 101047 102633 98764 
194720 97771 98942 98133 
194721 99017 100128 99016 
194722 98466 99028 98465 
194723 95261 95262 95260 
194724 96247 100855 96069 
194725 96089 100925 96231 
194726 98166 98579 98167 
194727 95821 100638 95724 
194728 97488 97652 97341 
194729 95623 98409 98407 
194730 95518 95521 95520 
194731 101167 101295 101166 
194732 97356 101315 97397 
194733 96910 101029 96913 
194734 97532 101602 98201 
194735 97293 101293 97399 
194736 94766 94770 94768 
194737 97523 97962 97936 
194738 95566 95578 95577 
194739 96400 98301 96402 
194740 95213 95214 95211 
194741 94771 94774 94773 
194742 99027 100799 100798 
194743 97855 98562 97347 
194744 97314 97770 97313 
194745 96085 100895 96754 
194746 95217 95218 95215 
194747 98204 98205 97991 
194748 95601 101072 95693 
194749 98198 100453 100452 
194750 97957 98176 98077 
194751 98481 101031 98089 
194752 96755 101501 101328 
194753 96589 101364 96591 
194754 97403 97653 97404 
194755 96789 101517 96788 
194756 96103 96283 96107 
194757 95551 98275 98032 
194758 95422 101502 95423 
194759 97692 100299 98440 
194760 96488 97374 96487 
194761 97301 101647 100848 
194762 97976 101046 96437 
194763 97742 98358 97744 
194764 98823 100987 99243 
194765 101713 102107 98498 
194766 97810 102691 101434 
194767 95638 95639 95636 
194768 99325 103723 102330 
194769 98476 101663 100370 
194770 98089 98098 97415 
194771 95091 96442 95093 
194772 99842 103086 100181 
194773 96801 101518 96800 
194774 97962 99200 98938 
194775 97238 98347 97820 
194776 94816 94818 94817 
194777 95993 95994 95991 
194778 99966 100597 100596 
194779 94881 100848 99198 
194780 99874 101011 98834 
194781 100821 100822 94906 
194782 99221 100879 95866 
194783 99799 101112 101111 
194784 96954 100860 96073 
194785 97989 97990 97987 
194786 98791 99949 98792 
194787 96459 97362 97361 
194788 99180 99356 99179 
194789 95580 95608 95607 
194790 95958 100683 95955 
194791 98301 98323 98302 
194792 97535 101272 96240 
194793 95989 95990 95987 
194794 101490 103985 99995 
194795 96793 101521 96792 
194796 97651 103789 100044 
194797 94832 94834 94833 
194798 95500 101066 95531 
194799 98818 100935 99269 
194800 99357 99358 99356 
194801 100641 101709 97326 
194802 99491 101388 101387 
194803 97641 99133 97643 
194804 96624 99279 96626 
194805 95117 101713 96395 
194806 98732 99352 98258 
194807 95745 95779 95778 
194808 98199 98543 97499 
194809 99288 101270 99111 
194810 95610 95688 95687 
194811 101403 101404 94579 
194812 95267 95268 95266 
194813 99466 101503 99467 
194814 95893 95895 95894 
194815 97366 101380 98063 
194816 95574 99030 99009 
194817 97259 101430 97823 
194818 99668 101642 97632 
194819 98176 98754 98177 
194820 95269 95271 95268 
194821 95095 95557 95098 
194822 97579 98586 97049 
194823 95619 96526 95617 
194824 99255 101256 98732 
194825 96686 96693 96687 
194826 96975 98429 97540 
194827 95779 95823 95822 
194828 95628 95635 95621 
194829 95426 101514 95427 
194830 97995 98771 98447 
194831 94777 94780 94779 
194832 98395 101301 100849 
194833 95948 100448 95945 
194834 96630 96633 96632 
194835 96234 100956 96159 
194836 96446 101227 95788 
194837 95467 100961 95470 
194838 98597 99435 98598 
194839 97797 101352 101273 
194840 95831 100633 95717 
194841 98049 102872 99141 
194842 95430 101516 95431 
194843 99274 100411 99989 
194844 96023 102386 101206 
194845 96693 96753 96694 
194846 101100 101104 101103 
194847 98521 101608 98517 
194848 100284 101119 100287 
194849 98613 101356 98013 
194850 99133 100171 99134 
194851 101474 102853 98454 
194852 98293 101873 97445 
194853 96684 96686 96685 
194854 96009 96010 96007 
194855 95221 95222 95219 
194856 99204 100975 99126 
194857 5437 101399 94574 
194858 96113 96239 96146 
194859 95055 101923 95400 
194860 96797 101529 96796 
194861 94838 94840 94839 
194862 94633 101328 95014 
194863 100757 100758 99149 
194864 97414 97415 97296 
194865 95449 101260 95452 
194866 97573 102220 98657 
194867 95997 95998 95995 
194868 100171 100242 100172 
194869 99866 102171 99573 
194870 96178 96179 96177 
194871 95735 95745 95744 
194872 96529 101244 98416 
194873 94781 94784 94783 
194874 95442 95444 95443 
194875 98252 98305 97657 
194876 97898 99140 99139 
194877 95771 96310 96309 
194878 98479 98779 97787 
194879 99681 100838 99718 
194880 97632 101642 95037 
194881 96808 101001 96805 
194882 101402 101403 94579 
194883 96180 96229 96179 
194884 100672 100673 97946 
194885 98559 101675 100243 
194886 95272 95273 95271 
194887 94789 94792 94791 
194888 99314 101229 99734 
194889 96222 101133 96077 
194890 95115 95586 95125 
194891 96774 96776 96775 
194892 97310 101748 99427 
194893 97155 97341 96380 
194894 100820 102562 100821 
194895 95108 101222 95115 
194896 96628 101350 96630 
194897 5441 101393 101183 
194898 96397 101923 95053 
194899 94785 94788 94787 
194900 95942 100670 95939 
194901 98095 101097 98097 
194902 94710 101444 94712 
194903 95186 100772 95183 
194904 96616 101373 96618 
194905 99227 99954 99204 
194906 97731 101182 97742 
194907 96850 101673 96848 
194908 97653 97813 97654 
194909 100490 103211 100487 
194910 96230 96261 96229 
194911 96214 102187 100815 
194912 5409 101397 101180 
194913 96890 101389 96888 
194914 94631 101328 94633 
194915 94489 101155 5181 
194916 95851 97629 95841 
194917 97461 97464 97463 
194918 99734 99737 99736 
194919 96984 101604 96987 
194920 98762 101504 97808 
194921 95735 101348 95745 
194922 97624 97628 97626 
194923 98322 100596 97941 
194924 96293 101285 97490 
194925 96634 101271 96636 
194926 95242 101351 95239 
194927 96592 103215 101680 
194928 100786 102107 95104 
194929 102389 102718 97077 
194930 97993 102290 101972 
194931 95701 102142 101455 
194932 97414 98346 98089 
194933 100615 103494 5084 
194934 98221 98489 97639 
194935 95907 100787 96030 
194936 95847 101760 98180 
194937 96557 101263 96750 
194938 98448 101759 94952 
194939 97424 101346 97421 
194940 96262 97198 96261 
194941 99308 99309 99307 
194942 98457 100358 100054 
194943 97291 101078 97148 
194944 97773 100908 98457 
194945 96005 96006 96003 
194946 96502 97503 96501 
194947 96701 96703 96702 
194948 98884 99591 98885 
194949 98347 98349 98348 
194950 101675 101676 94880 
194951 95856 97120 95853 
194952 97927 98040 97291 
194953 97817 100871 99831 
194954 100803 100804 98269 
194955 96244 97441 96246 
194956 98872 99287 98110 
194957 94793 94796 94795 
194958 96583 100992 96585 
194959 5428 101418 94578 
194960 96636 98561 96638 
194961 96699 96701 96700 
194962 100322 100323 100321 
194963 95278 95279 95277 
194964 95932 100430 95929 
194965 95901 95903 95902 
194966 95073 101025 95075 
194967 5185 101254 94583 
194968 97935 101204 99274 
194969 97813 98027 97814 
194970 96749 100992 96583 
194971 100054 103765 95686 
194972 95858 96052 96051 
194973 95141 95143 95142 
194974 94797 94800 94799 
194975 95872 101282 95856 
194976 97470 97977 97903 
194977 94846 101470 94847 
194978 97343 101242 96238 
194979 100089 102509 101712 
194980 100115 100117 100116 
194981 98424 100681 100680 
194982 98806 101217 101145 
194983 98102 99888 95538 
194984 100872 102392 100924 
194985 94539 101190 5137 
194986 96144 96192 96054 
194987 94641 101344 94976 
194988 95280 95281 95279 
194989 100677 103255 100295 
194990 95393 95404 95403 
194991 98349 99524 99523 
194992 100362 100364 100363 
194993 96467 101491 96470 
194994 99310 99569 99309 
194995 99140 100052 99281 
194996 100360 100362 100361 
194997 100358 100360 100359 
194998 97271 100950 97075 
194999 100976 100977 99125 
195000 96052 96209 96208 
195001 94639 101344 94641 
195002 101011 102689 98832 
195003 94956 101445 95870 
195004 96395 101713 98498 
195005 97330 101221 96858 
195006 100040 101525 98255 
195007 96776 96780 96777 
195008 100255 100256 99296 
195009 96129 101349 96126 
195010 99219 99220 98305 
195011 97362 97876 97875 
195012 100505 102475 97218 
195013 96519 101317 96516 
195014 98594 98604 98117 
195015 99785 103665 99784 
195016 97883 97885 97483 
195017 100833 103141 97661 
195018 95405 95408 95407 
195019 96147 101770 99494 
195020 96466 97458 96469 
195021 97920 98075 97716 
195022 101547 101548 98115 
195023 96270 96271 96269 
195024 95742 101313 95755 
195025 94801 94804 94803 
195026 99108 101481 97525 
195027 97476 103747 100856 
195028 5418 101420 94580 
195029 96703 96705 96704 
195030 96645 96648 96647 
195031 96580 96581 96579 
195032 97464 97466 97465 
195033 98951 100422 98874 
195034 95057 101447 95059 
195035 97331 100926 96277 
195036 96651 96654 96653 
195037 95159 101141 96975 
195038 100563 101735 98312 
195039 96268 96269 96267 
195040 102304 103340 100349 
195041 95282 95284 95281 
195042 97466 97470 97468 
195043 95409 95412 95411 
195044 98396 100993 94828 
195045 96658 102944 102808 
195046 94462 101177 5172 
195047 101206 102386 99962 
195048 96042 96043 96040 
195049 99576 99577 99575 
195050 95498 101323 95495 
195051 98851 102072 102023 
195052 96038 96039 96036 
195053 99054 100849 100197 
195054 96476 96477 96474 
195055 95926 100798 95923 
195056 95830 95858 95857 
195057 96780 96784 96781 
195058 96067 101238 96247 
195059 94805 94808 94807 
195060 98063 101380 99813 
195061 95231 95232 95229 
195062 95909 100787 95907 
195063 95439 100999 95442 
195064 96640 96644 96643 
195065 96125 101374 96116 
195066 98605 101395 97791 
195067 99112 99289 99288 
195068 95235 95236 95233 
195069 98429 98671 98430 
195070 97478 101779 95570 
195071 99574 99575 99573 
195072 98889 100279 98890 
195073 94854 101471 94855 
195074 96034 96035 96032 
195075 96809 96810 96808 
195076 101161 101163 101162 
195077 5425 101678 101197 
195078 94471 101181 5148 
195079 95507 101025 95073 
195080 95918 100600 95915 
195081 97801 100425 98230 
195082 94844 101012 96527 
195083 99345 100178 98953 
195084 98237 100947 100944 
195085 98568 98571 98570 
195086 99437 101294 99466 
195087 98653 99636 99635 
195088 100259 102265 99307 
195089 99578 99579 99577 
195090 100144 100154 100146 
195091 98671 99872 98672 
195092 97869 98558 97870 
195093 100930 101312 100929 
195094 96305 96473 96156 
195095 99790 103748 103730 
195096 96373 101322 96375 
195097 97923 98237 97924 
195098 100646 101709 100641 
195099 99797 99798 98075 
195100 94456 101840 101839 
195101 96989 98306 97801 
195102 100874 101314 100655 
195103 98550 98553 98552 
195104 96784 96903 96785 
195105 96520 97214 96519 
195106 97849 98260 98259 
195107 95452 95454 95453 
195108 96480 101336 96478 
195109 96903 101571 96904 
195110 95005 101258 97842 
195111 94809 94812 94811 
195112 95285 95287 95284 
195113 96592 101154 96587 
195114 96272 96273 96271 
195115 100177 101268 99119 
195116 97792 101763 101761 
195117 98814 100938 98819 
195118 95913 95915 95914 
195119 100081 102956 100257 
195120 100689 100690 97383 
195121 96046 96047 96044 
195122 96655 96658 96657 
195123 95227 95228 95225 
195124 101853 101854 94468 
195125 98490 99189 98159 
195126 96659 96662 96661 
195127 100889 101318 96386 
195128 98922 101428 99157 
195129 100996 102109 96740 
195130 94453 101847 101846 
195131 97395 98931 97985 
195132 100682 101513 100190 
195133 94450 101198 5166 
195134 95149 95151 95150 
195135 100694 100886 100691 
195136 96386 97711 96387 
195137 99436 101294 99437 
195138 96829 102723 100168 
195139 95288 95289 95287 
195140 98701 101250 98703 
195141 96663 96666 96665 
195142 98707 98710 98709 
195143 101695 101696 94488 
195144 95415 95418 95417 
195145 96587 101154 96589 
195146 99148 101507 101506 
195147 97000 97576 97355 
195148 99110 99112 99111 
195149 95458 95460 95459 
195150 94736 103662 100161 
195151 99233 100810 99234 
195152 95876 96290 96221 
195153 96907 96909 96908 
195154 98484 100531 98487 
195155 97061 97666 97665 
195156 94958 101759 94984 
195157 97867 100971 98415 
195158 97458 97460 97459 
195159 96216 96226 96225 
195160 97457 98360 98088 
195161 95419 95422 95421 
195162 96486 96487 96484 
195163 99580 99900 99579 
195164 96482 96483 96480 
195165 95170 100434 95167 
195166 98146 98288 98147 
195167 97338 100990 98333 
195168 99530 99533 99532 
195169 98983 101309 98985 
195170 97823 101430 98597 
195171 95033 101225 101076 
195172 100592 102949 100591 
195173 95753 95850 95805 
195174 95751 96164 96163 
195175 101424 101525 100040 
195176 100906 101337 100907 
195177 101023 103697 103445 
195178 96913 96915 96914 
195179 96390 96936 96935 
195180 95575 98491 95624 
195181 98703 98706 98705 
195182 94581 101615 5161 
195183 100140 100505 100142 
195184 97417 97923 97418 
195185 94929 101240 96462 
195186 98335 98613 98013 
195187 98075 101111 97716 
195188 102452 104008 100342 
195189 95106 102638 100319 
195190 97722 99196 98074 
195191 96280 96281 96279 
195192 99498 99503 99500 
195193 95917 95919 95918 
195194 95241 95242 95239 
195195 5329 104058 100181 
195196 95249 95250 95247 
195197 96057 101255 99077 
195198 100588 101354 98747 
195199 99907 99908 99906 
195200 97939 97941 97940 
195201 98063 99813 98933 
195202 97750 98343 98289 
195203 96278 96279 96277 
195204 101857 103165 101974 
195205 95245 95246 95243 
195206 96823 96824 96822 
195207 99550 102404 99009 
195208 98277 100080 99455 
195209 98997 102968 102420 
195210 97797 101273 98173 
195211 98931 100418 100130 
195212 101191 101192 101190 
195213 101541 102867 101249 
195214 97212 101788 96425 
195215 96709 96711 96710 
195216 5444 101412 94600 
195217 99197 100831 100830 
195218 94532 101857 101856 
195219 100880 102511 100879 
195220 99905 99906 99904 
195221 101016 101019 101018 
195222 96282 96443 96281 
195223 97808 101504 97806 
195224 98173 98557 98556 
195225 95864 101081 99221 
195226 95381 101303 98446 
195227 95510 101831 101479 
195228 98195 99343 97749 
195229 95047 102178 95505 
195230 98185 101115 101114 
195231 95157 95159 95158 
195232 96124 96125 96116 
195233 97002 100584 100583 
195234 97711 98161 97712 
195235 98161 99441 98162 
195236 96952 97508 97123 
195237 97666 97868 97867 
195238 101703 101704 94588 
195239 96825 96826 96824 
195240 96186 101628 96248 
195241 94796 101510 94797 
195242 99673 101729 99675 
195243 98017 102807 102342 
195244 95389 101462 95585 
195245 101102 101764 101099 
195246 96290 96433 96291 
195247 95830 101376 95858 
195248 98125 98605 97791 
195249 96433 97976 96437 
195250 95464 95466 95465 
195251 96134 96190 96189 
195252 101508 101651 101509 
195253 100897 103443 99332 
195254 99909 99910 99908 
195255 95672 95675 95674 
195256 95673 96942 96941 
195257 96492 96493 96490 
195258 95869 96134 96133 
195259 98670 99337 99278 
195260 95933 101149 96988 
195261 96136 102308 100684 
195262 97992 100994 99064 
195263 96199 101524 97429 
195264 96385 97865 97660 
195265 96715 96717 96716 
195266 98297 99233 98322 
195267 95850 95869 95868 
195268 99338 99436 99340 
195269 99861 100846 99179 
195270 101859 101860 94526 
195271 95423 95426 95425 
195272 96744 96759 96688 
195273 95676 95679 95678 
195274 98112 98468 98467 
195275 95742 95755 95752 
195276 98360 99655 99654 
195277 98457 100908 100358 
195278 99823 101396 99244 
195279 100691 100692 100690 
195280 100781 103473 94437 
195281 100809 101481 99108 
195282 99467 99491 99469 
195283 95826 102222 100943 
195284 96787 96788 96783 
195285 96677 96680 96679 
195286 95790 95819 95817 
195287 95488 101513 95489 
195288 96673 96676 96675 
195289 95611 101779 95706 
195290 95703 101455 96312 
195291 101434 101436 101435 
195292 97449 97451 97450 
195293 101081 102402 99221 
195294 99437 99466 99439 
195295 97474 98019 98018 
195296 101156 101158 101155 
195297 95736 100297 99190 
195298 96128 96129 96126 
195299 96965 97283 97282 
195300 97205 101080 96177 
195301 96496 96497 96494 
195302 95171 101178 96989 
195303 99605 103594 100367 
195304 100740 102268 97094 
195305 97400 102042 101807 
195306 98162 101493 98164 
195307 96669 96672 96671 
195308 94822 101224 94823 
195309 96164 96166 96165 
195310 95158 100847 95155 
195311 96827 96828 96826 
195312 97638 101500 98086 
195313 95427 95430 95429 
195314 96393 102178 95045 
195315 99460 102230 98663 
195316 101871 101872 94525 
195317 96791 96792 96789 
195318 96020 96151 96150 
195319 99010 100121 100120 
195320 95925 95927 95926 
195321 96166 96182 96167 
195322 96400 101742 98301 
195323 99057 99058 99019 
195324 96709 100813 97518 
195325 101801 103553 103387 
195326 99061 99062 99059 
195327 101137 101852 97190 
195328 95666 95681 95668 
195329 101989 102409 98657 
195330 98547 98559 98548 
195331 99984 99986 99985 
195332 100147 100174 100149 
195333 95298 95299 95297 
195334 95163 95165 95164 
195335 98160 101525 101424 
195336 96829 96830 96828 
195337 96597 96598 96596 
195338 98362 98364 98363 
195339 96548 101663 96551 
195340 99612 102499 100381 
195341 97076 101266 98493 
195342 98358 101756 97744 
195343 100913 100918 100917 
195344 96500 96501 96498 
195345 95608 101557 95607 
195346 97451 101496 97450 
195347 100011 101311 98647 
195348 95480 101481 95481 
195349 96795 96796 96793 
195350 99243 99244 99128 
195351 99122 99981 99859 
195352 95142 100837 95139 
195353 95233 101239 95232 
195354 97532 98201 98191 
195355 98059 100910 98944 
195356 96919 96921 96920 
195357 95505 102257 95049 
195358 95385 100893 95268 
195359 98897 100291 96445 
195360 99124 99125 99063 
195361 94823 94826 94825 
195362 99911 100059 99910 
195363 95431 95434 95433 
195364 95300 95301 95299 
195365 97421 97544 96260 
195366 97174 97427 97426 
195367 95660 95685 95662 
195368 96944 96946 96945 
195369 98479 100616 99465 
195370 97472 97474 97473 
195371 97276 97497 97496 
195372 96942 96944 96943 
195373 102300 102420 97269 
195374 96176 96177 96158 
195375 99326 101751 97724 
195376 99178 99179 99029 
195377 97915 98265 97917 
195378 101020 103409 100385 
195379 96242 101764 96244 
195380 99271 100137 100136 
195381 97240 100858 97241 
195382 95435 95438 95437 
195383 97555 101525 98160 
195384 95106 102439 102048 
195385 97896 97897 97884 
195386 100060 100061 100059 
195387 95693 101072 97644 
195388 98529 101417 98920 
195389 98468 98470 98469 
195390 98278 99000 98280 
195391 99203 99204 99126 
195392 97823 98597 98214 
195393 97010 97294 97293 
195394 96717 96719 96718 
195395 94813 94816 94815 
195396 97492 98935 98105 
195397 97585 98421 97586 
195398 95265 95266 95263 
195399 99241 99771 99558 
195400 96831 96832 96830 
195401 96946 96948 96947 
195402 100116 101342 98345 
195403 96419 101810 96415 
195404 100831 100833 100832 
195405 96681 96684 96683 
195406 99501 102379 98582 
195407 97922 99792 97271 
195408 101462 101469 101465 
195409 94587 101688 101687 
195410 5130 94565 5131 
195411 5010 94540 5011 
195412 95259 95260 95257 
195413 97905 98278 97906 
195414 99695 103136 99697 
195415 97081 101658 97345 
195416 97905 101262 98369 
195417 99099 101097 98095 
195418 95302 95303 95301 
195419 96803 96804 96801 
195420 95085 101537 95087 
195421 96799 96800 96797 
195422 98563 99329 99148 
195423 95150 101526 95147 
195424 100062 100064 100061 
195425 95964 101168 101167 
195426 94959 94961 94960 
195427 94592 101718 101717 
195428 95531 101066 98005 
195429 94829 94832 94831 
195430 95439 95442 95441 
195431 94819 94822 94821 
195432 98930 101202 98025 
195433 95304 95305 95303 
195434 100742 100743 100741 
195435 98025 101202 98185 
195436 94587 101689 101688 
195437 100871 102460 102324 
195438 94655 101433 94657 
195439 97961 98840 98839 
195440 99161 101631 99159 
195441 98095 98097 97535 
195442 95679 95683 95680 
195443 95931 95933 95932 
195444 103511 103689 99841 
195445 95675 101252 95676 
195446 97576 100170 97759 
195447 101279 101280 99739 
195448 97718 101737 97372 
195449 97865 98617 97866 
195450 96833 96834 96832 
195451 101405 101406 101404 
195452 100102 103499 100760 
195453 95591 97592 97526 
195454 98470 99757 98471 
195455 97821 97878 97836 
195456 95529 100816 95089 
195457 100292 102718 102389 
195458 96939 96940 96689 
195459 95169 95171 95170 
195460 95755 95787 95756 
195461 100320 100321 99359 
195462 98373 98374 98371 
195463 98265 99046 98359 
195464 99121 99926 99819 
195465 99990 101008 99904 
195466 100801 102901 97213 
195467 97044 97325 97045 
195468 97490 101285 98479 
195469 94657 101433 94899 
195470 99305 99307 99303 
195471 97673 97674 96759 
195472 95683 95737 95684 
195473 95375 101469 101462 
195474 95306 95307 95305 
195475 95737 95798 95738 
195476 97953 98131 97954 
195477 98201 99646 99417 
195478 96723 96725 96724 
195479 96506 96507 96504 
195480 95120 101742 95372 
195481 98498 102107 98500 
195482 95819 95873 95820 
195483 95787 96446 95788 
195484 95455 101453 95458 
195485 96807 96808 96805 
195486 94858 94860 94859 
195487 94866 94868 94867 
195488 99449 101512 98047 
195489 96699 101041 98405 
195490 100419 101816 97911 
195491 96835 96836 96834 
195492 94603 94606 94605 
195493 95470 95472 95471 
195494 98233 98234 97897 
195495 95051 102257 96397 
195496 95707 95709 95708 
195497 98046 98047 97674 
195498 94850 94852 94851 
195499 97163 97585 97164 
195500 99898 104011 101448 
195501 94984 101759 96962 
195502 96483 101336 96480 
195503 95768 101544 95770 
195504 95448 101260 95449 
195505 95949 101201 97002 
195506 98133 101357 99293 
195507 96514 96515 96512 
195508 99851 99931 99852 
195509 98988 101851 98986 
195510 96151 96237 96152 
195511 98560 101737 97718 
195512 95937 95939 95938 
195513 94607 95801 94609 
195514 94844 94846 94845 
195515 97630 99118 97916 
195516 96837 96838 96836 
195517 97089 103794 100149 
195518 97957 101756 98176 
195519 95873 96456 95874 
195520 97267 101322 96373 
195521 97446 98060 98059 
195522 95653 95657 95654 
195523 98404 100081 99457 
195524 95651 95653 95652 
195525 97592 97998 97841 
195526 98350 98351 98234 
195527 96518 96519 96516 
195528 96510 96511 96508 
195529 95089 100816 95091 
195530 95649 95651 95650 
195531 96988 101044 101043 
195532 101792 102780 100337 
195533 100652 103601 99842 
195534 95445 95448 95447 
195535 5101 94458 5102 
195536 5070 94457 5071 
195537 5079 94455 5080 
195538 5031 94456 5032 
195539 5057 94454 5058 
195540 5044 94453 5045 
195541 5092 94452 5093 
195542 5109 94459 5110 
195543 95308 95310 95307 
195544 95657 96311 95658 
195545 94536 101254 5184 
195546 98141 101800 101428 
195547 96662 101275 96663 
195548 97855 98563 98562 
195549 97639 101547 96957 
195550 96919 100891 97812 
195551 98925 103015 102409 
195552 94860 94862 94861 
195553 94852 94854 94853 
195554 98157 99519 99518 
195555 97878 98496 98495 
195556 95276 95277 95274 
195557 5127 94533 5128 
195558 96839 96840 96838 
195559 97427 97486 97428 
195560 94570 101383 101382 
195561 5013 94534 5014 
195562 94835 94838 94837 
195563 96630 101350 96633 
195564 96237 97343 96238 
195565 96696 96699 96698 
195566 94881 94883 94882 
195567 95646 95649 95647 
195568 99572 99573 99570 
195569 94868 94870 94869 
195570 100696 100697 100695 
195571 96255 96314 96313 
195572 97497 97599 97598 
195573 95175 95177 95176 
195574 100488 100492 100491 
195575 96904 96907 96906 
195576 95642 95644 95643 
195577 97461 101767 97464 
195578 5064 94466 5065 
195579 5037 94468 5038 
195580 5085 94467 5086 
195581 5051 94469 5052 
195582 95644 95646 95645 
195583 5124 94488 5125 
195584 96484 101426 96483 
195585 95941 95943 95942 
195586 94872 94874 94873 
195587 5016 94484 5017 
195588 94623 101523 94625 
195589 94870 94872 94871 
195590 94613 95626 94615 
195591 99499 103673 103419 
195592 95311 95312 95310 
195593 98541 101618 97475 
195594 96442 101139 95093 
195595 99083 99084 98096 
195596 97547 97953 97548 
195597 94874 94876 94875 
195598 98255 101525 97557 
195599 99381 103334 101135 
195600 96609 96610 96608 
195601 98352 98353 98351 
195602 95640 95642 95641 
195603 101242 102440 102287 
195604 101435 101437 94899 
195605 96733 97240 96734 
195606 98496 99849 99848 
195607 94595 103620 100187 
195608 97511 101355 96334 
195609 96281 101791 96279 
195610 94487 101691 101690 
195611 101561 103298 100811 
195612 100304 101321 98402 
195613 96841 96842 96840 
195614 96813 96814 96811 
195615 96454 100304 98402 
195616 99767 99768 99764 
195617 100831 103141 100833 
195618 99087 101335 99759 
195619 97486 98153 97487 
195620 95461 101476 95464 
195621 98587 98886 98588 
195622 95449 95452 95451 
195623 96266 96267 96264 
195624 94838 100675 96455 
195625 96817 96818 96815 
195626 97785 97786 97544 
195627 99272 101265 96614 
195628 98207 98208 97786 
195629 99804 99805 99769 
195630 96706 96709 96708 
195631 97485 101353 96343 
195632 98354 98830 98353 
195633 96910 96913 96912 
195634 96748 96761 96641 
195635 98840 99264 98841 
195636 96729 96733 96730 
195637 95313 95314 95312 
195638 95476 95478 95477 
195639 99935 100347 100346 
195640 94661 101439 94663 
195641 102292 102432 99218 
195642 99769 101367 99768 
195643 94883 94885 94884 
195644 97294 97537 97536 
195645 98301 101742 100266 
195646 96985 97446 97445 
195647 97599 97601 97600 
195648 99522 100258 98242 
195649 5120 94479 5121 
195650 95470 100961 96528 
195651 5020 94478 5021 
195652 96684 100896 96751 
195653 96441 100823 95250 
195654 98187 99212 98410 
195655 94619 95513 94621 
195656 98450 100217 98452 
195657 101372 103712 100420 
195658 98553 100582 99237 
195659 97056 97354 97353 
195660 96843 96844 96842 
195661 97457 101730 98360 
195662 101237 102277 96104 
195663 99762 99763 98638 
195664 94885 94887 94886 
195665 98655 99292 98908 
195666 99118 100177 99119 
195667 94725 102769 100735 
195668 102894 103902 100124 
195669 100347 100350 100348 
195670 98258 101796 97856 
195671 96954 102025 100860 
195672 95947 95949 95948 
195673 94625 95364 94627 
195674 97246 97248 97247 
195675 98042 103686 101423 
195676 100698 100699 100697 
195677 95455 95458 95457 
195678 98827 100501 100500 
195679 5122 94593 5123 
195680 5018 94591 5019 
195681 97244 97246 97245 
195682 95706 101779 98538 
195683 94674 94676 94675 
195684 98263 99213 99205 
195685 97537 97893 97892 
195686 95841 101637 95774 
195687 97356 97357 96453 
195688 95478 95480 95479 
195689 96987 101604 97527 
195690 95638 95640 95639 
195691 95641 101299 95639 
195692 95508 102441 95299 
195693 97601 97603 97602 
195694 96845 96846 96844 
195695 101423 103686 98160 
195696 5082 94524 5083 
195697 5054 94526 5055 
195698 5067 94531 5068 
195699 5034 94532 5035 
195700 96142 102619 101120 
195701 96913 101029 97837 
195702 97333 101705 97336 
195703 97825 97826 96940 
195704 96444 98545 98397 
195705 94672 94674 94673 
195706 97467 99035 98308 
195707 96763 98387 96450 
195708 96821 96822 96819 
195709 98348 100569 97820 
195710 95093 101139 95095 
195711 100331 100332 100330 
195712 95709 95711 95710 
195713 101402 101407 101403 
195714 97668 101358 96351 
195715 5115 94473 5116 
195716 5025 94472 5026 
195717 96477 101050 96474 
195718 97248 97250 97249 
195719 5103 94584 5104 
195720 5107 94587 5108 
195721 94961 94963 94962 
195722 5039 94588 5040 
195723 5087 94589 5088 
195724 97603 97605 97604 
195725 5049 94590 5050 
195726 98831 98832 98830 
195727 103107 103865 103773 
195728 99903 99904 99901 
195729 5062 94595 5063 
195730 98203 99109 99108 
195731 98164 101493 99621 
195732 95628 95636 95635 
195733 95181 95183 95182 
195734 96239 96240 96146 
195735 99737 101279 99736 
195736 98209 98210 97826 
195737 97250 97252 97251 
195738 98395 99054 99053 
195739 96451 100764 95998 
195740 95740 101313 95742 
195741 98890 101021 97977 
195742 95344 101789 95342 
195743 96314 96316 96315 
195744 95953 95955 95954 
195745 99628 99629 98611 
195746 98287 102306 100779 
195747 96847 96848 96846 
195748 94816 100885 96472 
195749 100004 100005 99629 
195750 5060 94527 5061 
195751 5041 94529 5042 
195752 5047 94528 5048 
195753 5089 94530 5090 
195754 99516 101360 97432 
195755 101032 103667 102741 
195756 5077 94585 5078 
195757 5094 94586 5095 
195758 95711 95713 95712 
195759 5099 94596 5100 
195760 5072 94597 5073 
195761 101018 101478 101017 
195762 100700 100702 100699 
195763 98442 100209 98532 
195764 97605 97607 97606 
195765 96467 96470 96468 
195766 96618 101373 96621 
195767 101463 101466 101464 
195768 98930 102555 101202 
195769 99953 103466 100410 
195770 99254 100994 97992 
195771 101433 101435 94899 
195772 96591 101364 100996 
195773 96925 97203 96926 
195774 95872 101284 101282 
195775 100093 100269 100094 
195776 94978 101497 94989 
195777 96294 102705 100296 
195778 97252 97332 97253 
195779 95461 95464 95463 
195780 99622 101108 99753 
195781 5028 94525 5029 
195782 94899 101438 94659 
195783 95319 95320 95318 
195784 5112 94535 5113 
195785 101504 101900 97806 
195786 95713 95715 95714 
195787 96276 96277 96274 
195788 94633 95014 94635 
195789 5118 94592 5119 
195790 97779 101824 98584 
195791 94629 96755 94631 
195792 5022 94594 5023 
195793 101039 101938 97054 
195794 95185 95187 95186 
195795 99805 101367 99769 
195796 95281 102532 95399 
195797 96403 96405 96404 
195798 5105 94487 5106 
195799 98491 101758 95624 
195800 102646 102777 100546 
195801 96316 96318 96317 
195802 98375 98376 98374 
195803 95957 95959 95958 
195804 99935 102482 100349 
195805 95715 95717 95716 
195806 102520 102607 95567 
195807 97607 97609 97608 
195808 95321 95322 95320 
195809 97579 98587 98586 
195810 98199 98678 98543 
195811 98833 98834 98832 
195812 98305 101791 97657 
195813 96318 96320 96319 
195814 99483 100423 99810 
195815 99104 100219 100218 
195816 96621 96622 96620 
195817 96849 96850 96848 
195818 94963 94965 94964 
195819 98164 99621 98574 
195820 98378 98379 98376 
195821 95445 101639 95448 
195822 100586 101148 100327 
195823 100080 103438 99455 
195824 96183 98492 98072 
195825 95717 95720 95718 
195826 98957 102559 99311 
195827 100551 100553 100552 
195828 95533 101730 95536 
195829 97332 101705 97333 
195830 99396 101379 99399 
195831 100198 100200 100199 
195832 99244 101396 99246 
195833 95581 101479 95748 
195834 97927 98263 98040 
195835 96932 97455 97454 
195836 94637 96760 94639 
195837 94682 94684 94683 
195838 99736 101279 99739 
195839 94680 94682 94681 
195840 96668 100998 96669 
195841 95484 95486 95485 
195842 5097 94485 5098 
195843 5074 94486 5075 
195844 100703 100704 100702 
195845 98424 98425 98423 
195846 96916 96919 96918 
195847 98176 101756 99877 
195848 95292 95293 95290 
195849 97336 97411 97410 
195850 96054 101284 95872 
195851 95720 95722 95721 
195852 96523 98436 98434 
195853 100660 102453 100662 
195854 101272 101764 96242 
195855 99054 100196 100195 
195856 94863 94866 94865 
195857 96712 96715 96714 
195858 94487 101692 101691 
195859 95323 95324 95322 
195860 96516 101317 96515 
195861 96851 96852 96850 
195862 97188 101001 96808 
195863 98268 99326 97724 
195864 99394 103035 99396 
195865 98835 98911 98834 
195866 96320 96322 96321 
195867 94855 94858 94857 
195868 100608 100610 100607 
195869 96842 101773 96840 
195870 97411 99489 98291 
195871 101099 101764 101272 
195872 100705 100707 100704 
195873 100690 101773 97383 
195874 94684 94686 94685 
195875 94641 94976 94643 
195876 97208 97271 97075 
195877 97609 97611 97610 
195878 95296 95297 95294 
195879 99191 100211 100190 
195880 97529 97530 97057 
195881 99793 100950 97271 
195882 96422 98480 96428 
195883 95177 101289 96996 
195884 95722 95724 95723 
195885 96741 98687 97430 
195886 100963 101715 98511 
195887 96322 96324 96323 
195888 94886 101555 94889 
195889 98610 98611 98427 
195890 97061 101754 97666 
195891 100967 100969 100968 
195892 94847 94850 94849 
195893 96369 101709 96371 
195894 98455 101361 100194 
195895 94877 94881 94879 
195896 95806 95808 95807 
195897 96202 101540 96204 
195898 94855 101471 94858 
195899 99671 99673 99672 
195900 99667 99669 99668 
195901 98580 102379 99730 
195902 100182 100975 99204 
195903 97076 98493 97078 
195904 95191 95193 95192 
195905 96853 96854 96852 
195906 97919 98368 98367 
195907 96470 96993 96471 
195908 95325 95326 95324 
195909 98485 99560 98486 
195910 99279 101305 96626 
195911 95481 101481 95484 
195912 95724 95727 95725 
195913 97731 97736 97732 
195914 100708 100709 100707 
195915 99117 103803 103324 
195916 96993 97695 96994 
195917 100710 100712 100709 
195918 95963 95965 95964 
195919 95033 95035 95034 
195920 97611 97613 97612 
195921 94965 94967 94966 
195922 101854 101855 94468 
195923 97935 99273 98065 
195924 97340 101389 96890 
195925 95967 95969 95968 
195926 97399 101293 97831 
195927 96405 96407 96406 
195928 94712 101444 94910 
195929 97465 101110 97463 
195930 101509 101510 94796 
195931 95035 95037 95036 
195932 95467 95470 95469 
195933 100898 100899 95980 
195934 102953 103566 94519 
195935 98000 99037 98100 
195936 101227 102432 102292 
195937 94841 94844 94843 
195938 98360 101730 100454 
195939 94887 101640 101555 
195940 97945 97947 97946 
195941 96487 101426 96484 
195942 94635 101331 94637 
195943 100244 101127 101126 
195944 95753 101758 95850 
195945 97565 97905 97572 
195946 101749 101750 101192 
195947 97613 97615 97614 
195948 94686 94688 94687 
195949 95727 95750 95749 
195950 97041 97044 97043 
195951 96328 96330 96329 
195952 96855 96856 96854 
195953 102287 102440 100310 
195954 97573 98657 97828 
195955 98581 98582 98580 
195956 95877 101775 95811 
195957 100394 100398 100397 
195958 94967 94969 94968 
195959 95327 95328 95326 
195960 100200 100203 100201 
195961 100333 100334 100332 
195962 96183 101520 98492 
195963 97949 97982 97981 
195964 97428 101475 97426 
195965 96614 101265 96616 
195966 94649 94922 94651 
195967 95372 95391 95373 
195968 97773 98069 97774 
195969 94969 94971 94970 
195970 94971 94979 94972 
195971 94979 94993 94980 
195972 94847 101470 94850 
195973 100041 103779 94534 
195974 97055 100767 95984 
195975 99626 99627 98541 
195976 95077 101550 95079 
195977 96330 96332 96331 
195978 100398 100400 100399 
195979 97615 97617 97616 
195980 100203 100222 100204 
195981 97433 97510 96761 
195982 98882 99241 99240 
195983 95971 95973 95972 
195984 95293 101528 95290 
195985 94688 94690 94689 
195986 94770 94771 94768 
195987 95197 95199 95198 
195988 100400 100403 100402 
195989 5398 94490 5399 
195990 95808 95813 95809 
195991 98110 101721 97286 
195992 98480 98643 98642 
195993 5397 94602 5398 
195994 96766 97696 96768 
195995 99517 100671 97981 
195996 5400 94570 5401 
195997 95813 95879 95814 
195998 96305 96474 96473 
195999 100558 100562 100561 
196000 5395 94537 5396 
196001 100237 100369 96757 
196002 5402 94477 5403 
196003 101051 101052 96473 
196004 95201 95203 95202 
196005 97877 99516 97432 
196006 5180 94489 5181 
196007 100222 100224 100223 
196008 95379 95383 95380 
196009 97830 99480 98946 
196010 97464 101767 97691 
196011 95772 97817 97679 
196012 95329 95330 95328 
196013 97617 97619 97618 
196014 95750 95792 95791 
196015 98042 101829 97549 
196016 5178 94572 5179 
196017 99209 102607 102520 
196018 98643 99075 98644 
196019 99673 99675 99674 
196020 94645 97713 94647 
196021 95975 95977 95976 
196022 96770 96773 96772 
196023 96476 96478 96477 
196024 98388 98389 98387 
196025 95486 95488 95487 
196026 5176 94476 5177 
196027 94690 94692 94691 
196028 96633 96634 96632 
196029 5183 94536 5184 
196030 100090 101335 99087 
196031 101426 102366 96483 
196032 96332 96334 96333 
196033 97354 100097 97645 
196034 94774 94775 94773 
196035 95879 96223 95880 
196036 97580 98262 98261 
196037 99789 99790 99788 
196038 97992 99064 97510 
196039 99075 100024 99186 
196040 98909 98910 98385 
196041 5404 94571 5405 
196042 96857 96858 96856 
196043 5393 94582 5394 
196044 95041 95043 95042 
196045 95792 95837 95836 
196046 98583 98898 98582 
196047 95492 95494 95493 
196048 94989 101497 97542 
196049 94929 94974 94930 
196050 97320 97912 97911 
196051 97527 101362 97886 
196052 102654 102722 101541 
196053 5174 94573 5175 
196054 95494 95498 95495 
196055 96334 96336 96335 
196056 95334 101716 95331 
196057 100769 101473 98577 
196058 98390 98391 98389 
196059 100713 100714 100712 
196060 96990 101539 100434 
196061 5185 94583 5186 
196062 5439 94491 5440 
196063 98963 98965 98964 
196064 94692 94694 94693 
196065 100932 102488 96743 
196066 99037 99835 99425 
196067 100335 100336 100334 
196068 95979 95981 95980 
196069 5139 94492 5140 
196070 95404 95405 95403 
196071 99838 100252 98295 
196072 94818 101004 94819 
196073 96458 101551 100600 
196074 99799 101111 98075 
196075 97918 99210 97972 
196076 98392 98393 98391 
196077 98965 98967 98966 
196078 97041 101798 97044 
196079 5407 94463 5408 
196080 5437 94574 5438 
196081 96250 96253 96252 
196082 96720 96723 96722 
196083 98092 101830 99360 
196084 96762 99409 97858 
196085 96057 96059 96058 
196086 5141 94576 5142 
196087 95589 95599 95590 
196088 95205 95207 95206 
196089 95257 100669 95256 
196090 99883 99884 99430 
196091 5171 94462 5172 
196092 95476 101778 95478 
196093 96336 96338 96337 
196094 99675 99677 99676 
196095 97886 99223 97888 
196096 95331 101716 95330 
196097 101972 102290 99263 
196098 95837 96018 96017 
196099 5435 94480 5436 
196100 96859 96860 96858 
196101 95473 95476 95475 
196102 5433 94575 5434 
196103 95388 102823 101298 
196104 97850 101574 98070 
196105 96922 96925 96924 
196106 5431 94470 5432 
196107 94657 94899 94659 
196108 5410 94517 5411 
196109 96220 97338 97323 
196110 95043 95045 95044 
196111 5143 94481 5144 
196112 96059 96061 96060 
196113 99783 100150 99785 
196114 97995 98447 97396 
196115 5145 94577 5146 
196116 96469 101491 96467 
196117 96983 101898 96985 
196118 5147 94471 5148 
196119 95983 95985 95984 
196120 95894 101488 95891 
196121 97619 97621 97620 
196122 98967 98969 98968 
196123 98436 100125 98641 
196124 5168 94518 5169 
196125 5392 101161 5393 
196126 5442 94538 5443 
196127 96529 97899 96530 
196128 98837 101649 98835 
196129 98610 100679 99881 
196130 95693 95729 95694 
196131 98437 103605 103536 
196132 5428 94578 5429 
196133 98899 99430 98898 
196134 98681 99782 99781 
196135 5413 94451 5414 
196136 5136 94539 5137 
196137 5441 101183 5442 
196138 5409 101180 5410 
196139 5150 94579 5151 
196140 5398 94602 94490 
196141 94780 94781 94779 
196142 95408 95409 95407 
196143 98779 99814 98918 
196144 99258 102693 102507 
196145 95209 95211 95210 
196146 97397 97758 97357 
196147 95442 100999 96521 
196148 98548 101126 98366 
196149 5426 94460 5427 
196150 95045 95047 95046 
196151 95531 95533 95532 
196152 98689 98691 98690 
196153 5165 94450 5166 
196154 98691 98693 98692 
196155 99337 101655 99338 
196156 96861 96862 96860 
196157 96742 100998 96668 
196158 95533 95536 95534 
196159 96153 97231 96232 
196160 99813 101333 98933 
196161 97817 99830 97818 
196162 100931 100933 100932 
196163 5152 94461 5153 
196164 98969 98971 98970 
196165 99714 101884 99716 
196166 95536 95592 95537 
196167 5416 94519 5417 
196168 96338 96341 96339 
196169 100715 100716 100714 
196170 99863 101617 99035 
196171 98651 101768 98653 
196172 100337 100338 100336 
196173 101038 101039 95990 
196174 99352 103269 101302 
196175 94565 101818 5131 
196176 96459 101864 97362 
196177 5423 94521 5424 
196178 96539 96541 96540 
196179 97621 98044 98043 
196180 95047 95049 95048 
196181 96061 96063 96062 
196182 5162 94520 5163 
196183 95335 95336 95334 
196184 97952 98299 97758 
196185 5418 94580 5419 
196186 97399 97500 97011 
196187 98693 98780 98694 
196188 98478 99614 98299 
196189 95412 95413 95411 
196190 94889 101429 94891 
196191 98561 101304 96638 
196192 100270 100271 100269 
196193 100859 104061 99549 
196194 5155 94522 5156 
196195 94653 97810 94655 
196196 5412 101186 5413 
196197 96482 96484 96483 
196198 5425 101197 5426 
196199 99615 100100 99614 
196200 97455 97987 97986 
196201 96486 96488 96487 
196202 97508 103917 103355 
196203 99677 99679 99678 
196204 5160 94581 5161 
196205 96541 96544 96542 
196206 95059 101447 96431 
196207 5420 94446 5421 
196208 95005 95025 95006 
196209 98971 98973 98972 
196210 99932 99935 99934 
196211 95337 95338 95336 
196212 100574 100577 100576 
196213 96537 96539 96538 
196214 97943 98592 97444 
196215 94784 94785 94783 
196216 99148 101506 98562 
196217 95729 95767 95730 
196218 99584 103880 100867 
196219 99865 103637 99492 
196220 97197 97352 97351 
196221 101747 103305 101144 
196222 5158 94444 5159 
196223 101240 101913 96462 
196224 99364 99366 99365 
196225 100911 102612 100910 
196226 94694 94696 94695 
196227 98780 98782 98781 
196228 100717 100719 100716 
196229 96341 96343 96342 
196230 100960 103852 96430 
196231 97666 101754 98361 
196232 96863 96864 96862 
196233 97345 101658 97769 
196234 95161 101141 95159 
196235 95213 95215 95214 
196236 101966 103934 103498 
196237 96018 96170 96169 
196238 95767 95796 95768 
196239 95223 101266 97076 
196240 96726 96729 96728 
196241 100720 100721 100719 
196242 97338 97582 97581 
196243 98618 100295 100294 
196244 100101 100102 100100 
196245 95999 96001 96000 
196246 100284 100286 100285 
196247 101500 102428 99275 
196248 100999 101384 96521 
196249 99366 99368 99367 
196250 96063 96065 96064 
196251 94891 96973 94895 
196252 96544 96546 96545 
196253 100722 100723 100721 
196254 95049 95051 95050 
196255 95591 101778 97592 
196256 99867 101483 97631 
196257 96650 96651 96649 
196258 95217 95219 95218 
196259 99679 99681 99680 
196260 101159 102743 99218 
196261 94499 103535 100218 
196262 94602 94603 94490 
196263 5153 101068 5154 
196264 95593 95700 95594 
196265 95504 95593 95506 
196266 97009 100683 95958 
196267 95239 101351 95238 
196268 102286 103860 103828 
196269 97241 97244 97243 
196270 94696 94698 94697 
196271 98973 98975 98974 
196272 98206 98267 98266 
196273 96865 96866 96864 
196274 99577 101823 99575 
196275 96011 96013 96012 
196276 94540 101819 5011 
196277 94788 94789 94787 
196278 96343 96345 96344 
196279 99368 99370 99369 
196280 95381 95504 95382 
196281 95674 101530 95673 
196282 97490 97787 97491 
196283 103687 103792 102749 
196284 94889 101555 101429 
196285 96306 98458 97424 
196286 96065 96067 96066 
196287 98493 100240 100239 
196288 99897 99898 99896 
196289 99681 99683 99682 
196290 95989 95991 95990 
196291 99791 99896 99790 
196292 97397 101315 98311 
196293 96546 96548 96547 
196294 103021 103763 97922 
196295 98782 98785 98783 
196296 99214 101456 98607 
196297 97582 97996 97689 
196298 98748 102373 102203 
196299 94950 101445 94956 
196300 94792 94793 94791 
196301 98037 101277 98497 
196302 95481 95484 95483 
196303 98153 101834 97487 
196304 98647 101784 97329 
196305 97916 101527 97915 
196306 96253 96257 96256 
196307 94698 94700 94699 
196308 95850 101758 97379 
196309 96186 96248 96187 
196310 95993 95995 95994 
196311 5393 101161 94582 
196312 98571 101144 101143 
196313 96644 96645 96643 
196314 98975 98977 98976 
196315 96774 96775 96771 
196316 95864 95866 95865 
196317 97879 97880 97530 
196318 97696 101427 96768 
196319 97169 102527 102282 
196320 100192 103243 99100 
196321 97967 100249 99961 
196322 96769 97701 96767 
196323 100740 101773 100690 
196324 96345 96347 96346 
196325 98460 101346 97424 
196326 94625 101523 95364 
196327 94547 103084 100230 
196328 100242 102147 100172 
196329 96067 96069 96068 
196330 94956 95870 94978 
196331 101314 101588 94559 
196332 96867 96868 96866 
196333 95866 96025 95867 
196334 97473 101496 97451 
196335 96125 102418 101374 
196336 95418 95419 95417 
196337 96648 96649 96647 
196338 96982 101873 96980 
196339 97996 99290 97997 
196340 98194 98232 98231 
196341 95051 95053 95052 
196342 96773 96779 96778 
196343 98977 98979 98978 
196344 5444 94600 5445 
196345 97989 97991 97990 
196346 95422 95423 95421 
196347 95317 95318 95315 
196348 96009 96011 96010 
196349 101853 102433 101854 
196350 94700 94702 94701 
196351 5134 94601 5135 
196352 95126 101545 95109 
196353 99543 102316 98272 
196354 98785 98795 98786 
196355 100421 101791 98305 
196356 96492 96494 96493 
196357 96548 96551 96549 
196358 94863 101616 94866 
196359 99370 99372 99371 
196360 96654 96655 96653 
196361 99683 99685 99684 
196362 100903 100905 100904 
196363 94796 94797 94795 
196364 96551 96553 96552 
196365 98763 98764 98762 
196366 95752 101363 101151 
196367 98979 98981 98980 
196368 100875 101448 98044 
196369 96204 101540 97505 
196370 98204 98206 98205 
196371 98765 98766 98764 
196372 98141 101428 98922 
196373 98267 98601 98600 
196374 101191 101749 101192 
196375 98922 99157 99093 
196376 96347 96349 96348 
196377 97631 102243 95761 
196378 102951 103347 100018 
196379 98262 99017 99016 
196380 95810 97967 97966 
196381 96005 96007 96006 
196382 100043 102392 100344 
196383 96496 96498 96497 
196384 5410 101180 94517 
196385 94677 94680 94679 
196386 97352 97752 97751 
196387 98498 98499 97848 
196388 95997 95999 95998 
196389 97004 100772 95186 
196390 97214 97920 97716 
196391 99143 100448 95948 
196392 97527 101604 101362 
196393 94995 100166 95032 
196394 96126 101349 96125 
196395 101029 101720 97837 
196396 94702 94704 94703 
196397 95221 95223 95222 
196398 94800 94801 94799 
196399 96824 101909 96822 
196400 97969 99253 98560 
196401 98086 101500 99275 
196402 96069 96071 96070 
196403 100460 101004 94818 
196404 101609 102645 101277 
196405 98795 98797 98796 
196406 98767 98913 98766 
196407 96626 101305 96628 
196408 95256 100669 98370 
196409 5107 101690 94587 
196410 96013 96016 96015 
196411 5442 101183 94538 
196412 96747 98279 97260 
196413 100773 101495 99065 
196414 96349 96351 96350 
196415 98771 100001 98447 
196416 98218 99086 97880 
196417 94731 103439 100737 
196418 95053 95055 95054 
196419 96869 96870 96868 
196420 99372 99374 99373 
196421 97360 97502 97001 
196422 98981 98983 98982 
196423 100370 100371 98534 
196424 96408 97727 97726 
196425 95339 95340 95338 
196426 96779 96783 96782 
196427 97728 97731 97730 
196428 95489 95492 95491 
196429 94858 101471 100450 
196430 96025 96159 96026 
196431 94669 94672 94671 
196432 99149 100759 98205 
196433 95672 101809 95675 
196434 94663 96154 94665 
196435 99337 99338 99278 
196436 98199 101522 98678 
196437 97333 97336 97335 
196438 96351 96353 96352 
196439 101161 101162 94582 
196440 98935 99862 98105 
196441 101612 102881 100567 
196442 96071 96073 96072 
196443 99627 101618 98541 
196444 100084 103435 94536 
196445 99798 100035 100034 
196446 98585 99568 99150 
196447 99087 99759 99086 
196448 98797 98800 98798 
196449 96999 100670 95942 
196450 98933 101333 99750 
196451 94476 101390 5177 
196452 5413 101186 94451 
196453 95055 95057 95056 
196454 96248 97372 96299 
196455 99685 99687 99686 
196456 99374 99376 99375 
196457 98710 101185 101184 
196458 96159 96196 96160 
196459 97195 97773 97389 
196460 98335 99924 98613 
196461 95231 95233 95232 
196462 96500 96502 96501 
196463 96385 101814 97865 
196464 94804 94805 94803 
196465 97737 97935 97739 
196466 95120 95372 95368 
196467 95006 101660 95015 
196468 5426 101197 94460 
196469 96073 96075 96074 
196470 96137 102225 100085 
196471 98983 98985 98984 
196472 95341 95342 95340 
196473 99611 99612 98837 
196474 5178 101390 94572 
196475 99453 99454 98913 
196476 96559 96561 96560 
196477 96871 96872 96870 
196478 99436 99437 99340 
196479 5399 101487 5400 
196480 99764 101682 99763 
196481 96325 96328 96327 
196482 99687 99689 99688 
196483 95701 101455 95703 
196484 101208 101668 95615 
196485 94989 97542 95001 
196486 96726 101603 96729 
196487 96557 96559 96558 
196488 97124 102166 101354 
196489 96658 96659 96657 
196490 95237 95239 95238 
196491 96196 97296 96197 
196492 94905 98413 94915 
196493 98435 100581 98433 
196494 101026 101851 95567 
196495 94940 102089 94942 
196496 95343 95344 95342 
196497 94808 94809 94807 
196498 94897 94907 94901 
196499 96224 97320 96286 
196500 94573 101391 5175 
196501 98800 98802 98801 
196502 100729 100730 100728 
196503 98884 98885 98403 
196504 97779 98584 97874 
196505 5176 101391 94476 
196506 98177 102528 98077 
196507 5013 101821 94534 
196508 95444 95445 95443 
196509 96157 101575 96131 
196510 95375 101462 95389 
196511 96235 97313 96236 
196512 98086 98755 98087 
196513 95345 95346 95344 
196514 94704 94706 94705 
196515 95013 95033 95024 
196516 97630 101798 99118 
196517 96353 96355 96354 
196518 95227 95229 95228 
196519 95434 95435 95433 
196520 95057 95059 95058 
196521 96662 96663 96661 
196522 99491 101387 99469 
196523 95703 96312 95777 
196524 101702 102325 98743 
196525 98091 101812 98090 
196526 96668 96669 96667 
196527 96116 101374 96115 
196528 98755 98757 98756 
196529 96666 96667 96665 
196530 95347 95348 95346 
196531 98500 98501 98499 
196532 95426 95427 95425 
196533 95038 95041 95040 
196534 96016 96032 96031 
196535 99195 100394 100393 
196536 99689 99691 99690 
196537 95500 95531 95516 
196538 99376 99378 99377 
196539 95389 95585 95502 
196540 98665 99460 98663 
196541 97533 101602 97532 
196542 99466 99467 99439 
196543 98985 98987 98986 
196544 94461 101068 5153 
196545 96873 96874 96872 
196546 96023 96235 96024 
196547 96200 98129 96202 
196548 95430 95431 95429 
196549 98757 99296 98758 
196550 96075 96077 96076 
196551 95438 95439 95437 
196552 95235 95237 95236 
196553 99581 100985 98888 
196554 96561 96563 96562 
196555 97769 98689 98616 
196556 101674 102565 95786 
196557 99654 103772 98088 
196558 98502 98503 98501 
196559 98595 101261 99136 
196560 102724 102967 99600 
196561 5104 101694 5105 
196562 95349 95350 95348 
196563 101277 102645 98421 
196564 98567 98568 98554 
196565 95384 99542 98789 
196566 95665 101605 101324 
196567 98744 98854 98745 
196568 94954 98572 94973 
196569 94850 101470 100499 
196570 95059 95061 95060 
196571 95581 95748 95605 
196572 94706 94708 94707 
196573 100617 103229 99465 
196574 100424 101851 101026 
196575 98959 99777 98958 
196576 95484 101481 100809 
196577 97748 98725 97747 
196578 5177 101390 5178 
196579 98854 98856 98855 
196580 98443 100506 98441 
196581 94458 101685 5102 
196582 5109 101687 94459 
196583 99497 99498 98711 
196584 5057 101842 94454 
196585 96909 102685 101030 
196586 94456 101839 5032 
196587 96296 96529 96298 
196588 94812 94813 94811 
196589 95251 95253 95252 
196590 96875 96876 96874 
196591 96787 96789 96788 
196592 96204 97505 96288 
196593 5079 101699 94455 
196594 94452 101700 5093 
196595 5044 101844 94453 
196596 95351 95352 95350 
196597 100732 101597 100731 
196598 5175 101391 5176 
196599 95845 96057 96056 
196600 96929 102395 101941 
196601 98310 100430 95932 
196602 99378 99380 99379 
196603 99089 102361 97932 
196604 94453 101846 5045 
196605 95935 101149 95933 
196606 96355 96357 96356 
196607 96746 98400 97369 
196608 94492 101398 5140 
196609 96293 97490 97285 
196610 96563 96565 96564 
196611 102342 102807 100343 
196612 98558 101298 99012 
196613 100688 101585 100689 
196614 99057 99059 99058 
196615 96506 96508 96507 
196616 95696 95818 95775 
196617 94454 101843 5058 
196618 100225 100284 100283 
196619 98092 99360 98094 
196620 95087 101537 95529 
196621 94828 94829 94827 
196622 99898 103739 103710 
196623 5016 101861 94484 
196624 94481 101400 5144 
196625 99691 99693 99692 
196626 94708 94710 94709 
196627 96038 96040 96039 
196628 94994 101082 94997 
196629 95353 95354 95352 
196630 5092 101849 94452 
196631 98863 98963 98962 
196632 95173 101178 95171 
196633 96791 96793 96792 
196634 100771 102919 97783 
196635 95442 95443 95441 
196636 94921 94929 94926 
196637 99966 100596 98322 
196638 98037 101609 101277 
196639 96077 96079 96078 
196640 98806 98808 98807 
196641 98112 98467 97409 
196642 98070 101574 99889 
196643 98628 102318 97127 
196644 5124 101695 94488 
196645 99462 102175 97798 
196646 99435 99887 98598 
196647 94484 101697 5017 
196648 98856 99032 99031 
196649 96034 96036 96035 
196650 99361 99364 99363 
196651 98710 98711 98709 
196652 95545 101665 95543 
196653 98706 98707 98705 
196654 96042 96044 96043 
196655 95253 95255 95254 
196656 96877 96878 96876 
196657 5145 101400 94577 
196658 5037 101853 94468 
196659 97633 97634 97500 
196660 101230 101231 96047 
196661 95861 96153 96141 
196662 5141 101398 94576 
196663 94468 101703 5038 
196664 95355 95356 95354 
196665 98987 98989 98988 
196666 97015 97700 97210 
196667 99833 101287 98155 
196668 95454 101453 95455 
196669 5144 101400 5145 
196670 98480 101573 100664 
196671 98514 98515 98513 
196672 99653 103877 102152 
196673 99380 99383 99381 
196674 98829 102472 101765 
196675 94710 94712 94711 
196676 95023 101862 95012 
196677 98516 98517 98515 
196678 95061 95063 95062 
196679 96048 96050 96049 
196680 98047 101512 98226 
196681 100379 101890 100380 
196682 96512 102451 96511 
196683 99061 99063 99062 
196684 98571 98888 98570 
196685 99214 101457 101456 
196686 94469 101858 5052 
196687 98553 98554 98552 
196688 94983 95005 94992 
196689 98520 98521 98517 
196690 95249 95251 95250 
196691 98845 100440 100439 
196692 97647 97762 97212 
196693 95687 101557 95608 
196694 100371 101797 98534 
196695 96050 96116 96115 
196696 98808 98810 98809 
196697 101434 101435 101433 
196698 98155 98793 97960 
196699 97920 99797 98075 
196700 100083 101533 99089 
196701 95245 95247 95246 
196702 5140 101398 5141 
196703 101690 101691 101689 
196704 98512 98513 98511 
196705 96799 96801 96800 
196706 96565 96567 96566 
196707 96795 96797 96796 
196708 96510 96512 96511 
196709 95333 95334 95331 
196710 97014 101644 97517 
196711 101605 104022 99135 
196712 95601 95693 95692 
196713 98489 101547 97639 
196714 98125 98606 98605 
196715 95241 95243 95242 
196716 98240 98241 97802 
196717 96357 96359 96358 
196718 96776 96777 96775 
196719 96514 96516 96515 
196720 97070 101880 97492 
196721 97391 98169 97850 
196722 97937 100074 99153 
196723 96676 96677 96675 
196724 99383 99385 99384 
196725 99693 99695 99694 
196726 95063 95065 95064 
196727 98458 98461 98459 
196728 96079 96081 96080 
196729 97961 101834 98840 
196730 97655 101665 95545 
196731 100315 101298 98558 
196732 96680 96681 96679 
196733 96672 96673 96671 
196734 96534 96537 96536 
196735 101400 101401 94577 
196736 99503 100376 99500 
196737 98504 101286 98503 
196738 97869 97870 97425 
196739 96359 96361 96360 
196740 98522 98523 98521 
196741 99463 102174 98120 
196742 96879 96880 96878 
196743 95565 95566 95521 
196744 98989 98991 98990 
196745 99027 100798 95926 
196746 94822 94823 94821 
196747 99124 99126 99125 
196748 99203 99227 99204 
196749 98507 101286 98504 
196750 95015 97531 95022 
196751 98302 101610 96402 
196752 94593 101695 5123 
196753 95065 95067 95066 
196754 96361 96363 96362 
196755 99032 99034 99033 
196756 5018 101697 94591 
196757 100108 103841 97193 
196758 5159 101431 5160 
196759 94677 101630 94680 
196760 94479 101707 5121 
196761 97403 97404 96460 
196762 96518 96520 96519 
196763 5167 101410 5168 
196764 5020 101708 94478 
196765 102203 102373 97452 
196766 99695 99697 99696 
196767 94826 94827 94825 
196768 98597 98598 98214 
196769 96638 101304 96640 
196770 95255 95257 95256 
196771 101048 101901 95564 
196772 97672 97698 97634 
196773 5168 101410 94518 
196774 95102 95381 95122 
196775 94579 101419 5151 
196776 96803 96805 96804 
196777 96780 96781 96777 
196778 96567 96569 96568 
196779 96081 96083 96082 
196780 98810 98812 98811 
196781 98621 102219 94991 
196782 97000 101896 97576 
196783 98991 98993 98992 
196784 97592 101778 99100 
196785 98070 99889 98270 
196786 96990 100434 95170 
196787 96458 100600 95918 
196788 5103 101685 94584 
196789 99762 99764 99763 
196790 5151 101419 5152 
196791 94587 101687 5108 
196792 101465 102480 101463 
196793 96363 96365 96364 
196794 99385 99387 99386 
196795 98134 98225 97698 
196796 5122 101707 94593 
196797 95358 95359 95356 
196798 94591 101708 5019 
196799 99308 99310 99309 
196800 96386 96387 96149 
196801 94834 94835 94833 
196802 98919 99495 98225 
196803 101570 103809 103297 
196804 99496 100173 99495 
196805 99034 99432 99431 
196806 98461 98464 98462 
196807 95460 101476 95461 
196808 5120 101717 94479 
196809 98525 101608 98521 
196810 95261 95263 95262 
196811 94444 101431 5159 
196812 96046 96048 96047 
196813 94478 101719 5021 
196814 95454 95455 95453 
196815 98993 98995 98994 
196816 99697 99699 99698 
196817 94712 94714 94713 
196818 99711 102569 101729 
196819 96686 96687 96685 
196820 5034 101841 94532 
196821 96693 96694 96687 
196822 5039 101703 94588 
196823 100943 101619 100942 
196824 95365 95366 95359 
196825 5152 101419 94461 
196826 94585 101699 5078 
196827 5094 101700 94586 
196828 95609 95610 95608 
196829 5160 101431 94581 
196830 96569 96571 96570 
196831 99767 99769 99768 
196832 100279 102565 101674 
196833 94532 101856 5035 
196834 100313 103543 101292 
196835 97362 101864 97938 
196836 95751 96163 95741 
196837 5054 101859 94526 
196838 96784 96785 96781 
196839 95448 95449 95447 
196840 96130 96132 96131 
196841 95472 101196 95473 
196842 94818 94819 94817 
196843 98062 101306 97659 
196844 97659 97661 96384 
196845 96881 96882 96880 
196846 95816 98202 95789 
196847 100228 100229 100173 
196848 100857 100858 97240 
196849 95579 95580 95578 
196850 99305 99308 99307 
196851 96132 96158 96157 
196852 95698 95810 95746 
196853 95794 95864 95863 
196854 100649 100651 100650 
196855 100643 100647 100646 
196856 96083 96085 96084 
196857 95689 95690 95688 
196858 100684 101633 100625 
196859 96903 96904 96785 
196860 98986 101851 100424 
196861 95395 95396 95366 
196862 97845 102347 95731 
196863 101259 103631 95508 
196864 96365 96367 96366 
196865 98812 98814 98813 
196866 100230 100231 100229 
196867 97310 99427 99130 
196868 99387 99389 99388 
196869 94472 101870 5026 
196870 99432 100236 99433 
196871 96921 101160 96922 
196872 99122 99859 99120 
196873 94816 94817 94815 
196874 94714 94716 94715 
196875 97638 98086 97934 
196876 95067 95069 95068 
196877 97714 97715 97502 
196878 94529 101845 5042 
196879 5025 101868 94472 
196880 95517 95518 95396 
196881 96883 96884 96882 
196882 96809 96811 96810 
196883 99699 99701 99700 
196884 94995 101652 100166 
196885 99066 101050 96477 
196886 98184 98762 97808 
196887 5047 101848 94528 
196888 99310 99570 99569 
196889 100632 100633 95831 
196890 99877 100030 98754 
196891 98995 100124 100123 
196892 96153 101339 97641 
196893 95460 95461 95459 
196894 98464 98466 98465 
196895 102081 102446 97052 
196896 98814 98816 98815 
196897 96085 96087 96086 
196898 97915 97917 97325 
196899 95673 96941 95671 
196900 94588 101723 5040 
196901 94589 101724 5088 
196902 5049 101725 94590 
196903 100727 100728 100724 
196904 95682 100373 95677 
196905 5062 101726 94595 
196906 98640 102345 97777 
196907 94832 94833 94831 
196908 94606 94607 94605 
196909 98068 99867 97631 
196910 95267 95269 95268 
196911 96291 101625 96221 
196912 96571 96573 96572 
196913 5041 101723 94529 
196914 5089 101724 94530 
196915 94528 101725 5048 
196916 94527 101726 5061 
196917 99389 99391 99390 
196918 96807 96809 96808 
196919 98277 99455 98073 
196920 96236 101738 97187 
196921 100118 100119 100117 
196922 97506 98490 98159 
196923 96885 96886 96884 
196924 94592 101717 5119 
196925 98466 99029 99028 
196926 103285 103424 95904 
196927 95665 101324 95663 
196928 5022 101719 94594 
196929 94716 94718 94717 
196930 100609 102775 100612 
196931 96684 96685 96683 
196932 101410 101411 94518 
196933 95663 95757 95661 
196934 96124 96126 96125 
196935 96087 96089 96088 
196936 99574 99576 99575 
196937 96573 96575 96574 
196938 95452 95453 95451 
196939 100651 102782 100652 
196940 98816 98818 98817 
196941 100009 100011 98647 
196942 99576 99578 99577 
196943 97721 97723 97299 
196944 100941 101659 95801 
196945 96554 96557 96556 
196946 97442 97834 97776 
196947 99701 99703 99702 
196948 101369 101371 101370 
196949 95669 95795 95667 
196950 96909 96910 96908 
196951 96701 96702 96700 
196952 95824 95825 95823 
196953 95802 101299 95641 
196954 100137 100835 100507 
196955 5028 101871 94525 
196956 95069 95071 95070 
196957 98155 101287 98793 
196958 96128 96130 96129 
196959 96367 96369 96368 
196960 103170 103397 94482 
196961 100636 100638 95821 
196962 96756 101917 101352 
196963 97881 97882 97715 
196964 95259 95261 95260 
196965 99391 99394 99392 
196966 94594 101869 5023 
196967 99166 101631 99161 
196968 101062 103510 98448 
196969 101670 103884 96122 
196970 94586 101875 5095 
196971 99775 101600 98640 
196972 94597 101740 5073 
196973 5099 101739 94596 
196974 95675 101809 101253 
196975 98818 98821 98820 
196976 99180 99357 99356 
196977 99271 100136 98945 
196978 101683 103110 101185 
196979 95951 101201 95949 
196980 100415 100416 99945 
196981 94718 94720 94719 
196982 100139 100835 100137 
196983 95071 95073 95072 
196984 101329 101330 95014 
196985 98803 98806 98805 
196986 96953 97218 96951 
196987 97824 102681 100623 
196988 95038 101642 95041 
196989 95734 95735 95690 
196990 99612 101649 98837 
196991 95269 95272 95271 
196992 96089 96091 96090 
196993 96813 96815 96814 
196994 98999 101515 98634 
196995 100192 101196 95472 
196996 98033 99025 97534 
196997 96369 96371 96370 
196998 97539 100847 95158 
196999 96581 96583 96582 
197000 99357 99359 99358 
197001 96703 96704 96702 
197002 95884 95885 95883 
197003 99703 99705 99704 
197004 98468 98469 98467 
197005 96887 96888 96886 
197006 95458 95459 95457 
197007 101781 103875 97193 
197008 96199 97429 97014 
197009 95265 95267 95266 
197010 95128 95129 95127 
197011 96742 101777 100998 
197012 100628 100629 95799 
197013 96575 96577 96576 
197014 100811 103298 99234 
197015 100097 103797 99614 
197016 95073 95075 95074 
197017 94539 101191 101190 
197018 94838 94839 94837 
197019 99811 99812 98178 
197020 95812 96023 95878 
197021 96907 96908 96906 
197022 95272 95274 95273 
197023 100219 101316 100220 
197024 98821 98823 98822 
197025 99394 99396 99395 
197026 95466 95467 95465 
197027 97187 97795 97412 
197028 96889 96890 96888 
197029 94489 101156 101155 
197030 99572 99574 99573 
197031 94720 94722 94721 
197032 96422 101573 98480 
197033 99400 101828 99397 
197034 96178 96180 96179 
197035 96371 96373 96372 
197036 101347 102847 96964 
197037 95495 101323 95497 
197038 98028 101300 98029 
197039 100374 101160 96921 
197040 98166 98167 97882 
197041 97524 98879 97521 
197042 101843 101889 5059 
197043 98728 98729 98559 
197044 97865 101814 99922 
197045 95179 101289 95177 
197046 96091 96093 96092 
197047 96180 96230 96229 
197048 96817 96819 96818 
197049 98740 98744 98742 
197050 101644 101645 98483 
197051 96891 96892 96890 
197052 5074 101740 94486 
197053 94485 101739 5098 
197054 99578 99580 99579 
197055 95394 102089 94940 
197056 100147 100149 100145 
197057 98128 98307 97976 
197058 99705 99707 99706 
197059 96391 102563 94692 
197060 96823 96825 96824 
197061 96325 101657 96328 
197062 99591 99592 98885 
197063 97007 97717 96228 
197064 98365 98366 98364 
197065 96915 96916 96914 
197066 98675 101916 98673 
197067 100082 100083 99089 
197068 99178 99180 99179 
197069 96699 96700 96698 
197070 100454 100455 99655 
197071 97564 101894 97563 
197072 98292 102442 101327 
197073 5091 101888 101849 
197074 100143 100275 100141 
197075 96435 101550 95077 
197076 98361 98362 97868 
197077 96705 96706 96704 
197078 98823 99128 99127 
197079 97528 101906 97256 
197080 96176 96178 96177 
197081 5097 101876 94485 
197082 96822 102422 96819 
197083 99118 101798 100516 
197084 99396 99399 99397 
197085 99244 99246 99245 
197086 94694 102563 94908 
197087 98470 98471 98469 
197088 97769 101658 98689 
197089 96230 96262 96261 
197090 98222 100131 97593 
197091 99004 99462 97798 
197092 95489 101513 95492 
197093 102273 102390 97165 
197094 96228 101775 95877 
197095 96210 96211 96209 
197096 96534 102374 96537 
197097 96443 98937 97658 
197098 100114 100115 98345 
197099 96302 101632 100837 
197100 97588 99083 98096 
197101 95278 95280 95279 
197102 98372 102688 102591 
197103 95075 95077 95076 
197104 96913 96914 96912 
197105 96307 96308 96190 
197106 97484 97896 97884 
197107 95464 95465 95463 
197108 98344 98345 97845 
197109 99047 99463 98120 
197110 98558 99012 97870 
197111 97629 101637 95841 
197112 99514 99515 98276 
197113 99707 99709 99708 
197114 96248 101628 97373 
197115 99580 99901 99900 
197116 96093 96095 96094 
197117 96577 96579 96578 
197118 95827 95828 95825 
197119 97045 101366 97047 
197120 99441 103513 101493 
197121 97589 101656 95378 
197122 99773 99775 98640 
197123 94722 94724 94723 
197124 96443 101360 98937 
197125 96821 96823 96822 
197126 98052 98053 97420 
197127 100071 100072 99749 
197128 95207 102060 95206 
197129 96825 96827 96826 
197130 97208 97922 97271 
197131 98506 98507 98504 
197132 96893 96894 96892 
197133 99399 99401 99400 
197134 95280 95282 95281 
197135 96113 101971 96239 
197136 101762 102437 98180 
197137 98979 102390 98981 
197138 98414 101343 97681 
197139 99905 99907 99906 
197140 97793 101763 97792 
197141 99956 99957 99289 
197142 100322 100324 100323 
197143 96303 102458 101835 
197144 97978 98889 97977 
197145 98408 100390 98406 
197146 98510 98511 98508 
197147 98179 98540 97460 
197148 96373 96375 96374 
197149 97517 98483 98049 
197150 102048 102439 99360 
197151 97640 98221 97639 
197152 99709 99712 99710 
197153 95015 101660 97531 
197154 96583 96585 96584 
197155 99907 99909 99908 
197156 95077 95079 95078 
197157 101016 101677 101019 
197158 96302 100837 95142 
197159 98546 98547 98366 
197160 95130 95131 95129 
197161 95886 95887 95885 
197162 97514 99005 97512 
197163 100799 100800 100798 
197164 98438 101121 96719 
197165 97711 97712 96387 
197166 99469 101387 99661 
197167 95276 95278 95277 
197168 99746 103704 98451 
197169 97659 101306 97661 
197170 96827 96829 96828 
197171 96389 96390 96226 
197172 99010 100120 97780 
197173 99401 99403 99402 
197174 96095 96097 96096 
197175 96268 96270 96269 
197176 95896 95897 95895 
197177 94724 94726 94725 
197178 99918 102544 100433 
197179 95079 95081 95080 
197180 99338 101655 99436 
197181 96475 102250 101949 
197182 101473 101909 98577 
197183 94919 95786 94913 
197184 96719 101121 96720 
197185 99270 102180 99271 
197186 96895 96900 96894 
197187 98161 98162 97712 
197188 5129 102399 5130 
197189 97202 97417 96900 
197190 98265 98359 97917 
197191 99616 100569 98348 
197192 97824 103116 102969 
197193 99525 99526 99524 
197194 100693 100696 100695 
197195 100320 100322 100321 
197196 95888 95889 95887 
197197 98927 100427 98439 
197198 98203 99108 97525 
197199 95829 95830 95828 
197200 96164 96165 96163 
197201 95765 97631 95761 
197202 97471 97472 97451 
197203 95492 101513 100682 
197204 99343 102044 101734 
197205 96829 96831 96830 
197206 98146 98147 97578 
197207 96964 96965 96936 
197208 101015 101677 101016 
197209 99246 99248 99247 
197210 95132 95133 95131 
197211 96375 96380 96377 
197212 95081 95083 95082 
197213 95282 95285 95284 
197214 99113 99214 98607 
197215 96921 96922 96920 
197216 98298 99543 98272 
197217 94726 94728 94727 
197218 96270 96272 96271 
197219 95472 95473 95471 
197220 96744 102488 101056 
197221 101403 101405 101404 
197222 99046 100409 98359 
197223 96585 96587 96586 
197224 98607 101808 97501 
197225 96097 96099 96098 
197226 96212 96213 96211 
197227 98276 101763 97793 
197228 99903 99905 99904 
197229 99712 99714 99713 
197230 98540 101767 97460 
197231 94580 101425 5419 
197232 97448 97449 97283 
197233 97821 97836 97239 
197234 96161 101760 95847 
197235 99248 99250 99249 
197236 99403 99405 99404 
197237 98268 99327 99326 
197238 97517 101644 98483 
197239 98655 98908 97784 
197240 99250 99312 99251 
197241 95663 101324 95757 
197242 96942 96943 96941 
197243 97437 98138 97435 
197244 95285 95288 95287 
197245 97803 102196 99473 
197246 97532 98191 97439 
197247 98544 102188 95584 
197248 99909 99911 99910 
197249 96919 96920 96918 
197250 102282 102527 101309 
197251 97653 97654 97404 
197252 96099 96101 96100 
197253 96166 96167 96165 
197254 96831 96833 96832 
197255 95890 95891 95889 
197256 96944 96945 96943 
197257 101458 102079 102078 
197258 95144 95145 95143 
197259 98537 99110 98320 
197260 99208 101988 101947 
197261 99915 99916 98540 
197262 98020 98021 98019 
197263 99714 99716 99715 
197264 98278 98280 97906 
197265 95134 95135 95133 
197266 96182 96183 96167 
197267 97607 102442 97609 
197268 98840 101834 99266 
197269 100524 101021 98890 
197270 95288 95290 95289 
197271 97962 101733 99200 
197272 98529 98920 98050 
197273 95470 95471 95469 
197274 97044 97045 97043 
197275 101493 103634 99621 
197276 96697 101954 96695 
197277 94728 94730 94729 
197278 96711 96712 96710 
197279 99534 99535 99533 
197280 96215 96216 96213 
197281 96966 96967 96308 
197282 96266 96268 96267 
197283 99716 99722 99717 
197284 96101 96103 96102 
197285 95892 95893 95891 
197286 100408 102917 97503 
197287 95842 95851 95841 
197288 96946 96947 96945 
197289 96587 96589 96588 
197290 95136 95137 95135 
197291 96854 101669 96852 
197292 99911 100060 100059 
197293 99405 99412 99406 
197294 100137 100507 100136 
197295 96551 101663 97321 
197296 96182 101520 96183 
197297 97418 102071 96900 
197298 100488 100491 98101 
197299 96709 96710 96708 
197300 101464 101831 95585 
197301 100125 102275 100127 
197302 96848 101673 96901 
197303 96272 96274 96273 
197304 98111 98872 98110 
197305 100799 102812 97938 
197306 95083 95085 95084 
197307 100692 100741 100740 
197308 97376 101770 96147 
197309 99621 99622 98574 
197310 95904 95905 95903 
197311 99191 100190 97955 
197312 99312 99314 99313 
197313 101140 103174 95685 
197314 94730 94732 94731 
197315 95542 97590 95540 
197316 98646 98647 97329 
197317 96948 97319 96947 
197318 96833 96835 96834 
197319 99412 99625 99624 
197320 97276 97496 96219 
197321 94472 102159 101870 
197322 98395 99053 97926 
197323 99527 99528 99526 
197324 95625 96972 95576 
197325 99851 99852 99849 
197326 97803 99473 97805 
197327 98873 98874 98872 
197328 96278 96280 96279 
197329 97625 99091 97623 
197330 97974 97975 97627 
197331 99266 102614 99264 
197332 99947 102559 98958 
197333 96195 98115 96193 
197334 96103 96107 96106 
197335 97813 97814 97654 
197336 99722 99724 99723 
197337 100743 100745 100744 
197338 95898 95899 95897 
197339 95478 95479 95477 
197340 95138 95139 95137 
197341 96589 96591 96590 
197342 96467 96468 96465 
197343 99782 99783 99781 
197344 97467 98308 97462 
197345 99724 101781 99854 
197346 94732 94734 94733 
197347 95759 101348 95735 
197348 100060 100062 100061 
197349 95806 95807 95754 
197350 98819 100938 100937 
197351 101276 101879 97143 
197352 98678 103154 98543 
197353 96591 96594 96593 
197354 100094 102747 101000 
197355 96255 96313 96022 
197356 99464 103339 100313 
197357 99529 99530 99528 
197358 5105 101694 94487 
197359 99322 99485 98188 
197360 96835 96837 96836 
197361 96280 96282 96281 
197362 97469 101110 97465 
197363 97406 98628 97127 
197364 97459 102090 96469 
197365 96463 96970 94974 
197366 96340 102616 100386 
197367 98022 98025 98021 
197368 99088 99089 97932 
197369 98485 98486 97912 
197370 95085 95087 95086 
197371 95140 95141 95139 
197372 98103 98930 98025 
197373 95852 95853 95851 
197374 97905 97906 97572 
197375 95152 95153 95151 
197376 96968 97163 96967 
197377 97637 97639 96957 
197378 97677 98472 95592 
197379 96592 101680 101154 
197380 99314 99734 99733 
197381 96107 96111 96110 
197382 94734 94736 94735 
197383 98180 101348 95759 
197384 98657 99052 97828 
197385 95314 101153 97597 
197386 94450 101199 101198 
197387 94840 94841 94839 
197388 98869 101629 99044 
197389 95146 95147 95145 
197390 96598 96600 96599 
197391 95087 95089 95088 
197392 101096 102893 101128 
197393 98981 101686 98983 
197394 96251 102967 102724 
197395 94981 103448 100587 
197396 94928 96974 94924 
197397 100142 101173 100144 
197398 99483 99810 98069 
197399 96594 96596 96595 
197400 96837 96839 96838 
197401 101098 101100 101099 
197402 95089 95091 95090 
197403 100198 100199 100196 
197404 100244 101126 98548 
197405 100328 100331 100330 
197406 96764 101937 101430 
197407 98076 98940 97956 
197408 96717 96718 96716 
197409 95476 95477 95475 
197410 100052 101711 99281 
197411 99724 99854 99725 
197412 95290 101528 95289 
197413 94959 94960 94953 
197414 95480 95481 95479 
197415 99083 100232 99084 
197416 98875 98951 98874 
197417 96463 101641 96970 
197418 95855 95856 95853 
197419 97743 97745 97736 
197420 95103 101713 95117 
197421 99667 99668 97632 
197422 96715 96716 96714 
197423 95900 95901 95899 
197424 100414 103343 101375 
197425 101324 101325 95757 
197426 95148 95149 95147 
197427 95298 95300 95299 
197428 94585 103295 101699 
197429 100406 102455 100403 
197430 97348 97855 97347 
197431 98731 98732 98258 
197432 95091 95093 95092 
197433 95160 95161 95159 
197434 99768 101682 99764 
197435 96403 96404 96401 
197436 96276 96278 96277 
197437 95707 95708 95612 
197438 96111 96113 96112 
197439 98779 98918 97787 
197440 95292 95294 95293 
197441 100745 100748 100746 
197442 99187 99255 98732 
197443 101395 101959 96938 
197444 94497 103847 100272 
197445 98977 102655 100282 
197446 96839 96841 96840 
197447 97843 97845 95731 
197448 98681 102250 99782 
197449 99671 99672 99669 
197450 100057 100058 99145 
197451 98327 100113 98325 
197452 94736 94738 94737 
197453 99983 99984 99535 
197454 101655 102912 99436 
197455 96282 101360 96443 
197456 96240 96242 96241 
197457 98081 98276 97793 
197458 95906 95907 95905 
197459 95847 98180 95759 
197460 98130 98640 97777 
197461 95154 95155 95153 
197462 99303 102265 99301 
197463 97699 98621 94991 
197464 95315 101153 95314 
197465 99854 99856 99855 
197466 101463 101464 95585 
197467 99223 99224 97888 
197468 95846 103767 101062 
197469 99069 101474 97958 
197470 95166 95167 95165 
197471 100543 103089 100544 
197472 97958 98454 97394 
197473 99642 99643 98136 
197474 98331 99864 98329 
197475 95871 95872 95856 
197476 99434 102165 97765 
197477 97576 101896 100585 
197478 96414 96416 96412 
197479 101741 102021 100732 
197480 95916 95917 95915 
197481 95908 95909 95907 
197482 99856 99975 99857 
197483 95300 95302 95301 
197484 95156 95157 95155 
197485 95616 95617 95615 
197486 97225 97792 96161 
197487 97896 98233 97897 
197488 99734 99736 99735 
197489 94738 94740 94739 
197490 95444 101639 95445 
197491 96053 96054 95872 
197492 95637 95638 95636 
197493 95296 95298 95297 
197494 102079 102089 102078 
197495 96220 97323 95875 
197496 98061 98336 98060 
197497 97625 101650 99091 
197498 97056 101938 97354 
197499 95003 97312 94996 
197500 100386 102671 98965 
197501 99070 99618 98131 
197502 96841 96843 96842 
197503 98944 102612 99270 
197504 101921 102598 95602 
197505 98827 100500 98453 
197506 99711 101729 99673 
197507 95520 102272 101057 
197508 98136 101812 98091 
197509 95302 95304 95303 
197510 98263 101714 99213 
197511 95093 95095 95094 
197512 98952 98953 98951 
197513 97055 101986 100767 
197514 96143 96144 96054 
197515 96113 96146 96145 
197516 96147 99494 95859 
197517 5388 101531 5389 
197518 98000 98100 97642 
197519 99922 100069 98617 
197520 99736 99739 99738 
197521 99494 101376 95859 
197522 95910 95911 95909 
197523 95920 95921 95919 
197524 96447 96448 96446 
197525 94740 94742 94741 
197526 95304 95306 95305 
197527 96422 96428 96420 
197528 100169 102378 100176 
197529 100869 102483 96139 
197530 99975 99977 99976 
197531 96688 101228 96610 
197532 97938 97939 97876 
197533 95162 95163 95161 
197534 96719 96720 96718 
197535 96600 96602 96601 
197536 97017 97018 96311 
197537 100748 100750 100749 
197538 98192 98607 97501 
197539 98233 98350 98234 
197540 99344 99345 98953 
197541 97203 98037 96926 
197542 100503 100504 100501 
197543 100696 100698 100697 
197544 95634 98544 95584 
197545 95484 95485 95483 
197546 96843 96845 96844 
197547 94742 94744 94743 
197548 97950 97951 96456 
197549 100829 103264 100345 
197550 95840 95841 95774 
197551 97872 98110 97286 
197552 97863 98190 97376 
197553 98729 101675 98559 
197554 95912 95913 95911 
197555 101100 101103 101102 
197556 96242 96244 96243 
197557 95618 95619 95617 
197558 96602 96604 96603 
197559 96925 96926 96924 
197560 94866 94867 94865 
197561 97085 99097 97999 
197562 96244 96246 96245 
197563 100604 100608 100607 
197564 95772 97679 95700 
197565 98967 102671 100047 
197566 101348 102437 102309 
197567 96845 96847 96846 
197568 96725 96726 96724 
197569 95095 95098 95097 
197570 99346 99347 99345 
197571 94858 94859 94857 
197572 95859 101376 95830 
197573 94881 94882 94879 
197574 100551 100552 100549 
197575 98839 102622 99833 
197576 96475 96476 96474 
197577 97442 101737 97834 
197578 96155 96156 96144 
197579 100750 101806 100751 
197580 94744 94746 94745 
197581 95098 95108 95107 
197582 98319 98320 97595 
197583 95510 101479 95581 
197584 98350 98352 98351 
197585 100698 100700 100699 
197586 98053 102419 101632 
197587 95306 95308 95307 
197588 100685 101982 98529 
197589 97236 97308 96426 
197590 98337 99135 98336 
197591 98941 100238 98886 
197592 97344 97709 97343 
197593 100179 100263 99013 
197594 96604 96606 96605 
197595 99039 99040 97861 
197596 96610 96612 96611 
197597 97480 102190 97479 
197598 99977 99979 99978 
197599 97326 101709 96369 
197600 95486 95487 95485 
197601 94850 94851 94849 
197602 98338 102922 100911 
197603 99287 101721 98110 
197604 98954 99421 97760 
197605 99162 99163 99161 
197606 95168 95169 95167 
197607 99164 99165 99163 
197608 101277 101546 98497 
197609 98281 99013 98255 
197610 98142 99434 97765 
197611 97860 97861 97257 
197612 100903 100904 98536 
197613 101554 103170 94482 
197614 96981 96982 96980 
197615 98288 99596 98147 
197616 99805 103107 103022 
197617 96449 96933 96448 
197618 94746 94748 94747 
197619 95620 95621 95619 
197620 96983 96985 96982 
197621 97971 98581 98580 
197622 98154 98901 98153 
197623 100093 100094 98960 
197624 96934 97547 96933 
197625 99167 99758 99165 
197626 95172 95173 95171 
197627 99160 99161 99159 
197628 97336 103881 97411 
197629 98802 102606 101218 
197630 96847 96849 96848 
197631 95108 95115 95114 
197632 97743 101666 97745 
197633 95017 95018 95011 
197634 98296 98297 97941 
197635 99979 100248 99980 
197636 95928 95929 95927 
197637 95627 95628 95621 
197638 97878 98495 97836 
197639 94952 101759 94958 
197640 98352 98354 98353 
197641 97019 97020 97018 
197642 97987 102327 97986 
197643 97149 97291 97148 
197644 95308 95311 95310 
197645 96246 96259 96258 
197646 94844 94845 94843 
197647 95808 95809 95807 
197648 97021 97022 97020 
197649 97024 97048 97022 
197650 98830 102689 100900 
197651 98201 99417 98191 
197652 95922 95923 95921 
197653 97187 101738 97795 
197654 98914 98915 97951 
197655 100790 100797 100792 
197656 100214 100215 98915 
197657 96479 96480 96478 
197658 96606 96608 96607 
197659 98047 98226 98126 
197660 97292 97927 97291 
197661 96304 96305 96156 
197662 99008 102925 99006 
197663 97918 97972 97650 
197664 94674 94675 94673 
197665 94676 94677 94675 
197666 100700 100703 100702 
197667 99570 102171 99569 
197668 5192 101536 5193 
197669 98496 99848 98495 
197670 95813 95814 95809 
197671 96723 96724 96722 
197672 94572 101940 5179 
197673 97710 98187 97709 
197674 96849 96851 96850 
197675 100288 100289 100286 
197676 95398 101257 95383 
197677 94748 94750 94749 
197678 97346 97347 97082 
197679 99054 100195 99053 
197680 98869 99044 98870 
197681 95115 95125 95124 
197682 99035 99036 98308 
197683 95614 95615 95550 
197684 98257 98258 97856 
197685 98354 98831 98830 
197686 99931 99932 99852 
197687 98122 102359 102235 
197688 95311 95313 95312 
197689 95838 103828 103645 
197690 95536 101730 97457 
197691 95924 95925 95923 
197692 95879 95880 95814 
197693 100329 104025 100342 
197694 95035 95036 95034 
197695 95934 95935 95933 
197696 100558 100561 100556 
197697 96689 101251 96622 
197698 100207 103196 97309 
197699 95738 101886 95740 
197700 100967 100968 100965 
197701 100703 100705 100704 
197702 95105 96991 95027 
197703 95698 101988 95810 
197704 95372 101742 96400 
197705 97415 98578 97296 
197706 100337 102780 100338 
197707 95547 97655 95545 
197708 95492 95493 95491 
197709 99814 100250 98918 
197710 95543 101862 95023 
197711 101466 101467 101464 
197712 98098 101511 97415 
197713 96470 96471 96468 
197714 96223 96224 95880 
197715 96851 96853 96852 
197716 99969 100420 98417 
197717 94750 94753 94752 
197718 97203 101609 98037 
197719 95379 95380 95118 
197720 95494 95495 95493 
197721 94961 94962 94960 
197722 95178 95179 95177 
197723 97373 102207 97719 
197724 95037 95038 95036 
197725 99421 102014 97760 
197726 95681 102413 95668 
197727 95313 95315 95314 
197728 100164 103592 5367 
197729 95488 95489 95487 
197730 95589 95590 95528 
197731 100861 103975 99531 
197732 96612 96614 96613 
197733 99420 99834 98901 
197734 100705 100708 100707 
197735 96259 97365 97219 
197736 97240 97241 96734 
197737 96497 103301 100301 
197738 5333 101580 5334 
197739 95125 95371 95370 
197740 98762 102633 101504 
197741 5270 101576 5271 
197742 98132 98235 97770 
197743 94753 94762 94761 
197744 94672 94673 94671 
197745 100347 100348 100346 
197746 5347 101584 5348 
197747 96733 96734 96730 
197748 98831 98833 98832 
197749 99241 99558 99240 
197750 96853 96855 96854 
197751 95174 95175 95173 
197752 97744 101756 97957 
197753 99673 99674 99672 
197754 94682 94683 94681 
197755 96059 96060 96058 
197756 95729 95730 95694 
197757 96993 96994 96471 
197758 96932 101980 97455 
197759 95387 103907 103807 
197760 94939 95560 94937 
197761 101618 102446 102081 
197762 95930 95931 95929 
197763 97320 97911 96286 
197764 96725 101603 96726 
197765 94684 94685 94683 
197766 100200 100201 100199 
197767 97490 97491 97285 
197768 100316 103861 94617 
197769 98691 98692 98690 
197770 100109 100357 99080 
197771 100708 100710 100709 
197772 99273 99665 98065 
197773 95033 95034 95024 
197774 100074 101771 99153 
197775 99397 101828 99398 
197776 95940 95941 95939 
197777 96314 96315 96313 
197778 96485 96486 96484 
197779 95693 95694 95692 
197780 5314 101565 5315 
197781 5279 101568 5280 
197782 97050 97579 97049 
197783 95782 95783 95733 
197784 97816 99418 97756 
197785 94728 102640 94902 
197786 96614 96616 96615 
197787 5244 101570 5245 
197788 98693 98694 98692 
197789 95371 95393 95392 
197790 101819 101821 5012 
197791 100350 100351 100348 
197792 94762 94764 94763 
197793 96641 101271 96634 
197794 96405 96406 96404 
197795 100955 102431 97063 
197796 100456 102470 99655 
197797 95405 95407 95406 
197798 94868 94869 94867 
197799 95531 95532 95516 
197800 5345 101593 5346 
197801 95533 95534 95532 
197802 94860 94861 94859 
197803 98780 98781 98694 
197804 96616 96618 96617 
197805 96399 101754 97061 
197806 5302 101583 5303 
197807 94883 94884 94882 
197808 95225 101266 95223 
197809 96061 96062 96060 
197810 95319 95321 95320 
197811 96481 96482 96480 
197812 96855 96857 96856 
197813 100203 100204 100201 
197814 94852 94853 94851 
197815 96489 96490 96488 
197816 96618 96620 96619 
197817 96622 96624 96623 
197818 95043 95044 95042 
197819 97889 98199 97499 
197820 5354 101606 5355 
197821 94935 97089 94933 
197822 98314 99789 99788 
197823 98833 98835 98834 
197824 99935 100346 99934 
197825 94846 94847 94845 
197826 97530 101986 97057 
197827 94885 94886 94884 
197828 95624 101758 95753 
197829 96937 101902 101786 
197830 95081 101710 95083 
197831 97338 97581 97323 
197832 96407 96408 96406 
197833 94686 94687 94685 
197834 95409 95411 95410 
197835 94874 94875 94873 
197836 95536 95537 95534 
197837 99948 102606 98800 
197838 95767 95768 95730 
197839 96057 96058 96056 
197840 94876 94877 94875 
197841 95936 95937 95935 
197842 94680 94681 94679 
197843 98689 98690 98616 
197844 95393 95403 95402 
197845 94872 94873 94871 
197846 99675 99676 99674 
197847 94870 94871 94869 
197848 97497 97598 97496 
197849 97246 97247 97245 
197850 100710 100713 100712 
197851 5374 101599 5375 
197852 5180 101940 94489 
197853 98204 101670 98206 
197854 98653 101768 99636 
197855 99992 102622 98841 
197856 94862 94863 94861 
197857 97773 97774 97389 
197858 5342 101562 5343 
197859 5372 101613 5373 
197860 100514 102791 98919 
197861 98536 101060 97970 
197862 100222 100223 100204 
197863 96838 102435 96836 
197864 100206 103163 97538 
197865 102923 103074 97231 
197866 98063 98933 98064 
197867 97788 99461 98035 
197868 98933 99750 98934 
197869 95944 95945 95943 
197870 96316 96317 96315 
197871 94764 94766 94765 
197872 94854 94855 94853 
197873 102384 102491 98880 
197874 103361 103536 99422 
197875 100224 100225 100223 
197876 100751 101806 100754 
197877 96729 96730 96728 
197878 94951 96980 94947 
197879 98633 98634 98632 
197880 95570 101779 95611 
197881 97582 97689 97581 
197882 98635 98999 98634 
197883 5369 101612 5370 
197884 100175 103683 99462 
197885 95321 95323 95322 
197886 101686 102273 96376 
197887 97792 101761 101760 
197888 97817 97818 97679 
197889 98782 98783 98781 
197890 96063 96064 96062 
197891 100574 100576 100572 
197892 99750 99787 99786 
197893 95041 95042 95040 
197894 94771 94773 94772 
197895 94587 101690 101689 
197896 97670 101728 98239 
197897 97248 97249 97247 
197898 98210 98247 98212 
197899 95045 95046 95044 
197900 96318 96319 96317 
197901 95184 95185 95183 
197902 97147 97148 97145 
197903 98480 98642 96428 
197904 100924 102130 96290 
197905 94993 94995 94980 
197906 95866 95867 95865 
197907 5307 101560 5308 
197908 99841 103689 99840 
197909 96250 96252 96174 
197910 97731 97732 97730 
197911 96186 96187 96029 
197912 94979 94980 94972 
197913 99568 101049 99150 
197914 99037 99425 98100 
197915 95383 101257 95384 
197916 95180 95181 95179 
197917 94766 94768 94767 
197918 96857 96859 96858 
197919 96294 102491 102384 
197920 94688 94689 94687 
197921 97935 98065 97739 
197922 100751 100754 100753 
197923 100877 101448 100875 
197924 5304 101590 5305 
197925 5206 101601 5207 
197926 99619 99743 98999 
197927 95047 95048 95046 
197928 94971 94972 94970 
197929 95413 95415 95414 
197930 97969 98560 97718 
197931 95317 95319 95318 
197932 97009 102050 100683 
197933 5262 101586 5263 
197934 95188 95189 95187 
197935 100498 102486 101567 
197936 5265 101558 5266 
197937 97387 98650 98023 
197938 5293 101564 5294 
197939 99366 99367 99365 
197940 98285 99201 98026 
197941 100909 101835 98347 
197942 99075 99186 98644 
197943 98643 98644 98642 
197944 96427 102276 97237 
197945 97250 97251 97249 
197946 5286 101559 5287 
197947 97727 97728 97726 
197948 94963 94964 94962 
197949 95950 95951 95949 
197950 94690 94691 94689 
197951 5251 101561 5252 
197952 98904 100245 97772 
197953 97559 98255 97557 
197954 98793 102732 100314 
197955 95323 95325 95324 
197956 98689 102493 98691 
197957 99677 99678 99676 
197958 94775 94777 94776 
197959 94969 94970 94968 
197960 96502 101643 97503 
197961 97255 97257 96986 
197962 97569 97575 97567 
197963 100024 100227 99186 
197964 97244 97245 97243 
197965 97551 98042 97549 
197966 96142 102493 102213 
197967 97555 98160 97553 
197968 96065 96066 96064 
197969 98584 98585 97874 
197970 5361 101624 5362 
197971 97460 101767 97461 
197972 98476 100370 98534 
197973 97197 97351 96257 
197974 99158 99159 98039 
197975 96320 96321 96319 
197976 94965 94966 94964 
197977 94676 101630 94677 
197978 96859 96861 96860 
197979 99171 99875 99169 
197980 102387 102641 5430 
197981 5248 101592 5249 
197982 95049 95050 95048 
197983 103747 103837 99587 
197984 99360 99361 98094 
197985 99368 99369 99367 
197986 98539 98627 97179 
197987 94692 94693 94691 
197988 97996 97997 97689 
197989 96495 96496 96494 
197990 97252 97253 97251 
197991 98405 102710 100589 
197992 95372 95373 95368 
197993 94929 94930 94926 
197994 100350 101825 100351 
197995 94487 101694 101692 
197996 94945 94948 94943 
197997 98007 102402 102020 
197998 98785 98786 98783 
197999 96491 96492 96490 
198000 99565 101702 98743 
198001 95009 103017 94998 
198002 96430 102640 94726 
198003 100110 103989 95748 
198004 99677 102634 99679 
198005 96634 96636 96635 
198006 94967 94968 94966 
198007 99318 100003 99173 
198008 99364 99365 99363 
198009 99067 101833 101220 
198010 5359 101620 5360 
198011 100713 100715 100714 
198012 97599 97600 97598 
198013 95956 95957 95955 
198014 96067 96068 96066 
198015 96418 102288 96421 
198016 99768 102846 101682 
198017 95709 95710 95708 
198018 100823 102904 100824 
198019 5224 101595 5225 
198020 97028 97213 97026 
198021 98341 98342 98340 
198022 98634 102464 98632 
198023 99290 99879 97997 
198024 95325 95327 95326 
198025 95864 95865 95863 
198026 5396 101385 5397 
198027 101806 101807 100754 
198028 98651 98653 98652 
198029 5401 101381 5402 
198030 97717 101775 96228 
198031 103885 104030 99858 
198032 96025 96026 95867 
198033 5211 101614 5212 
198034 5394 101392 5395 
198035 94601 101945 5135 
198036 5136 101945 94539 
198037 96322 96323 96321 
198038 99679 99680 99678 
198039 99023 99024 98342 
198040 5403 101386 5404 
198041 99370 99371 99369 
198042 96624 96626 96625 
198043 98866 98869 98868 
198044 96324 96325 96323 
198045 95005 95006 94992 
198046 98653 99635 99003 
198047 95194 95195 95193 
198048 96861 96863 96862 
198049 98795 98796 98786 
198050 101460 101461 97928 
198051 101287 102732 98793 
198052 100730 101741 100732 
198053 98755 98756 98087 
198054 97332 97333 97253 
198055 97032 97309 97030 
198056 95946 95947 95945 
198057 95327 95329 95328 
198058 101291 103040 94555 
198059 96069 96070 96068 
198060 97601 97602 97600 
198061 97929 101653 98595 
198062 94777 94779 94778 
198063 97383 101773 96842 
198064 98194 98231 97754 
198065 97837 101720 100958 
198066 102291 102632 98016 
198067 98079 101799 97436 
198068 95504 95506 95382 
198069 5436 101399 5437 
198070 94862 101616 94863 
198071 100715 100717 100716 
198072 95051 95052 95050 
198073 97958 101474 98454 
198074 96499 96500 96498 
198075 94781 94783 94782 
198076 95419 95421 95420 
198077 99681 99682 99680 
198078 96511 102451 101485 
198079 97493 102000 97073 
198080 95602 102598 97708 
198081 98757 98758 98756 
198082 94694 94695 94693 
198083 97411 98291 97410 
198084 98624 98625 98623 
198085 98086 98087 97934 
198086 95415 95417 95416 
198087 97366 98063 98030 
198088 5440 101393 5441 
198089 101075 101863 98150 
198090 96626 96628 96627 
198091 97792 101760 96161 
198092 98581 98583 98582 
198093 5408 101397 5409 
198094 95960 95961 95959 
198095 96863 96865 96864 
198096 99326 101979 101751 
198097 98797 98798 98796 
198098 99296 101836 98758 
198099 100717 100720 100719 
198100 5427 101418 5428 
198101 103674 103722 99484 
198102 97603 97604 97602 
198103 101805 101939 97183 
198104 96628 96630 96629 
198105 100331 100333 100332 
198106 95593 95594 95506 
198107 96159 96160 96026 
198108 95037 101642 95038 
198109 95537 101482 95555 
198110 100720 100722 100721 
198111 99159 102264 98039 
198112 95711 95712 95710 
198113 97891 98632 97234 
198114 99210 99410 97972 
198115 98208 98423 98422 
198116 95190 95191 95189 
198117 95381 95382 95122 
198118 96153 96232 96141 
198119 96330 96331 96329 
198120 96630 96632 96631 
198121 99372 99373 99371 
198122 95713 95714 95712 
198123 96071 96072 96070 
198124 96503 96504 96502 
198125 99683 99684 99682 
198126 95952 95953 95951 
198127 5417 101420 5418 
198128 94785 94787 94786 
198129 97605 97606 97604 
198130 101839 101841 5033 
198131 95715 95716 95714 
198132 94789 94791 94790 
198133 5229 101634 5230 
198134 96986 101898 96983 
198135 95329 95331 95330 
198136 95478 101778 95591 
198137 96196 96197 96160 
198138 98800 98801 98798 
198139 97967 99961 97966 
198140 96073 96074 96072 
198141 5414 101416 5415 
198142 97567 101894 97564 
198143 96529 96530 96298 
198144 95391 101661 101469 
198145 99489 99664 98291 
198146 94919 101674 95786 
198147 95717 95718 95716 
198148 95200 95201 95199 
198149 95053 95054 95052 
198150 96865 96867 96866 
198151 94945 101732 94948 
198152 96539 96540 96538 
198153 101661 102126 101465 
198154 94930 101450 94954 
198155 96395 98498 97848 
198156 100284 100285 100283 
198157 96425 101788 96427 
198158 95720 95721 95718 
198159 96541 96542 96540 
198160 97481 97748 97747 
198161 95383 95384 95380 
198162 5043 101845 101844 
198163 100492 100494 100491 
198164 5036 101856 101853 
198165 97607 97608 97606 
198166 100047 102744 98969 
198167 99542 99858 98789 
198168 5424 101678 5425 
198169 98379 98381 98380 
198170 100323 103418 100321 
198171 101846 101848 5046 
198172 100608 100611 100610 
198173 96407 101672 96408 
198174 95722 95723 95721 
198175 97491 101499 97937 
198176 96332 96333 96331 
198177 99374 99375 99373 
198178 98422 102733 101232 
198179 95966 95967 95965 
198180 94696 94697 94695 
198181 95204 95205 95203 
198182 95724 95725 95723 
198183 100852 103868 99055 
198184 96544 96545 96542 
198185 95196 95197 95195 
198186 98965 98966 98964 
198187 98802 98803 98801 
198188 95897 102225 95895 
198189 94629 102469 96755 
198190 101858 101859 5053 
198191 95423 95425 95424 
198192 95599 95602 95590 
198193 97039 97049 97036 
198194 96328 96329 96327 
198195 100722 100724 100723 
198196 98425 98427 98426 
198197 98583 98899 98898 
198198 97609 97610 97608 
198199 96075 96076 96074 
198200 5131 101818 5132 
198201 97931 98619 97278 
198202 5443 101412 5444 
198203 97336 97410 97335 
198204 98026 101906 97528 
198205 100398 100399 100397 
198206 95055 95056 95054 
198207 100403 100404 100402 
198208 94698 94699 94697 
198209 96334 96335 96333 
198210 95727 95749 95725 
198211 97944 97945 97893 
198212 101298 102823 99012 
198213 96636 96638 96637 
198214 96464 102251 96466 
198215 96867 96869 96868 
198216 98454 101811 101625 
198217 95810 97966 95746 
198218 100440 100442 100439 
198219 98971 102744 99825 
198220 96546 96547 96545 
198221 100333 100335 100334 
198222 94475 102940 100388 
198223 96992 101728 97670 
198224 99685 99686 99684 
198225 98757 102618 100255 
198226 99889 99890 98270 
198227 97498 97499 97109 
198228 103106 103398 94473 
198229 100946 103822 102357 
198230 99556 99557 98620 
198231 97670 98239 98238 
198232 95970 95971 95969 
198233 100400 100402 100399 
198234 98284 99416 99415 
198235 98967 98968 98966 
198236 94700 94701 94699 
198237 95208 95209 95207 
198238 97492 98105 97493 
198239 95335 95337 95336 
198240 94793 94795 94794 
198241 97641 101339 99133 
198242 99376 99377 99375 
198243 96336 96337 96335 
198244 97774 101460 97928 
198245 99275 102618 98755 
198246 99338 99340 99339 
198247 95057 95058 95056 
198248 97441 103377 102664 
198249 94797 94799 94798 
198250 95750 95791 95749 
198251 96537 96538 96536 
198252 98190 101770 97376 
198253 98451 102465 98449 
198254 97732 101454 97734 
198255 98899 99883 99430 
198256 97337 98651 97964 
198257 96424 97647 97212 
198258 101181 101407 101402 
198259 98083 99021 97393 
198260 95427 95429 95428 
198261 98969 98970 98968 
198262 97611 97612 97610 
198263 98668 98670 98669 
198264 94702 94703 94701 
198265 95974 95975 95973 
198266 101947 101988 95603 
198267 96999 102104 100670 
198268 98963 98964 98962 
198269 101313 102632 102291 
198270 102208 102414 98861 
198271 96077 96078 96076 
198272 5161 101615 5162 
198273 99102 99103 98656 
198274 100170 103512 99495 
198275 98135 98623 97419 
198276 96645 96647 96646 
198277 101870 101871 5027 
198278 99687 99688 99686 
198279 98808 98809 98807 
198280 95342 101789 97093 
198281 100394 100397 100393 
198282 99583 99967 98594 
198283 96509 96510 96508 
198284 98593 98594 98117 
198285 96869 96871 96870 
198286 5011 101819 5012 
198287 97613 97614 97612 
198288 94997 101082 95843 
198289 95978 95979 95977 
198290 98848 102463 102338 
198291 95962 95963 95961 
198292 96638 96640 96639 
198293 98670 99278 99277 
198294 95792 95836 95791 
198295 99378 99379 99377 
198296 96504 101643 96502 
198297 95059 95060 95058 
198298 5024 101869 101868 
198299 98971 98972 98970 
198300 96338 96339 96337 
198301 95435 95437 95436 
198302 96651 96653 96652 
198303 95431 95433 95432 
198304 97657 101791 96281 
198305 96548 96549 96547 
198306 98806 98807 98805 
198307 95212 95213 95211 
198308 95837 96017 95836 
198309 5391 102667 5392 
198310 101571 102685 96907 
198311 96505 96506 96504 
198312 97983 98045 97982 
198313 96513 96514 96512 
198314 100435 102532 95284 
198315 98360 100454 99655 
198316 99689 99690 99688 
198317 97615 97616 97614 
198318 102338 102463 97367 
198319 100335 100337 100336 
198320 98637 98638 98636 
198321 100733 101741 100730 
198322 99437 99439 99438 
198323 98545 102737 101124 
198324 100672 103181 100674 
198325 95333 95335 95334 
198326 95216 95217 95215 
198327 97541 101805 97183 
198328 98339 98340 97546 
198329 98381 98383 98382 
198330 96551 96552 96549 
198331 94801 94803 94802 
198332 98097 101272 97535 
198333 96783 102395 96782 
198334 97500 102050 97011 
198335 97948 97949 97947 
198336 100836 101526 99025 
198337 102020 102402 101544 
198338 5012 101821 5013 
198339 96433 98128 97976 
198340 99467 99469 99468 
198341 98014 98015 97847 
198342 96341 96342 96339 
198343 98115 101925 96193 
198344 98885 101968 98403 
198345 99244 99245 99128 
198346 96553 96554 96552 
198347 98810 98811 98809 
198348 95439 95441 95440 
198349 98763 98765 98764 
198350 96871 96873 96872 
198351 98973 98974 98972 
198352 97617 97618 97616 
198353 96415 101810 96418 
198354 99253 100084 98560 
198355 94993 101652 94995 
198356 96997 98956 97687 
198357 94704 94705 94703 
198358 94763 102042 94761 
198359 97372 97442 96299 
198360 95583 102394 100618 
198361 99691 99692 99690 
198362 98534 101797 99336 
198363 95061 95062 95060 
198364 96248 96299 96187 
198365 99380 99381 99379 
198366 96517 96518 96516 
198367 102309 102437 98853 
198368 96235 96236 96024 
198369 96079 96080 96078 
198370 101497 102892 97542 
198371 99766 99767 99764 
198372 98547 98728 98559 
198373 94805 94807 94806 
198374 100729 100733 100730 
198375 96018 96169 96017 
198376 95982 95983 95981 
198377 97666 98361 97868 
198378 96640 96643 96642 
198379 98168 98645 97378 
198380 98383 98385 98384 
198381 95518 95565 95521 
198382 98765 98767 98766 
198383 98526 98959 98958 
198384 98362 98365 98364 
198385 96343 96344 96342 
198386 99716 101884 100108 
198387 96786 96787 96783 
198388 96134 96307 96190 
198389 98948 99507 98015 
198390 100727 100729 100728 
198391 101220 101961 97098 
198392 99761 99762 98638 
198393 99770 99804 99769 
198394 95850 97379 95869 
198395 96873 96875 96874 
198396 95986 95987 95985 
198397 99018 99019 99017 
198398 99435 101755 99887 
198399 98975 98976 98974 
198400 101242 102287 97427 
198401 99104 102327 100219 
198402 101194 101749 101191 
198403 95135 102558 95133 
198404 99383 99384 99381 
198405 96081 96082 96080 
198406 97200 101960 98626 
198407 5015 101861 5016 
198408 98176 99877 98754 
198409 97619 97620 97618 
198410 97044 101798 97630 
198411 101352 102605 101273 
198412 100621 102163 97124 
198413 101665 101862 95543 
198414 95337 95339 95338 
198415 97112 99215 96520 
198416 96253 96256 96252 
198417 101875 101876 5096 
198418 101468 101831 101464 
198419 94589 101765 101724 
198420 95670 101809 95672 
198421 96170 97216 96169 
198422 96790 96791 96789 
198423 97781 99459 97838 
198424 96345 96346 96344 
198425 96559 96560 96558 
198426 94809 94811 94810 
198427 95220 95221 95219 
198428 97354 101938 100098 
198429 5102 101685 5103 
198430 98121 99474 97447 
198431 5108 101687 5109 
198432 95063 95064 95062 
198433 96655 96657 96656 
198434 94706 94707 94705 
198435 98767 99453 98913 
198436 5056 101842 5057 
198437 98184 98763 98762 
198438 5032 101839 5033 
198439 5123 101695 5124 
198440 98627 101920 97179 
198441 97415 101511 98578 
198442 5017 101697 5018 
198443 98977 98978 98976 
198444 96875 96877 96876 
198445 95065 95066 95064 
198446 5078 101699 5079 
198447 5093 101700 5094 
198448 5043 101844 5044 
198449 97834 101743 97776 
198450 98674 98675 98673 
198451 96324 101657 96325 
198452 5045 101846 5046 
198453 96023 96024 95878 
198454 95017 101731 95018 
198455 100362 100365 100364 
198456 98812 98813 98811 
198457 95445 95447 95446 
198458 97534 101526 95150 
198459 97683 98639 98418 
198460 99385 99386 99384 
198461 96340 102414 102208 
198462 100777 102408 98828 
198463 5036 101853 5037 
198464 95566 95579 95578 
198465 98394 99808 98045 
198466 99693 99694 99692 
198467 97279 98668 97907 
198468 5038 101703 5039 
198469 101170 103203 101171 
198470 97049 102017 97036 
198471 97070 97492 97073 
198472 98985 102527 98987 
198473 96794 96795 96793 
198474 5058 101843 5059 
198475 98979 98980 98978 
198476 97066 97135 97068 
198477 95580 95609 95608 
198478 100115 100118 100117 
198479 102626 102740 96206 
198480 99469 99661 99660 
198481 96122 103404 101670 
198482 99342 102680 98780 
198483 101007 102353 97545 
198484 94708 94709 94707 
198485 96301 101814 96385 
198486 97352 97751 97351 
198487 100643 100646 100641 
198488 98108 98284 98283 
198489 96659 96661 96660 
198490 98629 101978 95270 
198491 96083 96084 96082 
198492 98854 98855 98745 
198493 5121 101707 5122 
198494 5052 101858 5053 
198495 5389 101531 94599 
198496 95610 95689 95688 
198497 5019 101708 5020 
198498 100595 102639 94495 
198499 5091 101849 5092 
198500 95224 95225 95223 
198501 95364 102469 94627 
198502 96963 103328 100257 
198503 5033 101841 5034 
198504 97621 98043 97620 
198505 98152 98912 97381 
198506 98301 100266 98323 
198507 96347 96348 96346 
198508 98981 98982 98980 
198509 100189 103478 97136 
198510 96561 96562 96560 
198511 5035 101856 5036 
198512 101098 101099 98097 
198513 98237 100948 100947 
198514 5053 101859 5054 
198515 99060 99061 99059 
198516 98036 98636 97339 
198517 94710 94711 94709 
198518 97684 101826 97059 
198519 5042 101845 5043 
198520 5046 101848 5047 
198521 96877 96879 96878 
198522 98814 98815 98813 
198523 100319 102708 99366 
198524 97797 98173 98172 
198525 96349 96350 96348 
198526 98116 98117 97384 
198527 96557 96558 96556 
198528 5119 101717 5120 
198529 5026 101870 5027 
198530 96802 96803 96801 
198531 5021 101719 5022 
198532 97417 97925 97923 
198533 98882 102491 99241 
198534 98856 99031 98855 
198535 99695 99696 99694 
198536 97982 101970 98157 
198537 97752 97993 97751 
198538 98863 102414 98963 
198539 98232 99262 98231 
198540 5024 101868 5025 
198541 97104 99051 97686 
198542 98816 98817 98815 
198543 98334 98335 98013 
198544 97591 99043 97096 
198545 96663 96665 96664 
198546 101949 102250 98679 
198547 96351 96352 96350 
198548 99387 99388 99386 
198549 99806 100254 99804 
198550 98983 98984 98982 
198551 95067 95068 95066 
198552 98666 99539 98667 
198553 96085 96086 96084 
198554 98625 102434 98623 
198555 5040 101723 5041 
198556 5088 101724 5089 
198557 5048 101725 5049 
198558 96563 96564 96562 
198559 5061 101726 5062 
198560 99789 99791 99790 
198561 96581 96582 96579 
198562 96087 96088 96086 
198563 97393 101954 96697 
198564 96798 96799 96797 
198565 98949 98950 98871 
198566 98200 101522 98199 
198567 94984 96962 94987 
198568 5027 101871 5028 
198569 5421 102298 5422 
198570 98173 98556 98555 
198571 95796 102020 101544 
198572 99123 99124 99063 
198573 99697 99698 99696 
198574 5023 101869 5024 
198575 96046 101734 96048 
198576 95765 98068 97631 
198577 95992 95993 95991 
198578 98985 98986 98984 
198579 99772 102687 98795 
198580 98744 98745 98742 
198581 98556 99995 99994 
198582 95779 95824 95823 
198583 98003 98676 97318 
198584 100649 100650 100647 
198585 96353 96354 96352 
198586 95339 95341 95340 
198587 98818 98820 98817 
198588 98011 98656 97434 
198589 99427 99513 99130 
198590 99056 99057 99019 
198591 98782 102680 101130 
198592 99389 99390 99388 
198593 95234 95235 95233 
198594 95341 95343 95342 
198595 5073 101740 5074 
198596 5095 101875 5096 
198597 98821 98822 98820 
198598 96089 96090 96088 
198599 5098 101739 5099 
198600 96879 96881 96880 
198601 95343 95345 95344 
198602 100811 102397 101561 
198603 96565 96566 96564 
198604 94712 94713 94711 
198605 100527 102738 98854 
198606 99699 99700 99698 
198607 95345 95347 95346 
198608 99202 99203 99126 
198609 96806 96807 96805 
198610 97280 99114 97853 
198611 97325 101366 97045 
198612 98856 102738 100132 
198613 101280 101281 99739 
198614 98563 101302 99329 
198615 98797 102687 99948 
198616 95347 95349 95348 
198617 97637 97640 97639 
198618 95449 95451 95450 
198619 99032 99033 99031 
198620 99112 99956 99289 
198621 95014 101331 94635 
198622 95230 95231 95229 
198623 97458 98179 97460 
198624 96008 96009 96007 
198625 95069 95070 95068 
198626 5096 101876 5097 
198627 99368 102708 100086 
198628 97445 101873 96982 
198629 97846 97847 97222 
198630 97487 101834 97961 
198631 100245 101885 97772 
198632 95349 95351 95350 
198633 98823 99127 98822 
198634 99791 99897 99896 
198635 99391 99392 99390 
198636 99968 103887 103721 
198637 96119 101864 96459 
198638 98004 98673 97375 
198639 101413 101415 101414 
198640 96091 96092 96090 
198641 99418 101952 97756 
198642 96002 96003 96001 
198643 95351 95353 95352 
198644 99643 101812 98136 
198645 95988 95989 95987 
198646 95996 95997 95995 
198647 97464 97691 97466 
198648 95669 102004 95795 
198649 98034 98204 97991 
198650 97107 98903 97649 
198651 96355 96356 96354 
198652 97748 98727 98725 
198653 98987 98988 98986 
198654 95353 95355 95354 
198655 101549 101996 101925 
198656 97502 102104 97001 
198657 96567 96568 96566 
198658 96881 96883 96882 
198659 95071 95072 95070 
198660 101226 102891 101076 
198661 97470 97978 97977 
198662 100076 100077 98950 
198663 97652 98186 97341 
198664 95073 95074 95072 
198665 99394 99395 99392 
198666 97870 102003 97425 
198667 94823 94825 94824 
198668 101499 101967 100074 
198669 99572 101746 99574 
198670 94603 94605 94604 
198671 98244 101654 97652 
198672 95455 95457 95456 
198673 97499 101899 97109 
198674 99701 99702 99700 
198675 99034 99431 99033 
198676 97988 97989 97987 
198677 101141 101893 98429 
198678 96883 96885 96884 
198679 94714 94715 94713 
198680 96052 96210 96209 
198681 98298 99607 99543 
198682 101056 102306 98287 
198683 102053 102386 95766 
198684 97229 97797 97796 
198685 98707 98709 98708 
198686 97474 98020 98019 
198687 96093 96094 96092 
198688 97223 98666 97862 
198689 98498 98500 98499 
198690 101637 102921 98544 
198691 96154 101684 94665 
198692 97449 97471 97451 
198693 95631 102560 95599 
198694 96216 96389 96226 
198695 96677 96679 96678 
198696 100692 100740 100690 
198697 100469 103525 94513 
198698 97994 98566 98565 
198699 96937 101786 97994 
198700 99464 100313 100312 
198701 96390 96964 96936 
198702 101941 102395 100590 
198703 98029 101300 98058 
198704 96673 96675 96674 
198705 96569 96570 96568 
198706 94999 95704 95010 
198707 94813 94815 94814 
198708 95812 102386 96023 
198709 98699 98701 98700 
198710 94716 94717 94715 
198711 98012 98013 97327 
198712 99703 99704 99702 
198713 99429 99547 98432 
198714 98497 101546 99490 
198715 99432 99433 99431 
198716 99396 99397 99395 
198717 100199 101955 100196 
198718 98609 99464 99276 
198719 97974 101776 97975 
198720 97592 99100 97998 
198721 100417 102837 100398 
198722 96669 96671 96670 
198723 95075 95076 95074 
198724 96965 97448 97283 
198725 100936 102963 100935 
198726 95104 102107 101713 
198727 98500 98502 98501 
198728 99920 100027 99921 
198729 98109 98871 98107 
198730 95461 95463 95462 
198731 98128 100042 98307 
198732 95706 98538 95785 
198733 99269 102963 100988 
198734 94829 94831 94830 
198735 96410 101672 96407 
198736 96240 96241 96146 
198737 96904 96906 96905 
198738 98701 98703 98702 
198739 99852 102006 99849 
198740 96885 96887 96886 
198741 95355 95358 95356 
198742 94718 94719 94717 
198743 96357 96358 96356 
198744 100629 102348 100630 
198745 97492 101880 98935 
198746 97647 97763 97762 
198747 98989 98990 98988 
198748 96163 102013 95741 
198749 98726 103347 100806 
198750 97994 101786 98566 
198751 96095 96096 96094 
198752 101376 101817 95858 
198753 101457 102079 101458 
198754 94607 94609 94608 
198755 99246 99247 99245 
198756 100796 102716 100793 
198757 95248 95249 95247 
198758 100743 100744 100741 
198759 96821 101751 96823 
198760 98728 99827 98729 
198761 99498 99500 99499 
198762 98111 98873 98872 
198763 96812 96813 96811 
198764 95226 95227 95225 
198765 94570 101382 101381 
198766 99399 99400 99397 
198767 99705 99706 99704 
198768 96941 102004 95671 
198769 97823 98214 98213 
198770 96571 96572 96570 
198771 98365 98546 98366 
198772 98349 99525 99524 
198773 94720 94721 94719 
198774 98502 98504 98503 
198775 100144 101173 100154 
198776 96816 96817 96815 
198777 95244 95245 95243 
198778 98175 101805 97541 
198779 95077 95078 95076 
198780 97676 98317 98009 
198781 95110 95128 95127 
198782 95020 98718 95029 
198783 95833 95884 95883 
198784 98991 98992 98990 
198785 102767 102884 94593 
198786 99025 101526 97534 
198787 95240 95241 95239 
198788 96887 96889 96888 
198789 94819 94821 94820 
198790 102241 102427 99895 
198791 96889 96891 96890 
198792 101485 102451 99132 
198793 99530 99534 99533 
198794 96359 96360 96358 
198795 97416 98236 98054 
198796 97455 101980 97988 
198797 94531 103953 100303 
198798 99707 99708 99706 
198799 102475 102720 97319 
198800 100618 102394 100619 
198801 96681 96683 96682 
198802 96097 96098 96096 
198803 99401 99402 99400 
198804 96361 96362 96360 
198805 100737 103831 94731 
198806 95644 95648 95646 
198807 95628 95637 95636 
198808 95358 95365 95359 
198809 97679 101947 95700 
198810 98124 98125 97791 
198811 96305 96475 96474 
198812 98703 98705 98704 
198813 95336 102607 95334 
198814 95638 95656 95640 
198815 98993 98994 98992 
198816 99248 99249 99247 
198817 96363 96364 96362 
198818 95365 95395 95366 
198819 100400 102837 100405 
198820 95079 95080 95078 
198821 99250 99251 99249 
198822 96891 96893 96892 
198823 99312 99313 99251 
198824 98873 98875 98874 
198825 96573 96574 96572 
198826 97074 97075 97072 
198827 98568 98570 98569 
198828 5146 102157 5147 
198829 97788 102141 99461 
198830 96307 96966 96308 
198831 95842 95852 95851 
198832 95081 95082 95080 
198833 96910 96912 96911 
198834 97872 98111 98110 
198835 99304 99305 99303 
198836 99302 99303 99301 
198837 95840 95842 95841 
198838 97071 97072 97069 
198839 96980 101732 94947 
198840 97927 99471 98263 
198841 94722 94723 94721 
198842 99709 99710 99708 
198843 96041 96042 96040 
198844 95395 95517 95396 
198845 96037 96038 96036 
198846 94758 104059 100702 
198847 98602 98603 98601 
198848 98995 100123 98994 
198849 100344 102392 97644 
198850 96575 96576 96574 
198851 98052 101783 98053 
198852 98357 98550 98549 
198853 97207 97208 97075 
198854 99984 99987 99986 
198855 96820 96821 96819 
198856 99403 99404 99402 
198857 96099 96100 96098 
198858 97588 101971 99083 
198859 97787 101499 97491 
198860 95467 95469 95468 
198861 97720 98609 98608 
198862 99236 100071 99749 
198863 96004 96005 96003 
198864 96476 96479 96478 
198865 99571 99572 99570 
198866 96365 96366 96364 
198867 103571 103946 100599 
198868 101799 103579 97438 
198869 96101 96102 96100 
198870 98482 101986 97530 
198871 99783 99785 99784 
198872 97322 99440 97913 
198873 98514 98516 98515 
198874 98657 102220 101989 
198875 98512 98514 98513 
198876 5389 94599 5390 
198877 98431 98432 97697 
198878 96598 96599 96596 
198879 98516 98520 98517 
198880 97446 98061 98060 
198881 101584 103643 94426 
198882 5189 94598 5190 
198883 94490 101487 5399 
198884 95689 95734 95690 
198885 94835 94837 94836 
198886 96197 101524 96199 
198887 98550 98552 98551 
198888 95651 95655 95653 
198889 101421 101423 101422 
198890 99314 99733 99313 
198891 100082 101340 100083 
198892 96033 96034 96032 
198893 97067 97170 97065 
198894 98646 100009 98647 
198895 96103 96106 96102 
198896 101135 103948 99381 
198897 94724 94725 94723 
198898 98959 100065 99777 
198899 98520 98522 98521 
198900 95852 95855 95853 
198901 97953 99070 98131 
198902 99962 102386 102053 
198903 99712 99713 99710 
198904 95083 95084 95082 
198905 94491 101394 101393 
198906 97307 98699 98085 
198907 101420 101907 101421 
198908 98506 98508 98507 
198909 95675 101253 101252 
198910 98303 99545 97583 
198911 99118 100516 100177 
198912 99088 100082 99089 
198913 94609 94611 94610 
198914 100219 102327 101316 
198915 101341 101787 94922 
198916 96893 96895 96894 
198917 96045 96046 96044 
198918 97372 101737 97442 
198919 100482 102590 94681 
198920 94761 102042 97400 
198921 97259 97823 97822 
198922 5031 102424 94456 
198923 95683 95743 95737 
198924 100372 102675 95369 
198925 96107 96110 96106 
198926 95704 102501 95010 
198927 96607 102098 96605 
198928 95657 97017 96311 
198929 96577 96578 96576 
198930 97045 97047 97046 
198931 96895 97202 96900 
198932 94726 94727 94725 
198933 98679 98681 98680 
198934 96998 101896 97000 
198935 96367 96368 96366 
198936 99349 99589 98420 
198937 99405 99406 99404 
198938 98875 98952 98951 
198939 100567 101994 101612 
198940 101348 102309 95745 
198941 96694 96696 96695 
198942 98344 100114 98345 
198943 98174 98175 97541 
198944 99473 100008 97805 
198945 97277 98679 97930 
198946 95787 96447 96446 
198947 100299 103361 100901 
198948 98510 98512 98511 
198949 96583 96584 96582 
198950 95592 101482 95537 
198951 99220 100421 98305 
198952 95893 95896 95895 
198953 96739 102001 101883 
198954 95824 95827 95825 
198955 95141 95144 95143 
198956 98609 102649 99464 
198957 95734 95759 95735 
198958 95855 95871 95856 
198959 96149 101556 96019 
198960 97902 99095 98304 
198961 100844 104029 96382 
198962 98681 99781 99780 
198963 97865 99922 98617 
198964 95661 101598 95659 
198965 98587 98941 98886 
198966 99714 99715 99713 
198967 95473 95475 95474 
198968 96966 96968 96967 
198969 99412 99624 99406 
198970 94611 94613 94612 
198971 103244 103787 98639 
198972 99816 101823 99577 
198973 94728 94729 94727 
198974 5193 101536 94493 
198975 96916 96918 96917 
198976 97790 97791 97154 
198977 95085 95086 95084 
198978 95873 97950 96456 
198979 95667 101605 95665 
198980 101227 102292 95819 
198981 100932 102644 102488 
198982 98243 98268 97724 
198983 100321 102516 99359 
198984 96111 96112 96110 
198985 101063 102971 97300 
198986 99258 102507 102173 
198987 96482 96485 96484 
198988 96369 96370 96368 
198989 97200 98626 97704 
198990 96968 97215 97163 
198991 99283 100013 98603 
198992 98420 101826 97684 
198993 99716 99717 99715 
198994 98130 99773 98640 
198995 95258 95259 95257 
198996 5190 101535 5191 
198997 99734 99735 99733 
198998 102428 102526 99275 
198999 100175 101776 97974 
199000 95264 95265 95263 
199001 96929 101941 97580 
199002 94489 101940 101157 
199003 99722 99723 99717 
199004 95871 96053 95872 
199005 96486 96489 96488 
199006 98192 99113 98607 
199007 98952 99344 98953 
199008 96123 96124 96116 
199009 101193 101194 101191 
199010 94974 101450 94930 
199011 96237 97344 97343 
199012 99300 99301 96735 
199013 97843 98344 97845 
199014 98372 102591 98373 
199015 96371 96372 96370 
199016 102069 102311 96105 
199017 95087 95088 95086 
199018 97348 97856 97855 
199019 96053 96143 96054 
199020 95089 95090 95088 
199021 94519 101907 101420 
199022 97706 98589 98189 
199023 98731 99187 98732 
199024 100187 100188 98748 
199025 97486 98154 98153 
199026 94613 94615 94614 
199027 99147 100159 97264 
199028 94730 94731 94729 
199029 97658 102678 98253 
199030 100265 103706 97713 
199031 95827 95829 95828 
199032 100567 102881 100566 
199033 101451 103203 95972 
199034 102235 102359 98677 
199035 94732 94733 94731 
199036 103495 103688 99596 
199037 98179 99915 98540 
199038 99287 102447 101721 
199039 96210 96212 96211 
199040 96585 96586 96584 
199041 101065 103528 94430 
199042 99344 99346 99345 
199043 95091 95092 95090 
199044 97471 98122 97472 
199045 96113 96145 96112 
199046 98081 99514 98276 
199047 97041 97043 97042 
199048 96373 96374 96372 
199049 99956 100316 99957 
199050 94734 94735 94733 
199051 95149 95152 95151 
199052 100755 103164 94741 
199053 98840 99266 99264 
199054 99902 99903 99901 
199055 95901 95904 95903 
199056 96759 101228 96688 
199057 100652 103900 97895 
199058 96127 96128 96126 
199059 98631 100428 97854 
199060 96143 96155 96144 
199061 99724 99725 99723 
199062 5387 94541 5388 
199063 97225 97793 97792 
199064 97622 98357 98356 
199065 95093 95094 95092 
199066 98020 98022 98021 
199067 99736 99738 99735 
199068 100217 102152 98452 
199069 94615 94617 94616 
199070 95695 102891 99666 
199071 95405 95406 95403 
199072 95157 95160 95159 
199073 99552 99553 98139 
199074 98488 99760 98195 
199075 98257 98731 98258 
199076 96610 96611 96608 
199077 97038 97041 97040 
199078 5191 94542 5192 
199079 97281 98629 95270 
199080 97411 103607 99489 
199081 99187 99256 99255 
199082 97859 98195 97749 
199083 95163 95166 95165 
199084 5060 101889 94527 
199085 95481 95483 95482 
199086 98142 99939 99434 
199087 95829 95859 95830 
199088 97346 97348 97347 
199089 98069 101460 97774 
199090 99346 100601 99347 
199091 98022 98103 98025 
199092 96492 96495 96494 
199093 98577 101909 96824 
199094 97587 97724 97306 
199095 96587 96588 96586 
199096 95409 95410 95407 
199097 98537 99776 99110 
199098 96175 96176 96158 
199099 96922 96924 96923 
199100 97669 97857 95598 
199101 99987 103400 99986 
199102 98103 99638 98930 
199103 99669 101832 99668 
199104 98419 98420 97684 
199105 97523 99259 97962 
199106 96242 96243 96241 
199107 100818 103284 99219 
199108 96108 102828 100937 
199109 101676 103031 102845 
199110 97315 97902 97901 
199111 98590 98748 97914 
199112 96212 96215 96213 
199113 98519 102758 100417 
199114 99256 101780 99255 
199115 97802 101539 96990 
199116 5386 101532 5387 
199117 94617 94619 94618 
199118 99854 99855 99725 
199119 95614 95616 95615 
199120 96155 96304 96156 
199121 98740 102425 98744 
199122 98107 102000 97493 
199123 94736 94737 94735 
199124 96706 96708 96707 
199125 94530 101888 5090 
199126 101100 101102 101099 
199127 97978 98891 98889 
199128 96462 101913 96464 
199129 98170 99639 98171 
199130 94539 101945 101193 
199131 96244 96245 96243 
199132 95616 95618 95617 
199133 96496 96499 96498 
199134 100529 102005 100530 
199135 97220 97706 97705 
199136 95413 95414 95411 
199137 5385 94523 5386 
199138 96246 96258 96245 
199139 98162 98164 98163 
199140 98047 98126 97674 
199141 97736 101454 97732 
199142 97863 98896 98190 
199143 96309 102460 100871 
199144 98671 100449 99872 
199145 95275 95276 95274 
199146 95913 95916 95915 
199147 99975 99976 99857 
199148 95095 95097 95094 
199149 96589 96590 96588 
199150 99856 99857 99855 
199151 96375 96377 96374 
199152 94924 101674 94919 
199153 100745 100746 100744 
199154 99622 99753 99623 
199155 94619 94621 94620 
199156 97296 101524 96197 
199157 96696 96698 96697 
199158 94738 94739 94737 
199159 98638 102448 98636 
199160 101381 102135 94477 
199161 97206 99508 97833 
199162 98280 99242 98925 
199163 101129 102173 96151 
199164 98845 102477 100440 
199165 96591 96593 96590 
199166 99103 101827 98656 
199167 99007 99008 99006 
199168 96380 97085 96377 
199169 95098 95107 95097 
199170 94621 94623 94622 
199171 99177 99178 99029 
199172 98319 98537 98320 
199173 100039 102427 102241 
199174 5193 94493 5194 
199175 95108 95114 95107 
199176 96500 96503 96502 
199177 97815 102072 97230 
199178 94604 102398 101383 
199179 99223 103248 99224 
199180 5179 101940 5180 
199181 101128 102860 96758 
199182 97484 102109 97896 
199183 94740 94741 94739 
199184 95169 95172 95171 
199185 96183 98072 97204 
199186 95618 95620 95619 
199187 101390 103278 99846 
199188 98824 102311 100940 
199189 99525 99527 99526 
199190 94623 94625 94624 
199191 99224 99226 99225 
199192 99671 102739 99711 
199193 95585 101831 95502 
199194 96940 101251 96689 
199195 101434 102065 101436 
199196 96465 101641 96463 
199197 95128 95130 95129 
199198 96259 97219 96258 
199199 94625 94627 94626 
199200 100738 103179 94709 
199201 96594 96595 96593 
199202 97149 97292 97291 
199203 95917 95920 95919 
199204 95620 95627 95621 
199205 96622 96623 96620 
199206 94742 94743 94741 
199207 100538 101935 100539 
199208 97035 97038 97037 
199209 95115 95124 95114 
199210 5135 101945 5136 
199211 97491 97937 97667 
199212 101378 101968 98885 
199213 96506 96509 96508 
199214 94744 94745 94743 
199215 95495 95497 95496 
199216 99280 102035 96961 
199217 97707 98720 98286 
199218 96526 102191 101208 
199219 96479 96481 96480 
199220 5382 94483 5383 
199221 99977 99978 99976 
199222 99798 102457 100035 
199223 5196 94482 5197 
199224 102735 102808 100022 
199225 100748 100749 100746 
199226 94627 94629 94628 
199227 98399 102704 99107 
199228 101313 102291 95755 
199229 97757 97910 97908 
199230 97186 97749 96205 
199231 95423 95424 95421 
199232 99537 100320 99359 
199233 98619 101895 97278 
199234 97362 97938 97876 
199235 97031 97034 97033 
199236 98037 98497 98219 
199237 95419 95420 95417 
199238 95489 95491 95490 
199239 98668 102504 98670 
199240 97489 97783 94769 
199241 99527 99529 99528 
199242 101518 103354 99202 
199243 97147 97149 97148 
199244 99097 99484 97999 
199245 94771 94772 94768 
199246 97027 97224 97029 
199247 94629 94631 94630 
199248 97527 97886 97528 
199249 97886 97888 97887 
199250 96293 97285 97284 
199251 95130 95132 95131 
199252 101717 102461 94479 
199253 98913 102836 99588 
199254 99753 100104 100103 
199255 94631 94633 94632 
199256 101667 102403 102056 
199257 98363 103242 100971 
199258 98164 98574 98573 
199259 95537 95555 95554 
199260 99195 102523 100394 
199261 99534 99983 99535 
199262 95053 101923 95055 
199263 94746 94747 94745 
199264 100612 102775 94504 
199265 5320 94430 5321 
199266 5264 94438 5265 
199267 5285 94435 5286 
199268 5306 94432 5307 
199269 97573 97828 97574 
199270 5250 94440 5251 
199271 5341 94427 5342 
199272 5327 94429 5328 
199273 5271 94437 5272 
199274 5292 94434 5293 
199275 5236 94442 5237 
199276 5313 94431 5314 
199277 5257 94439 5258 
199278 5334 94428 5335 
199279 5278 94436 5279 
199280 5299 94433 5300 
199281 5243 94441 5244 
199282 97937 99153 98041 
199283 5381 101552 5382 
199284 100005 103352 103118 
199285 94775 94776 94773 
199286 99979 99980 99978 
199287 5197 101572 5198 
199288 5348 94426 5349 
199289 96974 101674 94924 
199290 96263 96264 96262 
199291 95125 95370 95124 
199292 5195 101554 5196 
199293 97091 99487 98846 
199294 98061 98337 98336 
199295 95497 95500 95499 
199296 96460 101551 96458 
199297 99353 103580 100565 
199298 97365 97366 97219 
199299 95925 95928 95927 
199300 96992 101908 101728 
199301 101802 101943 99097 
199302 97565 97572 97566 
199303 95175 95178 95177 
199304 98727 101921 98725 
199305 97939 98296 97941 
199306 99035 102301 99036 
199307 98072 99456 98530 
199308 94633 94635 94634 
199309 98904 100246 100245 
199310 96510 96513 96512 
199311 100867 103880 103496 
199312 96600 96601 96599 
199313 99762 99766 99764 
199314 94748 94749 94747 
199315 98210 98212 97826 
199316 100750 100751 100749 
199317 97142 101877 97144 
199318 97180 98170 97495 
199319 95884 95886 95885 
199320 5378 94475 5379 
199321 5380 94543 5381 
199322 98151 99944 97815 
199323 98591 101984 101278 
199324 96121 96293 96292 
199325 97166 102477 102280 
199326 97860 99039 97861 
199327 5198 94555 5199 
199328 5200 94474 5201 
199329 99471 101714 98263 
199330 95439 95440 95437 
199331 95132 95134 95133 
199332 102790 102933 97646 
199333 97144 97150 97146 
199334 101618 102081 95377 
199335 97105 101865 97180 
199336 5429 102387 5430 
199337 96761 101271 96641 
199338 99053 102071 97926 
199339 95500 95516 95515 
199340 95435 95436 95433 
199341 94635 94637 94636 
199342 98099 99291 99185 
199343 102852 103882 97494 
199344 96634 96635 96632 
199345 96514 96517 96516 
199346 96739 101883 97422 
199347 95431 95432 95429 
199348 95371 95392 95370 
199349 99174 100801 99319 
199350 98080 99506 99082 
199351 94641 94643 94642 
199352 96981 96983 96982 
199353 5326 101563 5327 
199354 5312 101566 5313 
199355 5335 101581 5336 
199356 98281 100179 99013 
199357 95427 95428 95425 
199358 96712 96714 96713 
199359 5256 101567 5257 
199360 5300 101582 5301 
199361 5298 101569 5299 
199362 94643 94645 94644 
199363 98933 98934 98064 
199364 97422 98119 98118 
199365 98497 99490 99216 
199366 99338 99339 99278 
199367 97575 101894 97567 
199368 99750 99786 98934 
199369 94951 96981 96980 
199370 97323 102020 95875 
199371 100325 100326 100324 
199372 99767 99770 99769 
199373 94781 94782 94779 
199374 97017 97019 97018 
199375 94750 94752 94749 
199376 96489 96491 96490 
199377 94541 101531 5388 
199378 94637 94639 94638 
199379 95134 95136 95135 
199380 95931 95934 95933 
199381 97627 101650 97625 
199382 99162 99164 99163 
199383 99160 99162 99161 
199384 95393 95402 95392 
199385 99787 100302 99786 
199386 95136 95138 95137 
199387 95445 95446 95443 
199388 99316 103073 98056 
199389 99164 99167 99165 
199390 94877 94879 94878 
199391 98063 98064 98030 
199392 95291 95292 95290 
199393 97965 99006 97303 
199394 98167 98917 98916 
199395 95839 96121 96120 
199396 98533 102050 97500 
199397 96602 96603 96601 
199398 99170 100133 99172 
199399 98038 99923 98143 
199400 98308 102090 97462 
199401 94645 94647 94646 
199402 96987 97527 97256 
199403 101278 102045 97106 
199404 94639 94641 94640 
199405 94863 94865 94864 
199406 95555 95601 95600 
199407 97054 101938 97056 
199408 94886 94889 94888 
199409 5269 94556 5270 
199410 5325 94544 5326 
199411 5290 94545 5291 
199412 5311 94546 5312 
199413 5315 94557 5316 
199414 5255 94548 5256 
199415 5259 94547 5260 
199416 5332 94558 5333 
199417 5276 94549 5277 
199418 5336 94559 5337 
199419 5280 94560 5281 
199420 5301 94561 5302 
199421 5241 94552 5242 
199422 5297 94550 5298 
199423 5245 94551 5246 
199424 101421 101422 94580 
199425 94753 94761 94752 
199426 97514 102285 99005 
199427 96447 96449 96448 
199428 96224 96286 96285 
199429 95633 97819 95773 
199430 98922 99093 98923 
199431 95886 95888 95887 
199432 97437 102240 98138 
199433 5334 101580 94428 
199434 94785 94786 94783 
199435 5271 101576 94437 
199436 5346 94562 5347 
199437 95144 95146 95145 
199438 97255 97860 97257 
199439 98993 102855 99914 
199440 96518 97112 96520 
199441 97019 97021 97020 
199442 101213 102896 99099 
199443 101260 102275 98436 
199444 96934 97549 97547 
199445 97931 98620 98619 
199446 96449 96934 96933 
199447 98312 101735 98314 
199448 94855 94857 94856 
199449 102170 102425 98738 
199450 94647 94649 94648 
199451 97257 101898 96986 
199452 95152 95154 95153 
199453 97021 97024 97022 
199454 5355 94425 5356 
199455 5267 94496 5268 
199456 5323 94495 5324 
199457 5288 94499 5289 
199458 5317 94494 5318 
199459 5309 94500 5310 
199460 5261 94497 5262 
199461 5253 94502 5254 
199462 5330 94506 5331 
199463 5274 94507 5275 
199464 5338 94504 5339 
199465 5282 94498 5283 
199466 5303 94501 5304 
199467 5239 94509 5240 
199468 5295 94508 5296 
199469 5247 94503 5248 
199470 5348 101584 94426 
199471 99931 102482 99932 
199472 94762 94763 94761 
199473 5331 101579 5332 
199474 5268 101577 5269 
199475 5337 101588 5338 
199476 5254 101578 5255 
199477 5281 101589 5282 
199478 95160 95162 95161 
199479 5344 94505 5345 
199480 97309 103196 103047 
199481 5223 94424 5224 
199482 97950 98914 97951 
199483 99437 99438 99340 
199484 95768 95770 95769 
199485 95181 95184 95183 
199486 96604 96605 96603 
199487 95146 95148 95147 
199488 97504 98114 98113 
199489 95888 95890 95889 
199490 97568 97573 97570 
199491 5343 101594 5344 
199492 95138 95140 95139 
199493 94649 94651 94650 
199494 97562 97565 97564 
199495 94889 94891 94890 
199496 95166 95168 95167 
199497 94513 103814 100469 
199498 94651 101787 94653 
199499 94789 94790 94787 
199500 95185 95188 95187 
199501 97559 98281 98255 
199502 5376 94553 5377 
199503 97550 98774 97552 
199504 94847 94849 94848 
199505 95601 95692 95691 
199506 97554 97968 97556 
199507 96606 96607 96605 
199508 95154 95156 95155 
199509 5202 94554 5203 
199510 98914 100214 98915 
199511 97344 97710 97709 
199512 95937 95940 95939 
199513 95295 95296 95294 
199514 97710 98659 98187 
199515 100365 103972 100364 
199516 98624 99521 98625 
199517 98141 98922 98921 
199518 97558 97561 97560 
199519 99158 99160 99159 
199520 96256 101748 97310 
199521 94841 94843 94842 
199522 97387 101866 98650 
199523 97769 98616 98615 
199524 5373 94464 5374 
199525 101430 102648 98597 
199526 5294 101591 5295 
199527 99117 99280 96961 
199528 5205 94465 5206 
199529 100501 101912 100500 
199530 5315 101565 94557 
199531 97782 97815 97230 
199532 95896 95898 95897 
199533 94651 94653 94652 
199534 99201 101906 98026 
199535 98154 99420 98901 
199536 99582 102855 98991 
199537 5280 101568 94560 
199538 95210 102060 95207 
199539 99064 99065 97510 
199540 101413 101414 94600 
199541 5245 101570 94551 
199542 5375 101596 5376 
199543 97345 97769 97768 
199544 98135 98624 98623 
199545 97956 101666 97743 
199546 5351 94511 5352 
199547 97032 101698 97309 
199548 94891 94895 94892 
199549 99467 99468 99439 
199550 94942 97690 94944 
199551 94764 94765 94763 
199552 96275 96276 96274 
199553 96265 96266 96264 
199554 95890 95892 95891 
199555 5353 94566 5354 
199556 102505 102673 95525 
199557 97180 101865 98170 
199558 5352 101607 5353 
199559 96401 101661 95391 
199560 94956 94978 94977 
199561 94950 94956 94955 
199562 95415 95416 95414 
199563 99361 102439 99364 
199564 95941 95944 95943 
199565 94653 94655 94654 
199566 97638 97934 97933 
199567 94895 94897 94896 
199568 94793 94794 94791 
199569 94897 94901 94900 
199570 96612 96613 96611 
199571 95191 95194 95193 
199572 95740 101886 101313 
199573 95703 95777 95776 
199574 99245 101956 99128 
199575 94946 94950 94949 
199576 97836 102187 97239 
199577 96779 96786 96783 
199578 94766 94767 94765 
199579 96645 96646 96643 
199580 95449 95450 95447 
199581 102280 102477 98843 
199582 98633 98635 98634 
199583 95222 102718 95219 
199584 94938 95394 94940 
199585 98635 99619 98999 
199586 98572 103068 101258 
199587 97891 98633 98632 
199588 94930 94954 94931 
199589 5370 101994 5371 
199590 95701 95703 95702 
199591 94655 94657 94656 
199592 98262 99018 99017 
199593 94797 94798 94795 
199594 96956 97638 97636 
199595 97544 101932 101230 
199596 97158 102425 102170 
199597 94901 94905 94903 
199598 94598 101535 5190 
199599 95038 95040 95039 
199600 98546 101794 98547 
199601 95526 98141 98140 
199602 5273 101587 5274 
199603 94657 94659 94658 
199604 96605 102098 97297 
199605 96495 101727 96496 
199606 98411 101611 99562 
199607 97576 100585 100170 
199608 101768 102661 99636 
199609 94915 94921 94920 
199610 94905 94915 94914 
199611 95947 95950 95949 
199612 5238 101935 5239 
199613 94913 101640 94887 
199614 97889 98200 98199 
199615 95777 95845 95844 
199616 98758 99001 98759 
199617 95455 95456 95453 
199618 99619 100041 99743 
199619 94934 97119 94936 
199620 95898 95900 95899 
199621 96787 96790 96789 
199622 97432 101360 96282 
199623 96651 96652 96649 
199624 94542 101536 5192 
199625 97232 101319 99657 
199626 94801 94802 94799 
199627 101562 101594 5343 
199628 102056 102403 101485 
199629 94978 94989 94988 
199630 95549 95701 95613 
199631 95770 95794 95793 
199632 96994 97195 97194 
199633 5059 101889 5060 
199634 96503 96505 96504 
199635 95544 97693 95546 
199636 103412 103812 99760 
199637 97435 101647 97301 
199638 95006 95015 95008 
199639 5368 94448 5369 
199640 96791 96794 96793 
199641 5371 94563 5372 
199642 95845 96056 96055 
199643 98519 102523 102337 
199644 5210 94449 5211 
199645 98623 101910 97419 
199646 95904 95906 95905 
199647 96997 101922 98956 
199648 5207 94564 5208 
199649 5357 101621 5358 
199650 98653 99003 98652 
199651 97774 97928 97775 
199652 98645 101951 97378 
199653 96614 96615 96613 
199654 94665 101684 94667 
199655 98605 102665 101395 
199656 96799 96802 96801 
199657 99199 99626 98541 
199658 94677 94679 94678 
199659 94932 101882 94934 
199660 99361 99363 99362 
199661 99635 100293 99003 
199662 5346 101593 94562 
199663 5362 94445 5363 
199664 95953 95956 95955 
199665 95201 95204 95203 
199666 95197 95200 95199 
199667 94921 94926 94925 
199668 5303 101583 94501 
199669 100086 102822 99370 
199670 94805 94806 94803 
199671 98996 98997 98790 
199672 96655 96656 96653 
199673 94777 94778 94776 
199674 5216 94443 5217 
199675 5272 102116 5273 
199676 96439 97432 96282 
199677 95794 95863 95862 
199678 95461 95462 95459 
199679 97039 97050 97049 
199680 97420 101632 96302 
199681 98637 99761 98638 
199682 5090 101888 5091 
199683 98651 98652 97964 
199684 96795 96798 96797 
199685 94954 94973 94957 
199686 96616 96617 96615 
199687 98208 98422 97786 
199688 94973 94983 94982 
199689 101909 102422 96822 
199690 99057 99060 99059 
199691 95172 95174 95173 
199692 98105 98106 97493 
199693 94989 95001 95000 
199694 97498 97889 97499 
199695 103168 103188 99312 
199696 94537 101385 5396 
199697 94570 101381 5401 
199698 98379 98380 98376 
199699 101860 103500 94526 
199700 94809 94810 94807 
199701 96618 96619 96617 
199702 95957 95960 95959 
199703 96452 101980 96932 
199704 96803 96806 96805 
199705 101901 103588 95564 
199706 100758 100759 99149 
199707 95906 95908 95907 
199708 97422 101883 98119 
199709 97350 99472 97979 
199710 95013 95024 95023 
199711 95205 95208 95207 
199712 95001 95013 95012 
199713 5358 94512 5359 
199714 94477 101386 5403 
199715 5233 94510 5234 
199716 98036 98637 98636 
199717 98737 100038 100037 
199718 94603 94604 94490 
199719 101311 102421 95565 
199720 95908 95910 95909 
199721 98226 100276 98126 
199722 94742 102811 96438 
199723 98092 98094 98093 
199724 5220 94514 5221 
199725 101659 102970 95801 
199726 94983 94992 94990 
199727 94582 101392 5394 
199728 98314 101735 99789 
199729 101564 101591 5294 
199730 5217 101626 5218 
199731 98403 101968 98401 
199732 98284 99415 98283 
199733 94659 94661 94660 
199734 96197 96199 96198 
199735 98191 102240 97439 
199736 97492 97493 97073 
199737 98632 101973 97234 
199738 101320 102102 97099 
199739 96481 101895 96482 
199740 98684 98790 97402 
199741 101199 103343 98940 
199742 5360 94567 5361 
199743 99061 99123 99063 
199744 100092 102003 97870 
199745 95594 95603 95595 
199746 97057 101986 97055 
199747 94813 94814 94811 
199748 99372 102822 99892 
199749 96720 96722 96721 
199750 5355 101606 94425 
199751 95209 95212 95211 
199752 97195 97389 97388 
199753 5218 94568 5219 
199754 5219 101622 5220 
199755 101396 103171 96188 
199756 96139 102776 95647 
199757 98794 101976 99836 
199758 98471 100160 98469 
199759 96659 96660 96657 
199760 94823 94824 94821 
199761 96624 96625 96623 
199762 98149 99634 99633 
199763 95015 95022 95021 
199764 97087 98737 98648 
199765 96781 97342 96777 
199766 5365 94515 5366 
199767 95670 102413 101809 
199768 97732 97734 97733 
199769 102401 102628 95232 
199770 98850 98883 98048 
199771 5213 94516 5214 
199772 95524 98092 98091 
199773 95963 95966 95965 
199774 95467 95468 95465 
199775 102933 103947 100069 
199776 97477 98777 98066 
199777 98585 99150 98733 
199778 97158 102656 100527 
199779 95910 95912 95911 
199780 99783 99784 99781 
199781 97202 101808 97417 
199782 99044 99106 98870 
199783 94829 94830 94827 
199784 95102 95122 95121 
199785 95022 95102 95101 
199786 97066 101981 97135 
199787 96491 101910 96492 
199788 97856 101796 97855 
199789 5226 94513 5227 
199790 98725 101921 99101 
199791 99711 102668 102569 
199792 96380 101802 97085 
199793 97537 97944 97893 
199794 96448 102432 96446 
199795 97728 97730 97729 
199796 99124 99202 99126 
199797 98024 98541 97475 
199798 97292 101885 97927 
199799 96313 102222 96022 
199800 94491 101393 5440 
199801 97752 102290 97993 
199802 94480 101399 5436 
199803 99203 99451 99227 
199804 99414 103684 103576 
199805 95967 95970 95969 
199806 99647 103747 99587 
199807 98595 99136 98596 
199808 96663 96664 96661 
199809 95373 95375 95374 
199810 95178 95180 95179 
199811 95213 95216 95215 
199812 5375 101599 101596 
199813 98867 99026 98865 
199814 98803 98805 98804 
199815 94463 101397 5408 
199816 98152 99444 98912 
199817 97690 102089 102079 
199818 95627 101879 95628 
199819 97814 98290 98067 
199820 98425 98426 98423 
199821 95920 95922 95921 
199822 100025 100026 98759 
199823 96726 96728 96727 
199824 97144 101877 97150 
199825 99138 102004 96941 
199826 96457 102764 94762 
199827 98869 98870 98868 
199828 98920 102788 100354 
199829 96257 101748 96256 
199830 96813 96816 96815 
199831 95971 95974 95973 
199832 96904 96905 96785 
199833 96948 102475 97319 
199834 94995 95032 95031 
199835 99136 100387 99137 
199836 96809 96812 96811 
199837 98223 98224 97640 
199838 98147 102285 97578 
199839 96408 97726 97725 
199840 95217 95220 95219 
199841 99191 102762 100212 
199842 97507 97877 97432 
199843 97973 102013 96163 
199844 94661 94663 94662 
199845 97515 97516 97013 
199846 99083 101971 101332 
199847 103564 103912 98386 
199848 97861 102553 97257 
199849 99539 99540 98667 
199850 96239 101971 97588 
199851 5191 101535 94542 
199852 99770 99806 99804 
199853 102012 104015 103997 
199854 98611 98612 98427 
199855 95922 95924 95923 
199856 97929 98595 98250 
199857 96199 97014 97013 
199858 98542 102104 97502 
199859 96626 96627 96625 
199860 95975 95978 95977 
199861 100225 100283 100226 
199862 94460 101418 5427 
199863 99034 102866 99913 
199864 96232 97015 96233 
199865 95231 95234 95233 
199866 98391 99049 98389 
199867 98670 99277 98669 
199868 94835 94836 94833 
199869 96628 96629 96627 
199870 95441 96937 95440 
199871 97776 101743 97959 
199872 95473 95474 95471 
199873 100476 100478 100477 
199874 98949 100076 98950 
199875 99079 99650 98224 
199876 94590 102382 101055 
199877 100946 104024 103822 
199878 98598 98599 98214 
199879 96630 96631 96629 
199880 95517 101784 95518 
199881 97734 97737 97735 
199882 95502 101831 95510 
199883 95603 95698 95604 
199884 98668 98669 97907 
199885 96817 96820 96819 
199886 94663 94665 94664 
199887 98733 102099 101874 
199888 5228 94569 5229 
199889 5230 94447 5231 
199890 98411 99295 97933 
199891 94898 102811 94740 
199892 94519 101420 5417 
199893 94451 101416 5414 
199894 95375 95389 95376 
199895 97014 97517 97515 
199896 5373 101613 94464 
199897 98666 98667 97862 
199898 96636 96637 96635 
199899 97737 97739 97738 
199900 97917 101366 97325 
199901 99524 102548 99523 
199902 98918 101499 97787 
199903 94819 94820 94817 
199904 99305 99567 99308 
199905 96669 96670 96667 
199906 98674 99132 98675 
199907 95227 95230 95229 
199908 94665 94667 94666 
199909 95389 95502 95390 
199910 96910 96911 96908 
199911 94669 94671 94670 
199912 95502 95510 95503 
199913 97112 99982 99215 
199914 98235 103712 101372 
199915 98246 99755 97942 
199916 100132 102866 99032 
199917 99932 99934 99933 
199918 95698 95746 95699 
199919 95316 95317 95315 
199920 94667 94669 94668 
199921 98121 99479 99474 
199922 95629 95696 95630 
199923 100202 101955 100199 
199924 95403 101908 95402 
199925 98758 101836 99001 
199926 97636 97637 96957 
199927 95979 95982 95981 
199928 94607 94608 94605 
199929 99547 102725 98432 
199930 95983 95986 95985 
199931 95928 95930 95929 
199932 96956 96957 96195 
199933 99259 101733 97962 
199934 99213 103209 99205 
199935 97945 97948 97947 
199936 95221 95224 95223 
199937 94431 101565 5314 
199938 98247 100378 98212 
199939 94436 101568 5279 
199940 97517 98049 98048 
199941 95510 95581 95511 
199942 94441 101570 5244 
199943 101800 102160 101428 
199944 97779 97874 97873 
199945 98168 101928 98645 
199946 95481 95482 95479 
199947 97949 97983 97982 
199948 98836 98837 98835 
199949 96509 101766 96510 
199950 96181 99886 99335 
199951 94521 101678 5424 
199952 95696 95775 95697 
199953 95605 95629 95606 
199954 100940 102311 102069 
199955 95581 95605 95582 
199956 96673 96674 96671 
199957 95862 96193 95793 
199958 96249 103079 97324 
199959 96677 96678 96675 
199960 98004 98674 98673 
199961 94538 101412 5443 
199962 98049 99141 98850 
199963 101417 102501 95704 
199964 94558 101580 5333 
199965 98109 98949 98871 
199966 97189 98127 97191 
199967 95032 95113 95112 
199968 94556 101576 5270 
199969 97425 102003 97173 
199970 100019 102099 98733 
199971 97045 97046 97043 
199972 95934 95936 95935 
199973 94562 101584 5347 
199974 96194 96195 96193 
199975 95775 95804 95800 
199976 95916 101679 95917 
199977 95804 95861 95860 
199978 95188 95190 95189 
199979 95113 95120 95119 
199980 98718 102377 95029 
199981 97740 97779 97778 
199982 97755 99423 97844 
199983 97596 99744 98321 
199984 95120 95368 95367 
199985 96681 96682 96679 
199986 95747 95766 95764 
199987 99510 103237 101299 
199988 98290 100517 99751 
199989 101644 103287 101645 
199990 95691 97201 95600 
199991 101385 103727 99820 
199992 98966 102670 101059 
199993 97855 101796 98563 
199994 97683 101933 98639 
199995 5387 101532 94541 
199996 97491 97667 97285 
199997 99310 99571 99570 
199998 95861 96141 96140 
199999 97015 97210 97016 
200000 98041 98686 97667 
200001 95671 102004 95669 
200002 94427 101562 5342 
200003 97709 102440 97343 
200004 98309 98414 97681 
200005 95766 95812 95811 
200006 95398 102261 101257 
200007 96916 96917 96914 
200008 98227 98228 97800 
200009 95417 101929 95416 
200010 96582 102061 96579 
200011 101612 101994 5370 
200012 5207 101601 94564 
200013 96241 101983 96146 
200014 96505 101930 96506 
200015 101822 103097 102788 
200016 97241 97243 97242 
200017 96638 96639 96637 
200018 100422 102882 96206 
200019 99583 99968 99967 
200020 99132 102451 100481 
200021 98566 100408 98565 
200022 95741 102013 95739 
200023 99208 101947 97679 
200024 97680 97681 97007 
200025 98055 99317 99316 
200026 100546 102904 96441 
200027 95245 95248 95247 
200028 97377 98932 97864 
200029 95237 95240 95239 
200030 94922 101787 94651 
200031 97405 101924 98055 
200032 98639 99972 98418 
200033 95552 98926 98696 
200034 98593 99583 98594 
200035 98664 98665 98663 
200036 97391 97850 97392 
200037 97006 97007 96228 
200038 96530 96532 96531 
200039 100134 100135 98665 
200040 99469 99660 99468 
200041 96496 101727 96499 
200042 96213 102643 96211 
200043 94561 101583 5302 
200044 95241 95244 95243 
200045 97652 101654 98186 
200046 99170 102380 100133 
200047 98604 102112 101320 
200048 101437 101438 94899 
200049 95194 95196 95195 
200050 97923 101790 98237 
200051 100006 100007 98804 
200052 100797 101985 100792 
200053 94432 101560 5307 
200054 100674 102959 98614 
200055 96236 97187 97079 
200056 94505 101593 5345 
200057 96476 101949 96479 
200058 97337 102010 98651 
200059 97210 97391 97211 
200060 96640 96642 96639 
200061 97680 99050 98309 
200062 98707 98708 98705 
200063 99585 99586 98848 
200064 97284 97286 96292 
200065 98296 98929 98297 
200066 102337 102523 99193 
200067 96215 101852 96216 
200068 95764 95765 95761 
200069 98472 101482 95592 
200070 95793 101925 95769 
200071 98116 98593 98117 
200072 95989 95992 95991 
200073 96227 99354 97006 
200074 97011 102050 97009 
200075 99933 102006 99852 
200076 94438 101558 5265 
200077 97354 100098 100097 
200078 94434 101564 5293 
200079 97850 98070 97851 
200080 94942 102089 97690 
200081 97496 102308 96219 
200082 95999 96002 96001 
200083 101974 102924 101857 
200084 5162 101615 94520 
200085 95121 95123 95101 
200086 97102 102367 100863 
200087 94435 101559 5286 
200088 94498 103210 100193 
200089 101182 102378 98358 
200090 96825 97162 96827 
200091 100295 103255 100294 
200092 97781 102057 99459 
200093 98661 98663 97349 
200094 94440 101561 5251 
200095 99083 101332 100232 
200096 95451 96955 95450 
200097 97794 99442 98196 
200098 99610 99611 98837 
200099 98070 98270 98071 
200100 96005 96008 96007 
200101 99558 99955 99559 
200102 95757 101598 95661 
200103 97972 102190 97650 
200104 96027 97682 96148 
200105 99464 100312 99276 
200106 95747 95761 95699 
200107 97178 99334 97662 
200108 102213 102493 101658 
200109 95583 95584 95515 
200110 95499 98723 95496 
200111 96296 96298 96297 
200112 101356 102084 97092 
200113 95993 95996 95995 
200114 94523 101532 5386 
200115 96200 96202 96201 
200116 96647 96756 96646 
200117 99651 101794 98546 
200118 99498 99499 98711 
200119 95105 102269 96991 
200120 96922 96923 96920 
200121 94990 94991 94982 
200122 97971 102207 98581 
200123 94566 101606 5354 
200124 99576 99876 99578 
200125 94957 97053 94931 
200126 98341 99023 98342 
200127 95027 101731 95017 
200128 94768 101922 94767 
200129 94464 101599 5374 
200130 99712 103603 99714 
200131 98078 98848 97685 
200132 96694 96695 96687 
200133 95795 101605 95667 
200134 98778 99817 98068 
200135 96288 96296 96295 
200136 95848 96200 96162 
200137 102678 103689 98253 
200138 99858 104030 101662 
200139 95944 95946 95945 
200140 95495 95496 95493 
200141 94947 101732 94945 
200142 97329 101784 95517 
200143 97928 101653 97929 
200144 94779 101933 94778 
200145 100726 100727 100724 
200146 97449 102047 97471 
200147 100965 101715 100963 
200148 96685 101745 96683 
200149 95604 98654 95595 
200150 96202 96204 96203 
200151 95457 96958 95456 
200152 97871 97872 97286 
200153 95812 95878 95877 
200154 95384 98789 98788 
200155 95489 95490 95487 
200156 94501 101590 5304 
200157 100904 101061 101060 
200158 97746 97800 97289 
200159 94497 101586 5262 
200160 99043 102007 97096 
200161 98339 98341 98340 
200162 96204 96288 96287 
200163 95537 95554 95534 
200164 95867 96117 95865 
200165 97071 97074 97072 
200166 99592 101378 98885 
200167 98271 98274 98273 
200168 95553 98928 98658 
200169 97830 98946 98444 
200170 95950 95952 95951 
200171 98609 99276 98608 
200172 95768 95769 95730 
200173 101581 103958 100645 
200174 98087 101815 97934 
200175 98946 99893 99829 
200176 100196 101955 100195 
200177 99018 99056 99019 
200178 96227 96228 95877 
200179 100988 103088 100987 
200180 99050 99486 99320 
200181 103112 103722 103674 
200182 97187 97412 97289 
200183 95875 102020 95796 
200184 98299 98300 97758 
200185 95773 95774 95634 
200186 95839 95840 95774 
200187 95633 95634 95584 
200188 98621 102853 101474 
200189 94465 101601 5206 
200190 95643 102888 95802 
200191 94710 102363 101444 
200192 100497 103696 100498 
200193 95251 97140 95253 
200194 94426 103643 101067 
200195 94539 101193 101191 
200196 97004 102947 100772 
200197 94489 101157 101156 
200198 96532 96534 96533 
200199 100647 102103 100646 
200200 96831 97265 96833 
200201 97207 97494 97208 
200202 94503 101592 5248 
200203 96009 96014 96011 
200204 97074 97207 97075 
200205 98636 101930 97339 
200206 97797 98172 97796 
200207 98038 101769 99923 
200208 99301 102358 96735 
200209 97051 97760 95490 
200210 96387 101556 96149 
200211 102728 102932 99604 
200212 98679 98680 97930 
200213 99573 102171 99570 
200214 94795 101744 94794 
200215 94563 101613 5372 
200216 98173 98555 98172 
200217 99021 101954 97393 
200218 98556 99994 98555 
200219 95463 96960 95462 
200220 95255 95258 95257 
200221 99580 99902 99901 
200222 94807 101753 94806 
200223 98681 99780 98680 
200224 98843 98845 98844 
200225 98334 99348 98335 
200226 5235 103344 100356 
200227 98845 100439 100438 
200228 97455 97988 97987 
200229 5362 101624 94445 
200230 94934 101882 97119 
200231 94448 101612 5369 
200232 95332 95333 95331 
200233 95519 98843 97963 
200234 95700 101947 95594 
200235 96325 96327 96326 
200236 98714 102544 99918 
200237 98758 98759 98756 
200238 94424 101595 5224 
200239 95562 97830 97829 
200240 96534 96536 96535 
200241 95348 102123 95346 
200242 98037 98219 96926 
200243 101197 103409 94460 
200244 100360 101995 100362 
200245 98712 98714 98713 
200246 98714 99918 98715 
200247 98568 98569 98554 
200248 99224 99225 97888 
200249 97989 98034 97991 
200250 98012 98334 98013 
200251 96806 97183 96807 
200252 99664 103579 101799 
200253 95814 97185 95809 
200254 96835 97192 96837 
200255 97168 103860 102286 
200256 94914 94917 94903 
200257 98882 99240 99239 
200258 96976 98712 98002 
200259 98666 102478 99539 
200260 95917 101679 95920 
200261 97880 98482 97530 
200262 97050 101899 97579 
200263 98227 100029 100028 
200264 98011 99102 98656 
200265 96943 99138 96941 
200266 98880 98882 98881 
200267 96486 101962 96489 
200268 99839 104041 101003 
200269 99052 101769 97828 
200270 96224 96285 95880 
200271 96034 96037 96036 
200272 101452 102354 99069 
200273 96554 96556 96555 
200274 97442 97776 97443 
200275 96798 101772 96799 
200276 98888 101706 98570 
200277 99012 100092 97870 
200278 94925 97115 94920 
200279 99474 102033 97447 
200280 99128 101956 99127 
200281 98280 98925 97906 
200282 95960 95962 95961 
200283 98692 98717 98690 
200284 95261 95264 95263 
200285 97001 102104 96999 
200286 97637 98223 97640 
200287 97581 98007 97323 
200288 98467 102366 101426 
200289 96058 96142 96056 
200290 99011 102999 98600 
200291 99780 99860 98680 
200292 98939 103571 100599 
200293 100075 102870 99378 
200294 98564 100044 99428 
200295 98613 102690 101356 
200296 99153 99154 98041 
200297 99661 103724 101384 
200298 98783 98784 98781 
200299 97776 97959 97904 
200300 97232 98772 96285 
200301 94890 97764 94888 
200302 97911 101816 96286 
200303 96475 101949 96476 
200304 97412 97835 97746 
200305 98381 98382 98380 
200306 96839 97193 96841 
200307 101435 102360 101437 
200308 98578 101524 97296 
200309 99892 102875 99374 
200310 99082 99094 98954 
200311 96016 96033 96032 
200312 100862 102865 99266 
200313 98769 99651 98546 
200314 98449 102465 100961 
200315 94896 95568 94892 
200316 98080 98954 97760 
200317 101964 102544 98714 
200318 5360 101620 94567 
200319 96165 97973 96163 
200320 98912 101990 97381 
200321 100077 101927 98950 
200322 96038 96041 96040 
200323 101330 101331 95014 
200324 95469 98682 95468 
200325 97724 101751 97306 
200326 98699 102564 98701 
200327 96970 101450 94974 
200328 100309 104046 99480 
200329 97250 102807 97252 
200330 98183 102499 99880 
200331 95034 101804 95024 
200332 98387 102401 101239 
200333 98162 98163 97712 
200334 99603 101670 98204 
200335 95224 95226 95225 
200336 96702 97152 96700 
200337 99429 99742 99547 
200338 98174 99294 98175 
200339 96665 96764 96664 
200340 98656 101993 97434 
200341 98873 99207 98875 
200342 98267 98602 98601 
200343 95524 98090 95039 
200344 96197 96198 96160 
200345 97997 99151 97689 
200346 99376 102875 100075 
200347 96947 96949 96945 
200348 96055 96104 95844 
200349 97333 97335 97334 
200350 95045 102178 95047 
200351 97087 97699 94991 
200352 95267 97270 95269 
200353 100231 103696 98220 
200354 94567 101624 5361 
200355 96706 96707 96704 
200356 95590 102261 95528 
200357 97181 98880 98722 
200358 95475 95512 95474 
200359 94449 101614 5211 
200360 96906 97328 96905 
200361 98796 98799 98786 
200362 99380 102870 100429 
200363 5284 102145 5285 
200364 97926 102071 97418 
200365 95881 98776 94878 
200366 95526 97765 94856 
200367 96042 96045 96044 
200368 98383 98384 98382 
200369 98014 98948 98015 
200370 101054 103214 101284 
200371 97937 98041 97667 
200372 96376 102282 101309 
200373 95514 95543 95023 
200374 94512 101620 5359 
200375 99551 100163 99453 
200376 94815 97200 94814 
200377 98431 99429 98432 
200378 95272 95275 95274 
200379 99622 99623 98574 
200380 96599 102085 96596 
200381 98648 100079 97699 
200382 96064 96114 96062 
200383 95216 101752 95217 
200384 96050 96123 96116 
200385 95380 102269 95118 
200386 98590 100187 98748 
200387 94930 94931 94926 
200388 97925 101790 97923 
200389 94917 103740 103477 
200390 98952 99844 99344 
200391 97501 101808 97202 
200392 99261 102422 101909 
200393 95038 95039 95036 
200394 95555 95600 95554 
200395 96183 97204 96167 
200396 95522 97756 95482 
200397 98093 98136 98091 
200398 98122 102235 97472 
200399 98385 98386 98384 
200400 96468 101641 96465 
200401 97872 98622 98111 
200402 99672 101832 99669 
200403 98861 98863 98862 
200404 97047 97220 97046 
200405 94569 103072 100470 
200406 96653 101757 96652 
200407 99652 99998 99651 
200408 5382 101552 94483 
200409 99911 100063 100060 
200410 97272 98861 98859 
200411 95704 102788 101417 
200412 100012 100445 98736 
200413 98589 99048 98189 
200414 94825 97407 94824 
200415 96485 101962 96486 
200416 100429 102876 97130 
200417 94482 101572 5197 
200418 95497 95499 95496 
200419 98271 98272 98071 
200420 95006 95008 94992 
200421 95852 96206 95855 
200422 5196 101554 94482 
200423 98863 98962 98961 
200424 96692 98738 97799 
200425 96820 97306 96821 
200426 98809 99115 98807 
200427 96912 97311 96911 
200428 96293 97284 96292 
200429 98903 99413 97649 
200430 98948 99520 99507 
200431 103426 103480 102238 
200432 97846 98014 97847 
200433 96510 101766 96513 
200434 97462 102090 97459 
200435 98738 98740 98739 
200436 98236 100020 98054 
200437 96740 102109 97484 
200438 95046 95106 95044 
200439 98615 98735 97768 
200440 98273 98298 98272 
200441 98243 100088 98268 
200442 96070 97118 96068 
200443 95500 95515 95499 
200444 96845 97117 96847 
200445 99810 102100 101460 
200446 98182 98184 97808 
200447 95042 101830 95040 
200448 96492 101910 96495 
200449 97549 101829 97547 
200450 98741 98743 98739 
200451 96482 101895 96485 
200452 95483 95522 95482 
200453 99508 99509 97833 
200454 98740 98742 98741 
200455 95491 97051 95490 
200456 99849 102006 99848 
200457 97851 98248 97392 
200458 99810 101460 98069 
200459 100863 102854 100582 
200460 96499 101963 96500 
200461 95516 95583 95515 
200462 99361 99362 98094 
200463 95148 101903 95149 
200464 99675 102185 99677 
200465 95512 97133 95474 
200466 98803 98804 98801 
200467 97823 98213 97822 
200468 95601 95691 95600 
200469 98256 98257 97856 
200470 100871 102324 99831 
200471 97807 97808 97806 
200472 97910 98197 97908 
200473 99365 99393 99363 
200474 99540 99541 98667 
200475 95140 101892 95141 
200476 96692 97798 96555 
200477 96132 96175 96158 
200478 96074 96109 96072 
200479 100476 100477 100473 
200480 98563 101796 101302 
200481 98137 99642 98136 
200482 5431 102641 94470 
200483 97706 98189 97705 
200484 100879 102511 96234 
200485 98878 99845 99414 
200486 97804 97806 95363 
200487 95895 102225 96137 
200488 97074 97316 97207 
200489 99369 100053 99367 
200490 97587 98243 97724 
200491 95776 97766 95702 
200492 95278 95283 95280 
200493 97277 97278 96481 
200494 95692 95758 95691 
200495 97211 97656 97016 
200496 97315 101914 97902 
200497 96121 96292 96120 
200498 95858 101817 96052 
200499 95382 101838 95122 
200500 95234 96938 95235 
200501 99302 99304 99303 
200502 96657 101774 96656 
200503 96479 97277 96481 
200504 97279 102026 98668 
200505 94677 94678 94675 
200506 95180 101951 95181 
200507 98949 100078 100076 
200508 96500 101963 96503 
200509 97041 97042 97040 
200510 96140 97127 95860 
200511 99564 99565 98743 
200512 97929 98249 97775 
200513 95525 99328 94848 
200514 97363 103963 96753 
200515 99216 99229 98219 
200516 96124 96127 96126 
200517 96146 101983 96145 
200518 99748 103089 99235 
200519 94609 94610 94608 
200520 94867 94880 94865 
200521 96712 96713 96710 
200522 97931 99555 98620 
200523 95871 97126 96053 
200524 94841 94842 94839 
200525 97081 97082 96104 
200526 98730 99544 97115 
200527 94831 97358 94830 
200528 98237 101790 100948 
200529 97908 97909 97816 
200530 98682 99663 95468 
200531 97688 98878 98877 
200532 100810 103155 98579 
200533 94543 101552 5381 
200534 96849 97116 96851 
200535 98596 99511 98250 
200536 97799 99004 97798 
200537 95800 95803 95697 
200538 5198 101572 94555 
200539 99555 99556 98620 
200540 95196 101993 95197 
200541 96503 97223 96505 
200542 98624 100153 99521 
200543 96080 96105 96078 
200544 97345 97346 97082 
200545 94882 101801 94879 
200546 96960 99658 95462 
200547 100698 100701 100700 
200548 97388 98894 97194 
200549 99913 102915 99432 
200550 99676 99991 99674 
200551 95594 95595 95506 
200552 5327 101563 94429 
200553 98720 99617 98286 
200554 97547 101829 97953 
200555 5313 101566 94431 
200556 97934 98411 97933 
200557 94428 101581 5335 
200558 5257 101567 94439 
200559 97638 97933 97636 
200560 94433 101582 5300 
200561 5299 101569 94433 
200562 97896 102109 99098 
200563 97983 98394 98045 
200564 97306 101751 96821 
200565 98637 99765 99761 
200566 97930 97931 97278 
200567 96489 97322 96491 
200568 96918 97273 96917 
200569 96143 97295 96155 
200570 97774 97775 97389 
200571 95054 95100 95052 
200572 99300 99302 99301 
200573 96976 98001 96535 
200574 96994 97194 96471 
200575 97405 97406 97127 
200576 95770 95793 95769 
200577 99349 100107 99589 
200578 97757 97816 97756 
200579 99375 99946 99373 
200580 95986 95988 95987 
200581 94886 94888 94884 
200582 96958 99284 95456 
200583 97904 98120 97443 
200584 96853 96930 96855 
200585 99195 100393 100392 
200586 96955 97381 95450 
200587 99505 100095 98735 
200588 98815 99015 98813 
200589 97477 97501 97202 
200590 98055 98056 97406 
200591 96716 97113 96714 
200592 97634 98533 97500 
200593 95288 95291 95290 
200594 98713 98716 98002 
200595 99196 102567 99197 
200596 95050 97122 95048 
200597 98701 98702 98700 
200598 99127 101055 98822 
200599 99193 99195 99194 
200600 100195 101441 99053 
200601 97975 101650 97627 
200602 99247 99252 99245 
200603 98461 100073 98464 
200604 94611 94612 94610 
200605 96086 96108 96084 
200606 97366 98030 97914 
200607 98007 102020 97323 
200608 99307 102265 99303 
200609 97322 97419 96491 
200610 98394 99809 99808 
200611 97818 99208 97679 
200612 98820 99963 98817 
200613 101461 101653 97928 
200614 99271 102180 100138 
200615 95794 95862 95793 
200616 94877 94878 94875 
200617 99961 99962 97966 
200618 98124 99078 98125 
200619 98106 98107 97493 
200620 94859 101800 94857 
200621 100703 100706 100705 
200622 95786 101640 94913 
200623 98895 99458 98894 
200624 94584 102557 101694 
200625 97043 101973 97042 
200626 99415 101136 98283 
200627 97038 97040 97037 
200628 98564 99047 98120 
200629 95000 95002 94988 
200630 97579 101850 98587 
200631 98128 100043 100042 
200632 97993 99470 98165 
200633 98547 101794 98728 
200634 99048 99325 98189 
200635 97707 97772 97292 
200636 98901 102841 100862 
200637 97220 97234 97046 
200638 97745 101454 97736 
200639 99379 99382 99377 
200640 99036 100191 98308 
200641 98934 99747 98064 
200642 96256 97310 97167 
200643 98709 99332 98708 
200644 95282 97111 95285 
200645 95390 95535 95376 
200646 94685 94756 94683 
200647 96937 97375 95440 
200648 94673 97110 94671 
200649 97034 97035 97033 
200650 95606 95686 95582 
200651 95544 95545 95543 
200652 99667 102861 99670 
200653 98699 98700 98085 
200654 98419 99349 98420 
200655 5204 102514 5205 
200656 96230 96263 96262 
200657 96433 102130 98128 
200658 98703 98704 98702 
200659 99313 99828 99251 
200660 95062 95096 95060 
200661 98466 99177 99029 
200662 96092 96118 96090 
200663 96178 98851 96180 
200664 97749 101734 96205 
200665 99276 100301 98608 
200666 98140 98142 97765 
200667 94863 94864 94861 
200668 98676 102016 97318 
200669 97072 101965 97069 
200670 95511 97261 95503 
200671 97927 101885 99471 
200672 94891 94892 94890 
200673 99774 100110 99773 
200674 95549 95550 95547 
200675 99571 99796 99572 
200676 100201 100202 100199 
200677 95613 95614 95550 
200678 99178 99594 99180 
200679 101099 101272 98097 
200680 95765 98778 98068 
200681 97790 98124 97791 
200682 96404 101661 96401 
200683 94987 101822 94999 
200684 99680 99778 99678 
200685 95546 95547 95545 
200686 100708 100711 100710 
200687 98527 99193 99192 
200688 94613 94614 94612 
200689 98940 101666 97956 
200690 99001 100025 98759 
200691 98223 99079 98224 
200692 98225 98575 97698 
200693 95447 101990 95446 
200694 96533 97233 96531 
200695 94873 97125 94871 
200696 94855 94856 94853 
200697 95248 95270 95249 
200698 99357 99537 99359 
200699 95292 95295 95294 
200700 94889 94890 94888 
200701 101467 101468 101464 
200702 97142 97143 95627 
200703 99095 99871 98304 
200704 102591 102688 99413 
200705 98748 102203 97914 
200706 97206 97832 97133 
200707 95058 97128 95056 
200708 96297 97932 96295 
200709 98471 101813 100160 
200710 95437 101991 95436 
200711 95157 102150 95160 
200712 96683 96732 96682 
200713 97913 98135 97419 
200714 97341 101802 96380 
200715 98347 101835 98349 
200716 96859 96959 96861 
200717 100904 101060 98536 
200718 97902 98304 97901 
200719 95628 101879 95637 
200720 100408 101667 98565 
200721 94847 94848 94845 
200722 98673 101991 97375 
200723 96102 96188 96100 
200724 94776 102029 94773 
200725 96096 97131 96094 
200726 96506 101930 96509 
200727 98286 98904 97772 
200728 94544 101563 5326 
200729 94879 95881 94878 
200730 96611 102097 96608 
200731 94546 101566 5312 
200732 95519 97329 95517 
200733 98066 98192 97501 
200734 5336 101581 94559 
200735 101193 101195 101194 
200736 94548 101567 5256 
200737 95912 101920 95913 
200738 5301 101582 94561 
200739 94550 101569 5298 
200740 94837 97304 94836 
200741 97807 98183 98182 
200742 101441 102071 99053 
200743 98674 101485 99132 
200744 98497 99216 98219 
200745 94569 101634 5229 
200746 99796 101746 99572 
200747 96924 96969 96923 
200748 5230 101634 94447 
200749 95420 101929 95417 
200750 97366 97914 97219 
200751 101269 103205 99926 
200752 95406 101908 95403 
200753 94895 94896 94892 
200754 94901 94903 94900 
200755 97833 99504 97832 
200756 94897 94900 94896 
200757 95163 102146 95166 
200758 97239 102187 96214 
200759 94857 95526 94856 
200760 95112 98842 95031 
200761 99684 99720 99682 
200762 99386 99407 99384 
200763 96112 96522 96110 
200764 97223 97339 96505 
200765 96956 97636 96957 
200766 99490 99595 99216 
200767 99500 99868 99499 
200768 99428 103789 100806 
200769 97740 97777 97738 
200770 97735 97741 97733 
200771 95049 102257 95051 
200772 96194 96956 96195 
200773 94615 94616 94614 
200774 96258 97452 96245 
200775 97896 99098 98233 
200776 97146 97147 97145 
200777 94921 94925 94920 
200778 102368 103277 102823 
200779 95298 97052 95300 
200780 98243 100089 100088 
200781 94915 94920 94914 
200782 101422 101425 94580 
200783 100438 100441 98844 
200784 97144 97145 97143 
200785 96236 97079 96024 
200786 95070 95099 95068 
200787 94905 94914 94903 
200788 94977 98104 94955 
200789 96243 97058 96241 
200790 96671 101785 96670 
200791 94695 94754 94693 
200792 99596 103688 99597 
200793 97769 98615 97768 
200794 95936 101961 95937 
200795 98241 101539 97802 
200796 100225 100226 100223 
200797 98365 98769 98546 
200798 97310 99130 97811 
200799 99390 99478 99388 
200800 98106 98108 98107 
200801 99688 99832 99686 
200802 96290 102130 96433 
200803 98871 102000 98107 
200804 95523 98825 94678 
200805 98065 101824 97739 
200806 96820 97337 97306 
200807 95066 97130 95064 
200808 98411 99562 99295 
200809 98257 98900 98731 
200810 101890 103416 100380 
200811 99425 99426 98100 
200812 95367 95731 95119 
200813 94975 103959 101108 
200814 95996 98719 95997 
200815 5222 102362 5223 
200816 95416 97063 95414 
200817 98585 98733 97874 
200818 97886 97887 97528 
200819 96232 96233 96141 
200820 97732 97733 97730 
200821 99540 99938 99541 
200822 97223 101963 98666 
200823 96286 97232 96285 
200824 99938 100615 99541 
200825 98761 99088 97932 
200826 96966 97921 96968 
200827 96969 98750 96923 
200828 99079 100017 99650 
200829 97284 97871 97286 
200830 99779 99820 99638 
200831 100191 102090 98308 
200832 97887 98026 97528 
200833 95078 95111 95076 
200834 97273 99653 96917 
200835 97715 98542 97502 
200836 99397 99398 99395 
200837 100322 100325 100324 
200838 96268 97114 96270 
200839 98231 102290 97754 
200840 97862 98036 97339 
200841 94954 94957 94931 
200842 96199 97013 96198 
200843 97277 97930 97278 
200844 5269 101577 94556 
200845 5332 101579 94558 
200846 94559 101588 5337 
200847 5255 101578 94548 
200848 94560 101589 5281 
200849 97348 98256 97856 
200850 96867 96898 96869 
200851 97280 102117 99114 
200852 94849 95525 94848 
200853 98149 99038 98122 
200854 94617 94618 94616 
200855 97042 98773 97040 
200856 100713 100718 100715 
200857 95526 101800 98141 
200858 95094 95386 95092 
200859 95124 95530 95114 
200860 101830 102048 99360 
200861 94691 97317 94689 
200862 96726 96727 96724 
200863 95952 102007 95953 
200864 95304 95309 95306 
200865 94983 94990 94982 
200866 94973 94982 94957 
200867 95402 95598 95392 
200868 95862 96194 96193 
200869 103955 103968 99936 
200870 94995 95031 94980 
200871 96002 96004 96003 
200872 99226 99960 99225 
200873 94811 102016 94810 
200874 97014 97515 97013 
200875 95086 95116 95084 
200876 98922 98923 98921 
200877 96272 96275 96274 
200878 98183 99880 98736 
200879 96408 97725 96406 
200880 96720 96721 96718 
200881 97778 98130 97777 
200882 98043 98947 98787 
200883 97104 102194 99051 
200884 98303 99546 99545 
200885 97149 97707 97292 
200886 95074 97132 95072 
200887 94496 101577 5268 
200888 94506 101579 5331 
200889 95332 97803 95363 
200890 95777 95844 95776 
200891 5338 101588 94504 
200892 94502 101578 5254 
200893 5282 101589 94498 
200894 95015 95021 95008 
200895 96863 97129 96865 
200896 95373 95374 95368 
200897 99404 99839 99402 
200898 95839 96120 95840 
200899 95773 95839 95774 
200900 101354 101948 98747 
200901 95633 95773 95634 
200902 95583 95633 95584 
200903 99692 99973 99690 
200904 97728 97729 97726 
200905 98108 98283 98109 
200906 100717 100725 100720 
200907 96252 102319 96174 
200908 100741 102268 100740 
200909 97517 98048 97515 
200910 99616 103820 100568 
200911 94773 102029 94772 
200912 95402 96992 95598 
200913 96578 98660 97349 
200914 95090 97136 95088 
200915 95703 95776 95702 
200916 95440 101991 95437 
200917 99624 99637 99406 
200918 96816 102010 96817 
200919 97527 97528 97256 
200920 95845 96055 95844 
200921 5344 101594 94505 
200922 96623 102093 96620 
200923 97035 97036 97033 
200924 99443 100264 98196 
200925 97223 97862 97339 
200926 95893 102245 95896 
200927 96287 97221 96203 
200928 97311 99630 96911 
200929 95962 102045 95963 
200930 98550 98551 98549 
200931 94619 94620 94618 
200932 99890 101878 98270 
200933 95107 97139 95097 
200934 99696 100156 99694 
200935 101668 103288 97655 
200936 97963 98646 97329 
200937 97070 97073 97071 
200938 96280 96439 96282 
200939 96696 96697 96695 
200940 95082 97134 95080 
200941 95760 95847 95759 
200942 98049 98850 98048 
200943 95102 95121 95101 
200944 97416 102205 98236 
200945 99186 99731 98644 
200946 97705 97891 97234 
200947 98352 99632 98354 
200948 94707 94751 94705 
200949 95620 97142 95627 
200950 5295 101591 94508 
200951 94621 94622 94620 
200952 95022 95101 95021 
200953 95258 97012 95259 
200954 101561 102397 5252 
200955 95978 102226 95979 
200956 95024 95514 95023 
200957 99074 99644 99073 
200958 99304 102083 99305 
200959 98174 99974 99294 
200960 94623 94624 94622 
200961 95785 101837 95833 
200962 97650 102190 97480 
200963 94645 94646 94644 
200964 97828 98038 97574 
200965 99902 100161 99903 
200966 94437 102116 5272 
200967 97755 97843 95731 
200968 95169 102149 95172 
200969 97448 102047 97449 
200970 94978 94988 94977 
200971 98108 98109 98107 
200972 96875 96927 96877 
200973 95122 95387 95121 
200974 94643 94644 94642 
200975 94670 94757 94668 
200976 99252 101956 99245 
200977 96022 102222 95826 
200978 96802 102026 96803 
200979 96799 101772 96802 
200980 96806 97279 97183 
200981 94972 97121 94970 
200982 97322 97913 97419 
200983 99041 99593 99039 
200984 94627 94628 94626 
200985 94956 94977 94955 
200986 99702 99965 99700 
200987 94625 94626 94624 
200988 97794 98081 97793 
200989 97200 97318 94814 
200990 99633 99959 99038 
200991 97328 98775 96905 
200992 97067 101965 97170 
200993 98055 101924 99317 
200994 95616 95763 95618 
200995 94604 101487 94490 
200996 97481 102276 97748 
200997 97218 102475 96951 
200998 96205 101734 96046 
200999 94810 101753 94807 
201000 98141 98921 98140 
201001 98836 100183 99610 
201002 98238 99554 99552 
201003 97062 98760 94842 
201004 94664 97137 94662 
201005 94843 97062 94842 
201006 94649 94650 94648 
201007 97913 98829 98135 
201008 5363 102304 5364 
201009 94647 94648 94646 
201010 99082 100096 99094 
201011 98038 98039 97574 
201012 100781 103181 100672 
201013 98570 98688 98569 
201014 100722 100726 100724 
201015 97670 98238 98139 
201016 5376 101596 94553 
201017 98552 99020 98551 
201018 100275 103954 95560 
201019 95313 95316 95315 
201020 96871 97151 96873 
201021 94641 94642 94640 
201022 95040 95524 95039 
201023 97407 97447 94824 
201024 94631 94632 94630 
201025 96185 102375 96184 
201026 95701 95702 95613 
201027 98080 99082 98954 
201028 101161 102667 101163 
201029 98947 99600 99599 
201030 98361 102412 98362 
201031 95013 95023 95012 
201032 102343 102531 100010 
201033 97190 101852 96215 
201034 97891 99350 98633 
201035 94629 94630 94628 
201036 97051 98080 97760 
201037 96530 96531 96298 
201038 101570 103297 94551 
201039 96508 102403 96507 
201040 94651 94652 94650 
201041 94798 101744 94795 
201042 94633 94634 94632 
201043 96151 102173 96237 
201044 98660 98662 98661 
201045 97573 97574 97570 
201046 100946 102357 100945 
201047 95603 95604 95595 
201048 95416 97064 97063 
201049 97720 98152 97381 
201050 97417 101808 97925 
201051 94701 95559 94699 
201052 94719 94755 94717 
201053 98357 98549 98356 
201054 98034 99603 98204 
201055 95264 95286 95265 
201056 99267 99268 98337 
201057 97803 97805 97804 
201058 99277 99566 98669 
201059 98167 98916 97882 
201060 99185 99510 98285 
201061 95308 97124 95311 
201062 99899 99917 99897 
201063 96881 96897 96883 
201064 99410 99411 97972 
201065 97719 102207 97971 
201066 99745 100375 98321 
201067 98652 99184 97964 
201068 100089 101712 100353 
201069 97566 97567 97564 
201070 96962 101822 94987 
201071 98833 98836 98835 
201072 97565 97566 97564 
201073 99710 99719 99708 
201074 98737 100037 98648 
201075 96698 96739 96697 
201076 94653 94654 94652 
201077 94950 94955 94949 
201078 101517 102805 99056 
201079 94989 95000 94988 
201080 95317 95361 95319 
201081 94949 94951 94947 
201082 94821 102033 94820 
201083 98099 98285 98026 
201084 99706 99826 99704 
201085 94660 94893 94658 
201086 5274 101587 94507 
201087 98805 100006 98804 
201088 97006 97680 97007 
201089 94635 94636 94634 
201090 95240 101795 95241 
201091 98961 99970 98862 
201092 99072 99073 98750 
201093 95848 96161 95847 
201094 96027 96147 95859 
201095 94654 97141 94652 
201096 98164 98573 98163 
201097 97811 99315 97167 
201098 94655 94656 94654 
201099 99753 100103 99623 
201100 95001 95012 95000 
201101 94782 101933 94779 
201102 96579 102061 96578 
201103 96289 103046 102874 
201104 5239 101935 94509 
201105 96162 97225 96161 
201106 94637 94638 94636 
201107 99978 100262 99976 
201108 98635 99620 99619 
201109 99450 103414 97943 
201110 96540 96543 96538 
201111 100751 100753 100752 
201112 94446 102298 5421 
201113 96937 97994 97375 
201114 97680 98309 97681 
201115 97025 97026 97024 
201116 97562 97563 97560 
201117 98072 98530 97204 
201118 94511 101607 5352 
201119 94659 94660 94658 
201120 94657 94658 94656 
201121 99715 99726 99713 
201122 97561 97562 97560 
201123 94650 94916 94648 
201124 97199 99821 96727 
201125 97337 97964 97587 
201126 97439 102240 97437 
201127 95746 95747 95699 
201128 97068 97070 97069 
201129 95175 102143 95178 
201130 97070 97071 97069 
201131 5353 101607 94566 
201132 94772 101922 94768 
201133 99723 99928 99717 
201134 94936 94937 94935 
201135 95217 101752 95220 
201136 95698 95699 95604 
201137 96885 97153 96887 
201138 98119 99068 98118 
201139 96984 96986 96983 
201140 96955 97720 97381 
201141 94938 94939 94937 
201142 98495 99085 97836 
201143 99855 100155 99725 
201144 96992 97670 97669 
201145 97143 101879 95627 
201146 97189 97190 96215 
201147 98092 98093 98091 
201148 94940 94941 94939 
201149 94639 94640 94638 
201150 94946 94947 94945 
201151 94968 95556 94966 
201152 100180 100382 100179 
201153 98138 101647 97435 
201154 96891 96896 96893 
201155 96547 96550 96545 
201156 94944 94945 94943 
201157 5231 102263 5232 
201158 94942 94943 94941 
201159 97994 98004 97375 
201160 97066 97068 97067 
201161 96052 101817 96210 
201162 96895 97477 97202 
201163 100362 101995 100365 
201164 98892 98893 98891 
201165 96987 97255 96986 
201166 101135 103857 96217 
201167 96398 102562 100820 
201168 97272 98858 96326 
201169 95747 102053 95766 
201170 94729 94758 94727 
201171 96708 96963 96707 
201172 98505 98506 98504 
201173 97994 98565 98004 
201174 97232 101816 101319 
201175 97064 97066 97065 
201176 94749 94760 94747 
201177 94646 97138 94644 
201178 94934 94935 94933 
201179 99932 99933 99852 
201180 94767 94769 94765 
201181 99168 99169 99167 
201182 98686 102096 97667 
201183 97029 97030 97028 
201184 94642 94975 94640 
201185 97757 97908 97816 
201186 98883 102156 102155 
201187 95766 95811 95764 
201188 101898 102244 96985 
201189 97031 97032 97030 
201190 98530 98838 97204 
201191 94990 97087 94991 
201192 97596 98319 97595 
201193 94739 94759 94737 
201194 98509 98510 98508 
201195 97288 98852 96721 
201196 96958 100099 99284 
201197 98030 98590 97914 
201198 98659 102698 102239 
201199 97108 97109 97050 
201200 97191 97595 97190 
201201 98150 101863 99236 
201202 96730 101887 96728 
201203 95294 102686 95293 
201204 95450 101990 95447 
201205 95275 96961 95276 
201206 97772 101885 97292 
201207 97377 97863 97376 
201208 97195 97388 97194 
201209 97404 101551 96460 
201210 96148 97376 96147 
201211 95512 97206 97133 
201212 99487 99488 98846 
201213 97241 97242 96734 
201214 96960 99936 99658 
201215 98157 101970 99519 
201216 99363 101867 99362 
201217 96554 96555 96552 
201218 96595 98683 97402 
201219 97027 97028 97026 
201220 99818 102031 99817 
201221 95747 95764 95761 
201222 98179 100165 99915 
201223 97206 97833 97832 
201224 97859 98488 98195 
201225 97720 98608 98152 
201226 99085 102187 97836 
201227 96045 96205 96046 
201228 96424 102288 97647 
201229 98103 99779 99638 
201230 99050 99320 98309 
201231 97928 97929 97775 
201232 97860 99041 99039 
201233 94778 97059 94776 
201234 97498 97890 97889 
201235 98419 100112 99349 
201236 98602 99283 98603 
201237 94814 102016 94811 
201238 98020 98677 98022 
201239 97442 97443 96299 
201240 99031 99853 98855 
201241 94661 94662 94660 
201242 98859 98860 98858 
201243 95522 97757 97756 
201244 99302 99306 99304 
201245 99018 100590 99056 
201246 96658 102735 96659 
201247 95329 95332 95331 
201248 98227 100028 98228 
201249 94723 97268 94721 
201250 96596 102085 96595 
201251 97386 97789 97242 
201252 97358 98749 94830 
201253 98143 99158 98039 
201254 95443 101902 95441 
201255 97550 97551 97549 
201256 98745 99807 98742 
201257 98905 98906 98659 
201258 94669 94670 94668 
201259 96193 101925 95793 
201260 98573 99321 98163 
201261 94735 97305 94733 
201262 100383 100384 100382 
201263 95812 95877 95811 
201264 99319 99598 99318 
201265 95226 102144 95227 
201266 97039 97108 97050 
201267 94761 97400 94752 
201268 96227 97006 96228 
201269 94745 97290 94743 
201270 97037 97039 97036 
201271 97279 97907 97541 
201272 97568 97569 97567 
201273 99174 99318 99173 
201274 97570 97571 97569 
201275 96246 102664 96259 
201276 100205 102672 99916 
201277 94634 95007 94632 
201278 97068 97069 97067 
201279 94638 97156 94636 
201280 99170 99171 99169 
201281 98581 100186 98583 
201282 94767 96997 94769 
201283 95988 102148 95989 
201284 99858 101662 98789 
201285 99355 100158 98775 
201286 94663 94664 94662 
201287 98061 99267 98337 
201288 101460 102100 101461 
201289 94713 95561 94711 
201290 97304 98751 94836 
201291 99172 99173 99171 
201292 97066 97067 97065 
201293 99871 100039 98304 
201294 97232 99657 98772 
201295 98595 98596 98250 
201296 96660 101774 96657 
201297 97688 98876 97334 
201298 98436 102275 100125 
201299 98763 99815 98765 
201300 5371 101994 94563 
201301 99136 99137 98596 
201302 95384 98788 95380 
201303 101611 103183 99562 
201304 99283 100014 100013 
201305 97322 101962 99440 
201306 97186 97859 97749 
201307 94665 94666 94664 
201308 96315 97984 96313 
201309 99431 99929 99033 
201310 99414 99419 98877 
201311 94610 97767 94608 
201312 100746 100747 100744 
201313 94667 94668 94666 
201314 98527 98528 98522 
201315 95602 97708 95590 
201316 99639 99640 98171 
201317 98778 99818 99817 
201318 98411 101815 101611 
201319 96560 97158 96558 
201320 99599 100280 98787 
201321 99007 99729 99008 
201322 97064 97065 97063 
201323 97142 102232 101877 
201324 98683 98685 98684 
201325 97674 101891 96759 
201326 97359 97498 97109 
201327 96564 96736 96562 
201328 95323 95762 95325 
201329 97021 97025 97024 
201330 97471 98149 98122 
201331 97556 97557 97555 
201332 96620 102093 96619 
201333 94626 95388 94624 
201334 97558 97559 97557 
201335 96127 96300 96128 
201336 97017 98753 97019 
201337 95565 102421 95566 
201338 94630 97157 94628 
201339 96656 101757 96653 
201340 5130 102399 94565 
201341 98555 99645 98172 
201342 99486 100048 99320 
201343 97107 102221 98903 
201344 97085 97999 97685 
201345 97554 97555 97553 
201346 98078 99870 99585 
201347 96739 97393 96697 
201348 97707 98286 97772 
201349 98769 99652 99651 
201350 97187 97289 97079 
201351 100792 101985 100796 
201352 94614 96168 94612 
201353 101552 101553 94483 
201354 96608 102097 96607 
201355 5273 102116 101587 
201356 100250 101967 98918 
201357 97220 97705 97234 
201358 95925 102223 95928 
201359 97552 97553 97551 
201360 98767 99551 99453 
201361 98053 101632 97420 
201362 100504 101912 100501 
201363 94778 97683 97059 
201364 98130 99774 99773 
201365 98238 99552 98139 
201366 98615 99505 98735 
201367 95295 97387 95377 
201368 5285 102145 94435 
201369 95191 102132 95194 
201370 96981 96984 96983 
201371 100751 100752 100749 
201372 98031 98121 97447 
201373 98170 98171 97495 
201374 96661 102084 96660 
201375 95185 102153 95188 
201376 96568 97159 96566 
201377 95878 96227 95877 
201378 96055 97081 96104 
201379 97081 97345 97082 
201380 97578 102285 97514 
201381 94679 95523 94678 
201382 97087 98648 97699 
201383 96321 97380 96319 
201384 99222 99445 98838 
201385 96803 102026 96806 
201386 97746 98227 97800 
201387 99160 100391 99162 
201388 97345 97768 97346 
201389 97986 102327 99104 
201390 100392 100395 99194 
201391 94925 98730 97115 
201392 96175 97230 96176 
201393 95881 99297 98776 
201394 98281 100180 100179 
201395 100066 100067 100065 
201396 99605 99606 98760 
201397 99164 99168 99167 
201398 96004 102168 96005 
201399 96991 101731 95027 
201400 95696 95697 95630 
201401 94620 95632 94618 
201402 97142 97144 97143 
201403 99417 99740 98191 
201404 5208 102538 5209 
201405 97472 102235 97474 
201406 96216 101852 96389 
201407 98626 102028 97704 
201408 95518 101784 95565 
201409 97146 97235 97147 
201410 97144 97146 97145 
201411 95931 102216 95934 
201412 96756 97084 96646 
201413 97313 102540 101738 
201414 97953 101829 99070 
201415 97965 99007 99006 
201416 95514 95544 95543 
201417 97247 97538 97245 
201418 97794 102328 99442 
201419 99512 102985 99045 
201420 96764 97092 96664 
201421 96325 96326 96323 
201422 95375 95376 95374 
201423 98684 98996 98790 
201424 98730 101452 99544 
201425 98012 99649 98334 
201426 95629 95630 95606 
201427 95528 102261 95398 
201428 96732 97099 96682 
201429 98899 99885 99883 
201430 97670 98139 97669 
201431 97046 101973 97043 
201432 97015 97016 96233 
201433 101826 102029 97059 
201434 97888 102206 97887 
201435 96466 102251 97458 
201436 95389 95390 95376 
201437 95502 95503 95390 
201438 95510 95511 95503 
201439 94932 94933 94757 
201440 96572 97262 96570 
201441 95775 95800 95697 
201442 101819 102411 101821 
201443 97337 97587 97306 
201444 98154 100310 99420 
201445 99944 102023 97815 
201446 95526 98140 97765 
201447 95804 95860 95800 
201448 95861 96140 95860 
201449 97704 98003 97318 
201450 100089 100353 100088 
201451 97237 102276 97481 
201452 95353 95357 95355 
201453 98093 98137 98136 
201454 95524 98091 98090 
201455 97277 101949 98679 
201456 95333 101900 95335 
201457 99192 100273 98528 
201458 95605 95606 95582 
201459 94964 97209 94962 
201460 99150 100019 98733 
201461 97251 97254 97249 
201462 95581 95582 95511 
201463 95343 95360 95345 
201464 96646 102164 96643 
201465 96679 102102 96678 
201466 96331 96340 96329 
201467 5358 101621 94512 
201468 95295 95377 95296 
201469 97710 98905 98659 
201470 97279 97541 97183 
201471 95318 103542 101153 
201472 98576 101486 99261 
201473 95549 95613 95550 
201474 97734 97735 97733 
201475 95594 101947 95603 
201476 95118 102269 95105 
201477 95441 101902 96937 
201478 95546 95549 95547 
201479 96992 97669 95598 
201480 98964 98998 98962 
201481 98116 99895 98593 
201482 96642 96735 96639 
201483 96934 97550 97549 
201484 94999 101822 95704 
201485 97814 98067 97654 
201486 96447 98016 96449 
201487 102331 102462 99480 
201488 96578 97349 96576 
201489 97391 97392 97211 
201490 95275 99116 96961 
201491 97474 102235 98020 
201492 97748 100213 98727 
201493 97737 97738 97735 
201494 97278 101895 96481 
201495 97687 98576 98010 
201496 97950 99218 98914 
201497 97850 97851 97392 
201498 96985 102244 97446 
201499 95220 102115 95221 
201500 95347 97161 95349 
201501 95248 97280 95270 
201502 98070 98071 97851 
201503 99155 99538 98003 
201504 95544 95546 95545 
201505 97210 97211 97016 
201506 96584 97080 96582 
201507 97385 102332 100604 
201508 98970 99142 98968 
201509 94443 101626 5217 
201510 97053 102215 94931 
201511 98349 101835 99525 
201512 95168 102149 95169 
201513 99306 99878 99732 
201514 95395 95519 95517 
201515 95032 95112 95031 
201516 96963 98849 96707 
201517 97412 97746 97289 
201518 97739 97740 97738 
201519 99740 102240 98191 
201520 97782 98151 97815 
201521 96997 97687 97489 
201522 97311 99631 99630 
201523 95162 102146 95163 
201524 97683 98418 97684 
201525 97874 101874 97873 
201526 98752 99602 98751 
201527 97328 99355 98775 
201528 101748 102329 99427 
201529 99332 103419 100897 
201530 96590 97269 96588 
201531 96479 101949 97277 
201532 97134 103371 100268 
201533 97907 98174 97541 
201534 98646 100010 100009 
201535 98270 98271 98071 
201536 97779 97873 97778 
201537 102368 102823 95388 
201538 99423 99424 97844 
201539 98538 101837 95785 
201540 99266 102865 102614 
201541 97647 99181 97763 
201542 97572 102220 97566 
201543 98587 101850 98941 
201544 95174 102143 95175 
201545 96629 96738 96627 
201546 97545 102353 97676 
201547 100608 101214 100611 
201548 98915 102693 97951 
201549 95113 95119 95112 
201550 98694 101974 98692 
201551 98768 98924 98749 
201552 96643 102164 96642 
201553 95120 95367 95119 
201554 95156 102150 95157 
201555 96263 96265 96264 
201556 95264 98770 95286 
201557 97469 103923 101110 
201558 95190 102132 95191 
201559 96219 102308 96136 
201560 99072 99074 99073 
201561 99545 102148 97583 
201562 97458 102251 98179 
201563 95244 102117 95245 
201564 97035 97037 97036 
201565 95734 95760 95759 
201566 97826 101905 96940 
201567 97422 98083 97393 
201568 99618 103566 102953 
201569 96637 97182 96635 
201570 96595 97402 96593 
201571 98118 99656 98083 
201572 94824 102033 94821 
201573 96976 102134 98712 
201574 95653 102266 95657 
201575 96817 102010 96820 
201576 98036 102022 98637 
201577 100029 100485 100028 
201578 97351 101748 96257 
201579 98024 99199 98541 
201580 98659 102239 98187 
201581 95358 97166 95365 
201582 102943 103751 97920 
201583 96421 102288 96424 
201584 101374 102418 98458 
201585 95453 101915 95451 
201586 96601 97088 96599 
201587 96335 97160 96333 
201588 96439 97788 97507 
201589 97407 98031 97447 
201590 103237 103299 95635 
201591 97109 101899 97050 
201592 97691 102302 97466 
201593 98429 101893 98671 
201594 98664 100134 98665 
201595 97550 102310 98774 
201596 97984 102222 96313 
201597 95524 101830 98092 
201598 97730 101881 97729 
201599 96339 96378 96337 
201600 5220 101622 94514 
201601 96605 97297 96603 
201602 96617 96745 96615 
201603 97661 103141 101520 
201604 96674 101785 96671 
201605 96722 97288 96721 
201606 97333 97334 97253 
201607 5158 102650 94444 
201608 100614 102485 98579 
201609 95258 98847 97012 
201610 5218 101626 94568 
201611 99262 99263 98231 
201612 96756 97229 97084 
201613 98978 99257 98976 
201614 97388 98895 98894 
201615 100968 101715 100965 
201616 96212 97189 96215 
201617 96310 102781 96309 
201618 97978 98892 98891 
201619 97225 97794 97793 
201620 97934 101815 98411 
201621 98986 100424 98984 
201622 97108 97359 97109 
201623 95184 102153 95185 
201624 95234 97090 96938 
201625 98346 102746 98481 
201626 95947 102210 95950 
201627 98982 100046 98980 
201628 96265 96289 96266 
201629 98124 99482 99078 
201630 97929 98250 98249 
201631 100840 103249 100839 
201632 97200 97704 97318 
201633 97058 101983 96241 
201634 96642 99299 96735 
201635 96625 97177 96623 
201636 97887 98099 98026 
201637 98031 99217 98121 
201638 101891 102572 99272 
201639 98099 99185 98285 
201640 97031 97033 97032 
201641 97754 102290 97752 
201642 97307 102115 98699 
201643 94568 101622 5219 
201644 97029 97031 97030 
201645 97387 98023 97475 
201646 95230 102139 95231 
201647 96613 97175 96611 
201648 97901 98116 97384 
201649 96346 96379 96344 
201650 95459 101919 95457 
201651 99596 99597 98147 
201652 99558 99559 99240 
201653 99744 99745 98321 
201654 95603 101988 95698 
201655 97315 97384 97099 
201656 96969 99072 98750 
201657 97477 98066 97501 
201658 98661 98664 98663 
201659 100008 100381 97805 
201660 101820 102411 101819 
201661 96275 97274 96276 
201662 99041 99882 99593 
201663 94936 94938 94937 
201664 94946 94949 94947 
201665 94938 94940 94939 
201666 94944 94946 94945 
201667 94940 94942 94941 
201668 98023 99260 98024 
201669 97229 97796 97697 
201670 94942 94944 94943 
201671 99718 102982 99683 
201672 96984 102183 101604 
201673 95829 96027 95859 
201674 94934 94936 94935 
201675 98526 102355 98959 
201676 95824 98853 95827 
201677 96664 102084 96661 
201678 98582 102379 98580 
201679 100333 100339 100335 
201680 96275 98864 97274 
201681 96532 96533 96531 
201682 98273 98463 98298 
201683 98066 99146 98192 
201684 98574 102249 98573 
201685 97027 97029 97028 
201686 98992 99209 98990 
201687 97993 98165 97751 
201688 96296 96297 96295 
201689 95224 97307 95226 
201690 95197 101993 95200 
201691 98291 99353 97410 
201692 95779 102309 95824 
201693 98867 99055 99026 
201694 97704 99155 98003 
201695 99442 99443 98196 
201696 96140 97405 97127 
201697 98055 99316 98056 
201698 99332 99873 98708 
201699 98271 98273 98272 
201700 97707 101957 98720 
201701 96354 96376 96352 
201702 96227 102075 99354 
201703 97025 97027 97026 
201704 97405 98055 97406 
201705 95291 101866 95292 
201706 96987 97256 97255 
201707 99309 103080 100259 
201708 96202 96203 96201 
201709 99306 99732 99304 
201710 99597 102285 98147 
201711 101546 103002 99490 
201712 96350 97165 96348 
201713 97822 98012 97327 
201714 96288 96295 96287 
201715 100020 100022 98054 
201716 97259 97327 97092 
201717 95465 101926 95463 
201718 97427 102287 97486 
201719 96537 102374 97509 
201720 5142 102637 5143 
201721 95833 101837 95884 
201722 95181 101951 95184 
201723 96200 96201 96162 
201724 96534 96535 96533 
201725 95337 95563 95339 
201726 98836 99610 98837 
201727 99281 103044 99139 
201728 97229 97697 97084 
201729 97796 98431 97697 
201730 98035 99609 98246 
201731 96204 96287 96203 
201732 96984 96987 96986 
201733 101529 103198 99123 
201734 98246 99756 99755 
201735 96364 96381 96362 
201736 97419 101910 96491 
201737 95399 103043 95279 
201738 95221 102115 95224 
201739 99141 102884 102767 
201740 96439 97507 97432 
201741 99527 100105 99529 
201742 98704 99492 98702 
201743 99610 100210 99611 
201744 96536 96976 96535 
201745 95755 102291 95787 
201746 96764 97259 97092 
201747 97226 99096 95168 
201748 95819 102292 95873 
201749 100650 102103 100647 
201750 97466 102302 97470 
201751 96358 97169 96356 
201752 97446 102244 98061 
201753 97788 98035 97942 
201754 98186 101802 97341 
201755 96649 101917 96647 
201756 96683 101745 96732 
201757 97510 101918 96761 
201758 97083 98698 95162 
201759 98444 99156 97829 
201760 95725 95726 95723 
201761 99009 102404 99010 
201762 94484 102330 101697 
201763 96256 97167 96252 
201764 98712 98713 98002 
201765 98714 98715 98713 
201766 99918 99919 98715 
201767 100159 102168 97264 
201768 95655 102266 95653 
201769 95553 97852 95148 
201770 96728 97199 96727 
201771 95836 95838 95791 
201772 97683 97684 97059 
201773 98038 98143 98039 
201774 99685 102982 100106 
201775 96174 102319 96172 
201776 99174 99319 99318 
201777 96263 97176 96265 
201778 96368 97423 96366 
201779 97470 102302 97978 
201780 99385 102660 99387 
201781 95552 98695 95156 
201782 95957 102224 95960 
201783 95411 102431 95410 
201784 97287 97378 95180 
201785 96556 96692 96555 
201786 99106 99728 99727 
201787 96169 97168 96017 
201788 96997 97489 94769 
201789 95718 95719 95716 
201790 98845 100438 98844 
201791 97358 98768 98749 
201792 95194 97086 95196 
201793 97740 101824 97779 
201794 97259 97822 97327 
201795 98149 99633 99038 
201796 98752 100033 99602 
201797 98700 99608 98085 
201798 95241 101795 95244 
201799 97272 102208 98861 
201800 98418 98419 97684 
201801 98740 98741 98739 
201802 97566 97568 97567 
201803 95402 101908 96992 
201804 99172 99174 99173 
201805 99411 102190 97972 
201806 97125 103142 101127 
201807 101606 101627 94425 
201808 99168 99170 99169 
201809 98843 98844 97963 
201810 95712 96135 95710 
201811 95808 103091 95815 
201812 95562 97761 95140 
201813 100760 103819 100102 
201814 95471 101934 95469 
201815 97598 98144 97496 
201816 97644 102392 100872 
201817 98143 100000 99158 
201818 97562 97564 97563 
201819 96374 97367 96372 
201820 99170 99172 99171 
201821 97228 98724 95174 
201822 5223 102362 94424 
201823 98576 99261 98010 
201824 95188 97091 95190 
201825 95745 102309 95779 
201826 94932 94934 94933 
201827 101053 103318 101054 
201828 98630 100049 98631 
201829 97085 97685 96377 
201830 97776 97904 97443 
201831 101432 102707 99665 
201832 98866 98868 98867 
201833 98738 98739 97799 
201834 98770 100032 100031 
201835 97568 97570 97569 
201836 96489 101962 97322 
201837 100841 102621 97691 
201838 96647 101917 96756 
201839 100180 100383 100382 
201840 99564 100157 99565 
201841 98741 99564 98743 
201842 100953 102910 100955 
201843 97687 98010 97489 
201844 98214 102393 98213 
201845 97761 101892 95140 
201846 98864 98866 98865 
201847 95451 101915 96955 
201848 99299 99300 96735 
201849 95178 97287 95180 
201850 97080 102061 96582 
201851 94879 101801 95881 
201852 97740 97778 97777 
201853 97280 97853 97281 
201854 97580 101941 98262 
201855 97993 101972 99470 
201856 97828 101769 98038 
201857 100383 100385 100384 
201858 94447 103530 100274 
201859 95172 97228 95174 
201860 95332 95363 95333 
201861 96692 97799 97798 
201862 97315 97901 97384 
201863 98078 99585 98848 
201864 5147 102157 94471 
201865 99007 99940 99729 
201866 98874 102740 98872 
201867 96732 97315 97099 
201868 96127 97104 96300 
201869 98688 99481 98569 
201870 94857 101800 95526 
201871 97853 98630 97854 
201872 100273 103017 102938 
201873 96237 102173 97344 
201874 96632 102426 96631 
201875 95231 102139 95234 
201876 96976 98002 98001 
201877 99640 99641 98171 
201878 97688 102246 98878 
201879 99239 100129 98881 
201880 99090 102691 101341 
201881 97604 97980 97602 
201882 95166 97226 95168 
201883 97556 97558 97557 
201884 97091 98734 95190 
201885 97554 97556 97555 
201886 97558 97560 97559 
201887 98658 99182 97852 
201888 96682 102102 96679 
201889 97304 98752 98751 
201890 96175 97781 97230 
201891 101585 102417 100696 
201892 97550 97552 97551 
201893 96286 101816 97232 
201894 98696 98697 98695 
201895 96123 102194 96124 
201896 97859 99475 98488 
201897 95930 102216 95931 
201898 97086 97434 95196 
201899 98756 101992 98087 
201900 97552 97554 97553 
201901 95479 101952 95477 
201902 95024 101804 95514 
201903 95657 102266 97017 
201904 95160 97083 95162 
201905 101382 102135 101381 
201906 95946 102210 95947 
201907 95404 102509 101480 
201908 97471 102047 98149 
201909 99020 100292 98551 
201910 98530 99222 98838 
201911 96807 101939 96809 
201912 97904 98564 98120 
201913 97243 97386 97242 
201914 95982 102367 95983 
201915 101297 102728 97988 
201916 95149 101903 95152 
201917 96785 101944 96781 
201918 99230 99422 98724 
201919 98564 99428 99047 
201920 95457 101919 96958 
201921 97829 102127 97761 
201922 95367 97755 95731 
201923 98581 102207 100186 
201924 95956 102224 95957 
201925 95924 102223 95925 
201926 100368 103567 5069 
201927 97755 97844 97843 
201928 101468 103870 101479 
201929 98249 102271 97775 
201930 97839 98168 97378 
201931 96297 98761 97932 
201932 5252 102397 5253 
201933 99341 99447 98168 
201934 98570 101706 98688 
201935 97807 98182 97808 
201936 95979 102226 95982 
201937 97062 99605 98760 
201938 98926 99549 98696 
201939 102135 102614 94477 
201940 99391 102899 99394 
201941 98761 99090 99088 
201942 100900 102510 98902 
201943 97618 98006 97616 
201944 97610 98181 97608 
201945 98502 98505 98504 
201946 97614 98955 97612 
201947 96908 101942 96906 
201948 99222 99446 99445 
201949 100455 102817 100457 
201950 99046 102381 100409 
201951 98936 99587 98698 
201952 101822 102788 95704 
201953 95992 102217 95993 
201954 98573 100300 99321 
201955 99236 101863 100071 
201956 97181 98721 95892 
201957 97090 97416 97154 
201958 97852 101903 95148 
201959 95963 102045 95966 
201960 100150 103895 99347 
201961 100049 100050 98631 
201962 97090 97154 96938 
201963 97307 98084 95226 
201964 98043 98787 97620 
201965 99106 99727 98870 
201966 98683 98684 97402 
201967 97416 98054 97790 
201968 98846 99014 98734 
201969 102012 103997 97192 
201970 98660 98661 97349 
201971 98469 102366 98467 
201972 96045 97107 96205 
201973 98798 102011 98796 
201974 98789 101897 98788 
201975 95519 97963 97329 
201976 98929 102267 98297 
201977 95141 101892 95144 
201978 95839 102054 96121 
201979 95245 102117 95248 
201980 96739 97422 97393 
201981 97081 102213 101658 
201982 99443 100265 100264 
201983 99249 103500 101860 
201984 97280 97281 95270 
201985 95760 95848 95847 
201986 98514 98519 98516 
201987 95953 102007 95956 
201988 102152 103830 99631 
201989 98506 98509 98508 
201990 97339 101930 96505 
201991 94670 94932 94757 
201992 95996 99536 98719 
201993 95154 95552 95156 
201994 5438 102659 5439 
201995 95892 102245 95893 
201996 95493 101987 95491 
201997 96041 102221 96042 
201998 99460 102454 102230 
201999 95848 96162 96161 
202000 97804 97807 97806 
202001 97416 97790 97154 
202002 97694 98011 97434 
202003 98510 98518 98512 
202004 98630 98631 97854 
202005 99791 99899 99897 
202006 98144 102308 97496 
202007 95730 101996 95694 
202008 97422 98118 98083 
202009 96181 99092 95924 
202010 98893 102826 98891 
202011 97794 98196 98081 
202012 99782 102798 99783 
202013 103486 103622 99660 
202014 96503 101963 97223 
202015 96002 97172 96004 
202016 98549 101107 98356 
202017 96667 101937 96665 
202018 99371 102024 99369 
202019 95122 101838 95387 
202020 96006 102932 101296 
202021 95446 101902 95443 
202022 101591 103352 94508 
202023 98959 100066 100065 
202024 98384 99042 98382 
202025 94445 102304 5363 
202026 95463 101926 96960 
202027 96914 101950 96912 
202028 96327 97272 96326 
202029 98892 99452 98893 
202030 97191 97596 97595 
202031 97596 98321 98319 
202032 98520 98527 98522 
202033 100877 103739 101448 
202034 97189 97191 97190 
202035 97178 97179 95912 
202036 97377 97864 97863 
202037 95937 101961 95940 
202038 94643 102459 94645 
202039 103807 103907 101033 
202040 97307 98085 98084 
202041 98861 98862 98859 
202042 97853 97854 97281 
202043 99413 102034 97649 
202044 97266 98746 95930 
202045 95787 102291 96447 
202046 99305 102083 99567 
202047 98863 98961 98862 
202048 98704 99865 99492 
202049 98183 98736 98182 
202050 97846 98857 98014 
202051 95986 97102 95988 
202052 101771 102293 99153 
202053 98523 102355 98526 
202054 102067 102450 98256 
202055 101915 102449 96955 
202056 96027 96148 96147 
202057 96759 101891 101228 
202058 99751 99752 98067 
202059 97097 97098 95936 
202060 96148 97377 97376 
202061 99880 100012 98736 
202062 95040 101830 95524 
202063 95146 95553 95148 
202064 98770 100031 95286 
202065 99224 103369 99226 
202066 97781 97838 97782 
202067 95873 102292 97950 
202068 97288 99843 98852 
202069 94687 102038 94685 
202070 97183 101939 96807 
202071 100138 102720 100140 
202072 98847 99286 97012 
202073 94605 102398 94604 
202074 101097 102896 101101 
202075 98341 99803 99023 
202076 100389 103055 97121 
202077 102250 102438 99782 
202078 98788 102269 95380 
202079 97803 97804 95363 
202080 96920 101958 96918 
202081 98342 102978 99067 
202082 98679 102250 98681 
202083 96181 102400 99886 
202084 96823 101979 96825 
202085 97104 97686 97303 
202086 98807 102015 98805 
202087 95960 97105 95962 
202088 97979 98339 97546 
202089 97233 102320 96531 
202090 95950 97095 95952 
202091 97103 99330 95946 
202092 103513 103634 101493 
202093 97667 102096 97285 
202094 97686 98316 97965 
202095 98126 101891 97674 
202096 98946 99829 98444 
202097 97095 97096 95952 
202098 97662 98539 97179 
202099 95138 95562 95140 
202100 98602 99824 99283 
202101 100441 102531 102343 
202102 99786 104073 100303 
202103 97708 102261 95590 
202104 95913 101920 95916 
202105 99416 103865 100254 
202106 97350 97546 97098 
202107 94827 101931 94825 
202108 99502 100015 98539 
202109 95944 97103 95946 
202110 97830 98444 97829 
202111 97554 102167 97968 
202112 99335 101722 99092 
202113 98290 99751 98067 
202114 96305 102438 96475 
202115 97558 102162 97561 
202116 95487 102014 95485 
202117 95928 97266 95930 
202118 97819 102054 95773 
202119 95993 102217 95996 
202120 100524 102430 101021 
202121 95880 102009 95814 
202122 95934 97097 95936 
202123 99153 102293 99154 
202124 95469 101934 98682 
202125 99308 101975 99310 
202126 97335 97688 97334 
202127 98735 102450 102067 
202128 97387 97475 95377 
202129 99393 101867 99363 
202130 98374 102646 101034 
202131 94767 101922 96997 
202132 96906 101942 97328 
202133 98786 102027 98783 
202134 95132 95401 95134 
202135 98128 102130 100043 
202136 99188 99941 98254 
202137 97495 97846 97222 
202138 95128 97171 95130 
202139 99116 99117 96961 
202140 96665 101937 96764 
202141 98878 99414 98877 
202142 98113 98254 97591 
202143 94817 101960 94815 
202144 97105 97106 95962 
202145 97786 101932 97544 
202146 96692 102170 98738 
202147 100541 103542 95573 
202148 97983 99333 98394 
202149 97504 97591 97096 
202150 96926 101997 96924 
202151 101745 101914 96732 
202152 5253 102397 94502 
202153 95922 96181 95924 
202154 97086 97694 97434 
202155 97107 97649 97186 
202156 99470 99971 98165 
202157 97346 102067 97348 
202158 101428 102845 99157 
202159 95227 102144 95230 
202160 95416 101929 97064 
202161 98790 102300 97402 
202162 97285 102096 97284 
202163 98023 98024 97475 
202164 99848 102082 98495 
202165 97180 97222 97106 
202166 98801 102041 98798 
202167 101023 103445 101022 
202168 98297 102267 99233 
202169 98034 99604 99603 
202170 97091 98846 98734 
202171 101934 102476 98682 
202172 98895 102299 99458 
202173 97088 102085 96599 
202174 97694 99231 98011 
202175 98099 102206 99291 
202176 100334 103528 101065 
202177 97357 102519 101310 
202178 98961 100184 99970 
202179 101751 101979 96823 
202180 100505 102720 102475 
202181 97102 97583 95988 
202182 101919 102456 96958 
202183 95544 102052 97693 
202184 97310 97811 97167 
202185 100948 102077 100947 
202186 102860 102893 98923 
202187 98688 100495 99481 
202188 98664 102787 100458 
202189 97999 98078 97685 
202190 99870 100541 99585 
202191 97287 97839 97378 
202192 99130 99131 97811 
202193 95235 101959 95237 
202194 97172 97840 97264 
202195 102920 103929 98169 
202196 97272 98859 98858 
202197 95906 96284 95908 
202198 98271 101878 98274 
202199 95491 101987 97051 
202200 98882 99239 98881 
202201 103183 103329 99562 
202202 96912 101950 97311 
202203 99341 100151 99447 
202204 97840 99662 99147 
202205 94833 101946 94831 
202206 94946 102129 94950 
202207 95989 102148 95992 
202208 97906 101989 97572 
202209 99195 100392 99194 
202210 97375 101991 95440 
202211 97172 97264 96004 
202212 95910 97178 95912 
202213 97622 98303 97583 
202214 101521 103027 99060 
202215 98708 102281 98705 
202216 98880 98881 98722 
202217 97840 99147 97264 
202218 96084 102064 96082 
202219 96833 102012 96835 
202220 95029 102377 95110 
202221 94778 101933 97683 
202222 97720 102449 98609 
202223 94495 102709 100595 
202224 101211 102604 95351 
202225 97477 102228 98777 
202226 99193 99194 99192 
202227 95036 102036 95034 
202228 95896 97100 95898 
202229 95886 96294 95888 
202230 94815 101960 97200 
202231 99475 99476 98488 
202232 95407 102479 95406 
202233 95456 101915 95453 
202234 99367 102046 99365 
202235 97839 99341 98168 
202236 95249 101978 95251 
202237 95890 97181 95892 
202238 97966 102053 95746 
202239 96940 101905 101251 
202240 101295 102524 97294 
202241 97179 101920 95912 
202242 95549 102142 95701 
202243 98035 98246 97942 
202244 98671 101893 100449 
202245 97568 102220 97573 
202246 97102 97622 97583 
202247 98866 98867 98865 
202248 97622 98356 98303 
202249 97788 97942 97507 
202250 97107 97186 96205 
202251 97228 99230 98724 
202252 96782 102395 96929 
202253 101943 102902 99097 
202254 97104 97303 96300 
202255 100824 103912 100825 
202256 98997 102420 98790 
202257 99578 102008 99580 
202258 5086 102474 5087 
202259 98212 101905 97826 
202260 98864 98865 97274 
202261 101861 103408 94484 
202262 95044 102048 95042 
202263 97781 97782 97230 
202264 97968 102162 97556 
202265 101299 103237 95639 
202266 96005 102168 96008 
202267 101706 101904 98688 
202268 95462 101919 95459 
202269 94447 102263 5231 
202270 101670 102037 98206 
202271 95552 102383 98926 
202272 98705 102281 98704 
202273 98774 102167 97552 
202274 96170 102609 97216 
202275 100178 102957 98953 
202276 97688 98877 98876 
202277 97686 97965 97303 
202278 97059 102029 94776 
202279 100544 103924 99071 
202280 97739 101824 97740 
202281 99377 102073 99375 
202282 98733 101874 97874 
202283 97180 97495 97222 
202284 96042 102221 96045 
202285 96700 102001 96698 
202286 100271 102747 100269 
202287 97579 101899 101850 
202288 96938 101959 95235 
202289 95506 102068 95382 
202290 96082 102069 96080 
202291 99976 102138 99857 
202292 103931 104070 102821 
202293 94825 101931 97407 
202294 98111 102049 98873 
202295 97147 101957 97149 
202296 97091 102153 99487 
202297 101958 102502 97273 
202298 100289 102021 101741 
202299 98866 102635 98869 
202300 99674 102059 99672 
202301 94839 101999 94837 
202302 96024 102075 95878 
202303 99188 99942 99941 
202304 96918 101958 97273 
202305 99600 100305 99599 
202306 97381 101990 95450 
202307 99478 103911 103854 
202308 97105 97180 97106 
202309 96124 102194 96127 
202310 99604 100241 99603 
202311 97690 102129 94944 
202312 98186 101943 101802 
202313 97712 102032 96387 
202314 98113 99188 98254 
202315 97504 98113 97591 
202316 97968 103613 100917 
202317 98270 101878 98271 
202318 95668 102413 95670 
202319 98081 101966 99514 
202320 95997 101969 95999 
202321 97095 97504 97096 
202322 100026 101992 98759 
202323 98947 99599 98787 
202324 97189 102346 98127 
202325 98936 99647 99587 
202326 97733 101881 97730 
202327 96029 102512 95835 
202328 94774 103633 99601 
202329 96167 102039 96165 
202330 97083 98936 98698 
202331 95468 101926 95465 
202332 98527 99192 98528 
202333 96847 102058 96849 
202334 99447 101928 98168 
202335 95208 103391 101538 
202336 95552 98696 98695 
202337 96786 103382 101388 
202338 98817 102080 98815 
202339 100024 103332 100227 
202340 97979 99477 98339 
202341 97103 99331 99330 
202342 95292 101866 95295 
202343 97175 102097 96611 
202344 99287 102740 102626 
202345 96761 101918 101271 
202346 98883 102155 98048 
202347 97350 97979 97546 
202348 95259 102002 95261 
202349 96851 102066 96853 
202350 99682 102087 99680 
202351 96652 101917 96649 
202352 97693 102142 95546 
202353 99678 102088 99676 
202354 101510 102666 94800 
202355 96317 102151 96315 
202356 101926 102468 96960 
202357 98554 101998 98552 
202358 98187 102239 99212 
202359 99263 102290 98231 
202360 97676 102353 98317 
202361 96924 101997 96969 
202362 98505 101953 98506 
202363 97097 97350 97098 
202364 95553 98658 97852 
202365 96471 102076 96468 
202366 99690 102114 99688 
202367 98658 100343 99182 
202368 100564 103669 100565 
202369 97318 102016 94814 
202370 98389 102401 98387 
202371 99065 101918 97510 
202372 94951 102183 96981 
202373 94831 101946 97358 
202374 99686 102106 99684 
202375 97378 101951 95180 
202376 97266 100167 98746 
202377 101477 102517 98831 
202378 97871 103749 101693 
202379 100700 102074 100703 
202380 103429 103584 100535 
202381 98235 102540 97770 
202382 99225 102206 97888 
202383 101436 102360 101435 
202384 101942 102487 97328 
202385 95276 102035 95278 
202386 95562 97829 97761 
202387 95253 102018 95255 
202388 94675 102063 94673 
202389 97087 102198 98737 
202390 94577 103703 102157 
202391 97105 102224 101865 
202392 98918 101967 101499 
202393 100121 102789 100206 
202394 98319 101977 98537 
202395 97213 103047 100801 
202396 95553 102388 98928 
202397 100269 102747 100094 
202398 95160 102150 97083 
202399 98951 102957 100422 
202400 96704 102043 96702 
202401 95815 102991 100854 
202402 95270 101978 95249 
202403 100273 103286 95849 
202404 97167 102319 96252 
202405 100498 103067 99408 
202406 100705 102091 100708 
202407 95516 102394 95583 
202408 95474 101934 95471 
202409 97178 102385 99334 
202410 99295 102113 97933 
202411 97177 102093 96623 
202412 99243 103088 99823 
202413 97748 102276 100213 
202414 96251 102724 102410 
202415 95166 102146 97226 
202416 97234 101973 97046 
202417 96861 102120 96863 
202418 96181 99335 99092 
202419 98822 102382 98820 
202420 101856 102433 101853 
202421 99388 102119 99386 
202422 97637 102113 98223 
202423 98719 101969 95997 
202424 97069 101965 97067 
202425 95068 102125 95066 
202426 96806 102026 97279 
202427 101604 102839 101362 
202428 99694 102131 99692 
202429 94562 103331 103197 
202430 96142 102213 96056 
202431 100715 102121 100717 
202432 94569 101635 101634 
202433 97084 102164 96646 
202434 94693 102105 94691 
202435 100720 102128 100722 
202436 95970 103560 100986 
202437 96781 101944 97342 
202438 98056 103073 101261 
202439 101626 103401 103333 
202440 99148 103050 101507 
202441 101925 101996 95769 
202442 98203 102444 99109 
202443 97064 101981 97066 
202444 97178 97662 97179 
202445 99615 103210 100101 
202446 98805 102015 100006 
202447 98637 102022 99765 
202448 98875 102094 98952 
202449 97447 102033 94824 
202450 98552 101998 99020 
202451 97636 102113 97637 
202452 96751 103161 96686 
202453 95172 102149 97228 
202454 95192 103064 95189 
202455 101905 102615 99279 
202456 96809 101939 96812 
202457 99502 100016 100015 
202458 101734 102044 96048 
202459 94689 102122 94687 
202460 97662 99502 98539 
202461 95269 102055 95272 
202462 98262 101941 99018 
202463 100710 102133 100713 
202464 101775 102209 95811 
202465 98723 101987 95496 
202466 96820 102010 97337 
202467 99239 100372 100129 
202468 97515 102155 97516 
202469 96578 102061 98660 
202470 96698 102001 96739 
202471 94557 102452 5316 
202472 95008 102198 94992 
202473 99954 103787 103244 
202474 94830 101931 94827 
202475 94932 102296 101882 
202476 98649 102625 100216 
202477 96056 102213 96055 
202478 96406 102126 96404 
202479 98206 102037 98267 
202480 95482 101952 95479 
202481 98950 102683 98871 
202482 94980 102118 94972 
202483 102478 102779 99539 
202484 97120 103000 95853 
202485 94931 102215 94926 
202486 96048 102044 96050 
202487 101212 103604 102200 
202488 5317 102452 94494 
202489 97181 98722 98721 
202490 96655 102944 96658 
202491 97098 101961 95936 
202492 95746 102053 95747 
202493 95296 102081 95298 
202494 97647 102288 99181 
202495 99623 102249 98574 
202496 95072 102137 95070 
202497 96538 102134 96536 
202498 98848 102338 97685 
202499 95178 102143 97287 
202500 96905 101944 96785 
202501 94926 102215 94925 
202502 96027 102305 97682 
202503 99262 103389 99263 
202504 94992 102198 94990 
202505 94820 101960 94817 
202506 95532 102394 95516 
202507 96911 101942 96908 
202508 98087 101992 101815 
202509 103248 103369 99224 
202510 5173 102742 5174 
202511 94884 102124 94882 
202512 94976 103934 100264 
202513 98735 102067 97768 
202514 100007 102041 98804 
202515 96130 102057 96132 
202516 96728 101887 97199 
202517 97806 101900 95363 
202518 97012 102002 95259 
202519 100188 102373 98748 
202520 102521 103963 97363 
202521 95285 102086 95288 
202522 100270 102406 100271 
202523 100744 102268 100741 
202524 95896 102245 97100 
202525 96670 101937 96667 
202526 98179 102251 100165 
202527 100278 103239 98211 
202528 96732 101914 97315 
202529 95496 101987 95493 
202530 101929 101981 97064 
202531 98855 102181 98745 
202532 100840 103462 94474 
202533 98149 102047 99634 
202534 96558 102170 96556 
202535 98692 101974 98717 
202536 98020 102235 98677 
202537 96176 102072 96178 
202538 102470 103639 99654 
202539 98432 102535 97697 
202540 97434 101993 95196 
202541 95076 102161 95074 
202542 99567 101975 99308 
202543 96917 101950 96914 
202544 97486 102287 98154 
202545 96724 102101 96722 
202546 100432 102628 99049 
202547 99732 102083 99304 
202548 98759 101992 98756 
202549 94875 102136 94873 
202550 101124 102819 101125 
202551 97596 102274 99744 
202552 97032 102017 101698 
202553 94697 102497 101648 
202554 96299 102174 96187 
202555 96420 102624 96417 
202556 99956 103861 100316 
202557 97887 102206 98099 
202558 97559 102019 98281 
202559 96552 102175 96549 
202560 94836 101946 94833 
202561 95769 101996 95730 
202562 101662 101897 98789 
202563 100550 102948 100551 
202564 94837 101999 97304 
202565 103639 103772 99654 
202566 101270 102703 96389 
202567 97768 102067 97346 
202568 96180 102095 96230 
202569 100609 103063 102775 
202570 97680 102179 99050 
202571 97760 102014 95490 
202572 95194 102132 97086 
202573 98654 102068 95595 
202574 95188 102153 97091 
202575 99484 102030 97999 
202576 98464 102092 98466 
202577 95363 101900 95333 
202578 97931 102070 99555 
202579 95851 103000 97629 
202580 97783 102467 94769 
202581 96718 102154 96716 
202582 102100 103999 101461 
202583 98523 102416 102355 
202584 94766 103053 94770 
202585 98667 102040 97862 
202586 96576 102230 96574 
202587 94861 102160 94859 
202588 99873 102281 98708 
202589 96923 101958 96920 
202590 99285 103236 100686 
202591 100696 102417 100698 
202592 97775 102271 97389 
202593 95010 102501 95020 
202594 95878 102075 96227 
202595 97255 102376 97860 
202596 96961 102035 95276 
202597 97092 102084 96664 
202598 95584 102188 95515 
202599 100106 103093 99687 
202600 97213 102696 97026 
202601 98765 102202 98767 
202602 96883 102184 96885 
202603 99180 102108 99357 
202604 95306 102166 95308 
202605 97377 102294 98932 
202606 99704 102182 99702 
202607 94582 102555 101392 
202608 94843 102189 97062 
202609 101804 102052 95514 
202610 95311 102163 95313 
202611 97755 102315 99423 
202612 97405 102289 101924 
202613 99238 103249 101291 
202614 102146 102471 97226 
202615 96278 102141 96280 
202616 98422 101932 97786 
202617 99689 103093 100045 
202618 94991 102219 94982 
202619 98731 102159 99187 
202620 101067 103643 100558 
202621 98891 102565 98889 
202622 94853 102165 94851 
202623 95490 102014 95487 
202624 94845 102189 94843 
202625 96825 101979 97162 
202626 95237 101959 95240 
202627 95928 102223 97266 
202628 101505 103802 99598 
202629 99755 102364 97942 
202630 97096 102007 95952 
202631 97930 102070 97931 
202632 99354 102179 97006 
202633 95761 102243 95699 
202634 101136 102051 98283 
202635 99287 102626 102447 
202636 98109 102051 98949 
202637 101898 102553 102244 
202638 96595 102085 98683 
202639 96270 102140 96272 
202640 5080 102576 5081 
202641 97389 102271 97388 
202642 97698 102110 97634 
202643 97235 101957 97147 
202644 98796 102011 98799 
202645 95519 102280 98843 
202646 96475 102438 102250 
202647 97566 102220 97568 
202648 97862 102040 98036 
202649 99310 101975 99571 
202650 103121 103400 101553 
202651 102856 103752 98627 
202652 96755 103018 101501 
202653 95765 102209 98778 
202654 96155 102169 96304 
202655 98061 102244 99267 
202656 95327 102196 95329 
202657 100160 102366 98469 
202658 95764 102209 95765 
202659 98873 102049 99207 
202660 100098 104054 100097 
202661 97741 101881 97733 
202662 101362 103024 99223 
202663 99708 102197 99706 
202664 103503 103825 99542 
202665 102441 102686 95297 
202666 97756 101952 95482 
202667 99156 102127 97829 
202668 98772 102009 96285 
202669 95934 102216 97097 
202670 99860 102070 98680 
202671 95299 102441 95297 
202672 99115 102015 98807 
202673 95814 102009 97185 
202674 95206 103550 101472 
202675 97600 102262 97598 
202676 95499 102188 98723 
202677 99406 102195 99404 
202678 98219 101997 96926 
202679 96300 102785 102636 
202680 98283 102051 98109 
202681 98783 102027 98784 
202682 95773 102054 95839 
202683 98622 102049 98111 
202684 98663 102230 97349 
202685 96971 102906 97520 
202686 96734 102193 96730 
202687 97704 102028 99155 
202688 98127 102274 97191 
202689 98004 102056 98674 
202690 99663 101926 95468 
202691 99658 101919 95462 
202692 97133 101934 95474 
202693 95824 102309 98853 
202694 98688 101904 100495 
202695 100680 103370 100679 
202696 101667 102056 98565 
202697 96285 102009 95880 
202698 99583 103887 99968 
202699 5132 102629 5133 
202700 97764 102124 94888 
202701 95034 102036 101804 
202702 98799 102027 98786 
202703 99756 103691 100868 
202704 98776 102136 94878 
202705 98084 102144 95226 
202706 94551 102495 5246 
202707 99284 101915 95456 
202708 97181 102384 98880 
202709 97609 102442 98292 
202710 97099 102102 96682 
202711 101617 102301 99035 
202712 100275 103794 97089 
202713 97978 102302 98892 
202714 94966 102192 94964 
202715 101906 102376 97256 
202716 95224 102115 97307 
202717 101504 102443 101900 
202718 94957 102219 97053 
202719 5247 102495 94503 
202720 98458 102418 98461 
202721 98669 102062 97907 
202722 95092 102199 95090 
202723 96319 102212 96317 
202724 98583 102233 98899 
202725 98090 102036 95039 
202726 98680 102070 97930 
202727 96329 102208 96327 
202728 97074 102371 97316 
202729 101555 103105 101429 
202730 97230 102072 96176 
202731 97265 102012 96833 
202732 99369 102024 100053 
202733 94578 102387 5429 
202734 97110 102296 94671 
202735 96194 102428 101500 
202736 95377 102081 95296 
202737 94671 102296 94670 
202738 95251 101978 97140 
202739 99541 102040 98667 
202740 99713 102211 99710 
202741 97017 102266 98753 
202742 99876 102008 99578 
202743 97193 103950 101781 
202744 100091 103597 94549 
202745 98959 102355 100066 
202746 101721 102447 96120 
202747 95234 102139 97090 
202748 95950 102210 97095 
202749 99207 102094 98875 
202750 99106 103172 99728 
202751 96245 102201 96243 
202752 97765 102165 94856 
202753 101450 102878 98572 
202754 97106 102045 95962 
202755 98952 102094 99844 
202756 95248 102117 97280 
202757 96233 102289 96141 
202758 94842 101999 94839 
202759 100686 103220 97171 
202760 98804 102041 98801 
202761 97284 102096 97871 
202762 96323 102231 96321 
202763 98949 102051 100078 
202764 99495 103986 100170 
202765 98925 101989 97906 
202766 98276 102964 101763 
202767 98898 103170 99501 
202768 100377 103960 95204 
202769 95604 102243 98654 
202770 5316 102452 5317 
202771 100742 104032 100755 
202772 97882 102172 97715 
202773 98828 102408 99741 
202774 99462 102498 102175 
202775 101650 103157 101037 
202776 96893 102228 96895 
202777 96835 102012 97192 
202778 94909 103669 100509 
202779 98573 102249 100300 
202780 95039 102036 95036 
202781 100663 102453 100660 
202782 98565 102056 98004 
202783 98980 102252 98978 
202784 97071 102371 97074 
202785 100264 101966 98196 
202786 97219 102203 96258 
202787 103377 104077 102664 
202788 99229 101997 98219 
202789 101423 103699 98042 
202790 95042 102048 101830 
202791 98976 102254 98974 
202792 96372 102283 96370 
202793 99365 102046 99393 
202794 98984 102255 98982 
202795 98080 102494 99506 
202796 98227 102284 100029 
202797 95374 102315 95368 
202798 99717 102227 99715 
202799 97348 102067 98256 
202800 100057 102391 100058 
202801 102496 102711 95512 
202802 95999 101969 96002 
202803 97115 102234 94920 
202804 96141 102289 96140 
202805 97682 102294 96148 
202806 102244 102553 99267 
202807 97036 102017 97033 
202808 97094 102435 96838 
202809 95983 102367 95986 
202810 98036 102040 102022 
202811 95382 102068 101838 
202812 94425 102513 5356 
202813 101385 103521 94602 
202814 96108 102064 96084 
202815 98657 102409 99052 
202816 99580 102008 99902 
202817 99883 103707 99884 
202818 95106 102048 95044 
202819 95568 102238 94892 
202820 98599 102393 98214 
202821 99421 102473 102014 
202822 96010 103037 96007 
202823 96687 102415 96685 
202824 97073 102371 97071 
202825 97249 102242 97247 
202826 96352 102273 96350 
202827 100053 102046 99367 
202828 101282 103214 101283 
202829 96722 102101 97288 
202830 95960 102224 97105 
202831 96536 102134 96976 
202832 96693 103161 97363 
202833 97933 102113 97636 
202834 94685 102038 94756 
202835 95514 102052 95544 
202836 100341 103115 100330 
202837 99962 102053 97966 
202838 97391 102920 98169 
202839 101689 103218 101688 
202840 99328 102189 94848 
202841 98362 102412 98365 
202842 96080 102069 96105 
202843 97410 102246 97335 
202844 97149 101957 97707 
202845 101989 102220 97572 
202846 98174 102062 99974 
202847 95595 102068 95506 
202848 99725 102237 99723 
202849 95368 102315 95367 
202850 95618 102232 95620 
202851 100375 101977 98321 
202852 96447 102291 98016 
202853 97253 102256 97251 
202854 101335 103648 99519 
202855 101172 102952 97944 
202856 98286 102177 98904 
202857 101437 103273 101438 
202858 97891 102176 99350 
202859 97033 102017 97032 
202860 95976 103586 101451 
202861 97152 102001 96700 
202862 96642 102164 99299 
202863 98815 102080 99015 
202864 95127 104062 95539 
202865 99963 102080 98817 
202866 94914 102234 94917 
202867 95261 102002 95264 
202868 96531 102320 96298 
202869 99375 102073 99946 
202870 102488 102644 99260 
202871 95649 102573 95651 
202872 97141 103450 100345 
202873 101544 102402 101081 
202874 97950 102292 99218 
202875 100891 103678 97812 
202876 97140 102018 95253 
202877 97264 102168 96004 
202878 94532 103165 101857 
202879 99038 102359 98122 
202880 99797 102457 99798 
202881 101512 103324 98226 
202882 96104 102277 95844 
202883 96165 102039 97973 
202884 99972 102111 98418 
202885 103634 103754 99621 
202886 97583 102148 95988 
202887 99096 102149 95168 
202888 98698 102146 95162 
202889 95255 102018 95258 
202890 97563 102019 97560 
202891 99284 102449 101915 
202892 101851 102520 95567 
202893 98674 102056 101485 
202894 99382 102073 99377 
202895 101638 102578 95714 
202896 94890 102238 97764 
202897 98196 101966 98081 
202898 98894 102076 97194 
202899 97117 102058 96847 
202900 95562 102331 97830 
202901 97079 102075 96024 
202902 101055 102382 98822 
202903 96171 102967 96173 
202904 101857 102433 101856 
202905 99857 102247 99855 
202906 96507 102403 101667 
202907 98695 102150 95156 
202908 98163 102032 97712 
202909 101417 102788 98920 
202910 97256 102376 97255 
202911 98522 102416 98523 
202912 99652 102405 99998 
202913 98569 101998 98554 
202914 97133 102476 101934 
202915 98820 102382 99963 
202916 95365 102280 95395 
202917 99653 101950 96917 
202918 101330 103009 101331 
202919 5357 102513 101621 
202920 97217 103300 102934 
202921 99991 102059 99674 
202922 99184 102186 97964 
202923 97907 102062 98174 
202924 5101 102871 94458 
202925 96356 102282 96354 
202926 94888 102124 94884 
202927 102000 102371 97073 
202928 94678 102063 94675 
202929 96556 102170 96692 
202930 98750 101958 96923 
202931 96298 102320 96297 
202932 96897 102835 100838 
202933 97766 102229 95702 
202934 97204 102039 96167 
202935 94737 102260 94735 
202936 98048 102155 97515 
202937 96387 102032 101556 
202938 103389 103485 99263 
202939 101946 102543 97358 
202940 97798 102175 96555 
202941 97705 102176 97891 
202942 94673 102063 97110 
202943 94765 102467 94763 
202944 94534 102880 5014 
202945 101987 102494 97051 
202946 96017 102286 95836 
202947 97116 102066 96851 
202948 98321 101977 98319 
202949 95613 102229 95614 
202950 94878 102136 94875 
202951 98003 102423 98676 
202952 101737 102752 97834 
202953 101100 103081 101104 
202954 99630 101942 96911 
202955 99676 102088 99991 
202956 97835 102284 97746 
202957 96849 102058 97116 
202958 96702 102043 97152 
202959 98272 102316 98071 
202960 101416 102953 5415 
202961 100262 102138 99976 
202962 98825 102063 94678 
202963 98724 102143 95174 
202964 95766 102386 95812 
202965 98928 102342 98658 
202966 101724 102472 94530 
202967 97507 102364 97877 
202968 95278 102035 95283 
202969 98248 102317 97392 
202970 94873 102136 97125 
202971 99325 102176 98189 
202972 97295 102169 96155 
202973 95136 102331 95138 
202974 101636 102597 97606 
202975 96853 102066 96930 
202976 99899 102410 99917 
202977 5311 102554 94546 
202978 101862 102303 95012 
202979 95295 101866 97387 
202980 97654 102248 97404 
202981 102512 102831 95835 
202982 99434 102673 102505 
202983 99980 102259 99978 
202984 99672 102059 101832 
202985 97270 102055 95269 
202986 95515 102188 95499 
202987 97194 102076 96471 
202988 97560 102019 97559 
202989 99658 102456 101919 
202990 101512 103336 99280 
202991 94500 102554 5310 
202992 100843 103644 100844 
202993 100859 103635 97809 
202994 99680 102087 99778 
202995 94882 102124 101801 
202996 98775 101944 96905 
202997 97012 102561 102002 
202998 97964 102186 97587 
202999 94456 104034 101840 
203000 96707 102043 96704 
203001 100701 102074 100700 
203002 95996 102217 99536 
203003 99463 102512 102174 
203004 96685 102415 101745 
203005 99778 102088 99678 
203006 100045 103139 99691 
203007 98743 102325 98739 
203008 99386 102119 99407 
203009 94864 102160 94861 
203010 99720 102087 99682 
203011 97751 102329 97351 
203012 101592 102657 5249 
203013 95386 102200 102199 
203014 99478 102119 99388 
203015 95546 102142 95549 
203016 98443 103830 100217 
203017 99688 102114 99832 
203018 94747 102278 94745 
203019 95099 102125 95068 
203020 99684 102106 99720 
203021 99557 102677 98620 
203022 101624 103778 103577 
203023 94763 102467 102042 
203024 95483 102473 95522 
203025 100604 102332 100608 
203026 95066 102125 97130 
203027 98734 102132 95190 
203028 100706 102091 100705 
203029 99168 102380 99170 
203030 97127 102318 95860 
203031 99693 103139 100594 
203032 98900 102159 98731 
203033 94944 102129 94946 
203034 98506 101953 98509 
203035 95272 102055 95275 
203036 96468 102076 101641 
203037 101171 103144 97948 
203038 98172 102158 97796 
203039 95726 103967 100966 
203040 99832 102106 99686 
203041 103922 104047 98416 
203042 100703 102074 100706 
203043 98120 102174 97443 
203044 95070 102137 95099 
203045 98243 102186 100089 
203046 94856 102165 94853 
203047 95776 102277 97766 
203048 98419 102111 100112 
203049 94681 102590 94679 
203050 99973 102114 99690 
203051 94754 102105 94693 
203052 96959 102120 96861 
203053 98698 102471 102146 
203054 98842 102118 95031 
203055 5322 102799 5323 
203056 101954 102415 96695 
203057 97039 102218 97108 
203058 102737 102819 101124 
203059 99003 102258 98652 
203060 98189 102176 97705 
203061 94596 102871 5100 
203062 96743 102488 96744 
203063 94859 102160 101800 
203064 97132 102137 95072 
203065 100708 102091 100711 
203066 95111 102161 95076 
203067 99807 102321 98742 
203068 95475 102496 95512 
203069 97452 102201 96245 
203070 99617 102177 98286 
203071 97914 102203 97219 
203072 98749 101931 94830 
203073 99692 102131 99973 
203074 98633 102270 98635 
203075 102808 102944 99482 
203076 98527 102337 99193 
203077 98737 102552 100038 
203078 96695 102415 96687 
203079 100711 102133 100710 
203080 94752 102279 94749 
203081 101931 102541 97407 
203082 99566 102062 98669 
203083 98760 101999 94842 
203084 100156 102131 99694 
203085 101999 102539 97304 
203086 96050 102044 96123 
203087 99327 103516 99326 
203088 98078 102030 99870 
203089 97587 102186 98243 
203090 97616 102312 97614 
203091 95074 102161 97132 
203092 97006 102179 97680 
203093 96120 102447 95840 
203094 94691 102105 97317 
203095 98267 102037 98602 
203096 94949 102236 94951 
203097 96716 102154 97113 
203098 94990 102198 97087 
203099 101263 103583 96750 
203100 98798 102041 102011 
203101 94848 102189 94845 
203102 101297 102932 102728 
203103 98751 101946 94836 
203104 94476 103278 101390 
203105 96863 102120 97129 
203106 100118 103844 100119 
203107 100718 102121 100715 
203108 95566 102421 95579 
203109 98742 102321 98741 
203110 97090 102205 97416 
203111 98773 102218 97040 
203112 97851 102316 98248 
203113 99538 102423 98003 
203114 95386 102199 95092 
203115 103015 103083 102409 
203116 94608 102398 94605 
203117 96243 102201 97058 
203118 97612 102314 97610 
203119 95284 102532 95281 
203120 96258 102203 97452 
203121 98104 102236 94955 
203122 97602 102307 97600 
203123 96446 102432 101227 
203124 96981 102183 96984 
203125 101109 103786 99590 
203126 97317 102122 94689 
203127 98418 102111 98419 
203128 100725 102128 100720 
203129 97037 102218 97039 
203130 98001 102351 96535 
203131 99049 102401 98389 
203132 96055 102213 97081 
203133 100717 102121 100725 
203134 99434 102505 102165 
203135 97211 102317 97656 
203136 100804 103509 101207 
203137 99270 102946 102180 
203138 96635 102426 96632 
203139 97620 102323 97618 
203140 95827 102305 95829 
203141 99018 101941 100590 
203142 95298 102081 97052 
203143 99637 102195 99406 
203144 99655 102470 99654 
203145 96045 102221 97107 
203146 96593 102300 96590 
203147 96327 102208 97272 
203148 97556 102162 97558 
203149 98721 102245 95892 
203150 94982 102219 94957 
203151 95288 102086 95291 
203152 98495 102082 99085 
203153 95090 102199 97136 
203154 100722 102128 100726 
203155 99404 102195 99839 
203156 94925 102215 98730 
203157 96127 102194 97104 
203158 97294 102524 97537 
203159 95686 102333 95582 
203160 98584 102895 98585 
203161 97261 102326 95503 
203162 97552 102167 97554 
203163 95002 102313 94988 
203164 96132 102057 96175 
203165 95031 102118 94980 
203166 97860 102376 99041 
203167 98750 102502 101958 
203168 100713 102133 100718 
203169 97111 102086 95285 
203170 99663 102468 101926 
203171 102481 102677 99440 
203172 101245 103922 98416 
203173 99162 102295 99164 
203174 97799 102325 99004 
203175 95800 102318 95803 
203176 101997 102525 96969 
203177 99092 102223 95924 
203178 99883 103804 103707 
203179 96727 102101 96724 
203180 101765 102472 101724 
203181 97796 102158 98431 
203182 97722 102971 99196 
203183 102869 103012 99306 
203184 95110 102377 95128 
203185 97725 102126 96406 
203186 94972 102118 97121 
203187 95811 102209 95764 
203188 97040 102218 97037 
203189 101114 103600 101116 
203190 101712 102509 95404 
203191 99291 103314 99185 
203192 100601 103665 99785 
203193 96370 102322 96368 
203194 99702 102182 99965 
203195 101473 102445 98010 
203196 94892 102238 94890 
203197 96543 102134 96538 
203198 94920 102234 94914 
203199 95414 102431 95411 
203200 97999 102030 98078 
203201 95332 102196 97803 
203202 95000 102303 95002 
203203 96178 102072 98851 
203204 99826 102182 99704 
203205 95620 102232 97142 
203206 101523 103606 99776 
203207 98116 102241 99895 
203208 97777 102345 97738 
203209 98746 102216 95930 
203210 96897 102184 96883 
203211 97570 102264 97571 
203212 100441 102343 98844 
203213 99699 103114 103099 
203214 98838 102039 97204 
203215 5416 102953 94519 
203216 99594 102108 99180 
203217 99206 102998 102784 
203218 100117 103120 100389 
203219 99821 102101 96727 
203220 99719 102197 99708 
203221 98281 102019 100180 
203222 101463 102480 101466 
203223 97932 102361 96295 
203224 99932 102482 99935 
203225 98988 102520 101851 
203226 96885 102184 97153 
203227 98851 102095 96180 
203228 98528 102416 98522 
203229 102139 102205 97090 
203230 98619 102677 102481 
203231 98039 102264 97574 
203232 96404 102126 101661 
203233 103026 103547 100540 
203234 100921 103474 100919 
203235 101437 103864 98716 
203236 102184 102185 97153 
203237 97807 102356 98183 
203238 96449 102310 96934 
203239 94699 102497 94697 
203240 99706 102197 99826 
203241 95699 102243 95604 
203242 98516 102337 98520 
203243 100073 102092 98464 
203244 100356 103937 5235 
203245 96230 102095 96263 
203246 95763 102232 95618 
203247 95731 102347 95119 
203248 98339 102204 98341 
203249 95702 102229 95613 
203250 98745 102181 99807 
203251 99321 102032 98163 
203252 5030 102424 5031 
203253 99330 102210 95946 
203254 99710 102211 99719 
203255 97758 102519 97357 
203256 95390 102326 95535 
203257 97335 102246 97688 
203258 95309 102166 95306 
203259 5246 102495 5247 
203260 96210 102346 96212 
203261 97504 102610 98114 
203262 99726 102211 99713 
203263 102064 102069 96082 
203264 98646 102343 100010 
203265 95863 102428 95862 
203266 99418 102496 101952 
203267 99853 102181 98855 
203268 96721 102154 96718 
203269 100791 102968 100789 
203270 97634 102110 98533 
203271 95511 102333 97261 
203272 97902 103019 99095 
203273 99928 102227 99717 
203274 98652 102258 99184 
203275 99789 102372 99791 
203276 98466 102092 99177 
203277 97343 102440 101242 
203278 103154 103380 101394 
203279 99715 102227 99726 
203280 95187 103064 97003 
203281 98981 102390 101686 
203282 98635 102270 99620 
203283 97901 102241 98116 
203284 96555 102175 96552 
203285 101558 102721 5266 
203286 97158 102170 96558 
203287 98999 102984 101515 
203288 96573 103078 96575 
203289 99630 102487 101942 
203290 94977 102313 98104 
203291 98660 102530 98662 
203292 95862 102428 96194 
203293 98365 102412 98769 
203294 99350 102270 98633 
203295 100551 103186 100553 
203296 96895 102228 97477 
203297 100155 102237 99725 
203298 100883 103374 99441 
203299 102196 102542 99473 
203300 96015 103578 96122 
203301 103105 103317 101429 
203302 95609 102722 95610 
203303 96315 102151 97984 
203304 101199 103289 101198 
203305 100377 103467 101827 
203306 97024 102696 97048 
203307 99357 102108 99537 
203308 96377 102338 96374 
203309 102473 102730 95522 
203310 99645 102158 98172 
203311 96896 102228 96893 
203312 101945 102489 101193 
203313 95313 102163 95316 
203314 95844 102277 95776 
203315 100747 102268 100744 
203316 99723 102237 99928 
203317 97114 102140 96270 
203318 99256 102350 101780 
203319 96533 102351 97233 
203320 94955 102236 94949 
203321 94849 102505 95525 
203322 99095 103191 99871 
203323 97225 102328 97794 
203324 97124 102163 95311 
203325 96304 102438 96305 
203326 97963 102343 98646 
203327 98304 102241 97901 
203328 99978 102259 100262 
203329 99614 103918 100097 
203330 102661 102818 99636 
203331 99242 103015 98925 
203332 100217 103830 102152 
203333 97443 102174 96299 
203334 99855 102247 100155 
203335 97494 103882 101333 
203336 98852 102154 96721 
203337 97735 102345 97741 
203338 96389 102703 96390 
203339 102238 103480 97764 
203340 99850 103127 99851 
203341 95308 102166 97124 
203342 99362 102515 98094 
203343 98575 102110 97698 
203344 97489 102445 97783 
203345 96951 102475 96948 
203346 96280 102141 96439 
203347 100039 102241 98304 
203348 97063 102431 95414 
203349 97789 102193 97242 
203350 96162 102328 97225 
203351 96272 102140 96275 
203352 96804 103938 101518 
203353 97388 102271 98895 
203354 98858 102231 96326 
203355 99494 102830 101376 
203356 95112 102347 98842 
203357 99700 102545 99698 
203358 100097 104054 103797 
203359 95335 102443 95337 
203360 94760 102278 94747 
203361 100780 104027 97111 
203362 103419 103673 100897 
203363 99345 103085 100178 
203364 98154 102287 100310 
203365 96730 102193 101887 
203366 99815 102202 98765 
203367 100381 102356 97805 
203368 101396 103194 99246 
203369 94759 102260 94737 
203370 101615 104065 94520 
203371 98704 102281 99865 
203372 97349 102230 96576 
203373 98215 103558 99800 
203374 98767 102202 99551 
203375 101824 102707 98584 
203376 97114 102635 102140 
203377 98831 102517 98833 
203378 100238 103003 98886 
203379 97700 102920 97210 
203380 100022 102253 98054 
203381 102468 103955 99936 
203382 102113 102518 98223 
203383 95329 102196 95332 
203384 98005 102817 100454 
203385 5325 102639 94544 
203386 97790 102253 98124 
203387 97574 102264 97570 
203388 97242 102193 96734 
203389 101439 103273 101440 
203390 99970 102370 98862 
203391 96615 102344 96613 
203392 94495 102639 5324 
203393 97805 102356 97804 
203394 94687 102122 102038 
203395 94735 102260 97305 
203396 95556 102192 94966 
203397 95275 102055 99116 
203398 95264 102002 98770 
203399 97715 102172 98542 
203400 97767 102398 94608 
203401 94749 102279 94760 
203402 98861 102414 98863 
203403 101910 102434 96495 
203404 96287 102361 97221 
203405 94467 102474 5086 
203406 98849 102043 96707 
203407 97400 102279 94752 
203408 103549 103694 98456 
203409 94573 102585 101391 
203410 97137 102349 94662 
203411 97746 102284 98227 
203412 100832 103290 101106 
203413 94745 102278 97290 
203414 103772 104076 98088 
203415 94951 102236 102183 
203416 101020 103254 101018 
203417 99389 102754 99391 
203418 101492 102784 95637 
203419 100186 102233 98583 
203420 96631 102340 96629 
203421 101051 103094 101053 
203422 99699 103099 99701 
203423 100498 103696 102486 
203424 96816 102661 101768 
203425 97350 102620 99472 
203426 100589 103356 98229 
203427 94670 102296 94932 
203428 98054 102253 97790 
203429 97138 102341 94644 
203430 95012 102303 95000 
203431 98876 102256 97334 
203432 96140 102289 97405 
203433 95258 102018 98847 
203434 101193 102489 101195 
203435 96627 102352 96625 
203436 96522 102436 96110 
203437 99994 102336 98555 
203438 98077 102528 98494 
203439 99298 103417 98392 
203440 5250 102657 94440 
203441 96340 102208 96329 
203442 94988 102313 94977 
203443 99213 103304 103209 
203444 101787 102691 97810 
203445 98899 102233 99885 
203446 99360 102439 99361 
203447 97380 102212 96319 
203448 97191 102274 97596 
203449 101461 102873 101653 
203450 99164 102295 99168 
203451 101003 104041 101002 
203452 101486 102422 99261 
203453 98916 102172 97882 
203454 102404 102789 99010 
203455 98435 103776 100209 
203456 5356 102513 5357 
203457 97023 103204 97020 
203458 94964 102192 97209 
203459 99315 102319 97167 
203460 96321 102231 97380 
203461 98990 102520 98988 
203462 97800 102556 97289 
203463 100391 102295 99162 
203464 98859 102370 98860 
203465 96326 102231 96323 
203466 95395 102280 95519 
203467 94642 102341 94975 
203468 96008 102647 96009 
203469 100029 102399 100485 
203470 96639 102358 96637 
203471 97214 102943 97920 
203472 95007 102369 94632 
203473 97156 102365 94636 
203474 100607 103280 100609 
203475 100698 102417 100701 
203476 95840 102447 95842 
203477 94715 102551 94713 
203478 100280 102323 98787 
203479 94660 102349 94893 
203480 102129 102589 101445 
203481 98461 102418 100073 
203482 101930 102448 96509 
203483 97247 102242 97538 
203484 96574 102454 96572 
203485 96439 102141 97788 
203486 97166 102280 95365 
203487 98555 102336 99645 
203488 98124 102253 99482 
203489 98010 102445 97489 
203490 97157 102368 94628 
203491 94601 102489 101945 
203492 96110 102436 96106 
203493 101014 103760 98260 
203494 95940 102679 95941 
203495 94976 102459 94643 
203496 98071 102316 97851 
203497 97392 102317 97211 
203498 101916 102653 95436 
203499 96934 102310 97550 
203500 97585 103002 101546 
203501 96495 102434 101727 
203502 95436 102653 95433 
203503 99606 103687 102749 
203504 96117 102526 95865 
203505 97581 102503 98007 
203506 101553 103400 99812 
203507 96148 102294 97377 
203508 99248 103194 99548 
203509 95860 102318 95800 
203510 98978 102252 99257 
203511 100424 102255 98984 
203512 100046 102252 98980 
203513 98982 102255 100046 
203514 98723 102494 101987 
203515 95367 102315 97755 
203516 99257 102254 98976 
203517 97254 102242 97249 
203518 97402 102300 96593 
203519 100251 103017 95009 
203520 97251 102256 97254 
203521 99481 101998 98569 
203522 101108 103914 94975 
203523 99151 102503 97689 
203524 94908 103319 94696 
203525 99292 102536 98908 
203526 102981 103104 98576 
203527 101833 102679 95940 
203528 98016 102310 96449 
203529 96590 102300 97269 
203530 98908 102645 101609 
203531 97182 102426 96635 
203532 97367 102283 96372 
203533 100303 104073 94531 
203534 96275 102140 98864 
203535 99875 102890 99169 
203536 98303 102297 99546 
203537 96775 102986 100761 
203538 101341 102691 101787 
203539 101691 102939 101689 
203540 99477 102204 98339 
203541 97542 102892 101226 
203542 101735 102372 99789 
203543 100783 102508 100784 
203544 97628 104005 99920 
203545 101101 103081 101098 
203546 96827 102723 96829 
203547 96231 103911 101176 
203548 102938 103017 100251 
203549 94634 102365 95007 
203550 102138 102247 99857 
203551 101559 103452 99522 
203552 96376 102273 96352 
203553 95503 102326 95390 
203554 96263 102095 97176 
203555 98376 102646 98374 
203556 102702 103013 99818 
203557 100779 104027 100778 
203558 99353 102246 97410 
203559 94644 102341 94642 
203560 98738 102425 98740 
203561 96297 102320 98761 
203562 97334 102256 97253 
203563 94451 102625 101416 
203564 96735 102358 96639 
203565 99697 103114 99699 
203566 95582 102333 95511 
203567 96350 102273 97165 
203568 94526 102966 5055 
203569 94630 102369 97157 
203570 94626 102368 95388 
203571 101107 102297 98356 
203572 100301 103411 96497 
203573 96002 101969 97172 
203574 98741 102321 99564 
203575 97846 102334 98857 
203576 5050 102768 5051 
203577 95134 102462 95136 
203578 96175 102057 97781 
203579 96738 102352 96627 
203580 96629 102340 96738 
203581 99627 102446 101618 
203582 98739 102325 97799 
203583 96354 102282 96376 
203584 97206 102711 99508 
203585 95829 102305 96027 
203586 94698 103319 96392 
203587 102034 102335 97649 
203588 97169 102282 96356 
203589 101746 103392 96438 
203590 97274 102833 102601 
203591 97699 102853 98621 
203592 95485 102473 95483 
203593 96745 102344 96615 
203594 100882 102483 100869 
203595 98390 103316 99298 
203596 101312 103103 100929 
203597 100526 103635 101443 
203598 102522 103250 97518 
203599 94662 102349 94660 
203600 95152 102383 95154 
203601 95986 102367 97102 
203602 96212 102346 97189 
203603 100813 102522 97518 
203604 98853 102305 95827 
203605 97738 102345 97735 
203606 97598 102262 98144 
203607 99086 102783 97880 
203608 98165 102329 97751 
203609 101817 102346 96210 
203610 95293 103208 101528 
203611 96201 102328 96162 
203612 95714 102578 95712 
203613 99230 103361 99422 
203614 99525 102458 99527 
203615 100403 102455 100404 
203616 98356 102297 98303 
203617 95782 102831 95783 
203618 95119 102347 95112 
203619 98719 102613 101969 
203620 97909 102990 102840 
203621 101900 102443 95335 
203622 95008 102552 102198 
203623 98067 102248 97654 
203624 95554 102988 102815 
203625 100356 103344 99748 
203626 99317 102460 99316 
203627 98316 102339 97965 
203628 96637 102358 97182 
203629 102191 103314 99291 
203630 97495 102334 97846 
203631 95144 102388 95146 
203632 96613 102344 97175 
203633 96535 102351 96533 
203634 95836 102286 95838 
203635 99482 103062 99078 
203636 99295 102518 102113 
203637 94632 102369 94630 
203638 97168 102286 96017 
203639 94628 102368 94626 
203640 96625 102352 97177 
203641 94636 102365 94634 
203642 101973 102464 97042 
203643 97649 102335 97186 
203644 101455 103346 96312 
203645 98844 102343 97963 
203646 98958 102559 98957 
203647 95888 102384 95890 
203648 99427 102849 99513 
203649 102263 103924 100544 
203650 97404 102248 101551 
203651 96485 102481 101962 
203652 97186 102335 97859 
203653 96368 102322 97423 
203654 102014 102473 95485 
203655 96317 102212 102151 
203656 96295 102361 96287 
203657 96499 102478 101963 
203658 98171 102334 97495 
203659 97351 102329 101748 
203660 95410 102479 95407 
203661 99007 102339 99940 
203662 96572 102454 97262 
203663 95854 103682 100281 
203664 97965 102339 99007 
203665 94457 103016 5071 
203666 99547 102869 102725 
203667 97018 103204 99324 
203668 97606 102597 97604 
203669 95760 102654 101542 
203670 99641 102334 98171 
203671 98180 102437 101348 
203672 97685 102338 96377 
203673 100940 102547 100939 
203674 98883 102593 102461 
203675 100608 102332 101214 
203676 95908 102385 95910 
203677 98341 102204 99803 
203678 98751 102543 101946 
203679 97163 103002 97585 
203680 98602 102037 99824 
203681 95138 102331 95562 
203682 5310 102554 5311 
203683 99356 103538 99861 
203684 97411 103881 103607 
203685 97859 102335 99475 
203686 5433 103058 94575 
203687 95351 102604 95353 
203688 96374 102338 97367 
203689 101952 102496 95477 
203690 96509 102448 101766 
203691 99401 103268 100268 
203692 95337 102443 95563 
203693 97942 102364 97507 
203694 96813 102661 96816 
203695 94627 102469 94629 
203696 97804 102356 97807 
203697 98623 102434 101910 
203698 98883 102461 102156 
203699 99229 102525 101997 
203700 98760 102539 101999 
203701 94794 102712 94791 
203702 99176 102558 95135 
203703 102140 102635 98864 
203704 95310 103442 100868 
203705 98658 102342 100343 
203706 97757 102730 97910 
203707 98254 103213 103075 
203708 99589 102909 98420 
203709 101902 102492 101786 
203710 95637 102784 95638 
203711 5267 102721 94496 
203712 102295 102380 99168 
203713 98006 102312 97616 
203714 98836 102517 100183 
203715 97656 102588 97016 
203716 95477 102496 95475 
203717 97614 102312 98955 
203718 97618 102323 98006 
203719 97980 102307 97602 
203720 101729 102569 97153 
203721 99846 103903 101390 
203722 94555 103028 101291 
203723 97610 102314 98181 
203724 98519 102337 98516 
203725 98955 102314 97612 
203726 96547 102498 96550 
203727 5072 103016 94597 
203728 98787 102323 97620 
203729 98520 102337 98527 
203730 101990 102492 95446 
203731 95692 102663 95758 
203732 97689 102503 97581 
203733 102319 102609 96172 
203734 99665 102707 98065 
203735 98539 102856 98627 
203736 98423 102733 98422 
203737 99752 102248 98067 
203738 95630 103737 100423 
203739 98749 102541 101931 
203740 99527 102458 100105 
203741 96300 102636 96128 
203742 97770 102540 97313 
203743 99881 103858 99628 
203744 98862 102370 98859 
203745 97274 102601 96276 
203746 102002 102561 98770 
203747 96312 103479 101255 
203748 103095 103259 99705 
203749 98093 102515 98137 
203750 96580 103867 100183 
203751 5015 102880 101861 
203752 94623 103606 101523 
203753 100821 103726 100822 
203754 96662 102735 102617 
203755 100292 102389 98551 
203756 96549 102498 96547 
203757 102461 102593 94479 
203758 98448 103342 101759 
203759 101496 103458 97450 
203760 95920 102400 95922 
203761 99791 102372 99899 
203762 100095 102450 98735 
203763 99586 102463 98848 
203764 96074 102579 96109 
203765 99784 102715 99781 
203766 96058 102619 96142 
203767 95304 102533 95309 
203768 99425 103359 99426 
203769 95535 102600 95376 
203770 98444 102396 99156 
203771 100896 103443 100897 
203772 96105 102577 96078 
203773 101679 102400 95920 
203774 97042 102464 98773 
203775 99532 103514 100861 
203776 101682 102846 96513 
203777 94669 103133 94672 
203778 98551 102389 98549 
203779 98601 103118 99011 
203780 100029 102753 102399 
203781 101835 102458 99525 
203782 99359 102516 99358 
203783 94692 102563 94694 
203784 99842 103601 103086 
203785 97710 102507 98905 
203786 95154 102383 95552 
203787 101106 103264 100830 
203788 98636 102448 101930 
203789 97841 103379 97526 
203790 95128 102377 97171 
203791 97988 102728 97989 
203792 101175 104018 101174 
203793 98463 102697 101357 
203794 95597 103442 95312 
203795 101727 102478 96499 
203796 96955 102449 97720 
203797 98549 102389 101107 
203798 102141 102601 99461 
203799 96790 103235 101503 
203800 98632 102464 101973 
203801 95020 102501 98718 
203802 100852 103801 100851 
203803 96187 102512 96029 
203804 96233 102588 102289 
203805 103387 103553 99323 
203806 98463 102630 98298 
203807 95852 102626 96206 
203808 96712 103134 96715 
203809 101131 103301 96501 
203810 99215 102943 96520 
203811 96802 102504 102026 
203812 102016 102506 94810 
203813 94432 102954 101442 
203814 95146 102388 95553 
203815 97084 102535 102164 
203816 99102 102521 99103 
203817 99006 102785 97303 
203818 100257 103472 99457 
203819 94479 102593 101707 
203820 98697 102594 98695 
203821 101257 103503 99542 
203822 98907 103692 99822 
203823 94851 102505 94849 
203824 96964 102847 96965 
203825 96958 102456 100099 
203826 101903 102383 95152 
203827 98170 103008 99639 
203828 99312 103188 99314 
203829 102283 102322 96370 
203830 101177 103728 100661 
203831 102230 102454 96574 
203832 95401 102462 95134 
203833 98941 103154 101394 
203834 98843 102477 98845 
203835 100461 103206 99969 
203836 95916 102484 101679 
203837 95863 102526 102428 
203838 98648 102658 100079 
203839 99988 104065 101615 
203840 95046 102638 95106 
203841 95762 102542 95325 
203842 103625 103638 96676 
203843 101360 103096 98937 
203844 99529 102848 99530 
203845 98094 102515 98093 
203846 95865 102526 95863 
203847 101309 102527 98985 
203848 100302 103077 100368 
203849 98434 103415 98435 
203850 95374 102600 102315 
203851 100940 102069 102064 
203852 98968 102670 98966 
203853 103854 103911 100925 
203854 100391 103251 97023 
203855 98841 102622 98839 
203856 101658 102493 98689 
203857 100518 103800 96030 
203858 102198 102552 98737 
203859 97089 103954 100275 
203860 97600 102307 102262 
203861 95302 102533 95304 
203862 97153 102569 96887 
203863 94504 102775 5339 
203864 101892 102388 95144 
203865 96168 102595 94612 
203866 101895 102481 96485 
203867 102944 103062 99482 
203868 97021 102586 97025 
203869 99485 103482 100534 
203870 101062 103767 103510 
203871 97398 103351 96834 
203872 102033 102537 94820 
203873 95910 102385 97178 
203874 101812 102608 98090 
203875 97221 102642 96203 
203876 97138 103312 101308 
203877 99474 102537 102033 
203878 94455 102576 5080 
203879 96388 103716 100157 
203880 101143 104039 99581 
203881 101405 103929 102920 
203882 5430 102641 5431 
203883 94788 103624 101494 
203884 94538 102898 101412 
203885 97938 102812 97939 
203886 95922 102400 96181 
203887 97122 102638 95048 
203888 96284 102385 95908 
203889 97052 102611 95300 
203890 94769 102467 94765 
203891 95415 103307 95418 
203892 99553 104077 103988 
203893 95890 102384 97181 
203894 99731 102599 98644 
203895 5157 102650 5158 
203896 97642 102923 97231 
203897 102152 103913 99653 
203898 96960 102468 99936 
203899 98440 103626 98927 
203900 100826 103912 103564 
203901 5205 102514 94465 
203902 103475 103996 102011 
203903 103172 103208 99728 
203904 99531 102548 99524 
203905 98880 102491 98882 
203906 97832 102476 97133 
203907 96294 102384 95888 
203908 101507 102976 102229 
203909 100340 103528 100336 
203910 99056 102805 99057 
203911 103059 103565 99188 
203912 98753 102586 97019 
203913 97895 103900 97894 
203914 102173 102507 97344 
203915 102029 102550 94772 
203916 101162 102555 94582 
203917 102816 103927 98906 
203918 95807 103025 101132 
203919 102164 102535 99299 
203920 96271 103795 97217 
203921 97344 102507 97710 
203922 97198 103981 96261 
203923 100752 102587 100749 
203924 98367 104001 103968 
203925 98249 102570 102271 
203926 94496 102959 101577 
203927 96388 103506 94684 
203928 101494 103862 94792 
203929 102036 102608 101804 
203930 98377 102592 100592 
203931 99829 102396 98444 
203932 100746 102587 100747 
203933 94610 102595 97767 
203934 99925 103423 103177 
203935 101963 102478 98666 
203936 99167 102890 99758 
203937 102175 102498 96549 
203938 95325 102542 95327 
203939 98619 102481 101895 
203940 100623 102681 100624 
203941 100594 103193 97129 
203942 101894 102602 97563 
203943 101538 103960 99503 
203944 102165 102505 94851 
203945 98373 102591 98377 
203946 101215 103840 101164 
203947 103304 103454 101366 
203948 99449 103817 101512 
203949 100910 102612 98944 
203950 102075 102556 99354 
203951 98912 102492 101990 
203952 99987 103458 103400 
203953 96114 102669 96062 
203954 96513 102846 96514 
203955 95567 102607 95336 
203956 102591 102592 98377 
203957 99590 103641 100890 
203958 99387 102575 99389 
203959 101514 103546 95430 
203960 94473 103183 101611 
203961 102043 102652 97152 
203962 5322 103656 102799 
203963 101261 103073 99136 
203964 100454 102817 100455 
203965 95573 103542 95320 
203966 96542 102879 101711 
203967 101379 103268 99399 
203968 98500 102700 98502 
203969 99587 102471 98698 
203970 99800 103432 103310 
203971 95867 102713 96117 
203972 101049 103690 94522 
203973 99405 103399 100189 
203974 101962 102481 99440 
203975 100425 103365 99472 
203976 95750 103682 95854 
203977 98800 102606 98802 
203978 95123 102748 95101 
203979 96798 102912 101655 
203980 94686 103506 94904 
203981 102960 104023 99550 
203982 99980 103855 100484 
203983 101886 102632 101313 
203984 98889 102565 100279 
203985 99955 102549 99559 
203986 101772 102504 96802 
203987 5187 102603 5188 
203988 99474 102813 102537 
203989 96346 102574 96379 
203990 97051 102494 98080 
203991 96070 102684 97118 
203992 98627 102484 101920 
203993 100566 102881 99850 
203994 96283 103758 100232 
203995 95636 103237 95635 
203996 97903 103939 97468 
203997 103633 103791 99601 
203998 98492 103151 98072 
203999 99840 103689 102678 
204000 100285 103497 100828 
204001 95758 102682 95691 
204002 94869 103014 101241 
204003 101920 102484 95916 
204004 96109 102684 96072 
204005 102209 102702 98778 
204006 97165 102574 96348 
204007 97328 102487 99355 
204008 96815 103180 96814 
204009 94470 103058 5432 
204010 94583 103192 5186 
204011 99559 102675 99240 
204012 97407 102541 98031 
204013 99414 103576 99419 
204014 94525 103108 5029 
204015 5112 103531 94535 
204016 101688 103218 99154 
204017 95136 102462 102331 
204018 102079 102589 97690 
204019 98755 102618 98757 
204020 94810 102506 101753 
204021 96331 102616 96340 
204022 101409 103074 102923 
204023 94434 102999 101564 
204024 94464 102548 101599 
204025 95291 102529 101866 
204026 98137 102546 99642 
204027 102174 102512 96187 
204028 100681 102795 100680 
204029 102965 103123 99609 
204030 100492 104074 94516 
204031 101367 103022 96517 
204032 95274 103199 95273 
204033 5081 102945 5082 
204034 99662 103316 103212 
204035 101567 102486 94439 
204036 95357 102631 95355 
204037 96438 103392 94744 
204038 102839 103024 101362 
204039 95446 102492 101902 
204040 102107 102700 98500 
204041 99050 103006 99486 
204042 5056 102966 101842 
204043 99862 103030 98105 
204044 101440 103935 96154 
204045 95559 102497 94699 
204046 97079 102556 102075 
204047 95369 103162 95131 
204048 99422 102580 98724 
204049 99073 102502 98750 
204050 98697 102821 102594 
204051 102026 102504 98668 
204052 101719 103709 94594 
204053 102184 102634 102185 
204054 99182 102765 97852 
204055 101665 103810 103561 
204056 98764 102633 98762 
204057 102127 102773 97761 
204058 102289 102588 101924 
204059 98282 102651 100876 
204060 97160 102616 96333 
204061 95358 102631 97166 
204062 101684 103133 94667 
204063 102057 102636 99459 
204064 100268 103399 99403 
204065 99026 102833 98865 
204066 94727 102769 94725 
204067 101996 102663 95694 
204068 97691 102621 102302 
204069 99765 104012 99761 
204070 96662 102617 101275 
204071 97537 102524 97944 
204072 100052 102544 101964 
204073 99494 103034 102830 
204074 98228 102759 97800 
204075 98300 102519 97758 
204076 97563 102602 102019 
204077 98579 103155 98167 
204078 100763 103415 98641 
204079 5324 102639 5325 
204080 101866 102529 98650 
204081 102019 102602 100180 
204082 99808 103818 98045 
204083 95327 102542 102196 
204084 5297 102857 94550 
204085 99458 102674 98894 
204086 95612 102980 95571 
204087 102947 103092 100772 
204088 99197 102567 100831 
204089 99193 102523 99195 
204090 94508 102857 5296 
204091 96891 102668 96896 
204092 99392 104060 103048 
204093 101590 102954 5305 
204094 100886 103979 94759 
204095 95220 102564 102115 
204096 96030 103800 95905 
204097 97309 103047 97030 
204098 96064 102729 96114 
204099 102293 102534 99154 
204100 94960 102958 101534 
204101 98676 102506 102016 
204102 101960 102537 98626 
204103 98594 103335 98604 
204104 96560 102656 97158 
204105 98024 102644 99199 
204106 99835 103444 101068 
204107 98090 102608 102036 
204108 96736 102656 96562 
204109 101298 102883 95388 
204110 95599 102560 95602 
204111 98223 102518 99079 
204112 98642 102584 96428 
204113 95734 102654 95760 
204114 102271 102570 98895 
204115 96897 102634 102184 
204116 101722 102623 99092 
204117 95632 102701 94618 
204118 97358 102543 98768 
204119 101659 102792 98677 
204120 101605 104044 101324 
204121 98226 103324 100277 
204122 96076 102579 96074 
204123 102315 102600 99423 
204124 102132 102571 97086 
204125 97118 102731 96068 
204126 96078 102577 96076 
204127 97660 103843 98062 
204128 96903 102889 101571 
204129 98126 102572 101891 
204130 96348 102574 96346 
204131 102537 102813 98626 
204132 96887 102569 96889 
204133 100148 103647 100147 
204134 99760 103070 98195 
204135 98833 102517 98836 
204136 96172 102609 96170 
204137 99418 102711 102496 
204138 96198 102745 96160 
204139 95330 104055 95328 
204140 97890 102695 97889 
204141 101969 102613 97172 
204142 96211 102643 96303 
204143 98557 103323 98556 
204144 97114 102874 101629 
204145 100786 102700 102107 
204146 95651 102573 95655 
204147 94457 103567 100366 
204148 99094 102862 98954 
204149 94471 103176 101181 
204150 95849 103448 94986 
204151 103221 103544 97890 
204152 97651 103431 97918 
204153 101183 103522 94538 
204154 97539 103711 100847 
204155 97909 102840 97816 
204156 95184 102583 102153 
204157 98644 102599 98642 
204158 99014 102571 98734 
204159 99637 103962 102195 
204160 101794 102717 98728 
204161 94611 103270 94613 
204162 100101 102950 100102 
204163 101917 102605 101352 
204164 101409 102923 99426 
204165 5406 103469 5407 
204166 99208 103886 100426 
204167 94493 102913 5194 
204168 96652 102605 101917 
204169 100011 103798 101311 
204170 94524 103279 100615 
204171 94726 102640 94728 
204172 97478 103562 101779 
204173 94564 102538 5208 
204174 99709 103492 99712 
204175 99606 102539 98760 
204176 100533 103477 101205 
204177 102148 102568 95992 
204178 96794 103090 101294 
204179 102371 102683 97316 
204180 101292 103543 97374 
204181 102157 103703 99890 
204182 96278 102601 102141 
204183 98975 102655 98977 
204184 97833 102772 99504 
204185 5249 102657 5250 
204186 97162 103516 100248 
204187 97690 102589 102129 
204188 99209 102520 98990 
204189 99965 102545 99700 
204190 98544 102694 102188 
204191 102779 103011 99539 
204192 5195 102913 101554 
204193 94614 102706 96168 
204194 97019 102586 97021 
204195 96969 102525 99072 
204196 102143 102580 97287 
204197 98849 102652 102043 
204198 102415 102763 101745 
204199 102476 103551 99757 
204200 94713 102551 95561 
204201 102328 102642 99442 
204202 99703 103095 99705 
204203 99003 102582 102258 
204204 96130 102636 102057 
204205 101701 102987 96307 
204206 101390 103903 94572 
204207 95300 102611 95302 
204208 101762 102885 102437 
204209 96276 102601 96278 
204210 100034 103658 99799 
204211 99458 102878 102674 
204212 102394 102815 100619 
204213 100163 104000 96750 
204214 100054 103602 99483 
204215 94453 103738 101847 
204216 99008 103149 102925 
204217 94772 102550 101922 
204218 96060 102619 96058 
204219 98734 102571 102132 
204220 102998 103209 100409 
204221 98273 102697 98463 
204222 96428 102624 96420 
204223 5115 103183 94473 
204224 103597 104075 94436 
204225 98212 102615 101905 
204226 98727 102598 101921 
204227 103047 103196 100801 
204228 99749 103585 100356 
204229 100276 102572 98126 
204230 95021 102552 95008 
204231 99315 102609 102319 
204232 102399 102753 94565 
204233 98924 102541 98749 
204234 99602 102543 98751 
204235 97697 102535 97084 
204236 100749 102587 100746 
204237 96832 103916 96830 
204238 98289 103666 100367 
204239 102376 102699 99041 
204240 103049 103912 100824 
204241 100327 102934 100328 
204242 94759 104032 100886 
204243 96498 103301 96497 
204244 96333 102616 96331 
204245 5329 103086 5330 
204246 100189 103483 99412 
204247 102400 102726 99886 
204248 94500 103372 100845 
204249 98850 102593 98883 
204250 100757 103349 94545 
204251 101676 102845 94864 
204252 102431 102910 95410 
204253 98014 102714 98948 
204254 97304 102539 98752 
204255 100293 102582 99003 
204256 99286 102561 97012 
204257 97441 102664 96246 
204258 101770 103034 99494 
204259 97108 102850 97359 
204260 101752 102564 95220 
204261 98965 102671 98967 
204262 95554 102815 95534 
204263 98102 103984 99888 
204264 101974 103165 98717 
204265 5378 102940 94475 
204266 100416 103253 95399 
204267 97289 102556 97079 
204268 95656 102998 100409 
204269 5076 103033 5077 
204270 102541 102778 98031 
204271 101702 103157 97975 
204272 99488 102734 98846 
204273 102492 102820 101786 
204274 101466 103219 101467 
204275 96943 102806 99138 
204276 94672 103590 94674 
204277 100770 103572 100771 
204278 101411 102961 94518 
204279 102210 102610 97095 
204280 98108 103076 98284 
204281 99793 103464 100952 
204282 97717 103013 102702 
204283 101549 102663 101996 
204284 99492 103637 101777 
204285 101457 102589 102079 
204286 95048 102638 95046 
204287 101826 102550 102029 
204288 96907 102685 96909 
204289 97319 102946 96947 
204290 100884 103277 100883 
204291 101922 102550 98956 
204292 5276 102937 94549 
204293 95815 103091 102991 
204294 100753 102596 100752 
204295 100084 102752 98560 
204296 99421 102730 102473 
204297 5392 102667 101161 
204298 102302 102621 98892 
204299 97101 103746 100770 
204300 101042 102710 98405 
204301 101641 102674 96970 
204302 94553 102940 5377 
204303 95956 102627 102224 
204304 94507 102937 5275 
204305 102447 102626 95842 
204306 98367 103968 98112 
204307 5306 102954 94432 
204308 95361 102766 95319 
204309 101125 102704 98399 
204310 5143 102637 94481 
204311 101337 102662 100907 
204312 100565 103675 99353 
204313 102636 102785 99459 
204314 95297 102686 95294 
204315 95050 102796 97122 
204316 95355 102631 95358 
204317 100737 103874 100697 
204318 97858 103212 96763 
204319 99217 102793 98121 
204320 99983 103004 99984 
204321 98298 102630 99607 
204322 94612 102595 94610 
204323 100999 103471 101384 
204324 98724 102580 102143 
204325 96674 102993 101755 
204326 96128 102636 96130 
204327 102084 102690 96660 
204328 95100 102796 95052 
204329 96670 102648 101937 
204330 101132 103025 100456 
204331 96795 102912 96798 
204332 101061 103941 94583 
204333 99800 103310 99801 
204334 98832 102689 98830 
204335 99465 103420 98779 
204336 96035 103490 96032 
204337 102001 102566 101883 
204338 96037 102935 96038 
204339 94736 103487 94738 
204340 99049 102628 102401 
204341 102538 103739 100878 
204342 96949 102806 96945 
204343 98780 102680 98782 
204344 95842 102626 95852 
204345 5075 103057 5076 
204346 101937 102648 101430 
204347 100369 103062 96654 
204348 99267 102719 99268 
204349 94552 103980 100540 
204350 100540 103980 94509 
204351 94820 102537 101960 
204352 99218 102743 98914 
204353 100793 102716 100795 
204354 95944 102679 97103 
204355 96526 103314 102191 
204356 102216 102620 97097 
204357 98900 103890 101872 
204358 102979 103698 99511 
204359 99156 102490 102127 
204360 97944 102952 97945 
204361 98770 102561 100032 
204362 98655 104043 99292 
204363 96358 102727 97169 
204364 99211 103431 100111 
204365 100513 103381 101586 
204366 102283 102500 102322 
204367 102000 102683 102371 
204368 101606 102948 101627 
204369 99776 103082 99110 
204370 94593 102884 101695 
204371 99916 102672 100841 
204372 100755 104032 103164 
204373 99445 102941 98838 
204374 102525 103326 103138 
204375 99912 103796 98430 
204376 96545 102879 96542 
204377 98795 102687 98797 
204378 102086 102529 95291 
204379 102223 102623 97266 
204380 97028 103047 97213 
204381 102177 102750 98904 
204382 99102 103963 102521 
204383 98912 102820 102492 
204384 96086 102828 96108 
204385 96289 102874 96266 
204386 101483 102741 98654 
204387 96335 102755 97160 
204388 5435 103386 94480 
204389 96379 102751 96344 
204390 97523 102906 99259 
204391 97717 102702 101775 
204392 98103 102792 99779 
204393 98288 103309 99596 
204394 95886 102705 96294 
204395 95214 104071 95211 
204396 102115 102564 98699 
204397 101959 102665 95240 
204398 102076 102674 101641 
204399 100378 102615 98212 
204400 99330 102610 102210 
204401 96378 102755 96337 
204402 102552 102748 100038 
204403 98947 102724 99600 
204404 99122 103866 99981 
204405 97139 102827 95097 
204406 100585 103836 100170 
204407 99239 102675 100372 
204408 101927 102852 97316 
204409 95992 102568 102217 
204410 101837 102705 95884 
204411 5384 103160 5385 
204412 98622 102557 102049 
204413 101757 102605 96652 
204414 98217 102889 96903 
204415 97800 102759 102556 
204416 97861 102719 102553 
204417 101951 102583 95184 
204418 99463 102831 102512 
204419 98924 102778 102541 
204420 100957 102746 98346 
204421 101395 102665 101959 
204422 97086 102571 97694 
204423 98995 103940 100124 
204424 98677 102792 98022 
204425 101333 103882 99750 
204426 99366 102708 99368 
204427 95094 102827 95386 
204428 98992 102760 99209 
204429 96201 102642 102328 
204430 94477 102614 101386 
204431 101088 103297 100453 
204432 97016 102588 96233 
204433 101054 103318 103231 
204434 102142 103125 101455 
204435 96339 102770 96378 
204436 95433 102653 95432 
204437 94679 102590 95523 
204438 98895 102570 102299 
204439 97192 103997 101781 
204440 101031 103907 101032 
204441 99953 104069 103466 
204442 97135 103764 101880 
204443 98006 103552 102859 
204444 95903 103800 96971 
204445 99545 102568 102148 
204446 102874 103046 101629 
204447 101818 102629 5132 
204448 98034 102728 99604 
204449 98937 102678 97658 
204450 100469 103814 101595 
204451 95563 102761 95339 
204452 95689 102654 95734 
204453 98645 102583 101951 
204454 95712 102578 96135 
204455 99513 102969 99130 
204456 97316 102852 97207 
204457 94574 102659 5438 
204458 94746 103556 94748 
204459 99260 102644 98024 
204460 97951 102693 99258 
204461 97257 102553 101898 
204462 96517 103022 96518 
204463 95376 102600 95374 
204464 98427 102992 98426 
204465 101897 102581 98788 
204466 96881 102835 96897 
204467 101627 102948 100550 
204468 97811 102838 99315 
204469 102494 102694 99506 
204470 97287 102580 97839 
204471 94461 103359 101068 
204472 96562 102656 96560 
204473 95871 102882 97126 
204474 98514 102758 98519 
204475 98746 102620 102216 
204476 95323 102803 95762 
204477 101840 104034 103228 
204478 95212 103275 101184 
204479 95694 102663 95692 
204480 100003 103234 99173 
204481 98518 102758 98512 
204482 101906 102699 102376 
204483 98894 102674 102076 
204484 95353 102604 95357 
204485 101125 102819 102566 
204486 101775 102702 102209 
204487 98661 102787 98664 
204488 101551 102757 100600 
204489 96758 103677 96189 
204490 98245 103900 99842 
204491 94790 102997 94787 
204492 95302 102611 102533 
204493 96062 102669 96060 
204494 101805 103100 102818 
204495 99042 102777 98382 
204496 96206 102882 95855 
204497 96675 102993 96674 
204498 102577 102579 96076 
204499 101651 104036 98213 
204500 96777 102986 96775 
204501 102180 102946 97319 
204502 100108 103875 99722 
204503 100591 102949 99512 
204504 99092 102623 102223 
204505 100180 102602 100383 
204506 102594 102821 98936 
204507 95388 102883 94624 
204508 99670 102739 99671 
204509 5010 103390 94540 
204510 5266 102721 5267 
204511 96812 102661 96813 
204512 95535 102801 102600 
204513 97083 102594 98936 
204514 102679 102974 97103 
204515 100598 104057 100229 
204516 100867 103496 95432 
204517 97604 102597 97980 
204518 102269 102581 96991 
204519 94771 103484 94774 
204520 101679 102726 102400 
204521 95054 102887 95100 
204522 95343 102832 95360 
204523 96673 103625 96676 
204524 95062 102876 95096 
204525 98380 102646 98376 
204526 94514 102995 5221 
204527 99302 102869 99306 
204528 94535 103329 5113 
204529 95216 103110 101683 
204530 96659 102735 96662 
204531 95532 102815 102394 
204532 101651 103862 99649 
204533 102153 102583 99487 
204534 96936 103889 96935 
204535 97077 102718 95222 
204536 99551 104050 100668 
204537 99959 102970 99038 
204538 101068 103444 5154 
204539 97130 102876 95064 
204540 99060 103027 99061 
204541 100421 102780 101792 
204542 97159 102843 96566 
204543 96564 102843 96736 
204544 100296 103350 99771 
204545 97128 102887 95056 
204546 96009 102647 96014 
204547 99210 103278 99410 
204548 97283 103725 97282 
204549 100413 104065 99989 
204550 98217 103217 102889 
204551 94603 103521 94606 
204552 95434 103486 95435 
204553 96118 102897 96090 
204554 102137 102575 95099 
204555 100235 104075 100234 
204556 98642 102599 102584 
204557 100995 103130 97140 
204558 100158 103776 98435 
204559 97201 102988 95600 
204560 102007 102627 95956 
204561 94916 103167 101106 
204562 95982 102854 102367 
204563 98892 102621 99452 
204564 103334 103857 101135 
204565 94555 103040 5199 
204566 5200 103040 94474 
204567 96381 102829 96362 
204568 98502 102700 98505 
204569 99805 103865 103107 
204570 96072 102684 96070 
204571 97172 102613 97840 
204572 96676 103518 96677 
204573 96889 102668 96891 
204574 99020 103175 101484 
204575 102191 103288 101208 
204576 97152 102566 102001 
204577 101449 102724 98947 
204578 100668 104000 99551 
204579 98784 102924 98781 
204580 102592 102786 100592 
204581 97080 102530 102061 
204582 97095 102610 97504 
204583 99444 103226 101131 
204584 100099 102649 99284 
204585 100395 103970 100587 
204586 96307 102987 96966 
204587 95096 102908 95060 
204588 96191 104067 96133 
204589 98864 102635 98866 
204590 101785 102648 96670 
204591 102483 103364 96139 
204592 99796 103392 101746 
204593 97885 103920 101189 
204594 100805 103246 98217 
204595 96268 102874 97114 
204596 101804 102608 102052 
204597 98035 102965 99609 
204598 95058 102908 97128 
204599 98854 102738 98856 
204600 96203 102642 96201 
204601 99240 102675 99239 
204602 100303 103953 100436 
204603 102681 103871 100624 
204604 102127 102972 102773 
204605 96135 102825 95710 
204606 99273 103384 99665 
204607 98969 102744 98971 
204608 98560 102752 101737 
204609 100916 102632 101886 
204610 97913 102797 98829 
204611 97097 102620 97350 
204612 101954 102763 102415 
204613 100037 102658 98648 
204614 100239 103775 99546 
204615 5341 103063 94427 
204616 103065 103504 94467 
204617 100280 103833 95854 
204618 102584 102624 96428 
204619 96232 103074 97015 
204620 97266 102623 100167 
204621 98625 102779 102434 
204622 101200 103201 97005 
204623 94962 102958 94960 
204624 96497 104019 96494 
204625 95691 102682 97201 
204626 100220 103407 94499 
204627 99199 102692 99626 
204628 95539 103943 95541 
204629 101727 102779 102478 
204630 103988 104077 101105 
204631 5222 102995 102362 
204632 101429 103317 96973 
204633 103784 103894 100112 
204634 97440 103579 98028 
204635 101299 103222 99510 
204636 102248 102757 101551 
204637 102644 102877 99199 
204638 103692 103730 94465 
204639 95809 103025 95807 
204640 99043 102627 102007 
204641 98131 103992 98649 
204642 96108 102547 102064 
204643 102449 102649 98609 
204644 100661 103728 100658 
204645 99822 103692 102514 
204646 99190 102762 99191 
204647 101105 103377 101103 
204648 102601 102833 99461 
204649 101459 103113 95198 
204650 99440 102797 97913 
204651 100140 102720 100505 
204652 102224 102627 101865 
204653 99938 103494 100615 
204654 97687 102981 98576 
204655 102444 103379 99595 
204656 101400 103206 101401 
204657 99172 102901 99174 
204658 98694 102924 101974 
204659 94439 103084 5258 
204660 100002 102653 101916 
204661 98872 102740 99287 
204662 94791 102712 94790 
204663 99565 103716 103157 
204664 101061 103435 99253 
204665 96026 102713 95867 
204666 103273 103627 101440 
204667 97889 102695 98200 
204668 101556 102790 100892 
204669 99500 103045 99868 
204670 99939 102673 99434 
204671 94620 102900 95632 
204672 100565 103580 98079 
204673 5171 103332 94462 
204674 5259 103084 94547 
204675 101805 102818 101939 
204676 101392 103173 94537 
204677 99925 103177 101774 
204678 99547 103012 102869 
204679 96927 102930 96877 
204680 102144 102858 95230 
204681 94430 103463 101065 
204682 99112 103082 99956 
204683 95240 102665 101795 
204684 98788 102581 102269 
204685 96060 102669 102619 
204686 95647 102776 95645 
204687 102674 102878 96970 
204688 5365 103060 94515 
204689 102786 102935 100592 
204690 95941 102679 95944 
204691 99410 103898 102585 
204692 99426 102923 98100 
204693 100776 103812 103412 
204694 97863 103023 98896 
204695 98620 102677 98619 
204696 100436 103953 5066 
204697 99781 102715 99780 
204698 95884 102705 95886 
204699 94780 103846 94781 
204700 100493 104066 101614 
204701 96814 103894 96811 
204702 98510 102926 98518 
204703 98728 102717 99827 
204704 98274 102697 98273 
204705 102776 102888 95645 
204706 96390 102703 96964 
204707 101393 103380 101183 
204708 99912 103752 102856 
204709 99891 103761 98408 
204710 97726 103041 97725 
204711 102061 102530 98660 
204712 102569 102668 96889 
204713 103165 103451 98717 
204714 5126 103256 5127 
204715 99008 103253 103149 
204716 94871 103014 94869 
204717 97594 102893 101096 
204718 99115 103738 103685 
204719 94800 103721 94801 
204720 102575 102660 95099 
204721 102068 102741 101838 
204722 102566 102819 101883 
204723 99385 102756 102660 
204724 94522 103690 5156 
204725 94571 103368 5405 
204726 97262 102931 96570 
204727 102438 102798 99782 
204728 94444 103848 101432 
204729 94513 103072 5227 
204730 99754 103863 98210 
204731 101115 104079 102802 
204732 94618 102701 94616 
204733 98590 103969 100437 
204734 94436 104075 103813 
204735 96304 102798 102438 
204736 98919 102791 99496 
204737 99014 102774 102571 
204738 98027 103358 97814 
204739 98432 102725 102535 
204740 94902 103262 100888 
204741 96066 102729 96064 
204742 102185 102634 99677 
204743 96568 102931 97159 
204744 95610 102722 95689 
204745 99422 102794 102580 
204746 95111 103184 101379 
204747 5228 103072 94569 
204748 99250 103168 99312 
204749 94616 102706 94614 
204750 96438 103143 101746 
204751 100736 103788 100733 
204752 103485 103753 101972 
204753 96068 102731 96066 
204754 99142 102670 98968 
204755 5085 103494 94467 
204756 99186 102961 99731 
204757 94575 103386 5434 
204758 102566 102652 101125 
204759 95513 103606 94621 
204760 102804 103070 99051 
204761 99010 102789 100121 
204762 102576 104012 99765 
204763 101777 103637 100998 
204764 102556 102759 99354 
204765 98906 102698 98659 
204766 98723 102694 102494 
204767 96791 103090 96794 
204768 102810 103059 98114 
204769 101704 103659 94588 
204770 5243 103128 94441 
204771 95616 102976 95763 
204772 101707 102767 94593 
204773 102539 102749 98752 
204774 101356 102690 102084 
204775 97026 102696 97024 
204776 99752 102757 102248 
204777 103577 103778 101825 
204778 95571 103856 95542 
204779 100760 103499 98251 
204780 99951 103424 103285 
204781 101457 103005 102589 
204782 98625 103011 102779 
204783 99343 102804 102044 
204784 96660 102690 101774 
204785 98654 102741 102068 
204786 102573 103866 95655 
204787 101386 102865 94571 
204788 94617 103861 94619 
204789 99171 103234 99875 
204790 102192 103780 102430 
204791 99392 103048 99390 
204792 97423 102929 96366 
204793 94552 103128 5242 
204794 100367 103594 99328 
204795 101076 102891 95695 
204796 99606 102749 102539 
204797 99994 103985 103846 
204798 102304 103060 5364 
204799 5383 103348 5384 
204800 101427 103382 96773 
204801 99230 103341 100901 
204802 96360 102727 96358 
204803 95530 103007 95114 
204804 98857 102714 98014 
204805 5051 102768 94469 
204806 97975 103157 101650 
204807 102064 102547 100940 
204808 95974 103455 101143 
204809 96364 102929 96381 
204810 96996 103932 101179 
204811 102754 102899 99391 
204812 99707 103403 99709 
204813 94609 103433 94611 
204814 97795 103393 97412 
204815 102426 103080 96631 
204816 99724 103875 101781 
204817 100819 103793 100818 
204818 98416 104047 97899 
204819 5339 102775 5340 
204820 5174 102742 94573 
204821 100062 103852 100960 
204822 99086 103818 102783 
204823 97594 102918 102893 
204824 97624 104005 97628 
204825 100437 103969 99747 
204826 5070 103567 94457 
204827 96528 103476 100192 
204828 98683 103129 98685 
204829 94574 103003 102659 
204830 101746 103143 99574 
204831 99284 102649 102449 
204832 102383 102765 98926 
204833 98482 102962 100898 
204834 101207 103849 97885 
204835 103177 103423 101274 
204836 100272 103847 94547 
204837 5234 103344 5235 
204838 94762 102764 94764 
204839 95213 103110 95216 
204840 102044 102804 96123 
204841 95099 102660 102125 
204842 99911 103020 100063 
204843 99862 103751 102943 
204844 103346 103479 96312 
204845 96160 102745 96026 
204846 95021 102748 102552 
204847 96143 103042 97295 
204848 102457 103764 97135 
204849 98887 103593 100207 
204850 98065 102707 101824 
204851 99413 102688 102034 
204852 95107 103007 97139 
204853 95626 103759 94615 
204854 102139 102858 102205 
204855 101680 103215 98350 
204856 5204 103676 102514 
204857 99903 103266 99905 
204858 98778 102702 99818 
204859 99296 103457 101836 
204860 102553 102719 99267 
204861 97948 103144 97949 
204862 102899 103035 99394 
204863 99656 103087 98083 
204864 97235 103961 101256 
204865 99041 102699 99882 
204866 94516 104066 100493 
204867 102388 102773 98928 
204868 99044 103227 99106 
204869 99634 102736 99633 
204870 102444 102973 99109 
204871 95512 102711 97206 
204872 99201 102699 101906 
204873 98009 103495 99282 
204874 94442 103182 5237 
204875 101067 103632 94426 
204876 100776 103769 95385 
204877 97162 102723 96827 
204878 94586 102715 101875 
204879 98893 103105 102826 
204880 96344 102751 96342 
204881 101575 103330 99177 
204882 99794 103698 95025 
204883 94565 102771 101818 
204884 98846 102734 99014 
204885 97252 102807 98017 
204886 100072 103946 103571 
204887 5155 103444 94522 
204888 101781 103997 99854 
204889 97126 103042 96053 
204890 98910 103413 98385 
204891 94786 103166 94783 
204892 101508 103862 101651 
204893 96930 103036 96855 
204894 101840 103451 101839 
204895 96337 102755 96335 
204896 102571 102774 97694 
204897 97919 103543 98368 
204898 102567 103151 98492 
204899 97047 103282 97220 
204900 102150 102594 97083 
204901 98904 102750 100246 
204902 100274 103924 94447 
204903 98165 102849 102329 
204904 98426 102733 98423 
204905 101653 102873 101261 
204906 99554 103021 102996 
204907 98031 102778 99217 
204908 101927 103029 102852 
204909 101572 104021 94555 
204910 101711 102879 99281 
204911 5238 103182 101935 
204912 98914 102743 100214 
204913 99123 103198 99124 
204914 98438 103361 100299 
204915 101331 103009 96760 
204916 95316 103122 95317 
204917 102840 102990 99508 
204918 97989 102728 98034 
204919 101103 104078 97857 
204920 102472 103321 94530 
204921 5116 103398 5117 
204922 102600 102801 99423 
204923 94535 103489 103329 
204924 97221 102927 102642 
204925 95580 103265 95609 
204926 97131 103061 96094 
204927 94572 103257 101940 
204928 102412 102991 98769 
204929 102229 102976 95614 
204930 101108 103959 99753 
204931 95319 102766 95321 
204932 96198 103385 102745 
204933 96434 103662 94734 
204934 98850 102767 102593 
204935 94485 103665 100601 
204936 99884 103707 103028 
204937 94496 103878 102959 
204938 99802 103785 102795 
204939 99299 102725 99300 
204940 103276 104027 100779 
204941 100143 103794 100275 
204942 97762 103885 98455 
204943 94466 103919 101334 
204944 101518 103938 103354 
204945 102529 103276 100779 
204946 95978 103305 101747 
204947 98119 102819 102737 
204948 98512 102758 98514 
204949 98254 103075 97591 
204950 99370 102822 99372 
204951 101515 102850 98773 
204952 96092 103061 96118 
204953 102205 102858 100021 
204954 98811 103152 98809 
204955 99761 103267 99762 
204956 95339 102761 95341 
204957 100753 103916 102596 
204958 102152 103877 98452 
204959 95522 102730 97757 
204960 98481 103695 101033 
204961 99343 103070 102804 
204962 99929 103038 99033 
204963 102583 102916 99487 
204964 99031 103038 99853 
204965 98994 102760 98992 
204966 99559 103162 102675 
204967 100398 102837 100400 
204968 101560 103372 5308 
204969 97089 103655 94933 
204970 94968 103055 95556 
204971 102788 103097 100354 
204972 102652 102704 101125 
204973 99613 103891 99927 
204974 102580 102794 97839 
204975 102188 102694 98723 
204976 100636 102859 100638 
204977 95689 102722 102654 
204978 5445 103661 21 
204979 100215 102816 98915 
204980 98878 103675 99845 
204981 96342 102770 96339 
204982 102479 103283 95406 
204983 101342 102800 98842 
204984 5064 103919 94466 
204985 22 103672 5134 
204986 99480 104046 98946 
204987 94740 102811 94742 
204988 101795 102994 95244 
204989 99517 103473 100781 
204990 102610 102809 98114 
204991 99919 103158 98715 
204992 97121 103055 94970 
204993 102948 103186 100551 
204994 95655 102676 102266 
204995 98645 102916 102583 
204996 96875 103069 96927 
204997 99867 103945 101511 
204998 102701 102706 94616 
204999 98871 102683 102000 
205000 99480 103987 100309 
205001 102506 103414 99450 
205002 101148 102934 100327 
205003 99100 103243 97998 
205004 101745 102763 101914 
205005 99454 102836 98913 
205006 103624 103743 101494 
205007 5067 103953 94531 
205008 101903 102765 102383 
205009 100289 103788 100756 
205010 99387 102660 102575 
205011 97973 102941 101312 
205012 99515 103010 102964 
205013 98190 103320 101770 
205014 97151 103069 96873 
205015 99656 104037 100460 
205016 100234 104075 100091 
205017 101194 103393 101749 
205018 100204 103421 101446 
205019 94595 103919 5063 
205020 101335 103834 103648 
205021 99511 103615 102979 
205022 101586 103381 5263 
205023 101552 103121 101553 
205024 97686 103117 98316 
205025 101763 103548 101761 
205026 99506 103190 99082 
205027 98160 103686 97553 
205028 96026 102745 102713 
205029 98695 102594 102150 
205030 100986 103560 101984 
205031 5030 103108 102424 
205032 100254 103865 99804 
205033 99510 103222 98285 
205034 96066 102731 102729 
205035 97725 103041 102480 
205036 101956 103109 99127 
205037 99141 102767 98850 
205038 100949 102918 97594 
205039 99666 102861 99667 
205040 101892 102773 102388 
205041 102535 102725 99299 
205042 97656 102863 102588 
205043 95560 103954 94937 
205044 98119 102737 99068 
205045 101103 103377 101102 
205046 102596 103916 96832 
205047 96931 103453 100805 
205048 101860 103973 99249 
205049 103455 104039 101143 
205050 101235 103119 96035 
205051 101407 103176 101574 
205052 95101 102748 95021 
205053 102158 104010 103791 
205054 99509 102772 97833 
205055 102818 103100 99636 
205056 100273 102938 98528 
205057 102536 102645 98908 
205058 101267 102922 98338 
205059 102329 102849 99427 
205060 101704 103996 103475 
205061 102472 104031 103321 
205062 102815 102988 100619 
205063 96973 103736 100205 
205064 94562 103197 101584 
205065 99587 103837 102471 
205066 100828 103965 100285 
205067 95052 102796 95050 
205068 100933 102877 100932 
205069 99643 102977 101812 
205070 99109 102973 100298 
205071 95901 103285 95904 
205072 96859 103111 96959 
205073 98113 103059 99188 
205074 102593 102767 101707 
205075 96787 103235 96790 
205076 94864 102845 102160 
205077 95635 103299 101070 
205078 94709 103179 94707 
205079 102614 102865 101386 
205080 102284 102753 100029 
205081 101249 102867 101248 
205082 101176 103911 103048 
205083 100470 104063 100468 
205084 101582 102795 94561 
205085 100651 102942 102782 
205086 99576 103143 99876 
205087 103369 103561 99226 
205088 96945 102806 96943 
205089 102809 102810 98114 
205090 99039 103364 99040 
205091 98752 102749 100033 
205092 94506 102782 101579 
205093 99697 103136 103114 
205094 95638 102784 95656 
205095 100615 103279 99541 
205096 95835 102831 95782 
205097 99950 103587 99952 
205098 99523 103303 99616 
205099 99834 102841 98901 
205100 99298 103316 102903 
205101 103915 103956 102487 
205102 97359 103221 97498 
205103 101407 103929 101403 
205104 97141 103167 94652 
205105 101006 103688 98317 
205106 98991 102855 98993 
205107 102730 102862 97910 
205108 99196 103151 102567 
205109 97880 102783 98482 
205110 95321 102803 95323 
205111 102032 102790 101556 
205112 102613 102903 97840 
205113 5188 103660 20 
205114 98877 103252 98876 
205115 100955 102910 102431 
205116 98475 103583 98473 
205117 98121 102793 99479 
205118 101483 103876 102741 
205119 103283 103436 101728 
205120 98868 103631 101259 
205121 101826 102909 102550 
205122 99767 103295 99770 
205123 19 103679 5391 
205124 98022 102792 98103 
205125 102221 102786 98903 
205126 95748 103989 95605 
205127 95568 103482 103426 
205128 5110 103559 5111 
205129 94494 103327 5318 
205130 20 103660 5189 
205131 101894 102886 102602 
205132 94541 102802 101531 
205133 100301 103226 98608 
205134 98132 103712 98235 
205135 5323 102799 94495 
205136 94758 102769 94727 
205137 98684 103098 98996 
205138 97243 103163 97386 
205139 5296 102857 5297 
205140 99607 103762 99543 
205141 102550 102909 98956 
205142 98382 102777 98380 
205143 102336 103846 94780 
205144 102194 102804 99051 
205145 5390 103679 19 
205146 102480 103041 101466 
205147 95534 102815 95532 
205148 98203 103379 102444 
205149 95645 102888 95643 
205150 99220 102780 100421 
205151 101254 103435 101061 
205152 96188 103171 96100 
205153 94741 103164 94739 
205154 96096 103145 97131 
205155 98350 103215 98352 
205156 98616 103228 98615 
205157 99944 103755 102023 
205158 96810 103894 103784 
205159 99032 102866 99034 
205160 5292 103349 94434 
205161 98564 103315 100044 
205162 98384 103049 99042 
205163 98662 102787 98661 
205164 101833 102974 102679 
205165 95568 103426 102238 
205166 101611 103106 94473 
205167 99335 103650 101722 
205168 95209 103275 95212 
205169 99589 103104 102981 
205170 102589 103005 101445 
205171 99456 103225 98530 
205172 94482 103397 101572 
205173 96898 103148 96869 
205174 99840 103896 98244 
205175 100818 103793 103284 
205176 103569 103871 102681 
205177 99643 103125 102977 
205178 99589 102981 102909 
205179 94545 103349 5291 
205180 101410 103289 101411 
205181 96041 102786 102221 
205182 99557 102797 102677 
205183 96034 103224 96037 
205184 95710 102825 95708 
205185 102602 102886 100383 
205186 99152 103185 99891 
205187 96871 103148 97151 
205188 102711 102840 99508 
205189 98921 103131 98140 
205190 98190 103459 103320 
205191 99378 102870 99380 
205192 101762 103302 102885 
205193 101445 103005 95870 
205194 101928 102916 98645 
205195 102911 104055 95330 
205196 98891 102826 102565 
205197 99374 102875 99376 
205198 100354 103097 99646 
205199 102266 102676 98753 
205200 97342 103337 100763 
205201 100574 103406 100577 
205202 99202 103354 99203 
205203 102469 103018 96755 
205204 102023 102844 98851 
205205 99907 103262 99909 
205206 5309 103372 94500 
205207 5264 103381 94438 
205208 97134 103184 95080 
205209 96088 102828 96086 
205210 99981 103866 102573 
205211 98380 102777 102646 
205212 99444 102917 102820 
205213 99448 102994 101795 
205214 100410 103466 98721 
205215 101559 103535 5287 
205216 102160 102845 101428 
205217 99444 102820 98912 
205218 98335 103596 99924 
205219 103629 103652 99870 
205220 94591 102851 101708 
205221 95341 102832 95343 
205222 101533 102927 97221 
205223 102764 103053 94764 
205224 96362 102829 96360 
205225 95786 102826 101640 
205226 97516 103385 97013 
205227 98528 102938 102416 
205228 95078 103184 95111 
205229 98152 103226 99444 
205230 97129 103193 96865 
205231 97152 102652 102566 
205232 99321 102790 102032 
205233 5164 103272 101375 
205234 99154 103218 98041 
205235 96812 102818 102661 
205236 95097 102827 95094 
205237 103277 103374 100883 
205238 95202 103357 101459 
205239 96867 103193 96898 
205240 102994 103291 99114 
205241 99057 102805 99060 
205242 97694 102774 99231 
205243 97939 102812 98296 
205244 103685 103738 101844 
205245 101695 102884 101696 
205246 100854 102991 102412 
205247 95975 103305 95978 
205248 98414 102872 101343 
205249 101292 103933 100313 
205250 96522 103188 103168 
205251 99099 102896 101097 
205252 96879 102835 96881 
205253 97816 102840 99418 
205254 101412 102898 101413 
205255 101858 103575 101859 
205256 98229 102936 98428 
205257 98585 102895 99568 
205258 98860 103568 98858 
205259 102367 102854 100863 
205260 5290 103407 94545 
205261 96708 103328 96963 
205262 102094 103654 94458 
205263 94499 103407 5289 
205264 102125 102756 97130 
205265 98649 103992 102625 
205266 99177 103330 99178 
205267 101050 103338 101051 
205268 97132 102754 102137 
205269 97713 103706 101340 
205270 102820 102917 98566 
205271 100395 103286 99194 
205272 99354 102759 102179 
205273 103509 103849 101207 
205274 100119 103844 102430 
205275 102510 103122 95316 
205276 99318 103523 100003 
205277 94650 103167 94916 
205278 102751 102770 96342 
205279 100390 103761 99419 
205280 98197 103231 97908 
205281 97917 103304 101366 
205282 97852 102765 101903 
205283 97538 103163 97245 
205284 102346 102830 98127 
205285 102416 102938 100068 
205286 100237 103905 99078 
205287 100158 103337 98775 
205288 99090 103147 102065 
205289 101829 103306 99070 
205290 99590 103786 103641 
205291 96566 102843 96564 
205292 96441 102904 100823 
205293 95972 103203 101170 
205294 99479 102813 99474 
205295 100826 103564 99409 
205296 101414 103661 94600 
205297 98761 103147 99090 
205298 99384 103334 99381 
205299 97303 102785 96300 
205300 103849 103920 97885 
205301 99629 103595 98611 
205302 98697 103931 102821 
205303 97761 102773 101892 
205304 94472 103159 102159 
205305 103115 104025 100329 
205306 98709 103419 99332 
205307 101761 103302 101762 
205308 5328 104058 5329 
205309 99986 103400 103121 
205310 5366 103741 5367 
205311 97983 103144 99333 
205312 96102 103240 96188 
205313 100011 103922 103798 
205314 97839 102794 99341 
205315 21 103661 5008 
205316 96112 103238 96522 
205317 99887 103520 98598 
205318 96965 102847 97448 
205319 99423 102801 99424 
205320 99330 102809 102610 
205321 102856 103796 99912 
205322 5133 103672 22 
205323 5320 103463 94430 
205324 102484 102726 101679 
205325 97575 102886 101894 
205326 101376 102830 101817 
205327 94474 103462 5201 
205328 102996 103021 101380 
205329 98954 102862 99421 
205330 99530 102848 99534 
205331 94916 103312 94648 
205332 95649 104064 102573 
205333 95205 103391 95208 
205334 101774 103177 96656 
205335 99659 103565 103059 
205336 96360 102829 102727 
205337 100366 103077 100077 
205338 102766 102803 95321 
205339 101786 102820 98566 
205340 95870 103156 101497 
205341 99021 102763 101954 
205342 99160 103251 100391 
205343 100649 102942 100651 
205344 5214 103783 5215 
205345 96123 102804 102194 
205346 103019 103087 99095 
205347 102659 103003 100238 
205348 5202 103462 94554 
205349 100000 103251 99158 
205350 5235 103937 5236 
205351 102642 102927 99442 
205352 99553 103988 98139 
205353 100270 104045 102406 
205354 99093 102860 98923 
205355 99131 102838 97811 
205356 99331 102809 99330 
205357 96514 102846 96517 
205358 101340 103706 100083 
205359 97520 102906 97523 
205360 101102 103377 97441 
205361 98849 102704 102652 
205362 99432 102915 100236 
205363 101827 103949 100377 
205364 99897 104011 99898 
205365 99739 103132 99738 
205366 99544 103869 97115 
205367 5100 102871 5101 
205368 95198 103113 101200 
205369 102460 102781 99316 
205370 98614 102959 99838 
205371 100149 103794 100145 
205372 98626 102813 102028 
205373 99278 103517 99277 
205374 99831 103425 99830 
205375 101597 103670 94703 
205376 102159 103159 99187 
205377 99558 103781 99955 
205378 98068 103945 99867 
205379 103391 103960 101538 
205380 95648 104064 95646 
205381 100756 103788 100736 
205382 98415 103618 99323 
205383 97857 103988 101105 
205384 103048 104060 101176 
205385 100857 103931 100859 
205386 101446 104056 100204 
205387 103075 103213 99639 
205388 103008 103075 99639 
205389 103212 103316 98388 
205390 5014 102880 5015 
205391 100079 102853 97699 
205392 101614 104066 5212 
205393 99565 103157 101702 
205394 95124 103271 95530 
205395 96266 102874 96268 
205396 100752 103351 102587 
205397 5194 102913 5195 
205398 99026 103123 102965 
205399 102761 102832 95341 
205400 96779 103382 96786 
205401 99472 103365 97979 
205402 97324 103079 102372 
205403 102588 102863 101924 
205404 101817 102830 102346 
205405 101548 104009 101549 
205406 101765 103493 98829 
205407 98936 102821 99647 
205408 97959 103315 97904 
205409 102752 103731 97834 
205410 100015 102856 98539 
205411 94463 103608 100308 
205412 102725 102869 99300 
205413 102169 102798 96304 
205414 99495 103512 98225 
205415 101815 103106 101611 
205416 103041 103219 101466 
205417 100212 102987 101701 
205418 95064 102876 95062 
205419 5415 102953 5416 
205420 100467 103525 100469 
205421 101595 103814 5225 
205422 5163 103272 5164 
205423 98309 103376 98414 
205424 5288 103535 94499 
205425 97551 103686 98042 
205426 101939 102818 96812 
205427 98753 103205 102586 
205428 100932 102877 102644 
205429 98926 103375 99549 
205430 95283 103366 95280 
205431 102117 102994 99114 
205432 96265 103189 96289 
205433 95432 103496 95429 
205434 5187 103192 102603 
205435 102548 103303 99523 
205436 94498 103533 5283 
205437 103333 103401 101327 
205438 101693 102939 101691 
205439 97207 102852 97494 
205440 99349 103263 100107 
205441 97265 104015 102012 
205442 98125 103905 98606 
205443 99317 102863 102324 
205444 102434 102779 101727 
205445 101646 103013 97717 
205446 98488 103412 99760 
205447 95056 102887 95054 
205448 101883 102819 98119 
205449 99409 103564 99930 
205450 102677 102797 99440 
205451 102236 102839 102183 
205452 95230 102858 102139 
205453 100770 103746 103572 
205454 96713 103328 96710 
205455 94581 103384 101615 
205456 95132 103220 95401 
205457 99998 103952 99651 
205458 95201 103467 95204 
205459 98865 102833 97274 
205460 5351 103554 94511 
205461 99045 102985 101216 
205462 103158 103935 101440 
205463 99442 102927 99443 
205464 102502 103704 99746 
205465 103457 103545 101836 
205466 97156 103914 101108 
205467 100349 103060 102304 
205468 100223 103421 100204 
205469 5278 103597 94436 
205470 97996 104020 99290 
205471 99114 103291 100247 
205472 100611 103906 100610 
205473 102625 103992 101416 
205474 103492 103603 99712 
205475 96259 102989 97365 
205476 101296 102932 101297 
205477 100420 103712 98417 
205478 96520 102943 97214 
205479 94935 103954 97089 
205480 103098 103726 100821 
205481 102137 102754 102575 
205482 95855 102882 95871 
205483 101634 103530 94447 
205484 102430 103844 101021 
205485 94549 103597 5277 
205486 94617 103759 100316 
205487 98296 102868 98929 
205488 102823 103277 100884 
205489 95971 103455 95974 
205490 95116 103371 95084 
205491 94426 103632 5349 
205492 94703 103799 101597 
205493 94624 102883 94622 
205494 99097 102902 99484 
205495 97300 102971 97722 
205496 99960 103281 99225 
205497 99738 103132 101889 
205498 102372 103079 99899 
205499 94435 103452 101559 
205500 101801 103387 95881 
205501 99543 103563 102316 
205502 97171 103220 95130 
205503 99885 103804 99883 
205504 94733 103439 94731 
205505 5275 102937 5276 
205506 99439 103623 99438 
205507 94430 103656 5321 
205508 102112 103394 102993 
205509 100900 103122 102510 
205510 94448 102881 101612 
205511 99169 102890 99167 
205512 97478 103781 103562 
205513 96090 102897 96088 
205514 5082 102945 94524 
205515 101935 103182 100539 
205516 99192 103286 100273 
205517 102226 102854 95982 
205518 99510 103299 103237 
205519 5368 103592 94448 
205520 94527 103621 101726 
205521 5377 102940 5378 
205522 96654 102944 96655 
205523 100935 102963 99269 
205524 94646 103312 97138 
205525 102773 102972 98928 
205526 95681 103083 103015 
205527 99263 103485 101972 
205528 98927 103626 102928 
205529 5284 103533 102145 
205530 101956 103363 103109 
205531 99986 103838 99985 
205532 99705 103259 99707 
205533 97795 103582 101750 
205534 94668 103539 94666 
205535 99300 102869 99302 
205536 101451 103586 103383 
205537 99251 103500 99249 
205538 99797 103764 102457 
205539 102047 102907 99634 
205540 99614 103797 98299 
205541 99971 102849 98165 
205542 99438 103574 99340 
205543 95082 103371 97134 
205544 99944 103984 103755 
205545 97629 102921 101637 
205546 95282 103366 97111 
205547 102799 103656 100340 
205548 100333 103300 100339 
205549 100904 103941 101061 
205550 5233 103599 94510 
205551 102310 102842 98774 
205552 97132 102899 102754 
205553 99595 103367 99216 
205554 94554 103676 5203 
205555 99499 103419 98711 
205556 94917 103584 94903 
205557 95060 102908 95058 
205558 101908 103283 101728 
205559 96930 103259 103095 
205560 98600 102999 100593 
205561 103024 103248 99223 
205562 98192 103491 99113 
205563 100308 103608 99420 
205564 5305 102954 5306 
205565 95426 103555 101514 
205566 97210 102920 97391 
205567 102627 103008 101865 
205568 100259 103080 102426 
205569 98624 103493 100153 
205570 96970 102878 101450 
205571 98247 103805 100379 
205572 102660 102756 102125 
205573 102830 103034 98127 
205574 96550 102879 96545 
205575 99511 103612 98250 
205576 98953 102957 98951 
205577 94622 102900 94620 
205578 102518 103135 99079 
205579 96794 102912 96795 
205580 102782 102942 101579 
205581 100124 103940 102894 
205582 99994 103846 102336 
205583 102242 102814 97538 
205584 99276 103411 100301 
205585 95421 103908 95420 
205586 99040 103364 102483 
205587 98994 102911 102760 
205588 5241 103980 94552 
205589 96968 103461 97215 
205590 95967 103560 95970 
205591 94509 103980 5240 
205592 97840 102903 99662 
205593 99043 103008 102627 
205594 98896 103459 98190 
205595 103197 103331 100575 
205596 102525 103138 99072 
205597 96088 102897 102828 
205598 98972 103588 101901 
205599 94547 103847 5260 
205600 100123 102911 98994 
205601 98773 102850 102218 
205602 99515 102964 98276 
205603 99446 103917 100667 
205604 103219 103395 101467 
205605 98781 102924 98694 
205606 5261 103847 94497 
205607 94893 103529 94658 
205608 5216 103718 94443 
205609 98100 102923 97642 
205610 99905 103446 99907 
205611 97838 103149 100415 
205612 101665 103561 101862 
205613 95425 103921 95424 
205614 100133 102901 99172 
205615 102218 102850 97108 
205616 102775 103063 5340 
205617 5213 104066 94516 
205618 98104 102839 102236 
205619 102436 103240 96106 
205620 102471 102928 97226 
205621 98935 103751 99862 
205622 94900 103429 94896 
205623 99534 102914 99983 
205624 99743 103544 103221 
205625 100068 102938 100251 
205626 102286 103828 95838 
205627 97136 103478 95088 
205628 98718 103054 102377 
205629 101933 103244 98639 
205630 99106 103227 103172 
205631 99649 104036 101651 
205632 98888 103589 101706 
205633 103360 104071 95214 
205634 100383 102886 100385 
205635 99313 103456 99828 
205636 98777 103515 98066 
205637 98829 103493 98135 
205638 99957 103481 99958 
205639 100328 102934 100331 
205640 101361 103503 97708 
205641 100170 103836 103512 
205642 99459 102925 97838 
205643 99683 102982 99685 
205644 99002 103292 100949 
205645 101626 103333 94568 
205646 102993 103394 101755 
205647 102118 102800 97121 
205648 101645 103013 101646 
205649 96877 102930 96879 
205650 101571 102889 102793 
205651 97062 103594 99605 
205652 5226 103814 94513 
205653 103573 103787 99227 
205654 102263 103599 5232 
205655 101890 103805 100032 
205656 96570 102931 96568 
205657 99408 103067 100614 
205658 102500 102894 102322 
205659 96366 102929 96364 
205660 101600 103395 97741 
205661 100822 103850 100960 
205662 101165 103083 95681 
205663 101924 102863 99317 
205664 101781 103950 97192 
205665 95697 103737 95630 
205666 101738 103582 97795 
205667 95681 103015 102413 
205668 99081 103488 100109 
205669 99024 102978 98342 
205670 95086 103478 95116 
205671 99200 103026 99993 
205672 102183 102839 101604 
205673 96041 102935 102786 
205674 100060 103852 100062 
205675 101660 102979 97531 
205676 98676 103414 102506 
205677 98566 102917 100408 
205678 97311 103913 99631 
205679 99607 103886 103762 
205680 96014 103734 96011 
205681 101777 103681 99492 
205682 103781 103943 99955 
205683 102514 103692 94465 
205684 99321 102933 102790 
205685 98104 103024 102839 
205686 101281 103132 99739 
205687 102613 103440 102903 
205688 99292 104043 103396 
205689 96879 102930 102835 
205690 103445 103697 99454 
205691 101706 103589 99507 
205692 103403 103492 99709 
205693 100916 102842 102632 
205694 97228 103341 99230 
205695 97783 102919 102467 
205696 95791 103526 95749 
205697 96935 103889 102914 
205698 102565 102826 95786 
205699 102812 102868 98296 
205700 99521 103011 98625 
205701 98842 102800 102118 
205702 100375 103018 102469 
205703 100022 102808 102253 
205704 98509 102926 98510 
205705 102841 103368 94571 
205706 102632 102842 98016 
205707 101568 102950 94560 
205708 99743 102984 98999 
205709 97448 102907 102047 
205710 96038 102935 96041 
205711 98002 103864 98001 
205712 97835 102864 102284 
205713 102490 102972 102127 
205714 99023 102947 99024 
205715 99026 102965 102833 
205716 98690 103770 98616 
205717 97910 103308 98197 
205718 101579 102942 94558 
205719 99844 103581 99344 
205720 97365 102996 101380 
205721 102883 102900 94622 
205722 100665 103619 100648 
205723 94654 103450 97141 
205724 99362 104029 102515 
205725 98228 103006 102759 
205726 97226 102928 99096 
205727 96173 102967 96251 
205728 100479 103056 100480 
205729 102678 103896 99840 
205730 99879 103815 97997 
205731 102154 102834 97113 
205732 96016 103507 96033 
205733 94703 103670 94701 
205734 100794 102968 100791 
205735 97088 103129 102085 
205736 102847 102907 97448 
205737 97201 103420 103229 
205738 101901 103925 98972 
205739 101414 103390 5009 
205740 99487 102916 99488 
205741 100916 103230 102842 
205742 97669 103988 97857 
205743 102039 102941 97973 
205744 99631 103913 102152 
205745 100204 104056 100201 
205746 103051 103760 99592 
205747 96731 103126 101069 
205748 100929 103103 95682 
205749 98420 102909 101826 
205750 95906 103424 96284 
205751 99333 103383 98394 
205752 97516 103457 103385 
205753 5221 102995 5222 
205754 102907 103481 99634 
205755 98974 103588 98972 
205756 95853 103000 95851 
205757 99421 102862 102730 
205758 5055 102966 5056 
205759 100025 102955 100026 
205760 97998 103326 97841 
205761 102253 102808 99482 
205762 94436 103813 101568 
205763 102555 103173 101392 
205764 100954 103283 102479 
205765 94566 102948 101606 
205766 102848 102914 99534 
205767 99040 103437 102719 
205768 100183 104006 96580 
205769 103099 103114 96959 
205770 96714 103893 96713 
205771 99827 103102 98729 
205772 102112 102993 96678 
205773 100687 103126 96731 
205774 95418 103501 95419 
205775 98813 103879 98811 
205776 103374 103513 99441 
205777 101982 103054 98718 
205778 99280 103336 102035 
205779 101907 103699 101421 
205780 101847 103738 103152 
205781 99418 102840 102711 
205782 103484 103633 94774 
205783 100227 102961 99186 
205784 97150 103961 97146 
205785 96122 103578 103404 
205786 97192 103950 96837 
205787 102878 103068 98572 
205788 99006 102925 102785 
205789 100316 102975 99957 
205790 98870 103631 98868 
205791 98001 103864 102360 
205792 101380 103021 99813 
205793 99048 103892 100246 
205794 98257 103890 98900 
205795 99461 102965 98035 
205796 101872 103890 102450 
205797 99923 103835 98143 
205798 94975 103914 94640 
205799 97193 103841 96841 
205800 101794 103952 102717 
205801 102305 102885 97682 
205802 101187 103927 100216 
205803 99650 104004 102534 
205804 99453 103642 99454 
205805 101812 102977 102608 
205806 98012 104036 99649 
205807 100986 104039 95970 
205808 99381 103948 99379 
205809 100300 102933 99321 
205810 99747 103969 98064 
205811 95749 103693 95725 
205812 101361 103825 103503 
205813 102763 103019 101914 
205814 99600 103124 100305 
205815 102700 103150 98505 
205816 102030 103629 99870 
205817 97117 103745 101884 
205818 101291 103028 101290 
205819 101505 103003 94574 
205820 103157 103716 101037 
205821 99139 103044 100175 
205822 102514 103676 99822 
205823 101911 104009 101548 
205824 101887 102960 99997 
205825 98851 102844 102095 
205826 96947 102946 96949 
205827 102585 103898 101391 
205828 102745 103385 100256 
205829 94705 103799 94703 
205830 100620 103936 94512 
205831 100573 103378 100574 
205832 95279 103043 95277 
205833 102161 102899 97132 
205834 99292 103396 102673 
205835 98596 103615 99511 
205836 99492 103681 98702 
205837 97945 102952 97948 
205838 99636 103100 99635 
205839 98016 102842 102310 
205840 101512 103817 103336 
205841 98852 102834 102154 
205842 102898 103071 101413 
205843 101823 104028 99866 
205844 96959 103111 103099 
205845 102608 102977 102052 
205846 102322 102894 97423 
205847 98852 103051 102834 
205848 99431 103614 99929 
205849 95708 102980 95612 
205850 95539 104062 103943 
205851 99398 104060 99395 
205852 102825 102980 95708 
205853 102467 102919 102042 
205854 94597 103845 101136 
205855 100026 103106 101992 
205856 96845 103745 97117 
205857 98799 103996 101855 
205858 103350 103562 99771 
205859 99448 103291 102994 
205860 101850 103154 98941 
205861 103043 103199 95277 
205862 103297 103809 100452 
205863 103645 103828 99869 
205864 96309 102781 102460 
205865 96007 103037 96006 
205866 98030 103969 98590 
205867 98956 102981 97687 
205868 98972 103925 98970 
205869 102714 103550 98948 
205870 99552 102989 99553 
205871 96839 103950 97193 
205872 102587 103351 97398 
205873 100890 103641 102581 
205874 5077 103033 94585 
205875 102783 103818 99808 
205876 101827 103467 95200 
205877 94731 103831 94729 
205878 100828 103497 97298 
205879 102042 102919 101807 
205880 95614 102976 95616 
205881 101741 103788 100289 
205882 5432 103058 5433 
205883 94787 102997 94786 
205884 97209 102958 94962 
205885 103005 103156 95870 
205886 101028 103904 99567 
205887 100657 103728 94462 
205888 101615 103384 99988 
205889 102437 102885 98853 
205890 99189 103066 101084 
205891 99130 102969 99131 
205892 99619 103779 100041 
205893 99067 102974 101833 
205894 99329 103050 99148 
205895 95387 103807 95121 
205896 99214 103005 101457 
205897 102885 103302 97682 
205898 95609 103265 102867 
205899 98903 102786 102592 
205900 98715 103627 98713 
205901 102675 103162 95369 
205902 102515 103644 98137 
205903 103439 103874 100737 
205904 99235 103089 100543 
205905 102193 102960 101887 
205906 102200 103604 99625 
205907 5071 103016 5072 
205908 99147 103001 100159 
205909 100221 104076 99657 
205910 96584 103668 97080 
205911 99291 103281 102191 
205912 101675 103031 101676 
205913 100187 103620 100188 
205914 102060 104016 101904 
205915 98720 103294 101780 
205916 102975 103759 95626 
205917 99516 103096 101360 
205918 97269 103998 96588 
205919 102575 102754 99389 
205920 97233 103147 102320 
205921 99521 103065 103011 
205922 99721 103095 99703 
205923 102095 102844 97176 
205924 98448 103510 103342 
205925 101885 103790 99471 
205926 100512 103532 94438 
205927 103561 103810 99226 
205928 99138 103782 102004 
205929 96690 103078 96573 
205930 101998 103175 99020 
205931 100083 103247 101533 
205932 97371 103993 101152 
205933 97282 103725 103004 
205934 98763 103957 99815 
205935 99536 103440 98719 
205936 97215 103002 97163 
205937 97342 102986 96777 
205938 99585 103964 99586 
205939 101248 103460 101247 
205940 100511 103532 100512 
205941 99021 103019 102763 
205942 103103 103233 95682 
205943 101837 103350 102705 
205944 99603 103884 101670 
205945 99909 103020 99911 
205946 98213 104036 97822 
205947 103406 103434 100577 
205948 102573 104064 99981 
205949 98291 104049 99353 
205950 5199 103040 5200 
205951 96966 102987 97921 
205952 102977 103125 97693 
205953 99649 103743 98334 
205954 99297 103883 98776 
205955 95606 103901 95686 
205956 99984 103004 99987 
205957 98853 102885 102305 
205958 102463 103591 103296 
205959 95410 102910 102479 
205960 95600 102988 95554 
205961 95114 103007 95107 
205962 99231 103733 98011 
205963 94486 103057 5075 
205964 103009 103498 96760 
205965 99508 102990 99509 
205966 103411 104019 96497 
205967 100091 104075 103597 
205968 99548 103240 102436 
205969 99306 103012 99878 
205970 98246 103691 99756 
205971 98612 102992 98427 
205972 98700 103681 99608 
205973 101957 103294 98720 
205974 100374 103687 98343 
205975 99659 103140 97004 
205976 99283 103610 100014 
205977 99545 103694 102568 
205978 98118 104037 99656 
205979 97832 103551 102476 
205980 94664 103859 97137 
205981 102734 102936 99014 
205982 102145 103533 100520 
205983 96678 102993 96675 
205984 102456 104001 103994 
205985 100330 103115 100329 
205986 102586 103205 101269 
205987 99213 103454 103304 
205988 100987 103088 99243 
205989 98769 102991 99652 
205990 94555 104021 103028 
205991 102206 103281 99291 
205992 103514 103975 100861 
205993 97371 103909 102006 
205994 100077 103077 103029 
205995 101868 103159 94472 
205996 100183 103867 99610 
205997 102284 102864 102753 
205998 100347 103340 100350 
205999 95726 104045 95723 
206000 94764 103053 94766 
206001 99670 103274 102739 
206002 103425 103563 99830 
206003 102156 103545 102155 
206004 101032 103907 103667 
206005 103310 103432 96284 
206006 97103 102974 99331 
206007 96289 103189 103066 
206008 102927 103247 99443 
206009 102350 103742 101869 
206010 99554 102996 99552 
206011 102330 103723 101697 
206012 101432 103848 102895 
206013 98838 102941 102039 
206014 94638 103914 97156 
206015 99539 103011 99540 
206016 101574 103176 99889 
206017 98576 103104 101486 
206018 94464 103303 102548 
206019 95189 103064 95187 
206020 100868 104051 95569 
206021 94480 103802 101399 
206022 99564 103826 100157 
206023 5364 103060 5365 
206024 102295 103207 102380 
206025 103113 103201 101200 
206026 100015 103873 103796 
206027 101474 103202 98621 
206028 102040 103279 102022 
206029 102006 103909 99848 
206030 5157 103690 102650 
206031 97125 103014 94871 
206032 94535 103531 103135 
206033 102921 103190 99506 
206034 102052 102977 97693 
206035 99599 103833 100280 
206036 95244 102994 102117 
206037 99641 102983 102334 
206038 5340 103063 5341 
206039 99701 103099 99721 
206040 99745 103018 100375 
206041 99742 103012 99547 
206042 103585 103937 100356 
206043 94520 103272 5163 
206044 99972 103787 103573 
206045 102557 103137 102049 
206046 100379 103805 101890 
206047 100648 103325 100649 
206048 102136 103142 97125 
206049 99687 103093 99689 
206050 98105 103030 98106 
206051 96518 103022 97112 
206052 5227 103072 5228 
206053 100376 103045 99500 
206054 103031 103102 99157 
206055 97100 103729 95898 
206056 100103 104035 99623 
206057 99760 103117 103070 
206058 95803 103999 102100 
206059 102391 103827 100058 
206060 101098 103081 101100 
206061 102581 103641 96991 
206062 101413 103071 101415 
206063 98893 103317 103105 
206064 102753 102864 102771 
206065 97864 103023 97863 
206066 99552 102996 102989 
206067 98195 103070 99343 
206068 99347 103085 99345 
206069 102838 103732 99315 
206070 99033 103038 99031 
206071 96855 103036 96857 
206072 98928 102972 102342 
206073 101914 103019 97902 
206074 97185 103025 95809 
206075 102842 103230 98774 
206076 99061 103027 99123 
206077 101640 103105 101555 
206078 100786 103150 102700 
206079 97140 103130 102018 
206080 99870 103652 100541 
206081 94591 103723 102851 
206082 99355 103956 103776 
206083 97789 102960 102193 
206084 5258 103084 5259 
206085 100452 103809 100934 
206086 99941 103708 103213 
206087 98438 103536 103361 
206088 102860 103311 96758 
206089 99200 103178 103026 
206090 100544 103599 102263 
206091 99110 103082 99112 
206092 99199 102877 102692 
206093 102413 103015 99242 
206094 102984 103221 97359 
206095 102334 102983 98857 
206096 96053 103042 96143 
206097 99881 103370 101569 
206098 97584 103970 100392 
206099 101865 103008 98170 
206100 99489 103700 99664 
206101 103100 103187 99635 
206102 102753 102771 94565 
206103 103555 103574 101514 
206104 101536 103839 99730 
206105 99295 103489 102518 
206106 102158 103791 98431 
206107 98729 103031 101675 
206108 101953 103527 98509 
206109 96171 103124 102967 
206110 96763 103212 98388 
206111 99011 103944 102999 
206112 101718 103756 102156 
206113 94553 103514 102940 
206114 99073 103704 102502 
206115 94970 103055 94968 
206116 100575 103331 100573 
206117 94511 104042 101607 
206118 100771 103572 102919 
206119 97708 103503 102261 
206120 99851 103127 100164 
206121 97231 103074 96232 
206122 96711 103223 103134 
206123 100536 103926 100431 
206124 102570 103612 99794 
206125 94523 103160 101976 
206126 102736 102975 95626 
206127 96753 103963 101042 
206128 102179 103006 99050 
206129 100423 103901 95630 
206130 99860 103322 102070 
206131 100899 103586 95976 
206132 103252 103761 99891 
206133 103263 103894 96814 
206134 100119 103120 100117 
206135 101042 103733 102710 
206136 96581 104006 96749 
206137 102771 102864 101195 
206138 99038 102970 102359 
206139 97261 103768 103671 
206140 97030 103047 97028 
206141 99096 103341 102149 
206142 96094 103061 96092 
206143 99268 103437 101326 
206144 99136 103073 100387 
206145 100216 103927 100215 
206146 99214 103156 103005 
206147 101685 103137 94584 
206148 101770 103320 103034 
206149 98114 103059 98113 
206150 101629 103046 99044 
206151 94471 103942 103176 
206152 103011 103065 99540 
206153 99921 103158 99919 
206154 103030 103076 98106 
206155 102406 104045 95726 
206156 99390 103048 99478 
206157 101589 103210 94498 
206158 100385 103409 100384 
206159 103138 103326 97998 
206160 101158 103731 102752 
206161 102515 104029 100844 
206162 101944 103337 97342 
206163 103511 104058 94429 
206164 97729 103041 97726 
206165 96873 103069 96875 
206166 100281 103552 100280 
206167 99860 103628 101700 
206168 98386 103049 98384 
206169 102283 103296 102500 
206170 99157 103102 99093 
206171 101975 103904 103774 
206172 99843 103051 98852 
206173 5117 103398 102955 
206174 100599 103946 97524 
206175 101840 103770 103451 
206176 99907 103446 103262 
206177 99958 103481 102907 
206178 101578 103067 94548 
206179 100077 103029 101927 
206180 101869 104053 102350 
206181 102324 103200 99831 
206182 96686 103161 96693 
206183 97591 103075 99043 
206184 102793 102889 99479 
206185 94568 103056 101622 
206186 102508 103527 101953 
206187 96522 103238 103188 
206188 98106 103076 98108 
206189 94531 104073 100302 
206190 98083 103087 99021 
206191 104018 104060 99398 
206192 98603 103118 98601 
206193 97656 103200 102863 
206194 99438 103623 103546 
206195 99691 103139 99693 
206196 100844 103644 102515 
206197 102759 103006 102179 
206198 102991 103091 99652 
206199 96037 103224 102949 
206200 5029 103108 5030 
206201 99540 103065 99938 
206202 94592 104038 101718 
206203 96790 103090 96791 
206204 103101 103212 97858 
206205 102918 103131 98921 
206206 99324 103174 101140 
206207 96896 103274 102228 
206208 98603 103232 103118 
206209 102857 103858 94550 
206210 101750 103582 101371 
206211 99635 103187 100293 
206212 103039 103502 100104 
206213 103178 103358 98027 
206214 94534 103779 102880 
206215 99023 103092 102947 
206216 101084 103241 99183 
206217 101520 103141 98492 
206218 101229 103216 99737 
206219 99430 103170 98898 
206220 5242 103128 5243 
206221 102909 102981 98956 
206222 100051 103293 100237 
206223 102313 103024 98104 
206224 98127 103034 102274 
206225 100114 104072 100115 
206226 99827 103311 103102 
206227 101976 103160 99836 
206228 102983 103113 101459 
206229 102746 103815 99879 
206230 101279 103447 101280 
206231 96711 103134 96712 
206232 5330 103086 94506 
206233 98686 103749 102096 
206234 99147 103101 103001 
206235 100193 103210 99615 
206236 101110 103923 99863 
206237 97138 103039 102341 
206238 101070 103314 96526 
206239 99069 103202 101474 
206240 97003 103565 99659 
206241 102086 103276 102529 
206242 103173 103727 94537 
206243 96818 103180 96815 
206244 102062 103402 99974 
206245 100903 103153 100905 
206246 101528 103208 98490 
206247 95212 103110 95213 
206248 102863 103200 102324 
206249 102318 103999 95803 
206250 100475 104013 100476 
206251 95111 103035 102161 
206252 102959 103878 99838 
206253 96857 103111 96859 
206254 100487 103211 100489 
206255 102373 103617 97452 
206256 103097 103342 99646 
206257 102041 103475 102011 
206258 101533 103247 102927 
206259 102833 102965 99461 
206260 101818 103851 102629 
206261 103303 103820 99616 
206262 102889 103217 99479 
206263 102299 103068 99458 
206264 98249 103612 102570 
206265 102360 103864 101437 
206266 102785 102925 99459 
206267 102717 103952 96191 
206268 99647 104070 100856 
206269 102326 103680 95535 
206270 102639 103284 94544 
206271 99127 103109 101055 
206272 101243 104010 99645 
206273 100274 103530 103309 
206274 98685 103098 98684 
206275 102947 103140 99024 
206276 95277 103199 95274 
206277 99252 103363 101956 
206278 101984 103560 95966 
206279 102861 103515 98777 
206280 99051 103117 97686 
206281 94584 103137 102557 
206282 5186 103192 5187 
206283 98543 103154 101850 
206284 99314 103188 101229 
206285 99845 103684 99414 
206286 102726 103752 103609 
206287 101079 103345 101165 
206288 103022 103107 97112 
206289 101733 103178 99200 
206290 99816 103991 102093 
206291 101256 103269 99352 
206292 97112 103107 99982 
206293 102217 103549 99536 
206294 100915 103230 100916 
206295 102380 103207 97048 
206296 98428 102936 102734 
206297 102609 103732 97216 
206298 100294 103785 99802 
206299 100264 103934 101966 
206300 99801 103310 99951 
206301 99662 103101 99147 
206302 95763 103427 102232 
206303 103036 103111 96857 
206304 96962 103097 101822 
206305 97518 103223 96711 
206306 102989 102996 97365 
206307 99328 104043 100367 
206308 101092 103893 97113 
206309 103380 103522 101183 
206310 100805 103453 103246 
206311 102649 103339 99464 
206312 98721 103466 102245 
206313 100107 103104 99589 
206314 99113 103491 102892 
206315 101600 103744 103395 
206316 99290 103146 99879 
206317 98175 103187 103100 
206318 102034 103245 102335 
206319 99941 103213 98254 
206320 94465 103730 101601 
206321 102784 102998 95656 
206322 94667 103133 94669 
206323 97052 103509 102611 
206324 99755 103112 102364 
206325 103777 103869 99544 
206326 94566 103186 102948 
206327 101841 103165 94532 
206328 99803 103092 99023 
206329 99641 103201 103113 
206330 98175 103100 101805 
206331 95685 103534 101079 
206332 101660 103698 102979 
206333 94543 103121 101552 
206334 101112 103880 99584 
206335 102357 103822 97110 
206336 98930 103173 102555 
206337 102463 103296 97367 
206338 98606 103291 99448 
206339 103720 103757 99502 
206340 99246 103194 99248 
206341 97998 103243 103138 
206342 98490 103172 99189 
206343 99574 103143 99576 
206344 101984 103966 100986 
206345 99430 103397 103170 
206346 103671 103680 102326 
206347 99493 103636 100678 
206348 100954 103436 103283 
206349 99234 103298 99966 
206350 103125 103346 101455 
206351 100427 103747 97476 
206352 98167 103155 98917 
206353 96930 103095 103036 
206354 99014 102936 102774 
206355 98072 103151 99456 
206356 94481 103206 101400 
206357 102093 103991 96619 
206358 100384 103409 101197 
206359 99737 103353 101279 
206360 102161 103035 102899 
206361 100540 103547 94552 
206362 99253 103435 100084 
206363 100309 103236 99285 
206364 100839 103249 99238 
206365 102710 103733 99231 
206366 99899 103079 102410 
206367 98084 103410 102144 
206368 100934 103809 94441 
206369 100957 103815 102746 
206370 95422 103541 101502 
206371 102826 103105 101640 
206372 5237 103182 5238 
206373 101284 103214 101282 
206374 101569 103370 94433 
206375 99094 103308 102862 
206376 98085 103771 98084 
206377 97020 103204 97018 
206378 102486 103696 100231 
206379 101728 103436 98239 
206380 102715 103628 99780 
206381 103185 103449 99891 
206382 104016 104071 100495 
206383 97080 103668 102716 
206384 99113 103156 99214 
206385 98217 103246 103217 
206386 99201 103222 103169 
206387 100830 103264 100829 
206388 103266 103662 96434 
206389 95596 103976 100922 
206390 99072 103138 99074 
206391 99079 103135 100017 
206392 99232 103242 98363 
206393 99658 104001 102456 
206394 99652 103091 102405 
206395 96098 103145 96096 
206396 95317 103122 95361 
206397 100857 104070 103931 
206398 101472 103550 102714 
206399 95639 103237 95636 
206400 102156 103756 103545 
206401 98897 103245 102034 
206402 96869 103148 96871 
206403 100277 103803 100278 
206404 5114 103183 5115 
206405 94598 103153 101535 
206406 101992 103106 101815 
206407 101889 103132 94527 
206408 100188 103829 102373 
206409 102705 103350 100296 
206410 102377 103054 97171 
206411 99328 103594 102189 
206412 94783 103166 94782 
206413 98140 103131 98142 
206414 5385 103160 94523 
206415 100808 103753 103485 
206416 102364 103674 97877 
206417 99055 103123 99026 
206418 96654 103062 102944 
206419 98774 103230 102167 
206420 99873 103638 102281 
206421 103933 104019 100312 
206422 96631 103080 102340 
206423 103326 103367 97841 
206424 103013 103287 99818 
206425 102934 103300 100331 
206426 97764 103553 102124 
206427 96284 103424 103310 
206428 102385 103432 99334 
206429 102009 103639 97185 
206430 99638 103173 98930 
206431 103002 103428 99490 
206432 102450 103890 98256 
206433 99995 103985 99994 
206434 100949 103292 103131 
206435 101708 103441 94478 
206436 97110 103822 102296 
206437 97245 103163 97243 
206438 102739 103274 96896 
206439 99775 103744 101600 
206440 98809 103152 99115 
206441 101583 103785 100294 
206442 98937 103896 102678 
206443 97110 103816 102357 
206444 99187 103159 99256 
206445 97185 103639 102470 
206446 102919 103572 101807 
206447 99476 104007 103769 
206448 96680 103443 100896 
206449 101136 103845 102051 
206450 103753 103806 99470 
206451 96289 103066 103046 
206452 96100 103171 96098 
206453 97949 103144 97983 
206454 99630 103915 102487 
206455 94613 103270 95626 
206456 99219 103284 100595 
206457 101181 103176 101407 
206458 103378 103406 100574 
206459 103475 103659 101704 
206460 101438 103273 101439 
206461 102942 103325 94558 
206462 103412 103769 100776 
206463 95682 103233 100373 
206464 97215 103461 102973 
206465 103021 103872 99813 
206466 101408 103359 94461 
206467 100522 103684 94909 
206468 100192 103476 103243 
206469 101055 103109 102768 
206470 100808 103485 96185 
206471 94541 103600 102802 
206472 5127 103256 94533 
206473 101308 103290 100834 
206474 103765 103768 102333 
206475 97693 103125 102142 
206476 96959 103114 102120 
206477 97380 103568 102391 
206478 94462 103728 101177 
206479 99290 104020 103808 
206480 100610 103280 100607 
206481 102500 103296 100923 
206482 100013 103232 98603 
206483 100645 103958 100665 
206484 101846 104002 101848 
206485 100834 103290 100832 
206486 102354 103202 99069 
206487 99458 103068 102878 
206488 100619 103229 100617 
206489 101670 103404 102037 
206490 95412 103260 95413 
206491 97005 103715 95192 
206492 102922 103782 99138 
206493 94739 103164 94759 
206494 99353 103675 102246 
206495 98042 103306 101829 
206496 95080 103184 95078 
206497 96865 103193 96867 
206498 101366 103454 97047 
206499 94652 103167 94650 
206500 99399 103268 99401 
206501 101443 103375 99182 
206502 102716 103668 100795 
206503 99542 103825 99858 
206504 102242 103185 102814 
206505 99653 103913 101950 
206506 101979 103516 97162 
206507 99070 103566 99618 
206508 102983 103357 98857 
206509 94556 103181 101576 
206510 100480 103333 101327 
206511 100453 103297 100452 
206512 97729 103219 103041 
206513 102794 103605 99341 
206514 101607 103186 94566 
206515 98388 103316 98390 
206516 100649 103325 102942 
206517 100021 103410 100023 
206518 101757 103177 101274 
206519 94707 103179 94751 
206520 100409 103209 98359 
206521 101018 103254 101478 
206522 101671 103271 95370 
206523 94448 103592 103127 
206524 94431 103418 101565 
206525 98505 103150 101953 
206526 98285 103222 99201 
206527 101091 103465 101089 
206528 99294 103187 98175 
206529 103259 103403 99707 
206530 101516 103622 95434 
206531 101198 103289 101410 
206532 102409 103083 99052 
206533 102085 103129 98683 
206534 100967 103967 100970 
206535 102741 103667 101838 
206536 100801 103196 99319 
206537 96656 103177 101757 
206538 103668 103998 100795 
206539 96501 103301 96498 
206540 103331 103378 100573 
206541 99807 104017 102321 
206542 96098 103171 103145 
206543 99082 103190 100096 
206544 103232 103595 99629 
206545 98776 103142 102136 
206546 102967 103124 99600 
206547 97261 103671 102326 
206548 94427 103540 101562 
206549 102049 103137 99207 
206550 98239 103598 98238 
206551 103260 103307 95413 
206552 99043 103075 103008 
206553 95438 103471 100999 
206554 102783 102962 98482 
206555 101267 104022 103782 
206556 103066 103227 103046 
206557 97176 103189 96265 
206558 99124 103198 99202 
206559 103296 103591 100923 
206560 96033 103507 102985 
206561 98876 103449 102256 
206562 99721 103111 103036 
206563 100231 103811 102486 
206564 103102 103311 99093 
206565 101375 103272 100413 
206566 99896 103748 99790 
206567 98606 103905 103293 
206568 98729 103102 103031 
206569 95569 103868 100852 
206570 94696 103319 94698 
206571 102120 103136 97129 
206572 96680 103518 103443 
206573 100668 104050 96737 
206574 94586 103628 102715 
206575 102768 103109 94469 
206576 102903 103440 99298 
206577 96014 103840 103734 
206578 102063 103816 97110 
206579 100919 103474 95573 
206580 95210 104071 104016 
206581 99640 103201 99641 
206582 94583 103941 103192 
206583 99924 103596 103323 
206584 101550 104068 95509 
206585 99135 104022 101267 
206586 101104 103271 101671 
206587 103576 103684 100522 
206588 99846 103278 99210 
206589 100018 103347 98726 
206590 95438 103486 103471 
206591 94439 103811 103084 
206592 98041 103218 98686 
206593 5114 103329 103183 
206594 103830 103915 99631 
206595 102795 103785 94561 
206596 102350 104053 99617 
206597 98575 103836 100583 
206598 102231 103568 97380 
206599 100374 103792 103687 
206600 5170 103332 5171 
206601 96786 103235 96787 
206602 103083 103345 99052 
206603 99173 103234 99171 
206604 102018 103130 98847 
206605 96754 103854 100925 
206606 99329 103611 103427 
206607 95130 103220 95132 
206608 101165 103345 103083 
206609 96033 103224 96034 
206610 102925 103149 97838 
206611 101761 103548 103302 
206612 98716 103627 103273 
206613 96493 104019 103933 
206614 99518 103473 99517 
206615 97220 103282 97706 
206616 99419 103252 98877 
206617 96522 103168 102436 
206618 100756 104003 100289 
206619 100274 103309 98288 
206620 97498 103221 97890 
206621 95579 103265 95580 
206622 99639 103213 99640 
206623 102055 103640 99116 
206624 103265 103460 101248 
206625 98615 103228 99505 
206626 102673 103396 95525 
206627 98352 103215 99632 
206628 96106 103240 96102 
206629 96145 103238 96112 
206630 102894 103940 97423 
206631 95413 103307 95415 
206632 101975 103774 99571 
206633 97233 103649 103147 
206634 97908 103231 97909 
206635 98530 103225 99222 
206636 101221 104040 96899 
206637 102320 103147 98761 
206638 102144 103410 102858 
206639 103813 104075 100235 
206640 103131 103292 98142 
206641 101983 103216 96145 
206642 98608 103226 98152 
206643 100870 103558 98215 
206644 98532 103956 103915 
206645 101881 103219 97729 
206646 95419 103501 95422 
206647 100406 103527 102508 
206648 99451 103938 103824 
206649 102719 103437 99268 
206650 96715 103897 96717 
206651 103018 103719 101501 
206652 100364 103505 100363 
206653 99543 103762 103563 
206654 103016 103845 94597 
206655 98490 103208 103172 
206656 101415 103390 101414 
206657 98556 103323 99995 
206658 97201 103229 102988 
206659 97430 103853 96742 
206660 101208 103288 101668 
206661 95900 103285 95901 
206662 99666 103515 102861 
206663 95420 103908 103713 
206664 103776 103956 100209 
206665 103282 103405 97706 
206666 97176 103241 103189 
206667 96962 103342 103097 
206668 100280 103552 102323 
206669 103166 103244 94782 
206670 100775 103630 100776 
206671 97526 103379 98203 
206672 102611 103509 100804 
206673 103773 103865 99416 
206674 99158 103251 99160 
206675 103028 103707 101290 
206676 94782 103244 101933 
206677 102516 103418 94431 
206678 99865 103638 103625 
206679 99967 103335 98594 
206680 103130 103313 98847 
206681 100161 103266 99903 
206682 95208 103275 95209 
206683 99762 103267 99766 
206684 98251 103499 100235 
206685 99755 103388 103112 
206686 102903 103316 99662 
206687 103335 103520 99887 
206688 5391 103679 102667 
206689 99927 103732 102838 
206690 98343 103687 103666 
206691 100207 103593 103196 
206692 100648 103619 103325 
206693 100226 103928 100842 
206694 100878 103739 100877 
206695 99024 103570 102978 
206696 103306 103699 101907 
206697 97254 103185 102242 
206698 103245 103261 99475 
206699 5405 103368 5406 
206700 94501 103255 101590 
206701 98158 103388 95597 
206702 102317 103200 97656 
206703 103174 103835 99923 
206704 5318 103327 5319 
206705 94578 103910 101677 
206706 103216 103238 96145 
206707 101502 103555 95426 
206708 103791 104010 99601 
206709 99729 103253 99008 
206710 101940 103257 101157 
206711 100679 103370 99881 
206712 94447 103924 102263 
206713 101327 103401 100490 
206714 99443 103247 100265 
206715 103020 103262 94902 
206716 5434 103386 5435 
206717 99481 103175 101998 
206718 5113 103329 5114 
206719 98896 103719 103459 
206720 103094 103338 99509 
206721 101759 103342 96962 
206722 100112 103263 99349 
206723 100960 103850 100062 
206724 99884 103397 99430 
206725 101302 103611 99329 
206726 99766 103295 99767 
206727 95370 103271 95124 
206728 97205 104033 102108 
206729 94488 103766 5125 
206730 103209 103304 98359 
206731 101888 103321 99556 
206732 100391 103207 102295 
206733 98392 103417 98456 
206734 100099 103339 102649 
206735 95002 103369 103248 
206736 97662 103720 99502 
206737 103109 103363 94469 
206738 103329 103489 99562 
206739 100058 103827 100496 
206740 103269 103961 97150 
206741 98359 103304 97917 
206742 100017 104004 99650 
206743 102549 103162 99559 
206744 99834 103368 102841 
206745 103313 103416 99286 
206746 99556 103321 99557 
206747 103750 103857 99407 
206748 94469 103363 101858 
206749 99021 103087 103019 
206750 102430 103780 100119 
206751 103121 103838 99986 
206752 100468 103525 100467 
206753 101074 103838 94543 
206754 99756 103388 99755 
206755 101051 103338 103094 
206756 99475 103261 99476 
206757 103112 103388 98158 
206758 98641 103415 98434 
206759 94473 103398 5116 
206760 101459 103357 102983 
206761 103321 104031 99557 
206762 100321 103418 102516 
206763 95974 103305 95975 
206764 103114 103136 102120 
206765 103320 103459 99744 
206766 101274 103423 98557 
206767 98142 103292 99939 
206768 99420 103608 99834 
206769 100331 103300 100333 
206770 5291 103349 5292 
206771 96760 103498 101344 
206772 95406 103283 101908 
206773 97100 104069 103729 
206774 100514 103974 102791 
206775 102814 103185 99152 
206776 94443 103718 103211 
206777 102228 103274 98777 
206778 94744 103392 94746 
206779 100998 103637 96672 
206780 100624 103871 95781 
206781 103769 104007 100893 
206782 96710 103328 96708 
206783 99988 103384 99273 
206784 99403 103399 99405 
206785 100842 103928 97364 
206786 99985 103838 101074 
206787 94986 103448 94981 
206788 96672 103637 103625 
206789 100902 103470 100903 
206790 103153 103470 101535 
206791 99818 103287 102031 
206792 103186 104042 100553 
206793 101613 103303 94464 
206794 101841 103451 103165 
206795 100062 103362 100064 
206796 100886 104032 100742 
206797 97918 103431 99211 
206798 100949 103131 102918 
206799 99249 103973 99247 
206800 99481 103360 103175 
206801 98284 103773 99416 
206802 99194 103286 99192 
206803 99185 103299 99510 
206804 101205 103740 99560 
206805 99488 103250 102522 
206806 102914 103889 99983 
206807 103225 103355 99222 
206808 101928 103250 102916 
206809 101593 103378 103331 
206810 99537 104033 100542 
206811 99642 103346 99643 
206812 97298 103497 100756 
206813 5308 103372 5309 
206814 100488 104074 100492 
206815 100888 103446 96434 
206816 95002 103248 102313 
206817 101022 103445 98475 
206818 99812 103458 101496 
206819 100922 103902 100923 
206820 98445 103678 100891 
206821 97157 103374 103277 
206822 95312 103442 95310 
206823 101718 104038 103756 
206824 94450 103343 101199 
206825 94648 103312 94646 
206826 102028 103246 99155 
206827 94438 103532 101558 
206828 101845 103685 101844 
206829 96742 103853 101777 
206830 97904 103315 98564 
206831 94440 103298 101561 
206832 99225 103281 102206 
206833 97877 103674 102902 
206834 5263 103381 5264 
206835 101069 103957 98184 
206836 101593 103331 94562 
206837 103230 103613 102167 
206838 95273 103524 100775 
206839 99815 103957 103126 
206840 100011 104047 103922 
206841 94558 103325 101580 
206842 99457 103472 101092 
206843 101743 103731 101156 
206844 97629 103190 102921 
206845 100595 103284 102639 
206846 5009 103390 5010 
206847 102066 103259 96930 
206848 5125 103766 5126 
206849 101229 103238 103216 
206850 96717 103897 98437 
206851 96217 103857 100895 
206852 99323 103618 103387 
206853 98847 103313 99286 
206854 5154 103444 5155 
206855 94537 103727 101385 
206856 98238 103598 99554 
206857 102849 103569 99513 
206858 94530 103321 101888 
206859 99407 103334 99384 
206860 99959 103433 102970 
206861 102867 103265 101248 
206862 101021 103844 97903 
206863 99541 103279 102040 
206864 100985 103966 98591 
206865 94442 103705 103182 
206866 97814 103358 98290 
206867 94483 103348 5383 
206868 99452 103317 98893 
206869 99792 103464 99793 
206870 103507 103734 101216 
206871 103200 103425 99831 
206872 100897 103673 96751 
206873 102335 103245 99475 
206874 99322 103480 103426 
206875 97706 103405 98589 
206876 99924 103423 99925 
206877 95280 103366 95282 
206878 99930 103564 103413 
206879 103189 103241 101084 
206880 96773 103382 96779 
206881 99178 103330 99594 
206882 95424 103921 103658 
206883 97655 103810 101665 
206884 97111 103276 102086 
206885 97235 103294 101957 
206886 99522 103452 100258 
206887 95900 103587 103285 
206888 102313 103248 103024 
206889 95758 104009 101911 
206890 94445 103340 102304 
206891 99593 103364 99039 
206892 99052 103345 101769 
206893 94510 103344 5234 
206894 100702 104059 100699 
206895 103099 103111 99721 
206896 96713 103893 103472 
206897 5289 103407 5290 
206898 101983 103353 103216 
206899 97412 103393 97835 
206900 99323 103480 99322 
206901 94738 103487 94898 
206902 94567 103778 101624 
206903 102939 103749 98686 
206904 100286 104003 100285 
206905 94536 103435 101254 
206906 98300 104054 101040 
206907 102880 103779 99620 
206908 99550 104023 102404 
206909 103327 103463 5319 
206910 99549 104061 98696 
206911 102274 103320 99744 
206912 100013 103664 103595 
206913 100952 103436 100954 
206914 102070 103322 99555 
206915 99322 103426 99485 
206916 97682 103302 102294 
206917 99182 103375 102765 
206918 95801 103433 94609 
206919 99203 103354 99451 
206920 99222 103355 99446 
206921 101755 103394 99887 
206922 103050 103427 95763 
206923 102955 103398 100026 
206924 97157 103277 102368 
206925 99941 103715 103708 
206926 95435 103486 95438 
206927 95084 103371 95082 
206928 97137 103735 102349 
206929 99872 103702 98672 
206930 100923 103591 100921 
206931 96749 103663 101477 
206932 103843 104035 100103 
206933 95573 103964 100541 
206934 100699 104059 100737 
206935 100016 103873 100015 
206936 101037 103716 96388 
206937 101868 103742 103159 
206938 95204 103391 95205 
206939 94894 103904 101028 
206940 98768 103971 100958 
206941 96977 103962 101027 
206942 99320 103376 98309 
206943 103028 104021 99884 
206944 102351 103977 103649 
206945 100388 103514 99532 
206946 99216 103367 99229 
206947 99898 103710 99896 
206948 5407 103469 94463 
206949 99641 103113 102983 
206950 101001 103938 96804 
206951 96185 103485 103389 
206952 98473 103583 101263 
206953 99741 103646 99561 
206954 98437 103536 98438 
206955 101394 103380 101393 
206956 103824 103938 101001 
206957 98538 103350 101837 
206958 101079 103534 103345 
206959 103034 103320 102274 
206960 97979 103365 99477 
206961 95881 103387 99297 
206962 103429 103482 95568 
206963 94684 103506 94686 
206964 103195 104042 94511 
206965 98290 103508 100517 
206966 103242 103883 99297 
206967 103498 103934 101344 
206968 103353 103447 101279 
206969 101839 103451 101841 
206970 101578 103899 103067 
206971 96810 103784 97188 
206972 99358 103538 99356 
206973 96677 103518 96680 
206974 101878 103703 101401 
206975 101516 103623 103622 
206976 102373 103829 103617 
206977 99412 103483 99625 
206978 100004 103858 102857 
206979 103477 103584 94917 
206980 103217 103246 102028 
206981 94770 103484 94771 
206982 94505 103378 101593 
206983 100489 104074 100488 
206984 103086 103601 94506 
206985 103067 103899 100614 
206986 100495 103360 99481 
206987 99201 103169 102699 
206988 99471 103790 103405 
206989 97013 103385 96198 
206990 97759 104057 100598 
206991 100971 103618 98415 
206992 97254 103449 103185 
206993 96032 103490 96031 
206994 100336 103528 100334 
206995 94441 103809 101570 
206996 100015 103796 102856 
206997 103172 103227 99189 
206998 103116 103488 99131 
206999 98711 103419 98709 
207000 101685 103654 103137 
207001 98385 103413 98386 
207002 102035 103336 95283 
207003 103278 103898 99410 
207004 102456 103994 100099 
207005 99141 103519 102884 
207006 96436 103576 100522 
207007 97367 103296 102283 
207008 102940 103514 100388 
207009 101714 103454 99213 
207010 98394 103383 99809 
207011 102333 103768 97261 
207012 102902 103674 99484 
207013 102872 103519 99141 
207014 100535 103477 100533 
207015 100966 103967 100967 
207016 100903 103470 103153 
207017 102892 103491 101226 
207018 99638 103727 103173 
207019 102862 103308 97910 
207020 100256 103457 99296 
207021 95320 103542 95318 
207022 100484 103855 99327 
207023 103246 103453 99155 
207024 103137 103654 99207 
207025 95430 103546 101516 
207026 95525 103396 99328 
207027 94529 103657 101845 
207028 103317 103736 96973 
207029 99586 103964 103474 
207030 98829 104031 102472 
207031 97137 103859 103647 
207032 100014 103610 103490 
207033 100232 103758 103714 
207034 102330 103408 99350 
207035 97834 103731 101743 
207036 101972 103753 99470 
207037 103325 103619 101580 
207038 103243 103476 99074 
207039 94748 103556 94894 
207040 99952 104069 99953 
207041 103395 103744 101467 
207042 97438 103579 97440 
207043 102149 103341 97228 
207044 97058 103353 101983 
207045 101594 103406 94505 
207046 99476 103412 98488 
207047 102676 103205 98753 
207048 102699 103169 99882 
207049 100665 103958 103619 
207050 100312 103411 99276 
207051 98775 103337 101944 
207052 101645 103287 103013 
207053 102663 104009 95758 
207054 103036 103095 99721 
207055 103257 103258 101157 
207056 98672 103609 99912 
207057 5201 103462 5202 
207058 101522 103522 98678 
207059 103923 103982 99863 
207060 101700 103628 94586 
207061 102540 103582 101738 
207062 5319 103463 5320 
207063 96031 103578 96015 
207064 95579 103460 103265 
207065 94443 103401 101626 
207066 99290 103808 103146 
207067 94602 103521 94603 
207068 99227 103787 99954 
207069 99643 103346 103125 
207070 103196 103593 99319 
207071 103806 103871 99971 
207072 102916 103250 99488 
207073 94484 103408 102330 
207074 98247 103863 103805 
207075 97374 103543 97919 
207076 102232 103427 101877 
207077 101179 103932 99477 
207078 102969 103116 99131 
207079 103695 103807 101033 
207080 94440 103888 103298 
207081 102949 103224 99512 
207082 100901 103626 98440 
207083 97809 103635 100526 
207084 100539 103571 98939 
207085 99116 103640 102905 
207086 103216 103353 99737 
207087 100509 103669 100564 
207088 101210 103615 99137 
207089 99454 103642 103445 
207090 5111 103531 5112 
207091 94459 103559 5110 
207092 99743 103221 102984 
207093 5084 103494 5085 
207094 99642 103479 103346 
207095 101881 103395 103219 
207096 102990 103094 99509 
207097 100226 103421 100223 
207098 103066 103189 101084 
207099 94896 103429 95568 
207100 101490 103624 94788 
207101 102303 103369 95002 
207102 102749 103792 100033 
207103 99602 103971 102543 
207104 100072 103585 99749 
207105 102351 103649 97233 
207106 95123 103808 102748 
207107 102157 103942 94471 
207108 98248 103563 103425 
207109 100205 103736 102672 
207110 101562 103434 101594 
207111 103070 103117 99051 
207112 101384 103724 97696 
207113 99847 103258 103257 
207114 100123 104055 102911 
207115 102498 103683 96550 
207116 97597 103629 98158 
207117 100825 103912 100826 
207118 98317 103495 98009 
207119 99084 103604 101212 
207120 100895 103857 103750 
207121 99229 103367 103326 
207122 100350 103577 101825 
207123 99347 103895 103085 
207124 100870 103757 103720 
207125 103004 103725 99987 
207126 94674 103590 95728 
207127 99561 103936 100620 
207128 103501 103541 95422 
207129 99483 103602 100423 
207130 99646 103510 99417 
207131 97305 103439 94733 
207132 100807 103806 103753 
207133 94505 103406 103378 
207134 95904 103424 95906 
207135 101859 103575 101860 
207136 95970 103455 95971 
207137 103447 103617 101280 
207138 99229 103326 102525 
207139 100915 103613 103230 
207140 102450 103951 101872 
207141 98220 103696 100497 
207142 103159 103742 99256 
207143 95200 103467 95201 
207144 103385 103457 100256 
207145 96977 104041 103962 
207146 102486 103811 94439 
207147 101613 103820 103303 
207148 94507 103834 102937 
207149 103427 103611 101877 
207150 101869 103742 101868 
207151 99353 104049 103580 
207152 99733 103456 99313 
207153 102369 103374 97157 
207154 100302 104073 99786 
207155 102629 103672 5133 
207156 99788 103692 98907 
207157 96185 103389 102375 
207158 100147 103647 100174 
207159 103426 103482 99485 
207160 100558 103643 100562 
207161 98604 103394 102112 
207162 103595 103664 98612 
207163 103523 103802 94480 
207164 101535 103470 94542 
207165 99422 103536 102794 
207166 102116 103473 99518 
207167 99730 103839 100902 
207168 94478 103441 102750 
207169 102261 103503 101257 
207170 102489 103851 101195 
207171 99084 103714 103604 
207172 101010 103735 100148 
207173 94656 103450 94654 
207174 94458 103654 101685 
207175 99601 104010 101243 
207176 101594 103434 103406 
207177 103968 104001 99936 
207178 97116 103403 102066 
207179 97741 103395 101881 
207180 97597 103652 103629 
207181 100807 103753 100808 
207182 99566 103402 102062 
207183 103828 103860 99648 
207184 99189 103227 103066 
207185 101501 103719 98896 
207186 99502 103757 100016 
207187 100694 103979 100886 
207188 95088 103478 95086 
207189 95429 103496 95428 
207190 95686 103901 103602 
207191 103721 103887 94804 
207192 103480 103553 97764 
207193 99799 103658 101112 
207194 99320 103557 103376 
207195 102423 103414 98676 
207196 5283 103533 5284 
207197 100363 103671 100361 
207198 5287 103535 5288 
207199 99788 103730 103692 
207200 95727 103682 95750 
207201 99968 103717 99967 
207202 103671 103768 100361 
207203 101779 103562 98538 
207204 97921 103461 96968 
207205 99744 103459 99745 
207206 100109 103488 103116 
207207 100847 103711 101118 
207208 103590 104005 95728 
207209 94437 103473 102116 
207210 103790 103892 98589 
207211 98211 103239 102905 
207212 97645 103819 100760 
207213 96750 104000 100668 
207214 95025 103698 101660 
207215 99155 103453 99538 
207216 94519 103566 101907 
207217 97058 103447 103353 
207218 100958 103701 98445 
207219 103499 103813 100235 
207220 94503 103465 101592 
207221 103609 103752 99912 
207222 5069 103567 5070 
207223 99562 103489 99295 
207224 103707 103804 98232 
207225 101418 103910 94578 
207226 98343 103666 98289 
207227 96672 103625 96673 
207228 100974 103891 99613 
207229 101733 103508 103358 
207230 100041 103544 99743 
207231 101723 103616 94529 
207232 98445 103701 103678 
207233 98248 103425 102317 
207234 103774 103904 94894 
207235 100468 104063 103525 
207236 99334 103720 97662 
207237 94445 103577 103340 
207238 98538 103562 103350 
207239 96013 103507 96016 
207240 101267 103782 102922 
207241 100819 103689 103511 
207242 95385 103769 100893 
207243 99074 103476 99644 
207244 102936 103356 102774 
207245 5350 103554 5351 
207246 94734 103662 94736 
207247 102596 103351 100752 
207248 99828 103500 99251 
207249 98135 103493 98624 
207250 103117 103812 98316 
207251 103402 103501 95418 
207252 101290 103707 98232 
207253 100856 104070 100857 
207254 103340 103577 100350 
207255 100170 103986 97759 
207256 95556 103780 102192 
207257 99598 103523 99318 
207258 102066 103403 103259 
207259 103147 103649 102065 
207260 98229 103356 102936 
207261 94801 103721 94804 
207262 99790 103730 99788 
207263 97450 103725 97283 
207264 103796 103873 97540 
207265 100359 103768 103765 
207266 100778 104027 100780 
207267 102858 103410 100021 
207268 100658 103728 100657 
207269 99350 103408 102270 
207270 100097 103918 97645 
207271 97922 103763 99792 
207272 94621 103606 94623 
207273 97116 103492 103403 
207274 103231 103318 97909 
207275 101089 104048 101088 
207276 101726 103620 94595 
207277 101560 103636 99493 
207278 94757 103539 94668 
207279 103213 103708 99640 
207280 103846 103985 94784 
207281 98225 103512 98575 
207282 98598 103520 98599 
207283 100153 103504 99521 
207284 99146 103491 98192 
207285 98628 103999 102318 
207286 5156 103690 5157 
207287 100447 103640 97270 
207288 98430 103796 97540 
207289 102037 103404 99824 
207290 102851 103441 101708 
207291 100806 103789 97651 
207292 99071 103924 100274 
207293 97004 103140 102947 
207294 102985 103507 101216 
207295 99339 103517 99278 
207296 99890 103942 102157 
207297 94588 103659 101723 
207298 97516 103545 103457 
207299 101152 103993 99933 
207300 99504 103551 97832 
207301 101388 103651 101387 
207302 100695 103823 100694 
207303 99326 103516 101979 
207304 101855 103996 101704 
207305 96580 104006 96581 
207306 100163 103642 99453 
207307 97540 103873 97539 
207308 99628 103858 100004 
207309 100895 103750 96754 
207310 98066 103515 99146 
207311 97696 103651 101427 
207312 98617 103995 97866 
207313 100476 104013 103032 
207314 100587 103970 97584 
207315 102813 103217 102028 
207316 99869 103828 99648 
207317 100780 103817 99449 
207318 100359 103765 100054 
207319 100007 103475 102041 
207320 96273 103795 96271 
207321 99536 103549 103417 
207322 100361 103768 100359 
207323 94904 104017 100613 
207324 99648 103860 100972 
207325 5277 103597 5278 
207326 102928 103626 99096 
207327 103298 103888 99966 
207328 101477 103663 102517 
207329 97812 103792 100374 
207330 103345 103534 101769 
207331 100711 104040 101221 
207332 99479 103217 102813 
207333 99890 103703 101878 
207334 5232 103599 5233 
207335 100542 104033 97205 
207336 101399 103802 101505 
207337 101153 103652 97597 
207338 5367 103592 5368 
207339 102844 103241 97176 
207340 5350 103632 103554 
207341 99838 103878 100253 
207342 98253 103689 100819 
207343 102317 103425 103200 
207344 101807 103572 100754 
207345 95966 103560 95967 
207346 98275 103757 100870 
207347 100245 103892 103790 
207348 94656 103529 103450 
207349 102201 103447 97058 
207350 99340 103574 99339 
207351 95781 103806 100807 
207352 94658 103529 94656 
207353 97364 103965 100828 
207354 99546 103775 103694 
207355 100072 103705 103585 
207356 99966 103888 100597 
207357 101769 103534 99923 
207358 100035 103713 100034 
207359 96261 103981 97456 
207360 100667 103917 100812 
207361 101876 103665 94485 
207362 102421 103460 95579 
207363 102474 103504 100153 
207364 95838 103526 95791 
207365 97866 103843 97660 
207366 97894 103900 98245 
207367 101176 104018 101175 
207368 100014 103664 100013 
207369 101401 103703 94577 
207370 96493 103933 101292 
207371 99581 104039 100986 
207372 102204 103932 96996 
207373 100048 103557 99320 
207374 94781 103846 94784 
207375 94792 103862 101508 
207376 100289 104003 100286 
207377 94757 103655 103539 
207378 99277 103541 99566 
207379 99566 103541 103501 
207380 99819 103866 99122 
207381 102446 103509 97052 
207382 98452 103877 99746 
207383 100985 103589 98888 
207384 99451 103573 99227 
207385 102484 103752 102726 
207386 5349 103632 5350 
207387 95007 103634 103513 
207388 103823 103874 97305 
207389 102256 103449 97254 
207390 94804 103887 101519 
207391 95401 103987 102462 
207392 99470 103806 99971 
207393 97295 103895 102169 
207394 97468 103939 97469 
207395 98414 103519 102872 
207396 99329 103427 103050 
207397 98857 103357 102714 
207398 103358 103508 98290 
207399 99503 103960 100377 
207400 101216 103840 101215 
207401 103284 103793 94544 
207402 95905 103800 95903 
207403 102650 103848 94444 
207404 101635 103530 101634 
207405 94619 103861 95513 
207406 98470 103955 103930 
207407 102245 103466 97100 
207408 101847 104002 101846 
207409 102859 103552 100281 
207410 96284 103432 102385 
207411 103188 103238 101229 
207412 97282 103889 96936 
207413 99521 103504 103065 
207414 101872 103951 94525 
207415 98611 103595 98612 
207416 99344 103581 99346 
207417 103397 104021 101572 
207418 99259 103508 101733 
207419 101195 103851 102771 
207420 96830 103916 97101 
207421 98468 103968 103955 
207422 101697 103723 94591 
207423 100232 103714 99084 
207424 99989 104065 99988 
207425 100697 103874 100695 
207426 102202 104050 99551 
207427 95328 104055 95596 
207428 94784 103985 101490 
207429 99847 103903 99846 
207430 99348 103596 98335 
207431 102999 103944 101564 
207432 98079 103580 101799 
207433 98948 103550 99520 
207434 101844 103738 94453 
207435 99509 103338 102772 
207436 100893 104007 100894 
207437 103598 103763 99554 
207438 97188 103824 101001 
207439 100925 103911 96231 
207440 101421 103699 101423 
207441 99188 103565 99942 
207442 102411 103544 100041 
207443 5321 103656 5322 
207444 102058 103492 97116 
207445 97696 103724 103651 
207446 103572 103746 100754 
207447 101532 103600 94541 
207448 101002 104041 96977 
207449 100367 104043 98655 
207450 101371 103582 102540 
207451 100851 103801 101259 
207452 103176 103942 99889 
207453 103821 103910 101418 
207454 101307 103502 103039 
207455 94483 104052 103348 
207456 100090 103834 101335 
207457 98417 103712 98132 
207458 99513 103569 102681 
207459 101019 103821 101020 
207460 103649 103977 101436 
207461 101479 103870 95748 
207462 99914 103940 98995 
207463 98408 103761 100390 
207464 99093 103311 102860 
207465 101156 103731 101158 
207466 103782 104022 95795 
207467 101033 103907 101031 
207468 5203 103676 5204 
207469 98470 103930 99757 
207470 94903 103584 94900 
207471 100230 103811 100231 
207472 102155 103545 97516 
207473 99341 103605 100151 
207474 103465 104048 101089 
207475 96133 104067 95868 
207476 101820 103373 102695 
207477 101387 103724 99661 
207478 102294 103548 98932 
207479 103262 103446 100888 
207480 101624 103577 94445 
207481 98468 103955 98470 
207482 94467 103504 102474 
207483 103460 103798 101247 
207484 98112 103968 98468 
207485 102973 103461 100298 
207486 99183 103984 98102 
207487 98719 103440 102613 
207488 99608 103771 98085 
207489 98028 103700 101300 
207490 96619 103991 101288 
207491 96899 104040 102091 
207492 97478 103943 103781 
207493 95728 104005 97624 
207494 99662 103212 103101 
207495 94933 103655 94757 
207496 103997 104015 99856 
207497 99433 103614 99431 
207498 99813 103872 101333 
207499 101799 104049 99664 
207500 99355 103776 100158 
207501 102446 103849 103509 
207502 100427 103837 103747 
207503 94615 103759 94617 
207504 103562 103781 99771 
207505 101580 103619 94428 
207506 99571 103774 99796 
207507 99722 103875 99724 
207508 99909 103262 103020 
207509 94503 104048 103465 
207510 99339 103574 103555 
207511 102988 103229 100619 
207512 101104 104078 101103 
207513 99319 103593 99598 
207514 95211 104071 95210 
207515 95007 103513 102369 
207516 99567 103904 101975 
207517 94600 103661 5445 
207518 99893 103607 99829 
207519 99468 103623 99439 
207520 100145 103794 100143 
207521 98210 103863 98247 
207522 101825 103778 99741 
207523 95781 103871 103806 
207524 100209 103956 98532 
207525 100006 103616 100007 
207526 100069 103947 98617 
207527 99660 103622 99468 
207528 101344 103934 94976 
207529 99137 103615 98596 
207530 103616 103659 100007 
207531 5189 103660 94598 
207532 102546 103479 99642 
207533 102682 103420 97201 
207534 98250 103612 98249 
207535 94572 103903 103257 
207536 5134 103672 94601 
207537 97890 103842 102695 
207538 99780 103628 99860 
207539 5215 103718 5216 
207540 98927 103837 100427 
207541 103510 103767 99417 
207542 103651 103724 101387 
207543 99727 103631 98870 
207544 96013 103734 103507 
207545 100377 103949 100376 
207546 97553 103686 97551 
207547 98368 103994 98367 
207548 102004 103782 95795 
207549 96811 103894 96810 
207550 99429 103633 99742 
207551 103545 103756 101836 
207552 101877 103611 97150 
207553 95542 103856 97590 
207554 94568 103333 103056 
207555 98713 103627 98716 
207556 94599 103679 5390 
207557 99771 103781 99558 
207558 99719 104068 101550 
207559 101391 103898 94476 
207560 102167 103613 97968 
207561 99618 103992 98131 
207562 99560 103777 98486 
207563 102189 103594 97062 
207564 99854 103997 99856 
207565 99824 103610 99283 
207566 94601 103672 102629 
207567 99750 103882 99787 
207568 101731 103786 95018 
207569 99830 103762 97818 
207570 102667 103679 94599 
207571 102316 103563 98248 
207572 99856 104015 99975 
207573 102721 103878 94496 
207574 99644 103704 99073 
207575 96494 104019 96493 
207576 102774 103356 99231 
207577 94497 103974 101586 
207578 99645 104010 102158 
207579 98772 103772 103639 
207580 102124 103553 101801 
207581 94594 104053 101869 
207582 103470 103839 94542 
207583 96991 103641 101731 
207584 101662 104030 99837 
207585 101247 103922 101245 
207586 103620 103621 100188 
207587 96749 104006 103663 
207588 101587 103648 94507 
207589 99546 103694 99545 
207590 95803 103737 95697 
207591 99804 103865 99805 
207592 102065 103649 101436 
207593 102765 103375 98926 
207594 102254 103588 98974 
207595 103302 103548 102294 
207596 94432 103636 101560 
207597 99820 103727 99638 
207598 99972 103832 102111 
207599 103646 103936 99561 
207600 101723 103659 103616 
207601 94460 103821 101418 
207602 101677 103910 101019 
207603 102424 104034 94456 
207604 102487 103956 99355 
207605 100245 103790 101885 
207606 102339 103524 99940 
207607 100006 103657 103616 
207608 101620 103646 94567 
207609 98232 103804 99262 
207610 98158 103722 103112 
207611 94701 103670 95559 
207612 99733 104014 103456 
207613 99863 103982 101617 
207614 95686 103765 102333 
207615 96586 103668 96584 
207616 101019 103910 103821 
207617 102809 103570 102810 
207618 103622 103623 99468 
207619 99181 103653 97763 
207620 100733 103788 101741 
207621 100986 103966 100985 
207622 101736 103697 101023 
207623 98858 103568 102231 
207624 103342 103510 99646 
207625 100119 103780 103120 
207626 97920 103751 99797 
207627 99247 103973 99252 
207628 99867 103876 101483 
207629 103046 103227 99044 
207630 94514 104013 102995 
207631 100902 103839 103470 
207632 101324 104044 101325 
207633 102246 103675 98878 
207634 97909 103318 102990 
207635 101620 103936 103646 
207636 96011 103734 96013 
207637 100754 103746 100753 
207638 102782 103601 100652 
207639 95509 104068 102211 
207640 103657 103685 101845 
207641 100078 103845 103016 
207642 102666 103717 99968 
207643 98702 103681 98700 
207644 102323 103552 98006 
207645 95725 103693 95726 
207646 103578 103610 99824 
207647 103400 103458 99812 
207648 99484 103722 102030 
207649 99627 103920 103849 
207650 103280 103540 94427 
207651 103994 104001 98367 
207652 5063 103919 5064 
207653 99586 103591 102463 
207654 99868 103673 99499 
207655 97117 103603 102058 
207656 101163 104079 101162 
207657 102750 103441 100246 
207658 99331 103570 102809 
207659 102485 103899 94502 
207660 99055 103868 103123 
207661 103616 103657 94529 
207662 99753 103959 100104 
207663 101280 103829 101281 
207664 102301 103972 99036 
207665 5225 103814 5226 
207666 96843 103745 96845 
207667 99626 103920 99627 
207668 99889 103942 99890 
207669 103201 103708 97005 
207670 99761 104012 103267 
207671 5066 103953 5067 
207672 100695 103874 103823 
207673 97763 103885 97762 
207674 102970 103433 95801 
207675 103630 103812 100776 
207676 101880 103764 98935 
207677 103544 103842 97890 
207678 99886 103702 99335 
207679 101862 103561 102303 
207680 99609 103691 98246 
207681 5260 103847 5261 
207682 102015 103657 100006 
207683 101838 103667 95387 
207684 97452 103617 102201 
207685 98772 103639 102009 
207686 101684 103935 99921 
207687 98244 103896 101654 
207688 98639 103787 99972 
207689 100157 103716 99565 
207690 102369 103513 103374 
207691 98678 103522 103380 
207692 98716 103864 98002 
207693 103740 103869 99560 
207694 103084 103811 100230 
207695 94515 103741 5366 
207696 96154 103935 101684 
207697 101467 103744 101468 
207698 103710 103748 99896 
207699 103138 103243 99074 
207700 98946 104046 99893 
207701 97270 103640 102055 
207702 98299 103797 98300 
207703 102990 103318 103094 
207704 98455 103825 101361 
207705 103609 103702 99886 
207706 95898 103729 95900 
207707 98316 103630 102339 
207708 102568 103549 102217 
207709 95605 103989 95629 
207710 100905 103941 100904 
207711 103949 103983 100376 
207712 98334 103743 99348 
207713 99207 103654 102094 
207714 98717 103770 98690 
207715 95541 103943 97478 
207716 99429 103791 103633 
207717 98011 103733 99102 
207718 99759 103818 99086 
207719 99634 103481 102736 
207720 102365 103634 95007 
207721 99817 103978 103945 
207722 101601 103748 94564 
207723 100102 103819 100100 
207724 99942 103715 99941 
207725 100248 103855 99980 
207726 99817 103945 98068 
207727 100246 103892 100245 
207728 99417 103767 99740 
207729 102978 103570 99331 
207730 99563 103547 103026 
207731 99617 104053 103709 
207732 99657 103772 98772 
207733 101235 104026 103119 
207734 96550 103683 103044 
207735 102058 103603 103492 
207736 101693 103749 102939 
207737 99454 103697 102836 
207738 94516 103783 5214 
207739 99917 104011 99897 
207740 102201 103617 103447 
207741 98317 103688 103495 
207742 102517 103663 100183 
207743 103044 103683 100175 
207744 101836 103756 99001 
207745 99620 103779 99619 
207746 103762 103886 97818 
207747 96841 103841 96843 
207748 99226 103810 99960 
207749 102281 103638 99865 
207750 97997 103815 99151 
207751 94751 103799 94705 
207752 102797 104031 98829 
207753 103822 104024 101882 
207754 102452 104025 94494 
207755 99115 103685 102015 
207756 99742 103633 103484 
207757 5240 103980 5241 
207758 98589 103892 99048 
207759 94544 103793 101563 
207760 103619 103958 94428 
207761 103756 104038 99001 
207762 100063 103852 100060 
207763 96843 103841 103745 
207764 100124 103976 100123 
207765 103451 103770 98717 
207766 98431 103791 99429 
207767 98386 103912 103049 
207768 94561 103785 101583 
207769 95121 103807 95123 
207770 103310 103424 99951 
207771 98143 103835 100000 
207772 99103 103983 103949 
207773 95646 104064 95649 
207774 100083 103706 103247 
207775 94937 103954 94935 
207776 97177 104028 101823 
207777 103056 103333 100480 
207778 100044 103789 99428 
207779 99348 103743 103624 
207780 99967 103717 103520 
207781 100009 104047 100011 
207782 103641 103786 101731 
207783 100071 103946 100072 
207784 102031 103978 99817 
207785 103986 104057 97759 
207786 99078 103905 98125 
207787 96031 103610 103578 
207788 5212 104066 5213 
207789 100100 103918 99614 
207790 98137 103644 102546 
207791 103755 103984 99183 
207792 94542 103839 101536 
207793 99617 103709 102177 
207794 99015 103879 98813 
207795 94729 103831 94758 
207796 100241 103884 99603 
207797 98696 104061 98697 
207798 94666 103859 94664 
207799 101671 104078 101104 
207800 94563 103820 101613 
207801 101403 103929 101405 
207802 102234 103740 94917 
207803 103012 103468 99878 
207804 97818 103886 99208 
207805 96586 103998 103668 
207806 99504 103990 101813 
207807 103691 104051 100868 
207808 100313 103933 100312 
207809 98672 103702 103609 
207810 96837 103950 96839 
207811 103819 103918 100100 
207812 100614 103899 102485 
207813 103607 103881 99829 
207814 95210 104016 102060 
207815 102296 103822 101882 
207816 100305 103833 99599 
207817 100363 103680 103671 
207818 102303 103561 103369 
207819 103094 103318 101053 
207820 102404 104023 97789 
207821 95424 103908 95421 
207822 99610 103867 100210 
207823 102015 103685 103657 
207824 100115 104072 100118 
207825 103708 103715 97005 
207826 5236 103937 94442 
207827 101820 103842 102411 
207828 95428 103921 95425 
207829 102657 103888 94440 
207830 102006 103993 97371 
207831 98139 103988 97669 
207832 103048 103911 99478 
207833 100173 103986 99495 
207834 98256 103890 98257 
207835 102096 103749 97871 
207836 97146 103961 97235 
207837 97113 103893 96714 
207838 99131 103488 102838 
207839 100922 103976 103902 
207840 99379 103948 99382 
207841 103311 103677 96758 
207842 103520 103717 98599 
207843 95795 104022 101605 
207844 99742 103468 103012 
207845 98929 103926 102267 
207846 95630 103901 95606 
207847 102603 103660 5188 
207848 94502 103899 101578 
207849 99505 104034 102424 
207850 100285 103965 100283 
207851 97645 103918 103819 
207852 103123 104051 99609 
207853 98970 103925 99142 
207854 100283 103965 103928 
207855 99256 103742 102350 
207856 102119 103750 99407 
207857 103563 103762 99830 
207858 97857 104078 101671 
207859 94640 103914 94638 
207860 97156 103754 102365 
207861 99631 103915 99630 
207862 98184 103957 98763 
207863 101564 103944 101591 
207864 103464 103598 98239 
207865 94598 103660 102603 
207866 100283 103928 100226 
207867 98064 103969 98030 
207868 100229 104057 100173 
207869 99651 103952 101794 
207870 99792 103763 103598 
207871 94564 103748 103710 
207872 99848 103909 102082 
207873 94428 103958 101581 
207874 103808 104020 100038 
207875 99103 103949 101827 
207876 99001 104038 100025 
207877 102801 103505 99424 
207878 94429 104058 5328 
207879 99735 104014 99733 
207880 100541 103964 99585 
207881 100201 104056 100202 
207882 102339 103630 103524 
207883 102111 103784 100112 
207884 101950 103913 97311 
207885 94513 104063 103072 
207886 103152 103738 99115 
207887 100038 104020 100037 
207888 102695 103842 101820 
207889 99395 104060 99392 
207890 101596 103975 94553 
207891 95838 103645 103526 
207892 96588 103998 96586 
207893 99936 104001 99658 
207894 94512 103936 101620 
207895 98316 103812 103630 
207896 103192 103941 100905 
207897 102791 103974 94497 
207898 101867 104029 99362 
207899 103120 103780 95556 
207900 101553 104052 94483 
207901 100173 104057 103986 
207902 102360 103977 98001 
207903 99664 104049 98291 
207904 95723 104045 95721 
207905 98825 103816 102063 
207906 103071 103373 101415 
207907 102051 103845 100078 
207908 97115 103869 102234 
207909 99551 104000 100163 
207910 103571 103705 100072 
207911 99068 104037 98118 
207912 101436 103977 102360 
207913 102495 104048 94503 
207914 100392 103970 100395 
207915 102884 103519 101696 
207916 101882 104024 97119 
207917 99866 104028 102352 
207918 97763 104030 103885 
207919 94506 103601 102782 
207920 97822 104036 98012 
207921 102821 104070 99647 
207922 98001 103977 102351 
207923 98591 103966 101984 
207924 102260 103823 97305 
207925 99478 103854 102119 
207926 103868 104051 103123 
207927 103928 103965 97364 
207928 94564 103710 102538 
207929 103995 104035 97866 
207930 97215 103428 103002 
207931 98509 103527 102926 
207932 99462 103683 102498 
207933 99933 103993 102006 
207934 100309 103987 103236 
207935 101733 103358 103178 
207936 102772 103990 99504 
207937 103459 103719 99745 
207938 102937 103834 100090 
207939 103146 103808 95123 
207940 102717 103677 99827 
207941 102321 103826 99564 
207942 103524 103630 100775 
207943 102672 103736 99452 
207944 102169 103895 100150 
207945 103880 103921 95428 
207946 102534 104004 94459 
207947 103085 103895 97295 
207948 99971 103569 102849 
207949 102726 103609 99886 
207950 101562 103540 103434 
207951 99827 103677 103311 
207952 99623 104035 102249 
207953 102011 103996 98799 
207954 103798 103922 101247 
207955 99315 103732 102609 
207956 103546 103623 101516 
207957 99568 103848 102650 
207958 102365 103754 103634 
207959 102664 104077 99553 
207960 98627 103752 102484 
207961 103182 103705 100539 
207962 101088 104048 102495 
207963 100278 103803 103239 
207964 103559 104004 100017 
207965 101311 103798 102421 
207966 103236 103987 95401 
207967 102119 103854 103750 
207968 99477 103932 102204 
207969 101904 104016 100495 
207970 103505 103680 100363 
207971 99627 103849 102446 
207972 99834 103608 103469 
207973 99324 103835 103174 
207974 100970 103967 103693 
207975 94759 103979 102260 
207976 102249 103995 100300 
207977 101112 103921 103880 
207978 99829 103881 102396 
207979 102979 103615 101210 
207980 102521 103983 99103 
207981 103617 103829 101280 
207982 102091 104040 100711 
207983 102108 104033 99537 
207984 102234 103869 103740 
207985 102249 104035 103995 
207986 99760 103812 103117 
207987 100253 103878 102721 
207988 100300 103995 103947 
207989 99745 103719 103018 
207990 103466 104069 97100 
207991 102211 104068 99719 
207992 95535 103680 102801 
207993 103648 103834 94507 
207994 102352 104028 97177 
207995 103750 103854 96754 
207996 98685 103726 103098 
207997 103701 103971 99602 
207998 100316 103759 102975 
207999 103943 104062 99955 
208000 103947 103995 98617 
208001 99955 104062 102549 
208002 100095 103951 102450 
208003 103164 104032 94759 
208004 94553 103975 103514 
208005 94455 104012 102576 
208006 102905 103640 100447 
208007 102421 103798 103460 
208008 103902 103976 100124 
208009 102260 103979 103823 
208010 102543 103971 98768 
208011 102023 103755 102844 
208012 101176 104060 104018 
208013 100013 103595 103232 
208014 100112 103894 103263 
208015 103119 103664 100014 
208016 100923 103902 102500 
208017 103135 103531 100017 
208018 103557 103766 94488 
208019 103823 103979 100694 
208020 99323 103553 103480 
208021 103247 103706 100265 
208022 103537 103853 97430 
208023 99232 103883 103242 
208024 103211 103718 100489 
208025 103127 103592 100164 
208026 94442 103937 103585 
208027 102748 103808 100038 
208028 102462 103987 99480 
208029 100342 104025 102452 
208030 102771 103851 101818 
208031 103729 104069 99952 
208032 102801 103680 103505 
208033 103585 103705 94442 
208034 99452 103736 103317 
208035 100285 104003 103497 
208036 103734 103840 101216 
208037 103324 103803 100277 
208038 103517 103555 101502 
208039 100597 103888 102657 
208040 103323 103596 99995 
208041 103112 103674 102364 
208042 99967 103520 103335 
208043 97111 104027 103276 
208044 103126 103957 101069 
208045 99554 103763 103021 
208046 94476 103898 103278 
208047 98437 103897 103605 
208048 101568 103813 102950 
208049 99566 103501 103402 
208050 101549 104009 102663 
208051 103362 103726 98685 
208052 102895 103848 99568 
208053 99742 103484 103468 
208054 103336 103817 95283 
208055 102995 104013 100475 
208056 100610 103540 103280 
208057 100215 103927 102816 
208058 101256 103961 103269 
208059 103558 103720 99334 
208060 99843 103760 103051 
208061 99066 103990 102772 
208062 103468 103484 94770 
208063 99640 103708 103201 
208064 94494 104025 103115 
208065 99560 103869 103777 
208066 103257 103903 99847 
208067 103383 103586 99809 
208068 103490 103610 96031 
208069 99557 104031 102797 
208070 103417 103549 98456 
208071 103146 103695 99879 
208072 103107 103773 99982 
208073 103404 103578 99824 
208074 100535 103584 103477 
208075 103261 104007 99476 
208076 102844 103755 103241 
208077 100300 103947 102933 
208078 103413 103564 98386 
208079 99407 103857 103334 
208080 100161 103662 103266 
208081 102111 103832 103784 
208082 99339 103555 103517 
208083 103387 103618 99297 
208084 94543 103838 103121 
208085 103032 104013 94514 
208086 103293 103905 100237 
208087 103354 103938 99451 
208088 100737 104059 103831 
208089 100376 103983 103045 
208090 102411 103842 103544 
208091 103784 103832 97188 
208092 100062 103850 103362 
208093 103646 103778 94567 
208094 95204 103960 103391 
208095 99419 103761 103252 
208096 103573 103832 99972 
208097 98042 103699 103306 
208098 103241 103755 99183 
208099 103797 104054 98300 
208100 97789 104023 102960 
208101 99792 103598 103464 
208102 103540 103906 103434 
208103 98612 104026 102992 
208104 103469 103608 94463 
208105 103239 103803 99117 
208106 103783 104074 100489 
208107 101591 103944 103352 
208108 99796 103774 103556 
208109 103445 103642 98475 
208110 98776 103883 103142 
208111 100495 104071 103360 
208112 99657 104076 103772 
208113 103405 103790 98589 
208114 100553 104042 103195 
208115 100007 103659 103475 
208116 99921 103935 103158 
208117 100312 104019 103411 
208118 99741 103778 103646 
208119 103537 103771 99608 
208120 103396 104043 99328 
208121 99884 104021 103397 
208122 103352 103944 99011 
208123 101726 103621 103620 
208124 97305 103874 103439 
208125 95900 103729 103587 
208126 103667 103907 95387 
208127 102030 103722 103629 
208128 103713 103908 100034 
208129 99476 103769 103412 
208130 103267 104012 94455 
208131 99252 103973 103575 
208132 103228 104034 99505 
208133 100539 103705 103571 
208134 101607 104042 103186 
208135 95970 104039 103455 
208136 103072 104063 100470 
208137 103647 103859 100174 
208138 103587 103729 99952 
208139 100870 103720 103558 
208140 103362 103850 103726 
208141 100023 103771 103537 
208142 99971 103871 103569 
208143 100048 103766 103557 
208144 103629 103722 98158 
208145 103556 103774 94894 
208146 103355 103917 99446 
208147 97866 104035 103843 
208148 103472 103893 101092 
208149 103726 103850 100822 
208150 99598 103802 103523 
208151 99608 103853 103537 
208152 103512 103836 98575 
208153 103474 103964 95573 
208154 103824 103832 103573 
208155 103496 103880 95428 
208156 95569 104051 103868 
208157 99451 103824 103573 
208158 103658 103921 101112 
208159 99837 104030 103653 
208160 103434 103906 100577 
208161 97188 103832 103824 
208162 103879 104002 101847 
208163 103605 103897 100151 
208164 100610 103906 103540 
208165 103497 104003 100756 
208166 103525 104063 94513 
208167 103602 103901 100423 
208168 103580 104049 101799 
208169 98697 104061 103931 
208170 103664 104026 98612 
208171 103575 103973 101860 
208172 94459 104004 103559 
208173 103826 104017 94904 
208174 101105 104077 103377 
208175 103119 104026 103664 
208176 103693 103967 95726 
208177 103663 104006 100183 
208178 103653 104030 97763 
208179 100958 103971 103701 
208180 100118 104072 103939 
208181 99609 104051 103691 
208182 102321 104017 103826 
208183 103709 104053 94594 
208184 99015 104002 103879 
208185 94516 104074 103783 
208186 103831 104059 94758 
208187 103931 104061 100859 
208188 103939 104072 97469 
$EndElements
