$MeshFormat
4.1 0 8
$EndMeshFormat
$PhysicalNames
23
1 1 "r1"
1 2 "ground"
1 3 "flare"
1 4 "pipewall"
1 5 "x2"
1 6 "symmetry"
1 7 "r2"
1 8 "symmetry2"
1 9 "ground2"
1 11 "r3"
1 12 "ground3"
1 14 "symmetry3"
1 15 "r4"
1 16 "ground4"
1 18 "symmetry4"
1 19 "r5"
1 20 "ground5"
1 22 "symmetry5"
2 7 "domain1"
2 10 "domain2"
2 15 "domain3"
2 19 "domain4"
2 23 "domain5"
$EndPhysicalNames
$Entities
22 34 8 0
1 0 112.6386730104765 0 0 
2 0 0 0 0 
3 102.8838524839103 -45.85175629820566 0 0 
4 12.23606797749979 -0.5278640450004204 0 0 
5 10 -5 0 0 
6 5 -5 0 0 
7 5 -10 0 0 
8 0 -10 0 0 
9 0 216.5723331942687 0 0 
10 195.8926206788413 -92.35614039567119 0 0 
11 0 310.5354291862002 0 0 
12 279.9513938489505 -134.3855269807258 0 0 
13 0 392.6009975037909 0 0 
14 353.3605965891838 -171.0901283508425 0 0 
15 0 459.3033881724511 0 0 
16 413.0251646066029 -200.922412359552 0 0 
17 0 500 0 0 
18 449.4273022386378 -219.1234811755695 0 0 
19 0 600 0 0 
20 538.8737483541204 -263.8467042333107 0 0 
21 0 1250 0 0 
22 1120.261112419707 -554.5403862661042 0 0 
1 0 -45.85175629820567 0 112.6089131571392 112.6386730104765 0 0 2 1 -3 
2 12.23606797749979 -45.85175629820566 0 102.8838524839103 -0.5278640450004204 0 0 2 3 -4 
3 4.999999999999998 -5 0 12.23606797749979 -0.0003334422902803169 0 0 2 4 -6 
4 5 -10 0 5 -5 0 0 2 6 -7 
5 0 -10 0 5 -10 0 0 2 7 -8 
6 0 -10 0 0 112.6386730104765 0 0 2 8 -1 
7 0 -92.35614039567122 0 216.5678850820005 216.5723331942687 0 0 2 9 -10 
8 0 112.6386730104765 0 0 216.5723331942687 0 0 2 1 -9 
9 102.8838524839103 -92.35614039567119 0 195.8926206788413 -45.85175629820566 0 0 2 10 -3 
10 7.105427357601002e-15 -45.85175629820567 0 112.6089131571392 112.6386730104766 0 0 2 3 -1 
11 0 -134.3855269807258 0 310.5352816582471 310.5354291862002 0 0 2 11 -12 
12 195.8926206788413 -134.3855269807258 0 279.9513938489505 -92.35614039567119 0 0 2 12 -10 
13 2.842170943040401e-14 -92.35614039567128 0 216.5678850820006 216.5723331942687 0 0 2 10 -9 
14 0 216.5723331942687 0 0 310.5354291862002 0 0 2 9 -11 
15 0 -171.0901283508425 0 392.6004674455814 392.6009975037909 0 0 2 13 -14 
16 279.9513938489505 -171.0901283508425 0 353.3605965891838 -134.3855269807258 0 0 2 14 -12 
17 -2.842170943040401e-14 -134.3855269807258 0 310.5352816582472 310.5354291862003 0 0 2 12 -11 
18 0 310.5354291862002 0 0 392.6009975037909 0 0 2 11 -13 
19 0 -200.9224123595521 0 459.3012069728937 459.3033881724511 0 1 19 2 15 -16 
20 353.3605965891838 -200.922412359552 0 413.0251646066029 -171.0901283508425 0 1 20 2 16 -14 
21 1.70530256582424e-13 -171.0901283508425 0 392.6004674455816 392.6009975037911 0 1 15 2 14 -13 
22 0 392.6009975037909 0 0 459.3033881724511 0 1 22 2 13 -15 
23 0 -219.1234811755694 0 499.9964448012176 500 0 0 2 17 -18 
24 413.0251646066029 -219.1234811755695 0 449.4273022386378 -200.922412359552 0 0 2 18 -16 
25 -2.273736754432321e-13 -200.9224123595521 0 459.3012069728938 459.303388172451 0 0 2 16 -15 
26 0 459.3033881724511 0 0 500 0 0 2 15 -17 
27 0 -263.8467042333107 0 599.9922964533503 600 0 0 2 19 -20 
28 449.4273022386378 -263.8467042333107 0 538.8737483541204 -219.1234811755695 0 0 2 20 -18 
29 0 -219.1234811755695 0 499.9964448012176 500.0000000000001 0 0 2 18 -17 
30 0 500 0 0 600 0 0 2 17 -19 
31 0 -554.5403862661042 0 1249.955502078688 1250 0 0 2 21 -22 
32 538.8737483541204 -554.5403862661042 0 1120.261112419707 -263.8467042333107 0 0 2 22 -20 
33 0 -263.8467042333108 0 599.9922964533504 600.0000000000001 0 0 2 20 -19 
34 0 600 0 0 1250 0 0 2 19 -21 
2 0 -45.85175629820567 0 112.6089131571392 112.6386730104765 0 0 6 -2 -1 -6 -5 -4 -3 
3 0 -92.35614039567122 0 216.5678850820005 216.5723331942687 0 0 4 -10 -9 -7 -8 
4 0 -134.3855269807258 0 310.5352816582471 310.5354291862002 0 0 4 -14 -13 -12 -11 
5 -2.842170943040401e-14 -171.0901283508425 0 392.6004674455814 392.6009975037909 0 0 4 -18 -17 -16 -15 
6 0 -200.9224123595521 0 459.3012069728937 459.3033881724511 0 1 23 4 -22 -21 -20 -19 
7 -2.273736754432321e-13 -219.1234811755694 0 499.9964448012176 500 0 0 4 -26 -25 -24 -23 
8 0 -263.8467042333107 0 599.9922964533503 600 0 0 4 -30 -29 -28 -27 
9 0 -554.5403862661042 0 1249.955502078688 1250 0 0 4 -34 -33 -32 -31 
$EndEntities
$Nodes
9 7851 13 33505
0 13 0 1
13
0 392.6009975037909 0
0 14 0 1
14
353.3605965891838 -171.0901283508425 0
0 15 0 1
15
0 459.3033881724511 0
0 16 0 1
16
413.0251646066029 -200.922412359552 0
1 19 0 309
1545
1546
1547
1548
1549
1550
1551
1552
1553
1554
1555
1556
1557
1558
1559
1560
1561
1562
1563
1564
1565
1566
1567
1568
1569
1570
1571
1572
1573
1574
1575
1576
1577
1578
1579
1580
1581
1582
1583
1584
1585
1586
1587
1588
1589
1590
1591
1592
1593
1594
1595
1596
1597
1598
1599
1600
1601
1602
1603
1604
1605
1606
1607
1608
1609
1610
1611
1612
1613
1614
1615
1616
1617
1618
1619
1620
1621
1622
1623
1624
1625
1626
1627
1628
1629
1630
1631
1632
1633
1634
1635
1636
1637
1638
1639
1640
1641
1642
1643
1644
1645
1646
1647
1648
1649
1650
1651
1652
1653
1654
1655
1656
1657
1658
1659
1660
1661
1662
1663
1664
1665
1666
1667
1668
1669
1670
1671
1672
1673
1674
1675
1676
1677
1678
1679
1680
1681
1682
1683
1684
1685
1686
1687
1688
1689
1690
1691
1692
1693
1694
1695
1696
1697
1698
1699
1700
1701
1702
1703
1704
1705
1706
1707
1708
1709
1710
1711
1712
1713
1714
1715
1716
1717
1718
1719
1720
1721
1722
1723
1724
1725
1726
1727
1728
1729
1730
1731
1732
1733
1734
1735
1736
1737
1738
1739
1740
1741
1742
1743
1744
1745
1746
1747
1748
1749
1750
1751
1752
1753
1754
1755
1756
1757
1758
1759
1760
1761
1762
1763
1764
1765
1766
1767
1768
1769
1770
1771
1772
1773
1774
1775
1776
1777
1778
1779
1780
1781
1782
1783
1784
1785
1786
1787
1788
1789
1790
1791
1792
1793
1794
1795
1796
1797
1798
1799
1800
1801
1802
1803
1804
1805
1806
1807
1808
1809
1810
1811
1812
1813
1814
1815
1816
1817
1818
1819
1820
1821
1822
1823
1824
1825
1826
1827
1828
1829
1830
1831
1832
1833
1834
1835
1836
1837
1838
1839
1840
1841
1842
1843
1844
1845
1846
1847
1848
1849
1850
1851
1852
1853
2.998129985916702 459.2936028329601 0
5.996132223070794 459.2642472314351 0
8.993878968246555 459.2153226187012 0
11.99124248898303 459.1468310794094 0
14.98809506903017 459.0587755319519 0
17.98430901374477 458.9511597283434 0
20.97975665638666 458.8239882540277 0
23.97431036218973 458.6772665277305 0
26.96784253496451 458.5110008011832 0
29.9602256220663 458.3251981588708 0
32.9513321196684 458.1198665177407 0
35.941034577613 457.8950146269165 0
38.92920560684185 457.6506520671783 0
41.91571788331384 457.3867892506514 0
44.90044415328006 457.1034374203846 0
47.88325723916387 456.8006086498368 0
50.86403004499569 456.4783158423575 0
53.84263555941533 456.1365727309193 0
56.81894686606729 455.7753938769889 0
59.79283714901554 455.3947946698168 0
62.76417969198857 454.9947913265437 0
65.73284788450638 454.5754008915195 0
68.69871523473236 454.1366412345413 0
71.66165536946859 453.678531050788 0
74.62154203743243 453.2010898603941 0
77.57824911998259 452.7043380067958 0
80.53165063313048 452.1882966563782 0
83.48162073360612 451.6529877974723 0
86.42803372554987 451.0984342391674 0
89.37076406437498 450.5246596105957 0
92.3096863619778 449.9316883599627 0
95.24467539135556 449.3195457536747 0
98.17560609350012 448.6882578749606 0
101.1023535830282 448.0378516226789 0
104.024793154196 447.3683547099862 0
106.9428002862524 446.6797956630992 0
109.8562506420856 445.9722038216693 0
112.7650200777006 445.2456093366549 0
115.668984650606 444.5000431682669 0
118.5680206298403 443.7355370833116 0
121.4620044882317 442.9521236571669 0
124.3508129136825 442.149836270918 0
127.2343228145593 441.3287091099035 0
130.1124113281868 440.4887771613007 0
132.9849558208814 439.6300762140957 0
135.8518338927387 438.7526428577645 0
138.7129233921619 437.8565144778521 0
141.5681024018955 436.9417292603439 0
144.4172492690499 436.0083261822581 0
147.2602425923982 435.0563450155868 0
150.0969612330076 434.0858263239083 0
152.9272843192399 433.0968114607121 0
155.7510912543011 432.0893425667748 0
158.5682617179564 431.0634625695374 0
161.3786756690988 430.0192151822766 0
164.1822133570194 428.9566449000218 0
166.9787553245966 427.8757969983133 0
169.7681824138498 426.7767175310658 0
172.5503757707704 425.6594533286665 0
175.3252168459871 424.5240519977648 0
178.0925874057494 423.3705619168848 0
180.8523695340412 422.1990322355273 0
183.6044456367328 421.0095128724781 0
186.3486984499078 419.8020545122649 0
189.0850110411506 418.5767086046012 0
191.8132668177288 417.3335273607958 0
194.5333495305825 416.072563751932 0
197.245143276147 414.7938715080847 0
199.9485325082401 413.4975051127813 0
202.6434020364255 412.1835198037361 0
205.3296370339912 410.8519715690588 0
208.0071230464021 409.5029171430311 0
210.6757459818862 408.1364140108905 0
213.3353921303785 406.7525203994081 0
215.9859481680162 405.3512952744277 0
218.6273011573284 403.9327983407093 0
221.2593385548819 402.4970900378653 0
223.8819482073245 401.0442315425895 0
226.4950183616589 399.5742847632279 0
229.0984376832769 398.0873123295629 0
231.6920952359964 396.5833776040635 0
234.2758805103701 395.062544665758 0
236.8496834107078 393.5248783176748 0
239.4133942719782 391.9704440769273 0
241.966903848209 390.3993081817704 0
244.5101033424821 388.8115375733365 0
247.0428843906886 387.2071999054539 0
249.5651390651155 385.5863635427255 0
252.0767599030166 383.9490975422266 0
254.5776398772048 382.2954716724297 0
257.067672431959 380.6255563898834 0
259.5467514678346 378.9394228490715 0
262.0147713540121 377.2371428942251 0
264.4716269247984 375.5187890618039 0
266.917213494734 373.784434570114 0
269.3514268596767 372.0341533184145 0
271.7741632999229 370.2680198846778 0
274.1853195842278 368.4861095227175 0
276.5847929735064 366.6884981595358 0
278.9724812328047 364.8752623863472 0
281.3482826143041 363.046479471534 0
283.7120958917084 361.2022273345326 0
286.0638203482737 359.342584554689 0
288.4033557779491 357.4676303705148 0
290.7306024878306 355.5774446780283 0
293.0454613119689 353.6721080197711 0
295.3478336239569 351.7517015741768 0
297.6376213223009 349.8163071674846 0
299.9147268331208 347.8660072719204 0
302.1790531348628 345.9008849847178 0
304.4305037432891 343.9210240408407 0
306.6689827252546 341.9265088011615 0
308.8943946983307 339.9174242527811 0
311.1066448452173 337.8938559959993 0
313.3056388976873 335.8558902589104 0
315.4912831551119 333.8036138807282 0
317.6634844896312 331.7371143067944 0
319.822150350785 329.656479583965 0
321.9671887592219 327.561798366624 0
324.0985083143761 325.4531599095169 0
326.2160182002302 323.330654062185 0
328.3196281905596 321.194371263735 0
330.4092486551979 319.0444025363882 0
332.4847905507769 316.8808394950684 0
334.5461654436422 314.7037743238051 0
336.5932854949384 312.5132997912508 0
338.6260634836329 310.3095092263076 0
340.6444127899935 308.0924965357868 0
342.6482474135539 305.8623561851201 0
344.637481974515 303.6191831965811 0
346.6120317087436 301.3630731550072 0
348.5718124842602 299.0941221892049 0
350.5167407956563 296.812426978191 0
352.4467337721053 294.5180847419527 0
354.3617091738251 292.211193245739 0
356.261585408519 289.8918507804278 0
358.1462815234772 287.5601561718861 0
360.015717210443 285.2162087752791 0
361.8698128147196 282.8601084637654 0
363.7084893296093 280.4919556355703 0
365.5316684150149 278.1118511901801 0
367.3392723875889 275.7198965407648 0
369.131224224111 273.3161936100794 0
370.9074475682549 270.9008448216719 0
372.6678667386147 268.4739530889047 0
374.4124067258729 266.0356218186444 0
376.1409932002103 263.5859549009633 0
377.853552502479 261.1250567217739 0
379.5500116547013 258.653032148493 0
381.2302983843371 256.1699864942859 0
382.8943410847658 253.6760255758442 0
384.5420688567203 251.1712556525661 0
386.1734114899177 248.6557834536169 0
387.7882994767944 246.1297161571299 0
389.3866640011991 243.5931614079314 0
390.9684369548178 241.0462272921938 0
392.5335509464413 238.4890223219318 0
394.0819392879283 235.9216554573974 0
395.61353600309 233.3442360929986 0
397.128275830514 230.7568740527061 0
398.6260942249097 228.1596795879734 0
400.1069273735519 225.5527633490412 0
401.5707121764556 222.9362364192675 0
403.0173862592844 220.3102102931865 0
404.4468879798268 217.6747968647879 0
405.8591564274348 215.0301084283416 0
407.2541314242877 212.3762576761873 0
408.6317535316146 209.7133576870368 0
409.9919640566823 207.0415219120005 0
411.3347050383104 204.3608642028593 0
412.6599192602735 201.6714987865114 0
413.9675502538158 198.9735402598741 0
415.2575423106582 196.2671035624798 0
416.5298404593574 193.5523040255412 0
417.7843904821806 190.8292573378782 0
419.021138932788 188.0980795068425 0
420.2400331123103 185.3588869098475 0
421.4410210794442 182.6117962734301 0
422.6240516618074 179.8569246474853 0
423.7890744561702 177.0943894037185 0
424.9360398191349 174.3243082576952 0
426.0648988757464 171.5467992493397 0
427.1756035283283 168.7619807210786 0
428.2681064530375 165.9699713256075 0
429.3423610947351 163.1708900395269 0
430.3983216787177 160.3648561338685 0
431.4359432180368 157.5519891536005 0
432.4551814964518 154.7324089632299 0
433.4559930811195 151.9062357138568 0
434.4383353296761 149.0735898228564 0
435.4021663896361 146.2345919743512 0
436.3474451891308 143.3893631466847 0
437.2741314484373 140.5380245794998 0
438.1821856859545 137.6806977545255 0
439.0715692093218 134.8175044226713 0
439.9422441208761 131.9485665878214 0
440.7941733185924 129.0740065042997 0
441.6273205091316 126.1939466322296 0
442.4416501884287 123.3085097032374 0
443.2371276580236 120.4178186655041 0
444.0137190225217 117.5219966920341 0
444.7713911952082 114.621167159353 0
445.510111889767 111.7154536788024 0
446.2298496270293 108.8049800722931 0
446.9305737443324 105.8898703335457 0
447.6122543829905 102.9702486782969 0
448.2748624944696 100.0462395208219 0
448.918369845414 97.1179674521113 0
449.5427490204883 94.18555722506279 0
450.1479734124335 91.2491338006685 0
450.734017231041 88.30882230819806 0
451.3008555080893 85.36474801907411 0
451.8484640916403 82.41703637427739 0
452.3768196464399 79.46581298436239 0
452.8858996578751 76.51120360947357 0
453.3756824384946 73.55333411968907 0
453.8461471172696 70.59233055724228 0
454.2972736462485 67.62831909990744 0
454.7290428035719 64.66142604088317 0
455.141436194355 61.69177777980732 0
455.5344362447686 58.7195008651654 0
455.9080262078831 55.74472195576406 0
456.2621901683591 52.76756778045949 0
456.5969130340004 49.78816520534515 0
456.91218054199 46.80664118538313 0
457.2079792588214 43.82312276365628 0
457.4842965819544 40.83773705297124 0
457.7411207367564 37.85061126787075 0
457.9784407794203 34.86187269703451 0
458.1962465989738 31.87164867567524 0
458.3945289147976 28.88006661477894 0
458.5732792777389 25.88725399021845 0
458.7324900707937 22.89333833547223 0
458.87215451138 19.89844719513163 0
458.9922666477948 16.90270819167326 0
459.0928213619388 13.90624897764314 0
459.1738143693395 10.90919723007571 0
459.2352422192581 7.911680637681068 0
459.277102293995 4.913826932701395 0
459.2993928098676 1.915763863384643 0
459.3021128172645 -1.082380843391127 0
459.2852622001725 -4.080479434098972 0
459.2488416765974 -7.078404156083659 0
459.1928527986479 -10.07602725941689 0
459.1172979515046 -13.07322104160321 0
459.0221803547273 -16.06985778050064 0
458.9075040617076 -19.06580977947608 0
458.7732739582424 -22.06094939771954 0
458.6194957634817 -25.05514901857582 0
458.4461760303022 -28.0482810504751 0
458.2533221446274 -31.04021794552337 0
458.0409423220428 -34.03083224707191 0
457.8090456126276 -37.01999651469895 0
457.5576418982012 -40.00758337179006 0
457.2867418907542 -42.99346552247292 0
456.9963571316426 -45.97751575608924 0
456.686499995123 -48.95960691118546 0
456.3571836855671 -51.93961190912854 0
456.0084222326227 -54.91740379522104 0
455.6402304970019 -57.89285568472337 0
455.2526241682853 -60.86584078597186 0
454.8456197628612 -63.83623241727202 0
454.4192346203271 -66.80390403089764 0
453.9734869101063 -69.7687291655284 0
453.5083956268095 -72.73058148186688 0
453.0239805856243 -75.68933479063742 0
452.5202624272578 -78.64486302015553 0
451.9972626153747 -81.59704023370726 0
451.455003437432 -84.54574062601581 0
450.8935079938397 -87.49083858154796 0
450.3128002122405 -90.43220859684945 0
449.7129048366754 -93.36972533992295 0
449.0938474290636 -96.3032636417596 0
448.4556543637567 -99.23269852154627 0
447.7983528357418 -102.1579051483034 0
447.1219708552855 -105.0787588677107 0
446.4265372382692 -107.9951352429426 0
445.712081617506 -110.9069100051163 0
444.9786344367706 -113.8139590800715 0
444.2262269504877 -116.7161585900903 0
443.4548912122702 -119.6133848973719 0
442.6646600909368 -122.5055145422795 0
441.8555672611859 -125.3924242806914 0
441.0276471962533 -128.2739911097741 0
440.1809351693165 -131.150092261345 0
439.31546726176 -134.0206051742594 0
438.4312803543166 -136.8854075260324 0
437.5284121133723 -139.7443772759547 0
436.6069010129654 -142.5973925937917 0
435.6667863205892 -145.4443319066901 0
434.708108094775 -148.2850739061578 0
433.7309071787953 -151.1194975658418 0
432.7352252139169 -153.9474821026764 0
431.7211046292666 -156.768907007669 0
430.6885886317389 -159.5836520734315 0
429.6377212151208 -162.3915973681256 0
428.5685471595107 -165.1926232380838 0
427.4811120255571 -167.9866103238183 0
426.3754621392322 -170.7734395983447 0
425.2516446151035 -173.5529923073729 0
424.1097073411738 -176.3251500089455 0
422.949698971469 -179.0897945909733 0
421.7716689342637 -181.8468082510638 0
420.5756674257702 -184.5960735120366 0
419.3617454051455 -187.3374732333156 0
418.1299545985471 -190.0708906016652 0
416.8803474917705 -192.7962091479861 0
415.612977330445 -195.51331274677 0
414.3278981167887 -198.2220856232152 0
1 20 0 22
1854
1855
1856
1857
1858
1859
1860
1861
1862
1863
1864
1865
1866
1867
1868
1869
1870
1871
1872
1873
1874
1875
410.4310529536224 -199.6253565330618 0
407.8369413007225 -198.3283007066118 0
405.2428296478656 -197.0312448801834 0
402.6487179949252 -195.7341890537131 0
400.0546063419446 -194.4371332272229 0
397.4604946889839 -193.1400774007425 0
394.866383036127 -191.8430215743141 0
392.2722713832643 -190.5459657478827 0
389.6781597302891 -189.2489099213951 0
387.0840480773086 -187.9518540949048 0
384.4899364243885 -186.6547982684448 0
381.8958247715315 -185.3577424420163 0
379.3017131185892 -184.0606866155451 0
376.7076014656087 -182.7636307890549 0
374.1134898126282 -181.4665749625646 0
371.5193781597263 -180.1695191361137 0
368.9252665068627 -178.8724633096819 0
366.3311548538865 -177.5754074831938 0
363.737043200906 -176.2783516567036 0
361.1429315479434 -174.9812958302222 0
358.5488198950864 -173.6842400037937 0
355.9547082421643 -172.3871841773327 0
1 21 0 264
1876
1877
1878
1879
1880
1881
1882
1883
1884
1885
1886
1887
1888
1889
1890
1891
1892
1893
1894
1895
1896
1897
1898
1899
1900
1901
1902
1903
1904
1905
1906
1907
1908
1909
1910
1911
1912
1913
1914
1915
1916
1917
1918
1919
1920
1921
1922
1923
1924
1925
1926
1927
1928
1929
1930
1931
1932
1933
1934
1935
1936
1937
1938
1939
1940
1941
1942
1943
1944
1945
1946
1947
1948
1949
1950
1951
1952
1953
1954
1955
1956
1957
1958
1959
1960
1961
1962
1963
1964
1965
1966
1967
1968
1969
1970
1971
1972
1973
1974
1975
1976
1977
1978
1979
1980
1981
1982
1983
1984
1985
1986
1987
1988
1989
1990
1991
1992
1993
1994
1995
1996
1997
1998
1999
2000
2001
2002
2003
2004
2005
2006
2007
2008
2009
2010
2011
2012
2013
2014
2015
2016
2017
2018
2019
2020
2021
2022
2023
2024
2025
2026
2027
2028
2029
2030
2031
2032
2033
2034
2035
2036
2037
2038
2039
2040
2041
2042
2043
2044
2045
2046
2047
2048
2049
2050
2051
2052
2053
2054
2055
2056
2057
2058
2059
2060
2061
2062
2063
2064
2065
2066
2067
2068
2069
2070
2071
2072
2073
2074
2075
2076
2077
2078
2079
2080
2081
2082
2083
2084
2085
2086
2087
2088
2089
2090
2091
2092
2093
2094
2095
2096
2097
2098
2099
2100
2101
2102
2103
2104
2105
2106
2107
2108
2109
2110
2111
2112
2113
2114
2115
2116
2117
2118
2119
2120
2121
2122
2123
2124
2125
2126
2127
2128
2129
2130
2131
2132
2133
2134
2135
2136
2137
2138
2139
354.6555621101544 -168.3893568646847 0
355.929885734473 -165.6787846467276 0
357.1834932719222 -162.9585695047623 0
358.4163117737548 -160.2288697316135 0
359.6282694944923 -157.4898441848507 0
360.8192958686247 -154.7416523429992 0
361.989321598736 -151.9844541045517 0
363.1382785868416 -149.2184099431338 0
364.2660999383867 -146.443680903783 0
365.37272003597 -143.6604284223335 0
366.4580744633645 -140.8688145104337 0
367.5221000314531 -138.0690016964067 0
368.5647348375187 -135.2611528677814 0
369.5859181913631 -132.4454314637497 0
370.585590638438 -129.6220014200206 0
371.5636940211615 -126.7910269945015 0
372.5201714009882 -123.9526729859026 0
373.454967094961 -121.1071046350021 0
374.3680267185639 -118.2544874912592 0
375.2592971186834 -115.3949876162888 0
376.1287264044975 -112.5287714955711 0
376.9762640045508 -109.6560058462051 0
377.8018605742001 -106.7768579217633 0
378.605468049594 -103.8914953397033 0
379.3870396820496 -101.0000859517589 0
380.1465299700097 -98.1027980881905 0
380.8838946960905 -95.19980043103655 0
381.5990909708148 -92.29126183566648 0
382.2920771538393 -89.37735164108823 0
382.9628129119079 -86.45823944292839 0
383.6112592051065 -83.53409514709745 0
384.2373782925428 -80.60508894508504 0
384.8411337253752 -77.67139134803502 0
385.4224903797003 -74.73317302564884 0
385.9814144089908 -71.79060503858894 0
386.517873276122 -68.8438586881603 0
387.031835774587 -65.89310538990284 0
387.5232719805435 -62.93851693887815 0
387.9921532852235 -59.98026533842093 0
388.4384524116284 -57.01852268369363 0
388.8621433760742 -54.05346140569741 0
389.2632015168155 -51.08525409402249 0
389.6416034983448 -48.11407345268573 0
389.9973272898645 -45.14009246483734 0
390.3303521886098 -42.16348421664842 0
390.6406588169514 -39.18442190501094 0
390.9282291099416 -36.20307895658564 0
391.1930463301696 -33.21962889457841 0
391.4350950651227 -30.23424535737766 0
391.6543612250491 -27.24710212794261 0
391.8508320493929 -24.25837305282836 0
392.0244961056711 -21.26823203903842 0
392.175343282557 -18.27685318046515 0
392.3033648015627 -15.28441056579493 0
392.40855321263 -12.29107833114357 0
392.4909023916089 -9.297030751389739 0
392.5504075468555 -6.302442048078513 0
392.5870652147732 -3.307486511405556 0
392.6008732614225 -0.3123385025843141 0
392.5918308835413 2.682827702379741 0
392.5599386070328 5.677837776332756 0
392.5051982888132 8.672517352600812 0
392.4276131142095 11.66669218142489 0
392.327187598417 14.66018799634758 0
392.2039275886803 17.65283050915641 0
392.0578402561143 20.64444561335919 0
391.8889341043348 23.63485916057186 0
391.6972189667475 26.62389706049019 0
391.4827059976488 29.61138540714098 0
391.2454076835186 32.59715029767323 0
390.985337840485 35.58101789906497 0
390.7025115972332 38.56281463515829 0
390.3969454185181 41.54236691454094 0
390.0686570955489 44.51950126233264 0
389.7176657241126 47.4940445058177 0
389.3439917378721 50.46582347085523 0
388.9476568915871 53.43466514834702 0
388.52868424245 56.40039682309278 0
388.0870981795287 59.36284585129508 0
387.6229244127993 62.32183975654968 0
387.1361899443947 65.27720640705557 0
386.6269231108884 68.22877374523904 0
386.0951535615808 71.17636993575243 0
385.5409122290142 74.11982351969918 0
384.9642313805779 77.05896312910424 0
384.3651445792826 79.99361770490808 0
383.7436866928638 82.92361644514132 0
383.0998938965629 85.84878879409982 0
382.433803668826 88.768964465998 0
381.7454547551259 91.68397359830065 0
381.0348872314958 94.59364647508356 0
380.3021424632518 97.4978137130895 0
379.5472630806586 100.3963063511456 0
378.7702930306462 103.2889556460427 0
377.9712775394473 106.1755932225947 0
377.1502630944561 109.0560511331413 0
376.3072974966241 111.9301616712805 0
375.442429811491 114.7977575487231 0
374.5557103554144 117.6586719333625 0
373.6471907558133 120.5127382531018 0
372.7169238960453 123.359790379367 0
371.7649638989618 126.1996626706087 0
370.7913661887488 129.0321897855451 0
369.7961874277278 131.8572068750456 0
368.779485527366 134.6745495449791 0
367.7413196803283 137.4840537689456 0
366.6817502971425 140.2855560633233 0
365.6008390470653 143.0788933737385 0
364.4986488544745 145.8639030885786 0
363.3752438601872 148.6404231375881 0
362.230689446315 151.4082919268924 0
361.0650522449357 154.1673483210165 0
359.878400083488 156.9174317732759 0
358.6708020249886 159.6583822281912 0
357.4423283735192 162.3900401129608 0
356.193050613797 165.1122464731459 0
354.9230414559109 167.8248428709455 0
353.6323748429286 170.5276713730712 0
352.3211258602691 173.2205747407743 0
350.9893708417417 175.9033962068103 0
349.6371873187147 178.5759795852449 0
348.2646539559692 181.2381693956901 0
346.8718506533934 183.889810661879 0
345.4588584794552 186.5307490443425 0
344.0257596718784 189.1608308375671 0
342.5726376394213 191.7799029662428 0
341.0995769788799 194.3878129559592 0
339.6066633892946 196.9844090849887 0
338.093983779028 199.5695401943848 0
336.5616262214284 202.1430557703117 0
335.009679842838 204.7048061296338 0
333.438235002139 207.2546421184096 0
331.8473831902221 209.7924152841891 0
330.237216954571 212.3179779930833 0
328.6078300252058 214.8311832278945 0
326.9593172606088 217.3318846774406 0
325.2917745602216 219.8199368675047 0
323.6052990136025 222.2951949352229 0
321.899988789996 224.757514797553 0
320.1759430877407 227.2067532201621 0
318.4332622991579 229.6427675814926 0
316.6720478645072 232.0654160840668 0
314.8924022359128 234.4745577990666 0
313.0944290380336 236.8700524471583 0
311.2782329223905 239.2517605989258 0
309.4439195399306 241.619543706085 0
307.5915957147374 243.9732638766661 0
305.7213692423244 246.312784137507 0
303.833348931532 248.6379683757524 0
301.9276447246676 250.9486811919654 0
300.0043675372099 253.2447880995192 0
298.0636292545472 255.5261555234213 0
296.1055428947099 257.7926506089747 0
294.1302224046626 260.0441414628592 0
292.1377827075599 262.2804970936312 0
290.1283398481207 264.5015872503324 0
288.1020107391272 266.7072827071725 0
286.0589132817632 268.8974551256082 0
283.9991664662784 271.0719769497225 0
281.922890135737 273.2307216593422 0
279.8302050998196 275.3735636453955 0
277.7212332344744 277.5003781109036 0
275.5960972315818 279.6110413265047 0
273.4549207701282 281.7054304545347 0
271.2978285364942 283.7834235334312 0
269.124946040617 285.8448996564513 0
266.9363997135875 287.8897388739647 0
264.7323170225947 289.9178220889847 0
262.5128261804259 291.9290313273712 0
260.2780563606401 293.9232495365061 0
258.0281377006748 295.9003605872987 0
255.7632010983725 297.8602494541445 0
253.4833783594746 299.8028020823675 0
251.1888022493328 301.7279053477112 0
248.8796062612532 303.6354472524829 0
246.5559247923674 305.5253167754715 0
244.217893147141 307.3974038728099 0
241.8656473335244 309.2515996416299 0
239.4993242882365 311.0877961387266 0
237.1190617742249 312.9058864647374 0
234.7249982704218 314.7057648469793 0
232.3172731290004 316.4873265185783 0
229.8960265388318 318.250467749269 0
227.4613993526399 319.9950859708796 0
225.0135332967679 321.7210796237575 0
222.5525708829381 323.4283482231676 0
220.0786552696424 325.1167924541543 0
217.5919304912304 326.7863140127985 0
215.0925413211272 328.4368157027938 0
212.5806331472942 330.0682015154858 0
210.0563522183864 331.6803764675821 0
207.5198454751951 333.2732467134483 0
204.9712604809967 334.8467195864449 0
202.4107456277544 336.4007034704123 0
199.838449945886 337.9351079189574 0
197.2545230924386 339.4498436596287 0
194.6591155066693 340.9448225023119 0
192.052378268753 342.4199574240491 0
189.4344630142684 343.8751626149635 0
186.8055221970677 345.3103533311051 0
184.1657088118456 346.7254460503328 0
181.5151764388364 348.1203584442454 0
178.8540794397164 349.4950092758742 0
176.1825726656545 350.8493185541097 0
173.5008115383064 352.183207487979 0
170.8089522357545 353.4965983953672 0
168.1071514085634 354.7894148452996 0
165.3955662363064 356.06158162647 0
162.6743546479154 357.3130246448567 0
159.9436749743903 358.5436710871611 0
157.2036861003015 359.7534493475353 0
154.4545475954584 360.9422889715946 0
151.6964194285952 362.1101207830506 0
148.9294620714411 363.2568768352266 0
146.1538366777895 364.3824903385641 0
143.3697047282188 365.4868958076543 0
140.5772282332611 366.5700289756726 0
137.7765698229506 367.6318267625825 0
134.9678924366922 368.6722273946999 0
132.1513595044848 369.6911703328715 0
129.3271350652487 370.6885962324532 0
126.4953834249784 371.6644470663551 0
123.656269378709 372.6186660438684 0
120.809958262991 373.5511975960807 0
117.9566156586186 374.4619874744788 0
115.0964076839792 375.3509826538557 0
112.2295007941654 376.2181313978159 0
109.3560618486079 377.063383236738 0
106.4762580785638 377.8866889777395 0
103.5902570090895 378.6880007258779 0
100.6982267627205 379.467271800633 0
97.80033565285534 380.2244568503722 0
94.8967523033667 380.9595118162103 0
91.98764571152584 381.6723939158065 0
89.07318518031444 382.3630616610412 0
86.15354023158022 383.0314748771141 0
83.22888103534576 383.6775946059087 0
80.29937770323649 384.3013832676702 0
77.36520073149092 384.902804558174 0
74.4265208949642 385.4818234734852 0
71.48350923447308 386.0384063127616 0
68.53633704190703 386.5725206812428 0
65.58517585188392 387.0841354918194 0
62.63019742904844 387.5732209673034 0
59.67157376196888 388.0397486414783 0
56.70947704975956 388.4836913613164 0
53.7440796951509 388.9050232880684 0
50.77555429168795 389.3037198991858 0
47.80407361440371 389.6797579896092 0
44.82981061052027 390.0331156730114 0
41.85293839026468 390.3637723829819 0
38.8736302182862 390.6717088741182 0
35.89205943614188 390.9569072294339 0
32.90839960219695 391.2193508462917 0
29.9228245127486 391.4590244382559 0
26.93550783679903 391.6759140648625 0
23.94662343957343 391.8700071028849 0
20.95634528345718 392.0412922554617 0
17.9648473673575 392.189759555294 0
14.97230383573971 392.315400358974 0
11.97888893227449 392.4182073514429 0
8.984776826751613 392.4981745516089 0
5.990141778216861 392.5552973052951 0
2.995158090425028 392.5895722876311 0
1 22 0 22
2140
2141
2142
2143
2144
2145
2146
2147
2148
2149
2150
2151
2152
2153
2154
2155
2156
2157
2158
2159
2160
2161
0 395.5011014458907 0
0 398.4012053880015 0
0 401.3013093301124 0
0 404.2014132722232 0
0 407.1015172143137 0
0 410.0016211564226 0
0 412.9017250985335 0
0 415.8018290406443 0
0 418.7019329827551 0
0 421.602036924866 0
0 424.5021408669768 0
0 427.4022448090876 0
0 430.3023487511984 0
0 433.2024526933315 0
0 436.1025566354645 0
0 439.0026605775753 0
0 441.902764519704 0
0 444.8028684618211 0
0 447.7029724039522 0
0 450.6030763460853 0
0 453.5031802881961 0
0 456.4032842303292 0
2 6 0 7230
26276
26277
26278
26279
26280
26281
26282
26283
26284
26285
26286
26287
26288
26289
26290
26291
26292
26293
26294
26295
26296
26297
26298
26299
26300
26301
26302
26303
26304
26305
26306
26307
26308
26309
26310
26311
26312
26313
26314
26315
26316
26317
26318
26319
26320
26321
26322
26323
26324
26325
26326
26327
26328
26329
26330
26331
26332
26333
26334
26335
26336
26337
26338
26339
26340
26341
26342
26343
26344
26345
26346
26347
26348
26349
26350
26351
26352
26353
26354
26355
26356
26357
26358
26359
26360
26361
26362
26363
26364
26365
26366
26367
26368
26369
26370
26371
26372
26373
26374
26375
26376
26377
26378
26379
26380
26381
26382
26383
26384
26385
26386
26387
26388
26389
26390
26391
26392
26393
26394
26395
26396
26397
26398
26399
26400
26401
26402
26403
26404
26405
26406
26407
26408
26409
26410
26411
26412
26413
26414
26415
26416
26417
26418
26419
26420
26421
26422
26423
26424
26425
26426
26427
26428
26429
26430
26431
26432
26433
26434
26435
26436
26437
26438
26439
26440
26441
26442
26443
26444
26445
26446
26447
26448
26449
26450
26451
26452
26453
26454
26455
26456
26457
26458
26459
26460
26461
26462
26463
26464
26465
26466
26467
26468
26469
26470
26471
26472
26473
26474
26475
26476
26477
26478
26479
26480
26481
26482
26483
26484
26485
26486
26487
26488
26489
26490
26491
26492
26493
26494
26495
26496
26497
26498
26499
26500
26501
26502
26503
26504
26505
26506
26507
26508
26509
26510
26511
26512
26513
26514
26515
26516
26517
26518
26519
26520
26521
26522
26523
26524
26525
26526
26527
26528
26529
26530
26531
26532
26533
26534
26535
26536
26537
26538
26539
26540
26541
26542
26543
26544
26545
26546
26547
26548
26549
26550
26551
26552
26553
26554
26555
26556
26557
26558
26559
26560
26561
26562
26563
26564
26565
26566
26567
26568
26569
26570
26571
26572
26573
26574
26575
26576
26577
26578
26579
26580
26581
26582
26583
26584
26585
26586
26587
26588
26589
26590
26591
26592
26593
26594
26595
26596
26597
26598
26599
26600
26601
26602
26603
26604
26605
26606
26607
26608
26609
26610
26611
26612
26613
26614
26615
26616
26617
26618
26619
26620
26621
26622
26623
26624
26625
26626
26627
26628
26629
26630
26631
26632
26633
26634
26635
26636
26637
26638
26639
26640
26641
26642
26643
26644
26645
26646
26647
26648
26649
26650
26651
26652
26653
26654
26655
26656
26657
26658
26659
26660
26661
26662
26663
26664
26665
26666
26667
26668
26669
26670
26671
26672
26673
26674
26675
26676
26677
26678
26679
26680
26681
26682
26683
26684
26685
26686
26687
26688
26689
26690
26691
26692
26693
26694
26695
26696
26697
26698
26699
26700
26701
26702
26703
26704
26705
26706
26707
26708
26709
26710
26711
26712
26713
26714
26715
26716
26717
26718
26719
26720
26721
26722
26723
26724
26725
26726
26727
26728
26729
26730
26731
26732
26733
26734
26735
26736
26737
26738
26739
26740
26741
26742
26743
26744
26745
26746
26747
26748
26749
26750
26751
26752
26753
26754
26755
26756
26757
26758
26759
26760
26761
26762
26763
26764
26765
26766
26767
26768
26769
26770
26771
26772
26773
26774
26775
26776
26777
26778
26779
26780
26781
26782
26783
26784
26785
26786
26787
26788
26789
26790
26791
26792
26793
26794
26795
26796
26797
26798
26799
26800
26801
26802
26803
26804
26805
26806
26807
26808
26809
26810
26811
26812
26813
26814
26815
26816
26817
26818
26819
26820
26821
26822
26823
26824
26825
26826
26827
26828
26829
26830
26831
26832
26833
26834
26835
26836
26837
26838
26839
26840
26841
26842
26843
26844
26845
26846
26847
26848
26849
26850
26851
26852
26853
26854
26855
26856
26857
26858
26859
26860
26861
26862
26863
26864
26865
26866
26867
26868
26869
26870
26871
26872
26873
26874
26875
26876
26877
26878
26879
26880
26881
26882
26883
26884
26885
26886
26887
26888
26889
26890
26891
26892
26893
26894
26895
26896
26897
26898
26899
26900
26901
26902
26903
26904
26905
26906
26907
26908
26909
26910
26911
26912
26913
26914
26915
26916
26917
26918
26919
26920
26921
26922
26923
26924
26925
26926
26927
26928
26929
26930
26931
26932
26933
26934
26935
26936
26937
26938
26939
26940
26941
26942
26943
26944
26945
26946
26947
26948
26949
26950
26951
26952
26953
26954
26955
26956
26957
26958
26959
26960
26961
26962
26963
26964
26965
26966
26967
26968
26969
26970
26971
26972
26973
26974
26975
26976
26977
26978
26979
26980
26981
26982
26983
26984
26985
26986
26987
26988
26989
26990
26991
26992
26993
26994
26995
26996
26997
26998
26999
27000
27001
27002
27003
27004
27005
27006
27007
27008
27009
27010
27011
27012
27013
27014
27015
27016
27017
27018
27019
27020
27021
27022
27023
27024
27025
27026
27027
27028
27029
27030
27031
27032
27033
27034
27035
27036
27037
27038
27039
27040
27041
27042
27043
27044
27045
27046
27047
27048
27049
27050
27051
27052
27053
27054
27055
27056
27057
27058
27059
27060
27061
27062
27063
27064
27065
27066
27067
27068
27069
27070
27071
27072
27073
27074
27075
27076
27077
27078
27079
27080
27081
27082
27083
27084
27085
27086
27087
27088
27089
27090
27091
27092
27093
27094
27095
27096
27097
27098
27099
27100
27101
27102
27103
27104
27105
27106
27107
27108
27109
27110
27111
27112
27113
27114
27115
27116
27117
27118
27119
27120
27121
27122
27123
27124
27125
27126
27127
27128
27129
27130
27131
27132
27133
27134
27135
27136
27137
27138
27139
27140
27141
27142
27143
27144
27145
27146
27147
27148
27149
27150
27151
27152
27153
27154
27155
27156
27157
27158
27159
27160
27161
27162
27163
27164
27165
27166
27167
27168
27169
27170
27171
27172
27173
27174
27175
27176
27177
27178
27179
27180
27181
27182
27183
27184
27185
27186
27187
27188
27189
27190
27191
27192
27193
27194
27195
27196
27197
27198
27199
27200
27201
27202
27203
27204
27205
27206
27207
27208
27209
27210
27211
27212
27213
27214
27215
27216
27217
27218
27219
27220
27221
27222
27223
27224
27225
27226
27227
27228
27229
27230
27231
27232
27233
27234
27235
27236
27237
27238
27239
27240
27241
27242
27243
27244
27245
27246
27247
27248
27249
27250
27251
27252
27253
27254
27255
27256
27257
27258
27259
27260
27261
27262
27263
27264
27265
27266
27267
27268
27269
27270
27271
27272
27273
27274
27275
27276
27277
27278
27279
27280
27281
27282
27283
27284
27285
27286
27287
27288
27289
27290
27291
27292
27293
27294
27295
27296
27297
27298
27299
27300
27301
27302
27303
27304
27305
27306
27307
27308
27309
27310
27311
27312
27313
27314
27315
27316
27317
27318
27319
27320
27321
27322
27323
27324
27325
27326
27327
27328
27329
27330
27331
27332
27333
27334
27335
27336
27337
27338
27339
27340
27341
27342
27343
27344
27345
27346
27347
27348
27349
27350
27351
27352
27353
27354
27355
27356
27357
27358
27359
27360
27361
27362
27363
27364
27365
27366
27367
27368
27369
27370
27371
27372
27373
27374
27375
27376
27377
27378
27379
27380
27381
27382
27383
27384
27385
27386
27387
27388
27389
27390
27391
27392
27393
27394
27395
27396
27397
27398
27399
27400
27401
27402
27403
27404
27405
27406
27407
27408
27409
27410
27411
27412
27413
27414
27415
27416
27417
27418
27419
27420
27421
27422
27423
27424
27425
27426
27427
27428
27429
27430
27431
27432
27433
27434
27435
27436
27437
27438
27439
27440
27441
27442
27443
27444
27445
27446
27447
27448
27449
27450
27451
27452
27453
27454
27455
27456
27457
27458
27459
27460
27461
27462
27463
27464
27465
27466
27467
27468
27469
27470
27471
27472
27473
27474
27475
27476
27477
27478
27479
27480
27481
27482
27483
27484
27485
27486
27487
27488
27489
27490
27491
27492
27493
27494
27495
27496
27497
27498
27499
27500
27501
27502
27503
27504
27505
27506
27507
27508
27509
27510
27511
27512
27513
27514
27515
27516
27517
27518
27519
27520
27521
27522
27523
27524
27525
27526
27527
27528
27529
27530
27531
27532
27533
27534
27535
27536
27537
27538
27539
27540
27541
27542
27543
27544
27545
27546
27547
27548
27549
27550
27551
27552
27553
27554
27555
27556
27557
27558
27559
27560
27561
27562
27563
27564
27565
27566
27567
27568
27569
27570
27571
27572
27573
27574
27575
27576
27577
27578
27579
27580
27581
27582
27583
27584
27585
27586
27587
27588
27589
27590
27591
27592
27593
27594
27595
27596
27597
27598
27599
27600
27601
27602
27603
27604
27605
27606
27607
27608
27609
27610
27611
27612
27613
27614
27615
27616
27617
27618
27619
27620
27621
27622
27623
27624
27625
27626
27627
27628
27629
27630
27631
27632
27633
27634
27635
27636
27637
27638
27639
27640
27641
27642
27643
27644
27645
27646
27647
27648
27649
27650
27651
27652
27653
27654
27655
27656
27657
27658
27659
27660
27661
27662
27663
27664
27665
27666
27667
27668
27669
27670
27671
27672
27673
27674
27675
27676
27677
27678
27679
27680
27681
27682
27683
27684
27685
27686
27687
27688
27689
27690
27691
27692
27693
27694
27695
27696
27697
27698
27699
27700
27701
27702
27703
27704
27705
27706
27707
27708
27709
27710
27711
27712
27713
27714
27715
27716
27717
27718
27719
27720
27721
27722
27723
27724
27725
27726
27727
27728
27729
27730
27731
27732
27733
27734
27735
27736
27737
27738
27739
27740
27741
27742
27743
27744
27745
27746
27747
27748
27749
27750
27751
27752
27753
27754
27755
27756
27757
27758
27759
27760
27761
27762
27763
27764
27765
27766
27767
27768
27769
27770
27771
27772
27773
27774
27775
27776
27777
27778
27779
27780
27781
27782
27783
27784
27785
27786
27787
27788
27789
27790
27791
27792
27793
27794
27795
27796
27797
27798
27799
27800
27801
27802
27803
27804
27805
27806
27807
27808
27809
27810
27811
27812
27813
27814
27815
27816
27817
27818
27819
27820
27821
27822
27823
27824
27825
27826
27827
27828
27829
27830
27831
27832
27833
27834
27835
27836
27837
27838
27839
27840
27841
27842
27843
27844
27845
27846
27847
27848
27849
27850
27851
27852
27853
27854
27855
27856
27857
27858
27859
27860
27861
27862
27863
27864
27865
27866
27867
27868
27869
27870
27871
27872
27873
27874
27875
27876
27877
27878
27879
27880
27881
27882
27883
27884
27885
27886
27887
27888
27889
27890
27891
27892
27893
27894
27895
27896
27897
27898
27899
27900
27901
27902
27903
27904
27905
27906
27907
27908
27909
27910
27911
27912
27913
27914
27915
27916
27917
27918
27919
27920
27921
27922
27923
27924
27925
27926
27927
27928
27929
27930
27931
27932
27933
27934
27935
27936
27937
27938
27939
27940
27941
27942
27943
27944
27945
27946
27947
27948
27949
27950
27951
27952
27953
27954
27955
27956
27957
27958
27959
27960
27961
27962
27963
27964
27965
27966
27967
27968
27969
27970
27971
27972
27973
27974
27975
27976
27977
27978
27979
27980
27981
27982
27983
27984
27985
27986
27987
27988
27989
27990
27991
27992
27993
27994
27995
27996
27997
27998
27999
28000
28001
28002
28003
28004
28005
28006
28007
28008
28009
28010
28011
28012
28013
28014
28015
28016
28017
28018
28019
28020
28021
28022
28023
28024
28025
28026
28027
28028
28029
28030
28031
28032
28033
28034
28035
28036
28037
28038
28039
28040
28041
28042
28043
28044
28045
28046
28047
28048
28049
28050
28051
28052
28053
28054
28055
28056
28057
28058
28059
28060
28061
28062
28063
28064
28065
28066
28067
28068
28069
28070
28071
28072
28073
28074
28075
28076
28077
28078
28079
28080
28081
28082
28083
28084
28085
28086
28087
28088
28089
28090
28091
28092
28093
28094
28095
28096
28097
28098
28099
28100
28101
28102
28103
28104
28105
28106
28107
28108
28109
28110
28111
28112
28113
28114
28115
28116
28117
28118
28119
28120
28121
28122
28123
28124
28125
28126
28127
28128
28129
28130
28131
28132
28133
28134
28135
28136
28137
28138
28139
28140
28141
28142
28143
28144
28145
28146
28147
28148
28149
28150
28151
28152
28153
28154
28155
28156
28157
28158
28159
28160
28161
28162
28163
28164
28165
28166
28167
28168
28169
28170
28171
28172
28173
28174
28175
28176
28177
28178
28179
28180
28181
28182
28183
28184
28185
28186
28187
28188
28189
28190
28191
28192
28193
28194
28195
28196
28197
28198
28199
28200
28201
28202
28203
28204
28205
28206
28207
28208
28209
28210
28211
28212
28213
28214
28215
28216
28217
28218
28219
28220
28221
28222
28223
28224
28225
28226
28227
28228
28229
28230
28231
28232
28233
28234
28235
28236
28237
28238
28239
28240
28241
28242
28243
28244
28245
28246
28247
28248
28249
28250
28251
28252
28253
28254
28255
28256
28257
28258
28259
28260
28261
28262
28263
28264
28265
28266
28267
28268
28269
28270
28271
28272
28273
28274
28275
28276
28277
28278
28279
28280
28281
28282
28283
28284
28285
28286
28287
28288
28289
28290
28291
28292
28293
28294
28295
28296
28297
28298
28299
28300
28301
28302
28303
28304
28305
28306
28307
28308
28309
28310
28311
28312
28313
28314
28315
28316
28317
28318
28319
28320
28321
28322
28323
28324
28325
28326
28327
28328
28329
28330
28331
28332
28333
28334
28335
28336
28337
28338
28339
28340
28341
28342
28343
28344
28345
28346
28347
28348
28349
28350
28351
28352
28353
28354
28355
28356
28357
28358
28359
28360
28361
28362
28363
28364
28365
28366
28367
28368
28369
28370
28371
28372
28373
28374
28375
28376
28377
28378
28379
28380
28381
28382
28383
28384
28385
28386
28387
28388
28389
28390
28391
28392
28393
28394
28395
28396
28397
28398
28399
28400
28401
28402
28403
28404
28405
28406
28407
28408
28409
28410
28411
28412
28413
28414
28415
28416
28417
28418
28419
28420
28421
28422
28423
28424
28425
28426
28427
28428
28429
28430
28431
28432
28433
28434
28435
28436
28437
28438
28439
28440
28441
28442
28443
28444
28445
28446
28447
28448
28449
28450
28451
28452
28453
28454
28455
28456
28457
28458
28459
28460
28461
28462
28463
28464
28465
28466
28467
28468
28469
28470
28471
28472
28473
28474
28475
28476
28477
28478
28479
28480
28481
28482
28483
28484
28485
28486
28487
28488
28489
28490
28491
28492
28493
28494
28495
28496
28497
28498
28499
28500
28501
28502
28503
28504
28505
28506
28507
28508
28509
28510
28511
28512
28513
28514
28515
28516
28517
28518
28519
28520
28521
28522
28523
28524
28525
28526
28527
28528
28529
28530
28531
28532
28533
28534
28535
28536
28537
28538
28539
28540
28541
28542
28543
28544
28545
28546
28547
28548
28549
28550
28551
28552
28553
28554
28555
28556
28557
28558
28559
28560
28561
28562
28563
28564
28565
28566
28567
28568
28569
28570
28571
28572
28573
28574
28575
28576
28577
28578
28579
28580
28581
28582
28583
28584
28585
28586
28587
28588
28589
28590
28591
28592
28593
28594
28595
28596
28597
28598
28599
28600
28601
28602
28603
28604
28605
28606
28607
28608
28609
28610
28611
28612
28613
28614
28615
28616
28617
28618
28619
28620
28621
28622
28623
28624
28625
28626
28627
28628
28629
28630
28631
28632
28633
28634
28635
28636
28637
28638
28639
28640
28641
28642
28643
28644
28645
28646
28647
28648
28649
28650
28651
28652
28653
28654
28655
28656
28657
28658
28659
28660
28661
28662
28663
28664
28665
28666
28667
28668
28669
28670
28671
28672
28673
28674
28675
28676
28677
28678
28679
28680
28681
28682
28683
28684
28685
28686
28687
28688
28689
28690
28691
28692
28693
28694
28695
28696
28697
28698
28699
28700
28701
28702
28703
28704
28705
28706
28707
28708
28709
28710
28711
28712
28713
28714
28715
28716
28717
28718
28719
28720
28721
28722
28723
28724
28725
28726
28727
28728
28729
28730
28731
28732
28733
28734
28735
28736
28737
28738
28739
28740
28741
28742
28743
28744
28745
28746
28747
28748
28749
28750
28751
28752
28753
28754
28755
28756
28757
28758
28759
28760
28761
28762
28763
28764
28765
28766
28767
28768
28769
28770
28771
28772
28773
28774
28775
28776
28777
28778
28779
28780
28781
28782
28783
28784
28785
28786
28787
28788
28789
28790
28791
28792
28793
28794
28795
28796
28797
28798
28799
28800
28801
28802
28803
28804
28805
28806
28807
28808
28809
28810
28811
28812
28813
28814
28815
28816
28817
28818
28819
28820
28821
28822
28823
28824
28825
28826
28827
28828
28829
28830
28831
28832
28833
28834
28835
28836
28837
28838
28839
28840
28841
28842
28843
28844
28845
28846
28847
28848
28849
28850
28851
28852
28853
28854
28855
28856
28857
28858
28859
28860
28861
28862
28863
28864
28865
28866
28867
28868
28869
28870
28871
28872
28873
28874
28875
28876
28877
28878
28879
28880
28881
28882
28883
28884
28885
28886
28887
28888
28889
28890
28891
28892
28893
28894
28895
28896
28897
28898
28899
28900
28901
28902
28903
28904
28905
28906
28907
28908
28909
28910
28911
28912
28913
28914
28915
28916
28917
28918
28919
28920
28921
28922
28923
28924
28925
28926
28927
28928
28929
28930
28931
28932
28933
28934
28935
28936
28937
28938
28939
28940
28941
28942
28943
28944
28945
28946
28947
28948
28949
28950
28951
28952
28953
28954
28955
28956
28957
28958
28959
28960
28961
28962
28963
28964
28965
28966
28967
28968
28969
28970
28971
28972
28973
28974
28975
28976
28977
28978
28979
28980
28981
28982
28983
28984
28985
28986
28987
28988
28989
28990
28991
28992
28993
28994
28995
28996
28997
28998
28999
29000
29001
29002
29003
29004
29005
29006
29007
29008
29009
29010
29011
29012
29013
29014
29015
29016
29017
29018
29019
29020
29021
29022
29023
29024
29025
29026
29027
29028
29029
29030
29031
29032
29033
29034
29035
29036
29037
29038
29039
29040
29041
29042
29043
29044
29045
29046
29047
29048
29049
29050
29051
29052
29053
29054
29055
29056
29057
29058
29059
29060
29061
29062
29063
29064
29065
29066
29067
29068
29069
29070
29071
29072
29073
29074
29075
29076
29077
29078
29079
29080
29081
29082
29083
29084
29085
29086
29087
29088
29089
29090
29091
29092
29093
29094
29095
29096
29097
29098
29099
29100
29101
29102
29103
29104
29105
29106
29107
29108
29109
29110
29111
29112
29113
29114
29115
29116
29117
29118
29119
29120
29121
29122
29123
29124
29125
29126
29127
29128
29129
29130
29131
29132
29133
29134
29135
29136
29137
29138
29139
29140
29141
29142
29143
29144
29145
29146
29147
29148
29149
29150
29151
29152
29153
29154
29155
29156
29157
29158
29159
29160
29161
29162
29163
29164
29165
29166
29167
29168
29169
29170
29171
29172
29173
29174
29175
29176
29177
29178
29179
29180
29181
29182
29183
29184
29185
29186
29187
29188
29189
29190
29191
29192
29193
29194
29195
29196
29197
29198
29199
29200
29201
29202
29203
29204
29205
29206
29207
29208
29209
29210
29211
29212
29213
29214
29215
29216
29217
29218
29219
29220
29221
29222
29223
29224
29225
29226
29227
29228
29229
29230
29231
29232
29233
29234
29235
29236
29237
29238
29239
29240
29241
29242
29243
29244
29245
29246
29247
29248
29249
29250
29251
29252
29253
29254
29255
29256
29257
29258
29259
29260
29261
29262
29263
29264
29265
29266
29267
29268
29269
29270
29271
29272
29273
29274
29275
29276
29277
29278
29279
29280
29281
29282
29283
29284
29285
29286
29287
29288
29289
29290
29291
29292
29293
29294
29295
29296
29297
29298
29299
29300
29301
29302
29303
29304
29305
29306
29307
29308
29309
29310
29311
29312
29313
29314
29315
29316
29317
29318
29319
29320
29321
29322
29323
29324
29325
29326
29327
29328
29329
29330
29331
29332
29333
29334
29335
29336
29337
29338
29339
29340
29341
29342
29343
29344
29345
29346
29347
29348
29349
29350
29351
29352
29353
29354
29355
29356
29357
29358
29359
29360
29361
29362
29363
29364
29365
29366
29367
29368
29369
29370
29371
29372
29373
29374
29375
29376
29377
29378
29379
29380
29381
29382
29383
29384
29385
29386
29387
29388
29389
29390
29391
29392
29393
29394
29395
29396
29397
29398
29399
29400
29401
29402
29403
29404
29405
29406
29407
29408
29409
29410
29411
29412
29413
29414
29415
29416
29417
29418
29419
29420
29421
29422
29423
29424
29425
29426
29427
29428
29429
29430
29431
29432
29433
29434
29435
29436
29437
29438
29439
29440
29441
29442
29443
29444
29445
29446
29447
29448
29449
29450
29451
29452
29453
29454
29455
29456
29457
29458
29459
29460
29461
29462
29463
29464
29465
29466
29467
29468
29469
29470
29471
29472
29473
29474
29475
29476
29477
29478
29479
29480
29481
29482
29483
29484
29485
29486
29487
29488
29489
29490
29491
29492
29493
29494
29495
29496
29497
29498
29499
29500
29501
29502
29503
29504
29505
29506
29507
29508
29509
29510
29511
29512
29513
29514
29515
29516
29517
29518
29519
29520
29521
29522
29523
29524
29525
29526
29527
29528
29529
29530
29531
29532
29533
29534
29535
29536
29537
29538
29539
29540
29541
29542
29543
29544
29545
29546
29547
29548
29549
29550
29551
29552
29553
29554
29555
29556
29557
29558
29559
29560
29561
29562
29563
29564
29565
29566
29567
29568
29569
29570
29571
29572
29573
29574
29575
29576
29577
29578
29579
29580
29581
29582
29583
29584
29585
29586
29587
29588
29589
29590
29591
29592
29593
29594
29595
29596
29597
29598
29599
29600
29601
29602
29603
29604
29605
29606
29607
29608
29609
29610
29611
29612
29613
29614
29615
29616
29617
29618
29619
29620
29621
29622
29623
29624
29625
29626
29627
29628
29629
29630
29631
29632
29633
29634
29635
29636
29637
29638
29639
29640
29641
29642
29643
29644
29645
29646
29647
29648
29649
29650
29651
29652
29653
29654
29655
29656
29657
29658
29659
29660
29661
29662
29663
29664
29665
29666
29667
29668
29669
29670
29671
29672
29673
29674
29675
29676
29677
29678
29679
29680
29681
29682
29683
29684
29685
29686
29687
29688
29689
29690
29691
29692
29693
29694
29695
29696
29697
29698
29699
29700
29701
29702
29703
29704
29705
29706
29707
29708
29709
29710
29711
29712
29713
29714
29715
29716
29717
29718
29719
29720
29721
29722
29723
29724
29725
29726
29727
29728
29729
29730
29731
29732
29733
29734
29735
29736
29737
29738
29739
29740
29741
29742
29743
29744
29745
29746
29747
29748
29749
29750
29751
29752
29753
29754
29755
29756
29757
29758
29759
29760
29761
29762
29763
29764
29765
29766
29767
29768
29769
29770
29771
29772
29773
29774
29775
29776
29777
29778
29779
29780
29781
29782
29783
29784
29785
29786
29787
29788
29789
29790
29791
29792
29793
29794
29795
29796
29797
29798
29799
29800
29801
29802
29803
29804
29805
29806
29807
29808
29809
29810
29811
29812
29813
29814
29815
29816
29817
29818
29819
29820
29821
29822
29823
29824
29825
29826
29827
29828
29829
29830
29831
29832
29833
29834
29835
29836
29837
29838
29839
29840
29841
29842
29843
29844
29845
29846
29847
29848
29849
29850
29851
29852
29853
29854
29855
29856
29857
29858
29859
29860
29861
29862
29863
29864
29865
29866
29867
29868
29869
29870
29871
29872
29873
29874
29875
29876
29877
29878
29879
29880
29881
29882
29883
29884
29885
29886
29887
29888
29889
29890
29891
29892
29893
29894
29895
29896
29897
29898
29899
29900
29901
29902
29903
29904
29905
29906
29907
29908
29909
29910
29911
29912
29913
29914
29915
29916
29917
29918
29919
29920
29921
29922
29923
29924
29925
29926
29927
29928
29929
29930
29931
29932
29933
29934
29935
29936
29937
29938
29939
29940
29941
29942
29943
29944
29945
29946
29947
29948
29949
29950
29951
29952
29953
29954
29955
29956
29957
29958
29959
29960
29961
29962
29963
29964
29965
29966
29967
29968
29969
29970
29971
29972
29973
29974
29975
29976
29977
29978
29979
29980
29981
29982
29983
29984
29985
29986
29987
29988
29989
29990
29991
29992
29993
29994
29995
29996
29997
29998
29999
30000
30001
30002
30003
30004
30005
30006
30007
30008
30009
30010
30011
30012
30013
30014
30015
30016
30017
30018
30019
30020
30021
30022
30023
30024
30025
30026
30027
30028
30029
30030
30031
30032
30033
30034
30035
30036
30037
30038
30039
30040
30041
30042
30043
30044
30045
30046
30047
30048
30049
30050
30051
30052
30053
30054
30055
30056
30057
30058
30059
30060
30061
30062
30063
30064
30065
30066
30067
30068
30069
30070
30071
30072
30073
30074
30075
30076
30077
30078
30079
30080
30081
30082
30083
30084
30085
30086
30087
30088
30089
30090
30091
30092
30093
30094
30095
30096
30097
30098
30099
30100
30101
30102
30103
30104
30105
30106
30107
30108
30109
30110
30111
30112
30113
30114
30115
30116
30117
30118
30119
30120
30121
30122
30123
30124
30125
30126
30127
30128
30129
30130
30131
30132
30133
30134
30135
30136
30137
30138
30139
30140
30141
30142
30143
30144
30145
30146
30147
30148
30149
30150
30151
30152
30153
30154
30155
30156
30157
30158
30159
30160
30161
30162
30163
30164
30165
30166
30167
30168
30169
30170
30171
30172
30173
30174
30175
30176
30177
30178
30179
30180
30181
30182
30183
30184
30185
30186
30187
30188
30189
30190
30191
30192
30193
30194
30195
30196
30197
30198
30199
30200
30201
30202
30203
30204
30205
30206
30207
30208
30209
30210
30211
30212
30213
30214
30215
30216
30217
30218
30219
30220
30221
30222
30223
30224
30225
30226
30227
30228
30229
30230
30231
30232
30233
30234
30235
30236
30237
30238
30239
30240
30241
30242
30243
30244
30245
30246
30247
30248
30249
30250
30251
30252
30253
30254
30255
30256
30257
30258
30259
30260
30261
30262
30263
30264
30265
30266
30267
30268
30269
30270
30271
30272
30273
30274
30275
30276
30277
30278
30279
30280
30281
30282
30283
30284
30285
30286
30287
30288
30289
30290
30291
30292
30293
30294
30295
30296
30297
30298
30299
30300
30301
30302
30303
30304
30305
30306
30307
30308
30309
30310
30311
30312
30313
30314
30315
30316
30317
30318
30319
30320
30321
30322
30323
30324
30325
30326
30327
30328
30329
30330
30331
30332
30333
30334
30335
30336
30337
30338
30339
30340
30341
30342
30343
30344
30345
30346
30347
30348
30349
30350
30351
30352
30353
30354
30355
30356
30357
30358
30359
30360
30361
30362
30363
30364
30365
30366
30367
30368
30369
30370
30371
30372
30373
30374
30375
30376
30377
30378
30379
30380
30381
30382
30383
30384
30385
30386
30387
30388
30389
30390
30391
30392
30393
30394
30395
30396
30397
30398
30399
30400
30401
30402
30403
30404
30405
30406
30407
30408
30409
30410
30411
30412
30413
30414
30415
30416
30417
30418
30419
30420
30421
30422
30423
30424
30425
30426
30427
30428
30429
30430
30431
30432
30433
30434
30435
30436
30437
30438
30439
30440
30441
30442
30443
30444
30445
30446
30447
30448
30449
30450
30451
30452
30453
30454
30455
30456
30457
30458
30459
30460
30461
30462
30463
30464
30465
30466
30467
30468
30469
30470
30471
30472
30473
30474
30475
30476
30477
30478
30479
30480
30481
30482
30483
30484
30485
30486
30487
30488
30489
30490
30491
30492
30493
30494
30495
30496
30497
30498
30499
30500
30501
30502
30503
30504
30505
30506
30507
30508
30509
30510
30511
30512
30513
30514
30515
30516
30517
30518
30519
30520
30521
30522
30523
30524
30525
30526
30527
30528
30529
30530
30531
30532
30533
30534
30535
30536
30537
30538
30539
30540
30541
30542
30543
30544
30545
30546
30547
30548
30549
30550
30551
30552
30553
30554
30555
30556
30557
30558
30559
30560
30561
30562
30563
30564
30565
30566
30567
30568
30569
30570
30571
30572
30573
30574
30575
30576
30577
30578
30579
30580
30581
30582
30583
30584
30585
30586
30587
30588
30589
30590
30591
30592
30593
30594
30595
30596
30597
30598
30599
30600
30601
30602
30603
30604
30605
30606
30607
30608
30609
30610
30611
30612
30613
30614
30615
30616
30617
30618
30619
30620
30621
30622
30623
30624
30625
30626
30627
30628
30629
30630
30631
30632
30633
30634
30635
30636
30637
30638
30639
30640
30641
30642
30643
30644
30645
30646
30647
30648
30649
30650
30651
30652
30653
30654
30655
30656
30657
30658
30659
30660
30661
30662
30663
30664
30665
30666
30667
30668
30669
30670
30671
30672
30673
30674
30675
30676
30677
30678
30679
30680
30681
30682
30683
30684
30685
30686
30687
30688
30689
30690
30691
30692
30693
30694
30695
30696
30697
30698
30699
30700
30701
30702
30703
30704
30705
30706
30707
30708
30709
30710
30711
30712
30713
30714
30715
30716
30717
30718
30719
30720
30721
30722
30723
30724
30725
30726
30727
30728
30729
30730
30731
30732
30733
30734
30735
30736
30737
30738
30739
30740
30741
30742
30743
30744
30745
30746
30747
30748
30749
30750
30751
30752
30753
30754
30755
30756
30757
30758
30759
30760
30761
30762
30763
30764
30765
30766
30767
30768
30769
30770
30771
30772
30773
30774
30775
30776
30777
30778
30779
30780
30781
30782
30783
30784
30785
30786
30787
30788
30789
30790
30791
30792
30793
30794
30795
30796
30797
30798
30799
30800
30801
30802
30803
30804
30805
30806
30807
30808
30809
30810
30811
30812
30813
30814
30815
30816
30817
30818
30819
30820
30821
30822
30823
30824
30825
30826
30827
30828
30829
30830
30831
30832
30833
30834
30835
30836
30837
30838
30839
30840
30841
30842
30843
30844
30845
30846
30847
30848
30849
30850
30851
30852
30853
30854
30855
30856
30857
30858
30859
30860
30861
30862
30863
30864
30865
30866
30867
30868
30869
30870
30871
30872
30873
30874
30875
30876
30877
30878
30879
30880
30881
30882
30883
30884
30885
30886
30887
30888
30889
30890
30891
30892
30893
30894
30895
30896
30897
30898
30899
30900
30901
30902
30903
30904
30905
30906
30907
30908
30909
30910
30911
30912
30913
30914
30915
30916
30917
30918
30919
30920
30921
30922
30923
30924
30925
30926
30927
30928
30929
30930
30931
30932
30933
30934
30935
30936
30937
30938
30939
30940
30941
30942
30943
30944
30945
30946
30947
30948
30949
30950
30951
30952
30953
30954
30955
30956
30957
30958
30959
30960
30961
30962
30963
30964
30965
30966
30967
30968
30969
30970
30971
30972
30973
30974
30975
30976
30977
30978
30979
30980
30981
30982
30983
30984
30985
30986
30987
30988
30989
30990
30991
30992
30993
30994
30995
30996
30997
30998
30999
31000
31001
31002
31003
31004
31005
31006
31007
31008
31009
31010
31011
31012
31013
31014
31015
31016
31017
31018
31019
31020
31021
31022
31023
31024
31025
31026
31027
31028
31029
31030
31031
31032
31033
31034
31035
31036
31037
31038
31039
31040
31041
31042
31043
31044
31045
31046
31047
31048
31049
31050
31051
31052
31053
31054
31055
31056
31057
31058
31059
31060
31061
31062
31063
31064
31065
31066
31067
31068
31069
31070
31071
31072
31073
31074
31075
31076
31077
31078
31079
31080
31081
31082
31083
31084
31085
31086
31087
31088
31089
31090
31091
31092
31093
31094
31095
31096
31097
31098
31099
31100
31101
31102
31103
31104
31105
31106
31107
31108
31109
31110
31111
31112
31113
31114
31115
31116
31117
31118
31119
31120
31121
31122
31123
31124
31125
31126
31127
31128
31129
31130
31131
31132
31133
31134
31135
31136
31137
31138
31139
31140
31141
31142
31143
31144
31145
31146
31147
31148
31149
31150
31151
31152
31153
31154
31155
31156
31157
31158
31159
31160
31161
31162
31163
31164
31165
31166
31167
31168
31169
31170
31171
31172
31173
31174
31175
31176
31177
31178
31179
31180
31181
31182
31183
31184
31185
31186
31187
31188
31189
31190
31191
31192
31193
31194
31195
31196
31197
31198
31199
31200
31201
31202
31203
31204
31205
31206
31207
31208
31209
31210
31211
31212
31213
31214
31215
31216
31217
31218
31219
31220
31221
31222
31223
31224
31225
31226
31227
31228
31229
31230
31231
31232
31233
31234
31235
31236
31237
31238
31239
31240
31241
31242
31243
31244
31245
31246
31247
31248
31249
31250
31251
31252
31253
31254
31255
31256
31257
31258
31259
31260
31261
31262
31263
31264
31265
31266
31267
31268
31269
31270
31271
31272
31273
31274
31275
31276
31277
31278
31279
31280
31281
31282
31283
31284
31285
31286
31287
31288
31289
31290
31291
31292
31293
31294
31295
31296
31297
31298
31299
31300
31301
31302
31303
31304
31305
31306
31307
31308
31309
31310
31311
31312
31313
31314
31315
31316
31317
31318
31319
31320
31321
31322
31323
31324
31325
31326
31327
31328
31329
31330
31331
31332
31333
31334
31335
31336
31337
31338
31339
31340
31341
31342
31343
31344
31345
31346
31347
31348
31349
31350
31351
31352
31353
31354
31355
31356
31357
31358
31359
31360
31361
31362
31363
31364
31365
31366
31367
31368
31369
31370
31371
31372
31373
31374
31375
31376
31377
31378
31379
31380
31381
31382
31383
31384
31385
31386
31387
31388
31389
31390
31391
31392
31393
31394
31395
31396
31397
31398
31399
31400
31401
31402
31403
31404
31405
31406
31407
31408
31409
31410
31411
31412
31413
31414
31415
31416
31417
31418
31419
31420
31421
31422
31423
31424
31425
31426
31427
31428
31429
31430
31431
31432
31433
31434
31435
31436
31437
31438
31439
31440
31441
31442
31443
31444
31445
31446
31447
31448
31449
31450
31451
31452
31453
31454
31455
31456
31457
31458
31459
31460
31461
31462
31463
31464
31465
31466
31467
31468
31469
31470
31471
31472
31473
31474
31475
31476
31477
31478
31479
31480
31481
31482
31483
31484
31485
31486
31487
31488
31489
31490
31491
31492
31493
31494
31495
31496
31497
31498
31499
31500
31501
31502
31503
31504
31505
31506
31507
31508
31509
31510
31511
31512
31513
31514
31515
31516
31517
31518
31519
31520
31521
31522
31523
31524
31525
31526
31527
31528
31529
31530
31531
31532
31533
31534
31535
31536
31537
31538
31539
31540
31541
31542
31543
31544
31545
31546
31547
31548
31549
31550
31551
31552
31553
31554
31555
31556
31557
31558
31559
31560
31561
31562
31563
31564
31565
31566
31567
31568
31569
31570
31571
31572
31573
31574
31575
31576
31577
31578
31579
31580
31581
31582
31583
31584
31585
31586
31587
31588
31589
31590
31591
31592
31593
31594
31595
31596
31597
31598
31599
31600
31601
31602
31603
31604
31605
31606
31607
31608
31609
31610
31611
31612
31613
31614
31615
31616
31617
31618
31619
31620
31621
31622
31623
31624
31625
31626
31627
31628
31629
31630
31631
31632
31633
31634
31635
31636
31637
31638
31639
31640
31641
31642
31643
31644
31645
31646
31647
31648
31649
31650
31651
31652
31653
31654
31655
31656
31657
31658
31659
31660
31661
31662
31663
31664
31665
31666
31667
31668
31669
31670
31671
31672
31673
31674
31675
31676
31677
31678
31679
31680
31681
31682
31683
31684
31685
31686
31687
31688
31689
31690
31691
31692
31693
31694
31695
31696
31697
31698
31699
31700
31701
31702
31703
31704
31705
31706
31707
31708
31709
31710
31711
31712
31713
31714
31715
31716
31717
31718
31719
31720
31721
31722
31723
31724
31725
31726
31727
31728
31729
31730
31731
31732
31733
31734
31735
31736
31737
31738
31739
31740
31741
31742
31743
31744
31745
31746
31747
31748
31749
31750
31751
31752
31753
31754
31755
31756
31757
31758
31759
31760
31761
31762
31763
31764
31765
31766
31767
31768
31769
31770
31771
31772
31773
31774
31775
31776
31777
31778
31779
31780
31781
31782
31783
31784
31785
31786
31787
31788
31789
31790
31791
31792
31793
31794
31795
31796
31797
31798
31799
31800
31801
31802
31803
31804
31805
31806
31807
31808
31809
31810
31811
31812
31813
31814
31815
31816
31817
31818
31819
31820
31821
31822
31823
31824
31825
31826
31827
31828
31829
31830
31831
31832
31833
31834
31835
31836
31837
31838
31839
31840
31841
31842
31843
31844
31845
31846
31847
31848
31849
31850
31851
31852
31853
31854
31855
31856
31857
31858
31859
31860
31861
31862
31863
31864
31865
31866
31867
31868
31869
31870
31871
31872
31873
31874
31875
31876
31877
31878
31879
31880
31881
31882
31883
31884
31885
31886
31887
31888
31889
31890
31891
31892
31893
31894
31895
31896
31897
31898
31899
31900
31901
31902
31903
31904
31905
31906
31907
31908
31909
31910
31911
31912
31913
31914
31915
31916
31917
31918
31919
31920
31921
31922
31923
31924
31925
31926
31927
31928
31929
31930
31931
31932
31933
31934
31935
31936
31937
31938
31939
31940
31941
31942
31943
31944
31945
31946
31947
31948
31949
31950
31951
31952
31953
31954
31955
31956
31957
31958
31959
31960
31961
31962
31963
31964
31965
31966
31967
31968
31969
31970
31971
31972
31973
31974
31975
31976
31977
31978
31979
31980
31981
31982
31983
31984
31985
31986
31987
31988
31989
31990
31991
31992
31993
31994
31995
31996
31997
31998
31999
32000
32001
32002
32003
32004
32005
32006
32007
32008
32009
32010
32011
32012
32013
32014
32015
32016
32017
32018
32019
32020
32021
32022
32023
32024
32025
32026
32027
32028
32029
32030
32031
32032
32033
32034
32035
32036
32037
32038
32039
32040
32041
32042
32043
32044
32045
32046
32047
32048
32049
32050
32051
32052
32053
32054
32055
32056
32057
32058
32059
32060
32061
32062
32063
32064
32065
32066
32067
32068
32069
32070
32071
32072
32073
32074
32075
32076
32077
32078
32079
32080
32081
32082
32083
32084
32085
32086
32087
32088
32089
32090
32091
32092
32093
32094
32095
32096
32097
32098
32099
32100
32101
32102
32103
32104
32105
32106
32107
32108
32109
32110
32111
32112
32113
32114
32115
32116
32117
32118
32119
32120
32121
32122
32123
32124
32125
32126
32127
32128
32129
32130
32131
32132
32133
32134
32135
32136
32137
32138
32139
32140
32141
32142
32143
32144
32145
32146
32147
32148
32149
32150
32151
32152
32153
32154
32155
32156
32157
32158
32159
32160
32161
32162
32163
32164
32165
32166
32167
32168
32169
32170
32171
32172
32173
32174
32175
32176
32177
32178
32179
32180
32181
32182
32183
32184
32185
32186
32187
32188
32189
32190
32191
32192
32193
32194
32195
32196
32197
32198
32199
32200
32201
32202
32203
32204
32205
32206
32207
32208
32209
32210
32211
32212
32213
32214
32215
32216
32217
32218
32219
32220
32221
32222
32223
32224
32225
32226
32227
32228
32229
32230
32231
32232
32233
32234
32235
32236
32237
32238
32239
32240
32241
32242
32243
32244
32245
32246
32247
32248
32249
32250
32251
32252
32253
32254
32255
32256
32257
32258
32259
32260
32261
32262
32263
32264
32265
32266
32267
32268
32269
32270
32271
32272
32273
32274
32275
32276
32277
32278
32279
32280
32281
32282
32283
32284
32285
32286
32287
32288
32289
32290
32291
32292
32293
32294
32295
32296
32297
32298
32299
32300
32301
32302
32303
32304
32305
32306
32307
32308
32309
32310
32311
32312
32313
32314
32315
32316
32317
32318
32319
32320
32321
32322
32323
32324
32325
32326
32327
32328
32329
32330
32331
32332
32333
32334
32335
32336
32337
32338
32339
32340
32341
32342
32343
32344
32345
32346
32347
32348
32349
32350
32351
32352
32353
32354
32355
32356
32357
32358
32359
32360
32361
32362
32363
32364
32365
32366
32367
32368
32369
32370
32371
32372
32373
32374
32375
32376
32377
32378
32379
32380
32381
32382
32383
32384
32385
32386
32387
32388
32389
32390
32391
32392
32393
32394
32395
32396
32397
32398
32399
32400
32401
32402
32403
32404
32405
32406
32407
32408
32409
32410
32411
32412
32413
32414
32415
32416
32417
32418
32419
32420
32421
32422
32423
32424
32425
32426
32427
32428
32429
32430
32431
32432
32433
32434
32435
32436
32437
32438
32439
32440
32441
32442
32443
32444
32445
32446
32447
32448
32449
32450
32451
32452
32453
32454
32455
32456
32457
32458
32459
32460
32461
32462
32463
32464
32465
32466
32467
32468
32469
32470
32471
32472
32473
32474
32475
32476
32477
32478
32479
32480
32481
32482
32483
32484
32485
32486
32487
32488
32489
32490
32491
32492
32493
32494
32495
32496
32497
32498
32499
32500
32501
32502
32503
32504
32505
32506
32507
32508
32509
32510
32511
32512
32513
32514
32515
32516
32517
32518
32519
32520
32521
32522
32523
32524
32525
32526
32527
32528
32529
32530
32531
32532
32533
32534
32535
32536
32537
32538
32539
32540
32541
32542
32543
32544
32545
32546
32547
32548
32549
32550
32551
32552
32553
32554
32555
32556
32557
32558
32559
32560
32561
32562
32563
32564
32565
32566
32567
32568
32569
32570
32571
32572
32573
32574
32575
32576
32577
32578
32579
32580
32581
32582
32583
32584
32585
32586
32587
32588
32589
32590
32591
32592
32593
32594
32595
32596
32597
32598
32599
32600
32601
32602
32603
32604
32605
32606
32607
32608
32609
32610
32611
32612
32613
32614
32615
32616
32617
32618
32619
32620
32621
32622
32623
32624
32625
32626
32627
32628
32629
32630
32631
32632
32633
32634
32635
32636
32637
32638
32639
32640
32641
32642
32643
32644
32645
32646
32647
32648
32649
32650
32651
32652
32653
32654
32655
32656
32657
32658
32659
32660
32661
32662
32663
32664
32665
32666
32667
32668
32669
32670
32671
32672
32673
32674
32675
32676
32677
32678
32679
32680
32681
32682
32683
32684
32685
32686
32687
32688
32689
32690
32691
32692
32693
32694
32695
32696
32697
32698
32699
32700
32701
32702
32703
32704
32705
32706
32707
32708
32709
32710
32711
32712
32713
32714
32715
32716
32717
32718
32719
32720
32721
32722
32723
32724
32725
32726
32727
32728
32729
32730
32731
32732
32733
32734
32735
32736
32737
32738
32739
32740
32741
32742
32743
32744
32745
32746
32747
32748
32749
32750
32751
32752
32753
32754
32755
32756
32757
32758
32759
32760
32761
32762
32763
32764
32765
32766
32767
32768
32769
32770
32771
32772
32773
32774
32775
32776
32777
32778
32779
32780
32781
32782
32783
32784
32785
32786
32787
32788
32789
32790
32791
32792
32793
32794
32795
32796
32797
32798
32799
32800
32801
32802
32803
32804
32805
32806
32807
32808
32809
32810
32811
32812
32813
32814
32815
32816
32817
32818
32819
32820
32821
32822
32823
32824
32825
32826
32827
32828
32829
32830
32831
32832
32833
32834
32835
32836
32837
32838
32839
32840
32841
32842
32843
32844
32845
32846
32847
32848
32849
32850
32851
32852
32853
32854
32855
32856
32857
32858
32859
32860
32861
32862
32863
32864
32865
32866
32867
32868
32869
32870
32871
32872
32873
32874
32875
32876
32877
32878
32879
32880
32881
32882
32883
32884
32885
32886
32887
32888
32889
32890
32891
32892
32893
32894
32895
32896
32897
32898
32899
32900
32901
32902
32903
32904
32905
32906
32907
32908
32909
32910
32911
32912
32913
32914
32915
32916
32917
32918
32919
32920
32921
32922
32923
32924
32925
32926
32927
32928
32929
32930
32931
32932
32933
32934
32935
32936
32937
32938
32939
32940
32941
32942
32943
32944
32945
32946
32947
32948
32949
32950
32951
32952
32953
32954
32955
32956
32957
32958
32959
32960
32961
32962
32963
32964
32965
32966
32967
32968
32969
32970
32971
32972
32973
32974
32975
32976
32977
32978
32979
32980
32981
32982
32983
32984
32985
32986
32987
32988
32989
32990
32991
32992
32993
32994
32995
32996
32997
32998
32999
33000
33001
33002
33003
33004
33005
33006
33007
33008
33009
33010
33011
33012
33013
33014
33015
33016
33017
33018
33019
33020
33021
33022
33023
33024
33025
33026
33027
33028
33029
33030
33031
33032
33033
33034
33035
33036
33037
33038
33039
33040
33041
33042
33043
33044
33045
33046
33047
33048
33049
33050
33051
33052
33053
33054
33055
33056
33057
33058
33059
33060
33061
33062
33063
33064
33065
33066
33067
33068
33069
33070
33071
33072
33073
33074
33075
33076
33077
33078
33079
33080
33081
33082
33083
33084
33085
33086
33087
33088
33089
33090
33091
33092
33093
33094
33095
33096
33097
33098
33099
33100
33101
33102
33103
33104
33105
33106
33107
33108
33109
33110
33111
33112
33113
33114
33115
33116
33117
33118
33119
33120
33121
33122
33123
33124
33125
33126
33127
33128
33129
33130
33131
33132
33133
33134
33135
33136
33137
33138
33139
33140
33141
33142
33143
33144
33145
33146
33147
33148
33149
33150
33151
33152
33153
33154
33155
33156
33157
33158
33159
33160
33161
33162
33163
33164
33165
33166
33167
33168
33169
33170
33171
33172
33173
33174
33175
33176
33177
33178
33179
33180
33181
33182
33183
33184
33185
33186
33187
33188
33189
33190
33191
33192
33193
33194
33195
33196
33197
33198
33199
33200
33201
33202
33203
33204
33205
33206
33207
33208
33209
33210
33211
33212
33213
33214
33215
33216
33217
33218
33219
33220
33221
33222
33223
33224
33225
33226
33227
33228
33229
33230
33231
33232
33233
33234
33235
33236
33237
33238
33239
33240
33241
33242
33243
33244
33245
33246
33247
33248
33249
33250
33251
33252
33253
33254
33255
33256
33257
33258
33259
33260
33261
33262
33263
33264
33265
33266
33267
33268
33269
33270
33271
33272
33273
33274
33275
33276
33277
33278
33279
33280
33281
33282
33283
33284
33285
33286
33287
33288
33289
33290
33291
33292
33293
33294
33295
33296
33297
33298
33299
33300
33301
33302
33303
33304
33305
33306
33307
33308
33309
33310
33311
33312
33313
33314
33315
33316
33317
33318
33319
33320
33321
33322
33323
33324
33325
33326
33327
33328
33329
33330
33331
33332
33333
33334
33335
33336
33337
33338
33339
33340
33341
33342
33343
33344
33345
33346
33347
33348
33349
33350
33351
33352
33353
33354
33355
33356
33357
33358
33359
33360
33361
33362
33363
33364
33365
33366
33367
33368
33369
33370
33371
33372
33373
33374
33375
33376
33377
33378
33379
33380
33381
33382
33383
33384
33385
33386
33387
33388
33389
33390
33391
33392
33393
33394
33395
33396
33397
33398
33399
33400
33401
33402
33403
33404
33405
33406
33407
33408
33409
33410
33411
33412
33413
33414
33415
33416
33417
33418
33419
33420
33421
33422
33423
33424
33425
33426
33427
33428
33429
33430
33431
33432
33433
33434
33435
33436
33437
33438
33439
33440
33441
33442
33443
33444
33445
33446
33447
33448
33449
33450
33451
33452
33453
33454
33455
33456
33457
33458
33459
33460
33461
33462
33463
33464
33465
33466
33467
33468
33469
33470
33471
33472
33473
33474
33475
33476
33477
33478
33479
33480
33481
33482
33483
33484
33485
33486
33487
33488
33489
33490
33491
33492
33493
33494
33495
33496
33497
33498
33499
33500
33501
33502
33503
33504
33505
395.3148601931724 12.87018638764489 0
123.1328720984536 375.5703362636359 0
310.5575293227839 244.3984073781709 0
321.415718149495 229.9271871383531 0
106.0664643618559 380.6438933297362 0
393.949204222311 31.30800868558996 0
395.0422312262945 -4.832521753713221 0
140.2237942192188 369.6051159179476 0
298.7529538155296 258.2366865450793 0
331.6001764704622 214.9788320342648 0
88.13740712894068 385.4499064173596 0
392.2602244035504 48.92382228976683 0
394.4073097317454 -23.04409390844996 0
156.8609306296611 362.7274583975157 0
286.770634180859 271.6319546340073 0
341.3520834672813 199.8117659422361 0
70.10595244278062 389.1057253145843 0
389.2730949591677 67.16843453418139 0
393.0654491279736 -40.94268648225486 0
173.384836539229 355.0355449295848 0
274.1776417154384 284.6105783974544 0
349.9219383968872 184.1105075166971 0
52.5353400602059 391.5245240956972 0
385.9145326190533 84.96627313507182 0
390.7695337216203 -58.90651463295052 0
189.5493206054124 346.6681092669585 0
260.956218949176 296.6126962133043 0
368.2892860058765 -143.2471650196147 0
358.227618814299 167.4225394516322 0
34.34157997221154 393.8520943818995 0
381.6628788305436 102.5086447800675 0
388.1214614500668 -76.61229700446088 0
204.9237169896914 337.8888355369043 0
246.9641091613599 308.6507188371704 0
374.5566985704103 -126.1879568822861 0
365.1557090573945 150.9903296579784 0
376.7634940995501 120.146094913438 0
383.7561561912058 -94.37044076321004 0
220.4768424202665 327.9185474582638 0
232.7207632721239 319.5059335263217 0
379.6731424508744 -109.0433861946356 0
372.0720701061319 134.3413977485772 0
2.2891293354708 425.9881156131335 0
426.4455036457177 164.2539061914841 0
435.9726142912727 -134.7311939085296 0
276.2890888516685 363.7735763271781 0
246.8014907784517 384.3740944188107 0
445.7442429549407 -100.0859804524567 0
438.0849248331429 129.8348807072369 0
418.6514511025371 183.0218053929207 0
429.7157541071995 -154.1540839078071 0
292.3998684515913 350.8314713834676 0
229.0628920266456 395.3312943512819 0
449.5760765397407 -79.79724107162916 0
443.2977925302793 109.6727372454775 0
49.01661810451854 454.249093411289 0
409.8150784842018 201.8884174795362 0
308.1790716386502 337.292925177134 0
210.8917021627551 405.0168440282592 0
452.8717467133966 -59.0436713084684 0
447.8946108742186 89.27144921978842 0
69.84349731706334 451.4473116833846 0
400.0737705901529 220.4878611070485 0
323.3191192739493 322.5580896320529 0
192.0588455206743 414.1913752840403 0
455.0323187438741 -37.88710150797919 0
451.6275708151783 68.67100848751932 0
90.65052808196704 447.7670466846787 0
389.5363894836988 238.4121963304985 0
338.2753189792344 307.28770099563 0
172.9727448842027 422.5446031035553 0
456.4268186386385 -17.55461106051173 0
454.172471246836 48.02437352468178 0
110.6668079221356 442.7248178724801 0
378.6366041558072 255.9264031630703 0
351.267813126756 291.6560164761268 0
153.0425926761183 430.0263384661714 0
456.691848771755 3.395491245034067 0
455.892052339939 27.22885794757261 0
130.7031285091934 437.9264879099243 0
366.3186281591732 272.8834515553983 0
261.8714334393117 374.3472068386529 0
441.2802016869471 -117.4654583353028 0
432.4694233504275 147.0105892476293 0
384.3161638937735 -183.7597037636031 0
34.25145589909793 455.4182822939918 0
424.6441894683801 -168.8242150101519 0
456.1765245193986 15.19539244207612 0
359.1093222815697 282.4381179297211 0
142.2878562040384 434.1479842160898 0
22.59982165490896 394.5453065262427 0
373.9061021368179 -178.6390680056221 0
2.707864776005413 437.6281358172884 0
394.6926105055107 -188.9479270694686 0
2.578546630080064 414.2278828609866 0
22.06290374671906 456.2998725055907 0
420.000679690701 -179.8359077855196 0
363.79400943466 -154.3869344505115 0
240.0936791245987 313.620562911374 0
131.6030434522974 372.6357333930296 0
254.4820759511555 302.3676891976978 0
267.6169810551351 290.8099298748673 0
280.643760006097 278.1329690366813 0
293.0737759765582 265.1211743982996 0
96.99098594642996 382.9412399779342 0
148.5516136558579 366.2336228646498 0
165.0229812283391 358.7678565208985 0
181.3826894729376 351.1100601509616 0
304.8816328181786 251.4437130311754 0
394.5693255930698 22.30606814869073 0
394.9512619676184 -13.8893993973876 0
197.1249561645287 342.4215007006402 0
316.062420084867 237.2394443576581 0
379.2743111931298 111.2141313928266 0
326.5934830934452 222.5112866252477 0
368.5596080436321 142.6685356917069 0
345.7111814644915 191.8452496715105 0
390.8645146028464 58.28180417143262 0
395.0114412195556 4.060481873092886 0
371.477213477474 -134.6991725224801 0
336.432180144032 207.3406352642513 0
383.915774095485 93.74483041653775 0
212.6838708207264 333.1164702218065 0
389.3082136604841 -68.24091631643698 0
361.6717876052205 159.7223805944824 0
377.28931613883 -117.589676098722 0
393.0174616446178 40.10071444842701 0
393.8895000362243 -31.9059055414259 0
391.9392980453593 -50.05898976936758 0
114.4136598438983 378.2184288685213 0
385.8474078059263 -85.61133006884887 0
79.78937874228187 387.2340080538107 0
387.7041885105239 76.06408027943296 0
43.83977009651959 392.5439463293731 0
61.79912321290337 390.4885414047556 0
353.6693973756765 175.6452353923926 0
433.6568475739954 -143.383496360937 0
456.6824730129597 -8.408246262477972 0
450.0878407120507 77.73925823632545 0
456.038258843192 -28.9890846501232 0
446.0606581692461 98.02480977302635 0
441.1175679464104 118.2973598287543 0
439.023544624099 -126.2523703455533 0
452.9205785113259 56.72967010744566 0
405.6049164139542 209.7722441050792 0
414.9440145520779 191.0520018990645 0
455.0892501202057 36.0234239151446 0
454.1556827371415 -50.05020748910725 0
451.0326765173014 -71.27949394797199 0
373.3165231686051 263.1777659002552 0
435.5266125757738 138.2712814451002 0
102.0561375156593 445.4212754339754 0
383.4891039919901 248.3768364974735 0
299.5687398807209 345.1581454139996 0
202.8333649376136 409.1913979379707 0
422.8785247994203 171.8033934540091 0
395.6279486426849 228.1611280405376 0
161.9526358980841 427.1274114238982 0
239.437783785021 389.1692942739179 0
345.6269529202597 298.5313777347325 0
269.4499749434636 368.9948295725408 0
331.6147822435528 314.0474575748672 0
317.285787321427 328.8232090218094 0
447.4688884034047 -91.3814423340426 0
429.6580734366399 155.320381898615 0
254.0433472718906 379.4270890576615 0
181.1982535986968 419.2209047359326 0
221.3124310172858 399.4994142091592 0
285.6098301109403 356.3790103502641 0
78.60804495775474 449.888596593987 0
60.92000113527397 452.7450545224521 0
122.2765568431135 440.190011482397 0
443.6174992383847 -109.3590000314841 0
13.56462985115074 394.9591772050661 0
366.2647474635816 -174.5808391872771 0
13.10891055047171 456.5722579576625 0
416.315015972989 -187.9973534120578 0
2.511563687465801 405.6514652432687 0
2.636536098112133 446.3550724730901 0
402.5748217810017 -192.7433460507091 0
360.157664435027 -162.6862100363378 0
28.58060787501806 394.0474119328447 0
225.164599258812 324.9461416011613 0
366.0951340537363 -148.8036824402175 0
373.7049974266504 128.5204538121425 0
381.8603598121707 -103.3959029642641 0
2.539724064950612 431.7327244864687 0
2.384802218177995 420.4651855765913 0
379.5033331276579 -181.2294949737396 0
389.3030808968372 -185.9974492417609 0
422.3303498211847 -173.7487274081577 0
28.54938039018407 455.8621941469025 0
40.071014737665 454.6824356879583 0
426.861381456504 -162.6789435936988 0
456.6751544530392 -2.896176258905148 0
455.9261674562052 -23.84958376799853 0
355.3573939116189 287.1380550064845 0
449.0203049548953 83.50194277819506 0
280.8429987671798 359.9449959481645 0
327.558277482676 318.3638548191066 0
186.7277091508779 417.0165558427386 0
392.3797281309028 233.2730937775411 0
147.766874112833 432.1781721547416 0
456.2086704873278 21.27493981199893 0
116.6160496196679 441.5833807132532 0
369.8442413540527 268.0474617701609 0
303.7050271733136 340.858956123733 0
455.0725931423991 42.11746219300569 0
452.3634486703401 62.8194587583758 0
234.4741671149043 392.0088764068494 0
386.6608808893553 243.2992450344138 0
55.01800114992725 453.3784221028227 0
454.557286208179 -44.23401006155004 0
215.7953907012119 402.3930992577951 0
452.271461597269 -64.97432653384914 0
448.6161267969693 -85.43797392409897 0
411.9337045301956 196.6560432338873 0
420.8490551348821 177.6946803011998 0
444.5778376673538 103.9831733239092 0
439.4485791122378 124.2750923929017 0
341.7508493094823 303.050222952701 0
431.843199165899 -148.7974267921196 0
167.7507815691248 424.5656704443227 0
96.21477343080394 446.391445974362 0
84.46211472841408 448.3252782737361 0
197.7639757466179 412.0159866090613 0
403.0297759170158 215.2856846191504 0
312.4027694407849 332.7163530567478 0
136.7050075025839 436.3927631368259 0
456.7021900841583 9.246806846454763 0
362.740171811269 277.6805066856968 0
7.708225836180064 395.0570021287666 0
7.452635638162239 456.6436600896786 0
413.893581670554 -193.0571861920016 0
360.9691590173283 -172.0862013253805 0
2.331833742742507 399.864405770079 0
2.410903889112918 452.0531283171405 0
407.6095885069042 -195.2549987406665 0
357.8778271028348 -168.3337540063717 0
411.514128733346 -196.5206765372569 0
358.9387650470886 -165.4410463130374 0
361.8809445487765 -165.1132783237525 0
363.1278465960983 -162.4150734709932 0
364.8431243583429 -164.8875354788306 0
366.0821564195026 -162.1596360873225 0
367.7935819620989 -164.6295107645491 0
369.0256636292261 -161.8409170341677 0
370.7311525781057 -164.3080194400637 0
371.9700386616664 -161.5584709814413 0
373.6771720011819 -164.0383718643906 0
374.9215447913075 -161.3529642428461 0
376.6239352829971 -163.7792100033959 0
377.8684412136261 -161.0965841402804 0
379.5715041116635 -163.5160389867156 0
380.816840244495 -160.8353669391466 0
382.535758487643 -163.2693368554777 0
383.7690153527467 -160.5722967038357 0
385.498036731894 -163.0206925929361 0
386.7234834025379 -160.313099815473 0
388.4376829456328 -162.7452611672207 0
389.6758873929674 -160.0434506449866 0
391.3812320070249 -162.467278368467 0
392.630296796117 -159.7719603740273 0
390.9038164041002 -157.3439723175443 0
393.8789928641854 -157.0750802951699 0
392.1591143498831 -154.6416565297693 0
395.1335925490748 -154.375945483747 0
393.4129672742049 -151.936883583749 0
396.3867344525968 -151.6731747745883 0
394.6657979195971 -149.2321417937252 0
397.6416644608442 -148.9686215879235 0
395.9118867540133 -146.5179340562397 0
398.8850746808149 -146.2556542169903 0
397.1395058137212 -143.793664216169 0
400.1471024422773 -143.5506677333745 0
398.4050683791634 -141.0926774981251 0
401.394442501467 -140.8356396615265 0
399.6599940409214 -138.3790856246249 0
402.6621453323997 -138.1286396050288 0
400.8814455135557 -135.6464473603168 0
403.9160070624512 -135.4136768703458 0
402.1575590965327 -132.9464426863822 0
405.1767436587575 -132.7022533377282 0
403.4182255812132 -130.2327483910644 0
406.4363562065787 -129.9885884829376 0
404.6267672504187 -127.4903112913285 0
407.6782729542149 -127.2756545462675 0
405.9120462885301 -124.7937632025626 0
408.9644212409054 -124.5645934361168 0
407.1753758390936 -122.0842453217278 0
410.2115315002623 -121.8281083550088 0
408.4332503815831 -119.3656553804273 0
411.4614316858291 -119.1295114870655 0
409.7454129844729 -116.6769374395319 0
412.7139668597718 -116.4137968654234 0
411.0125899812818 -113.9648358130454 0
413.9827741708157 -113.6916792510908 0
412.2753132609898 -111.2477167375564 0
415.2591673722853 -110.9802944017669 0
413.5383407907571 -108.5312513504822 0
416.5225463335854 -108.2639752549974 0
414.799533690643 -105.8140414142221 0
395.5752557529969 -159.5063468641793 0
417.7835223440479 -105.5465610181694 0
416.0600424939053 -103.0963868515026 0
413.0762404199721 -103.3640008037855 0
414.3364805561295 -100.6462014396753 0
417.3203125488944 -100.3785475392714 0
415.59662894016 -97.92824123841751 0
418.5805861668252 -97.66054889472066 0
416.8568368797005 -95.21011366686476 0
419.8409469090165 -94.94245133774132 0
418.1170614740398 -92.49191248646295 0
415.1329467228888 -92.75961766321916 0
416.3931433395738 -90.04137475009711 0
419.3773829925904 -89.77368321323816 0
417.6533979887602 -87.32306974414311 0
420.6377407056257 -87.05535609715531 0
418.9137058369079 -84.60465901383941 0
421.8981051785111 -84.33689158004893 0
420.1739897225969 -81.88617041747219 0
417.1896242482316 -82.15395588248967 0
418.4498288385803 -79.43537042525492 0
421.4342855562857 -79.16767217925455 0
419.710094253983 -76.71677490945376 0
422.6946380758274 -76.44909557446123 0
420.970450591429 -73.99825286818536 0
423.9550539177573 -73.73050973832181 0
422.2308182661403 -71.27968608467624 0
419.246256344928 -71.54746752340316 0
420.5065815399199 -68.82890276225461 0
423.4911687708639 -68.56105533646092 0
421.766893413576 -66.11024449619491 0
424.7515272276411 -65.84235865578881 0
423.0271962422745 -63.39153765919473 0
420.0426152745302 -63.65943492007999 0
421.3028880814585 -60.94074416681235 0
424.2875076543001 -60.67282671728339 0
422.5631629408849 -58.22201617490187 0
425.5478248517689 -57.9540638541779 0
423.8234300513415 -55.50324961658902 0
420.8388237905056 -55.77120835507458 0
422.0990551870727 -53.05237127889079 0
425.0836665755168 -52.7844819787451 0
423.359274504046 -50.33352663930604 0
426.3439471929287 -50.06566666333448 0
424.6195179164712 -47.6147752479463 0
427.6042494306624 -47.34685746505028 0
425.8797849785503 -44.89599883559779 0
422.8950943147066 -45.1639557299337 0
424.1553276958152 -42.44519805781347 0
427.1400345487074 -42.1771715755146 0
425.4155440851174 -39.72635266345944 0
428.4002873013962 -39.45828187080042 0
426.6757476966814 -37.00745973997679 0
423.6910286693899 -37.27556449588003 0
424.9512158692545 -34.55663990774676 0
427.9358012921214 -34.28850392965067 0
426.211381398168 -31.83776565711297 0
423.2267151287255 -32.10586054989027 0
424.4868424383083 -29.38704667582544 0
427.4715253951292 -29.11890472485656 0
425.7469524673364 -26.66816302591779 0
428.7316728810733 -26.3999801038771 0
427.0070500535751 -23.94923139252321 0
424.0223912791242 -24.21744398627048 0
425.2824391892735 -21.49848373250805 0
428.2671174392885 -21.23029845313214 0
426.5424872043586 -18.77959301987225 0
423.5578450080018 -19.04777976322664 0
424.8178669423417 -16.32892316374299 0
427.8025341507207 -16.06067279636 0
426.077874002668 -13.60999348887367 0
429.0625814109591 -13.34170244813835 0
427.3378701929755 -10.89101895565688 0
424.3532082990549 -11.15924806737758 0
425.6131647250619 -8.440320369396833 0
428.5978373056226 -8.172039945677771 0
426.8731149297878 -5.721392833018639 0
423.8884777559127 -5.989691999843374 0
425.1484234872601 -3.27104215134507 0
428.1330679634307 -3.00246539690186 0
426.4083355380572 -0.552108927402402 0
400.5896079514665 -148.6824648983635 0
429.3929804959409 -0.2834120901824857 0
427.6682064680579 2.167175823664167 0
424.6832538900435 1.897323783977531 0
425.9430680161676 4.617028198318444 0
428.9280309910212 4.8861345658367 0
427.2031952794105 7.336708288543602 0
424.217938930465 7.066390675009806 0
425.4780023531042 9.786463559068251 0
428.4629055483034 10.05578074222204 0
426.73823548229 12.50648475979898 0
423.7529172145047 12.23576171125185 0
425.0129304720747 14.95596781720982 0
427.9977379330899 15.22593551373547 0
426.2728822158123 17.6760395593886 0
423.2877645257184 17.40508601941798 0
424.5477098702225 20.1254101355206 0
427.5323008663797 20.39569298611373 0
425.8076120490824 22.84560572381472 0
422.8228951766075 22.57516058696896 0
424.082844627162 25.29574018611092 0
427.0670840251457 25.56549548098143 0
425.3424187666963 28.01522751945623 0
422.3576303821891 27.74562762935856 0
423.6176115927516 30.46551350887928 0
426.6017639099088 30.73520027023724 0
424.8771135337313 33.1847138801671 0
421.8926549595905 32.91597287360563 0
423.1521728596232 35.63503981912888 0
426.1363289577539 35.9048325408359 0
424.4116197017151 38.35422294201194 0
421.4269779643319 38.08663436842605 0
422.6865463196896 40.8051239247995 0
425.6707694706675 41.07455484653337 0
423.9461348576481 43.52363405583134 0
420.9614636902985 43.25535292821872 0
422.2209725806436 45.97405466181716 0
425.2051584842397 46.24406434421979 0
423.4803495643069 48.69321831067882 0
420.4956511267441 48.4243737748351 0
421.7550849259895 51.14352919048234 0
424.7393834011808 51.4136909911516 0
423.0144469055931 53.86281226254518 0
420.0299366589448 53.59378340981569 0
421.2893984816706 56.31293664436471 0
424.2740699923525 56.5818127731829 0
422.5488177564096 59.03208831120786 0
419.5642428892938 58.76313621139978 0
420.8235719257439 61.48232654594737 0
423.8081948456827 61.75133015586045 0
422.0828791255343 64.20156781847648 0
419.0983098678855 63.93253849682583 0
420.3575738995706 66.65176385679817 0
417.3730333872911 66.3827168269716 0
418.632296936689 69.10192750823424 0
421.616830943482 69.37099620583939 0
419.8915269362204 71.82116841191471 0
416.9069713583949 71.55211097762236 0
418.1661944768179 74.27132453590582 0
421.150781029493 74.5404352641967 0
419.4253907710454 76.99058830413925 0
416.4408557924961 76.72145219783471 0
417.7000105217529 79.44070158884844 0
414.7155025002694 79.17154654920139 0
415.9746564869207 81.8907857328593 0
418.9591598259464 82.15996084326595 0
417.2337794214505 84.61006042287002 0
414.249247756458 84.34089220196405 0
415.5083643328239 87.06013349747589 0
418.4929305606009 87.32935860871592 0
416.7674572574622 89.77944047941426 0
413.7829381525772 89.51019558788445 0
415.0419912749561 92.22948653368715 0
412.0575149940394 91.96019460960612 0
413.3165399941822 94.67948262912276 0
416.3010390210588 94.94878612654531 0
414.5755713136525 97.39882941401353 0
411.5910444913075 97.12950816601104 0
412.8500619508569 99.84884484875167 0
415.8345973430655 100.1181756521112 0
414.1090566803794 102.5682050577601 0
411.1245298772445 102.2988475113906 0
412.3834999411488 105.0181954764219 0
409.3990061593672 104.7488368878235 0
410.6579371950835 107.4681928458498 0
413.6424890476478 107.7375678123739 0
411.9168881662288 110.18754979784 0
408.9323697569641 109.9181585701583 0
410.191289544082 112.6374990071084 0
407.2069394637249 112.3680130478361 0
408.4658369648758 115.0873698511735 0
411.4502506849543 115.3568691501465 0
409.7245925978073 117.8067968644538 0
406.7400587916065 117.5373427111969 0
407.9989124894644 120.2567098703292 0
405.0144528878627 119.9873934669265 0
406.2733090186071 122.7066260451625 0
403.2888817340686 122.4371641608136 0
404.5476885830215 125.1565022776461 0
407.5321806082048 125.4259829907936 0
405.8065194141791 127.8758589421205 0
402.8220553225047 127.6063575976048 0
404.0808562516062 130.3257077030197 0
401.0964242730597 130.0561822223676 0
402.3551811813726 132.7755651586091 0
405.3396779828275 133.0451043513426 0
403.613965679614 135.4949589932041 0
400.6294942563488 135.225401136522 0
401.888250447411 137.9447873229595 0
398.9040613105511 137.6750797885656 0
400.162815384191 140.3944786575119 0
403.1470779634245 140.6641962578493 0
401.4213014371245 143.114015697791 0
398.4367660626965 142.8444057244324 0
399.6954705014771 145.5638375365007 0
396.7110097427249 145.2944902054317 0
397.9697261874484 148.0136822522241 0
394.9852951723919 147.7439949965189 0
396.2439376528059 150.4634459960094 0
399.2284504182287 150.7330975834176 0
397.5026554153268 153.1828904809581 0
394.5181440539637 152.913256968485 0
395.7768394064285 155.6326644332809 0
392.7923905709789 155.3630104575631 0
394.0510421326333 158.0824093677068 0
391.066633865133 157.8126967660345 0
392.3252599072558 160.5321433315303 0
395.30972165481 160.8018672249367 0
393.5838753215148 163.2516324124338 0
390.5994666566564 162.9818455722065 0
391.8580260258353 165.7013715043084 0
388.873621556493 165.431578914686 0
390.1321606984816 168.1510752543268 0
387.1477707459471 167.8813209395412 0
388.4063126879435 170.6007658550782 0
385.4219579656609 170.331020971515 0
386.6805170387602 173.0504554456607 0
383.6961702904126 172.7806768826167 0
384.9547091448322 175.5001154883335 0
387.9391293497548 175.769907093905 0
386.2132632999273 178.2196120367072 0
383.2293363616159 177.9495403499629 0
384.4874655252181 180.6692574576767 0
381.5035605867627 180.3991901376504 0
382.7616040384071 183.118897730456 0
379.7772484166908 182.8490894238136 0
381.0356543111423 185.5685840324953 0
378.0513180506189 185.2987820055721 0
379.3098016755933 188.0182328641505 0
376.3254759988934 187.7483996080607 0
377.5839547097359 190.4678487643124 0
380.5683581502922 190.7376933615881 0
378.8424643855579 193.1873658620181 0
375.8586675361656 192.9171794418031 0
377.1166430779194 195.6369632778064 0
374.1328704959894 195.3667820759609 0
375.3907612358834 198.0865796457813 0
372.4063861789051 197.816721428973 0
373.6642463011872 200.5358821413546 0
370.6802884886948 200.2663724680993 0
371.9385156570075 202.9856628706967 0
368.9544016318665 202.7160133260392 0
370.2123459948512 205.4350607697899 0
367.2285003848793 205.1655334325698 0
368.486347223918 207.8845471843663 0
365.5026120336938 207.6150867433619 0
366.760454087735 210.3340958182227 0
371.4703942666584 208.1567482614537 0
363.7767298201699 210.0646947395295 0
365.0351796450083 212.7840765437956 0
362.0509927415155 212.5143234547039 0
363.3094423492603 215.2337073913215 0
360.3251686620986 214.9638691963091 0
361.5835790721462 217.6832983561365 0
364.5679559202856 217.9531581638786 0
362.8420450214411 220.4027630122204 0
359.8576655834243 220.1328809913216 0
361.1161094933118 222.8523630756453 0
358.1317517102781 222.5824438640094 0
359.3893956680267 225.3013972864556 0
356.4056931745378 225.0319334197656 0
357.6637780233925 227.7512037466227 0
354.6798042973458 227.4815318444347 0
355.9374191576471 230.2004721376074 0
352.9538049586372 229.9310736923627 0
354.2113593095637 232.6499521652034 0
351.2278291705729 232.3806409254544 0
352.485403063529 235.0995029717428 0
349.50190235203 234.8301898072647 0
350.7593940503909 237.5490042735596 0
347.775958990043 237.2797540821003 0
349.0334549486402 239.9985549626828 0
346.0500333904411 239.7293134935915 0
347.307484527478 242.4480793650365 0
344.3241242854529 242.1788400563499 0
345.5815591861717 244.8976269556943 0
342.5981155522835 244.6282692963404 0
343.8555454888148 247.3471066520699 0
340.8721554689376 247.0778061815034 0
342.129604473663 249.7966498071465 0
339.1463264282827 249.5274693721265 0
340.4036474550588 252.246191183884 0
337.4202509750627 251.9768760993656 0
338.6776952415984 254.695726319138 0
335.6942855215296 254.4264217661118 0
336.9516701880138 257.1452221057952 0
333.96850846793 256.8761303073308 0
335.2257535508074 259.5948052726607 0
332.2424249193112 259.3255439755407 0
333.4997590953442 262.0443271519405 0
330.5164434482492 261.7750965839653 0
331.774640607264 264.4944912218743 0
328.790823817876 264.22494210369 0
330.0480423834307 266.9436116517672 0
327.0646250646095 266.6743017228804 0
328.3218342498617 269.3930101571561 0
325.3385775295744 269.1238376123944 0
326.5967446460309 271.8432251720837 0
323.6129466142268 271.5737267017892 0
324.8700563969363 274.2923208600483 0
321.8868570473883 274.0238709957008 0
323.1437868789527 276.7418266203933 0
320.1612321619518 276.4731197878327 0
321.4187937801124 279.1920422537293 0
318.435093342748 278.9226722584638 0
319.6919813816925 281.6410970257467 0
316.7089324446625 281.372214552484 0
317.965800604598 284.0906150245131 0
314.9828989130829 283.8218129804045 0
316.239773070554 286.5402511706384 0
313.2569175540746 286.2714362763658 0
314.5137306254335 288.9898899423903 0
311.5308918137419 288.7211128807039 0
312.787715020628 291.4395780074514 0
309.8048380550432 291.1708226740394 0
311.0615280590433 293.8891740102497 0
308.078428715674 293.620998580899 0
309.3366328933928 296.3397237486216 0
306.3531598419483 296.0705206494739 0
307.6096760784652 298.7887939390492 0
304.6268431160491 298.5203419155287 0
305.8833896678466 301.238426106623 0
302.9006155753499 300.9697980332885 0
304.1572567384419 303.6881281415825 0
301.1744938815035 303.4195108085588 0
302.4330353474386 306.1392195764619 0
299.4487077426415 305.869500351703 0
350.2930555181835 242.7188528136933 0
300.7072956654013 308.5892941471185 0
297.7227154040281 308.319355061816 0
296.464228289099 305.5996617704087 0
294.7383387595119 308.0493340084688 0
295.9966676866612 310.769109537492 0
293.012108547922 310.499168993939 0
294.2705348626995 313.2188636137936 0
291.285918273701 312.9491013735563 0
292.5444117450313 315.6686889478235 0
289.5597867227685 315.3986414377837 0
343.3893850268669 252.5170908350066 0
288.3013275406564 312.6791702314592 0
286.5751347228245 315.1286950983807 0
287.8336505611367 317.8483135022915 0
284.8489305443288 317.5783681901028 0
286.1074887855176 320.2980373014493 0
283.1228497478252 320.0280267900597 0
284.3813522763644 322.7477470102727 0
281.3967421592542 322.4776962465942 0
280.1383025387931 319.7579973568836 0
278.4120153595488 322.2077100374008 0
279.6705379062448 324.927361200128 0
276.685704208437 324.6574079219363 0
277.9443307407644 327.3770398635249 0
274.9596472633189 327.1069908336614 0
276.2181534364715 329.826732958755 0
273.2335722398215 329.5565941779881 0
271.9749687726858 326.8369016322406 0
270.248980115232 329.2864845087475 0
271.5073508428524 332.0062086577523 0
268.5227975368366 331.7360549105789 0
269.7810536488959 334.4558277341549 0
266.7964769069042 334.1856274559852 0
265.5382430500632 331.4659039350318 0
263.8120253838656 333.9154878286482 0
265.0701982438674 336.6352036725087 0
262.0858657367585 336.3649892231127 0
263.3439357514493 339.0847830472625 0
260.359570258989 338.814568762067 0
357.1953106646616 232.922765797964 0
336.4775079258856 262.3270688816616 0
261.6177321684144 341.5344742220255 0
258.6331633253417 341.2642313020092 0
257.3752944858425 338.5440991834059 0
255.6486268043851 340.993962165488 0
256.9068253079393 343.7138214087902 0
253.9222274352658 343.4435735585198 0
255.1804704874318 346.1634053215234 0
252.1958994732007 345.8931215127344 0
250.9376763028959 343.1733308686091 0
249.2113487462766 345.6228387750643 0
250.469542707354 348.3426736460212 0
247.4849771519054 348.0723470203832 0
248.7431481244029 350.792239595798 0
245.7585806571003 350.521876702399 0
244.5008183909092 347.8018585649261 0
242.7744730695041 350.2513143368195 0
244.0322251474241 352.9713101957046 0
241.0477096699805 352.7009332829525 0
376.6465717973653 200.809248275405 0
239.7907590914081 349.980271927461 0
238.0633720099723 352.430425820405 0
239.3212516813847 355.1504030761653 0
236.3367533370476 354.8799801673367 0
237.5947456111242 357.5998834503607 0
234.6102303693656 357.329436961997 0
233.3520801535268 354.6095949069031 0
231.6256811329457 357.0589906464527 0
232.8837227528879 359.7788488331442 0
229.899225544134 359.5083624495819 0
228.6412330534685 356.7885273582646 0
226.9147803114038 359.2378540808266 0
228.172730989806 361.957738335147 0
225.1882554627245 361.6872024910109 0
226.4461930786824 364.4071367694343 0
223.461690231114 364.1365585450084 0
222.2037870994875 361.4166698165435 0
220.4774107693917 363.8659033149323 0
221.7350981909359 366.5858987910605 0
218.7508407675604 366.3152212872257 0
362.3721294792063 225.5778858422631 0
385.7459305381026 183.3887807531341 0
220.0085136109577 369.0352747427939 0
217.0240291820145 368.7646515449003 0
215.7667880415463 366.0443121208602 0
214.0396067657574 368.4939676987531 0
215.2973608871478 371.2139994177654 0
212.3128632981429 370.9433276618154 0
211.055005730475 368.2233674931628 0
209.3287223199009 370.6720758482258 0
210.5861496402757 373.3924858156355 0
207.6016744020971 373.1219276148435 0
206.3449811532041 370.4008929180333 0
204.6174082694833 372.8510047044178 0
205.8744930287247 375.571231218951 0
202.8902516833568 375.3002202501366 0
201.6320470919619 372.5804609808422 0
199.9055558045377 375.0295335277251 0
201.1626257260337 377.7495495376155 0
198.1791923409926 377.47872866716 0
196.9210109874908 374.7587728405149 0
195.1949364160211 377.2079191869367 0
196.4523051348046 379.927769488756 0
193.4680669749943 379.6570594907092 0
194.7254426440683 382.3769190984925 0
191.741226826877 382.10620400533 0
190.4836465492396 379.3861932663438 0
188.7568335932226 381.8353346193136 0
187.4991980880062 379.1153759800559 0
185.7723173422703 381.5644850770817 0
187.0299955614543 384.284456437436 0
184.0455182449158 384.0135526011691 0
185.3031706888495 386.7336109094521 0
182.3187113681182 386.4626524902038 0
181.0610982724265 383.742613423919 0
179.3342865237243 386.1916758481485 0
178.0767613072228 383.4716449233559 0
176.3499169304964 385.9207070694879 0
177.6074275726106 388.6407357370838 0
174.623060104067 388.3694818853443 0
173.3641954310582 385.6498655178055 0
171.6377639061425 388.0986247095951 0
172.8965221939111 390.8182831129817 0
169.9117131185325 390.5477523931359 0
168.6532390731702 387.8276840763748 0
166.9265623652171 390.2765787559193 0
168.1846500846348 392.9965623669705 0
165.2002216458551 392.7256117221839 0
163.942080088367 390.0055374322049 0
162.2153284449986 392.4544375836084 0
163.4732415866468 395.1744972277104 0
160.4888371764655 394.9034474105788 0
159.2306038610798 392.1833396416654 0
157.5040164586672 394.6322509765524 0
158.7618049105958 397.3524357468233 0
155.7773970659765 397.0812421898405 0
154.5195293730014 394.3611054566846 0
152.793128355448 396.8100159582766 0
154.0503996690908 399.5302089540778 0
151.0659948729687 399.258938738057 0
149.8087386196636 396.538773187684 0
148.0816193104737 398.9876455415604 0
146.8243857419817 396.2674945887671 0
145.0972769175271 398.7163585002692 0
146.3544845021729 401.4365166700504 0
143.3701237429447 401.1652099068045 0
142.1128949471077 398.4450364804084 0
140.3857612529723 400.8938686522206 0
141.6429601793304 403.6140966085477 0
138.6585709635847 403.342704685848 0
137.4014192354804 400.622507418285 0
135.6742171143092 403.0713012338137 0
134.4171475030945 400.35111110603 0
132.6899414326436 402.7998767473492 0
133.9470138791351 405.520091285652 0
130.9626704615462 405.2486826150285 0
129.7055782034914 402.5284495052151 0
127.9783032847883 404.9772274819733 0
129.235406827973 407.6974757788083 0
126.2510395550079 407.4259990723646 0
124.9939635188748 404.7057574085387 0
123.2666954463229 407.1544927731587 0
122.0096657480782 404.4342732088652 0
120.2823606824115 406.8829821414221 0
121.5394099426416 409.6032577767176 0
118.555064310511 409.3317063224179 0
117.2980472216436 406.6114533805896 0
115.5707492636858 409.0601409718504 0
114.3137723965442 406.3399117060329 0
112.5864293355747 408.7885750525114 0
113.8434216648536 411.5088621575453 0
110.8590933426397 411.2372566732328 0
109.6021324203175 408.5169902448293 0
107.8747942026767 410.9656370366322 0
106.6179143324982 408.2453827526406 0
104.8905367399991 410.6940042997178 0
106.1474344304164 413.4143175931991 0
103.1631195177968 413.1426580179194 0
101.9062536132551 410.4223627445563 0
100.1788307941879 412.8709838489182 0
98.92196215071442 410.1507175815226 0
97.19452600581909 412.5993075992843 0
98.45141156480145 415.3196347631473 0
95.46709963153975 415.047921077281 0
94.21024277100668 412.3276104561656 0
92.48281318150761 414.7761921880146 0
91.22603537612765 412.0558908546482 0
89.49856404328958 414.5044486715828 0
90.75536229652857 417.2248118773128 0
87.77105419202913 416.9530193775375 0
86.51459183019485 414.2328666429628 0
84.786818332652 416.6812505491739 0
83.53036398429333 413.96114548717 0
81.80258082728145 416.4095020801107 0
80.54582747168084 413.6892158104494 0
78.81826524780359 416.1376925539078 0
80.07501500356355 418.8580094340851 0
77.09073813919971 418.5862137209433 0
75.8339904206353 415.8658724078392 0
74.10647292578977 418.314379770884 0
72.84980257445318 415.594039521144 0
71.12224901376958 418.0425306955019 0
72.37825910865709 420.7629816615736 0
69.39375322725517 420.4904780480046 0
68.13784857869278 417.7709770455902 0
66.40985816188274 420.2189149296876 0
65.15374501049337 417.4992914852808 0
63.42574841730197 419.9469119385285 0
62.17067418110757 417.2241871030209 0
60.44255348255056 419.6744603082032 0
59.18792337202584 416.949755607606 0
57.46042642249562 419.3982236718624 0
58.71423929505262 422.1207791261803 0
55.73240053616062 421.8495036774929 0
54.47873865236589 419.1223580060013 0
52.74825280109424 421.5762595748122 0
51.49445708665093 418.8578033410726 0
49.76418302714023 421.3043094801729 0
48.51174094456673 418.5882168157253 0
46.784844592888 421.0321828246732 0
45.53393380388361 418.3112066844442 0
43.80944717474264 420.7606705178875 0
45.06022961183221 423.4731075800212 0
42.08759428392511 423.1977604933793 0
40.83821417455064 420.4803041663522 0
39.11606702142772 422.9247838573577 0
37.87000525840026 420.208784508398 0
36.14967676984939 422.6515017388797 0
34.9022754640987 419.9387412712904 0
33.18831921199754 422.3824605343788 0
31.93667619379604 419.6749403231992 0
34.43219251670583 425.0790760274681 0
31.47624193289181 424.8102702531641 0
331.2990714402177 269.6764851161236 0
326.1202440464976 277.0259721978186 0
393.1163966420696 168.4206287670341 0
53.99817744044006 424.2957505070713 0
409.2954962686188 -111.5164010197637 0
43.33553518986182 425.9032803071499 0
301.6408465690154 298.2508872743816 0
381.8269519934564 193.4572426388397 0
404.3657022763425 -140.5714890047503 0
411.3527070678491 -100.9138690777798 0
293.4799340684391 305.3296753592975 0
413.4090006151207 -90.30912793952226 0
285.316827437953 312.4089402559109 0
67.6621457184621 422.9400050786456 0
415.4654337643898 -79.70304360727154 0
277.153660073896 319.4880514251434 0
400.4872122264178 153.4526124715896 0
262.5538170659015 331.1957836008384 0
419.1144980205793 -53.32034295865614 0
32.719407407585 427.5045153624058 0
29.76458218295407 427.2359144479995 0
89.02791890672367 419.6734230753699 0
412.709167005854 118.0762358116728 0
320.9417568481459 284.3753416659233 0
404.088435272027 -122.2994554530524 0
306.8196291544269 290.9020287876191 0
409.3902215758426 -129.715169263515 0
314.0367766668815 294.1747889837678 0
413.1692215421516 -121.5501331780207 0
311.9988382963328 283.552142726979 0
400.3613729746904 -130.4627726479033 0
31.0067648537298 429.9275834531346 0
28.05447038655382 429.6556322940751 0
26.8136500329023 426.9679254185949 0
317.1743238653218 276.2050779008832 0
396.6339609084852 -138.6226547109788 0
416.9470264102765 -113.404864001566 0
429.3287255579943 -49.79767631231972 0
308.8581486559923 301.5244132660708 0
385.8897282207793 165.1614006801928 0
264.6021996847882 341.8046817839604 0
279.2028288229011 330.0968358329278 0
402.0300679495408 119.7180108636806 0
322.3512859298899 268.8556513777357 0
63.90182352928767 414.7754908718829 0
423.622226408694 -86.78770552564573 0
287.3660158099058 323.0178191843268 0
421.5647353112214 -97.39288907987829 0
393.7266307582082 145.0249539028235 0
392.9017628681844 -146.7671548708189 0
82.27586147896642 411.240516374741 0
50.24286317362457 416.1282359917354 0
327.5322794286001 261.504939804803 0
295.5290300152478 315.9386930495444 0
36.62016807488182 417.482947162834 0
353.4215049885441 224.7620869470619 0
371.1500556601698 195.0932104462775 0
378.5204578304892 180.1262119988921 0
25.08497790211887 429.3941109312864 0
26.3407796448239 432.0736274351469 0
348.243689601795 232.1108750149805 0
332.7101082071254 254.1562824990209 0
343.0659548065801 239.459564721816 0
303.6920200795983 308.8592542364262 0
337.8880201264197 246.8077702223844 0
23.84360075646551 426.7100838060794 0
389.8080211879848 155.0933448329766 0
404.4058289528137 143.3836241435953 0
425.6790037861516 -76.18125185420838 0
362.518377298401 207.3454385176811 0
23.36433091455566 431.8174072205577 0
24.62893542723178 434.4891690138425 0
382.061041057151 -158.1420988238011 0
390.1474154504551 -165.1713244157183 0
21.67546303123499 434.2239235001825 0
22.92330453555571 436.9014526008616 0
25.86883915823564 437.17427409288 0
19.98144010297019 436.6296485253218 0
18.71882664197773 433.9572354434643 0
21.21967382902355 439.3128881835286 0
18.27789311456225 439.0414487094686 0
381.3153595456861 -165.9731350109364 0
33.96354168734435 430.2007237769154 0
19.5150394730988 441.7257652833381 0
16.57146759530448 441.4544490537548 0
373.2200608687331 -158.9384385781206 0
17.80619269512772 444.1382729039855 0
20.75364253168552 444.4124044112376 0
15.33729037958044 438.7729907030966 0
365.9701491837257 202.4461927775639 0
382.4376436077516 170.0613242562559 0
375.0670072185818 185.0290379730702 0
359.0667693571517 212.2445271161027 0
264.2799570578283 328.7463219828537 0
261.2956143803616 328.4761870027523 0
263.0216617492222 326.0268320655856 0
260.0374990572301 325.7567168813173 0
261.7634574562346 323.3074558915679 0
258.7794167023245 323.0373331630094 0
257.0534553719351 325.4865169056148 0
260.505373765141 320.5881300664043 0
255.7954383744363 322.7672299940251 0
254.0695355286584 325.2163095060341 0
252.811578315689 322.4971307192538 0
251.0857000530929 324.9461401878675 0
263.4893390643238 320.858233016357 0
262.2312693416455 318.1389858859463 0
265.2151810115855 318.4090538041847 0
263.9570497653906 315.6898888022089 0
260.9732467541718 315.4198315512863 0
262.698981630819 312.9708225182134 0
265.682769599119 313.240835233091 0
264.4247032938937 310.5218169526961 0
267.408446748464 310.7917936288113 0
266.1145506022547 308.0196585206886 0
269.1281362684756 308.3339358480792 0
268.0212082292842 305.6925102104965 0
270.9480528874524 305.949625579666 0
417.8542978257308 -56.03906990403401 0
416.1300507255179 -53.58842695179608 0
414.8698794679513 -56.30688320314602 0
413.1457189779283 -53.85639838226216 0
411.8855991702021 -56.57472444755595 0
410.16151995987 -54.12429393770799 0
411.421569355096 -51.40600508975609 0
408.901454509233 -56.84257993672982 0
408.437415227529 -51.67392052858406 0
409.6974376874861 -48.9556998698658 0
406.7134255804264 -49.22356251575241 0
407.9733884302507 -46.50543350340111 0
410.6254730873254 -59.29297862988771 0
407.6413748780772 -59.56083006983989 0
409.3653512454392 -62.01117571131319 0
406.3813523279834 -62.27898670088567 0
408.1052701543056 -64.72932099286925 0
405.1213265095428 -64.99712075346426 0
406.8452138185985 -67.4474136783989 0
403.8613294052208 -67.71520436701981 0
405.5851781364871 -70.16546530163171 0
402.6013410354304 -70.43325205614485 0
404.3251375325191 -72.88346502850194 0
401.3412991682167 -73.15130542456922 0
403.0651135035013 -75.60143212672715 0
404.6573745575348 -59.82859343751872 0
400.0813673393241 -75.86929154494612 0
401.8051638398716 -78.31937069395306 0
398.8214487887928 -78.58718599962296 0
400.5452228336083 -81.03727718713516 0
404.9894633036324 -46.77340078289527 0
406.2493877369739 -44.0552847364477 0
409.2333290298833 -43.78732157757528 0
407.5093052647085 -41.33710671498915 0
410.4932807361232 -41.06914693737156 0
408.7692138528918 -38.61894714819346 0
405.7851466705944 -38.88720526446841 0
407.0450476525134 -36.16898857148946 0
410.0289415111783 -35.9001927864186 0
408.3048929582149 -33.45053776238163 0
189.2260144995277 376.6662900709978 0
186.2416751575538 376.3954694950789 0
187.9683853667971 373.9464875365182 0
184.984317156237 373.6756104203083 0
186.7108640146839 371.2267890400629 0
183.7269240726252 370.9559173247033 0
185.4534296427781 368.5072024575938 0
182.465202855683 368.2844092403739 0
180.7423639866728 370.6930208457562 0
179.4805617519929 368.0229163721183 0
177.7583357296377 370.4249935133396 0
188.4373271924622 368.7780077744416 0
187.1799015756209 366.0585089068965 0
190.163725774879 366.3292765145671 0
188.9063276008863 363.609866641602 0
191.8900928614728 363.8806179074625 0
190.632721645421 361.1612680322938 0
193.6177022680636 361.431361664349 0
176.5010331594757 367.7060935920539 0
174.7753037839474 370.1469170897151 0
185.9971771625459 363.3044680811128 0
252.3436299654331 327.6653148497981 0
249.3597981003103 327.3951269046867 0
248.1018935177604 324.6759989444112 0
246.3759863156307 327.1249481776931 0
247.6338962586222 329.8440953850234 0
244.6500635214158 329.5738887947108 0
408.1400880280849 102.029543529771 0
416.1138149016326 63.66356026017665 0
405.9479829720586 109.6486907356234 0
136.1442703620382 397.9023959517366 0
148.5514697760038 393.8186968329563 0
413.4563938204131 76.45236498307182 0
123.7370162419731 401.9856475968673 0
116.0415054302511 403.8913369773569 0
108.3457780693139 405.7968941786808 0
100.6493638833902 407.7021612132376 0
92.95370228141505 409.6075174587296 0
410.7984936327765 89.24099338530552 0
399.8378200565977 127.3367496473405 0
397.6453299605731 134.955698671852 0
74.57764896165141 413.1458109350096 0
245.9079586372605 332.2930777171557 0
242.9241304492868 332.0228194991022 0
241.6661789162289 329.3037100018042 0
239.9402833613281 331.7525921633148 0
241.198166373184 334.4717147925278 0
238.2143793412746 334.2014460960512 0
236.9565437726403 331.4823441857668 0
235.2306081956692 333.9311579440802 0
236.4884182627246 336.6502871295122 0
233.5046261756566 336.3799856410727 0
356.8732872197376 219.8630440663049 0
183.5763191775814 389.1827938491615 0
186.5608831267676 389.4537545473282 0
184.8339376634453 391.9030917929477 0
187.818654483144 392.1740332542548 0
186.0916205437433 394.6234736268514 0
189.0764683098621 394.8944213474531 0
187.3493708909613 397.3439381364745 0
184.3644607950235 397.0729571649148 0
185.6222086192703 399.7934936387005 0
182.6372084278116 399.5224931563358 0
190.3343285390439 397.6149152016537 0
192.0614429679659 395.1653177468457 0
183.89501923738 402.2431130630493 0
180.9099490686656 401.9720956872193 0
193.3193546305524 397.8858690688731 0
195.0465390418705 395.4361843472531 0
182.167787906561 404.6927827372136 0
179.1826571155347 404.4217644397212 0
196.3044599347015 398.1568324974319 0
198.0316758443455 395.7070864990369 0
414.3886364229958 66.11363678481953 0
413.1294327591727 63.39464361318575 0
411.4043369424676 65.84453639063497 0
410.1451941854309 63.12569960930051 0
408.420178209485 65.57547445316445 0
407.1610999269909 62.85672617658773 0
408.8860444795382 60.40695344959685 0
405.4590050717127 65.32256614924009 0
405.9020376166003 60.13801427118197 0
407.6269074180402 57.68829311162933 0
404.645925020704 57.41799668670695 0
406.3683106112057 54.96947545425616 0
406.6989785112373 68.02785347411555 0
403.7385192905522 67.77537985708594 0
404.9753683495213 70.47844950893334 0
401.9917398960463 70.20958327886167 0
403.2470201707075 72.9256183008647 0
402.9290568231569 60.04288857799452 0
145.5672565806909 393.5474498889085 0
147.2942067542465 391.0987466856535 0
144.3101938910415 390.8274794496265 0
146.0370391017451 388.3789069554022 0
143.0531682147524 388.1076500624141 0
144.792995206349 385.6683505189535 0
147.7659722974955 385.9319031341738 0
141.8060917037021 385.4565365649644 0
146.5223050557979 383.2216954671347 0
149.4934497581483 383.4839774516661 0
148.2667767488458 380.7858182632305 0
151.2231947408259 381.0377584232491 0
140.0710232057979 387.8477896245063 0
138.8090753869747 385.1879400011767 0
137.0853574762166 387.5788292325952 0
135.828010790436 384.8596630441142 0
134.1018100579693 387.2984304951606 0
132.844790907789 384.5774208065455 0
131.1182938532021 387.0237979400773 0
145.2637891381768 380.7344056669718 0
411.7311369377233 78.90235838777558 0
133.1601136358392 397.6310105638739 0
425.0675507457668 64.47063682987245 0
409.0731365560492 91.69089325110394 0
407.8141513201064 88.97186639975492 0
406.0888846245881 91.42161276949722 0
404.8299271496594 88.70263457338507 0
403.1047645255837 91.15231218843707 0
401.8458618891162 88.43352072445857 0
400.120772934333 90.88306279752963 0
398.8619437626173 88.16433706405338 0
397.1369325997094 90.61367639824522 0
398.395683546309 93.33247395966204 0
400.5869754013086 85.71483265332375 0
152.3232762103576 401.9792032250938 0
422.4100263962519 77.25976385818123 0
139.9157387068041 406.0630078472452 0
419.7520747674312 90.04872483360266 0
127.5081477572192 410.1463286284418 0
417.09367817974 102.8375561345762 0
119.8121090869872 412.0520182390399 0
112.1160878780954 413.9576047716018 0
234.7624289776666 339.0991650181461 0
231.7786510771158 338.8288123729263 0
104.4200548851116 415.8630250937879 0
408.7910690481556 128.1453670803041 0
78.34748137088332 421.3066490362816 0
396.5684173897657 163.5214049630496 0
389.1977635659423 178.489436599956 0
365.8264893964808 220.6726795087833 0
236.8059378841645 349.7100501961258 0
421.5018377958107 -29.65581005828277 0
225.6568902721241 356.5180368532079 0
227.3832455685007 354.0688043091404 0
224.3990551720773 353.7983131536383 0
226.1253197314905 351.3491945319798 0
223.1412629504183 351.0787146846984 0
224.867474971025 348.6296571494711 0
221.8835099508293 348.3592390865924 0
220.1572921857757 350.8081938057849 0
218.8995694411872 348.0888343158042 0
217.1734037845427 350.5376641939512 0
220.6260897472974 345.6380696715694 0
215.9157258495029 347.8184001980535 0
214.1895877588092 350.2671615961164 0
219.2199624762669 361.145538788314 0
421.833287992368 -16.59719154989487 0
420.5732973009088 -19.31591492994258 0
418.8488163359436 -16.86546132849168 0
417.5888787097443 -19.58405025586283 0
415.8644739534732 -17.13370651838977 0
414.6037457645937 -19.85282187877809 0
412.8792751381471 -17.40260220255904 0
414.1399128100773 -14.68356922669421 0
411.1557817251179 -14.95177531715536 0
412.415700147376 -12.23325793976311 0
409.8945644259393 -17.67074920886913 0
409.4316773235597 -12.50147734826515 0
410.6914052217492 -9.783162984348078 0
407.7074700037656 -10.05134998213306 0
408.9671514573129 -7.333075439391623 0
411.9509954775859 -7.06482906133552 0
410.2268241258467 -4.614809521912593 0
422.1634624513243 -3.540245849724596 0
406.656443714939 -116.9214570498984 0
414.9014696661406 110.4569444276641 0
96.72399111063375 417.7683101808651 0
406.5985212005611 135.7645230698354 0
277.4765990563574 332.5465836852194 0
280.4613381609541 332.8167317508349 0
278.7350419085535 335.2666032170192 0
281.7199235612207 335.536779168914 0
279.9935455568651 337.9867652142787 0
282.9785403621154 338.2569321587573 0
284.7049792806534 335.8068554015871 0
281.2520367378652 340.7070158664384 0
285.9636523548597 338.5270877456259 0
287.6901662269365 336.0768968444307 0
278.2670094884488 340.4368227530585 0
279.5255396216006 343.1568370587548 0
262.8760256641717 344.2544239922574 0
265.8607035484843 344.5247070054207 0
264.1343295058412 346.9745193377538 0
267.1192226365004 347.2447544217778 0
265.3926852844177 349.694722090371 0
268.377749763316 349.9649744497083 0
266.6511674339641 352.4150068176078 0
263.6660585715252 352.144706504712 0
264.9245392697698 354.8650652502081 0
261.9393768751004 354.5947692454179 0
263.1978749359496 357.315154833822 0
260.2126727077678 357.0448566738439 0
261.4711884947951 359.7652784281129 0
258.486014444786 359.4944872179306 0
269.6363060047953 352.6853097930283 0
430.5891017463907 -47.07885125958137 0
432.3136353494036 -49.52982552951563 0
433.5740604629176 -46.81076233240032 0
435.2987027470384 -49.26179962419057 0
436.5591632687104 -46.54262962553077 0
438.2838784098674 -48.99390475018151 0
437.0234060045369 -51.71304290849508 0
439.5444016445475 -46.2745980297967 0
437.8196143035181 -43.82329258924074 0
440.8048713085869 -43.55520563480559 0
439.0800855261321 -41.10387966578703 0
440.0086285914196 -51.44521796498299 0
438.7481190365793 -54.16454447400833 0
442.065391983716 -40.8357823292508 0
440.3405821679515 -38.38442635185139 0
443.3259848943574 -38.11633950932118 0
441.6011114485574 -35.66494609868417 0
222.9930682843616 369.3059163753313 0
221.266433066898 371.7553929661375 0
224.2511238224059 372.0259917097823 0
222.5243555708586 374.4756340185068 0
225.5091873988927 374.7462589478971 0
223.7823659649064 377.1959737448827 0
226.7673704913864 377.4665815623349 0
228.4942286324392 375.016766394985 0
225.0404946519506 379.9163704494329 0
222.0554429540488 379.6456882335822 0
223.3135618597795 382.366190603196 0
220.328440016813 382.095505353915 0
229.7524268528113 377.7372008881085 0
231.4793255075198 375.287378566165 0
221.58658763389 384.8160602421054 0
218.6014118021319 384.5453646426571 0
232.737544939655 378.0078500393249 0
234.4645027421583 375.5579125904065 0
240.5793160251208 357.8703312862925 0
238.8528127441465 360.3199161195707 0
241.8375637434878 360.5903418334015 0
240.1109398087953 363.0400347083778 0
243.0957767970141 363.3105109745664 0
418.8192928189615 100.3874594877282 0
420.0784209301062 103.1069636599269 0
421.8040893179499 100.6567363019365 0
423.0632555837729 103.3763883241501 0
424.7890360713889 100.9259954172454 0
426.0482553793792 103.6458072404764 0
427.7740976952117 101.1953026070484 0
429.0333625785551 103.9152331547337 0
427.3074723143375 106.3657360053242 0
430.7592483139944 101.4646834194441 0
429.4999195944877 98.74472347620139 0
432.4851316741243 99.01408805333489 0
431.2257753902778 96.29404860769456 0
430.2926382935777 106.6351939334273 0
428.5666951224543 109.0857793657572 0
434.211075371592 96.56342503145368 0
432.9516809162895 93.8433432997834 0
431.5519833500933 109.3552289230072 0
429.8259808341485 111.8058607945983 0
426.8407050592759 111.536402559132 0
428.0999628715547 114.2564635719691 0
229.4307611009391 364.677689260451 0
431.1178239186445 -2.734105342088253 0
432.3778198112385 -0.01497249560803904 0
434.1027078123176 -2.465764912298886 0
435.3627659502494 0.2535552598861914 0
437.087724036379 -2.197408678597073 0
438.3478375574846 0.5220306877016541 0
440.0728602416299 -1.929046280434109 0
438.8126967228971 -4.648473012793302 0
441.3330198373974 0.7904240953798365 0
439.6079374115744 3.241553352907001 0
441.7979316936585 -4.380110770233632 0
440.5377104664329 -7.09966039563182 0
442.5931745029408 3.509952561062992 0
440.8680278608238 5.961069685434142 0
443.8533635205175 6.229542984994944 0
442.1281664398469 8.680673941528926 0
443.5230502816778 -6.831247711692876 0
442.2627725055844 -9.550863521284185 0
426.7929212307645 62.02029659133687 0
428.0523452642402 64.73971063191752 0
429.7777404540914 62.28927036781461 0
431.0372484860785 65.00879968829781 0
432.7627634517462 62.5581930260977 0
434.0222824137635 65.2778855572889 0
435.7478534938286 62.82723730748976 0
434.4882823779984 60.1074849595282 0
432.2967187729594 67.72848308387049 0
435.2818274343286 67.99761171226473 0
433.556221318801 70.44811785680406 0
437.4734425958539 60.37652037907046 0
436.2138129029032 57.65672640363141 0
436.5413782461051 70.71739711958968 0
434.8156492428707 73.16765558731385 0
439.1990586365912 57.92575409383034 0
437.9393978363056 55.20591092053184 0
440.9247242404572 55.47492770590618 0
439.6650185006007 52.75506403391697 0
437.8009881361008 73.4371796129376 0
436.0751754899244 75.88768448178016 0
155.3078034055785 402.2504944652248 0
153.5806012220525 404.6995929454122 0
156.5653283830339 404.9708581506698 0
154.837990528133 407.420089168458 0
157.8228474084324 407.6913568286159 0
156.0954252862967 410.1406877451142 0
159.0803274155268 410.4119878668431 0
160.8077789375114 407.962581771934 0
153.1105646852146 409.8693692935631 0
154.3679937631093 412.5900327703156 0
151.3830324401676 412.3187212601835 0
162.0652842424173 410.6832615660513 0
163.7927048781411 408.2337992083687 0
152.6405409675749 415.0394555952143 0
149.655517476822 414.768124389458 0
165.050313575315 410.9545486612639 0
150.9130469962224 417.4889506703832 0
147.9279300490762 417.2176132168926 0
421.4776003695111 87.59853893975044 0
130.4926082029099 410.4178356798573 0
128.7652649443853 412.8667921005525 0
131.7498803457264 413.1382945717046 0
130.0224217358432 415.5873646793532 0
133.0071824269167 415.8588690740433 0
131.2796448470333 418.3080450502885 0
134.264189922761 418.5793279746386 0
132.5365020754439 421.0285370567112 0
129.5519097829701 420.7572375479263 0
135.5198779156536 421.3003259016173 0
130.8088301130251 423.4778526129694 0
127.8241287322481 423.2065479567012 0
430.7873007332799 -15.79245743809824 0
427.2722135677058 -60.4049143606744 0
197.7087334436727 382.6481933596489 0
426.475849471573 -68.29321223220199 0
430.456305151539 -28.8508027478788 0
431.7164993783299 -26.13177094143354 0
160.3377884788714 413.1327009062162 0
191.5921832403938 400.3353970812424 0
438.7330012529338 63.09635942833775 0
368.0166165950016 213.0545409928638 0
353.744900247933 237.8197341655001 0
339.9375498229063 257.4162223453095 0
346.8412189621385 247.617969748638 0
317.4895217944916 289.2747974583856 0
419.5071068413022 -107.9968641135776 0
244.8224326148404 360.8607246226186 0
246.0807282375442 363.580973853016 0
244.3540054333795 366.030824788712 0
247.3390792367566 366.301305178134 0
245.6123139973908 368.7509096151239 0
177.9257582551826 401.6999283403293 0
436.6789809578864 52.48788072953153 0
438.4047844990428 50.03643618203904 0
441.3905348307372 50.30438545636282 0
440.13078644336 47.5845790623414 0
272.1315693380941 308.6206269892217 0
273.8605063286209 306.1743509909999 0
272.6680611014265 303.5017089515976 0
275.5857514118488 303.7259457172536 0
274.4613646141804 301.101357338238 0
277.3226103493548 301.2851547782949 0
276.0327886768379 298.5365725885895 0
278.9448007001973 298.7620960640156 0
403.5289629023242 -80.76946902717573 0
402.2689816756331 -83.48735028790372 0
399.2852841488467 -83.7551359326755 0
401.0089921575936 -86.2051770332375 0
398.1643982250014 -86.5373951450409 0
399.7722011308334 -88.93369238974526 0
396.765421652769 -89.19070555972139 0
398.4929717239544 -91.64247511104561 0
437.144648592154 47.31899069035647 0
438.8704769097738 44.86613952151764 0
441.8562886206882 45.13371610216274 0
440.5965345777748 42.41393262881066 0
437.610202507306 42.14859658727507 0
439.3360867304389 39.69556141915544 0
442.3220064573696 39.9627126680892 0
441.0623666789252 37.24286726457336 0
425.1147066253211 113.9870082421249 0
426.3739347796014 116.7070739047068 0
401.4771950678133 -91.37503739378444 0
400.2141250378669 -94.09130504289686 0
397.2300998811598 -94.35877333023474 0
398.9531670967131 -96.80846875946324 0
395.9695721440712 -97.0760823921072 0
397.6942134391412 -99.52645256040354 0
394.7097908398899 -99.79364508049619 0
396.4344891930808 -102.2439949096077 0
393.4500545659026 -102.5111313705779 0
395.1734079508217 -104.9608382665912 0
392.19005975341 -105.2283809854795 0
393.9133580077321 -107.6779816671348 0
398.1563216627711 -104.6930684636877 0
438.0756963141899 36.97808104974057 0
439.8016397441309 34.52488728057357 0
442.7875442286104 34.79172083295224 0
441.52796778432 32.07212474169977 0
438.5410816863126 31.8075956894259 0
440.2670766335899 29.35426196285508 0
443.2530262843203 29.6208253740013 0
441.9934797085421 26.90136568866183 0
406.9079776905048 -135.1553058675631 0
439.006372539903 26.63710516509665 0
440.7324226366993 24.18362102365565 0
280.2705867963332 301.5297871210253 0
281.9902582410016 299.0764822125191 0
280.6515117008982 296.3007148567875 0
283.7117267019376 296.6246378180006 0
282.4528778457329 293.9052467745443 0
285.4553924614858 294.1883784254883 0
284.1941158815774 291.467265445596 0
287.1802857267105 291.738853296948 0
285.9221944172961 289.0200009864328 0
288.9065288414596 289.2902923793733 0
287.6482950235795 286.5713626997275 0
290.6320597842918 286.8412768026698 0
290.1644465504777 292.008191638967 0
135.9910056391172 416.1299766293285 0
393.0851939916983 -164.8926758637959 0
391.8420045752514 -167.5829396404313 0
394.7865108514951 -167.3161618480303 0
393.5436493786169 -170.0027892284317 0
396.4873057238683 -169.7378154254135 0
395.2456637879495 -172.4225127743585 0
398.1894050555823 -172.1591881286679 0
399.4358224171962 -169.4737307127007 0
401.1389428561104 -171.8984910621503 0
402.3880977719788 -169.2099205337922 0
404.0931557490771 -171.6410602144823 0
405.3442868019682 -168.9468810336956 0
402.8395771819312 -174.3274512853493 0
390.6170937776441 -170.2870198168161 0
407.0512675842643 -171.3811720508232 0
408.3037838379981 -168.6836239942953 0
406.5902668226813 -166.2493995678321 0
409.5570600379668 -165.9857567298887 0
407.8409146729146 -163.5486105243704 0
410.8122460205533 -163.2852556446519 0
409.0961076357513 -160.8450702834669 0
412.069156224407 -160.5820543068345 0
410.3514796933754 -158.1395473527095 0
413.3271224482324 -157.8764366773798 0
411.609619218894 -155.4327327654728 0
414.5860545247133 -155.1687100671047 0
412.8673919847824 -152.7233126096431 0
415.8455676382017 -152.4590313915543 0
414.1266590140144 -150.0127193422691 0
417.1056292432582 -149.7477787270817 0
415.3858451842988 -147.3002809402649 0
418.3660647830081 -147.0351870100381 0
416.6462986749868 -144.587384834666 0
419.6269256800989 -144.3216012147153 0
417.9065185151866 -141.8727457253873 0
420.8879836399695 -141.6070450923252 0
419.1671103861445 -139.1574582706127 0
422.1493188999991 -138.8916535318058 0
420.4278513204075 -136.4413486904521 0
423.4107989940298 -136.1757639428856 0
421.6890100153547 -133.724942706448 0
424.6725136178084 -133.4592640925711 0
422.9504533860675 -131.0081335585137 0
425.9343328460551 -130.7424019781516 0
424.2120467433293 -128.2909772690291 0
166.7777324705269 408.505032758772 0
168.0353897009689 411.2258219003965 0
390.4054397849206 -152.2011103455336 0
396.941223483149 -174.838236715719 0
394.0002608570379 -175.1014888190931 0
137.5630463374475 382.6636696119508 0
14.84210159066781 443.8739984195072 0
403.7295207162959 -49.49139805321158 0
402.137377297726 -65.26502600045971 0
400.2626533433494 72.65619394089022 0
443.7185483758512 24.4505688904817 0
442.4586715210941 21.73095846955553 0
439.4715363670268 21.46666087919494 0
398.1014335902197 -154.1115948980041 0
230.5208880816583 336.1096688446403 0
444.3182722038428 1.058873981843994 0
397.6031845848308 85.44563116766074 0
199.2896278227803 398.4278010931083 0
201.016889352762 395.9779978955824 0
289.373953952199 284.1224116463848 0
292.3576378452294 284.3922416926937 0
293.6157884852322 287.1111776577509 0
295.3413620934475 284.6621046058791 0
294.0831908467184 281.943182070323 0
297.0669009037602 282.2130118643192 0
295.9558087006037 279.597757148535 0
298.8169472348972 279.7812134546239 0
297.7099426200047 277.1688519752075 0
300.5509702275151 277.3381463748649 0
299.2597627266702 274.5960066223178 0
302.2482450887584 274.8692080753191 0
300.9774661665258 272.0996182082254 0
303.9680892226289 272.4092174461528 0
435.9370355232571 94.11272621451151 0
434.6776056526248 91.39266005720687 0
410.0112906301198 -171.1163734928102 0
408.7567777778373 -173.8147538058857 0
407.2429214949923 -4.883033067757705 0
408.5025570977411 -2.16481128710601 0
411.486480401822 -1.896543050210551 0
409.7621755120691 0.5534817094742346 0
412.7461428018585 0.8217899609346713 0
411.021785942033 3.271824315781605 0
408.0378686396287 3.003414663502259 0
409.2974461400554 5.721829644230525 0
412.2813692411115 5.990174523003363 0
410.5570054615364 8.440174295360505 0
407.573068921654 8.171671593901491 0
408.8326268928278 10.89013091701045 0
411.8164958161243 11.15876801743676 0
410.0920744709869 13.60855296112884 0
407.108217093653 13.34008851933249 0
408.4126906684474 16.09010382889238 0
411.3589373492251 16.33253305688091 0
409.6357736840819 18.78306474975089 0
212.9319712524843 347.5479449264782 0
211.2058642127612 349.9966841824022 0
212.463473840633 352.7158922828547 0
209.4797449427959 352.4453882488535 0
208.2222137218004 349.7261356917759 0
206.4960172796499 352.1748630505174 0
207.7536035755003 354.8941105217262 0
204.7698823381444 354.6235280560131 0
206.0274157764289 357.3428386116558 0
445.1135543361504 8.949180783750867 0
444.5865626302257 -35.39683820472055 0
442.8616550571102 -32.94539270922127 0
406.5916998861495 18.56171835492583 0
407.9409729566564 21.21558095098298 0
410.8941684043648 21.49486749577445 0
409.1696038769772 23.9432241106834 0
406.3904922054128 23.6090219059951 0
407.4922726841538 26.39604084251598 0
410.4315316739006 26.66395358035155 0
408.696978281791 29.1133148144553 0
235.7227501094825 378.2784869973598 0
427.1962792598212 -128.0252968284887 0
425.4738848521727 -125.5736845673671 0
192.3605017552059 358.7119465218023 0
400.8288392932403 67.58951993053753 0
403.5932780635774 54.59911379719535 0
405.1779985968502 52.21852497455161 0
408.1042012206914 52.5145323370421 0
406.8470198614305 49.79514197887794 0
403.9256719073222 49.49743447304569 0
405.5894552552904 47.07610510666321 0
408.5595569742669 47.35124243297531 0
407.301976170195 44.63198607056589 0
375.4085933972182 -166.4842671080963 0
406.4477912462161 -12.76957503653551 0
226.2987030141284 382.6367999100145 0
248.5974640911153 369.0216834172547 0
246.8709448941671 371.4707494091923 0
302.7205201602571 269.6836420393257 0
305.6959029665898 269.9641215263924 0
245.1181162646222 324.4058506443549 0
246.8439265615469 321.9569937089845 0
412.5236870623076 -165.72323932717 0
219.8595788871021 387.2659785131896 0
216.8743736870651 386.995251838488 0
215.6161153309916 384.2747031166761 0
213.8891212493796 386.7245403910122 0
215.1472959703313 389.4451313782832 0
212.1621614919919 389.1736783024124 0
210.9039803073472 386.4536814049147 0
153.8980731392138 417.7602336390107 0
259.7448475227307 362.2147485835697 0
214.6580359657341 345.0992449529491 0
417.5606293678918 -154.9042021081881 0
439.5266386046582 70.98647709299048 0
282.5106526622907 343.4273154858843 0
280.7842680204001 345.8769167392292 0
429.3592488469797 116.9765445891682 0
427.6331918749494 119.4271464249678 0
424.6479021317886 119.1576550470854 0
425.9071228845379 121.8777084538347 0
422.9218831913286 121.6081964466993 0
424.181077237467 124.3282304371752 0
421.1959854907277 124.0586581816124 0
422.455046515156 126.7787259574592 0
425.4402980211301 127.0482834058822 0
423.7142152449285 129.4988118077267 0
420.7291100001642 129.2291849953919 0
421.988151069339 131.9493036477772 0
419.0030568358774 131.6796900196167 0
420.2620602695259 134.3998141606284 0
423.2473098034553 134.6694002467632 0
421.5211767823872 137.1199054533248 0
418.535935079317 136.8503101451701 0
419.7950402363666 139.5703840525741 0
416.8098427881856 139.3007268566777 0
418.0689111084498 142.0208254667052 0
421.0541416628198 142.2905783915353 0
419.3279890967486 144.7409907153522 0
416.3429393704984 144.471168713333 0
417.6018354358861 147.1914161900207 0
414.6168147724734 146.921614906694 0
415.8756738039917 149.6418335125176 0
412.8903485759138 149.3706918085581 0
414.1496675071106 152.0919352086036 0
417.1347456095765 152.3619233454987 0
415.4085113493534 154.812344532263 0
412.4235204918402 154.5425351622389 0
413.6822868456937 157.2627829594783 0
410.6973616768221 156.9929470543837 0
411.9561066865527 159.7131898612267 0
408.9711708711332 159.4433553436052 0
410.2298507562642 162.1635888683381 0
413.2150503723532 162.4333590593548 0
411.4888160246733 164.8837692392132 0
408.5035928486057 164.6140091358716 0
409.7625520617727 167.3341604444303 0
406.77766286315 167.064223778987 0
408.0363486719197 169.7844895400061 0
405.051496067039 169.514548999033 0
406.3101277866575 172.2348111289787 0
403.3249822107016 171.9650272046252 0
404.5838262557514 174.6851857801546 0
407.5690367520994 174.9549833929439 0
405.8427400403901 177.4053472988171 0
402.8575333032973 177.1355344282424 0
404.1164380126837 179.8556910657132 0
401.1312537627137 179.5858503426549 0
402.3901463535838 182.3060036183844 0
399.4054017291595 182.0359672802449 0
400.6639379796196 184.7562639421243 0
397.6796554001795 184.4855794854264 0
398.937719380598 187.2064675500852 0
401.92281968973 187.4764300622458 0
400.1964859867643 189.9267581658434 0
397.2112570843847 189.6569141882025 0
398.4701209575082 192.3770940475413 0
395.4849322657361 192.1072237086684 0
396.7436820605447 194.8273188673335 0
393.7586007521771 194.5574842692651 0
395.0173372392085 197.2775753809217 0
392.0328272264365 197.0074974162546 0
393.2911632318705 199.7278233515299 0
390.3072449491417 199.4568548746162 0
391.5650030238856 202.1779121440352 0
396.2763161940356 199.9973107378325 0
388.5805728745921 201.9071778114625 0
389.838715787432 204.6281570715178 0
386.8536357196933 204.3582766234053 0
388.1122596547601 207.0785876753389 0
385.1272214986258 206.8086671884103 0
386.3859648009914 209.5288199941817 0
389.3711137268758 209.7987200348443 0
387.6447781872392 212.2489764450673 0
384.6596275303737 211.9790593311995 0
385.9184234494635 214.6992244997082 0
382.9332989458611 214.429270501693 0
384.1920358586641 217.1494246946807 0
381.206954711503 216.8794912718286 0
382.4656690128562 219.5996314624331 0
379.4806162480132 219.3297077636646 0
380.7393258768032 222.0498342180817 0
387.1770712837418 217.419623760001 0
377.7544174892238 221.776061338881 0
379.0138257823143 224.4990912618387 0
381.9981775755249 224.7700487866491 0
380.2718079510986 227.2202169277656 0
377.2882736030398 226.9503057570223 0
378.5455582919323 229.6704860135299 0
375.5612355022737 229.4010734526843 0
376.8189461477599 232.1208146903518 0
373.8339667569231 231.8508908522263 0
375.0924354067683 234.5709736187468 0
372.1073974258937 234.3010429088695 0
373.3659788777358 237.0211758524025 0
370.3809330224639 236.7511983151614 0
371.6395187445688 239.4713592028872 0
368.6545264656423 239.2013416992104 0
369.913103158254 241.9215576784979 0
366.9281304883451 241.6515497839962 0
368.1866619939152 244.371741013962 0
365.2017416176232 244.1019327145932 0
366.4603703822552 246.8220598029989 0
363.4753442665267 246.5521442914665 0
364.7338620728342 249.2721924610894 0
361.7489479518783 249.0023535527293 0
363.0074080928178 251.7223602917614 0
360.0225522560278 251.4525612560697 0
361.28114808822 254.1726632273844 0
358.2961568916196 253.9027680258355 0
359.5546149095496 256.6227725758505 0
356.5697372972866 256.3529376736125 0
357.8281563537312 259.0729314426316 0
354.8433342937226 258.8031268101935 0
356.1017490902977 261.5231285930585 0
353.116933374977 261.2533298822012 0
354.3753128617037 263.9733100834993 0
351.3904998813109 263.7035629571712 0
352.6489024030985 266.4235223962004 0
349.6640898248609 266.1537794647529 0
350.9224605985063 268.8737129990753 0
347.9377094728066 268.6039607665921 0
349.1960546891021 271.3239241585674 0
346.2113042714651 271.0541740374449 0
347.4696097381005 273.7741202273197 0
344.4848717941418 273.5044000632527 0
345.74319014167 276.2243470344038 0
342.75844140113 275.9546426560316 0
344.016733079549 278.6745582973109 0
341.0319992283147 278.4048890062923 0
342.2903043945105 281.1248002415599 0
339.3056007887982 280.8551037285176 0
340.5638442127757 283.5750193053094 0
337.5791574991127 283.305356828502 0
338.8374076024548 286.0252755587589 0
335.8526890288043 285.7556346409471 0
337.1109254250902 288.475519837913 0
334.1262960258238 288.2059599910386 0
335.384484691106 290.9258059206001 0
332.3996152286016 290.6562358013994 0
333.6585774138213 293.3764960502724 0
330.6733152746173 293.1065455128268 0
331.9321953034239 295.8268489443835 0
328.9469678727077 295.556840489098 0
330.2057633743898 298.2771710567384 0
327.2204886985969 298.0071757671099 0
328.4792897752155 300.7274997660262 0
325.4939989373777 300.4575059512988 0
365.9913657700268 251.9939967275327 0
392.823780359715 204.8980145896529 0
371.1708891860158 244.6430954062931 0
326.7528159572801 303.1778488925253 0
323.7675003952482 302.9078483359981 0
325.0263223025443 305.6282051992324 0
322.0409031198639 305.3582421887852 0
405.375341751231 182.5758234859732 0
360.8118576256841 259.3448580807602 0
357.3588360925718 264.2454338670116 0
374.623934909308 239.7424806457969 0
150.2178831115676 378.4732975896322 0
152.9815876295214 378.6104440962644 0
154.208110894249 381.30954841353 0
155.9349509651585 378.8613031963447 0
154.6921424116954 376.0925841980952 0
157.6540245541105 376.4079100920052 0
158.9123479523099 379.1282203123224 0
160.6378739920068 376.6791084776751 0
445.2481888761371 -9.282490573039283 0
443.9878885315759 -12.00212228682068 0
178.2628451039639 364.8403368257935 0
353.905811100977 269.1460238071362 0
411.0215153659384 170.0542800496826 0
441.7334447454264 -53.89661026995866 0
440.4728341940781 -56.61603480394576 0
390.6299794364249 212.5189536464333 0
428.4583492885566 -125.307831285471 0
426.7358354589415 -122.8561559625579 0
429.7204773575207 -122.590165024228 0
427.9977967627536 -120.1385123838066 0
405.5187237207505 -2.433100626864886 0
405.7402681973795 28.85761661335667 0
406.9769628150016 31.56523335707183 0
409.9566749283713 31.83516380878537 0
426.6995355649829 129.7683651172201 0
180.4405188348443 407.1425086202 0
259.7152375487664 312.7008302404622 0
442.5297194282426 -46.00637290832198 0
404.3153402766303 44.36447178996285 0
415.0406049688648 -160.318936078476 0
378.0770037744861 234.8418655836471 0
390.9303127731174 -107.945593073239 0
392.6536288643018 -110.3950403641324 0
395.6359087177241 -110.1278953697755 0
394.3766192317889 -112.8444624508817 0
391.3941516235367 -113.1120298798938 0
393.115003139518 -115.5371172203824 0
390.1343965990648 -115.8247251370503 0
391.8284233030331 -118.2525589962278 0
388.7505544136998 -118.4771505928364 0
390.5457833860754 -120.9820671659797 0
387.4549625490646 -121.1682641303142 0
389.3017134328858 -123.6762801653924 0
386.3122430263429 -123.9397322485383 0
388.067134900346 -126.4181349699118 0
385.1274287514082 -126.7038590568006 0
386.8042039464986 -129.148342466213 0
383.8865143377678 -129.4973225745696 0
385.5663794202605 -131.8723629961062 0
288.9488693210819 338.7972353699492 0
290.6754185586708 336.3469796781754 0
395.4119051693452 93.06313613503991 0
396.6706030811661 95.78185495182265 0
185.1529934322103 404.9637554075063 0
399.7289273926206 195.0969202268282 0
350.4527778639377 274.0466243983022 0
129.0810760632175 425.9272130728497 0
126.0963605114718 425.6559082477132 0
124.8391040930945 422.9349959393996 0
123.1113506680445 425.3843687891398 0
121.8540297098684 422.6634383957685 0
120.126258024914 425.1127605677207 0
121.3836021641015 427.8337429056233 0
118.3984968314322 427.5620957534124 0
117.1411838411541 424.841135125412 0
115.4134205037343 427.2904346884326 0
114.1561466844648 424.569495738318 0
112.4283384863802 427.0187717401897 0
113.6856283478053 429.739768586476 0
110.7005360469877 429.4680680535483 0
109.443276833097 426.7470895527388 0
107.7154707262668 429.1963528975614 0
106.458249616081 426.4753939443365 0
104.7303974817694 428.9246346055239 0
105.9876358874571 431.6456524868499 0
103.0025508530122 431.3738979353612 0
101.7453423749736 428.6528967071288 0
100.0174910794192 431.1021286689315 0
98.76036000963094 428.3811372097187 0
97.03246816651729 430.8303456942897 0
98.28953188109143 433.5514147743921 0
95.30452339336721 433.2795957659728 0
94.04758672623495 430.5586357382147 0
92.3195033164284 433.0077796601896 0
91.06256334733825 430.2868592965053 0
89.33449149710398 432.7359553891814 0
88.0784928653454 430.0141333359078 0
86.349795740601 432.4640948915274 0
87.60659045731252 435.1851407320081 0
84.62156497529504 434.913293642019 0
83.36465384363453 432.1923818614684 0
81.63652427279648 434.6414360789418 0
80.38050305029694 431.9193809450503 0
78.65167905746846 434.3693641640965 0
77.39669267530445 431.647159100286 0
75.66687691698264 434.0973557558414 0
76.92355457627605 436.8186128129208 0
73.93855047451126 436.5467679535944 0
72.68156936718766 433.8256851457646 0
70.95360541422328 436.2748011697011 0
69.69664063555922 433.5538836456865 0
67.96873797918407 436.0028576546098 0
66.71136190290005 433.2815954291996 0
64.9839609130731 435.730927144385 0
66.24084056904373 438.4518090485604 0
63.25603664067997 438.1798545801704 0
61.99921540697967 435.4588767708468 0
60.2714829738126 437.9077589969925 0
59.01425411219144 435.1870708630192 0
57.28714837805435 437.6356950040544 0
56.02930866715068 434.9158447447329 0
54.30287298532975 437.3639650449559 0
55.55932882416736 440.0839997860249 0
52.57603261231165 439.811437818269 0
51.31998396985797 437.0925764529226 0
49.59391273148149 439.5386377908638 0
48.33842052376217 436.8206993642345 0
46.61346167594892 439.2656856949329 0
45.35866300133587 436.5510642080852 0
43.63554695231228 438.99361605185 0
44.88842879329515 441.7082935278979 0
41.91163447340691 441.4355348819538 0
72.21037586560547 438.9958040662089 0
64.51282135684812 440.9008226755598 0
173.5181844123161 367.4264031940043 0
171.7906475578916 369.8739283421942 0
173.0463072558563 372.5935877751151 0
433.2779440567216 106.9046088729998 0
439.0606206143184 76.15710972957153 0
437.3349287848062 78.60730261242718 0
434.3493673792927 78.33714381658291 0
340.0935696591744 288.7485678830679 0
50.84873936055727 442.2570006004663 0
149.1855064577449 419.9385042371299 0
382.5955162977446 -132.2087672672708 0
384.3055790897018 -134.5878504049432 0
323.2998121552932 308.0785621598944 0
320.3143165601729 307.8086419868399 0
420.5869684794397 147.4612885416515 0
159.380664439516 373.9595649104588 0
418.3937963027792 155.0820718944889 0
203.512333753469 351.9043383020752 0
405.3209545470277 -33.71902868553148 0
406.5809468737641 -31.00052193275911 0
409.5646349881543 -30.73236432092072 0
395.6956715960326 -177.5116458394768 0
381.5300446178476 229.9412989731932 0
304.438147460604 267.2459877183762 0
307.4204511314316 267.517656648075 0
306.1621662514199 264.7993110844082 0
309.1455449640556 265.0694887885652 0
307.8873381921891 262.350832030316 0
310.8709191621334 262.6206786700662 0
266.1829995871864 357.5854586484027 0
424.5064942639983 137.3895514483794 0
82.89352831303854 437.3625169636378 0
346.9997274441826 278.9472464098795 0
321.5732791070728 310.5289738306445 0
318.5878646452946 310.2589876754072 0
396.1932350000434 -84.31523434944955 0
132.0643942730568 426.1991560336731 0
428.8924101972652 122.147205043028 0
166.3079047625471 413.6754201623194 0
93.57641328107361 435.7288224749931 0
129.8613898533643 384.3038059814319 0
128.1347894899285 386.7515713742167 0
271.5243507349208 300.6164701476711 0
104.2597559235806 434.0949944925679 0
43.16362830433404 444.1497339180241 0
40.18753347540913 443.8762247294954 0
38.93618146750308 441.1639493719883 0
37.21320972061059 443.6026827370056 0
442.1844100937242 58.19484799631984 0
445.4442260907907 21.9993859917117 0
233.995757009791 380.7283646014038 0
343.5466596999108 283.8478926018807 0
213.4208659661546 391.8939843000836 0
446.5084838957688 -6.562786345035324 0
393.7827067000826 95.58011265494125 0
394.9615380121583 98.24245967611506 0
391.9825038917521 98.06186070036087 0
393.2529753300853 100.6868839743422 0
396.2120985167882 100.9532256202988 0
394.4857369821196 103.4008535313966 0
430.9826425482073 -119.8723160844118 0
429.2598542035801 -117.4204448789689 0
50.06358086868964 434.3756939421751 0
320.782072600917 302.6379265822873 0
388.4884711455223 -131.5847275712649 0
332.8674567873848 285.4858066758181 0
338.0469521562712 278.1349606427796 0
343.2262265874941 270.784270815786 0
392.2276018623193 -123.3935288665953 0
369.1222781384837 234.0309542386098 0
312.1290345095608 265.3396101218519 0
313.8545613410921 262.8905406750806 0
312.5963631452287 260.1716779538174 0
315.5800359825416 260.4414679432633 0
314.2674291414482 257.6843033086391 0
317.2958321594726 257.9855690639524 0
315.9822230785272 255.2277110750451 0
319.0172316092072 255.5336304092658 0
317.7596215389909 252.8152511211616 0
320.7545611266691 253.0929246112885 0
319.4014637499077 250.3152879803756 0
322.4647972376008 250.6344786231608 0
321.1104596055828 247.8561716218617 0
324.1842548036516 248.1816780646805 0
322.9383049535281 245.4715858903729 0
325.9264404998497 245.7432189492409 0
324.6938133781439 243.042116308864 0
327.6596851891358 243.2991992236476 0
326.4213866553883 240.5943459289924 0
329.3860439021873 240.8506844125232 0
328.1475451545718 238.1457505142058 0
331.1124774194676 238.4023122820621 0
329.8783392753764 235.6945456901302 0
332.8389765064308 235.9530229355709 0
331.5867536559256 233.2323545527057 0
334.5610140031836 233.5012266047017 0
333.302785730146 230.7933493940209 0
336.2850655374912 231.0539245727825 0
335.027263414051 228.3340360030136 0
338.0101053547003 228.603453856494 0
336.7631169997417 225.8800673523182 0
339.7363631489675 226.1547565616779 0
338.4880867477267 223.4409070381336 0
341.4627183543569 223.7060111819725 0
340.2136061826725 220.9935578031544 0
343.1882516541198 221.2572401063583 0
341.9308987978526 218.5390708157565 0
344.9127213826605 218.8076204352207 0
343.6548207439533 216.0890291644826 0
346.637396906006 216.3580124036056 0
345.3798919950478 213.639711582376 0
348.3625744377935 213.9087522810444 0
347.1164519836893 211.1853942618317 0
392.500866455909 191.8363626299908 0
306.9523890073573 272.6829842644153 0
399.8732047162433 176.8648765286474 0
301.7803121119477 280.0354790296964 0
296.5995948235014 287.3810827600619 0
228.7949412875141 338.5584309722274 0
396.0635672977631 -115.2338530939397 0
279.4965623625096 293.5627033159687 0
403.1975821750485 -93.82480367195618 0
407.840741930647 -28.28235265617059 0
404.8568966561583 -28.55040308880985 0
283.2587414948798 301.8029314868452 0
405.2527620015559 -83.21959908861186 0
275.101647834569 308.8827952259437 0
407.3088255558434 -72.61620127967262 0
400.6782164303561 -99.26095449773524 0
60.74128094751351 432.73808941113 0
237.7462826035439 339.3695085745297 0
161.895045813709 379.3986225231718 0
410.2836535594966 44.90168992787842 0
412.6814729886023 -48.68751838500646 0
420.2417762358676 -32.37530873261724 0
194.8740670169481 364.1512844384872 0
421.1707069217276 -42.71324871766103 0
431.6922875116626 91.12329773215447 0
439.1428677179057 8.412197042631789 0
165.5201313782486 405.7843167728208 0
146.6705938721326 414.4965822844272 0
286.7114828662486 296.904042481181 0
441.002264753241 -12.26993244659898 0
442.7274003385556 -14.72136932058432 0
445.7129832615046 -14.45342743794169 0
444.452665395306 -17.17305699569776 0
441.4671323910513 -17.44078836087875 0
443.1919712729518 -19.89210693290091 0
199.757037799514 393.2573752281217 0
437.4875415328421 -56.88366585309844 0
439.2122543836522 -59.33537181892483 0
442.1976426148003 -59.06750140527397 0
440.9369351935752 -61.78694914875445 0
437.9515772275586 -62.05483222577621 0
439.6762241680714 -64.50637016050291 0
289.4166685052714 333.6267552705976 0
292.3962619527131 333.8993590534531 0
209.0112507219078 357.6134204907609 0
436.6907883471513 -64.77378444599925 0
438.4155956792607 -67.22563437752038 0
438.6157368096638 -35.9330951632071 0
247.9532108422383 342.9030445489615 0
247.8073773625504 361.1311196237423 0
242.6275406330496 368.4797665266343 0
146.2003193402628 419.6671500337969 0
381.6745912297575 211.7090796803987 0
378.221922001533 216.6095326455582 0
403.1817394296188 190.1966846581464 0
372.578011133518 229.1264870731918 0
363.9431249298891 241.3814376677444 0
360.4902968259671 246.2821338844613 0
357.0375413943587 251.182475998903 0
353.5847290451224 256.0829309550676 0
350.1319064673582 260.9833225681421 0
404.7236412544065 -10.31955971703971 0
346.6790527232263 265.8838355650337 0
35.96704722212267 440.8686915495485 0
34.24570928654754 443.3245878951255 0
327.6881409051132 292.8365954456754 0
324.2352090683046 297.7372348460109 0
381.3254076546831 -134.8553843481282 0
383.0436290358373 -137.2855524858852 0
380.0648250626066 -137.5552729657715 0
381.7849801945491 -139.9989085898 0
378.8064687087116 -140.2657861989144 0
380.5273802232785 -142.7105385580901 0
386.0039647080753 -137.0278535627381 0
394.2583378579378 -94.56125051407039 0
408.8280159763849 177.6752037476424 0
414.4741068999027 165.1535624263189 0
111.9578296303723 432.1891255025785 0
406.1200647440089 -161.1071458270158 0
411.1482383592275 -150.2779426202364 0
197.5623684436234 400.8774783576138 0
408.6335795060305 -155.6970573898791 0
423.7514101012014 -123.1222809741986 0
419.9667875260421 -131.274116722946 0
420.0856635884163 -149.4836723414597 0
402.0056320779095 -47.0413390449779 0
189.3756929411227 358.4418360124166 0
414.9256865689226 -142.1389415578189 0
417.4456229213948 -136.7076157818319 0
233.9729014032343 331.2120662717199 0
319.8467737853686 312.9793538980985 0
316.8614016376964 312.70932389063 0
315.6025498707267 309.9889851624039 0
313.8760891233557 312.439281362046 0
315.1348690766628 315.1596540043362 0
312.1515504517378 314.8909892862035 0
313.4086596729977 317.6102100626871 0
310.4253714915797 317.3415931208983 0
311.6822314774339 320.0606415795198 0
308.6968974751222 319.7905979396492 0
309.955347975772 322.5107273190891 0
306.9699462087472 322.240638912332 0
305.7143638414957 319.5104302386429 0
303.9850823602998 321.9688855508966 0
305.2433696713748 324.6906194897455 0
302.2580274351588 324.4205547738374 0
303.5167258005254 327.1411072290049 0
300.5313797623714 326.8710329552478 0
301.7900982136963 329.5914903458941 0
399.6175431305194 -70.70074339829597 0
227.5372341991768 335.8393557502541 0
445.847153985187 -32.67728541591728 0
202.2748652095818 398.6987765436896 0
426.3943771642215 -135.9103791914625 0
446.1773018884886 -19.62253216406016 0
437.6630221909157 91.66197860037596 0
114.9429821605249 432.4608244538186 0
404.0759656918192 31.2590087055704 0
391.4514339670216 103.1827643210251 0
392.5888104115315 105.9169370755584 0
395.7109852253621 106.1296699266627 0
393.9807238639901 108.5805100551461 0
390.8976793770463 108.5469943173258 0
392.3163760714093 111.0996537957548 0
395.2708586104981 111.3019067875777 0
393.5508372627194 113.751652397499 0
390.6240102362124 113.5218234853218 0
391.8319620266005 116.1964979508535 0
388.8493762144096 115.9264192120662 0
390.0996672636273 118.6376245580212 0
387.1772816499147 118.4109541510334 0
388.3821191823609 121.0914382823548 0
387.0545703935329 -116.0828526747172 0
19.03925675146622 446.8323765932169 0
21.99353667966379 447.1051588569159 0
441.4009451955068 -66.95788656282897 0
440.1402183161946 -69.67729304908211 0
437.1549893385519 -69.94487224054819 0
438.8794698820564 -72.39664624171171 0
435.8941893485838 -72.66428021108905 0
437.6187067601434 -75.1159818366488 0
263.1667045900682 307.802820822705 0
383.496212660068 -142.4493304515765 0
382.2423347558236 -145.1561471233716 0
379.2720957526158 -145.4207814942242 0
293.6597743816516 336.617536165968 0
42.38418539088246 436.2603011348627 0
127.3535921825076 428.3768228202976 0
392.7666512851171 -177.7751369721096 0
380.9887986359819 -147.8612225382074 0
378.017236579213 -148.1282128107161 0
435.4704767787119 99.28349477276107 0
405.2632416377618 34.00725092153462 0
201.7862083246673 354.352944326431 0
200.5287827344117 351.6335933817361 0
162.3642355696049 374.230616069805 0
161.2145863831903 371.5869950853205 0
158.3190804851025 370.8472563510788 0
399.3282284033394 82.99545392895109 0
396.3445043759319 82.72623407011598 0
391.3569430484957 121.354463371686 0
389.6315100135406 123.8034300068529 0
386.6477340809186 123.5339716769104 0
387.9047219545462 126.2515034335767 0
384.9207751159482 125.9818648139738 0
386.1789336488363 128.7003398587594 0
389.1626363038431 128.9697604742924 0
387.4372654736663 131.4189351527403 0
384.4535225251494 131.14944556727 0
385.711947601656 133.8681249292075 0
382.7282370589451 133.5985951896721 0
383.9866722366042 136.3173226493043 0
386.9704136564638 136.5868584611042 0
385.2449000530077 139.0359570717932 0
382.2613717580653 138.766468238278 0
383.5196387234361 141.4852190972766 0
380.5360635128949 141.215669585723 0
381.7942235859205 143.9343097514509 0
378.810733429812 143.6648990348343 0
380.0688507124432 146.3834153419189 0
377.0854666485358 146.1140469598541 0
378.3435577568706 148.8325263475942 0
383.0522274562886 146.6545894641395 0
375.3602187755138 148.5631674845283 0
376.6185337759878 151.2818134247821 0
379.6004116617021 151.5538706684064 0
377.875940715671 154.0012155631318 0
374.8931095111726 153.7310670065812 0
376.1513927914428 156.4498160420386 0
373.2975543778171 156.2714608328501 0
374.4478242419099 158.9140332490741 0
379.132399881761 156.7226828510684 0
402.3119868206106 83.26519978815591 0
409.8292431193138 -67.1799405450121 0
268.6665493953101 313.5107958745286 0
179.0162126741413 373.1353354682673 0
399.6543440989128 96.05153738833576 0
248.8918659412377 332.5633087024218 0
251.7276861289739 351.0625344886415 0
424.1354693646942 74.80950807145859 0
428.2405135433738 96.02478370165581 0
193.7879316298333 392.7159433616009 0
268.8454933348823 344.7949061801131 0
440.2068928541617 -20.16095201753343 0
271.3629296121113 350.235170111009 0
272.621540588895 352.9556001904677 0
432.8113470896409 112.075331376063 0
446.8388073311031 6.497959801394328 0
250.3242780455346 366.5716940887596 0
251.5827186490308 369.2922039739147 0
168.5051209518652 406.0555311187278 0
209.1769890652665 388.9031839295897 0
207.9188962053714 386.1830060695553 0
169.2931091629574 413.946714152409 0
171.0197207718502 411.497069574496 0
433.4181619698382 88.67265105585616 0
441.9318210029674 -22.61065209688651 0
440.4029747406405 11.13176653600319 0
422.6016174934649 -144.0534315296596 0
441.864915048291 -72.12885744080864 0
402.8149001787415 28.73679915077204 0
411.7208755053496 -173.5510639266611 0
410.4643960371936 -176.252102988443 0
235.6987378351526 328.7633453108781 0
432.2449040230382 -117.1542811919834 0
430.5220554414532 -114.7020663199638 0
433.5072550628591 -114.4360789342614 0
431.7842937049372 -111.9837541234982 0
427.5369382033749 -114.9686624718814 0
336.6420360008942 293.646661604681 0
172.277992374393 414.218146566897 0
445.050762118139 -40.56756921402476 0
371.4374623439283 158.7642758643361 0
372.6692595126554 161.3698299660781 0
375.6829187621748 161.6237158500314 0
373.9533063560872 164.0710724284487 0
370.9340610905843 163.8074996801002 0
372.2255657622019 166.5179684765393 0
369.2410539942074 166.2574259316823 0
370.5055530422476 168.9670711686469 0
367.5228467215251 168.6973867253729 0
368.7822687242277 171.41463407013 0
371.7663123284871 171.6839344754588 0
370.0411177670549 174.1328685637596 0
367.0574842314114 173.8631348851806 0
368.3158172348572 176.5818322943242 0
365.3321639254398 176.3121000889844 0
366.5899530234478 179.030530092194 0
363.6067067107707 178.7610535608533 0
364.8644383450669 181.4794918767564 0
361.8812768720076 181.2100695111494 0
363.1394746953472 183.9288350000837 0
360.155958441092 183.6591607351439 0
361.4141681640369 186.3779275927666 0
364.3978152744354 186.647692351448 0
362.6723633882324 189.0967785391496 0
359.6886976263721 188.8270134624265 0
360.9468757589844 191.5458415732041 0
357.9631955238116 191.2760741261454 0
359.2207898224303 193.9944676379779 0
356.275110723553 193.7514413984732 0
357.5008291755684 196.4473833459021 0
354.6434745990045 196.2665753529025 0
355.7925153514314 198.9084868310139 0
352.8990311538211 198.7022145148062 0
354.0666753416622 201.3572242956495 0
351.1410586668557 201.0613117604892 0
443.9101491274145 55.74392775309657 0
170.5346287897073 367.1535166102831 0
397.0976697488537 -76.13714189398728 0
126.8779684429469 384.0319968348397 0
125.1512972859162 386.480050039877 0
126.4079388064244 389.1993580700155 0
123.4245578225012 388.9281459351532 0
122.1677684290367 386.2086723657158 0
120.4410357069062 388.6568355484517 0
121.6978473550227 391.376319991574 0
118.7142773465651 391.1049884132754 0
117.4574996034145 388.3855089562904 0
115.7307357901771 390.8336241554611 0
114.4740167064119 388.1141537613996 0
112.7472348744498 390.5622435837391 0
114.003956317239 393.2817471392002 0
111.0204139846714 393.0103583350961 0
109.7637144792474 390.29085520205 0
108.0368933620763 392.738937405866 0
106.7802332451898 390.0194559653899 0
105.0534068189357 392.4675044861698 0
106.3100709448134 395.1870194774938 0
103.3265450247146 394.9155758149033 0
102.0699023651459 392.1960575092488 0
100.3430384638023 394.6440990147545 0
99.08639952820971 391.9245989444862 0
97.35954861092053 394.3726271500794 0
98.61618263316633 397.09197760984 0
95.63265497902348 396.8206273498988 0
94.37605851261367 394.1011100971476 0
92.6490786524264 396.5491001085213 0
93.90572572939881 399.2687059209965 0
90.92215628360027 398.9971482456295 0
89.66558084534981 396.2775249655689 0
87.93861881229566 398.7255556068862 0
86.6820554655654 396.0059722491773 0
84.95506075970482 398.4539600129181 0
86.21164494437534 401.1736081085523 0
83.22807131329462 400.9019889123855 0
81.9715178125692 398.1823427840318 0
80.24451959177597 400.6303204756039 0
78.98769796496816 397.9141668887233 0
77.26097042051185 400.3592322390009 0
76.0032316941502 397.6534830517003 0
74.27732414679511 400.089503280821 0
75.53398464064043 402.8071301558112 0
72.5504892444588 402.5354170656182 0
71.29405389559551 399.8158390035852 0
69.56706663674923 402.263364317129 0
68.31069247019869 399.5437522928829 0
66.58369285351424 401.9915308832054 0
67.84007078003566 404.7110890463224 0
64.85668658403131 404.4392996166007 0
63.60037536944874 401.7198154506357 0
61.87342179649748 404.1674888315923 0
60.61843555792968 401.4344199822185 0
58.89052460888272 403.8933981646915 0
57.63564607868943 401.1600838437401 0
55.90764700814839 403.6207904234998 0
54.65153604523054 400.9016343865651 0
52.92450419751906 403.3521820264507 0
51.66859190082283 400.6328830556691 0
49.9421961881596 403.0797780369221 0
54.17770127467686 406.0688084392441 0
295.9332941407374 274.4358109118536 0
401.8916116359097 33.5077226554632 0
222.8448319140428 387.5366856811771 0
392.5460078941322 92.82813159546276 0
283.7693968624924 346.1476848017505 0
391.7321765724503 -100.1256166478761 0
440.3203156942789 78.87704130024505 0
446.7039810150669 24.71866924937226 0
340.640744692599 215.7779610081377 0
314.4655097227687 252.5310030853188 0
147.457924676953 422.3881122293003 0
282.93915710204 288.7505633968728 0
352.3194989422727 203.7909159213358 0
349.3943513197804 203.3416582635704 0
299.2726845696655 324.1506434995163 0
211.6744190091369 344.8288201092487 0
293.0832287684461 279.0308747009257 0
430.1808400745207 -127.7596578568992 0
25.56878216337167 424.2860114660041 0
22.58983625136872 424.0345241630749 0
24.32524855466229 421.6062753067804 0
21.3486191293301 421.3549244479971 0
23.08591620982153 418.9263333053335 0
20.14549816603671 418.6571727286103 0
21.84981383967408 416.2448033115555 0
18.91350514657367 415.9734357330063 0
20.61321583127899 413.563200451987 0
17.67747197042722 413.2936406696782 0
18.35515575811219 421.1531989290905 0
19.37995671451818 410.88017819576 0
22.29244290524118 411.0938676885594 0
16.44057121335811 410.6123504834936 0
18.14304516469223 408.1987503272979 0
15.16180595676235 407.9750803759155 0
15.96515396108244 415.7259227326109 0
13.47742817829879 410.3821106018318 0
16.89735786107573 405.5207551449526 0
19.84978263274177 405.7833535091401 0
13.84942532699605 405.406473421154 0
18.60788493470283 403.0943794496044 0
21.55523396607245 403.3646416883221 0
20.84487873863264 426.4873212640022 0
202.2549529538709 349.1850689056243 0
350.1137343202452 211.4380279457563 0
46.31047756175306 426.1840919690623 0
409.0245974360446 42.18317859557476 0
230.0519508684142 341.2782105882701 0
225.811299450048 338.2880617670791 0
410.824638931919 -28.01425718389074 0
406.1166423468566 -25.83232621271501 0
196.6009275092269 361.702352966048 0
160.1684047315856 381.8471259838344 0
411.5424065256082 47.6199682384548 0
416.3287933129366 -22.302667717345 0
227.8515169822807 348.9001015264723 0
254.5375190401405 320.0480066836197 0
295.2056991399702 302.8801020931522 0
430.4326677713044 88.403705075581 0
395.9198530296288 137.4044814093803 0
392.0008914350834 147.4745106933662 0
142.9002431411014 406.334393687119 0
414.204962494528 -82.42107261886808 0
410.092585179105 -103.6316358816097 0
388.08234716468 157.5429578332471 0
432.0473939186987 -13.07338372253527 0
150.7478621863701 386.2016727322529 0
412.1489321554017 -93.02743432001714 0
410.6108960189669 57.95716695047493 0
404.2225939382887 112.0981267598106 0
415.3997895927956 -11.96501199585697 0
287.0421891880461 309.9602134341274 0
71.59628305142803 412.8709451815785 0
278.8798939153977 317.038387920264 0
437.4177431944158 10.86326566592129 0
89.97164167106857 409.3335390037317 0
167.2475168802607 403.3348863976383 0
380.7108950927359 172.5062763055699 0
259.5695199817576 330.9253169180913 0
219.0703548929667 379.3750005166846 0
434.6333600603085 -75.38383650339406 0
436.3579316832659 -77.83537361591289 0
439.3433077366864 -77.56753520142234 0
438.082536604421 -80.28688411523058 0
435.0971599686191 -80.55470920978948 0
436.8217375382886 -83.00619396813133 0
433.8361602187286 -83.27289753979724 0
435.561065898874 -85.72518976137033 0
438.5463353353324 -85.45770412292583 0
437.285508771905 -88.17698252608943 0
434.3003129841705 -88.44459251224562 0
436.0246598022577 -90.89626369316704 0
433.0393536421171 -91.16398121024642 0
434.7637855214149 -93.61548226884585 0
431.7779051507728 -93.88183000204327 0
433.5028507507527 -96.33438155540662 0
437.7490974098093 -93.34778064863077 0
430.5172679748072 -96.59965032986213 0
432.2420653062105 -99.05322376180567 0
435.2273609408938 -98.78591967195953 0
433.9650502894119 -101.4884500171698 0
430.9797372165306 -101.762883053054 0
181.3803082905282 396.8012947005296 0
433.2282824389666 57.38931486811035 0
197.8578205621794 364.4220820578988 0
207.285003796432 360.0622505980612 0
373.3401363979166 187.4731232653472 0
233.2060566339712 372.8376043929402 0
404.4562968416071 -91.10519920486649 0
301.9659463329906 311.3092047708673 0
406.5127766639228 -80.50162964551248 0
127.0377057803116 415.315751148384 0
428.532592630538 -57.6860769924549 0
421.3374380414195 105.826656172232 0
412.0080177206673 42.45211544686956 0
291.1399358210037 331.1779193686002 0
425.3944999392396 77.52874262430632 0
410.516777057006 125.6954198943744 0
81.33187749086824 421.5784578096473 0
416.2004174660204 162.7030675113656 0
402.2130533287752 151.0027036949126 0
398.2942702795033 161.0715860067776 0
285.6398126913158 325.467572388758 0
281.5347352498534 304.2533324646967 0
424.8826611189498 -84.06910153514697 0
390.9236751753663 176.0396271420146 0
383.5528901273725 191.0074656150737 0
422.8252415206373 -94.67474702960725 0
209.6458893403956 383.7332792996156 0
420.7676289299802 -105.2790867995067 0
141.1729653706349 408.7834102398018 0
119.9711116426473 393.824559076117 0
122.954763903118 394.0959028860128 0
115.8845566519258 422.1199210279414 0
112.8994727753369 421.8484583409466 0
421.6628935788937 118.887908593753 0
433.4410549913081 -28.58257816692195 0
112.2771851812872 395.7299398893756 0
237.4497413648906 375.8284870089187 0
238.7080271267158 378.5491374992509 0
100.488642211568 425.932034853257 0
97.50522953884133 425.6588634757425 0
144.4726811286815 422.1167499030621 0
104.5832308431668 397.6351748030527 0
415.5511073602405 136.5803548107799 0
413.8245656470166 139.0285311825373 0
438.5941923184819 81.32627312910398 0
71.42442450959257 431.1048641361186 0
204.0021595547867 396.2489178661081 0
60.14496115487793 406.613377358809 0
444.1841702169423 19.28051643688541 0
447.1697567553479 19.54836432080634 0
318.5635548860977 260.7064631493285 0
323.7401512858605 253.3640294911074 0
385.5968182296348 201.6337767126808 0
362.2021866946189 194.2678716316458 0
328.9202875868341 246.0100040444033 0
335.542702597472 223.1417208174845 0
293.7953755539195 318.3956415210304 0
334.0945261820261 238.6681560232898 0
339.2706281251652 231.3208038120386 0
344.4471983619856 223.9735537893714 0
32.24926494761502 432.6261785726206 0
400.6737617694942 -166.7843206178084 0
23.70735324593123 444.6833769453472 0
24.94933787365078 447.3781266508362 0
333.1910722767531 298.5471853035655 0
312.6192889331554 309.7203523419162 0
314.3440578836054 307.2689763499203 0
24.782017735891 416.5037232530706 0
400.745712118881 -49.75926371743247 0
328.0116773862865 305.8982300750094 0
172.2610799591692 364.7051802146402 0
128.6045402799937 381.5838748500399 0
221.1177957017833 389.9866848131745 0
422.4768795559906 -107.7228448433446 0
319.6662384976393 245.2117201655044 0
330.3122637275031 230.5666809909171 0
35.49136575632281 446.0390617241533 0
436.9516187265101 -101.2347241145345 0
435.6642700648828 -103.918706532074 0
191.1019815598819 355.9933556695446 0
48.68638601644516 400.3619506519008 0
46.96107503961947 402.8083452936304 0
48.21459865234321 405.5242722789797 0
45.23527950113831 405.2520246387689 0
44.02820917437306 402.5699159344205 0
42.2660881285117 404.9862236125748 0
43.51193588479231 407.6950646437804 0
40.53613960579461 407.4235610579831 0
39.28440166549264 404.7110553609251 0
37.5605538171996 407.1505852450296 0
36.30907370539431 404.4400799848814 0
34.58777010229205 406.8774404835721 0
33.33715409111919 404.1694716306529 0
31.60015843238462 406.6201494175019 0
32.8382616826164 409.3431994795048 0
41.78713498800347 410.1356501612034 0
30.36492082611335 403.901030990725 0
37.95412516696716 402.039091180538 0
434.7649985505224 -111.7210192307779 0
325.1364962028296 237.9798548002912 0
213.4018557158379 342.3791900997905 0
383.3742073546864 -124.3215152309179 0
448.0990604921785 9.217711935764104 0
314.6671551011165 320.3304022263143 0
282.0430418674248 348.5973879500257 0
403.1328728162509 -26.10040768884033 0
404.39258775378 -23.38238962928043 0
262.7297783979838 362.4857487341072 0
261.0033889929306 364.9357662291144 0
403.4643734950586 -13.03785803185233 0
394.6195196739922 85.17627084444185 0
441.0680225332081 -80.01905830401024 0
362.3485658518578 176.0423396160232 0
354.8437669608105 191.22692572774 0
243.8603397585863 321.6868924120652 0
245.5860198409545 319.2381497533418 0
369.5312304145745 -167.0443323347574 0
377.5963937968281 140.9769542996293 0
224.5536031598398 335.5694672120505 0
222.8272641360399 338.0174067021634 0
394.4577584916129 -180.1780375353993 0
397.3821903966131 -179.9174014272113 0
301.5566714178809 266.997898453865 0
448.233699311442 -9.014124513739898 0
401.8769757331999 -10.59053593360793 0
387.7415302401663 113.2561144634698 0
311.1154369018223 257.4326466297786 0
443.9224507914024 -61.51905804529574 0
442.0459891217654 76.42628143304216 0
150.4430917125836 422.6593857240375 0
399.0219215409799 -47.30923004398355 0
400.2817514237821 -44.59137017930406 0
417.4595188111135 165.4233786362834 0
62.26287692670622 398.92274183284 0
433.8949724041228 -119.5726648311375 0
401.9133329483328 -28.83757660572369 0
393.3862608034627 82.4757469064912 0
395.1158640783805 80.02695691876384 0
226.2343621699878 333.0932248361543 0
80.70236814166411 395.4656420391566 0
344.1236305076807 210.9200888127006 0
445.1831774859573 -58.79954320096412 0
167.5655463431461 416.3964139254223 0
221.5700051298525 335.2991976329573 0
56.37792038903939 398.457403710639 0
41.43913435675455 446.5912337950438 0
44.4169371061902 446.8645353858294 0
304.7755054477004 329.8616400850769 0
303.0494140287564 332.3057030488081 0
379.7043140459671 -132.6435237855047 0
445.1698822763083 58.46396099672484 0
232.7152569479824 328.4930680481029 0
376.2905752823719 -145.6638439384279 0
375.0316920485246 -148.3724512718522 0
376.7646055270434 -150.835459947712 0
373.8240439694204 -151.0763449582625 0
205.2601697085761 398.9697589207459 0
88.40895524452567 393.558019395874 0
366.2639149072611 165.9879479771945 0
32.08597860570394 401.462110598324 0
29.12560966327748 401.1872251692533 0
381.4698719242642 130.8798712305754 0
379.7446825043726 133.3290285851561 0
70.03765381429848 397.0959448654276 0
100.8132353659268 389.4766306118575 0
188.252123509013 355.6608551813181 0
447.5721012705469 -35.12879458410809 0
349.4989860970047 198.5211493568493 0
449.4940240115187 -6.294332986378484 0
28.64917960430657 406.3335220048859 0
389.2069378311501 -105.4960499958544 0
387.9472406251514 -108.213296960362 0
286.3903330077617 283.8525886039506 0
383.9584502377103 -147.5965870294501 0
44.10628081180562 433.787442581486 0
438.9224838784498 94.38215144236747 0
35.20941686377164 432.9011993179907 0
32.9997205679 440.5874326284892 0
44.76318709499373 410.4076500022874 0
349.6234907027589 216.6261432494463 0
403.463919928124 36.42213303457073 0
400.539788924688 36.1939279486959 0
410.7489340202429 39.73360154324634 0
357.0286215795194 201.6117450777319 0
365.6561227758629 189.3665764094382 0
369.5718182787903 179.3033726339189 0
373.0250785907467 174.4024100884972 0
66.11304043057397 407.1588844688202 0
219.8437064733421 337.7470029362158 0
315.112788246172 265.6094655482873 0
313.3872206107541 268.0586135583938 0
376.9402836251216 164.3407058697491 0
198.8013059710012 354.0829933088308 0
197.5893043799888 351.3974840629392 0
164.1099352256386 371.7942951607472 0
162.9752781237866 369.1396960647623 0
165.3509981519825 374.5036164646211 0
402.0672012567373 169.242441834626 0
84.48462352515372 403.6217220159424 0
204.3011799321593 359.7915856079103 0
388.2280823702582 139.3074099254937 0
430.0536445911937 -91.42823181727623 0
401.0531969395284 80.54606650984594 0
396.5303904913338 114.0109276048654 0
408.3689949249523 -101.1815279113179 0
407.1090128866559 -103.8992439624976 0
236.020220260847 341.8184791650706 0
432.1110563124354 -80.82049190401523 0
432.9087157726836 -72.93244704522795 0
247.1658867472991 335.0122948590862 0
275.8955260574248 316.7684905012597 0
274.1695409453667 319.2178247974976 0
205.5587007453879 362.5111061258833 0
413.7326251313184 40.0022933231317 0
163.1520151562128 382.1180811587891 0
407.9548755640741 70.74468762706287 0
138.342412548024 390.2869725791116 0
404.0371309952335 80.81499771282984 0
420.9037386626049 -6.258741187428654 0
402.4695650207505 -52.20933118092569 0
399.5419386941338 -52.50317236377286 0
218.4310415998759 353.2570417660127 0
79.60430253976726 424.0270181093773 0
191.4212560089182 369.0487309779426 0
392.6131495023236 124.0712803371898 0
390.4209104052923 131.6883344680673 0
412.3494342363714 -61.74338391370608 0
132.3748577978762 389.7426960032532 0
239.0039150254194 342.0886400025611 0
403.4716965259094 153.7221978316034 0
266.4733240395196 321.1282626362546 0
419.9105052849266 -45.43189972845251 0
417.5220831590925 -69.09677730641525 0
416.2617927154537 -71.81524134095409 0
411.7756524681224 128.4148527276033 0
179.8035287546407 381.0226549472384 0
176.8193216628516 380.7517257709645 0
433.7721845077708 -15.52425677596816 0
92.17879119877273 401.7165854869193 0
392.1813015836011 178.7597503242658 0
89.80950188324744 427.5639714606778 0
402.9634291740583 109.3778978336046 0
430.256969286184 -60.13697305331003 0
411.6321230351265 146.6471786420226 0
73.80673376875464 405.2545263467534 0
405.5188178294339 164.3421361787879 0
210.2689441251395 360.3328362169948 0
436.157668668132 8.143775941483685 0
164.2626156176466 403.0636747511971 0
412.5485769769289 -30.4640233397865 0
292.2213560196313 302.610217406046 0
293.9472050217227 300.1606827940304 0
386.8237776430545 154.8236869250618 0
384.8102185551045 193.727716250022 0
418.1860214856447 -42.98157855290351 0
257.2276856261648 356.7743672076823 0
260.6810513249372 351.874336694418 0
436.0947962173564 -41.37208988414299 0
192.9987690977908 384.8262420893911 0
250.1497725570351 335.2825286998377 0
206.6609265424243 383.4625601134972 0
204.9339798803162 385.9122050479937 0
250.0011710343731 353.5119911575724 0
427.1201282479345 75.07859990969925 0
422.7366584048955 90.31790118559623 0
150.1259464094364 409.5978445585179 0
414.4705058942355 -1.628315141359843 0
415.7302166403788 1.090125894682557 0
437.5524417984432 -7.367601526145254 0
413.5011164934124 125.9650237096536 0
276.5403701812829 342.8867634963742 0
275.2820750593247 340.1665260066337 0
394.3382200420048 121.6217588605807 0
434.700971657919 -25.86384739179638 0
436.4259248446034 -28.3141997955124 0
143.21514148851 419.3957653655267 0
255.5012462162389 359.2233881022219 0
274.3482149010379 350.5053498643964 0
275.6068968208429 353.2258303299049 0
273.880136135182 355.6761634605182 0
240.4350511363454 376.099088866975 0
95.16244630192577 401.9883964736416 0
170.2320979354492 403.6058432599376 0
168.9748761135433 400.8854628626582 0
423.7494213074106 -105.010314252715 0
253.309239512779 366.8421132584147 0
254.5672180778389 369.562937773101 0
177.4557566704415 406.8712866469121 0
178.7132083186921 409.5922671995158 0
181.6984914215275 409.8633227698211 0
76.78938677328431 405.5253050862405 0
432.158705982929 85.95277834589315 0
429.173193378982 85.68440865465956 0
444.1222154457142 -30.22578188807791 0
447.1077645663012 -29.95768447980979 0
206.9869369363312 396.5196421946342 0
440.2709886233574 -87.9093214703794 0
82.58882161081593 424.298796066892 0
405.1975730939576 151.272167367086 0
285.0282066502476 348.868196685771 0
286.7547382892868 346.4179401477712 0
438.677080507392 13.58226579675908 0
435.692531956769 13.31420583640832 0
446.373073697556 11.66737713068859 0
304.9457274609921 311.5815161496693 0
302.7345650377388 319.2285690415296 0
382.7022417387558 -150.2999689653163 0
36.92497091108518 430.471494372875 0
113.215105731617 434.9102911341215 0
297.5461459892884 326.6008644194927 0
295.3744682374012 334.1729841273412 0
296.6380624783664 336.8909763889554 0
294.9180236461358 339.3383051693637 0
441.5799601962604 81.59691036015739 0
439.8535786037617 84.04597239308933 0
383.6622589707013 123.2632315852692 0
449.3593539061443 11.93639937012377 0
32.52756790202847 445.7666610930032 0
324.5586089633739 310.7989719402425 0
425.4393633458551 -107.4492318285382 0
145.7303023950574 424.8377814612202 0
142.7449832924252 424.5664120283741 0
116.2007223902046 385.6661123122039 0
113.2172633739475 385.3947886564141 0
203.5328509154614 401.4193639012632 0
116.2003411397131 435.182038222899 0
440.6479084392427 91.93161022525811 0
419.1858210481211 162.972802955727 0
449.8243833350693 6.766383438515952 0
252.8410482336685 372.0124855432282 0
241.6933804540617 378.8197995421813 0
239.966309249483 381.2696779882979 0
413.4295771566873 -175.9882168600722 0
412.1730905106128 -178.6879570935358 0
409.2091940042475 -178.9508653232013 0
410.9151948665278 -181.3839035134709 0
407.956775437531 -181.6453025153332 0
409.6587966850287 -184.0746981102261 0
406.7057057220443 -184.3318052909043 0
408.4051048787726 -186.7584309347009 0
414.6871407716977 -173.2873400523879 0
404.9897323954647 -181.8913222263353 0
403.7256205025307 -184.5718686267107 0
438.6719469883778 -103.6823021082431 0
420.445044020895 165.6931871938052 0
371.6805364897104 153.8456329250283 0
358.8977991654186 180.9404480385516 0
357.1724857920523 183.3893956906982 0
20.27886160605856 449.5278154016146 0
17.3202757745861 449.2535070268809 0
364.5405527807934 168.4276989239713 0
179.9711072956495 412.3132199918083 0
401.4089103286668 -23.65045452586924 0
402.6685814988766 -20.93249848311017 0
97.82986876921593 389.205200940703 0
413.8806311519074 -181.1260323924169 0
442.8397065002223 84.3162533670623 0
33.78573686725068 448.3000725533171 0
234.4410201410026 326.0444179893932 0
224.1031373942917 390.2574160156177 0
391.5347226279683 -180.4376597687092 0
389.8455509143491 -178.0409692906398 0
418.7186041224283 168.1438817607822 0
304.9036650324773 262.0812007735062 0
144.0026299104194 427.2875163130836 0
141.0172362611917 427.0161240994524 0
169.277626404805 364.4339798676925 0
171.0038883752034 361.9857063432639 0
222.3760162904588 392.7075054426815 0
210.4171515008259 342.1096317554123 0
208.2442356218044 399.2407914437991 0
396.1450924849358 -182.5802414252325 0
446.8956838531363 56.01293490651884 0
363.2831076746711 165.706811919476 0
50.41245931703737 397.9149048577918 0
125.6211923840258 381.3124854911945 0
20.2786961040583 400.6833735083688 0
17.3522783057462 400.4005245617415 0
212.2927774120445 339.2501187095211 0
367.3178386405474 -159.3440604763261 0
127.3440628569095 378.8565003567464 0
130.3304093138367 379.1343614991054 0
231.4576234521283 325.7742211573157 0
18.57165729935134 451.8382735593714 0
189.8727830175123 353.2682773726395 0
374.1019263125563 145.8445366523249 0
446.9080892314086 -61.25113910486449 0
345.8605626208494 208.4657753370218 0
342.7894321123454 208.1337016721139 0
344.5793122544524 205.5721259137149 0
377.0850979484325 -137.8200580207793 0
296.2897193017255 323.8821256712484 0
311.3608595699355 306.9944486736461 0
255.8263060484375 372.2834793201977 0
263.9885094323547 365.2063179771951 0
262.2616673225596 367.6566652665193 0
43.03862081631047 412.8477473763915 0
40.06427029080947 412.5755892684301 0
372.0815531761758 184.7530165633354 0
316.3706586661245 268.3281842911002 0
379.4522725479876 169.7863204792602 0
383.0853111942572 196.1770552908575 0
26.66509157600054 444.9523946245276 0
401.7891142379091 38.90537083883306 0
412.4736604536536 37.28376636337384 0
37.6873803693345 438.4357607954063 0
390.7423786027831 144.7551341183006 0
224.0825862484318 340.7365087869337 0
426.6067099534398 -86.51995864532461 0
407.3759671751907 -23.11269275134764 0
413.8087508475272 -27.74495825502507 0
30.80979252241377 448.1740005534671 0
375.8344032612243 -140.5289281845305 0
410.4720077570788 76.18310442369656 0
414.9916959955106 42.71994515996506 0
161.4253091064444 384.5666763065727 0
401.2189993449928 -54.93157082222406 0
398.2929705170609 -55.22609806168983 0
229.7318962198411 328.2227548625726 0
257.9895332295006 315.149731208105 0
256.7315771276251 312.4307991362399 0
255.0057763054152 314.8797422921459 0
253.7480135970388 312.1607921256869 0
252.0217007126715 314.6097720736344 0
255.4736299674935 309.7120344565527 0
388.5494055811306 152.3741410754882 0
290.4947726337806 305.06079281564 0
340.9971154334496 210.520584935505 0
67.0542915975126 396.8242413091634 0
404.2591235247667 -5.151303672797492 0
402.5350005570933 -2.701369192055397 0
401.2084835692622 -5.517286809235149 0
406.414621889056 104.479433206277 0
405.1557451038664 101.7602723937458 0
403.4303771078033 104.2099970746104 0
186.1497666628717 357.8190878657462 0
123.5817641342693 420.2141565638594 0
173.8786686790728 362.3066818190031 0
423.8554917187528 111.2669981502911 0
406.8811516094495 99.31034247393924 0
409.5393736145004 86.52203713169499 0
108.5069958954277 387.5714467065222 0
251.5536090573776 319.7778656068253 0
216.3856520507114 342.6493262532148 0
405.1880886243159 -15.48932446748538 0
402.3029086754683 -15.8058677161383 0
108.1864439212613 424.0262306515416 0
120.7534913552362 401.7137149933433 0
113.0581985536486 403.6192466515452 0
105.5235391434944 387.300076742193 0
399.9624574537722 -57.65097094116894 0
396.9793905478152 -57.91900785671687 0
395.6043552529543 -55.11076584978236 0
398.6941559251754 -60.36484038586536 0
105.3610530283685 405.5251906804316 0
208.6909897874292 344.558289017036 0
120.5973018766125 419.942104016534 0
85.42558016722572 393.2864627385071 0
381.9367997357023 125.7120764020474 0
398.111968330467 129.7854340173931 0
422.1295581790776 113.7171637196584 0
105.2022023762982 423.7541034933243 0
412.1972292846552 73.73329102734664 0
372.3767577768008 148.2935590751628 0
400.3399140474824 171.6926275787421 0
395.837795317228 -78.85495853148267 0
394.1140693206795 -76.40496165072993 0
392.9249092438663 -79.02774290597232 0
395.3739122433813 -73.68721639638204 0
392.5374138893549 -74.02321021116359 0
288.1158313957569 281.4036670065663 0
237.4244741563722 326.3146561256063 0
306.6260844391445 259.6657851311389 0
357.3409857182845 214.6939665832879 0
356.0826434191133 211.9747174281093 0
357.8083584343191 209.5253673973763 0
354.8243155629434 209.2555479340661 0
409.6290468557086 -98.46375059370396 0
419.4462970724605 -40.26267380339539 0
416.4616630489206 -40.53146373147963 0
417.7219359861708 -37.8122573469882 0
403.7945312569953 0.0167087893353995 0
400.8109041033704 -0.2515526242481602 0
402.0703688179726 2.466448122089427 0
226.5937113239589 346.1806495917419 0
229.5785555634964 346.4504872572559 0
417.3901912811962 -50.86948024661618 0
222.6726300379105 356.2474714479578 0
420.1087365369348 -14.14649082128595 0
230.8357116764123 349.1703840577807 0
232.5647908981348 346.7191480091919 0
150.2780869472933 391.3699202971305 0
414.8545279816949 60.94456175270027 0
183.2572899832581 376.1246599382719 0
400.3044156645067 122.1667183837804 0
190.9526527716288 374.2172656375872 0
423.5297563630088 98.20634492304781 0
142.5828953290904 393.2762104657066 0
416.5940605897064 -58.75758258640978 0
404.3635509191434 93.87141192477955 0
277.621439615851 314.3191606818036 0
431.5173858932395 -57.41813474548447 0
266.0059645154099 326.2968790057727 0
412.0845695042878 -25.29499372968664 0
268.1994768263656 318.6788605739893 0
269.4579442974865 321.3979913925983 0
200.0598525493149 356.8016345272751 0
181.8496971034509 391.6316301668702 0
164.8786088692518 379.6695444847153 0
166.1358648767112 382.3891480209943 0
167.8623784868165 379.9405548918273 0
426.3269039541327 67.18997092958432 0
150.5960662816917 404.4282370950955 0
423.6689421893767 79.97883258046437 0
138.18849016354 408.5119288053211 0
237.1262970742556 362.7694246368101 0
432.9765957664971 -23.41270457998781 0
219.5396076233308 374.2049191938339 0
433.637773316386 2.704322944500124 0
445.6358714208785 53.29292894381195 0
448.6214824880041 53.56184247048159 0
447.3616370260416 50.84175701581891 0
445.6472758235342 -63.97070215770006 0
76.61811647924215 423.756132779379 0
238.3843252683085 365.489414932521 0
158.292472583371 402.5216635686086 0
390.4562477522811 181.2091995450759 0
428.517830057356 59.57067382418577 0
272.7657204617387 334.7260421134944 0
119.6558436032097 430.2831374951318 0
258.1650696848561 346.4337047621873 0
69.09499643392624 407.4296201022117 0
158.441484487426 384.2954972608669 0
227.7041894898317 367.1271482415489 0
432.8426263935602 -5.184865435020182 0
216.4055907454725 392.1656822679564 0
214.6790526708235 394.6153983499203 0
427.7362627916125 -65.5744809283272 0
429.4606823390466 -68.02541255939445 0
211.9951434362428 357.8839518713654 0
430.1247963160668 -41.90916649223786 0
432.1806809474709 -31.301265116709 0
240.7301623119413 339.6397847102944 0
443.4440825884439 60.91494037354485 0
164.5802460038106 416.125079040219 0
165.8379122176936 418.8461476511979 0
162.8525482879027 418.5748360121236 0
251.8758272395925 332.8334940372675 0
122.6410225418031 430.5547687111438 0
426.9395701856033 -73.46263689156986 0
448.5640126896657 4.046765461097698 0
225.8302429164462 387.8073133669624 0
107.2449306830064 434.3667365321519 0
105.5170150223392 436.8161874854243 0
102.5317240281352 436.5444050007545 0
115.1004895245967 414.2291939383431 0
107.4044244458082 416.1346890779983 0
414.4348591337118 115.6262980250129 0
426.2326558661491 134.9389639143116 0
427.4919182699376 137.6591928142844 0
429.2181324616699 135.2085463576132 0
425.7656647696539 140.109867016642 0
428.7512038472597 140.3795316063735 0
427.0249227993472 142.8302849164336 0
99.70834911698225 418.040035402504 0
92.0122629436764 419.9452256826396 0
408.3242643052189 133.3146319686643 0
412.2172746795191 -43.51938042841297 0
406.1316315167146 140.9337945663981 0
115.2608140547504 396.0013386260166 0
107.5668618411743 397.906635017845 0
87.46731977907503 403.8924402217086 0
392.1455070713073 129.2394029790827 0
389.953129716889 136.8570056485867 0
265.7150693774029 362.7560805077282 0
428.3793395023465 77.79747476219922 0
389.0169230609645 147.2048249350115 0
230.6888450644576 367.3976663217748 0
428.425640447465 127.317765630406 0
420.1199533506654 152.6316697078313 0
421.3792102093847 155.3518693101868 0
423.1053611495056 152.901457349855 0
97.66636948912971 407.4297383302478 0
196.1313382013089 366.8707928713327 0
199.116318015483 367.1411000122397 0
406.6453396349687 -98.73143125992534 0
407.9049722774567 -96.01214953319499 0
410.5543277733831 175.2247259841253 0
411.8133888150006 177.9450458406916 0
413.5397991640483 175.4945156031822 0
410.0869886589693 180.3953518197059 0
442.9940404478917 -51.1771503196189 0
444.7189390210228 -53.62861055340319 0
445.9796214457232 -50.90908121939916 0
447.7045503579758 -53.36065591121787 0
404.9080848823253 187.7462447851332 0
406.1670965359853 190.4665834642766 0
407.8935498272582 188.0160863924023 0
404.4406590741772 192.9165908825193 0
392.3563637009746 210.0685690620034 0
393.6153021170403 212.7889265676969 0
395.3417683542773 210.3384503984274 0
396.6007606106984 213.0588486737612 0
394.8742270534367 215.5094164646171 0
398.3272596900213 210.608263200358 0
397.0682400374798 207.8878661566906 0
400.051175285519 208.1558412227777 0
367.5524380347882 218.2229687060143 0
368.8110363344176 220.9425818632017 0
370.5370514455169 218.4927628217486 0
367.0846784864557 223.3964109328162 0
370.069618174325 223.6629784188259 0
67.49769773648123 441.1727511454911 0
65.76973105430994 443.6218494157226 0
62.78470910011671 443.349845325745 0
68.75445719131802 443.8937768352934 0
64.04165720814345 446.0709576899347 0
61.05662235553996 445.7988306949151 0
378.6671976014827 161.8881603096929 0
273.3792381190943 311.3326226755019 0
294.8739314175302 289.8302224740855 0
297.8578429101979 290.1001572318724 0
299.583551766398 287.6509164857256 0
296.1321037727828 292.5494036737094 0
300.8418680278839 290.3700875163067 0
428.7065870704778 90.85469960594351 0
441.5318649396731 -85.18989781124066 0
392.4689998705106 142.3041761549799 0
431.6480737869251 -75.65165491046056 0
442.3288502648414 -77.29968855308866 0
421.1979398870687 -110.4172338701111 0
208.3878416287823 381.0129521429406 0
211.372751508322 381.2836318982826 0
415.4574765569316 37.55243013916772 0
414.1986646837978 34.83190846137174 0
134.8871983561415 395.1824108470115 0
131.903137610781 394.9110668152944 0
130.1760644469979 397.3595944039514 0
401.7457255959428 156.1720369712942 0
447.7687616167912 -3.843060949097791 0
189.5454809120065 389.7246660181007 0
282.1876105975217 330.3668728251692 0
393.9083367067618 176.3093288320395 0
120.913172229503 433.0042886772189 0
123.8984920630421 433.2759625032513 0
108.502268220057 437.0879416774279 0
438.21269944618 -98.51785976987341 0
430.7207844087596 -65.30678662932237 0
429.6849419463435 130.0379846198853 0
431.4111547431269 127.5872882482173 0
421.0111991288205 92.76814862600366 0
385.0984963881804 157.2730642516671 0
425.3460367583323 -89.23846316125407 0
271.0390394495759 337.1757485626389 0
402.1716069146503 101.4909335275726 0
79.29118007304805 410.9679058593783 0
398.7942776196118 205.4370070589084 0
401.7771758739646 205.7048732531877 0
400.5206094583658 202.986263151654 0
403.5061735399334 203.255984864076 0
408.2362915623522 -82.95207205104444 0
409.4961266996971 -80.23509563189425 0
406.9766068443661 -85.67086510984917 0
256.4384494208849 348.8833826202914 0
122.325351521464 417.4929587451417 0
420.8704947403504 110.996675237334 0
288.6192092678447 325.7399852852732 0
286.8977035769771 328.187636681956 0
410.4243367577619 -90.57604992155592 0
411.6849098577054 -87.8574943691535 0
431.3850923894917 -39.19004084565746 0
246.5488535533636 358.4110039419245 0
139.4454754937206 411.2324218023367 0
415.6935770154712 118.3460800602236 0
302.5673592323769 287.9205579876062 0
386.5375361100214 191.2772154159877 0
144.1574942272067 409.0547211808625 0
402.2477074476 200.5358477919353 0
435.0322460487274 -12.80509914482124 0
430.5711026159981 70.17872371217578 0
314.6454972654826 270.7761792952269 0
213.2528329927638 360.6033392771658 0
214.9787775894052 358.154452922941 0
381.1804181352282 167.3379695383748 0
249.5333815400104 358.6814337720841 0
284.5197350847143 304.5236028265851 0
282.7951852384809 306.9721872339813 0
286.2465202055736 302.0739611583747 0
318.0979120204571 265.8756551758312 0
373.8092479722557 182.3050082247106 0
273.0889170099716 347.7852334160116 0
128.919711402243 394.6390468874334 0
127.1926818402162 397.0873888538775 0
241.9870373631383 342.3593777196089 0
243.7135237160805 339.9097810126345 0
243.4200634752052 376.3698589327443 0
171.9595553219571 401.1565499807185 0
170.7017700352975 398.4361414104638 0
173.6868030031549 398.7072234172067 0
203.676368744734 383.1916579852208 0
201.9494594119163 385.6412076923211 0
239.1763757562864 373.3786237169485 0
424.5487139370476 -97.12519142509628 0
252.0504999858217 364.1218389481344 0
171.4889118147944 406.3264485348403 0
368.3390805672559 226.1265990203468 0
445.3828573231065 -27.50681792370995 0
448.3684145956775 -27.2381213809814 0
399.5520649625677 163.7916441886869 0
397.8259019733556 166.2433217092196 0
401.2771271945257 161.3438608478427 0
430.8986921045101 83.23373345130011 0
385.5655872935009 152.1043594853213 0
36.75902125152292 448.5478195078061 0
203.2069923832154 388.3617663362896 0
200.2220851193268 388.0909615459786 0
205.7272394824101 393.7990405527529 0
436.9522739626738 16.03346925196571 0
433.9675285413399 15.76523069176884 0
435.2267991202139 18.48408661963253 0
399.0452847482582 119.4465550745384 0
400.7716592572442 116.9976901752489 0
441.6615245930119 13.84925192363032 0
218.586688876575 335.0284526050068 0
442.3972424202768 -27.77429435978539 0
99.3946435684785 404.9800984073423 0
446.4296476917533 61.18406777698461 0
444.7038273969027 63.63511118398249 0
85.74070304746348 406.3411307740644 0
82.75516154726867 406.0699024866879 0
290.3389017565874 323.2994784722198 0
42.69163734186769 449.3077360046231 0
313.0873006638853 304.5492430046065 0
67.36869930944657 409.8781137541743 0
64.38535957076081 409.6057279398725 0
47.43035426340666 397.6441886244593 0
298.023051332001 321.4119877471925 0
396.0331377007697 -164.6297587588859 0
437.3413632450865 -106.3601339828413 0
433.043936991985 -109.2672142436016 0
22.78761848073148 406.0022094382517 0
450.754340053178 -3.57448740327396 0
294.5637728623244 326.319551903583 0
372.0655138897885 -148.606176434846 0
370.8828823789117 -151.2094346852303 0
103.7890190288733 439.2657005869446 0
100.8036459709036 438.9939390944683 0
393.6929247385183 -71.25639752692521 0
375.5674207343744 -153.5239928607025 0
378.485013881711 -153.2673789797816 0
23.17245876336141 401.0270273220616 0
395.7258891261518 -60.63972876525591 0
397.4339456210085 -63.08242446732059 0
394.4670557026957 -63.35795307720392 0
396.1742007046501 -65.80019263889113 0
414.7989090953741 178.2149260620625 0
236.2475290468043 323.5875168273718 0
341.6055766476058 205.4836306480131 0
399.6849488236285 -21.20054236891725 0
297.8674623686513 339.5831741321785 0
299.6190681648987 337.1597014689191 0
217.6638299294831 394.8865824427606 0
409.123733648543 190.7498517704728 0
398.8419583751895 38.66224764715935 0
400.0773887039384 41.3636275551697 0
397.7174439569988 36.07204746128669 0
450.0661074443981 -29.67697387954124 0
451.3223120465562 -26.95516075109861 0
449.6237923776572 -24.51648102769339 0
436.4919233252774 -114.1707799356445 0
437.7511412166508 -111.4723035628102 0
187.1373711923637 353.0047137686042 0
244.6822718596143 379.0516447982635 0
246.4054249787473 376.6340180922762 0
247.7501699128063 379.4025896438674 0
249.3984402100435 376.9122008538567 0
397.3054101428165 -44.8626433377383 0
398.5663850506205 -42.14538549270429 0
391.6636535113133 84.89932552713049 0
390.3159955263848 82.33234167865069 0
443.8807696580396 -79.67109574811587 0
445.2579145867845 -77.00564895320431 0
276.8656010000323 355.9464194996966 0
278.4445570144931 353.3923954423327 0
68.78123282211678 394.3764835970107 0
71.76425761319616 394.678691354288 0
283.0871494585302 351.653251898198 0
286.3737636362968 351.646557520916 0
242.6300655145651 318.9874032673421 0
244.3602923674271 316.5419842810098 0
15.60665188114868 451.6093967599106 0
14.36012215678651 448.966995674454 0
12.64858065636047 451.3357374464711 0
11.40542126033059 448.6902986426717 0
9.694416188483688 451.1030650531144 0
8.463300768724695 448.4236174291792 0
10.1668725775733 446.0181233602895 0
252.5207838210589 309.4635972861381 0
410.870947950095 188.283007336153 0
45.67751110972305 449.5117404863534 0
47.39601636936658 447.1267106318885 0
365.0001315049172 163.4253573833788 0
87.15242909777642 390.8386288273907 0
90.13600389569001 391.110121956133 0
84.16921494373997 390.5670639648279 0
443.2406668378524 -87.6342034787645 0
441.9769466006579 -90.3523900533271 0
363.6300960929757 -167.5597628195443 0
432.6160403018521 130.3079892921697 0
182.9584879498266 412.5626537883385 0
184.6842795644573 410.1307143994413 0
65.7980634569828 394.1047610278053 0
355.9088212526447 180.7319952657922 0
451.1701718845134 -8.722986612303535 0
449.9507697327637 -11.46178763438663 0
424.3016850248707 155.636097719069 0
422.6278518139231 158.0744692123436 0
275.0672379339986 358.3463941303096 0
272.1414267211487 358.1180773852941 0
168.82315655621 419.1173681757846 0
164.0950162521266 421.2183310747832 0
161.1222593067473 421.0116562878596 0
159.8670387338287 418.3010839868449 0
158.1392985431627 420.7511396930423 0
388.6171500257256 -180.6984285969212 0
386.9297438661989 -178.3059177957435 0
388.1570664369623 -175.6466802456698 0
385.2367109329542 -175.9116468160254 0
386.4679456695617 -173.2511735176286 0
383.5435078741443 -173.5156865614735 0
384.7751091959342 -170.8513941153179 0
381.8515734122294 -171.1181837984997 0
380.6201976350979 -173.7821479825255 0
378.9285159058722 -171.3868726058597 0
377.700584376007 -174.048542521698 0
376.0099740604569 -171.656079037452 0
384.0116118313605 -178.5717263471228 0
386.2400332924252 -105.9443159478028 0
387.1944418982844 -103.1764043327104 0
33.49191615784792 435.3282134222759 0
285.0053759880062 281.1837350513117 0
286.836574013842 278.6933803936114 0
283.3613114084417 283.6544974840193 0
441.9055288282291 94.64993742520092 0
440.1789543465741 97.10031561528521 0
30.9041253399558 398.7992360603732 0
33.79284329452615 399.0426038187537 0
18.9835109379656 398.0059164350658 0
399.0631371933862 -182.3237740803715 0
400.3206267609387 -179.6763019299649 0
397.8276656985171 -184.9819685232913 0
385.044360355345 -108.5470743793362 0
452.7065218890517 -11.05709969410119 0
451.643185549043 -13.89318401652528 0
447.6070938176279 63.88000630523991 0
445.9498184376337 66.35128835760392 0
442.9756162555449 66.08509590820385 0
444.2361996544224 68.80571309468618 0
416.3397027080721 -175.699081536874 0
385.6842271529315 -150.0336209120145 0
386.9361993372626 -147.3234034235593 0
384.4229071341716 -152.73644706169 0
451.5056328617703 4.335585140494186 0
49.13645504015393 395.054743051866 0
397.816429584468 215.7488107529274 0
396.0415398084288 218.1653971251529 0
393.1324097055472 217.9491952902409 0
394.3399185185675 220.6336009021117 0
391.4074021288391 220.4009314156465 0
392.6563017666258 223.1144908812409 0
389.6881657530193 222.8568026639467 0
390.9380824325495 225.5710020181222 0
387.9643113680299 225.3091760666186 0
389.2236063131848 228.0301002793352 0
38.17132872781815 433.1968302318058 0
39.88651112066508 430.748460344583 0
44.58107623519773 428.6104667920209 0
47.5603677366575 428.9040590649524 0
32.43006840214347 450.8870981515264 0
29.11273339325462 450.6105858824336 0
41.31354354376556 415.2949895601669 0
378.516867351385 130.6317417207168 0
350.6038230230264 206.219365009554 0
303.2217274270581 314.0281837859457 0
7.316430883655118 445.7112401099837 0
8.948447387992012 443.3439719071919 0
5.992402249572569 443.0594104257254 0
7.608435989275571 440.6623468644228 0
10.6272541033728 440.9435828394665 0
9.382792471474206 438.2883430145949 0
354.3515555161119 214.4276282345114 0
411.3196384206129 -186.4853102301169 0
410.0635783992369 -189.1672309377951 0
407.1550289732753 -189.4435275104178 0
377.2909529510691 -155.9862093596435 0
356.5499604469063 206.8062645296665 0
425.6343913085323 158.2375846628113 0
27.48829108553417 398.5176612088561 0
27.2780216203125 421.8648020795727 0
44.26715646237498 451.9402184312105 0
216.9701752573939 337.5540317793689 0
46.01311719380099 413.1268957789284 0
47.74002912831819 410.6809740681049 0
192.832593565009 353.5440691999011 0
167.5513487838098 366.8822376386796 0
166.3120344712298 364.2016112265151 0
197.0757146822507 356.5312964511181 0
167.0806376208665 372.0544103880512 0
168.3313963088387 374.772640755643 0
199.587730033809 361.9714384069157 0
406.4993317461831 36.72857240210503 0
49.28646684609238 426.4597272317403 0
50.53757087951641 429.1940408713109 0
386.0680118613335 196.4516572605334 0
393.4393471831651 181.483005143819 0
391.7133953889051 183.9330616315365 0
317.6327264806675 271.0433306203877 0
401.5206094561519 75.37499577977931 0
398.5366860220636 75.10502958223822 0
397.277947513146 72.38657332018934 0
395.5530087421631 74.83590031244938 0
394.2941699841322 72.11756257791303 0
396.0097493537681 69.76955456987824 0
404.5041771107497 75.64440734389504 0
306.1929975768546 314.3185739999838 0
237.277743188814 344.5376766087204 0
75.05709185709287 407.9743693196579 0
77.87555125719648 426.4751315734841 0
74.88580065605365 426.2057358043647 0
404.7303094138515 156.4429276118788 0
387.7585589121562 144.48438213521 0
82.11091060859063 429.4697794976882 0
409.4384833484269 154.2719287062148 0
93.43232297563526 404.4366740917281 0
393.4037141048237 131.9602371828872 0
407.390373737125 143.6531992637561 0
90.28480170115284 422.3938267648712 0
417.1827101585434 35.1027414579611 0
415.9238545030012 32.37884672166289 0
105.8399622468195 400.3548855070035 0
102.8538562855135 400.083781141244 0
395.5960336479982 124.3425080717237 0
248.4232278083979 337.7316946404506 0
169.1198248735236 382.6599591767702 0
170.8470188919625 380.2112118296918 0
409.5831619776263 136.0341563665009 0
411.3089874976799 133.5841000791426 0
290.9616683862684 299.891636242881 0
292.6860775321327 297.4417949735155 0
295.6700860717119 297.7114933521474 0
97.98086443662771 420.4888085702723 0
113.533943611971 398.4496406907616 0
211.5260063693356 363.0525413181554 0
247.3170130343212 316.7928826403167 0
246.059946456937 314.0750597655461 0
414.7598070776936 128.6859348116329 0
121.2267000137412 396.5440603605945 0
105.6769758726034 418.583500554604 0
424.4623675499702 87.86772144102984 0
408.7468279552496 78.63318623547009 0
240.9150825242396 321.4439336025669 0
239.6191765054991 318.6978855801909 0
210.1150176931899 378.5631557274498 0
213.1002624210377 378.8335757705352 0
113.3731201293648 416.6779322733344 0
414.5376845143294 -69.3644533610269 0
413.2774751677599 -72.08297857466339 0
415.7978813700818 -66.64593771001088 0
432.4453083910072 -67.75892125428291 0
272.911290440429 316.498346093408 0
432.7075481603711 13.04535359415907 0
412.663394413032 68.56384177303107 0
436.7570907884776 -15.25605273290011 0
435.4969461256715 -17.97517874016713 0
410.0056230729431 81.35289699812196 0
137.8712870652458 395.4537091565671 0
416.9259332093769 -45.70003548422608 0
167.7162438932564 398.1652329479357 0
178.5460280408035 378.3028124104595 0
175.5614344473731 378.0320683268976 0
392.8992179630854 87.62428741337234 0
389.9110786381298 87.35645881506616 0
316.0704871702255 304.8186982789742 0
314.8136440334613 302.0999116360705 0
280.6058245259433 314.5889316615738 0
279.3459790237872 311.8698526484351 0
386.3566219046052 159.9924305428119 0
415.0014976270767 -74.53361340354914 0
412.0166812721064 -74.8003853766355 0
433.2419225622794 -59.86944324520292 0
401.5429588303127 -41.8740704817509 0
399.8192737277922 -39.424376030095 0
404.1950465951045 -54.66041272295163 0
408.8325140998274 -106.3492879639574 0
405.8490374849856 -106.6168006843624 0
404.1255989772945 -104.1669708330199 0
402.865591345692 -106.8841586374506 0
404.5890464071426 -109.3341590558287 0
401.6048342388841 -109.6005040264936 0
403.32900635266 -112.0511463432463 0
59.79986872799451 443.0777330181821 0
58.07175188439548 445.5267795403241 0
405.2960013079354 83.5342612332382 0
386.7075964723024 222.5895281622253 0
253.1335669915837 335.5530797728142 0
122.7965336572566 412.3235775581432 0
416.6271171704109 108.0069003523837 0
227.0972971510272 390.4321360641644 0
228.817209542504 388.061980190528 0
386.6395234439249 -110.984813914611 0
383.8629478300938 -111.1392123461737 0
287.2222726300295 341.2474807271267 0
290.2076055840475 341.5176490676592 0
407.7722001909194 -77.78416797977681 0
228.962371227966 369.8471124262819 0
301.3092272005839 285.2015744261497 0
304.2968046688509 285.467961299612 0
197.3890444115633 369.590152671409 0
300.2393039829254 313.7588852635805 0
252.985296821906 353.7827322012807 0
412.2424319646466 123.2453744990909 0
415.2264278444932 123.5159000279085 0
417.9265825563473 160.2526323714475 0
429.792906119324 -54.96718222715111 0
84.31638019978655 421.850180658089 0
403.9388934118608 148.5526115647549 0
279.8107190684099 306.7029205865165 0
159.6985247275864 387.0150974086641 0
156.7146788288103 386.7439466308329 0
392.649566605106 173.5897463450926 0
385.2787175356471 188.5577264878931 0
388.2635331329669 188.8272867350079 0
423.9958983612777 93.03683790313613 0
311.6616835956053 270.5074519767336 0
312.9224500946455 273.2218596427987 0
432.7777641940737 -54.69948974755769 0
232.4153874121404 364.9481839516138 0
233.6735850268153 367.66799342835 0
433.3073973436955 -10.35424984882429 0
425.8607850669637 72.35926091092054 0
145.8846746366403 406.6056770205871 0
423.2030887057325 85.14828060906012 0
133.4771759632197 410.6892523132327 0
417.4545168492531 -1.359999112377854 0
418.7142033366366 1.358571360447104 0
416.9898721599171 3.808645370480014 0
416.1947029052256 -4.078085787802697 0
419.9738940887233 4.077208876765649 0
418.2495616935024 6.52733671936452 0
430.1050321371977 75.34775474174648 0
414.7375643135586 -38.08087576866519 0
415.997697308332 -35.36162739365254 0
254.8598960908523 333.1036599969327 0
443.5980510966916 92.21631644867445 0
422.0279242108627 -102.5607967511839 0
425.0106109480957 -102.2939636688491 0
409.618501019917 185.5651900912637 0
412.606140752766 185.8083223245536 0
432.2422831650754 18.21567081637731 0
433.5023930090349 20.93532896270394 0
415.532762311705 -30.19531731358298 0
416.7927895748805 -27.47430602636739 0
172.4284984403532 395.9871194391541 0
175.4139990481698 396.2579640816398 0
449.0289839335582 -1.123357981798902 0
451.9397868539119 -0.9074598106633189 0
400.3398910116455 -112.2854412202923 0
401.9499343721619 -114.7115636523832 0
116.3574719456398 416.9495546343234 0
417.4192212077729 115.896660266483 0
400.446136477213 103.9397757057698 0
427.9135941738327 82.96533232828185 0
386.2404161684092 227.7611305029451 0
387.4995717222744 230.4822807360669 0
448.8871115894247 -50.69597017373293 0
447.2272739752382 -48.19853390459507 0
450.605283197036 -53.18703026839317 0
273.5555148348353 342.6159552366678 0
435.9611110920275 -23.14558271898466 0
398.2547941598687 111.5580243185048 0
139.7601002548367 424.2948185566962 0
138.0324190671039 426.7444838983763 0
139.2486970617058 429.4369884983539 0
136.2978206618276 429.1893786953538 0
376.8870594097896 133.1481101679462 0
378.0405100500432 135.7928303478349 0
108.6611588517845 418.8552700121322 0
276.0739953815657 348.0553613646284 0
116.5155860229207 398.7214601053917 0
100.9638975789187 420.7608266515534 0
433.8832261556145 83.50344672640603 0
255.0344709420543 364.392670486401 0
108.8218365671972 400.6267045451964 0
93.26872930588749 422.6653907535429 0
427.8673395301254 -83.80130252756375 0
429.5909738772365 -86.25458895752868 0
426.1423481723573 -81.35092816811802 0
259.2768511461575 367.3855354069091 0
409.1157188533061 141.2036294476431 0
175.7289545353029 409.3204326404268 0
85.57242334418086 424.5701316523615 0
406.9225558762536 148.8227504166843 0
425.8085305374121 -94.40767068366985 0
208.7109826132701 394.0701388642019 0
439.3875092348919 89.21244645134399 0
383.3721894479836 159.7185599516901 0
395.6318371735636 173.8648044779262 0
445.908880119881 16.83080159472544 0
448.8951055973402 17.09821639649528 0
450.1553399784052 19.81720010350427 0
374.7505570729508 171.9532004050382 0
376.0089551589452 174.6721553795561 0
374.2817845816633 177.1243092247617 0
367.3816317102713 186.9173787478409 0
368.6399808704218 189.6363529135088 0
366.912357403034 192.0889671810783 0
417.5686982255262 -172.9824526913907 0
415.9293652099666 -170.5783032265947 0
418.8197477992313 -170.2740134961457 0
417.1816464588761 -167.8736517786555 0
30.53236977727843 435.0514319797254 0
38.64005545381018 428.0476258832207 0
380.6623482372461 123.1712314966023 0
382.1531273905847 120.5258070203195 0
378.9506227214077 125.4721060905695 0
25.41045058564595 442.2638017778627 0
450.0001520044867 -48.12649418047074 0
448.4611721851262 -45.50538399773245 0
306.6630194854088 309.1439162480965 0
357.6610839517367 178.252752542459 0
300.0649219146752 332.0215448832091 0
295.8205508348377 329.0358999883137 0
444.4877458610995 81.81126922913887 0
305.9525290370843 332.5234388901714 0
307.7474048894251 330.1219304309386 0
304.2203790296037 334.7975966115428 0
448.0772491201949 -58.48913823516021 0
430.0682040429859 -109.5602013017796 0
431.3605417108113 -106.8441970864104 0
28.37083170269528 442.5507864013916 0
215.844413355634 397.2716328670795 0
212.9376262702956 397.0533976059599 0
392.7977509660954 74.61466034954472 0
391.3106345518481 71.84858554718062 0
416.4458633094278 175.7082501453952 0
415.2528158294583 173.0347323200118 0
418.1712696952772 173.2569623999486 0
451.769261841584 17.2829476936774 0
146.9972533581457 427.4573491612067 0
450.2811188044037 51.14137720656414 0
449.0101877187473 48.42629523319303 0
446.0888423424418 48.12782698770722 0
447.8124667780959 45.67746552861051 0
395.6462528478822 223.1603597154393 0
379.4795958766093 -176.3858083447549 0
405.132609119869 200.7347844443847 0
403.9570669889484 198.0740799300357 0
406.8391733969939 198.2710261742637 0
303.7488619052599 259.3763338060166 0
302.2053065798415 261.7382237672313 0
305.281785514767 256.8881722945262 0
420.0508332441923 -167.554713063872 0
418.4324908669224 -165.1662740729137 0
421.3687512475713 -164.8726175062305 0
419.7156722146455 -162.4563824990452 0
59.3395278975831 448.1268968842598 0
56.34570619594916 447.9540036415705 0
55.08767223375942 445.2506555242949 0
53.36301925880296 447.6182219250496 0
374.7726024386541 -174.1983719045801 0
373.092679483887 -171.9055340049105 0
371.4997372355341 -174.538651082495 0
370.1437422734913 -171.9948849474529 0
207.5300548392812 341.9073565838709 0
205.7237096020301 344.2991063748694 0
114.9364352163461 383.0296436937438 0
111.916026309423 383.0029981363886 0
117.9261671045482 383.2319011672893 0
99.64608839720265 386.813932956004 0
191.7638438937332 350.6569476967189 0
401.2432099857323 210.8286047573322 0
296.0414835759939 342.0726789616442 0
129.1082232100188 376.4402557004477 0
132.0499741592819 376.8030473556183 0
133.3129506187935 379.4258307721901 0
135.0500694249287 376.9998488875177 0
395.844471622033 -47.29486473969111 0
114.3527124253707 437.5468812442276 0
253.9740926210658 374.6478047946744 0
256.6093242003454 375.0353233634197 0
159.2833203471088 423.3919868012931 0
156.3930245005517 423.1884622664002 0
157.5704104806062 425.7729435899699 0
154.6720522672989 425.5423808921644 0
48.66338695403793 449.5788619581377 0
429.9025866219575 143.0239251585376 0
428.158230567464 145.4620564166921 0
425.2776606011334 145.2661501163905 0
426.5333869725412 147.9839220096445 0
447.0911229656059 69.13481122269411 0
445.474897648513 71.53582639353164 0
448.2959450637281 71.80682651732229 0
446.6564858227339 74.20366444191946 0
6.8506525568043 450.885412771663 0
220.4417762233054 332.7313011374354 0
217.8677897913212 332.3373772001582 0
452.5799023549504 7.162226702419571 0
107.2321749657959 385.0512282111221 0
104.2129371411272 384.6992861875063 0
354.3199807443823 183.1955648883368 0
355.3311310825974 185.9194705014027 0
399.2739607361023 2.369576157678336 0
400.3919307133697 4.951637039235598 0
397.710393881078 -0.2992430082659593 0
403.3374131392214 5.19049789650787 0
401.6145250507742 7.641046183477101 0
398.6060778801671 7.431481746528704 0
399.8838921842378 10.05675011630172 0
402.869572971001 10.31784509385045 0
401.3333613133263 12.60740158184769 0
172.4266596865428 359.5402846011162 0
175.5324641839962 359.8369938383565 0
169.506834474393 359.4663599053143 0
394.6002749966646 -45.04772523239067 0
454.3776550263441 -12.92233546142731 0
17.28887505731695 454.076693802539 0
230.0741122371064 390.7988195634441 0
231.6922239954274 388.2688635790508 0
230.5246003259863 385.6119076419124 0
233.5067719700824 385.8824781969998 0
444.5673723039281 -84.73513104886516 0
117.28048513832 438.3586873423803 0
260.5483686155547 369.9623107331788 0
263.4763106358707 370.1703330244565 0
425.9013866246462 153.1583337634742 0
422.0326413454686 163.1449942964265 0
374.235285756467 -138.1701318298738 0
372.8077433364948 -140.7551240114237 0
375.4752788532198 -135.6648287066382 0
122.0952185392278 435.6086915991349 0
125.3328585245304 436.3847295974052 0
126.9099172206862 433.6104811536011 0
451.2902255166798 46.08864496474372 0
449.5533504662045 43.21907947455524 0
446.5651048271985 42.95170993263037 0
448.2929985472018 40.49920151465174 0
423.4922622609661 165.8896872474773 0
398.9539521312653 -23.62220915261952 0
434.2140841724564 127.8119468487244 0
433.1068623218882 125.1290767071692 0
343.0977109354249 202.6368862460099 0
273.3391579870117 360.7959431598724 0
270.4125176507403 360.5666676796799 0
271.6850158605367 363.2976641712951 0
422.6241265171793 -162.159235145927 0
420.9748517516828 -159.7442543501238 0
423.8062453071771 -159.4100296078838 0
422.2348063276532 -157.0305363115411 0
425.3107042275379 -156.866949652054 0
423.4954806285598 -154.3154889782553 0
67.52491149620857 391.6571305831573 0
253.8300301646575 307.0377478997405 0
256.8976667924608 307.0248039821999 0
393.3635159509562 -66.13107870953628 0
185.9582176079034 412.6767975971146 0
187.6722668776454 410.3749224697665 0
21.52994395510179 452.1527657885544 0
431.5802743258435 140.7021696890875 0
6.483609727477234 438.0264858344395 0
8.16981219602911 435.6340236819632 0
11.08463572349941 435.9000074558123 0
9.857501941492426 433.2405569573929 0
12.79250444527897 433.4889113008376 0
11.54610779896925 430.8438998339865 0
8.629297955378142 430.5801010388116 0
10.31530138107109 428.1887605801287 0
13.23087523892393 428.4514048933928 0
12.00065194970128 425.7964515535273 0
9.084911494127086 425.5335934509294 0
10.7680789215198 423.1413870743198 0
14.91467434005009 426.0597113636052 0
16.15277735208357 428.7020570919024 0
7.85436371771073 422.8799676666113 0
9.53546095674173 420.4858145368315 0
12.45229418276605 420.7470476767537 0
11.21819404599752 418.0915923445819 0
8.302394066785771 417.8311630683352 0
9.983889719893492 415.4370075553526 0
7.159013703860188 415.2415064708797 0
8.764711363880206 412.7950097202539 0
5.392748600737384 412.7369370480008 0
7.445235914777517 410.1702781715561 0
4.648019616759965 409.6291383947092 0
6.416385254556382 407.4384612375378 0
9.198232985351066 407.7398500480107 0
7.963451427803889 405.083090240414 0
439.4693382573895 -114.0346092229718 0
266.8349897212584 365.3789204069752 0
181.0958572420954 414.8752425937215 0
178.1804378552337 414.7061440069475 0
397.2676409359177 41.2173696666361 0
398.380152998323 43.8321723638749 0
395.577665969965 43.67045072137348 0
396.6260040726223 46.26062086057924 0
399.6137919791281 46.53815585674946 0
398.1501400329477 48.98105589127803 0
280.0013435720291 356.1554175223083 0
396.9755182676156 -39.60252543628743 0
398.118899465426 -36.80865501518863 0
401.0817517859083 -36.67839025830969 0
399.3534771592343 -34.25597074374112 0
395.1877369975568 -37.18362717813285 0
440.3760762787602 -106.0876713834734 0
441.833912536651 -103.4172065606515 0
204.5456171552572 341.1335908711006 0
202.7565852135952 343.9562851465176 0
404.7658828247768 205.9769398409124 0
52.36214878290637 395.9503601567986 0
390.6266241949535 -71.63448232873837 0
302.5639706996126 256.7908516550535 0
396.909048867984 9.887620486516681 0
137.6142162590003 431.799421473742 0
134.5960421193344 431.4908978185222 0
394.6838698820844 -185.6450785121214 0
5.218238324541312 435.3301773686051 0
391.9080329454881 -63.95789164307968 0
5.643259533405017 417.5674430690495 0
370.793996899896 145.0356406490612 0
373.1671577209235 142.712114628141 0
369.2553195753292 148.0360905522558 0
251.2324216755759 306.7233383774771 0
451.1154435046904 40.65170254046553 0
450.0113982060575 38.03014996707913 0
447.0334336447328 37.7787942590932 0
448.7578726634086 35.32464046360019 0
408.8081514937885 -191.9173780449822 0
11.29491927695771 453.8397334994041 0
250.6499045362652 379.6318079532913 0
362.1999434716748 162.9099382330056 0
6.37149801561287 425.179769865979 0
57.77480949528695 450.8341913875783 0
201.4612784385561 341.1290669969 0
426.4089327399789 -159.6876165284001 0
361.4708581702166 168.0761947761132 0
362.8051930511941 170.8597007955116 0
359.7496700020874 170.5374894515887 0
4.605544825700745 440.483063437382 0
86.07055447076927 388.1044048157758 0
353.2896155488084 180.8354670460457 0
15.80483015733915 397.3052856825769 0
14.39290991165754 400.1346077849578 0
449.9560177562202 -60.92203043041248 0
393.9053504695429 46.14529374867698 0
234.7184674887583 388.7364776924745 0
236.3731873577136 386.0625203181751 0
413.1249239423474 -188.6278956847868 0
375.0957928126119 135.3361495510304 0
436.284619592386 125.3525038177023 0
434.8116197005354 122.6240291203868 0
309.0428655771897 332.6447395949956 0
83.08566696125342 387.904041187631 0
81.14971612963134 390.2465808135482 0
78.05858583328791 390.0331526182314 0
440.7409758303521 -111.1856183645778 0
371.0065817643517 -137.6600865046811 0
451.822746287819 35.62113837049509 0
450.4976102429674 32.87992395388923 0
447.4991291711636 32.60744055628373 0
449.2269288229982 30.15703922528148 0
452.1386524238372 30.46018692455194 0
450.8632218962381 27.74617436201797 0
405.9125791069898 -192.1170745448951 0
404.1076414349914 -189.7836113376851 0
401.1031802100304 -189.9635442593845 0
452.6700261267752 -24.29928115483983 0
451.2624812137152 -21.48420496784352 0
96.53964170271394 386.0179659142107 0
94.84098224325716 388.855756515381 0
93.14352849366072 386.399683004373 0
4.906602716100509 422.3776868777677 0
445.9940052361472 84.60361039237969 0
443.9801542042795 87.07653361824063 0
392.3344141642007 228.2140040777792 0
451.5228274946843 53.85241809651258 0
2.839808724450958 443.1863462126014 0
390.2981274864724 -183.0908497235256 0
102.0115668033543 441.4676469079759 0
98.99946937055128 441.2952111469363 0
105.2390904688894 441.9721513230827 0
97.80569460109095 438.6974179766055 0
96.04684863908972 441.1221665576772 0
145.2918824548542 430.0737340176878 0
383.2406772802545 -106.0314285095397 0
339.9544439507054 202.5074122685185 0
344.3847837689152 199.8968789065503 0
342.8461367618405 197.1811199075575 0
346.4286222636421 197.2467441459151 0
32.69369658949121 396.3818627631122 0
426.6554628701325 -154.2416506606276 0
424.7567831775937 -151.5992336425935 0
427.7905403488769 -151.5118023872873 0
425.9882035993484 -148.9286929621841 0
432.9775312360647 143.821039496066 0
188.8519806805075 413.0695454081039 0
190.6550419120155 410.6762233555735 0
189.3974414072345 407.9501577704405 0
192.4071491079341 408.3293908241312 0
191.1280749053531 405.521605772703 0
194.1139658690916 405.7961046167721 0
193.611840879056 411.1606783917934 0
195.2135192628158 408.4519520516145 0
197.0695812913413 406.0428826968019 0
419.285335855728 -174.9759145771989 0
438.0100499210253 -116.8761186206112 0
439.0321445521846 -119.2627672652737 0
429.5690901588895 147.7153329932255 0
11.67902273172117 413.0185443181148 0
346.3169624099327 202.291788988559 0
41.05561326220683 451.7832180417192 0
124.3608395734811 378.5256791643454 0
122.6371446377897 381.0300109707628 0
121.3812860440519 378.3220302670117 0
444.7775135087625 94.99489629485936 0
446.9198986699673 92.42958754271496 0
45.74465600472744 395.0086460488575 0
44.38199102382923 397.6455349653521 0
228.474273212204 325.5039641953229 0
226.6289780521692 327.8316145218448 0
230.2111624621298 323.6372984271454 0
223.5483719282001 327.8350401386418 0
224.9544775753184 330.4517836681152 0
14.15009902183779 418.3309518535655 0
449.7357630780726 61.30787192491222 0
453.4636126747118 51.2551552053153 0
453.4540403221771 19.86321700763787 0
451.4019865349705 22.47701101959169 0
283.6726051498063 278.5148559102551 0
285.5915261810906 276.0271946616701 0
288.7760532457662 276.1787410421374 0
371.4048995662574 -169.5349039571821 0
310.7466959041478 330.4017741625279 0
309.4853456562333 327.6796577810234 0
312.4075048919603 327.9047979149782 0
198.1099972490359 408.9579576822635 0
199.9251721156468 406.2270238909698 0
417.8444857549337 178.0936467384496 0
453.4095280292789 -16.368814234074 0
450.3207357078477 -16.58806692797723 0
453.9858962857507 -19.35251863199849 0
243.1132848198154 313.940405452369 0
244.5514486048552 310.9463680256029 0
247.8445041833947 311.534112462591 0
356.6516101266026 170.3995316366747 0
358.1407557305698 173.0981665347807 0
30.27275668274314 453.2807483356763 0
451.7048866067374 -45.54758793889664 0
449.7426284489962 -42.82114125953581 0
352.5227129816265 185.3527104913342 0
116.719575848563 380.2789043841643 0
377.2240991657412 -168.9812923508036 0
387.4119101399249 -183.3515828038344 0
214.1672011770446 399.7442815079659 0
360.5424838669244 165.0570855516908 0
402.436973918904 -187.2765779190439 0
399.4858474435178 -187.6089187082143 0
416.155474444376 180.9649806686246 0
64.96169347782845 391.3588582066619 0
62.82810990388977 393.5672643873878 0
59.75310903805332 392.9928925852348 0
60.99345100835453 395.9752553516917 0
57.60295444127024 395.6383132191808 0
57.02076856511238 392.2104141586303 0
383.0720123555726 -168.436229075891 0
386.0003284260168 -168.1665848103454 0
15.37251130789414 421.0110398549178 0
31.77399344085479 437.7588921489713 0
17.84076488477539 426.2918416757261 0
19.09673938619785 428.9516999459697 0
300.7208524922531 340.0329132795001 0
421.7854618376397 -170.2026030651056 0
10.85808943617422 405.2801974486034 0
9.642162521747967 402.6656980772032 0
6.984096992049484 402.2885323907998 0
8.402681840300035 400.00315634687 0
380.222616691141 -155.7050220773626 0
126.383253770396 376.1194678991692 0
387.3989751541841 -152.4693152450796 0
386.1368531531019 -155.1701499120582 0
35.54479333628436 396.6131244907465 0
37.73767799009715 393.8303251930798 0
38.53647754081603 397.0634464565758 0
40.31578778750088 395.2156032348038 0
41.45100635764863 397.48558150899 0
368.4558436989211 -169.7907750565112 0
397.8873873305805 -190.171134324834 0
338.1638359503689 204.951297083471 0
11.29653260691122 400.1963498186911 0
9.930630546544965 397.5873374466802 0
361.3888873568712 -159.9598596215372 0
362.6011947717196 -157.1810840630445 0
365.5677928413273 -156.845874785065 0
366.7728359087106 -154.0555308054907 0
368.5457545848168 -156.5403407159206 0
344.5755160202364 194.632124555875 0
347.6034048361483 194.4752530915297 0
348.7631681065114 191.7406902282889 0
350.5135983105678 193.9526078164722 0
351.7454017685349 191.4649622511065 0
349.9234973249756 189.0831532535242 0
352.8949234391642 188.6979504556234 0
17.99230539596376 395.2381796376812 0
79.41142057671892 392.752101778724 0
76.38585609340845 392.5405763848336 0
74.96673130229293 390.1698197384139 0
400.7511850403912 -184.8068878998717 0
377.6948836564916 122.724084500584 0
375.9565770215505 124.7105937873201 0
389.1003671785434 -154.9035920432268 0
360.9336193284498 -167.7688501242332 0
366.6023326655898 -167.4990654155783 0
365.7391151149769 -169.9501814017747 0
38.34278112904668 415.0199287859164 0
37.09271810618942 412.3051196194524 0
35.37036831591918 414.7517519737972 0
33.64533586775131 417.197839717074 0
32.39754355129936 414.4870591797266 0
30.68523584017699 416.9727342974753 0
29.41463416856586 414.2787908259379 0
31.11479716762926 411.8116397227712 0
28.12568906633794 411.589700215275 0
388.6767870892972 -149.7609179936006 0
389.9126239781887 -147.0430236601892 0
388.163460384942 -144.6105446389324 0
391.1414629206624 -144.3201837944799 0
389.394543362097 -141.8919118840863 0
392.3573534399717 -141.5880781927433 0
390.6198409059052 -139.1675607421267 0
393.5969313626127 -138.8754435307795 0
391.846027075384 -136.4425215914174 0
394.8340730858085 -136.1533555292671 0
393.1003205504446 -133.7108057476012 0
396.0542542921721 -133.4179926257945 0
394.3163374687855 -130.9746655142114 0
397.2929791035211 -130.69815333771 0
395.551588828117 -128.2681343572253 0
392.6548066642202 -128.5544184611416 0
398.5331697708519 -127.9772442498237 0
396.8056375451653 -125.5280604882456 0
399.7482291965102 -125.2356065695712 0
398.0131619588317 -122.7845825854937 0
400.990115756127 -122.5154075743585 0
399.2489813117459 -120.0845030290189 0
396.3813030010104 -120.3684482449047 0
402.184707669746 -119.7701703297029 0
401.5646067971888 -127.7217867560123 0
397.8452528207572 -135.8897015403807 0
449.9474047741417 74.57687152371462 0
400.5949379120624 -117.3970992523601 0
45.83617292549622 431.3382200539287 0
155.9643612182315 428.6311048404423 0
453.6445139913417 -3.343801179865264 0
384.2744888361738 -165.7249136493821 0
394.1286338034414 -144.0473038213728 0
4.500570199701733 395.4487026185701 0
6.805467952989478 397.7380100988635 0
218.9468032515703 397.7477392965754 0
29.8608348122782 409.0675977675281 0
26.9401105593315 408.8143628010782 0
25.59052604810819 394.2210248714979 0
24.7169041864866 396.89278625797 0
405.2647762605413 -119.5648498089046 0
367.2150199147287 -146.0184698863177 0
370.172356126334 -145.7606323098942 0
364.9465233621391 -151.5997689877992 0
103.0729324381917 381.8123417352672 0
101.3231981043444 384.3893525667747 0
108.7258980916421 379.8550705573309 0
323.1533977329165 227.4776926364961 0
324.3851276244092 230.1934425430085 0
322.6731697638892 232.6532627279217 0
326.1189450928229 227.7166347569104 0
325.6091138227602 232.8393274803907 0
176.0159194182608 353.8175134842621 0
312.4057937175411 242.0272014649313 0
313.4855695044754 244.7759029590198 0
311.6790076407951 247.1667335310717 0
315.3122533064672 242.3903342237095 0
314.7330884103615 247.3873597935301 0
312.9302777844698 249.8938616397363 0
309.8652022148029 249.5273749797948 0
311.1318968995721 252.2458844183203 0
308.0062177899074 251.8787414551951 0
309.5696837665871 254.6346771429871 0
312.7501877969834 254.9063693782888 0
306.8352898137584 249.092301092705 0
192.003665284272 345.4147410983425 0
288.9472525445923 269.5517613849421 0
289.6465535462528 272.8937260195962 0
291.8554962910479 270.3159720481344 0
292.816407815137 273.2871146034042 0
294.8485684355904 271.0150059815039 0
293.3116705756095 276.155948165534 0
297.9504003067419 271.7162417520977 0
296.8891302662366 268.7538940381579 0
159.614818992495 361.5213076371984 0
159.2714167715717 364.5022010774778 0
156.5325687491169 365.7041967571129 0
161.9430272782666 363.1351840452522 0
158.7442945333444 367.5423952391892 0
156.1123463630927 368.6938122181983 0
153.7751789917901 366.9112189489302 0
153.398370052475 369.829117420554 0
151.0512990137209 368.1194676032965 0
150.7047132325491 371.0676118580606 0
153.3174792154273 373.1650360225938 0
150.2293041306714 374.0127621214448 0
147.9425592458312 372.2685378821707 0
147.5255922788522 375.0981600306792 0
145.1909240349844 373.4249733908724 0
145.4886179459471 370.4078042860361 0
144.788972728926 376.2773679804282 0
142.4623220926589 374.6456733188641 0
142.0784563087584 377.495869378939 0
139.8259008524316 375.8862054240547 0
139.4956305868722 378.6719034981936 0
142.0067343640412 380.4558259086957 0
139.9745628301361 372.7208018749844 0
136.8827013134139 374.362813914407 0
151.3597070105874 365.1057811417571 0
378.8935181217698 -111.8384837336018 0
378.1461257969538 -114.7140226595639 0
380.2088757286622 -116.9089753804623 0
379.3378766987756 -119.7840812755417 0
382.2995162244475 -119.1286540047689 0
383.4206645449869 -115.9558859424936 0
385.3257055647135 -118.5331030549585 0
384.3581268662556 -121.5106798000353 0
385.1494265386074 -113.7910820899185 0
376.4047515411538 -120.4558298176152 0
378.4582698886777 -122.6798928852906 0
375.5136334034651 -123.3314108980049 0
377.5463654941419 -125.5538273880008 0
376.5724949682744 -128.3479878870519 0
379.3743252299649 -127.7061205244198 0
373.6397127828623 -129.0294478517918 0
375.2849556963673 -131.162844365287 0
372.3635380210147 -131.8312612072578 0
142.9497755029967 368.458308997122 0
388.1177378652151 -73.34776417845609 0
389.9077971254884 64.22261568357098 0
392.2200009797066 66.51731026900249 0
392.7507683291175 63.18504538751003 0
395.1407922050319 65.11416718383515 0
395.5627160851394 62.14170487639201 0
397.8650689117206 64.05950036028759 0
398.2566718944904 61.08662399540964 0
396.0191929832986 59.16475656363464 0
398.7332734098081 58.13105030176875 0
396.5188499779854 56.22183850412559 0
400.8277006399852 62.71243073091239 0
399.1917984011207 55.17249695871602 0
396.9370475410799 53.3975996287147 0
394.1883547444973 54.3240174988213 0
399.4140432032494 51.95284178692066 0
394.5427092566521 51.43912135447749 0
391.7642206109637 52.31749307082325 0
377.457931516642 117.0559153268695 0
379.5988994382959 118.8203401613569 0
381.9216562046976 117.7761216487522 0
207.7247209206837 336.6892360218928 0
276.3331063861988 282.5147084564836 0
276.9102471255454 285.4639925601904 0
274.8902338973966 287.5194730633989 0
277.5738747474072 288.3071944810147 0
275.6577164716322 290.418531573157 0
272.7668124245502 289.6052426478841 0
273.5716841044957 292.4566432504211 0
279.2217356495294 283.4695089226632 0
270.6297374201326 291.6984453602502 0
271.4079018006066 294.4785377456574 0
274.4307264866157 295.7975592352597 0
271.6499995978415 297.3914117417599 0
269.0716692454569 298.5278819120042 0
268.286970664856 301.2386218609204 0
266.2929619904189 299.2642925369458 0
267.139600254275 296.6702000092489 0
265.4310928688415 301.9769345386753 0
263.4365106170309 300.1930738241198 0
262.5981586041423 302.8430644421305 0
260.5578826862188 300.9623901589208 0
259.7129717349583 303.4717765340373 0
257.6332804941998 301.6674479158277 0
264.9372961912659 305.0320747119445 0
277.7185541093129 295.9938440329707 0
269.8609514425455 288.7675167229867 0
263.1212637994588 294.7396335939375 0
394.173901867893 28.30927283738437 0
396.6493229414781 30.00766333356518 0
396.8763723443786 27.01223613210536 0
399.7436006835765 28.65258099441582 0
399.5853138372467 25.72315954346805 0
399.2034945803342 31.68835412830958 0
397.1005394738318 24.02325041636072 0
399.8054300314962 22.73505422369499 0
402.0294287647353 24.29432461919446 0
402.4666138942242 21.46529961210156 0
400.0295584433232 19.75247632851115 0
403.3147915019109 18.40386872811058 0
400.2778406891942 16.89472590890706 0
397.5660816499583 18.06101756783936 0
397.7316145732628 15.18349506954193 0
402.5987162619112 15.29974639872875 0
394.9774413202766 16.29002687394418 0
383.0274722213135 -97.28393447157723 0
385.8383482097136 -96.39806136032701 0
386.6266544384176 -93.53686788935684 0
388.516267743792 -95.60165799989537 0
389.4396926938834 -92.7158469546346 0
387.3459640680662 -90.63026850582574 0
390.2379290521575 -89.82350471201855 0
384.9777477380926 -99.22666414261471 0
392.3389125216967 -92.1308767437021 0
393.6557138254085 -89.03054581640383 0
391.0644841282862 -86.92461761259428 0
393.7887923788831 -85.93790083464799 0
391.7252998394355 -84.02070978936814 0
388.7875356289969 -84.80488750087446 0
389.4476405565587 -81.94708246950987 0
382.3090217171836 -100.2146731034634 0
384.5984528701177 -101.9035547809131 0
382.4304351897478 99.60512761338146 0
384.5827202912593 101.7019190024397 0
383.7957646399088 104.6189938499548 0
385.3553782618761 98.7511414936366 0
386.6193837599547 103.782046078521 0
385.91827056876 106.721215662825 0
383.0203421459669 107.522286661652 0
385.128744405201 109.4944982651788 0
389.2219130687847 105.6979862847115 0
382.2785331211518 110.4153998622907 0
384.726673131656 112.5577845450126 0
381.3761377069837 113.258502178431 0
378.2866218144762 114.0982033955028 0
380.0942356420019 108.3012840700366 0
391.1374348979268 -55.96572533036409 0
391.4557579589967 -52.93354103430512 0
394.4283104003866 -51.95741496475357 0
333.2239505883035 212.4523896560382 0
334.5842000570598 215.1268874081892 0
332.981052166688 217.6445128940657 0
335.9500207101299 217.8655514270641 0
336.2344684903467 212.6588969245879 0
334.2996032542404 220.3796252508809 0
331.3000855342752 220.1863638370838 0
393.5559823043214 34.28595428470565 0
393.4035477647592 37.25227405071239 0
394.2451783120951 -26.0773644433947 0
394.6282172433556 -19.93810641236054 0
394.8371532466083 -16.9159017419665 0
397.5088064780261 -15.24339038343848 0
397.6038114633283 -12.48572932758479 0
397.7646005340223 -18.51973793385446 0
385.1878157101945 87.85120495554669 0
384.5978554936974 90.80939448640852 0
386.7589678669069 92.91738101551383 0
387.8041413605491 89.72712880184918 0
386.0824193868613 95.81854032114063 0
388.3714406626848 94.90483607760844 0
388.7221069168744 97.76365608006294 0
387.5526877267222 100.8351664126926 0
387.0799126550258 -79.66110768906525 0
386.5018556906928 -82.69393197008014 0
395.091383873301 -7.844151987881227 0
397.9813281094101 -5.985440205762028 0
397.591365066523 -9.369813195464637 0
370.7110337028578 136.9637596872844 0
369.5235593111848 139.7561506376069 0
372.633484882172 139.5164609027874 0
387.0800132170734 82.00270045521636 0
234.9698208194916 317.7008345776661 0
235.3977399609207 320.7290681749666 0
364.0349995579907 153.7809298929399 0
366.8836075173777 153.354617469047 0
365.8437644726982 156.1554567248303 0
368.7582918218011 155.2143512593179 0
368.285264160114 158.2426881744921 0
369.676900939135 161.1477877965733 0
364.7770425970024 158.8914037057557 0
366.2755074831521 148.241770187236 0
187.0874188164396 348.3812315597153 0
184.0482953168319 349.6291361331444 0
296.9596606943139 260.5377154748717 0
295.0724138726032 262.8594366729297 0
297.8208750653066 263.5093847871616 0
295.9183684691791 265.8137344686696 0
137.4264395772498 370.898929001025 0
134.4613734245077 371.8363759853623 0
49.63653343824298 392.0739171244011 0
394.1108390507302 -28.95734859707716 0
396.4525834424634 -30.5798073580803 0
396.7794094221859 -27.75343112367091 0
396.4012087757296 -33.79116799495567 0
367.4973199839249 145.4874722570962 0
372.7283133733316 131.232119274466 0
388.267504649085 73.05953848072656 0
317.8616815013638 234.8163649533781 0
319.0403917263798 237.5915258753038 0
320.8436329808986 235.1698953197211 0
322.0834715818476 237.7985710796885 0
320.2297519466791 240.3224726531581 0
328.2799000973485 220.0133552922401 0
329.5878104398989 222.7083882045024 0
327.9129917312611 225.2078741484999 0
330.8279461767033 225.4008894286479 0
394.9915335879197 1.17034996677801 0
395.2680435527432 7.233901224188488 0
194.623614816851 343.9294512925206 0
196.9471457406302 345.4573120659059 0
194.6530204447488 346.9353843391854 0
210.1903723012143 334.6726014252613 0
212.642930386432 336.1150496661369 0
385.1613068268392 -88.53980066900147 0
387.2212773419169 79.02800232370986 0
389.6978254859953 77.79033683815663 0
237.8864553713938 316.1373151918438 0
178.7073718091442 352.4758644843426 0
181.2336929234895 354.10199978211 0
178.5451611936939 355.4638450439005 0
181.0560574428902 357.0276568978725 0
183.612666813374 355.8462199346279 0
145.7953737470001 367.3632729408798 0
265.2844532733361 292.6889785804211 0
117.232412654931 377.1612555008032 0
111.4806084131237 378.8548556306253 0
319.6499187598853 232.3791489674889 0
334.8362090153124 209.9283999652315 0
337.8584118790005 210.1107908099364 0
314.2388065717043 239.6383419650173 0
278.4838290703768 280.3986462402129 0
281.4602868682381 281.2029107132021 0
281.2667247965448 285.9616675033735 0
291.0107988142524 267.3651133046955 0
324.8806842423406 224.994366316655 0
390.4071324877587 61.25342707809154 0
162.321440442282 360.1848012356752 0
293.93989764517 268.0437927540193 0
19.55906465019176 423.8359573381917 0
178.3612532742771 358.4501218524029 0
181.4271605425135 360.2601580450292 0
178.45291594764 361.5494930133041 0
180.5430817313621 363.0631936384267 0
395.0228796625016 -10.86286716514192 0
383.1835974523253 96.68030567787619 0
348.3036027289028 186.6040742883727 0
296.7830729632703 318.6636318498313 0
295.0289064095808 321.1603337785565 0
347.6088612928191 205.7668787580506 0
301.4901056877823 316.4808413390238 0
142.7104720750483 371.5173144039174 0
310.1059276985862 304.264046326284 0
317.1948941102899 239.998209093348 0
369.0577329261531 -148.5354346739491 0
373.2451284417185 -145.838296444655 0
372.4904045383697 -166.774680809575 0
454.2617181997198 -26.64739329010811 0
380.8397576044243 -113.9511196005317 0
405.4226792384197 -187.0276369365771 0
381.3890757278591 -122.0703957606498 0
389.3907337843484 -172.9845014911621 0
5.28010893583135 448.0542821609811 0
13.11880456758292 446.2884078376455 0
388.0066229323577 108.7642132028834 0
48.99091234280719 413.4046693382896 0
50.71936813008649 410.953698026464 0
51.97354626267946 413.6696719943936 0
53.70088033864833 411.2240054090126 0
54.95554761016738 413.9418807852543 0
56.68313928892942 411.4957968481904 0
393.2283878581756 -182.8432934800055 0
22.08563847208268 429.1593856759253 0
371.3268961507974 226.3864345779262 0
373.0507938390677 223.9404077769822 0
362.8785077602225 156.6058251687168 0
393.2082425061143 60.190173685284 0
382.331652666858 -176.1686404000185 0
381.098291850982 -178.8448263482095 0
382.7317920108237 -181.1491912375764 0
17.02205054055824 436.3739773738585 0
15.73014063177159 433.7304379241327 0
394.3830484574137 25.30706934573525 0
380.8857986380857 105.4026263717247 0
329.9547269257647 217.4976886604982 0
384.465130953049 -91.45103240592626 0
14.7282272153341 413.0529345274364 0
376.3665020846449 -176.8810732269638 0
369.8942148201882 192.3638704757815 0
446.0814891776895 -86.86234748895187 0
446.9521569706325 -82.65891830432869 0
384.3406123073253 198.9068585691321 0
381.3570332410421 198.6316813570937 0
57.93649762807885 414.2175765072205 0
59.66774908599061 411.7741211709127 0
370.2517919647275 -158.9346248366895 0
371.5037437995878 -156.3315367318476 0
34.10860622454253 412.0476252361409 0
17.15032056025616 418.4752869719669 0
370.8265536853359 182.0251814194527 0
406.2487646331358 -179.2162383957254 0
403.2749523598213 -179.4436595208637 0
404.5411900244556 -176.7660180182097 0
407.5032900926201 -176.514467953133 0
385.6697286279677 -180.9727584241335 0
377.2626644241718 177.4012626347903 0
65.63518332679749 412.3262746718607 0
403.0575775844557 41.63188367571274 0
407.7647964047853 39.46487810235899 0
6.803052406213383 420.1170553353211 0
13.62148858981879 441.1899052439703 0
378.1969163193589 167.060536707013 0
411.2147647014572 34.56170472273335 0
379.9238954330041 164.6109969947514 0
381.4536299818155 -152.9962393865785 0
378.3833594794596 -166.2427886230855 0
7.484937583273034 427.8862986263371 0
5.346448961306331 430.3732573659468 0
6.93890793096103 432.9672705896503 0
73.32699005470647 410.4226511961338 0
399.0827281332382 168.9653528096447 0
28.98240088719843 419.4366633763723 0
400.8097736425291 166.515033778844 0
53.2255536967961 416.3966387326768 0
218.1336949167969 340.209908828924 0
81.02514885326057 408.5176070739843 0
84.00978398518063 408.7899330227734 0
396.5115008041947 33.34800089404268 0
303.827866163923 290.6382645793564 0
302.1035970993823 293.0860063330913 0
399.8800724825725 -107.1472847034655 0
391.2105582178003 139.5816764615898 0
408.1810806268333 151.5446667566205 0
91.70188915299447 406.885011933291 0
83.84210214053016 427.0195852568169 0
401.0264779295273 -18.49618885301146 0
403.9282164149733 -18.21457060131469 0
228.3221122443811 343.7300434912159 0
404.9209669872511 -96.27724125426923 0
406.1802138542697 -93.55792214762104 0
164.7218520796048 366.7034266199972 0
194.785375503135 351.2102896799984 0
234.2933342951837 344.2681623127343 0
394.6613647861219 134.6818466113193 0
170.0620891882856 372.323260966588 0
171.3158628305236 375.043422372843 0
410.3737145498686 143.9253816682505 0
35.83291306533884 409.5979758739818 0
38.81228831222256 409.8647468710134 0
91.53904059061014 425.1145094870731 0
289.6985859423452 297.1739716558372 0
202.5731584423527 362.2412848984657 0
203.8309346338835 364.9607664342498 0
206.8164151728144 365.2306499049198 0
413.3444224383125 -22.57140677728334 0
396.8537527032214 127.0636037598266 0
40.66062389015093 438.7165974299373 0
39.41424435931802 435.9632116118431 0
41.13395620039316 433.4961303459654 0
287.5080159999121 304.7917988171138 0
148.2576014671677 369.2224945378159 0
408.6999947703998 -88.12222482278678 0
409.9602821226432 -85.4047427562632 0
26.47152363279144 414.0227133089526 0
42.56052963386394 418.0302541063581 0
396.8164401535569 77.55824157542813 0
397.787206456311 116.7284938771264 0
399.513420293444 114.2771031873545 0
173.8327344907954 380.4816547760471 0
52.10345296069035 444.9607321597069 0
29.29536531413006 432.349386552141 0
215.1350572142628 339.9255055460549 0
47.0816566317804 434.1006823876378 0
402.7783579874298 78.09609355839888 0
405.7975430683642 -174.0741538879805 0
384.7448916053586 -139.7420770442282 0
394.9304266983779 -68.52489665829673 0
431.1848826146929 -70.47752948163625 0
51.19484474180771 405.7961563048237 0
404.9609128216391 -114.4898374506147 0
399.8865449234313 -174.5789428471726 0
47.25875621927869 415.8655496407893 0
53.04570691453164 434.6455680566852 0
54.77151518928632 432.1974861154536 0
57.75607206969114 432.4674969478181 0
59.48332384836463 430.0185788247665 0
62.46856218354765 430.2893481315501 0
61.2126160701045 427.5674671136763 0
64.19510578177676 427.8405355101049 0
62.943088704863 425.1175611819419 0
58.23120082241638 427.2944949140927 0
65.92631229068556 425.3906972769441 0
67.18167450807091 428.1123395962886 0
56.49882678968478 429.7477024456981 0
397.8978454151205 -68.2514475261068 0
387.2463025129866 -134.3160399614685 0
411.5533805284771 -69.63220295992592 0
219.3686721268949 342.9194638230827 0
55.24942647553721 427.020083923169 0
130.6472643284384 392.1906878899293 0
415.0688223262162 -25.02282642473442 0
418.0531573928637 -24.7537410405146 0
225.3359368272943 343.4612741442275 0
271.1850308475687 318.9479478017799 0
272.4422547156053 321.6682325268034 0
235.5502250690205 346.988338399886 0
238.5344800555552 347.2585465730266 0
400.4135443204431 -62.81279899412679 0
231.3078582917728 343.9990128074731 0
348.8981561288735 208.7105590358833 0
45.74869757774074 400.174671020903 0
434.9661698706598 -62.32144889940442 0
397.2866215530044 21.0369821130299 0
177.2880289741411 375.5835825815012 0
388.0741045850453 -87.72240151152721 0
51.79053244798585 431.9255916410517 0
409.2130800680381 73.46385970635355 0
136.614689381214 392.7340229669659 0
239.2042926418898 323.8927237070688 0
419.7773169490001 -27.2046451700915 0
233.8209486336667 349.4400013687206 0
403.6617201152695 -98.99841184262428 0
406.9118393424272 -17.93848773712267 0
47.86740930308156 441.9820525937423 0
249.6794824198318 340.4536021890388 0
203.989501086896 346.7280795332908 0
227.9670632450934 330.6552687136041 0
387.2913140022259 149.6545887056176 0
384.3067441278492 149.3853859781713 0
418.982022353677 -35.0937667370781 0
410.3600941290997 -22.84401782644139 0
254.3911223722053 338.2732626257331 0
256.2635050456213 317.5989025606804 0
256.1177227976543 335.8235811951095 0
402.4970319577588 114.5474626884752 0
119.790653153342 380.8243688884992 0
390.2752640978507 149.924276360379 0
63.72616001750552 433.0097933472799 0
391.1323470045277 90.02306686146909 0
413.7409218593641 -77.25152474239439 0
91.77483374089769 388.820501139863 0
181.5302830601512 378.5737184671675 0
418.6503262886161 -48.15059425046506 0
317.7968993650995 302.368582130817 0
316.5380368077548 299.6486102858554 0
313.5526066637862 299.3783938348664 0
315.2788354904192 296.9283546618843 0
318.2662708123172 297.1989578524275 0
282.3309245416779 312.1395898538548 0
56.81560415339521 442.8043132614428 0
27.44652524782275 403.6754405491518 0
214.5104549628811 363.3231887421473 0
188.1391760285126 405.236391768581 0
401.7046846638366 106.6584802490061 0
157.9720309051787 389.4635046159052 0
154.9881449243925 389.1922888829479 0
8.225649275505878 453.6536143184221 0
205.0895979268132 367.6798360980727 0
202.1029342542205 367.410569933117 0
375.7972505542576 138.2719842134934 0
376.718353057442 127.7433794687625 0
56.9815437520211 424.5695567955734 0
412.9454007751858 -85.14031916242277 0
421.6983235006911 1.627683328744829 0
405.7625605091558 78.36380844570644 0
407.0213647624469 81.08376945249731 0
162.6828556447057 387.285841237982 0
384.6308767206295 162.4391541286098 0
413.0132059404033 -35.63054700792726 0
402.9994842746677 -7.869776314160401 0
421.2332927144176 6.796414314200931 0
419.509067492429 9.246280693869421 0
416.5250209132619 8.977737374211038 0
417.7847267696589 11.6964660511686 0
167.3936033728488 385.1081271946478 0
413.4773037044807 -40.80082098392509 0
102.3776977476952 405.2532590428233 0
101.1247064644873 402.5315216597907 0
125.3100166640378 417.7648039933568 0
110.2282136018606 385.1731795268249 0
254.2432988494895 356.5030222027593 0
193.93699928153 374.4880481714052 0
411.815861005037 -106.0815485880354 0
198.332941871065 359.2506573428277 0
195.3478208196275 358.9807729088876 0
422.5964839308313 108.5465197663802 0
102.5526406704895 387.0712092159725 0
36.45432821581299 435.6270125842551 0
198.9654055343777 385.369434907874 0
197.2382147160879 387.81836603435 0
418.3183150809006 -61.20864003093791 0
409.1645676927804 -93.29463798275228 0
268.9903004394029 326.5668941744055 0
402.3378576254414 -33.98293896296097 0
400.7834004348288 -31.61547177085908 0
220.9460561800212 358.6967105006648 0
420.7683320749193 11.96557828036255 0
419.0441296530685 14.4153381718403 0
416.0600888872227 14.14657289476802 0
417.3197688567264 16.86542475431325 0
68.43901521105383 430.8328008339246 0
70.16741095918113 428.3841989996866 0
73.15514822575412 428.6550375678529 0
71.89816738121522 425.9345042866451 0
74.4122890344959 431.3756290379811 0
359.5341510850641 207.0758589245034 0
358.2755525383561 204.3569527385761 0
417.0580589102825 -63.92723741964735 0
413.6657930567369 -144.8530450567826 0
411.9453033001874 -142.405222079461 0
410.6858686982428 -145.1183619399846 0
413.2049124646197 -139.6908572933687 0
410.2287553555255 -139.9624455340284 0
411.4897617767566 -137.2502672370823 0
408.9759281039854 -142.6947138727849 0
407.7105218406364 -145.4016826685227 0
409.4277438361592 -147.8334602220331 0
406.4588566111518 -148.0933292430556 0
404.7588532669323 -145.6769004712413 0
408.1679547399234 -150.5412379782093 0
405.2101443000902 -150.8072914441881 0
406.9141176677848 -153.250716868463 0
403.9497849477061 -153.5253108825148 0
405.6565151563856 -155.9593077137737 0
402.6872886786083 -156.2274622246779 0
404.399286688415 -158.6639770116972 0
401.4325243591261 -158.9313092755748 0
403.1437924906816 -161.3672414014497 0
400.1981020260945 -161.6550376544726 0
404.8523591328117 -163.8093773734389 0
407.3761722373277 -158.4020175964237 0
401.9040262557027 -164.0799444371589 0
409.8887530621123 -152.9867567492605 0
412.4066913581133 -147.5659683535951 0
416.1856323385184 -139.4240971020877 0
136.7029238447699 379.741232822331 0
410.8888780975782 -95.7453236143967 0
172.1050819067859 382.9305782360984 0
394.5778624262701 -81.57261930346901 0
397.3488128774114 -112.5345695403534 0
370.7214133913467 150.7698543966441 0
253.2796661629589 317.3286802667837 0
250.2958868165274 317.057792383797 0
257.5214569649911 320.318071388952 0
411.6192154236734 -20.12158409971013 0
420.303262142002 17.13468747879795 0
418.5790938847092 19.58434843413198 0
415.595051394821 19.31543117322762 0
416.8547150766945 22.03436341828274 0
422.4896592875987 -125.8395435354204 0
420.7670944159962 -123.3885418334528 0
422.0288463030685 -120.671095746179 0
419.5055625721266 -126.1059843255416 0
419.0590359428539 -120.9442510579217 0
420.3101059676203 -118.2368707444722 0
423.291073225965 -117.956509093336 0
421.5956987353323 -115.5370922272413 0
417.3495008567818 -118.5316663951582 0
421.2281332540605 -128.5571022628379 0
418.2446235154933 -128.8236146879558 0
416.9837501010343 -131.5406217480665 0
415.2755380336542 -129.0968834685473 0
414.0183446448963 -131.8201170451499 0
416.5318101887299 -126.3857172897451 0
413.5972895925153 -126.6877673756288 0
417.8090724347858 -123.6766513501675 0
415.7264597220703 -134.2595848690605 0
412.7563686235504 -134.5418916130387 0
424.563336600917 -115.2540410227494 0
418.7065802677172 -133.9913717531341 0
428.8016565949539 -112.2705798404265 0
425.8303212163747 -112.5640727786811 0
223.6099784017289 345.9083288244113 0
229.2493009840427 333.3833436331786 0
399.2619671294436 200.2663858767568 0
429.9663572799382 93.57393250946789 0
200.3743527078233 369.8604845012904 0
431.3151670986415 -88.70908587237892 0
252.6643939733371 340.7232103315424 0
205.2400049445686 349.4541857681184 0
232.2446392444023 333.6596474001469 0
433.3724905867016 -78.10286866180283 0
430.3871776278717 -78.3693096640315 0
201.1641144622947 346.566361521607 0
199.4992151765788 349.0725588679211 0
249.8278254931058 322.2269455284977 0
281.2134759319936 291.1996637418214 0
396.895883386607 -107.4115775716566 0
401.1427023100949 -104.4315201746626 0
342.3681677972486 213.341221886136 0
339.3087942334296 212.9941465307944 0
103.6337565922304 407.9737043012957 0
120.9334262902473 383.4988089400345 0
393.2595395629529 150.1938711690998 0
364.2443435892235 204.8957030330506 0
362.9867070337478 202.1760951113323 0
364.7118427990193 199.7269569011045 0
361.728443242217 199.4547455005956 0
363.4568979638743 196.995103035545 0
366.4392831616388 197.2709364198478 0
361.260905921136 204.6257590106643 0
103.798826268197 389.7551557551386 0
355.1474376616922 222.3125067513564 0
352.1630964327429 222.0437942940916 0
350.4373547099838 224.4922831514804 0
349.1765178006441 221.7748910667056 0
347.4509095442504 224.2242890301263 0
348.7108479874025 226.943264207361 0
353.8889139381739 219.5943702677374 0
355.6141055853514 217.1442615851675 0
352.6280747964403 216.8756664790164 0
379.9482422457448 214.1593124161604 0
376.9632533474588 213.8894623029411 0
375.2357651125537 216.332893169679 0
373.9769692999818 213.6119149973169 0
375.7050045547925 211.1682345500985 0
372.7216851615625 210.8899224294668 0
376.4941727100613 219.0511141521061 0
370.8492163787692 231.580154877603 0
367.8637505926802 231.310762421961 0
366.1372894211791 233.7609123940121 0
364.8787207453225 231.0409053531518 0
363.1534130389639 233.4903934825995 0
361.8949772828113 230.767913828762 0
364.4111229955977 236.2107260602419 0
361.4273080990956 235.9401886458726 0
366.6049829863498 228.590970736311 0
362.6846941109985 238.6607312995717 0
359.7008110795683 238.3918845013916 0
358.4413952207419 235.6706507678311 0
426.1878466966131 85.41671685753904 0
362.2166971650274 243.8318867335761 0
359.2316927816224 243.5619942632137 0
357.5053703639128 246.0120356703337 0
356.2477987876438 243.2927224438967 0
354.5216754706362 245.742738203388 0
357.9745020327704 240.8427244796532 0
354.9882719363402 240.5721116380511 0
355.7792033644251 248.4623261777863 0
352.7953556860692 248.1932860756336 0
351.5357628547428 245.471854424581 0
430.517045648014 20.66551147955188 0
431.7772047768256 23.38555413959088 0
434.761739303223 23.65420047935206 0
433.0373026779776 26.10542061865121 0
430.0518282662201 25.83537587141863 0
431.3120183321035 28.55553916510223 0
434.2965937668416 28.82436042995058 0
432.5722459439203 31.27564794080402 0
429.5865426989161 31.00525211934412 0
430.8467648214029 33.72553879528434 0
433.831375824808 33.99453764953292 0
432.1070704074154 36.44580702107518 0
429.1219311949861 36.17667624068704 0
430.3815426152305 38.8957770099119 0
433.3660824962911 39.16473520098081 0
431.6416571870566 41.6158612255345 0
428.6565697880776 41.34666886075518 0
429.9160945289209 44.06575393550785 0
432.900650944832 44.33486648874931 0
431.1761366470905 46.78590491466969 0
428.1911102216405 46.5166341080631 0
429.450550625357 49.23572145089671 0
432.4361343981776 49.50543215254472 0
430.7109047805271 51.95610555233781 0
427.7255701959494 51.68660771971395 0
428.9833979331825 54.40389686651517 0
407.5723247269642 -109.0666168467317 0
355.3111189409854 253.6327338707657 0
352.3261195923977 253.3628200952772 0
350.599794062213 255.8128539589847 0
349.3423543102526 253.0936325327119 0
347.6162455743834 255.5436592937248 0
351.0690942335114 250.6437564905562 0
348.0827074538712 250.3729314195719 0
348.8736254178125 258.2631789526731 0
345.8898914625073 257.9942475131606 0
344.6377004866679 255.2621854171681 0
348.405461246575 263.4336291076735 0
345.4204501985707 263.1637332403278 0
343.6941562369 265.6137836110351 0
342.4368060050593 262.8946824020189 0
340.7107609156548 265.3447698222849 0
344.163611678142 260.4447838029362 0
341.1852305969217 260.1623580607674 0
341.9680784126048 268.0639904381395 0
338.983323915759 267.7938335317236 0
337.7245156028771 265.0737224593105 0
335.9983083881842 267.5235546695483 0
337.2578702419961 270.2451033111364 0
347.1471582858128 260.7136787712508 0
434.4325188398569 10.59444472830998 0
433.1725843480099 7.874574699251192 0
434.8977252646872 5.423879937621493 0
165.9895321912563 400.6143916306223 0
163.0044077635921 400.3434327324476 0
161.2773895557012 402.7927389127281 0
61.52806554195337 440.6286566923501 0
119.0257110544889 404.1627878726429 0
389.6627746832406 -110.6717542371368 0
399.7010223613973 -26.3573787581469 0
111.3299880146519 406.0683865116491 0
69.86760656829426 415.3207226737102 0
111.4895731552242 387.8511112394916 0
407.673408530355 107.198884842375 0
261.4409685849311 310.2518623571463 0
260.1131382002541 307.7088169945679 0
184.1960112058911 365.7877231168426 0
118.8694831679906 422.3914569025059 0
421.9665135056745 -34.82520370128022 0
399.5535181397737 -2.981051534963576 0
404.1447059229101 62.7011150125997 0
404.5253882143546 -41.60503207948187 0
325.9617055359383 295.2869185058024 0
324.7030108865597 292.5666916794439 0
326.429328581706 290.1164939368086 0
323.4460300722903 289.8477407280494 0
321.7199117658803 292.2979657826136 0
325.1725166063167 287.3978246975751 0
328.1558616037515 287.6665953365715 0
326.8988132657722 284.9478202035185 0
322.1946626721037 287.1154495347596 0
329.8822400357249 285.2164992707156 0
328.6233844040538 282.4966392101256 0
325.6381329938994 282.2264868198953 0
327.3642591900499 279.7765154527164 0
330.3515238432497 280.0467842490169 0
322.5085525481721 300.1876549408438 0
321.2500281101492 297.4672310150578 0
406.2970496965501 -111.7818498126778 0
419.8388751846709 22.30352320462742 0
418.113855600497 24.75435125339814 0
415.1299023436589 24.48443151194834 0
416.3895248344753 27.20336345098641 0
95.93820501081598 409.8790993986771 0
111.1713813567327 424.2978833364696 0
423.3888385126677 116.4374156487796 0
386.0815820447945 115.5588301964634 0
418.4419860898245 37.82103374450417 0
416.7255129809869 -76.98428112323283 0
303.2964878937558 264.5578993844128 0
401.5634373283425 124.8867354756466 0
156.4917305086689 373.6260954783783 0
103.4736251138652 426.2037060728281 0
322.976884147486 295.0170828870863 0
319.9938468240389 294.7487340066476 0
318.7423090524942 292.0156686655361 0
83.69649567065828 395.7348618872311 0
353.098615248807 211.7049243343762 0
230.3675120732923 354.3392279229816 0
383.1952466880904 128.4307483437196 0
403.6322315142588 -31.28432350777403 0
77.56230757590183 413.4174849070902 0
399.370976852174 132.5056750623631 0
422.2978416522127 -21.7666450488583 0
419.936965240161 121.3377324357905 0
168.0136019856641 361.925671640799 0
422.6285317032394 -8.708670378407584 0
419.6440278736263 -8.976907723234653 0
383.8402379455782 154.5517809918538 0
250.81033058367 311.90167812624 0
415.665760230115 -48.41918350838223 0
360.6260758168547 178.50332358343 0
215.4896274465835 334.7561515320815 0
126.7213279575941 402.2570151539033 0
125.4651038277113 399.5364033022718 0
393.7368096130058 -57.73820049811015 0
209.2121962845453 339.4514460246592 0
398.1471132303705 179.3126515666506 0
376.7932755384804 182.5780191805977 0
375.5357803344963 179.8551792172831 0
284.6646827956106 286.3016276010892 0
65.31377188286753 399.2591290428658 0
289.2361835295924 302.3408536865327 0
288.76767929284 307.5105689580334 0
369.4225792199319 197.5452669566842 0
368.1654677692233 194.8215427022547 0
363.6201434712186 228.3210830772698 0
390.7748437011508 194.2835163567891 0
275.426803766289 321.9379932901557 0
383.8688357214046 204.0878435597018 0
382.1422957068408 206.5386329520166 0
380.8845795490944 203.8145080399218 0
379.1575851362036 206.268074721613 0
377.9010688104019 203.5399830501609 0
376.1737728223346 205.9950922839347 0
377.4320509913055 208.7177257814902 0
382.6108879614251 201.3648838826444 0
205.4033359321443 380.7418230886856 0
364.0744929096045 173.5922109602564 0
356.5253924209886 188.6759325452019 0
384.164155466898 167.6105338138635 0
316.3340230880016 250.0729766941517 0
317.8440820907975 247.5474932284524 0
298.190254605883 303.1498883453535 0
299.9162858771894 300.7001629900651 0
298.6540558734978 297.9812718087903 0
258.954472096293 354.3243406550703 0
232.9937093724433 322.8434449888912 0
389.4841179784761 142.0347299394153 0
394.1940410998614 139.8532133697091 0
88.87913202294253 388.3908223513016 0
417.2769999442222 134.1301618397059 0
416.0179426937369 131.409736824551 0
396.6450334111265 -70.97334085204736 0
301.0056028964403 321.6834113350706 0
394.2265488833849 189.3868406570837 0
395.953133146618 186.9359266137826 0
392.9671998835759 186.6670846393465 0
346.5177888227982 234.5604416052504 0
345.2595150229585 231.8410601406661 0
343.533506981168 234.2914735941975 0
342.2754097039682 231.5711814721156 0
343.9987785017133 229.1237471586981 0
344.7918212965108 237.0100893274149 0
341.8075776530072 236.7410838448304 0
340.08181211756 239.1895060528468 0
338.8213085405528 236.4717358840321 0
337.0956383426398 238.9210652944355 0
338.3551284206527 241.6398707137003 0
349.9695344432623 229.6615009674937 0
341.3397847634042 241.9089998433116 0
339.6135733978958 244.3579482188165 0
336.6293212137618 244.0891865848777 0
334.9038001979894 246.5377645630272 0
333.6432088666479 243.8197606573383 0
331.9197322599823 246.2674026337272 0
333.1773460059263 248.987839258421 0
336.1618532174197 249.2573445742591 0
334.4353755708379 251.7063479302298 0
331.451190812631 251.4374965313068 0
329.725824851435 253.8862850250396 0
328.4643781252761 251.1687672910146 0
326.7379312423691 253.6195124567039 0
327.9987891156946 256.3369364112016 0
330.9838553903672 256.6060232181663 0
329.2574767807071 259.0549610908644 0
326.2732555465476 258.7854214367628 0
324.5479358043243 261.2343048336244 0
323.2866634272649 258.5170821386902 0
321.5540048010363 260.9713823769022 0
322.8169309536343 263.6873270328845 0
325.806736784244 263.9551413217149 0
324.0795288633988 266.4036334890853 0
321.0859870911451 266.1409950406349 0
346.9847631751018 229.3931526615445 0
57.15969943824901 406.3399883085945 0
437.3552877699463 -38.65253116252077 0
435.6305081222669 -36.20146259359198 0
436.890787735747 -33.48250734014525 0
410.3320889810552 94.4101062438605 0
408.606619052157 96.86011278378129 0
174.3017226226165 375.3135191214193 0
407.2450712251412 161.8933631529628 0
405.985717383857 159.1738230459256 0
388.4322092073299 220.1376851419178 0
235.0787687889523 352.1601512245562 0
375.9323154593282 143.3624624830614 0
338.9454291232147 218.2681285626854 0
401.5992102461632 174.4145999051354 0
397.2564115010891 -50.15154866088047 0
378.6898631682257 211.4387498996982 0
202.4187011086148 380.4709710560378 0
403.8969220761538 99.04094366723288 0
400.9128229385931 98.77162602706696 0
405.6221723708786 96.59117531015723 0
339.773331696307 275.6847988213551 0
336.7883011689607 275.4148347843112 0
335.0620133596716 277.8649055922176 0
333.8034005197006 275.1448895486049 0
332.0786758417439 277.5963379741123 0
330.8185486299589 274.8749149432318 0
332.5447375441861 272.4250300136664 0
333.3357860390336 280.3158028879216 0
338.5146069088162 272.9647640021894 0
341.4998728419594 273.2344246820608 0
335.5314498501317 272.6957906078443 0
334.5939288196509 283.0356445173223 0
405.9176995907961 -57.11032964776556 0
313.7247085108108 281.1024846687098 0
310.7404787477194 280.8326786232142 0
309.014612393382 283.2821660144236 0
307.7562812771747 280.5627967208265 0
309.4778818863032 278.1140236924837 0
306.4940896897867 277.8453855121805 0
306.0272512908273 283.0149676589736 0
307.284756335075 285.7346369875797 0
315.4502322899753 278.6537319205543 0
304.7654072828696 280.2990511214114 0
369.5936563015617 228.8535681178899 0
308.5438747467339 288.453296262139 0
291.1424870148617 281.6412002152917 0
88.24372025021775 411.7829245493477 0
393.2253477225707 69.46667112122512 0
360.9585870166459 241.1117764908585 0
320.6273130085222 271.305126051117 0
354.0527767700744 250.9127765743297 0
399.4218058879997 -101.9790753842654 0
95.77661393688589 428.1084948446306 0
307.4461859563852 317.0549894493203 0
415.0836389596769 141.7495146880578 0
312.4633570541644 278.3842834538032 0
217.3432091545773 381.8248486438686 0
216.0851838236544 379.1043557361064 0
217.8122795146297 376.6545750712303 0
214.8278385351675 376.3836879876338 0
243.3921270669862 326.8548225632319 0
180.2730445671325 375.8541201330763 0
184.5146783896252 378.8445867652722 0
421.0377143233411 -24.48555952504421 0
425.5815442195319 108.8162545606288 0
274.0240796609945 337.4460201087743 0
434.9533421634738 54.93923215652379 0
383.4009562344806 209.2588239688846 0
246.2272782385504 345.3518056679963 0
243.2430059461817 345.081373588964 0
409.8655898812046 99.57949788157019 0
397.5434747524649 -81.3537352173058 0
119.1877699207263 385.9413065483309 0
391.1305524378275 -76.6727366813121 0
381.9702543535473 175.2269204624145 0
126.5669727825962 420.4856954071338 0
405.3859301384585 -101.4493599236668 0
309.5720518299967 259.937687842113 0
420.3746846261862 -50.60139255838034 0
272.2972085547675 339.8957251746413 0
269.3126671501465 339.6252646179873 0
441.1367505216782 -30.49425400652946 0
439.4112618580939 -28.04439193325688 0
419.5785890488576 -58.48997512396272 0
405.9832986683185 -7.601349698879997 0
412.5238282109331 86.79102639179405 0
411.2646152650589 84.07193508437453 0
439.8762337812284 -33.21402906585612 0
374.5996092787737 190.1939870223931 0
179.6533389030882 399.2501434827905 0
214.3578416474132 381.5542279717769 0
358.599131973507 217.4135534630879 0
394.0436393152662 77.24862985808585 0
398.0755637022201 80.27935361083911 0
139.1285093287145 398.1737218845499 0
140.8556248170882 395.7250160595488 0
196.7717853287892 392.986800757085 0
421.3686534771592 -11.42752882811333 0
418.3841775915284 -11.69577612303305 0
416.6596111757495 -9.24560766101267 0
421.0979141000535 25.02456406890764 0
202.7414732383126 393.5282379258827 0
260.8277779402481 333.645026662071 0
415.1816495242662 74.00229765212748 0
413.9225271176625 71.28315636892296 0
70.56032750656254 391.9856213765472 0
262.4078360611229 349.4243164818812 0
399.0190959869879 69.97161587485579 0
397.6393892650204 67.04661836088991 0
258.3114616871875 328.2057832060279 0
151.5354420727041 394.0899719917667 0
209.9484114758896 347.2774171753946 0
413.4068028333923 26.93359172451878 0
414.6649000021214 29.6539528521371 0
417.6485040385905 29.92557682912203 0
412.9397683409454 32.10733228513193 0
223.9304253744114 358.9673103582709 0
219.6886815626639 355.9766378213127 0
148.3984869028062 412.046955297552 0
417.8390349668208 61.21338212346565 0
416.5797020964091 58.49432595104231 0
413.5952335687205 58.22565477771882 0
415.3202360837349 55.77540808454137 0
412.3358289285778 55.50702227509937 0
414.0605999212865 53.05695089874016 0
417.0450825336843 53.3252310971463 0
415.7856514224048 50.60643525891236 0
385.4210175145861 120.8641105528241 0
423.093271208421 -13.8782293198814 0
91.39256464268209 393.8295866357019 0
422.4308881071213 -39.99449178887212 0
406.7782974342245 0.2850665223593702 0
394.1674323748876 90.34119274640844 0
434.8344098965663 -44.09162489769287 0
144.9428014758001 416.9462290027193 0
141.9580743451519 416.674713473012 0
140.2309213110335 419.1236637843249 0
143.6858113795612 414.2251565916817 0
407.1777538808236 -54.39217632189796 0
439.2772583642792 -9.818600263915471 0
242.1453188788631 324.1422350242528 0
415.3338432731778 -61.47609823148617 0
414.0735831519765 -64.19456588158675 0
418.7702573704888 50.87485319163849 0
417.5109463031973 48.15611000531408 0
419.2361747177772 45.70575374290333 0
417.9764602662389 42.98745623153119 0
141.4880877143285 421.8450116382974 0
64.0559361187163 396.4963351773237 0
59.36845777865335 398.6465056688066 0
406.3147815545154 5.454110337027739 0
236.1913517033973 373.1080623260403 0
237.9174550032967 370.658224102673 0
187.6489327449006 360.8905498880527 0
184.6702905726607 360.5756356976717 0
257.6962384244691 351.6038787425837 0
73.01982475725507 397.3857710680255 0
405.852126977537 10.58424734635524 0
418.7823522779138 -66.37808910243382 0
192.2103860821569 376.9371293039966 0
192.6791220856765 371.768315196812 0
175.2448817399994 364.9754031446448 0
133.3224676464852 428.8951555834257 0
131.5963840365677 431.3406520855623 0
132.8138232824727 433.7562537280702 0
162.535166563935 405.5131815927047 0
395.8091777304812 205.1674466291773 0
331.1409597067292 287.9362336173346 0
63.12937690064177 406.8860237906188 0
437.8828384433866 5.692617753632321 0
175.0918882868402 383.2008876535716 0
418.3048739612884 56.04403073759099 0
365.6695577119443 238.9311133710474 0
128.4489813278311 399.8080787457782 0
413.8715635036618 21.76478370692515 0
283.590313014303 314.8588183068583 0
286.4314533578641 333.3566254112039 0
310.8908431450453 312.1692254037687 0
123.8981329116604 383.7603374404041 0
176.1986476875467 404.1495363983211 0
414.5266226053577 47.88752095580759 0
240.4191091991942 326.5902847918267 0
420.1675930466969 35.36697197565129 0
415.6478099393442 68.83289837326696 0
429.2563348627412 -99.3171596342298 0
441.1972764975422 19.01415473104609 0
143.8400557222477 395.9962609972681 0
408.1716237812626 -15.22023151923887 0
217.6421562859705 345.3691010720584 0
412.9901303365622 81.62173582571613 0
422.7621758754867 -26.9364447402387 0
414.6692301904298 -87.5906524631568 0
212.7828471341139 365.7729445891339 0
351.6954752308626 227.211956801699 0
358.7639853594283 248.7323144233805 0
351.858387110201 258.5331238545437 0
203.3602202339177 370.1305415226288 0
420.6331142108285 30.19688437543713 0
174.1550466279253 393.5380579685548 0
177.1399181824624 393.8087053008109 0
267.2643737857954 329.0164230862317 0
242.1610423775441 373.6493049948692 0
331.6081378468913 282.7661775757124 0
96.10209472828399 391.6401561564606 0
403.9927212475828 -85.93761641468785 0
407.3477420839786 94.14088538052994 0
395.5055657294859 -91.90840414880691 0
434.3700727270787 -38.92091247060416 0
432.6453078162002 -36.46997118600545 0
319.0555870081527 305.0884644365565 0
258.3953697035885 309.9715245278614 0
243.5640203085402 358.1407159780268 0
168.8074077598557 369.6029537483337 0
404.6891481055504 106.9290343502104 0
381.0065514386006 136.050166416632 0
414.336647837077 16.59711605692186 0
446.2391175150153 29.88810827695008 0
412.8135510144644 -66.91302392792146 0
248.5707134673056 319.5084382702938 0
373.6084282867553 151.0808490521211 0
436.4026518372434 88.942427761918 0
82.42579927160639 393.0087855369991 0
401.9376296404175 -96.54353084482416 0
207.1311842878 378.2917688363801 0
380.1312935797151 128.1449872093985 0
389.3409175392841 160.2623313132545 0
430.9824325998165 15.49539315828437 0
392.9859726637379 -97.34368890478446 0
419.470009387442 126.5083542852165 0
318.120236333924 315.4297486837596 0
321.1056954628355 315.6998280296983 0
319.3790997306665 318.1502528714581 0
322.2696774231883 318.1969622738161 0
324.0350277274166 315.757203176942 0
320.8763773921942 321.1446707514093 0
365.7971397364593 171.1424610600704 0
445.7735809627167 35.05874658586616 0
358.3813055878564 186.1414834212733 0
296.9305977649958 300.4306002305898 0
289.857830570017 278.9851471699122 0
412.4801826332517 -79.96883108762316 0
380.4162237444689 208.9885145006835 0
344.9527546174161 268.3340025390053 0
426.9808660357141 93.30557272059929 0
336.3206195308177 280.5851974106409 0
391.8863150237497 215.2375707130716 0
360.7925469546703 209.7951061277871 0
310.2716485232233 286.0024651913651 0
414.8004907280451 11.42753873001964 0
367.6964240808128 199.9952898082231 0
445.5064519977814 -45.74562806055422 0
208.8586681061951 375.8421418258583 0
445.307122331795 40.23104189060167 0
420.5448723334778 97.93725064154856 0
429.7226576573574 12.77560956875211 0
413.5409437350402 8.70882079362323 0
93.11971070548699 391.3816432909667 0
402.9349631838064 -57.37817754000055 0
443.1139771943613 47.85430227763636 0
443.5814280596883 42.68254798222243 0
453.4614728291159 33.14915510988208 0
455.3710258629645 30.42668375153898 0
452.8291314456742 38.32343275422262 0
449.1215395221532 66.79195880938393 0
277.3081238853725 350.7586046701034 0
171.1697869347138 393.2672446310885 0
162.3366342248118 424.0042105810558 0
136.7758189528216 424.0225306120269 0
62.32659673119918 448.376608217878 0
65.29873718623658 448.7921760032205 0
81.50065428180807 403.3497267162734 0
391.5337686871851 152.6436763885248 0
319.5225061770364 299.9181829144102 0
398.3594708402369 -73.41983991837134 0
398.7613349284167 155.9023817007387 0
259.2474236155418 317.8689088975845 0
298.8057798095962 329.3091029247587 0
430.6184893625509 119.6966182437837 0
432.3446401532105 117.2459720883571 0
379.2063568517816 138.5123455169318 0
85.87862074947151 437.6343958269534 0
84.15059054970628 440.0836965314408 0
87.13580306312174 440.3555936586702 0
81.16538738520603 439.8117826795655 0
82.42249736781487 442.533079846667 0
79.43720657396068 442.2611675913558 0
80.70907474372927 444.8208131901443 0
77.71562390113772 444.6374413820138 0
76.45314054676632 441.9770360292787 0
74.72511571639548 444.42432923787 0
76.2370434479886 447.6099455436183 0
73.08244526180846 446.9400907005571 0
83.67974752025827 445.2544381617187 0
74.18738624199118 449.6942076141177 0
298.9811724991898 311.0391126606984 0
443.1257081452124 -69.40945264057453 0
444.8505032294821 -71.86110817635212 0
446.0913447355584 -69.15568051394769 0
447.8479944946457 -71.60197668056811 0
403.2657635978275 -44.32341621747628 0
410.9383881702905 71.0138458318425 0
298.3251414789863 284.9319453713946 0
432.5119960322593 -18.24320618316025 0
73.63168220765961 423.4837043943795 0
446.6430653823821 -24.78704496547995 0
380.1005682497108 195.907803942251 0
290.8148760888145 318.1180892419858 0
414.4057939264093 -51.1378354273032 0
230.9861089186502 330.9402150625567 0
206.1919858600975 388.6323629802864 0
426.5147473519019 98.47561828410727 0
255.3274735839125 327.9354614120831 0
379.7352543907534 -150.5647471047186 0
282.6551484195122 325.1974220830352 0
403.397493783096 -62.54670961383473 0
387.6152054330745 162.7114568586269 0
431.3641010184413 78.06652405849096 0
131.5875442578301 381.8585483917144 0
409.4888607998615 37.00898829583966 0
221.4149939181202 353.5277287799007 0
417.1243183113412 -14.41519043495063 0
409.1004423363335 -25.563440060042 0
165.8250946185737 369.3303685442066 0
420.706447615749 -37.54399297891567 0
227.0680549623015 341.0077057690274 0
222.3535385649699 343.1859961681798 0
417.9859340856429 -74.26593852812971 0
220.7973223117976 376.925388940993 0
405.6520852619996 -20.66363896203551 0
435.1428791059217 86.2226077815142 0
415.7331328117116 167.8738105261643 0
203.043688916219 357.0721455649626 0
413.6753249137096 -9.51470911179776 0
149.0212483689312 388.6503166315021 0
436.6228129906281 2.97299332270813 0
443.3871757361845 11.39915026181509 0
169.7620768063139 408.7760033509654 0
411.870179763805 60.67586379348504 0
215.4472237327655 352.9864051475808 0
408.5691126762588 -69.89802777562525 0
134.7340630211584 413.4095167487386 0
244.1819979970742 334.7419495135602 0
405.0555434737597 2.73604105513701 0
190.0144033202071 384.5553315567739 0
411.0892985140781 -64.46161240583177 0
247.0167123806394 353.2416298500157 0
270.89287427437 355.4044003122267 0
436.4856882970905 21.20179414661447 0
182.0000254066778 373.4064440217304 0
180.5919214158017 388.9114515585757 0
411.7532341720793 -38.35033660030415 0
159.5501639053308 405.2420634708768 0
152.4769106979627 383.7548888744003 0
163.6219375780531 376.9504089918078 0
58.54347445226837 440.355925557451 0
233.0357406285 341.5486403774367 0
212.6309498973082 384.0040106803797 0
409.3537250604127 55.23753844311821 0
431.5029882286645 59.83969424251744 0
235.8682560551775 360.049361830405 0
139.5988742169431 393.0053387775771 0
399.1557558132683 -65.5324619594122 0
189.694835801423 371.497595284898 0
423.3421799298238 66.92082681874368 0
429.6603505996144 -36.73906125873291 0
410.2928145472866 -72.34935530900454 0
176.0315229366028 372.8652477615363 0
149.3388592212098 401.7078622331335 0
413.6096583924295 -59.02516010584469 0
88.86367528974654 437.9061808755008 0
90.12082511972596 440.6273992861678 0
88.40152727848125 442.9832051585063 0
91.25707332207284 443.1371221160554 0
418.9080718195418 32.64783237224001 0
408.2333061047727 34.28448558467831 0
429.9917830647863 -23.68103249790035 0
426.8081051713674 -55.23528019566303 0
266.9409613650095 315.9598760713434 0
430.322593631616 -10.62271153011315 0
136.931361585456 405.7915447175324 0
420.6845270820638 79.70982240219487 0
193.1475452567046 366.5999861415067 0
409.6800253017644 68.29503992497523 0
124.3686769623295 428.1053427734591 0
418.0264963086881 92.49876209876585 0
79.90849047720698 437.0906082129311 0
141.3264279009415 390.558573493157 0
124.5237855272564 409.8748037305601 0
131.4330315969586 400.0796132413921 0
218.2818490803327 371.4847042511651 0
405.4537878368216 -51.94180022055389 0
431.0853172339139 114.5259265628672 0
116.6707428004024 430.0114654476914 0
415.3680975644008 105.2875594122251 0
395.8798102552579 87.89453895794081 0
116.8277757192296 411.780458558862 0
419.3132804486678 -22.03476308626125 0
183.1073615936264 394.3521508134336 0
108.9727390507581 431.9174028996472 0
412.6127795917681 -98.19588322330628 0
406.2303450937341 73.19501475390364 0
116.9875257785924 393.553155575502 0
340.2415514909368 270.5137632865816 0
135.3582454302864 390.0172561337712 0
413.1758516632212 112.9069219487836 0
430.6529252924588 2.43566440827749 0
109.1317648515836 413.685975426945 0
101.2745923809597 433.823256258226 0
414.0057760082016 3.540159628728338 0
424.9734129247277 132.2188872901807 0
229.1094205025694 351.6196178254647 0
101.4357406686385 415.5913447250787 0
109.293620375892 395.4584831497291 0
401.3795642673932 93.60191227230732 0
190.8033886629585 392.4449838337597 0
442.650366250954 53.02406087988309 0
422.7803373149401 139.840133499134 0
93.73966609897059 417.4965545844093 0
427.1663378020767 124.5977530166538 0
101.5996637504159 397.3636165845331 0
402.7372947281571 -88.65736924347785 0
410.5549750253657 -108.7988037510878 0
444.7832866936043 -4.111636306048885 0
90.59151414749454 435.4569161416846 0
407.0653903031899 130.5952368311816 0
421.6349004891588 -47.88269069241398 0
238.6842212068194 329.0344887631995 0
89.19505969939186 401.4448010842582 0
404.8728014788088 138.2143667134371 0
409.2578012645643 122.9760601909559 0
75.36212503857193 421.0350102272401 0
390.8880722674927 126.5208232593991 0
412.7477840494709 167.6039329450972 0
418.8608016364819 149.9115685113283 0
388.6953945079406 134.1376621766901 0
429.3117760128035 67.45913871001865 0
393.0818822027543 118.9062893695375 0
151.8533798180244 407.1487244015774 0
83.05933303921844 419.1298007708539 0
407.1016527820841 180.125502592179 0
414.941267868947 159.9829477124132 0
394.842160941321 165.9712727969504 0
400.9542401410954 148.2832294795462 0
435.8276071028156 -4.916577564303747 0
407.9946509112503 -114.2252197642553 0
401.4553106296318 192.6467533287108 0
409.2952379952726 172.5046343927737 0
264.7475205658312 323.5775211179645 0
397.0355269746819 158.3521167700216 0
387.4718593612118 180.9392127293026 0
442.6616463290304 -64.23849553113097 0
417.5601408284534 97.66811629614773 0
365.3551854754239 225.8610580675445 0
284.9816259490406 299.351311237722 0
99.54445745670935 436.2685037469773 0
274.4919489497971 332.2763961641854 0
403.6490043376203 185.0261429584951 0
281.8643192188105 317.3084111548724 0
128.2947785987987 418.0364829710738 0
253.4539945129573 348.6129453254837 0
390.6072097502207 230.7047789467269 0
388.8749533359347 233.15370201016 0
385.7927847387274 232.9250433664279 0
387.3664363009272 236.0489104286032 0
384.1058166257187 235.4484116220086 0
385.096677615107 238.1611765267104 0
382.2952447141242 237.8547563729787 0
383.5076684092923 240.5155715412268 0
380.5775691553788 240.2819315255845 0
381.7701864117519 242.94919862696 0
378.8505968336394 242.7257966892952 0
380.0719796512375 245.4188444734743 0
377.1286600222203 245.1784263548728 0
378.297389835977 247.8355722821008 0
375.3947885644043 247.6237251256778 0
376.6531248523407 250.3342765175267 0
373.680417381084 250.0815679912717 0
374.8717569042113 252.7444233148727 0
371.9469939429266 252.5264596513897 0
373.134015764361 255.1966153020678 0
370.2173518963216 254.976372949259 0
371.4130750485814 257.6530323147312 0
368.4908502753721 257.427958965735 0
370.6995933687117 249.814014239652 0
369.7288170361935 260.1340440940719 0
366.7716501565999 259.8835894639408 0
368.0043598590193 262.5861880970537 0
365.0466007621479 262.3352697029127 0
365.5183823305052 257.1638233203607 0
366.312336956789 265.0611921377594 0
363.3260224188131 264.7900831516148 0
364.5856771792641 267.5117698047881 0
361.6003748191039 267.241366746411 0
362.8590168397299 269.9623486722879 0
359.8739223261853 269.6920446347165 0
361.1323553505864 272.4129304603384 0
358.1472916275535 272.1426430154393 0
359.3628423083611 274.8332986676654 0
356.4135297171632 274.5881756772636 0
357.6790251821731 277.3141077417388 0
354.6928165166186 277.0429604504222 0
374.0914477295825 257.9755406388374 0
379.3561724412069 250.6832415440335 0
355.9003194799731 279.7280108308772 0
352.9585041295589 279.4881197035244 0
354.1654074542146 282.1728041945838 0
351.2291778633376 281.9368467358541 0
352.4318882755495 284.618590651312 0
349.5009558343813 284.3863175748805 0
350.6977494594954 287.0639478490407 0
347.7727670308267 286.8358650505688 0
349.0456363755006 289.5671474660584 0
346.0582956663393 289.2950501157807 0
347.4014880628404 291.9588544026999 0
344.3473881886871 291.7372853485227 0
345.6782661044438 294.5866938548444 0
342.5784703087284 294.1816784473618 0
390.7120095351765 235.7382608106557 0
341.3477583183331 291.4678075349444 0
344.8010747205454 286.576455320357 0
348.2544657364344 281.6752385336454 0
351.7081502625234 276.772318077711 0
355.1617687664054 271.8707744726148 0
358.614528346424 266.9717102858652 0
362.0678528751429 262.0705576463658 0
375.8786080907526 242.4626621207294 0
379.3285792780622 237.5662565915459 0
382.8016016319168 232.6718799138915 0
367.2477817092152 254.7189095724455 0
372.424338896695 247.361579457383 0
259.8914138340947 343.9840900390424 0
224.7196367491149 366.8565321180415 0
270.392153996126 311.0617397380742 0
420.2183545574954 84.87924418255704 0
132.2198218683521 407.9689337288777 0
144.6273442854198 403.8854320832692 0
425.5330643975992 59.30132747053371 0
157.0348631583695 399.8014353803354 0
422.8761207651683 72.09025718287842 0
396.991193799793 108.8403226529618 0
96.88856864664049 399.5394899461465 0
278.5528957351439 303.9846117045828 0
388.903162202988 214.9690190005855 0
371.2984950140652 176.8522288168994 0
377.4098686306481 159.1684083404916 0
389.6649281727208 173.3201914935924 0
424.3224107953534 106.0961882987766 0
429.8578188383879 -5.453093410431951 0
241.3691977412273 365.7597994256903 0
231.1572592631987 362.2282473017475 0
429.5271897754356 -18.51137217265657 0
124.6813227619554 391.6475654596919 0
176.9762859621828 412.032029510077 0
428.8645223214826 -44.62802246490737 0
363.929252862984 191.8163781159055 0
182.7878584305522 381.2935922924908 0
373.4882824590194 169.2357343572979 0
429.1959268810374 -31.56955869275245 0
382.2941632609042 188.2880376867609 0
391.0974936281374 207.3483987965357 0
317.32905796387 307.5387646397651 0
250.6177675681175 330.1142884849849 0
378.3737046061329 198.3577078510763 0
133.6308988174563 392.4630234427042 0
409.8189964897257 50.06954638222044 0
413.2106594452861 -4.346494598515235 0
239.4722353346449 336.9205895746488 0
404.7888387698447 -78.05161135089169 0
210.7373846129947 355.1646361122015 0
291.8901933084409 289.5600791971853 0
390.4195037254343 -102.8111546862 0
157.1851832811514 381.5762519220498 0
364.09943955872 223.1271934065454 0
300.0555822014861 282.4859487020245 0
316.8377899033093 263.1584725924621 0
426.0118806617604 -63.12364073417158 0
142.154587077985 429.6197551411367 0
452.4064406200305 -6.005655693938978 0
455.1625754514776 -5.759077777725837 0
440.6041400903032 -74.8481732223803 0
366.1207848464392 184.1990848291242 0
218.1325537282576 389.7158908753884 0
424.0359784063252 142.5579581138229 0
366.2933358525939 215.5036417880762 0
446.9720225151095 -11.73322982376742 0
310.4035325010139 267.7885717414056 0
231.0105992564437 380.4575502444743 0
438.2668713985921 68.26672538211238 0
155.6254203769062 415.3106701780512 0
186.4119670377377 407.678233947444 0
170.5507532292165 416.6676991538736 0
173.5359195353584 416.9391330719975 0
449.7910907420888 56.25544432418801 0
451.0576906227652 9.499887711890945 0
452.1452129345633 12.28393837332059 0
270.1039530564072 347.5151087473106 0
208.5426318575947 362.7816839062159 0
85.40917528999081 442.7893419562793 0
287.955387971283 349.0968390370164 0
289.6573753161937 346.6296354124129 0
289.3494566638682 351.4301147391184 0
188.6071746249101 400.064373374661 0
433.7444993250761 101.7340856721354 0
436.7298868011409 102.0036184248065 0
329.7381506437796 303.4478420331726 0
330.9971160864371 306.1682651146079 0
332.7236244357478 303.7177977993675 0
329.2715407160013 308.6081273442501 0
332.2807728653978 308.8993995051968 0
333.8392796505306 306.3360667189413 0
335.5377078667391 303.86677598228 0
335.6220157941602 309.0253734651852 0
333.5320397054419 311.7441793781869 0
306.499478009344 327.4093214112964 0
439.807173451532 -82.73839886426225 0
283.4461722526077 333.0868338584614 0
421.7041981173467 168.4136825391177 0
305.4085490266973 306.4125427423285 0
448.1554117233459 58.73303665218135 0
413.8728337312496 -95.47776895437023 0
437.0073583911749 65.54696989925338 0
448.6729513803588 -14.17242055179761 0
166.4579108238204 395.4452660889746 0
413.0887010086554 180.6701113800572 0
329.4145368834197 290.3864499417693 0
164.4093302401649 384.8373225655957 0
157.3528817149591 412.8613175543318 0
448.4173697346174 -63.65167672934078 0
225.4336879144948 392.6579040001139 0
223.9803267577488 395.2830412538856 0
334.9171611139744 296.0968739205631 0
336.176415432448 298.8171626776123 0
439.0069347249796 -90.62714665681087 0
406.4923629207262 203.5262614390328 0
331.4646417679839 300.9974797998982 0
249.0657314993815 363.8514022998396 0
250.7917210705433 361.4017069789336 0
407.4213531067961 193.1885859594886 0
410.4116516042922 193.4570244747266 0
228.0255293012418 380.1869579879202 0
430.1877571765212 7.605440940270126 0
367.3959512925518 236.4810410130471 0
326.2853240401756 308.3468642574982 0
322.8227811700168 313.2139354630464 0
432.018581458116 104.1846329919555 0
249.8558953193487 371.7417504924055 0
194.0862872879521 356.2636735732519 0
142.429930390953 411.5039307853835 0
443.4583051311791 -56.34805769891429 0
312.9405609189758 322.7807286263347 0
315.9260278494517 323.0509278801607 0
265.0771102650316 367.7778779155714 0
430.3468099098815 137.9860320772741 0
431.9095285972503 135.6469963629793 0
106.8182018092039 439.4060550822705 0
109.7597477226689 439.809222425976 0
291.9339589209927 339.0674885957957 0
423.1583410304029 -81.61843524422812 0
277.8548472122757 358.8101597785435 0
282.9000261461478 357.7145692112127 0
282.7157427735373 354.721842726503 0
410.9572897056595 -46.23746626725442 0
284.2371453318759 340.9772091109177 0
242.3058008289128 355.4207900651102 0
213.5704753429107 373.6632950443834 0
441.7179115724269 63.36551078503648 0
425.2154345301484 -71.01185452920238 0
441.26922291842 -48.72584492283995 0
399.4672241542742 213.2448451009284 0
70.82295176534545 404.9825345860324 0
264.4563801604834 360.0355771924085 0
161.5951345434668 415.8532499073063 0
422.3617114740293 -89.50602327695762 0
403.5708901210297 85.98392939687609 0
78.51726036697872 403.0779806420298 0
436.4881371579028 -96.06695317982563 0
371.7917058521262 221.2151313703642 0
299.1168464192683 292.8167072634328 0
437.1959594206264 96.83250947068206 0
224.5718810506777 385.0867315533338 0
316.3937421809642 317.8801351476905 0
163.3227992257204 413.4040234496354 0
297.2550395927154 313.4889032010962 0
445.5785012520963 3.778418742180181 0
440.4586443987018 60.64562759471849 0
448.8281552915151 -32.40710593321477 0
450.55552163044 -34.85975772514942 0
449.2947114991076 -37.57930189500535 0
167.0111432764427 421.5355336800113 0
446.3110066866403 -37.84803592437151 0
448.427357874979 22.25794035826728 0
206.5179754112747 401.6906184980515 0
204.7937123166075 404.1055952226808 0
209.5119908351286 401.9907522021269 0
443.2926359741409 79.13709453508541 0
445.9734231254616 79.15097386358548 0
186.8800157225928 402.5140553808697 0
194.5772539689078 400.6063206471455 0
183.426006366223 407.4118863136043 0
289.0874840399168 320.5684933942611 0
200.547597145086 401.1481886451724 0
242.9927188877659 381.3569434272329 0
241.6135873478962 384.1783128590075 0
440.7861960133275 73.70638732730707 0
148.7169717972248 425.0920735754709 0
150.3457146765434 428.056293597137 0
236.9810077248293 380.9988608224569 0
280.9289964733994 327.6471038090693 0
152.1704910001859 420.2096983357822 0
434.5373726984141 109.6246624339603 0
435.7967928238602 112.3447680994971 0
436.2633927966857 107.1740032761741 0
227.5558338463744 385.3546133631991 0
388.7301037761678 183.6591269283411 0
206.9660853106859 347.0067783170798 0
78.18053528759006 439.5378218532196 0
402.6382294451791 96.32143443164661 0
188.2875952929761 387.0044617328537 0
94.82408412867892 438.4376662479661 0
400.8785320162142 -67.98302255123988 0
406.5551067160587 86.25309423767 0
192.5292909864871 389.9955911327871 0
267.9093431118532 355.1351934613647 0
415.9293869223405 -84.87228814748664 0
53.83180502414687 442.5280231917008 0
140.7015358371223 413.9534034629772 0
401.676664870638 -60.09701515208585 0
404.7691913098715 39.17788668494644 0
423.5647148809455 147.7257804466761 0
397.9331977003188 98.50369401285297 0
161.7464015570847 397.6233967063852 0
69.22559659755242 438.7237365481568 0
443.0581324618832 -1.660606246695394 0
230.2207548609346 372.5671697323379 0
129.3911700303782 389.4710333277127 0
195.8617635648895 353.8383010460066 0
425.0132803894121 -120.4053212345921 0
421.1013299245986 -92.22424677739147 0
388.3391405469845 -113.4112096555546 0
134.6398777928443 382.1877275748076 0
405.7163619235124 -88.38749302454555 0
308.2279209231083 324.9602971733323 0
269.924960555997 316.2297210707787 0
201.31642529082 359.5214577247261 0
438.4819668826377 -17.70698572974263 0
426.710671370626 -104.7215976887321 0
261.1497110421566 346.7041257724056 0
216.5549018305865 373.9341968276686 0
399.1896192593263 101.2213650819599 0
200.8438523415026 364.691681126591 0
166.6056411549673 377.2214420057546 0
267.7318348294614 323.8474650317817 0
402.8025384366184 -39.15113846339171 0
431.912782619303 5.15492714038665 0
439.9449335236792 -100.9816418113919 0
441.1982789303054 -98.25049250779931 0
303.0390974594275 282.7508303729779 0
73.4676004776635 441.7125696686655 0
232.09407363807 351.8898295510677 0
431.849432343461 -44.35995872213118 0
293.1697980171581 341.7904191025528 0
294.3302975452598 344.5547242462228 0
160.019483653115 400.0725315125213 0
428.0684220746837 -52.51644675126616 0
444.373538177569 50.57421026020339 0
419.0439247530607 -102.8287458910966 0
406.048587939317 -75.33386894217914 0
415.2654239585058 6.258812401568417 0
435.7628206019163 -54.43193877519074 0
234.9321512130695 370.3878850558831 0
125.7808149467722 412.5951835879476 0
434.0707236079498 114.7953869570473 0
435.3182243874842 117.5073111644938 0
418.3527247430806 105.5570037387029 0
390.1581361383021 217.6868406161451 0
117.9280980782541 432.7325796061265 0
110.2300416714974 434.6385168409039 0
110.3886965004575 416.4063130674848 0
125.6300762210399 430.8365940674184 0
102.6921850470292 418.311591247235 0
219.3907191517472 392.4366252595345 0
427.9588089380287 132.4884530455519 0
308.6783543352617 270.2362753774263 0
147.6117357321782 404.1567295504483 0
369.2769781746743 215.7739765638523 0
447.4163525412269 -16.89379301818528 0
94.99613862256999 420.2166563692364 0
110.5497495989538 398.1778981144788 0
416.160255003183 113.1765253882344 0
96.55745079033524 435.9939034978179 0
118.0846902477937 414.5006606944534 0
424.6013891620635 69.64003848821108 0
394.0827670234771 207.6182320633181 0
384.0200596067621 185.838335823339 0
410.0499188270608 130.8647311428778 0
422.3079088545687 145.0071243875714 0
67.00604244706086 446.3284070278253 0
407.8568127602854 138.484185128172 0
225.9776676656271 369.5765688293817 0
416.6675592864239 157.5324821119793 0
275.750369947419 334.9963479985406 0
391.3906252401935 170.8704793438588 0
421.9436327880099 82.42908723827009 0
406.6341456785328 185.2958476414149 0
135.2041914726444 408.2403711787368 0
436.0206293573499 26.37203228625503 0
118.2435124599369 396.2725674900399 0
431.5825730848331 -7.903732079338591 0
276.8286268246582 306.4344619856026 0
412.278379543488 172.7728172224249 0
402.6799572749868 145.8334111636996 0
234.1417671069603 362.498773794196 0
293.148413802924 292.2787861982952 0
86.04360673262576 419.4015433083101 0
431.2518826778778 -20.96207487280343 0
444.3831790133166 -66.69239683133333 0
419.2856346761816 95.2180535506744 0
155.4595744434662 384.0254070084344 0
213.7210911608884 355.4350532576489 0
410.9834513233326 120.5261252005304 0
406.0404079577723 41.91448205609811 0
242.4560031152013 337.1907961449779 0
430.1466626151362 124.8659608281105 0
428.9965098795424 -62.85577407961149 0
253.6015879035093 330.3843910307118 0
408.2803474564906 83.80299902293282 0
444.2537282469326 -48.4585048796357 0
432.6932758796393 -122.3188839905561 0
435.4287293858407 -121.9682884818082 0
434.3161407766109 -124.7300536200313 0
75.19562620473543 439.264768730648 0
53.4069055820541 398.3057948619593 0
446.4286177850257 -56.07300269057241 0
428.2000660040962 -70.74422630864659 0
285.4958670344455 343.6975396973085 0
418.2325199765814 -110.6890241259164 0
277.008829647073 337.7164427025508 0
121.0688778671909 414.7722524638014 0
442.6270523958517 -82.35876813726759 0
424.4185248824911 -78.89990431403507 0
437.0427653728848 115.0555003136041 0
438.7711817354686 112.6168450995836 0
439.9072085447747 115.3610978389572 0
442.1727630828571 112.8217033623545 0
437.5120978314945 109.8986149046874 0
439.1571406164842 107.4459660939714 0
317.6922849401253 320.6462671279111 0
417.8858430674721 110.7265768942056 0
438.4552142384203 99.55256702560555 0
439.6724011391774 102.2428527185054 0
436.2268998781076 -59.60254155163101 0
435.1108773213443 -116.8912761131391 0
207.7761385712539 404.4114253137211 0
212.5717244867735 402.1920995612289 0
206.1932743374625 406.6534189097479 0
171.792841162506 419.4611986195326 0
174.7494363886199 419.6813796207244 0
443.5802654364911 -74.57598627748186 0
435.0038685327861 104.4540301755317 0
337.9019295108722 296.3671291845651 0
339.0677740415764 299.0223511079878 0
404.0622161196839 -36.43128170102528 0
388.9421906257015 -100.5500731802938 0
269.1669355897139 357.855053112104 0
274.6367241292787 314.0499579323654 0
440.7308595517395 -93.07851351637942 0
444.32958450506 -92.77756240831948 0
438.9460865655507 -22.8778469225861 0
114.629544924621 419.398494432293 0
191.2717281849013 387.2752778005593 0
169.589103053823 377.4920184990675 0
245.290413233065 355.691127484647 0
399.7968090434918 77.82663010275492 0
271.6518194393725 313.7805305641094 0
283.9135409093877 327.9171919586094 0
414.0043037456259 170.3222074879218 0
273.7008685655001 324.3874040794061 0
400.0195720663093 158.6221959691453 0
401.3392386084657 44.09080103665102 0
334.4214911393129 301.2472779607887 0
408.3604515936716 182.8455026028369 0
428.9185788954455 -130.4768463159942 0
431.9033523568851 -130.2117367700451 0
430.6692576371083 -133.0665589807222 0
433.6259458780466 -132.6642224967968 0
432.7482805865731 -135.4904691345976 0
434.9558824750749 -129.8732300353641 0
434.9561255940014 -137.6046492277509 0
432.0381069920072 -138.4724895203218 0
429.4748028236471 -136.3427724946854 0
429.1691973512951 -139.5668574379781 0
124.0532167395055 415.0440879161291 0
419.6116836155941 108.276722026873 0
220.7057304021797 395.0421738953117 0
86.55584282765 445.5000748467858 0
119.1122412881068 435.4881801569962 0
111.4673973086199 437.345533242406 0
309.9368355136333 272.9517675268799 0
420.404035781324 116.1676843853493 0
446.0434357962588 -1.392121230035065 0
259.4230593264044 349.1539575122945 0
430.8860977353912 132.7862451959018 0
385.4497947205643 219.86925131077 0
227.2358110733886 372.2966639396901 0
413.9677523039583 120.7958235182594 0
404.5889641083709 7.902542338209066 0
394.3733220858529 171.1414154886835 0
431.8632750577941 122.4048027717805 0
158.6101584146058 415.5816960632579 0
87.30038372629197 422.1218310754217 0
439.9920779204427 65.81609483118085 0
451.9142556269941 -32.20585910497665 0
453.5454418630669 -34.88172190565683 0
419.6511237098919 157.8026416258866 0
447.2296811459302 -66.42928545497472 0
122.4819663387505 399.2641895278671 0
288.1569344018085 330.9071921046781 0
229.2806714079534 382.9042512154818 0
405.6643510137972 146.1030072165796 0
194.4050727899286 369.3194283561129 0
431.4223744474444 -125.0334631238986 0
435.5555061702164 31.54230483572536 0
439.4729281722119 -95.79884441552188 0
433.1097666483367 -41.64063221874441 0
276.3616674665815 311.6008873819446 0
298.5094598142865 316.2084636834212 0
449.3060153973511 -55.77718962321963 0
452.6785911533794 -55.97617607429167 0
311.2026706809058 325.2228314321514 0
288.4673433599742 343.9579870015211 0
414.4681263078184 -136.9790523160783 0
418.6780252489293 118.6168818752882 0
431.0532687412151 -52.24850382806932 0
270.7163619366903 324.1174814728726 0
394.5500264802491 202.4477185225126 0
426.2770465643337 -117.6905818475557 0
245.4396322241037 337.4609556025122 0
267.5866029244866 342.0748973150513 0
325.8143263641675 313.352706686022 0
327.5573144049237 310.9801740805024 0
443.7888540526258 -43.28819573254834 0
267.4389775717758 360.3042494254914 0
427.5862948165752 69.90917633536563 0
148.869036147016 406.8771914111388 0
172.5746460561823 377.7623158209943 0
444.8363513037457 45.40459480182827 0
383.7239137196751 222.3199514139013 0
424.9282437891723 82.69757836234265 0
402.608365889702 46.8050549234472 0
153.7319156679064 386.4731590188781 0
289.8804140956902 328.4585535292993 0
216.7048417905554 355.7056463129942 0
437.9893235065761 104.7234465279819 0
109.9150234072942 421.5770152573549 0
434.5674085226261 -7.635547789858354 0
235.399815009298 365.2186287200726 0
447.3036400985903 1.327425922973727 0
268.0544690247293 336.9052362148065 0
411.0790305044214 52.78742367363577 0
136.4611863001024 410.9605657292113 0
424.0853321228738 -91.95671465727675 0
420.3041653963041 -100.110826859194 0
418.2108176157435 123.7868755045733 0
422.2703915826827 95.48734085107807 0
285.1722358493611 330.6370588066796 0
446.5662221658357 -74.30893982145227 0
449.3783613091535 -74.12376871806052 0
231.9472940045357 370.1175718929279 0
433.5906340300136 119.9522949871391 0
48.81050429252024 431.6523666906598 0
425.024163470484 -138.5761621911493 0
435.4305751569485 -67.49304424944195 0
106.931649431527 421.3044891708066 0
408.1537502397051 -132.4356864620419 0
337.2941450596119 301.4380386352188 0
338.4527916145058 304.1382082999654 0
384.981780509453 225.0400830041517 0
420.8869349008123 160.5066285329327 0
259.1019109025718 336.0944628918073 0
413.0774558481135 13.878513619526 0
434.2367130155715 -20.69406331630363 0
248.2748455333689 355.9614519045993 0
117.7691958893127 401.4429665342805 0
435.0902929100167 36.7125662252016 0
111.6453312797565 419.1266256027093 0
403.7558696874083 117.267592971252 0
434.0382662730306 -51.98076673550316 0
417.744243977679 128.958660978688 0
397.535478197791 202.7172405581057 0
407.4878641545963 75.91348990460749 0
427.677310497381 -133.3330371755979 0
65.45334150086913 430.5607414904893 0
249.0582302979202 314.3285495753541 0
394.8070747463488 116.461278554574 0
405.4813884672772 114.8176513382907 0
391.6625631523988 -149.4902053746027 0
387.0041746003842 186.1080940321755 0
434.1699870042694 -70.21178630172795 0
256.5854617059591 330.6546927633481 0
401.0347808739714 49.2641070513918 0
431.9811613462006 -62.58834481286084 0
446.764297751689 -43.03788173390745 0
314.0814902433378 325.4178320952326 0
316.7412959529864 325.9140062499374 0
318.847166335727 323.439104601938 0
70.48249073648887 441.444127824136 0
102.2173919969347 423.4827830035699 0
384.5201144386587 230.2120494308493 0
91.84701554936018 438.17606140153 0
114.7872465873842 401.1701060588835 0
421.8448827167014 150.1805120094101 0
284.0575726328433 309.6906460966359 0
437.2216194226033 -20.42676824088626 0
291.4261207667019 344.2345102433963 0
152.004579720747 388.9211052458099 0
254.7119503203173 351.3329951083413 0
413.0341493399984 131.1341981703714 0
12.32417089230414 438.5555272779031 0
413.9414114183492 -45.96912558942845 0
99.23455726708575 423.2098274996807 0
423.8275387363345 160.6250531338083 0
398.5794988721711 124.6161619057905 0
211.8430686231294 376.1130570285826 0
444.0476757173582 37.5109805835293 0
434.5023891104097 -57.15086898636088 0
266.3282568654024 339.3549161413727 0
411.3486914001493 183.1115903535319 0
428.8456622742001 72.62857485837043 0
434.6249567814153 41.88280362286206 0
147.1416376749559 409.3261904120773 0
425.2553046742162 95.75621921122521 0
195.6628054471472 372.0391063981487 0
429.9240487212098 -73.19586564028697 0
441.2622863977323 99.69441998116633 0
414.9349457964809 -6.796265573077598 0
257.8436616653053 333.3743603870462 0
393.8704230013096 126.7913443529383 0
448.0304103723892 -40.31418500886105 0
436.2922178878894 -10.08639699697985 0
169.8747768693556 421.9016604849627 0
416.9763257697418 170.5825122777549 0
414.2926246483755 133.8596282760587 0
412.6139462814976 19.04728769813062 0
412.8013366921439 50.33859548439687 0
423.2882410105956 -99.8432220447001 0
379.8058829889845 232.3933192603155 0
398.0025667774307 197.5470408283092 0
441.251708651984 68.53590758414128 0
156.882686639603 418.0311538467977 0
189.8661301855404 402.7878619029706 0
428.6633986287246 -75.91389434607204 0
153.2616993648145 391.6413202178683 0
232.2620804698869 383.1721347188688 0
92.79216444263271 427.8370461025903 0
448.0752001278148 -76.912163444996 0
415.2016012577151 -43.25040079506262 0
110.0742068500004 403.3482013254953 0
112.4844016598785 439.9885872222485 0
412.5666694410863 136.3081780629025 0
450.2692291033206 1.590546721522013 0
431.8305693889134 72.89796826663212 0
434.0188191161444 133.407733862473 0
217.9625604902433 358.4254422497427 0
431.4476619550699 10.32520071216075 0
255.9698236897733 354.0535560196196 0
383.2570568768319 227.490804604259 0
381.0690215022154 235.1294148907313 0
423.7762113254653 -141.2980509664966 0
425.9058477986092 -143.6953846988118 0
268.6740821014928 363.0082406579096 0
251.4069276870651 338.0028963765694 0
442.5559753046914 -95.48466425847221 0
445.0099411359284 -95.45041170568214 0
164.7312896359427 397.8943695556793 0
198.6474694084207 372.3097518199884 0
434.1599521088758 47.05366269277765 0
424.8314968031702 150.451307499118 0
88.55533810824507 424.8420867847827 0
71.75386394489297 444.1715764747726 0
93.07632905908702 440.8532429746808 0
427.4025081337525 -78.63271558875397 0
396.3871350124825 132.2348413401521 0
400.9853611121908 197.8144577742086 0
107.0914067653386 403.0762926588596 0
291.7533603766711 307.7799913672857 0
419.97782841395 170.8634791717009 0
61.69494679904322 422.3938410238793 0
156.2460041478557 391.9123016319372 0
405.6404560356513 -137.863342893528 0
145.4139924079359 411.7755894253306 0
442.5077221808279 71.25767275718715 0
430.9204187213089 -34.02000678708646 0
155.1518440830101 420.4784435245887 0
444.5131542873877 32.33998496884267 0
433.0899824427732 75.61745515875774 0
235.2263310642503 383.4271804798053 0
432.5759891978911 -85.99143803089534 0
192.8521163905634 403.0622394048913 0
413.3581634198015 144.1995886710873 0
216.2364235148627 360.8744724579618 0
417.91957589208 -6.527580525059424 0
438.0170747094435 -12.53740392011528 0
85.09385439692353 429.7431866520276 0
290.0271634187995 310.2299040145721 0
391.6779403063122 134.4088774872463 0
414.2063346950618 183.3848974290735 0
415.2416199226701 185.84865358346 0
376.3504940814692 237.2907300488691 0
412.1465485485631 24.2140493952332 0
104.1081137563704 402.8041551150254 0
68.91237014274401 425.6627719801234 0
287.9726778131781 299.6226294104214 0
428.1065787286933 150.6938155048538 0
378.39104056322 -135.3269583364821 0
154.1132254008682 363.9168441666601 0
272.0191732009312 286.6894892586075 0
308.708332324867 246.7451441659859 0
70.04786575545518 446.5878398719827 0
428.3301935637618 -88.97194576286938 0
217.4939525776162 363.5948727674605 0
402.7111863846472 195.364104147535 0
408.6477105025054 146.3743086975894 0
377.6052500231979 240.0131332360459 0
80.85837836235422 426.7472381263552 0
52.2663762309231 426.7453314420263 0
377.5569635493393 -142.9687191733001 0
76.14425213038085 428.9248363560354 0
427.5319300722571 -96.86137234339481 0
433.162382865336 -127.4886243262669 0
419.1786810176148 -3.809479434660677 0
441.3808530374273 105.028828106941 0
439.7421549772344 -14.98875541847001 0
433.9057686782397 -33.75143287493974 0
421.342657268261 -146.7685931557937 0
425.7214345305257 90.58649642164667 0
278.5459907608154 361.8775846179704 0
160.9569039453194 389.734626320005 0
413.2667149031892 45.17014883765027 0
444.9782074921704 27.1694580802679 0
270.5709686999467 342.3453228357779 0
99.87074475959616 399.811168160969 0
411.1649634407696 151.8206409217305 0
397.4618530083945 103.668935598198 0
195.8326216137379 403.3303478184674 0
443.7502793065426 73.9709579142752 0
153.4217086368894 422.9096785303444 0
288.4386736053988 294.4564951725589 0
372.8969947402338 242.192821806148 0
411.6797512269237 29.38241714410113 0
238.2590962665169 383.6926864966622 0
435.1659297186638 -31.03266039526297 0
427.0688735731506 -91.69096817711264 0
251.2591507725494 356.2321994438979 0
420.4388373189141 -1.090881109265658 0
169.4431433686793 395.7162611474312 0
427.4473494996455 88.1356246760666 0
236.6583216712675 367.9383984771384 0
119.341210393695 417.2211521393188 0
411.288529187279 -33.18183215391048 0
419.1449013298632 113.4468809818774 0
447.9500522694636 27.44441010975118 0
406.4554820543325 153.9937294794711 0
374.1490465833868 244.910385045184 0
395.4528319641418 142.574261472343 0
429.2574470713647 17.94570725224189 0
397.1783948085117 140.1243200703237 0
438.1512524217849 -30.76382330119866 0
271.8296847470407 345.0653802176017 0
407.7133901889506 156.7226484502312 0
423.4235529054055 -0.8216228095559502 0
386.5021953071351 141.7563329631847 0
198.7904755972584 403.5822942828229 0
444.9590132862571 76.64532067446717 0
94.6831743901856 407.1587690956747 0
151.6997482577063 425.3797004390938 0
403.0034059823018 158.8925362608976 0
127.6640777796977 391.9189824697215 0
39.59087363575147 417.7528680483375 0
449.6888568752927 24.98701146461741 0
384.7769084367042 144.2057553283092 0
117.6132614934141 419.6704471921527 0
418.8232066165093 -152.1947185818413 0
417.2578711288551 -32.64473699889249 0
53.5178785872987 429.4744013566245 0
369.443299808605 247.0923228602283 0
90.44913270844566 404.1641133435825 0
386.0343203783262 146.934231050795 0
428.7921792719446 23.11553928024521 0
409.0323785935258 -75.06679129837612 0
175.8809388063285 391.0886746406154 0
165.6679451307456 387.5568485437873 0
246.6966699826785 340.181265663608 0
204.1467652944457 378.020927331301 0
209.7992705306947 365.5017424978335 0
367.717461891704 249.5436598194227 0
398.7156056785489 106.3905991524804 0
416.9522608781261 121.0665489036739 0
178.8655067195955 391.3599745067157 0
422.9582951900848 4.347008196169531 0
404.2607864233206 161.6206987054851 0
428.3269426664984 28.28534840442332 0
40.99980145743057 402.3191459972998 0
244.9701210148112 342.6311080336289 0
416.251317561635 45.4380395307777 0
368.9746690257867 252.2660355354287 0
201.7784377524626 403.8108471227134 0
405.6757706031711 195.6200049193119 0
274.8142706526675 345.3354396480261 0
125.9371178390171 394.3672277123741 0
399.3393024547385 -151.3992149819512 0
303.365302228204 295.802254297653 0
39.73220199214444 449.0027677388117 0
37.85301912736896 451.5482524226548 0
37.02050702344 454.9090281418192 0
34.96208848625662 452.5800695609453 0
239.642839855347 368.2087112132186 0
403.7937023299905 166.7928264850625 0
85.26108322339137 411.5107876204196 0
34.7290643289788 438.101000521491 0
199.435658867736 380.1985100911066 0
208.0724420763697 367.9508104072905 0
427.8617408527832 33.45536897442595 0
64.67906084193802 422.6671091935328 0
381.3259653086761 149.1028421254296 0
305.0925929020129 293.353850464756 0
426.27106952425 -99.57845315214416 0
453.7079613068933 1.80464044591867 0
399.9780761456799 109.1078781120531 0
277.7992270339154 345.6056813433146 0
414.2731071422505 -32.91301403462537 0
433.7057979201211 -65.04038838188528 0
436.4139958653302 120.1024842786128 0
200.6923878518419 382.9199958487015 0
170.3784559580315 385.3788716686756 0
410.7564152081441 -77.51779935278336 0
364.2640867269166 254.443932622441 0
382.5828188970104 151.8319489555331 0
422.4932584633066 9.516148205627134 0
124.2097222937591 396.8158621071663 0
305.5548407722943 288.1870814102627 0
269.9579224272435 365.745861756288 0
79.77136047706506 405.7969813027153 0
408.7044490129964 195.9696874412638 0
409.4653658309506 198.844223502731 0
427.3964602880718 38.62545540678921 0
137.7180186962951 413.681376329309 0
396.0987345821082 168.6925396626536 0
401.5824418516125 -177.0050782440208 0
416.7170041236817 40.27022386551914 0
66.88348309251271 415.0501439718687 0
240.2606003099151 344.8082546648952 0
362.53779156309 256.8944985296489 0
382.1155836348302 157.0010286248069 0
240.9017500525696 370.929064842971 0
278.0863101553308 309.1518763245377 0
279.0542489390821 348.3234164826554 0
258.0186657532196 364.6639422008532 0
180.1237160507905 394.0803665794809 0
292.6705607472883 347.4282791333479 0
295.6690413154561 347.2076885655768 0
195.9818682557146 385.0970281499497 0
426.6539729717762 80.24720659396704 0
94.12460413422838 443.976508495898 0
426.9309728918657 43.7952183584851 0
363.7935855461387 259.6164352365025 0
76.30929492703177 410.6949313380576 0
418.5173923326864 -29.92502071663906 0
241.5177301039721 347.5304538894798 0
416.2980020171616 -157.6114418897359 0
243.8862294526787 371.1997715256701 0
46.13969991852078 444.4221985949039 0
194.2551878221549 387.5462728948582 0
72.07573222152537 407.701480129538 0
422.0282226803813 14.68540324648007 0
252.5170135619377 358.9525123894086 0
256.2928539982429 367.1135982380841 0
419.7017807022665 40.538184594815 0
398.6154187018046 174.1433114265737 0
400.2834701541294 -13.49291516688607 0
46.4882904399871 407.9665296117446 0
426.465353748779 48.96498948745399 0
223.2945880101432 332.9286722397984 0
138.9746709850977 416.4022488202277 0
178.3969358477766 396.5286076259539 0
245.1454849121995 373.9189633950066 0
359.0853824038289 261.7941670668048 0
103.9473837172185 421.0328823535156 0
280.1050791295534 350.9780719182551 0
396.8894132770019 176.5878312830347 0
408.6340787583538 -20.38934805269882 0
137.247532731304 418.8508738670314 0
248.1317519464203 374.1896945556733 0
360.3435823591441 264.5199825246985 0
425.9976105590149 54.13277331008592 0
176.6698937521074 398.978381829986 0
339.5325615140715 207.6448398599535 0
382.9055341439254 164.8867514036263 0
421.5632667973217 19.85470264324415 0
427.2581672552222 56.85228544231191 0
396.4219903322187 181.7633933734676 0
401.2382242781831 111.8277488166338 0
174.9426471245367 401.4278977980107 0
416.485403732744 126.2367915529454 0
138.5040019077547 421.5728105738472 0
429.6388187083561 80.5156249793307 0
415.0711081157454 -178.395251167891 0
416.9021615113152 -180.5426998631517 0
415.7463307271331 -183.1661619735746 0
394.6964182475855 184.2126731625515 0
411.2205410479429 -82.68702221801931 0
355.6323649062429 266.6946487060936 0
251.0904740840197 374.4430271944922 0
173.2156068639235 403.8770645353527 0
303.5106653149651 277.586897507929 0
253.7755374329539 361.6724024034936 0
2.494395604955242 428.8866929070266 0
174.4722437833145 406.5984808290688 0
389.9867968206182 186.3793351021768 0
356.8898792856344 269.4203182064173 0
396.8406485850138 -156.8075864539588 0
56.20765403935974 416.6678750924846 0
305.2307845398959 275.1316273257912 0
375.2128017152493 166.7875839379487 0
256.7601303853305 361.9436064990783 0
172.7457647204039 409.0474627530067 0
119.498408679983 398.9931598352528 0
133.7923403168221 423.7495077033709 0
285.7809715360792 307.2414250368345 0
419.3734238611056 27.47506126786832 0
436.1314978583928 -126.951632501412 0
352.1793811137048 271.5971885706402 0
281.0711151100883 309.4211787906602 0
135.0475434863529 426.4667020877044 0
376.5427852595259 -179.93090529366 0
450.8437493497807 -40.03183808928419 0
353.4347373733922 274.3196736078256 0
380.2448887986355 177.6749248595688 0
391.2439409995571 189.1143708686047 0
38.47041109212741 446.276631705386 0
61.39886343868969 409.3316211338748 0
62.65251643180576 412.0510334366315 0
174.0016024165735 411.7676134992919 0
314.1869551739638 275.9365666772283 0
48.03630761113923 423.7457776065244 0
111.8041969615258 400.8986328977268 0
413.7777060757753 -163.0206768880301 0
96.25137918663508 422.9372442448715 0
257.5534747625103 369.8105017172094 0
130.3377784262843 428.6391976730943 0
348.726312728412 276.4965298081881 0
175.2485015042558 414.4791219585143 0
389.5181544320316 191.5583376075815 0
412.9745658820491 -170.8511789012513 0
402.4026623099122 -101.714382109329 0
318.9000985664502 273.7567091085067 0
176.4572301519236 417.1734802626139 0
177.9875917576194 420.0772462390956 0
60.91953070471605 414.4986941162124 0
431.4621685465327 -141.4315852565387 0
428.4924645065175 -142.3754402199763 0
430.7800237822287 -144.3113363640545 0
259.1303422004185 372.7632952317222 0
372.5543486406758 179.5749847342559 0
349.9830308123102 279.2221593416491 0
128.6156522444086 431.1041127643222 0
389.0499894983518 196.7342383922724 0
319.3585226194278 268.5929103344649 0
11.8874948028346 443.6096649346785 0
407.4402953067218 -90.840587850688 0
437.685424679878 -25.59598571181044 0
387.3245337167595 199.1830316311747 0
195.5125517608139 390.266962944711 0
345.2732420291169 281.3961837011882 0
410.8401843481802 138.7553231955399 0
16.08151694717423 446.5636099732727 0
367.8448416067793 181.7518525523652 0
44.28641686848387 415.579440524513 0
346.529547100458 284.1230335201432 0
403.6287592774851 -166.515180631735 0
198.4962240577781 390.5374889099039 0
129.8801942467265 433.590919430026 0
396.0630737136898 119.1761818171672 0
398.6171855131065 -109.8544077540859 0
221.1015770777459 340.4693812075832 0
201.4807659740495 390.8081919994454 0
379.6294531010911 201.0828026090228 0
341.820166770777 286.2967420947336 0
397.3210877814381 121.8949806855968 0
372.8745868992099 192.6411024286688 0
211.6922465526119 394.3404040330594 0
443.6572853687547 -25.05806841511606 0
432.6234612010557 80.78496467430107 0
394.3271732951797 -162.2047836033122 0
28.52335071002864 424.5471900598482 0
444.917613941432 -22.34018304767427 0
343.0780625857425 289.0253281176532 0
435.6090099885531 81.05512395970439 0
374.9197150659029 203.2614955260477 0
209.9664960060752 396.7896541092199 0
392.0984988526098 -187.6508712429735 0
436.8680907789158 83.77437582502348 0
447.9642887362552 -22.01728336739809 0
412.5997242246731 -183.7293929689417 0
373.1941655509532 205.7105413925355 0
204.4660855397397 391.0794004353357 0
449.1614776138563 -19.35325403163722 0
35.01688772770881 401.7537471085487 0
338.3667832463713 291.197394278707 0
374.449932753366 208.4432991842327 0
438.1281579179056 86.49365985420872 0
365.1846324562601 194.5402570419617 0
430.2429733137794 57.12149993403027 0
207.4505701478584 391.3496120054157 0
431.9671739692845 54.67313436054102 0
429.1259264095094 -81.08505451246111 0
210.4355089337699 391.6209450279184 0
441.0933064936546 86.77117815297959 0
368.871546334704 -176.1318719823044 0
442.3095652465066 89.50853280074219 0
433.6929962262129 52.22236454692072 0
94.52219283358211 425.3869248180752 0
435.4190245641329 49.77107117824994 0
35.6746112758702 427.7761016356678 0
430.8505039787538 -83.5371628965523 0
360.4765967029486 196.7199552947981 0
369.7409168120681 210.6083331329775 0
211.2269480421382 399.5135505136652 0
435.8851479740595 44.60084326725637 0
358.750433318983 199.1601606171224 0
13.68231225833672 423.4018733339621 0
320.2867687437799 258.2567424565115 0
360.0063039820237 201.9045057388426 0
440.6712749353481 -25.32697616569729 0
436.3505529566096 39.43039068420259 0
395.1287500372685 129.5124772720467 0
412.0993309629749 141.4769948088527 0
436.815932108279 34.25999545503331 0
325.4615870154274 250.9121398593934 0
322.0136249843426 255.8080084589363 0
453.0613296349954 25.36352873936719 0
376.0318787941953 224.2266842154197 0
437.2812100257023 29.08961006155143 0
355.3007157907386 204.0648896547797 0
353.5761598955049 206.5114912191665 0
374.3059535602886 226.6792241192072 0
437.7463980835487 23.91923566336146 0
319.8260299426132 263.4233825613405 0
411.2665901991672 -168.4194433879647 0
327.1914039211507 248.4563899246548 0
330.6432545137579 243.5625719898878 0
438.2111620961821 18.74988589272423 0
49.4670811420589 408.2390558831527 0
30.23083509270416 422.1193877710892 0
402.8217000934669 -125.0093884744809 0
291.4238407081075 294.7253448075421 0
439.9360910940926 16.29909328314446 0
332.3690613988553 241.1142794602432 0
335.8179349093704 236.216245010644 0
397.7301360377709 -167.054629104723 0
337.5434577794542 233.7672487327807 0
86.82528545641208 427.2921825237623 0
325.0134880145499 256.0707416776711 0
340.5488277714417 234.0263137874802 0
442.9224479543442 16.56516918447093 0
340.9929456851372 228.8692112299814 0
23.21688432487412 449.7984898058641 0
24.48737477083674 452.4995644881454 0
444.6479353558524 14.11577466920586 0
342.718570625378 226.4203551110276 0
392.9361478594356 137.1311834979719 0
98.14204684544217 402.2579590068655 0
70.64620849776068 423.2111891184855 0
335.3701267216677 241.3743368431821 0
360.6434764469018 228.024799235558 0
28.82115674019911 437.469775488086 0
330.1914754958659 248.7225313391963 0
345.7262134934791 226.6784684800683 0
294.4080770367959 294.994319378182 0
447.6340750725212 14.383349810846 0
358.9179710683312 230.4743961359289 0
96.4137502204419 404.7075129043997 0
450.6201017583535 14.65152970383707 0
409.9064636762337 149.0967062072009 0
2.421490556094933 402.8472282470811 0
297.3921530821173 295.2637526011406 0
12.91330981179092 415.6730808092648 0
360.1734177735904 233.2181211453124 0
380.1495037577992 -168.7141882071402 0
27.57841326297518 434.7575587946833 0
79.12771468068726 429.1972542664832 0
428.7930253165988 -94.14495389222647 0
346.1719781605585 221.5206814926356 0
355.4662499438225 235.3771683718608 0
347.8979935852024 219.0716437025403 0
350.9042833589505 219.3300256374508 0
356.7201235381821 238.1223259078443 0
398.6319206327329 -177.2533706481543 0
21.05917092420435 408.4366485206352 0
22.46282277276076 441.9975883117992 0
26.03065604892992 419.1851756796801 0
402.5353787303946 164.0677000307848 0
352.0139573029142 240.2732062504463 0
300.3788002119142 295.5334799297482 0
88.72017338548496 406.6113781317283 0
351.3525759530906 214.1692967091514 0
353.2676145643456 243.0224616532028 0
380.8578987894255 154.2770879424667 0
15.59477127227331 402.9008506293804 0
49.12072576312433 444.693523372647 0
86.99146813218994 409.0603938394429 0
348.5618676204889 245.1724360005957 0
395.1645837188531 179.0359934205461 0
363.3973582763571 -173.410503170391 0
349.8152404884559 247.9232687045374 0
268.1266848772713 293.9290243103848 0
175.9050492888523 356.6721447051705 0
266.5861272599172 370.4630187703971 0
14.01936839523136 436.1554287841934 0
380.3880508505515 159.4417902434668 0
374.3066502275162 -169.2560072420205 0
91.14237403711793 384.3653630079286 0
427.988067976198 -102.0109309214278 0
345.1096241990088 250.0716416447222 0
51.01662732613821 424.0211926403912 0
52.44664241723614 408.5119435121136 0
346.3630334507581 252.815143389798 0
341.6594532726505 254.9776712065998 0
78.04057716013044 408.2461833300056 0
339.6195527206307 293.9167764177906 0
391.0791675873844 -175.3739047340684 0
342.9115058632613 257.7189003832584 0
54.40044090597785 450.2873682015934 0
52.62915560242498 451.9525209136673 0
340.81812903503 296.5953124459209 0
342.1097974187016 299.4930602924597 0
338.205989872326 259.8791320713239 0
387.7931256929988 194.005446880531 0
339.4574999404244 262.6212109255988 0
58.41184050809871 409.057360760599 0
2.839421159870723 417.3747059832563 0
381.6468640864772 162.1631548654947 0
55.42871341817981 408.7842411413969 0
315.9103419077552 273.4899538741719 0
70.34649463373924 410.148134943476 0
334.7507921846808 264.7732952425431 0
10.43087115255546 410.3395328080156 0
397.3569924540082 171.4166752407039 0
333.025106286818 267.2319266481691 0
68.61687780950021 412.5973521952537 0
452.1418641188806 -37.43133653534237 0
334.2778989967863 269.9730776371189 0
184.2291808189751 352.7830867960182 0
59.96293924058347 424.8439500258906 0
392.3133274481621 -172.6951643654401 0
308.2144812950046 275.3986251788176 0
329.5720944393613 272.1225174157724 0
311.2003268362857 275.6678543620019 0
327.8464300251532 274.5817757927255 0
329.0987091370193 277.324227603217 0
2.511563687490622 454.9532322592626 0
2.511563687487327 449.1530243750205 0
399.0988106335381 -133.1769183664146 0
376.4709288578979 169.50845619161 0
377.7294446609573 172.2288053891228 0
24.16049903348768 439.5819239147104 0
37.39649380996933 425.3499816551434 0
378.9878504148322 174.951724171837 0
324.3930293142915 279.4717681611315 0
322.6678996239694 281.9242332671915 0
323.9189636683678 284.6645260314772 0
319.2168187919193 286.8300119075252 0
320.4682090248633 289.5636056794782 0
315.7644719883981 291.7299393002164 0
50.38383484003106 447.2785933656634 0
364.3476194376777 -159.6509314173814 0
395.3769089512326 -141.3366369950281 0
25.18813253999653 455.5562326967129 0
40.36635982215267 425.6208007882667 0
317.0152344007141 294.4753010947775 0
369.1015334086513 184.4731698727794 0
370.359489861235 187.1941044121014 0
371.6163174734857 189.9155172358705 0
414.2261376889539 -168.1501827988101 0
312.309410396129 296.6201657395337 0
310.5843753262416 299.0730627519805 0
311.8336671736588 301.8148451366463 0
307.1310421439256 303.9700868700843 0
413.5069446309516 193.6785064088102 0
309.6378169801822 309.438249382731 0
309.1742419146855 314.6223170874969 0
63.29798830445878 450.8277685104044 0
66.43867864246226 451.7219971713409 0
304.4666575878857 316.7702646424077 0
299.7576429552532 318.9461508326781 0
425.6301953325747 -166.0079501183467 0
19.0989815577793 456.5054468937197 0
370.9935429934304 213.3307795559328 0
292.0636524044908 320.8514239437351 0
293.3117802115221 323.5979091129118 0
372.252817014006 216.0512990997561 0
385.2068829261851 -144.8921990191314 0
373.5099638943213 218.7707620977648 0
374.7721554298326 221.4966934919197 0
415.4790916341565 -165.4482671662628 0
41.60438598239856 428.3207986419102 0
128.6868063169746 435.9752261013359 0
430.746094463592 -151.492230613565 0
443.1529718818074 97.36166830936881 0
31.2933040741528 443.0474749538052 0
402.9687843635422 208.4367692709158 0
401.586662129081 57.07311322105662 0
456.723744094334 0.414353567041591 0
454.4956429735131 45.06063278017513 0
452.0533154930352 65.76668320488045 0
448.4869030360895 86.34956812261737 0
388.2935240367599 240.9050818709701 0
325.4848626639136 320.5069502950278 0
368.1367365786792 270.4334321630357 0
455.0257437627558 -41.2150205431134 0
305.9400929073993 339.0452406118335 0
231.4831450052765 393.2950218412502 0
438.7567180896319 126.9645862195598 0
444.0745743842753 106.7451286674802 0
93.39919560496583 447.1405669228528 0
401.5888468011926 217.9339992433366 0
456.0795109643857 24.25344899796853 0
353.5663989374075 289.4943015959715 0
150.4134398481481 431.1857266171821 0
456.8524116077275 6.333226445362887 0
364.5885267298489 275.2620981896449 0
385.1326390512818 245.7621405226547 0
371.6350746877679 265.5693435923528 0
329.6654427564744 316.2689325224951 0
449.7898393791261 80.61568114635038 0
184.0051462754609 418.2262412951082 0
452.7387870603027 59.95165053750726 0
301.5920695926317 343.0080614879225 0
119.4098748871327 440.8104226287878 0
218.7637454088579 400.9562618302178 0
454.4196063583823 -47.20993233555848 0
421.9947999183199 174.9444221659926 0
451.6873395833187 -67.93431711271887 0
393.9485187536021 230.7423524980482 0
440.3908490552311 121.4625510672491 0
445.4399649157458 101.1555979190479 0
99.13704131974858 445.9924624718961 0
164.7462905585653 426.0135241736913 0
81.34824721332714 449.3701318654747 0
315.0865490273092 330.817599955055 0
404.4396341625685 212.6299094716759 0
456.3270474165408 18.38264436593238 0
357.3326038331157 284.8062370450064 0
145.0148878587814 433.2257863312818 0
456.572360223589 11.99827679469889 0
139.0137785097692 434.6741977421782 0
360.9908632406299 280.0541580195844 0
444.9278586204916 -102.9110524549083 0
443.6558376216489 -106.162703223234 0
107.6259412098304 443.931701062893 0
273.4861002639918 365.5346733840168 0
249.3523216128305 382.4453881352547 0
226.6074942027992 396.8249489519903 0
244.378883684444 385.9036777487289 0
241.8835694771635 387.4469495248321 0
426.9316777915126 161.0947756879139 0
437.0605576157972 -131.912782017205 0
437.1022353266645 132.6789560507211 0
436.3474464498449 135.5448947647136 0
46.03438351098683 454.4625358103222 0
430.5263939604251 152.4590902827195 0
439.9725932716245 -123.4531652847872 0
125.0721612778591 439.4658013328759 0
455.4013877799354 -32.30872626895862 0
394.7768729935172 19.33189513766996 0
391.3225136985484 55.32961828469727 0
77.7055003084008 395.217855832578 0
288.0329024343397 354.2452510500493 0
42.85806387932605 431.050253126649 0
387.9371518333799 -157.6162681037276 0
351.8616624752871 208.9510606709108 0
29.57519893417248 445.4813997193005 0
14.47461074460089 431.0852351597887 0
384.9783475938406 -157.876968117078 0
416.7398068441371 -162.7426375368924 0
303.0066964734706 254.0178787172914 0
5.166225777998469 453.611935146257 0
387.6956906208421 -170.5670182896731 0
361.1013473258853 173.3165149288101 0
383.1782982610281 -155.4156048295023 0
27.72774471892561 416.7333001235814 0
27.8624008939042 447.7873358466138 0
418.0029245424628 -160.0355168646429 0
395.007285797113 -1.81796768039658 0
349.2687986029185 294.2319594866415 0
380.4154130989746 -124.9001705459527 0
388.92132838674 -167.876398420615 0
308.3845358174559 306.703881707195 0
328.605486995012 233.0385587622919 0
307.9174410938614 311.8789663786243 0
379.1152462950417 -158.4375995175254 0
436.0259511021605 -109.0316988334607 0
23.54175942922598 413.7630509170738 0
419.2634529446827 -157.3253896538133 0
402.00572993068 -182.1073263314232 0
398.6330947143795 223.0941161705764 0
434.3554665530739 -106.5910777821181 0
398.9661812187172 -164.3607286605944 0
291.5872408143643 326.0249813269371 0
376.1433747708868 -158.6934290129801 0
388.7309842154098 70.07830900203199 0
386.4493135692885 -142.1857991336654 0
332.5548768974317 222.8941319913732 0
292.8414953671188 328.7440650203063 0
294.0996771277702 331.4616701577599 0
420.5241136934388 -154.6144126919283 0
297.0815821427086 331.7337849563954 0
298.3444758716993 334.4516469907546 0
301.3134259019206 334.6966067935114 0
303.018518639478 337.631885206771 0
16.62074719989338 423.6256037492489 0
2.486755970447119 434.6010993338981 0
27.11558938668617 439.8615732590627 0
359.4257224925968 175.7684379257086 0
387.2167060363649 -165.46018852118 0
421.7855824929718 -151.9014469886633 0
393.6534414085227 57.22784553965861 0
397.2674534497176 -161.9298808489323 0
188.7064467968637 350.828431295586 0
252.3197311579986 377.0784224708389 0
423.028247253313 -149.2011556959017 0
374.4705164452549 -143.1156682885031 0
375.1238015528738 260.787780988136 0
424.3404506228432 -146.4782097792469 0
170.79100683894 356.7471466112744 0
395.3820272889395 -42.19809865217218 0
367.9218868558253 -151.3007840818883 0
30.06175909985338 440.1288778794455 0
347.0310112960358 189.160791220601 0
24.47444134489916 403.6524153852593 0
161.7397919650453 366.3810125913494 0
257.0411952633283 304.1834527316698 0
398.5048707045473 -159.2226295521497 0
367.977424773612 163.6242856031565 0
377.6095251343614 253.1175028413562 0
25.22064375635471 411.274431055679 0
387.6915004801445 -139.4711158317239 0
20.39519761142805 431.5662183373212 0
440.4518443560605 110.1459130865198 0
337.269083546576 220.7517706187602 0
74.73892195249846 394.9773340476002 0
399.7597993918911 -156.5221801904449 0
403.5143034991421 -148.3905824367404 0
332.0380047365005 228.126301366041 0
26.0707955243372 401.2143955585639 0
330.5352163909604 311.2757716088165 0
414.4135355130255 -118.8296036548579 0
401.0169793614616 -153.8172554677801 0
410.6380346515834 -127.0307527185115 0
333.7923184703167 225.6295244931464 0
402.2700204191008 -151.1036866852563 0
428.5050829081775 158.0912205267607 0
453.233641023604 14.90889266033588 0
299.7983810776572 269.316151561308 0
394.0250250232745 225.6957529755185 0
318.398591703946 242.6253201191768 0
401.8120227506934 -145.9668315540486 0
388.9321031503302 -136.7532890600237 0
27.3828752639675 453.0300622263167 0
403.0735108641935 -143.2660906563846 0
406.0197427802573 -142.9922607133254 0
456.8776851261999 -11.53968952422479 0
407.296029967499 -140.2761909519727 0
438.0817378501873 117.6925540975827 0
408.557058009539 -137.5632384498337 0
409.8185113547787 -134.8489589914908 0
321.6667438384836 242.8262499548426 0
355.1819617024538 173.0481183377404 0
87.86145930128123 448.0753383360875 0
10.43547612873102 456.6829099360095 0
411.0832872901528 -132.1263640713724 0
412.3550456962063 -129.4006512630122 0
411.9040363777219 -124.2754661936949 0
414.8597736476664 -123.9699511471196 0
416.1100233228775 -121.2503761305409 0
429.6945121930048 -104.4079091034685 0
419.9055008829151 -113.1283592362944 0
418.6153910208574 -115.8356614275323 0
337.6106095511299 215.4485953102431 0
427.0958885387207 -109.8742189557059 0
428.3948635336673 -107.1428926607724 0
329.0523372003604 227.8892887795263 0
422.8681905717449 -112.8537442199199 0
143.4832512211246 383.0920681793779 0
415.6703658052547 -116.1178785992714 0
424.144775766394 -110.1448896174817 0
371.3068589099015 -177.3519180696845 0
306.3067270327363 254.2363961230406 0
390.1705292968203 -134.0043219788961 0
17.42804872800994 431.3321473170964 0
54.39338720371719 393.7740498812882 0
390.9971199825118 -126.118148688255 0
432.6775886804949 -104.1561978581743 0
199.6894074006763 343.8717880387419 0
438.9204193761184 -108.7379206914384 0
128.5406125255792 373.6749591130011 0
445.1622199782094 -89.72376853818545 0
427.3776355569815 -146.4929260667325 0
392.7936471011911 -60.99848527329173 0
73.45741784523703 392.4159368010966 0
391.4031791484823 -131.2902885301113 0
358.3303389870949 -171.0987387785821 0
392.1754616989251 -68.74109329243316 0
452.6198107960766 -62.06052596204118 0
374.4099464111235 -156.1910648329554 0
434.6363710731523 -140.4798916359644 0
429.0470037358776 -148.9943753770915 0
323.8869648681209 235.3214720399912 0
236.9292196222049 390.6335762484538 0
184.2400687111646 415.2098729891483 0
323.3719439338954 240.4272684543062 0
404.3100325385447 25.93627487518274 0
326.8773243864451 235.5032515478835 0
389.7358192979301 -128.8523434478162 0
12.12205747800804 407.8760255089899 0
43.17587918479025 454.7991827348745 0
327.3253079023432 230.3844272118407 0
393.4910335230485 -34.91589899334596 0
133.7288079740468 436.5979724061335 0
394.7418775903766 -117.9774946196391 0
448.9722707997564 -68.90595753267183 0
5.037301245611871 404.6115037781417 0
442.9682016192801 -100.5639632697399 0
2.182829809666711 397.0641518621824 0
68.21270376889146 448.9871436917283 0
393.8953689723299 -125.8108007700294 0
12.60564851262671 402.7640295299983 0
26.16860108674799 450.1840274833683 0
388.7347312858903 84.72989798132049 0
442.2855085800142 -114.4093599293978 0
413.7789123520203 188.4208379151434 0
258.5469188071419 298.7917398478511 0
24.02687070352482 408.6175578116439 0
402.5143354069464 65.20069932145022 0
395.1238960276501 -123.1055603364159 0
453.5478501563659 -52.79556283036269 0
2.467027046701444 411.4117602526713 0
403.5678739855596 -117.1697662569236 0
390.346928267667 100.5034342756623 0
369.5286784003202 -140.5898816202069 0
347.9325141815077 296.6513160487228 0
395.4128494606636 48.79857816025957 0
398.9899682409558 -114.9812626430803 0
453.0954372636206 -29.43013020266958 0
36.6887470842785 399.3705258440956 0
446.4415382286236 -79.64068242823089 0
321.3376768598712 324.7940737260613 0
428.4586251722014 -157.3923686408729 0
391.9271216688276 79.52643678952714 0
393.4748141950774 -120.6799430382937 0
404.2359631928046 13.02155251552743 0
4.451578157716331 456.8178958913106 0
392.7017874767338 -46.91100776461067 0
412.0369142239591 191.0118896807502 0
400.176678358592 -8.209687014521609 0
256.9225276038918 377.8231599787244 0
241.5097501838198 316.365466900087 0
308.078628247509 257.1325608605973 0
424.4899823661989 168.9631546806897 0
397.6701058923189 -117.6737768138238 0
224.0256509298145 398.2362450662143 0
25.81005443013157 406.1198176351152 0
395.7858018721915 38.66741993273835 0
438.1853799750149 -129.0535054470919 0
203.0191733130612 406.7464035776862 0
97.2705853553329 443.7589546874479 0
164.9846469336993 361.7502158012323 0
276.6922258535747 293.0893527237406 0
159.2094754503259 428.1290803929938 0
147.1319994314638 378.0106585819265 0
397.2044027484282 225.6598743128696 0
432.8862134457767 -146.1450925292332 0
375.4791936672787 130.7412411154395 0
249.6862238232461 309.1632195722876 0
10.82452467634668 395.0786750367407 0
445.1596287229971 89.79511290051914 0
120.5560575445707 438.0556931087456 0
372.6909206734946 -153.7036596923677 0
217.6181018378168 329.5694507102131 0
391.262738269374 -95.05840473466168 0
392.5810886581647 43.28987951806985 0
390.0422188843481 -79.21307420173393 0
411.9638032196409 -191.2052077076461 0
434.4701582230858 140.9438532748492 0
246.0017415449104 381.6770211516965 0
451.1419752434201 71.54651396314725 0
454.0606872237452 10.1279906740792 0
398.5189863431492 12.53688205793398 0
282.6916416038469 275.8166871024356 0
31.40560102844002 393.881362649448 0
310.1397776169524 335.2267132614926 0
407.2744219483653 207.1234336801091 0
2.286022516013599 423.1974565618922 0
369.7196707002245 -153.8568811187909 0
444.1101033370355 -97.79076652627688 0
238.0941273284775 321.2537919224511 0
415.051271149308 -190.6257904576906 0
380.6046150260275 -106.3505829962185 0
76.27011158158794 387.666651220663 0
46.83188313409465 392.3990210361864 0
419.881164708902 180.3104921952788 0
362.9228029670367 -170.4537340836318 0
298.6960981483013 266.6456148761768 0
22.11486526655045 398.017455753488 0
382.1788662897264 -127.2017604989634 0
367.4830317806155 -172.0957481827657 0
2.26411614180813 408.5515691853666 0
371.2087901425645 -143.0406638085048 0
298.7768892137917 342.482737843234 0
328.7056283019763 313.6172467560098 0
396.9388462793138 -21.55364982442201 0
399.0370864017439 -29.44894698895444 0
104.9021726006103 444.7822930159771 0
263.9754298744886 297.3455270540128 0
189.355040289332 415.8164808112192 0
414.4983353378734 -185.8416540612392 0
456.3229985996123 -20.64296392267915 0
200.3031577171261 410.7394379543966 0
353.3450106656331 193.8222155420497 0
389.4804607231231 92.25837869397573 0
452.4867037109189 42.93091304656993 0
79.31095334650192 447.2035125114917 0
366.6828455597392 161.1063313348492 0
367.9609792311583 150.7217207884069 0
239.1156148940933 386.4865637243453 0
31.46869370767806 455.7274691453443 0
14.39318696911287 454.0583605536082 0
181.1860413013549 365.8051017945955 0
71.47757788757941 449.2064284161153 0
454.378849028788 5.142930344495229 0
108.6566793313931 382.544516732096 0
192.0839027368306 347.9997782428883 0
222.0953044091035 330.3893646570273 0
410.8125577476098 -194.2038420932701 0
227.4604154088218 322.9570268328342 0
140.4891437924467 431.9526346563603 0
405.1571793808458 20.94501583611468 0
12.67691051266405 397.6603091265743 0
179.3318210720162 417.2652449725337 0
113.868712642942 442.3146798673083 0
417.7816424589212 -185.1047253725965 0
442.6037034082374 102.0620626034722 0
375.0253204827019 140.9679953054225 0
93.98283262391718 383.5221533279688 0
453.8531441754377 -8.359749859600452 0
356.4503209904364 175.6886868901654 0
405.4560906546946 15.84155298962349 0
343.3623231574327 296.6776245550638 0
4.690006782584689 427.1520983814615 0
167.7119524044411 357.4729745197225 0
259.4877099176694 375.9827916117338 0
291.2058193888949 275.1991088856221 0
431.8142243160968 149.7502237823279 0
316.5733039189478 244.9896884148988 0
396.9154761720421 -187.4710054275859 0
43.00416994877092 400.0180906556548 0
452.504417094263 -42.32763699725045 0
196.6227453189646 348.6374683322985 0
140.5075918586804 383.0155949495472 0
418.888178168526 -182.4615839408536 0
58.0649191591142 453.6255713119317 0
39.53183786824336 399.7148875344486 0
397.1973550849712 220.6573455087239 0
84.90667348077382 385.6114159321497 0
354.8592205603287 178.2022004550386 0
396.8387665972109 -52.90105692950741 0
348.5802665997328 200.9385694402413 0
435.3739112230539 130.4840048991743 0
261.6509705671265 305.4408927668322 0
390.176272885305 -97.8099302112671 0
300.5298601555613 264.0439749037197 0
67.13823447330586 389.0707665974502 0
418.1933872513408 -177.7217377000151 0
381.0191043200264 -129.9073341012154 0
99.7977113500671 382.1469639974966 0
264.3118970377795 372.7863625706567 0
402.4966722314795 51.81009937690973 0
404.7977074075373 -194.5761706540334 0
389.4995066470724 111.0103483302349 0
391.9223929952359 -185.0455084400774 0
215.0269802541615 331.4228973491246 0
47.26291001071539 451.9314234519725 0
58.99081032555949 390.4430576302831 0
285.0344482730974 353.7813743663987 0
449.7193252720298 -82.80738283195598 0
397.6404768465828 4.842587893969222 0
73.07522053510958 388.16792594794 0
427.0635319400841 155.617672601814 0
120.039714570116 376.0630634170442 0
437.1489917116374 -124.1717624705601 0
451.6435231922757 48.9871692268996 0
151.9746679131631 376.1054640410925 0
453.9183311971298 -21.97431089837056 0
183.4122605617948 358.3186717926781 0
51.58733571975235 449.7412001583755 0
202.635961631429 338.8974609588549 0
443.4669399406055 -111.9349694821295 0
368.9275183485265 265.1102749854157 0
421.3488479711004 -176.9162485189518 0
372.3817039254112 260.2805117425588 0
384.5035838130365 118.3592606010572 0
370.6504319390583 262.6643864878003 0
128.0764479997459 438.8633560938541 0
271.7706961037699 367.8058988240482 0
454.0411075887714 22.64642911531284 0
416.4351042586887 188.252290255107 0
284.5682824670961 273.6351867320886 0
269.9423347555834 303.4379362795006 0
447.6241649957107 76.69152777968266 0
319.3943554350089 326.9914436786914 0
278.4977271032725 290.889655279449 0
367.1782271585116 267.5048772771334 0
436.5639285711857 -119.3067547021678 0
408.9817064896573 204.7880997427076 0
280.0835962503804 288.5972289671156 0
175.8255154564357 422.039568575605 0
251.8753648353064 304.2198173329902 0
376.8395188454425 258.2831311518781 0
390.0826191479803 -62.00760654259808 0
453.4652564315948 28.24508634500974 0
448.3755345980954 -88.55437174222499 0
183.2867081497655 362.9316393636305 0
344.1474226663404 301.2113834662964 0
365.4455204163195 269.9903755759316 0
153.1035510607805 427.5505789470135 0
210.412599460984 337.2356903694943 0
426.5510767526132 -140.6637616485309 0
113.3304558060994 380.7390712755444 0
29.71832644971457 396.2952702995947 0
16.14372636957596 456.5371157446374 0
326.8844545159361 315.8723267161745 0
20.24600207731601 395.9024748367588 0
382.2898544728198 -108.6975871318475 0
375.8638114222942 255.540602735347 0
455.4028015233087 39.21752396652967 0
133.4622640184611 374.5705496616665 0
389.4975064098907 -64.94947084092686 0
275.8816098129429 361.0291465735629 0
419.957918707862 -172.4367422475998 0
4.792466289694723 445.2485316218469 0
375.3558138858901 122.2906603667622 0
456.0217144623892 33.24203227649122 0
398.7908017930267 218.1322901825684 0
290.4065298300449 349.0832679410726 0
437.5979927346278 122.3804908336647 0
363.6778580471217 272.3728852666338 0
401.5319708273951 30.77718140066425 0
388.1103726811531 -70.77152531007614 0
165.2443797556191 423.5208142281502 0
155.5567926496267 371.2577122154882 0
380.3418536825736 253.7070318651687 0
454.538232139904 -0.9856886472946942 0
137.577366949188 377.1588815373364 0
390.1651789204152 74.9947941988396 0
4.510903638618144 401.3239220397326 0
378.1077523458351 -130.5317488092582 0
89.5072465181274 445.4151953188572 0
299.5921940650253 261.2013223349456 0
457.0419826977126 -14.507175479852 0
392.1219172719458 -81.59705041871013 0
170.4042092261488 424.3378225868123 0
447.2129597271979 81.52173677007873 0
361.9280974918839 274.8454374518354 0
451.4819379324489 -50.70294744603443 0
446.6620377182552 -97.46745327646192 0
228.3991240577381 392.6731122071845 0
441.7292733321186 107.7271849681163 0
32.7504814829592 453.470876479401 0
419.2225131057501 175.5267760050015 0
425.9742916508497 166.7677400332674 0
208.708796819952 406.74420388113 0
392.515777350872 -43.38547082627997 0
449.8895023550218 -65.84872647791222 0
455.9351933704108 -35.3325873282936 0
389.0048185603328 102.8868853276871 0
450.7400554418349 -76.60939981477532 0
40.66535839686868 392.6287920657865 0
42.91571415779059 395.1949793442271 0
454.0565324116824 54.04542119076611 0
383.0785426771925 115.6405419041004 0
307.1909012844062 334.8862658489489 0
450.1785759780288 64.07143199614443 0
381.9106042033355 250.9013221276378 0
369.2009656902788 152.7812353676888 0
450.5779240281085 -58.04164113431048 0
424.077421576308 -171.4203954778266 0
248.6636571427605 306.7396081629779 0
378.6811781087527 -178.7552754269081 0
148.3012120711465 429.6709177004228 0
394.7774466484984 67.57110806911231 0
394.4474797565202 10.22093843496759 0
4.529640239094511 433.0726436238926 0
380.2866315597146 116.1082707691688 0
296.9607578482905 344.8897172683929 0
450.6443234436217 58.62555197629521 0
399.8169574119403 -192.0570032018171 0
363.9598060099964 161.1983814710948 0
359.8186619123528 162.0978371118047 0
451.5736061617903 -18.82289531876313 0
397.0589514307338 -3.183244836620272 0
351.8165372988888 196.2458100177583 0
237.1934639971565 318.9037790894237 0
360.1568741155684 277.2818000565479 0
442.4968307960259 115.5764347470169 0
392.9183104293012 -37.94591395133884 0
352.192987770689 178.4374633050393 0
350.8002302596966 181.2641035899969 0
386.6329338653769 -185.611442952623 0
399.7978190369151 -16.30672359342627 0
252.2523017568104 381.4966501364549 0
195.1255962242763 413.2929625973809 0
447.3279307668967 95.24664790199479 0
387.5104599227634 86.92619273777086 0
294.6083698063103 349.4170408133816 0
72.358331770707 451.4455137249599 0
230.2983851610269 320.9177765558638 0
374.4524858738287 132.9598035714919 0
399.1727679804251 34.16201061755961 0
4.722597925590676 415.4296950864345 0
430.2173791795638 -146.6056099949957 0
380.9117315778846 248.0033658535554 0
287.1261159486392 274.1046698481697 0
241.8419858224349 311.7291073936161 0
216.641207770869 399.6674298392024 0
339.7350714887756 301.4283762576665 0
27.21893112897232 395.9948309141526 0
387.517051864779 -98.43273386973334 0
4.403889396470714 450.6417269625277 0
100.4552488068306 443.5678067796786 0
1.979520220330027 440.4440565231189 0
358.388042635657 279.7247375164601 0
432.8965079986979 138.4298692446866 0
394.3737595339992 -49.33583786702239 0
400.4238889882812 215.5726660369264 0
400.4666729793043 59.80922136542839 0
422.6475210062081 -167.0219663162462 0
82.0146796416138 447.0106714069761 0
269.4791711550903 296.199411143811 0
391.0414197974684 95.43635006922656 0
20.05451386634508 454.0568593741964 0
206.7550446465991 339.5286026900546 0
373.4916227207117 -176.2719101010628 0
447.1911432006835 -94.12851205516988 0
176.2743551309345 362.7017817282204 0
417.7207895825752 185.5791325252727 0
244.4314762179943 383.4314664867499 0
441.117969617503 -120.5907279364348 0
381.40087135312 -111.2455372148944 0
382.5438244597832 245.3969962759636 0
373.1618854207393 136.9091913557665 0
381.4090376709312 -183.0886770770385 0
60.7317847127604 450.1821039045144 0
407.5489179505483 200.6529426079897 0
454.1921030246609 17.12661883393193 0
199.0737230084171 340.9614614629737 0
370.8509411155261 141.8853166534815 0
186.246792361921 350.8191946793572 0
221.87668703207 397.1915496764331 0
301.2057125405747 258.81104247158 0
324.916271285673 318.1814761849201 0
399.9350667033826 65.32175374081552 0
456.6978642782499 -26.44545951758098 0
123.1619685715233 437.8781654427776 0
76.3714341819212 450.6667884790854 0
54.86395323701188 390.984705361412 0
438.1180167163891 -121.5647821580015 0
376.6913198144114 -133.4226821920708 0
356.1827605937925 -170.1314491021853 0
314.7837632014606 327.9691655632276 0
98.86848769221083 384.4714034048921 0
356.596114764877 282.1308271639998 0
399.4178036036298 -10.98310876084674 0
108.1020703923954 441.4851269947674 0
2.119824056232106 394.7231607708694 0
423.9972911339215 -164.0477356903502 0
446.3834801628871 87.44191830093466 0
160.5477009250016 369.1714402632047 0
430.6221613297408 145.3642191541652 0
135.8242394087119 433.8484010679509 0
232.4037438541744 390.6071280901702 0
214.5337868735848 337.6691996410645 0
398.3678559579768 -32.14828757173435 0
72.23798714292893 390.3682752535264 0
441.4121179303808 -108.3018728195917 0
396.7152974240329 -25.030141113644 0
384.1670477197671 242.803305661928 0
130.7264223363373 374.785478434064 0
64.39639267570946 389.0729952200351 0
387.0739809074157 110.9372514421382 0
159.9750264790241 425.7161810515771 0
213.7753372306608 404.4160605956542 0
52.05374505909268 454.3566385877903 0
50.20219190842364 451.968289746872 0
273.9854095549676 363.0850920935217 0
2.130550885223905 457.1934026695188 0
300.4304860111946 255.6742659296877 0
389.2484466480396 80.13596361705214 0
90.56091695037034 386.7486369597773 0
254.6360705350056 376.9719713029056 0
354.8100831432747 284.6171487809741 0
393.9271109730851 -83.71976113315957 0
125.6307378791315 373.7925999809211 0
82.1264611519031 385.6911103825811 0
449.4311417496357 69.70491716492472 0
143.0562679063037 431.84618827438 0
428.3805723376383 153.2624170401541 0
4.068813082622498 407.2449440338521 0
261.8714886204548 371.9646477399919 0
255.9134209445015 300.1114496799586 0
340.3590393243442 305.7732680218129 0
237.1264651302487 388.369618873477 0
164.0280004740463 364.3977769161621 0
173.5906611236568 357.4288490825164 0
115.0110119276636 439.8456408909461 0
402.0061769616367 213.0147198151704 0
453.1096186139109 -39.77858673459392 0
185.9374974710474 355.0808302392143 0
395.2840517056592 35.93669808353944 0
200.6646790357728 408.51378069789 0
396.8891400795529 2.638346512807773 0
436.6669490704921 127.8537874731397 0
454.9353372696312 7.826412087741996 0
393.1744059157119 -54.70273491231389 0
413.3750652947552 -195.2500594948119 0
350.6716368420237 186.9485048097906 0
452.3524531278394 -48.3274338780135 0
267.35534754344 303.4227244229979 0
390.8837261057316 69.00228969034274 0
385.8440445740266 240.6178950138831 0
427.3050370992727 -138.0645596930188 0
105.9115487839316 383.0356504234458 0
424.7716456631065 -161.5821376413664 0
401.679427675675 26.63213314913914 0
258.9049736572864 305.6833029774421 0
396.9926685286659 51.04155481677883 0
187.1896989633051 414.6958244567452 0
15.85731764505133 394.4142054789227 0
395.8167983419106 -87.08187739971757 0
24.71744704112829 399.2266037168016 0
420.4735208529354 173.1109179157199 0
443.6779088969574 99.57614170808488 0
222.2955466901523 325.7229497357322 0
374.0021419968018 126.2380435040147 0
54.93070416654185 396.5434052129316 0
349.2492797064497 196.1059857391153 0
401.260804771713 54.0466576742247 0
119.1331592719824 378.5774435611773 0
6.210740256083727 399.9144738135081 0
22.75814013213479 454.0573814172095 0
370.7691088105871 156.4650749291306 0
404.0413834021463 23.06600314475111 0
352.9977776904112 286.9728176220327 0
305.7097926999075 336.730782691246 0
139.3249059129433 381.0401082923113 0
409.3607224142298 -196.7840762141486 0
444.8937779114151 -81.81291913336165 0
189.9201936408548 348.9194339552303 0
167.2514426560676 359.638609023324 0
279.0112357138815 286.3599184868715 0
373.941430555053 -133.8801528707993 0
391.7263032713199 76.83497160683078 0
181.9254575300897 417.1328054178072 0
265.398027003489 295.0576032922022 0
394.6453760860139 -39.40025375754975 0
390.2226435533256 -74.56851971914517 0
4.576233446536548 419.5602567933317 0
346.9013671642011 199.6927155002275 0
291.3603039800958 277.2912132685548 0
273.6871748820633 298.7325556535533 0
386.6500504722535 -100.9183539274098 0
290.7861190644546 353.2634319535588 0
144.1905108447776 378.5636595361981 0
297.9501774399778 346.9875731374748 0
254.6789193260146 304.8443970864531 0
457.531278360632 -5.603040868555764 0
352.0420204151022 183.1681001391094 0
226.8845705831057 394.4871508548917 0
360.3970438449047 -170.0147840020147 0
149.670471169101 376.1419010063457 0
454.4376851849801 12.90289818890214 0
428.6046711482089 -144.5623505711479 0
4.153631194889861 424.5984559103462 0
19.83404800591228 393.9040063534387 0
434.1397829475422 136.2601551359905 0
450.7255565073178 -63.27349836803538 0
391.5559422426726 46.14968130530212 0
411.769239736811 199.6213846011502 0
387.2720060398764 238.8136594742809 0
51.53242309863606 393.6092221153747 0
267.4669283278872 367.6336407087038 0
399.9961565643961 14.57524522821487 0
110.5164292052426 381.0495969398233 0
424.3824748929328 162.9459994770978 0
368.9015130384578 -173.8719527614941 0
323.2653279009078 320.3915598284544 0
4.255349461323986 398.4896107532604 0
373.192746540241 -136.077966835742 0
451.7244373532776 -73.95753856065909 0
204.9932920245229 408.6740952872202 0
91.78772953227229 445.4872879076684 0
219.8557702973876 330.4708432999094 0
428.5573906544299 -160.3942895259094 0
358.3066509101913 164.4046040622822 0
351.2618980448604 289.1590466897952 0
394.9685087221989 41.43058817140754 0
403.3862689554142 210.6332937704364 0
261.5588046109415 298.8909774183074 0
412.2312501212253 -198.512103133613 0
438.6984127211505 119.8720534757603 0
391.131064950261 -66.65878821466552 0
198.8617889591471 346.7872740516243 0
195.8348452790731 410.6948561342882 0
35.13640897173804 450.2530832907581 0
379.349596855574 121.2066231712016 0
453.3887275962003 40.52093394079075 0
365.2276448272996 -172.1803882157156 0
131.2182914009654 435.4753824232051 0
281.3275146806885 283.5721461558146 0
416.4342139900755 183.6780222818543 0
194.0623222141972 349.0474344431174 0
295.3135438106663 277.3362320544603 0
448.2276314232033 78.95757539709243 0
312.8485626024353 330.0491262032648 0
454.8657314482813 -10.30483127608649 0
280.8200827389969 353.3125328057183 0
336.2169389156346 306.1081361608163 0
446.6084314186303 -84.8219348265464 0
384.61252480449 -104.2408583738433 0
103.2566924763375 443.4712900298401 0
63.89006132654562 453.0657344133655 0
383.0559775398493 -113.2155115218872 0
$EndNodes
$Elements
5 15700 1563 65561
1 19 1 310
1563 15 1545 
1564 1545 1546 
1565 1546 1547 
1566 1547 1548 
1567 1548 1549 
1568 1549 1550 
1569 1550 1551 
1570 1551 1552 
1571 1552 1553 
1572 1553 1554 
1573 1554 1555 
1574 1555 1556 
1575 1556 1557 
1576 1557 1558 
1577 1558 1559 
1578 1559 1560 
1579 1560 1561 
1580 1561 1562 
1581 1562 1563 
1582 1563 1564 
1583 1564 1565 
1584 1565 1566 
1585 1566 1567 
1586 1567 1568 
1587 1568 1569 
1588 1569 1570 
1589 1570 1571 
1590 1571 1572 
1591 1572 1573 
1592 1573 1574 
1593 1574 1575 
1594 1575 1576 
1595 1576 1577 
1596 1577 1578 
1597 1578 1579 
1598 1579 1580 
1599 1580 1581 
1600 1581 1582 
1601 1582 1583 
1602 1583 1584 
1603 1584 1585 
1604 1585 1586 
1605 1586 1587 
1606 1587 1588 
1607 1588 1589 
1608 1589 1590 
1609 1590 1591 
1610 1591 1592 
1611 1592 1593 
1612 1593 1594 
1613 1594 1595 
1614 1595 1596 
1615 1596 1597 
1616 1597 1598 
1617 1598 1599 
1618 1599 1600 
1619 1600 1601 
1620 1601 1602 
1621 1602 1603 
1622 1603 1604 
1623 1604 1605 
1624 1605 1606 
1625 1606 1607 
1626 1607 1608 
1627 1608 1609 
1628 1609 1610 
1629 1610 1611 
1630 1611 1612 
1631 1612 1613 
1632 1613 1614 
1633 1614 1615 
1634 1615 1616 
1635 1616 1617 
1636 1617 1618 
1637 1618 1619 
1638 1619 1620 
1639 1620 1621 
1640 1621 1622 
1641 1622 1623 
1642 1623 1624 
1643 1624 1625 
1644 1625 1626 
1645 1626 1627 
1646 1627 1628 
1647 1628 1629 
1648 1629 1630 
1649 1630 1631 
1650 1631 1632 
1651 1632 1633 
1652 1633 1634 
1653 1634 1635 
1654 1635 1636 
1655 1636 1637 
1656 1637 1638 
1657 1638 1639 
1658 1639 1640 
1659 1640 1641 
1660 1641 1642 
1661 1642 1643 
1662 1643 1644 
1663 1644 1645 
1664 1645 1646 
1665 1646 1647 
1666 1647 1648 
1667 1648 1649 
1668 1649 1650 
1669 1650 1651 
1670 1651 1652 
1671 1652 1653 
1672 1653 1654 
1673 1654 1655 
1674 1655 1656 
1675 1656 1657 
1676 1657 1658 
1677 1658 1659 
1678 1659 1660 
1679 1660 1661 
1680 1661 1662 
1681 1662 1663 
1682 1663 1664 
1683 1664 1665 
1684 1665 1666 
1685 1666 1667 
1686 1667 1668 
1687 1668 1669 
1688 1669 1670 
1689 1670 1671 
1690 1671 1672 
1691 1672 1673 
1692 1673 1674 
1693 1674 1675 
1694 1675 1676 
1695 1676 1677 
1696 1677 1678 
1697 1678 1679 
1698 1679 1680 
1699 1680 1681 
1700 1681 1682 
1701 1682 1683 
1702 1683 1684 
1703 1684 1685 
1704 1685 1686 
1705 1686 1687 
1706 1687 1688 
1707 1688 1689 
1708 1689 1690 
1709 1690 1691 
1710 1691 1692 
1711 1692 1693 
1712 1693 1694 
1713 1694 1695 
1714 1695 1696 
1715 1696 1697 
1716 1697 1698 
1717 1698 1699 
1718 1699 1700 
1719 1700 1701 
1720 1701 1702 
1721 1702 1703 
1722 1703 1704 
1723 1704 1705 
1724 1705 1706 
1725 1706 1707 
1726 1707 1708 
1727 1708 1709 
1728 1709 1710 
1729 1710 1711 
1730 1711 1712 
1731 1712 1713 
1732 1713 1714 
1733 1714 1715 
1734 1715 1716 
1735 1716 1717 
1736 1717 1718 
1737 1718 1719 
1738 1719 1720 
1739 1720 1721 
1740 1721 1722 
1741 1722 1723 
1742 1723 1724 
1743 1724 1725 
1744 1725 1726 
1745 1726 1727 
1746 1727 1728 
1747 1728 1729 
1748 1729 1730 
1749 1730 1731 
1750 1731 1732 
1751 1732 1733 
1752 1733 1734 
1753 1734 1735 
1754 1735 1736 
1755 1736 1737 
1756 1737 1738 
1757 1738 1739 
1758 1739 1740 
1759 1740 1741 
1760 1741 1742 
1761 1742 1743 
1762 1743 1744 
1763 1744 1745 
1764 1745 1746 
1765 1746 1747 
1766 1747 1748 
1767 1748 1749 
1768 1749 1750 
1769 1750 1751 
1770 1751 1752 
1771 1752 1753 
1772 1753 1754 
1773 1754 1755 
1774 1755 1756 
1775 1756 1757 
1776 1757 1758 
1777 1758 1759 
1778 1759 1760 
1779 1760 1761 
1780 1761 1762 
1781 1762 1763 
1782 1763 1764 
1783 1764 1765 
1784 1765 1766 
1785 1766 1767 
1786 1767 1768 
1787 1768 1769 
1788 1769 1770 
1789 1770 1771 
1790 1771 1772 
1791 1772 1773 
1792 1773 1774 
1793 1774 1775 
1794 1775 1776 
1795 1776 1777 
1796 1777 1778 
1797 1778 1779 
1798 1779 1780 
1799 1780 1781 
1800 1781 1782 
1801 1782 1783 
1802 1783 1784 
1803 1784 1785 
1804 1785 1786 
1805 1786 1787 
1806 1787 1788 
1807 1788 1789 
1808 1789 1790 
1809 1790 1791 
1810 1791 1792 
1811 1792 1793 
1812 1793 1794 
1813 1794 1795 
1814 1795 1796 
1815 1796 1797 
1816 1797 1798 
1817 1798 1799 
1818 1799 1800 
1819 1800 1801 
1820 1801 1802 
1821 1802 1803 
1822 1803 1804 
1823 1804 1805 
1824 1805 1806 
1825 1806 1807 
1826 1807 1808 
1827 1808 1809 
1828 1809 1810 
1829 1810 1811 
1830 1811 1812 
1831 1812 1813 
1832 1813 1814 
1833 1814 1815 
1834 1815 1816 
1835 1816 1817 
1836 1817 1818 
1837 1818 1819 
1838 1819 1820 
1839 1820 1821 
1840 1821 1822 
1841 1822 1823 
1842 1823 1824 
1843 1824 1825 
1844 1825 1826 
1845 1826 1827 
1846 1827 1828 
1847 1828 1829 
1848 1829 1830 
1849 1830 1831 
1850 1831 1832 
1851 1832 1833 
1852 1833 1834 
1853 1834 1835 
1854 1835 1836 
1855 1836 1837 
1856 1837 1838 
1857 1838 1839 
1858 1839 1840 
1859 1840 1841 
1860 1841 1842 
1861 1842 1843 
1862 1843 1844 
1863 1844 1845 
1864 1845 1846 
1865 1846 1847 
1866 1847 1848 
1867 1848 1849 
1868 1849 1850 
1869 1850 1851 
1870 1851 1852 
1871 1852 1853 
1872 1853 16 
1 20 1 23
1873 16 1854 
1874 1854 1855 
1875 1855 1856 
1876 1856 1857 
1877 1857 1858 
1878 1858 1859 
1879 1859 1860 
1880 1860 1861 
1881 1861 1862 
1882 1862 1863 
1883 1863 1864 
1884 1864 1865 
1885 1865 1866 
1886 1866 1867 
1887 1867 1868 
1888 1868 1869 
1889 1869 1870 
1890 1870 1871 
1891 1871 1872 
1892 1872 1873 
1893 1873 1874 
1894 1874 1875 
1895 1875 14 
1 21 1 265
1896 14 1876 
1897 1876 1877 
1898 1877 1878 
1899 1878 1879 
1900 1879 1880 
1901 1880 1881 
1902 1881 1882 
1903 1882 1883 
1904 1883 1884 
1905 1884 1885 
1906 1885 1886 
1907 1886 1887 
1908 1887 1888 
1909 1888 1889 
1910 1889 1890 
1911 1890 1891 
1912 1891 1892 
1913 1892 1893 
1914 1893 1894 
1915 1894 1895 
1916 1895 1896 
1917 1896 1897 
1918 1897 1898 
1919 1898 1899 
1920 1899 1900 
1921 1900 1901 
1922 1901 1902 
1923 1902 1903 
1924 1903 1904 
1925 1904 1905 
1926 1905 1906 
1927 1906 1907 
1928 1907 1908 
1929 1908 1909 
1930 1909 1910 
1931 1910 1911 
1932 1911 1912 
1933 1912 1913 
1934 1913 1914 
1935 1914 1915 
1936 1915 1916 
1937 1916 1917 
1938 1917 1918 
1939 1918 1919 
1940 1919 1920 
1941 1920 1921 
1942 1921 1922 
1943 1922 1923 
1944 1923 1924 
1945 1924 1925 
1946 1925 1926 
1947 1926 1927 
1948 1927 1928 
1949 1928 1929 
1950 1929 1930 
1951 1930 1931 
1952 1931 1932 
1953 1932 1933 
1954 1933 1934 
1955 1934 1935 
1956 1935 1936 
1957 1936 1937 
1958 1937 1938 
1959 1938 1939 
1960 1939 1940 
1961 1940 1941 
1962 1941 1942 
1963 1942 1943 
1964 1943 1944 
1965 1944 1945 
1966 1945 1946 
1967 1946 1947 
1968 1947 1948 
1969 1948 1949 
1970 1949 1950 
1971 1950 1951 
1972 1951 1952 
1973 1952 1953 
1974 1953 1954 
1975 1954 1955 
1976 1955 1956 
1977 1956 1957 
1978 1957 1958 
1979 1958 1959 
1980 1959 1960 
1981 1960 1961 
1982 1961 1962 
1983 1962 1963 
1984 1963 1964 
1985 1964 1965 
1986 1965 1966 
1987 1966 1967 
1988 1967 1968 
1989 1968 1969 
1990 1969 1970 
1991 1970 1971 
1992 1971 1972 
1993 1972 1973 
1994 1973 1974 
1995 1974 1975 
1996 1975 1976 
1997 1976 1977 
1998 1977 1978 
1999 1978 1979 
2000 1979 1980 
2001 1980 1981 
2002 1981 1982 
2003 1982 1983 
2004 1983 1984 
2005 1984 1985 
2006 1985 1986 
2007 1986 1987 
2008 1987 1988 
2009 1988 1989 
2010 1989 1990 
2011 1990 1991 
2012 1991 1992 
2013 1992 1993 
2014 1993 1994 
2015 1994 1995 
2016 1995 1996 
2017 1996 1997 
2018 1997 1998 
2019 1998 1999 
2020 1999 2000 
2021 2000 2001 
2022 2001 2002 
2023 2002 2003 
2024 2003 2004 
2025 2004 2005 
2026 2005 2006 
2027 2006 2007 
2028 2007 2008 
2029 2008 2009 
2030 2009 2010 
2031 2010 2011 
2032 2011 2012 
2033 2012 2013 
2034 2013 2014 
2035 2014 2015 
2036 2015 2016 
2037 2016 2017 
2038 2017 2018 
2039 2018 2019 
2040 2019 2020 
2041 2020 2021 
2042 2021 2022 
2043 2022 2023 
2044 2023 2024 
2045 2024 2025 
2046 2025 2026 
2047 2026 2027 
2048 2027 2028 
2049 2028 2029 
2050 2029 2030 
2051 2030 2031 
2052 2031 2032 
2053 2032 2033 
2054 2033 2034 
2055 2034 2035 
2056 2035 2036 
2057 2036 2037 
2058 2037 2038 
2059 2038 2039 
2060 2039 2040 
2061 2040 2041 
2062 2041 2042 
2063 2042 2043 
2064 2043 2044 
2065 2044 2045 
2066 2045 2046 
2067 2046 2047 
2068 2047 2048 
2069 2048 2049 
2070 2049 2050 
2071 2050 2051 
2072 2051 2052 
2073 2052 2053 
2074 2053 2054 
2075 2054 2055 
2076 2055 2056 
2077 2056 2057 
2078 2057 2058 
2079 2058 2059 
2080 2059 2060 
2081 2060 2061 
2082 2061 2062 
2083 2062 2063 
2084 2063 2064 
2085 2064 2065 
2086 2065 2066 
2087 2066 2067 
2088 2067 2068 
2089 2068 2069 
2090 2069 2070 
2091 2070 2071 
2092 2071 2072 
2093 2072 2073 
2094 2073 2074 
2095 2074 2075 
2096 2075 2076 
2097 2076 2077 
2098 2077 2078 
2099 2078 2079 
2100 2079 2080 
2101 2080 2081 
2102 2081 2082 
2103 2082 2083 
2104 2083 2084 
2105 2084 2085 
2106 2085 2086 
2107 2086 2087 
2108 2087 2088 
2109 2088 2089 
2110 2089 2090 
2111 2090 2091 
2112 2091 2092 
2113 2092 2093 
2114 2093 2094 
2115 2094 2095 
2116 2095 2096 
2117 2096 2097 
2118 2097 2098 
2119 2098 2099 
2120 2099 2100 
2121 2100 2101 
2122 2101 2102 
2123 2102 2103 
2124 2103 2104 
2125 2104 2105 
2126 2105 2106 
2127 2106 2107 
2128 2107 2108 
2129 2108 2109 
2130 2109 2110 
2131 2110 2111 
2132 2111 2112 
2133 2112 2113 
2134 2113 2114 
2135 2114 2115 
2136 2115 2116 
2137 2116 2117 
2138 2117 2118 
2139 2118 2119 
2140 2119 2120 
2141 2120 2121 
2142 2121 2122 
2143 2122 2123 
2144 2123 2124 
2145 2124 2125 
2146 2125 2126 
2147 2126 2127 
2148 2127 2128 
2149 2128 2129 
2150 2129 2130 
2151 2130 2131 
2152 2131 2132 
2153 2132 2133 
2154 2133 2134 
2155 2134 2135 
2156 2135 2136 
2157 2136 2137 
2158 2137 2138 
2159 2138 2139 
2160 2139 13 
1 22 1 23
2161 13 2140 
2162 2140 2141 
2163 2141 2142 
2164 2142 2143 
2165 2143 2144 
2166 2144 2145 
2167 2145 2146 
2168 2146 2147 
2169 2147 2148 
2170 2148 2149 
2171 2149 2150 
2172 2150 2151 
2173 2151 2152 
2174 2152 2153 
2175 2153 2154 
2176 2154 2155 
2177 2155 2156 
2178 2156 2157 
2179 2157 2158 
2180 2158 2159 
2181 2159 2160 
2182 2160 2161 
2183 2161 15 
2 6 2 15079
50483 28400 30451 28399 
50484 26352 32793 31871 
50485 26368 30037 29981 
50486 30130 30569 29102 
50487 26291 30107 29963 
50488 32838 33018 32077 
50489 29981 30059 26368 
50490 31871 33199 26352 
50491 32051 32053 26320 
50492 2004 30106 2005 
50493 29955 32778 26348 
50494 29971 33022 30111 
50495 1888 30077 26395 
50496 2127 30202 2128 
50497 1860 30207 26369 
50498 30210 30277 26507 
50499 1887 30077 1888 
50500 1803 32093 1804 
50501 30048 30084 26513 
50502 32050 32051 26320 
50503 26309 30163 2052 
50504 1646 31825 1647 
50505 30537 33031 29674 
50506 2052 30163 2053 
50507 29923 31110 30222 
50508 31458 32060 26500 
50509 29963 30106 26291 
50510 26468 32378 30131 
50511 30036 32565 26369 
50512 32278 33127 32835 
50513 29953 33177 32837 
50514 30021 30514 30024 
50515 30040 30515 26391 
50516 26468 32379 32378 
50517 31854 32205 26498 
50518 1804 32093 26335 
50519 26351 31679 31677 
50520 30420 33121 27837 
50521 1747 32009 26330 
50522 29144 31030 30486 
50523 26347 33233 30159 
50524 30128 33127 32278 
50525 26482 32884 32785 
50526 26494 32788 32296 
50527 30196 30277 30210 
50528 26351 32859 31679 
50529 32032 33317 26439 
50530 32771 33177 29953 
50531 30025 32823 30026 
50532 30159 33233 29937 
50533 30009 30126 26358 
50534 26329 33020 30610 
50535 26292 31271 29973 
50536 30117 30122 26340 
50537 32049 32156 32055 
50538 2094 30509 2095 
50539 26370 33011 30003 
50540 1759 30269 1760 
50541 1597 30272 1598 
50542 32392 32777 26353 
50543 30776 32944 26508 
50544 30089 33118 26380 
50545 31118 33290 26315 
50546 1746 32009 1747 
50547 29553 30552 30149 
50548 30019 31825 26474 
50549 32205 33235 26498 
50550 29973 33146 26292 
50551 28083 30348 28085 
50552 30183 31315 28857 
50553 27388 31031 30372 
50554 31681 33015 26435 
50555 30610 33159 26329 
50556 26435 33122 31681 
50557 30493 31118 26315 
50558 30116 30117 26340 
50559 30347 30348 28413 
50560 28413 30350 30347 
50561 26508 33026 32851 
50562 26474 31824 30019 
50563 26508 32851 30776 
50564 30312 30313 28612 
50565 26358 33004 30009 
50566 28625 30569 30130 
50567 30049 32944 30776 
50568 26374 33031 30537 
50569 26339 33021 31400 
50570 30435 31372 27675 
50571 32078 32715 26341 
50572 30111 33022 26326 
50573 29576 33074 30510 
50574 29944 32803 26480 
50575 26391 33330 30040 
50576 28403 30451 28400 
50577 30025 33358 32823 
50578 26439 32971 32032 
50579 1606 32522 26442 
50580 1556 32379 1557 
50581 31629 31683 26344 
50582 32850 32962 29873 
50583 26415 33018 32838 
50584 32605 32791 26354 
50585 26341 33248 32078 
50586 26291 30106 2004 
50587 30033 33062 26276 
50588 1605 32522 1606 
50589 30032 32850 29873 
50590 30087 30577 26471 
50591 30305 33032 32962 
50592 30109 33419 28880 
50593 32962 33032 29873 
50594 30310 33126 30151 
50595 33101 33204 26451 
50596 30056 30058 26304 
50597 29938 33204 33101 
50598 26420 32775 30029 
50599 32632 32933 32742 
50600 30084 30085 26455 
50601 30151 33296 30310 
50602 30073 30074 26407 
50603 31400 33021 32170 
50604 26477 31627 31626 
50605 2127 33251 30202 
50606 30098 30173 26465 
50607 1913 33211 33193 
50608 33193 33211 30038 
50609 31330 33353 32993 
50610 27837 33111 30420 
50611 31679 32859 31681 
50612 26452 33115 33090 
50613 26359 30115 1735 
50614 30498 33424 28513 
50615 33090 33115 32473 
50616 26372 33173 33147 
50617 33147 33173 30125 
50618 32060 32943 26500 
50619 30029 33066 26420 
50620 26462 32481 30637 
50621 30062 33112 26449 
50622 33254 33267 30454 
50623 26439 33195 32971 
50624 30137 33074 29576 
50625 31320 33196 30561 
50626 30562 30563 28054 
50627 30340 30508 30339 
50628 33057 33071 30068 
50629 1775 31427 26354 
50630 32859 33015 31681 
50631 32993 33353 26504 
50632 26509 33071 33057 
50633 1754 30136 26336 
50634 26492 32408 31804 
50635 28880 33441 30109 
50636 26320 32831 32050 
50637 26449 33112 33049 
50638 29966 32825 32406 
50639 26431 32251 31782 
50640 28438 30322 30321 
50641 1670 31777 1671 
50642 26348 33165 29955 
50643 28621 30303 30301 
50644 30178 33075 26325 
50645 30031 32977 26399 
50646 29694 30758 30478 
50647 32826 33059 29487 
50648 28248 31113 28250 
50649 32296 33116 26494 
50650 32971 33195 30609 
50651 30088 33167 30161 
50652 30481 33313 28224 
50653 30161 33273 30088 
50654 30091 33118 30089 
50655 29492 33003 30491 
50656 26276 33265 30033 
50657 1753 30136 1754 
50658 29963 30130 29102 
50659 26392 30218 30217 
50660 32828 32829 31868 
50661 30305 30306 28839 
50662 1831 32053 1832 
50663 29923 30222 30170 
50664 26326 30113 30111 
50665 32896 33082 30575 
50666 1735 30115 1736 
50667 30018 32165 30376 
50668 26399 33222 30031 
50669 26474 31825 1646 
50670 1647 31825 26444 
50671 26477 31683 31627 
50672 30182 31315 30183 
50673 30192 33213 26466 
50674 30381 33267 33254 
50675 30131 32990 26468 
50676 26466 33260 30192 
50677 30404 32906 26376 
50678 30106 30208 2005 
50679 28612 30314 30312 
50680 28615 33313 33094 
50681 2001 30216 2002 
50682 30207 33129 26369 
50683 1859 30207 1860 
50684 32055 32156 28394 
50685 1768 30146 26348 
50686 29471 30655 30474 
50687 29610 33413 30282 
50688 30119 30123 30122 
50689 30182 31314 28846 
50690 32060 33231 32943 
50691 30282 33300 29610 
50692 30222 31110 28826 
50693 30282 33078 26366 
50694 30339 30508 26283 
50695 29140 32461 29101 
50696 30180 30181 26410 
50697 30078 31426 26422 
50698 31821 32223 26349 
50699 26513 33108 30048 
50700 30003 33293 26370 
50701 2059 33290 33109 
50702 30085 30086 26455 
50703 28621 30306 30303 
50704 33078 33206 26366 
50705 29599 30059 29600 
50706 31825 31826 26444 
50707 30158 33075 30178 
50708 29898 33210 30340 
50709 32825 33178 32406 
50710 2050 33191 30043 
50711 26464 30599 30598 
50712 28513 30499 30498 
50713 26499 32789 32428 
50714 30149 30552 26378 
50715 32021 32022 26346 
50716 30043 33261 2050 
50717 30145 32801 26484 
50718 27668 30406 27713 
50719 30301 31112 28621 
50720 26320 32053 1831 
50721 30514 32992 30024 
50722 30451 33249 28399 
50723 26445 33338 31456 
50724 30490 33117 30041 
50725 30490 33324 30779 
50726 29555 30552 29553 
50727 31030 33274 30486 
50728 30074 30075 26407 
50729 33049 33112 30210 
50730 31464 32132 26424 
50731 31626 32808 26477 
50732 31799 33066 30029 
50733 30313 30315 28612 
50734 30147 32816 26479 
50735 30497 33424 30498 
50736 30508 30509 2094 
50737 26286 31121 30060 
50738 2095 30509 26375 
50739 26288 33359 33085 
50740 30041 33330 30490 
50741 30372 33309 27388 
50742 2128 30202 26305 
50743 30327 31062 28048 
50744 30191 32884 26482 
50745 30348 30349 28085 
50746 30023 30514 30021 
50747 30050 32826 29487 
50748 26446 33135 30053 
50749 31180 33307 30459 
50750 30434 31372 30435 
50751 32943 33231 26343 
50752 29600 30059 29981 
50753 26304 30175 30056 
50754 33094 33313 30480 
50755 31799 33188 33066 
50756 1774 31427 1775 
50757 32078 32838 32077 
50758 30272 33043 1598 
50759 30042 30515 30040 
50760 33065 33255 30072 
50761 33027 33246 1919 
50762 30084 33152 26513 
50763 30269 33060 1760 
50764 30321 33351 28438 
50765 26392 30217 30216 
50766 30026 32823 32822 
50767 32050 32831 32052 
50768 30582 32726 26454 
50769 33021 33184 32170 
50770 1701 31683 1702 
50771 30053 33326 26446 
50772 28224 33013 30481 
50773 31782 33033 26431 
50774 30300 31112 30301 
50775 30179 30180 26410 
50776 26369 33129 30036 
50777 30549 32461 29140 
50778 30119 30122 30117 
50779 32830 33467 32186 
50780 30779 33117 30490 
50781 2002 30216 30108 
50782 30424 33121 30420 
50783 31020 33359 30513 
50784 1767 30146 1768 
50785 26489 32019 30174 
50786 26480 33388 29944 
50787 26326 32772 30113 
50788 26414 30269 1759 
50789 30376 33409 30018 
50790 30036 33154 32565 
50791 26352 30272 1597 
50792 30139 30140 26458 
50793 29058 33424 30497 
50794 30497 33258 29058 
50795 30009 33004 30076 
50796 26309 30164 30163 
50797 32820 33353 30034 
50798 28787 33128 32930 
50799 28413 30348 28083 
50800 29936 33027 29899 
50801 32524 32980 32054 
50802 29612 32990 30131 
50803 33109 33290 30141 
50804 2156 30097 2157 
50805 30050 32894 26441 
50806 29935 32899 29933 
50807 29165 33140 30459 
50808 30140 30142 26458 
50809 31456 33096 26445 
50810 2157 30097 26454 
50811 30141 33290 31118 
50812 26487 32697 30053 
50813 2121 33157 30184 
50814 33085 33359 29960 
50815 30184 33339 2121 
50816 32049 32055 32051 
50817 30506 33232 33145 
50818 32170 33184 32169 
50819 29955 33095 32778 
50820 30095 32808 31626 
50821 26300 31086 30457 
50822 26361 32379 1556 
50823 1557 32379 26468 
50824 30340 30509 30508 
50825 30027 33170 26308 
50826 26333 33255 33065 
50827 29456 30575 30285 
50828 26492 32409 32408 
50829 33102 33196 31027 
50830 30058 30165 26304 
50831 30472 32444 30473 
50832 32884 33427 32785 
50833 30459 33397 29165 
50834 31113 33128 28787 
50835 26376 33383 30404 
50836 30459 33140 31180 
50837 30491 33371 29492 
50838 28048 33166 30327 
50839 30285 30574 29456 
50840 26354 33194 32605 
50841 32965 33463 26298 
50842 33073 33161 2115 
50843 33004 33171 30076 
50844 30289 33105 26280 
50845 32823 33358 26448 
50846 33145 33232 29872 
50847 29555 31091 30553 
50848 30072 30153 26503 
50849 30553 31091 28623 
50850 30173 33282 26465 
50851 26495 32787 30070 
50852 1817 33317 33239 
50853 28054 33318 30562 
50854 26353 33104 32392 
50855 33115 33134 32473 
50856 33239 33317 32238 
50857 30142 33107 26314 
50858 30055 33022 29971 
50859 32473 33134 32472 
50860 33027 33307 29899 
50861 30198 32970 29895 
50862 26451 32944 30049 
50863 26449 33411 30062 
50864 30350 31904 29722 
50865 26308 33315 30027 
50866 26327 33218 32424 
50867 30393 30406 27667 
50868 30179 33146 29973 
50869 26464 33325 30599 
50870 28250 31113 28787 
50871 32424 33288 26327 
50872 30561 33168 31320 
50873 31086 33397 30457 
50874 1670 31778 31777 
50875 26460 33417 30780 
50876 33053 33155 2064 
50877 30414 33221 28613 
50878 32649 33229 32996 
50879 30389 33042 30393 
50880 2070 33170 30054 
50881 26419 31758 30096 
50882 31826 33158 26444 
50883 29140 30910 30549 
50884 26319 33244 29959 
50885 29470 32461 30208 
50886 28613 33292 30414 
50887 26422 31428 30078 
50888 32392 33226 32777 
50889 30053 33135 26487 
50890 29470 30208 30106 
50891 30480 33313 30481 
50892 29609 32830 32186 
50893 2002 30108 2003 
50894 32742 32933 26467 
50895 29959 33467 26319 
50896 31668 33295 33257 
50897 30179 33362 33146 
50898 30528 33160 29929 
50899 26441 33284 30050 
50900 26319 33467 32830 
50901 30054 33329 2070 
50902 30303 30306 30305 
50903 32238 33317 32032 
50904 26284 33370 33333 
50905 30758 33094 30478 
50906 33280 33281 1996 
50907 31627 31683 31629 
50908 30049 33101 26451 
50909 30060 33138 26286 
50910 33333 33370 30032 
50911 33105 33405 26280 
50912 32899 33387 29933 
50913 33257 33295 26428 
50914 28838 31057 30453 
50915 28242 30306 28244 
50916 26357 33125 32527 
50917 26392 30216 2001 
50918 30145 33269 32801 
50919 30486 33029 29144 
50920 26368 32886 30037 
50921 31112 31113 28248 
50922 32772 32981 30113 
50923 32009 32913 26330 
50924 30061 33281 33280 
50925 32367 33136 33130 
50926 32819 33061 26505 
50927 1803 33010 32093 
50928 30229 33417 1976 
50929 26283 30571 30339 
50930 30214 33068 32901 
50931 29842 33139 33120 
50932 30033 30528 29929 
50933 1671 31777 26345 
50934 30577 33336 26471 
50935 31868 33320 32828 
50936 31859 32019 26334 
50937 29936 33246 33027 
50938 26298 33339 32965 
50939 26409 33252 33251 
50940 30003 33011 30005 
50941 30549 30910 30464 
50942 26344 33462 31629 
50943 30040 33330 30041 
50944 30180 31314 30182 
50945 32831 33038 32052 
50946 1887 33014 30077 
50947 1976 33215 30229 
50948 30065 33016 26287 
50949 30168 32805 26488 
50950 27164 30266 30263 
50951 32700 33197 26496 
50952 30472 33283 32444 
50953 30575 33082 30285 
50954 30340 33210 30509 
50955 27667 33443 30393 
50956 28846 31315 30182 
50957 31804 32753 26492 
50958 30561 33196 30563 
50959 27254 30405 27256 
50960 26567 30283 26565 
50961 33054 33144 31393 
50962 27713 30406 28288 
50963 27667 30406 27668 
50964 32223 33114 26349 
50965 1567 32757 26337 
50966 29599 30097 30059 
50967 30381 33254 33175 
50968 26504 33353 32820 
50969 26496 33299 32700 
50970 29960 33359 31020 
50971 30070 33219 26495 
50972 30147 33328 32816 
50973 30051 33272 26400 
50974 30076 33171 26448 
50975 30522 32941 32930 
50976 31667 33208 33192 
50977 30655 33283 30474 
50978 26497 32981 32772 
50979 33072 33207 30105 
50980 30367 31274 30365 
50981 30360 30543 30332 
50982 28645 32989 28650 
50983 32481 33123 30637 
50984 26454 33214 30582 
50985 29520 30233 30232 
50986 32673 33001 30063 
50987 26563 32619 26561 
50988 33230 33341 28862 
50989 26524 30615 26522 
50990 27675 33412 30435 
50991 30533 33355 29091 
50992 26473 32780 30093 
50993 30483 30484 30440 
50994 33192 33208 26350 
50995 29091 33200 30533 
50996 26307 33056 31239 
50997 26276 33062 30423 
50998 30077 33014 29950 
50999 26322 33059 32826 
51000 29101 32461 29470 
51001 33251 33252 30204 
51002 26503 33065 30072 
51003 26334 32018 31859 
51004 30198 33376 32970 
51005 33175 33254 31057 
51006 1566 32757 1567 
51007 26507 33049 30210 
51008 30064 32978 26335 
51009 30068 33071 26452 
51010 32019 32592 30174 
51011 26346 32205 32021 
51012 33014 33082 29950 
51013 29456 30574 29457 
51014 26344 31683 1701 
51015 1702 31683 26477 
51016 30132 30134 26277 
51017 31432 32812 26433 
51018 30143 30746 28851 
51019 26500 33311 31458 
51020 29092 30215 30213 
51021 30055 33406 26469 
51022 1644 32301 1645 
51023 26432 32808 30095 
51024 30340 33227 29898 
51025 28422 30405 27254 
51026 30563 33196 33102 
51027 30334 30571 30331 
51028 26452 33090 30068 
51029 29469 31118 30493 
51030 30043 33191 29974 
51031 26469 33476 30055 
51032 30092 33067 26463 
51033 26400 33271 30051 
51034 26519 30232 26521 
51035 26287 33460 30065 
51036 32819 33454 33061 
51037 26392 32903 30218 
51038 26561 32619 30267 
51039 27821 33121 33025 
51040 32742 33423 32632 
51041 33083 33268 29894 
51042 32583 32961 29884 
51043 33180 33319 1720 
51044 31031 33008 30372 
51045 30637 33266 26462 
51046 26455 33152 30084 
51047 1889 30359 1890 
51048 30030 33463 32965 
51049 28839 33032 30305 
51050 30780 33047 26460 
51051 31087 33315 30382 
51052 31178 32953 28620 
51053 30423 30425 26276 
51054 30377 30378 26287 
51055 32052 33038 32495 
51056 30574 32901 29457 
51057 26448 33358 30076 
51058 32700 33122 26435 
51059 30346 30580 30349 
51060 32054 32980 32053 
51061 32789 33474 32428 
51062 30273 31744 26470 
51063 30513 33086 31020 
51064 26407 33377 30073 
51065 26398 33155 31083 
51066 30226 33161 33073 
51067 32930 32941 28787 
51068 30175 33272 30051 
51069 26316 33207 33072 
51070 29148 33168 30542 
51071 30034 33110 32820 
51072 30217 33419 30109 
51073 28647 30606 30129 
51074 26367 32499 30607 
51075 29950 33082 32896 
51076 27170 30259 30256 
51077 2003 30108 26291 
51078 28210 30395 30394 
51079 1972 30455 1973 
51080 30699 33012 27473 
51081 30358 33341 33230 
51082 26291 30108 30107 
51083 30107 30130 29963 
51084 30066 32983 26485 
51085 26332 33188 31799 
51086 30129 32711 28647 
51087 28413 31904 30350 
51088 29723 30350 29722 
51089 30474 33085 29471 
51090 32051 32054 32053 
51091 31459 33338 1569 
51092 26561 30267 26559 
51093 26435 33197 32700 
51094 29921 30288 30287 
51095 30440 30484 30439 
51096 28646 32651 30606 
51097 33030 33125 1636 
51098 32832 32833 32227 
51099 30077 33471 26395 
51100 31859 32592 32019 
51101 30393 33042 30406 
51102 1939 30425 1940 
51103 1951 30378 1952 
51104 29918 33155 33053 
51105 30606 32651 30129 
51106 30332 30571 30360 
51107 26557 32727 26555 
51108 26277 30198 30132 
51109 26305 30201 30110 
51110 30542 33391 29148 
51111 28612 30315 27799 
51112 27799 30315 27801 
51113 30187 30618 28640 
51114 32053 32980 1832 
51115 28646 30618 30144 
51116 30780 33417 30229 
51117 31429 32779 26342 
51118 32283 33103 32999 
51119 30069 33324 26317 
51120 28631 30559 28633 
51121 30213 32740 29092 
51122 30163 33297 2053 
51123 30144 32651 28646 
51124 26398 31083 30533 
51125 33191 33448 29974 
51126 32929 33045 26432 
51127 31799 33327 26332 
51128 30168 33400 32805 
51129 26478 32818 30104 
51130 30123 33486 30122 
51131 30095 32929 26432 
51132 29944 33051 32803 
51133 28650 32989 30193 
51134 30144 30618 30187 
51135 26412 32980 32524 
51136 26443 32804 30278 
51137 32996 33229 30195 
51138 30176 30227 30177 
51139 27164 30283 30266 
51140 30173 30624 26360 
51141 30177 30227 29563 
51142 28640 32885 30187 
51143 28244 30306 28621 
51144 28839 30306 28242 
51145 32022 33190 26346 
51146 26335 33259 30064 
51147 27408 32958 30338 
51148 30439 30484 26406 
51149 31427 33194 26354 
51150 32522 33113 26442 
51151 29165 33397 31086 
51152 31766 32842 29500 
51153 30220 30222 28826 
51154 26276 30425 1939 
51155 26287 30378 1951 
51156 28355 31372 30434 
51157 26463 33440 30092 
51158 32132 33472 26424 
51159 30175 33477 33272 
51160 1890 30359 30357 
51161 29674 33276 30537 
51162 26361 32380 32379 
51163 32997 33069 31921 
51164 29055 30227 30176 
51165 29959 33033 31782 
51166 26405 30545 30171 
51167 1569 33289 31459 
51168 32649 32996 26453 
51169 32867 32910 30683 
51170 30382 33200 31087 
51171 30136 33050 26336 
51172 30063 33001 30209 
51173 26555 32727 30268 
51174 32605 33179 32791 
51175 29092 30615 30215 
51176 26565 30283 27164 
51177 27473 30283 26567 
51178 30468 33037 26402 
51179 26395 30359 1889 
51180 32527 33125 29902 
51181 30126 30127 26358 
51182 32093 33259 26335 
51183 33130 33136 30205 
51184 32678 33490 33076 
51185 33120 33139 26411 
51186 30408 33088 26302 
51187 30346 30349 30348 
51188 29520 30232 26519 
51189 28653 30190 30189 
51190 33057 33108 26509 
51191 30491 33003 26299 
51192 27170 30267 30259 
51193 30202 33251 30204 
51194 30140 30746 30143 
51195 29866 33045 32929 
51196 1639 32682 1640 
51197 30530 33132 30531 
51198 30143 33107 30142 
51199 31239 33439 26307 
51200 33108 33398 26509 
51201 32272 33319 33180 
51202 33005 33028 29511 
51203 30263 32619 27164 
51204 30212 32740 30213 
51205 32822 32997 30026 
51206 26416 32773 30135 
51207 31426 33216 26422 
51208 27225 30615 26524 
51209 32901 33068 29457 
51210 26471 33167 30087 
51211 30501 30515 30042 
51212 30543 30680 30332 
51213 26522 30615 29092 
51214 30349 30580 28814 
51215 32786 33240 29939 
51216 27175 30252 30250 
51217 32829 33099 31868 
51218 30478 33287 29694 
51219 26317 33291 30069 
51220 28514 30499 28513 
51221 28517 30499 28514 
51222 26555 30268 26553 
51223 27225 30616 30615 
51224 32472 33134 26372 
51225 30444 30482 30447 
51226 27164 32619 26563 
51227 30331 30571 30332 
51228 30339 30571 30334 
51229 32788 33241 32296 
51230 26424 32995 31464 
51231 30218 32903 30221 
51232 28829 30206 30152 
51233 26489 33365 32019 
51234 30429 33144 33054 
51235 1717 32753 1718 
51236 30218 30219 30217 
51237 26461 33072 30105 
51238 26482 32802 30191 
51239 26331 33367 33366 
51240 30380 30381 29836 
51241 30146 33165 26348 
51242 30358 33434 33341 
51243 30316 30558 30507 
51244 26321 32301 1644 
51245 1645 32301 26474 
51246 26559 30267 27170 
51247 31778 32920 31774 
51248 30352 32860 30580 
51249 1992 30165 1993 
51250 26304 30165 1992 
51251 30152 30576 28829 
51252 1973 30455 30379 
51253 26372 33147 32472 
51254 26521 30232 28829 
51255 30360 30571 26283 
51256 26394 33160 30528 
51257 29856 33228 30517 
51258 28851 32447 30143 
51259 29520 33076 30233 
51260 26551 32741 26549 
51261 30452 30454 26389 
51262 30188 32384 28890 
51263 26360 30624 30599 
51264 30180 30182 30181 
51265 26389 30455 1972 
51266 30559 32885 28640 
51267 28403 30584 30451 
51268 31178 32914 30463 
51269 30463 32953 31178 
51270 31456 33338 31459 
51271 28890 32384 28344 
51272 30110 33064 26305 
51273 30420 33111 30418 
51274 29086 30175 30051 
51275 30056 30175 29086 
51276 28857 33418 30183 
51277 30576 32685 27858 
51278 30172 30635 27858 
51279 30287 33405 29921 
51280 30085 30176 30086 
51281 30294 32987 32982 
51282 32774 32846 29852 
51283 32678 33076 26510 
51284 1890 30357 1891 
51285 32851 33026 32725 
51286 32904 32919 30770 
51287 31766 33218 26327 
51288 30176 30579 29055 
51289 30522 32985 32941 
51290 32933 33002 29592 
51291 26359 33352 30115 
51292 27198 30592 27205 
51293 26485 33354 30066 
51294 32842 33158 29500 
51295 30600 32683 30601 
51296 30074 30224 30075 
51297 26340 33089 30116 
51298 29463 32919 32904 
51299 27858 32685 30172 
51300 26310 30355 30354 
51301 26445 33096 32813 
51302 29453 33036 33007 
51303 29884 33468 32583 
51304 28633 30559 28640 
51305 30563 33102 28054 
51306 27175 30268 30252 
51307 30185 30274 27221 
51308 26287 33016 30377 
51309 28653 30592 30190 
51310 30601 32683 29985 
51311 28653 30559 28631 
51312 32406 33178 26436 
51313 30159 30161 26347 
51314 29054 32869 29055 
51315 28807 30279 28806 
51316 33079 33148 28091 
51317 27473 33012 30283 
51318 27221 30274 26531 
51319 29852 32846 29115 
51320 26429 33268 33083 
51321 30327 33166 30328 
51322 26384 30307 30304 
51323 26377 30407 30391 
51324 26381 30341 30325 
51325 32833 33458 32227 
51326 30105 33502 26461 
51327 30256 32727 27170 
51328 30635 32653 27221 
51329 30140 30143 30142 
51330 30521 32985 30522 
51331 26406 30734 30439 
51332 30115 33058 1736 
51333 26300 32973 31086 
51334 30313 30316 30315 
51335 31777 31778 31774 
51336 26389 30456 30452 
51337 26409 33074 30137 
51338 30732 32839 30422 
51339 30560 32681 30540 
51340 29587 30678 30677 
51341 30172 32653 30635 
51342 30369 32891 30371 
51343 30677 30678 28427 
51344 26549 32741 30275 
51345 30329 30680 30326 
51346 28768 32877 30465 
51347 30466 30524 30523 
51348 31795 33451 32827 
51349 30463 32914 30465 
51350 27170 32727 26557 
51351 30517 32875 29856 
51352 28865 30575 28866 
51353 28866 30575 29456 
51354 30096 33253 26419 
51355 30152 32685 30576 
51356 26310 30354 30353 
51357 29115 32856 28776 
51358 30242 30280 30279 
51359 30776 32851 29916 
51360 30137 33252 26409 
51361 26553 30268 27175 
51362 33366 33367 32698 
51363 33025 33121 30424 
51364 30507 30558 26379 
51365 30063 33112 30062 
51366 30300 31113 31112 
51367 30454 33267 30455 
51368 27221 32653 30185 
51369 29921 30806 30288 
51370 30425 32839 1940 
51371 30288 30806 29891 
51372 30378 32840 1952 
51373 31274 33264 30365 
51374 29959 33244 33033 
51375 32846 32856 29115 
51376 30446 30482 30444 
51377 26531 30274 26533 
51378 30520 30547 30292 
51379 30293 30555 30525 
51380 29055 32869 30227 
51381 30479 30481 30446 
51382 28642 32910 32867 
51383 30519 30573 26388 
51384 30085 30579 30176 
51385 28806 30279 28882 
51386 32982 32987 28812 
51387 30019 31826 31825 
51388 28085 30349 28087 
51389 28087 30349 28814 
51390 32774 32902 28890 
51391 30241 30279 28807 
51392 30487 30564 30473 
51393 30446 30565 30479 
51394 30325 30680 26381 
51395 28887 32843 30271 
51396 31083 33155 29918 
51397 30231 33076 29520 
51398 30189 30559 28653 
51399 30045 31428 30044 
51400 30078 31428 30045 
51401 32428 33040 26499 
51402 29899 33307 31180 
51403 26465 33154 30098 
51404 1640 32682 26436 
51405 27189 30246 30244 
51406 26549 30275 26547 
51407 30093 33236 26473 
51408 30481 33013 30482 
51409 29618 33041 31076 
51410 26541 30230 26539 
51411 30454 30455 26389 
51412 30910 32953 30464 
51413 26314 33416 30142 
51414 28807 30617 30241 
51415 30311 30558 30313 
51416 30364 30596 30366 
51417 26327 33445 31766 
51418 28082 33024 32994 
51419 30391 32680 26377 
51420 30580 32860 28814 
51421 30058 30166 30165 
51422 30313 30558 30316 
51423 26400 30595 30500 
51424 28647 32989 28645 
51425 2024 30307 26384 
51426 2042 30407 26377 
51427 2089 30341 26381 
51428 26517 30231 29520 
51429 31794 33451 31795 
51430 29934 32681 30560 
51431 29093 30198 29895 
51432 30132 30198 29093 
51433 29974 33448 29975 
51434 28620 32953 30910 
51435 30387 33042 30389 
51436 1881 30212 26373 
51437 33041 33432 31076 
51438 30540 32681 30295 
51439 28088 32988 32966 
51440 30359 33434 30358 
51441 29852 32902 32774 
51442 26437 32920 31778 
51443 30527 32858 29926 
51444 30337 33428 30855 
51445 27189 30275 30246 
51446 2023 30307 2024 
51447 2041 30407 2042 
51448 2088 30341 2089 
51449 30434 33054 28355 
51450 26474 32301 31824 
51451 27772 30243 30199 
51452 27772 30230 26541 
51453 26492 32753 1717 
51454 1718 32753 26421 
51455 27205 30592 28653 
51456 30250 32741 27175 
51457 27776 32533 30630 
51458 32824 33087 30101 
51459 32757 32999 26337 
51460 30779 33324 30069 
51461 26378 33063 30149 
51462 28605 31315 28603 
51463 29902 33125 33030 
51464 26381 30680 30543 
51465 1836 32772 1837 
51466 32923 32947 26564 
51467 30199 30230 27772 
51468 30683 32910 30242 
51469 27210 30592 27198 
51470 1891 30357 26310 
51471 26436 33464 32406 
51472 30630 32533 29601 
51473 30465 32877 30466 
51474 32999 33103 26337 
51475 30534 30734 26406 
51476 30505 30507 26379 
51477 29932 33025 30424 
51478 28655 32845 31068 
51479 30530 33485 33132 
51480 32632 33002 32933 
51481 29975 33448 32906 
51482 26533 32889 26535 
51483 30200 32854 32848 
51484 26377 32680 30544 
51485 30483 33056 26307 
51486 28650 33001 32673 
51487 1892 30353 1893 
51488 30534 30605 30431 
51489 30523 30604 30466 
51490 30415 30602 26385 
51491 30522 30573 30519 
51492 29118 30807 30677 
51493 27194 30236 30234 
51494 28344 32384 29118 
51495 30239 30240 30238 
51496 27175 32741 26551 
51497 30212 30213 26373 
51498 29100 30729 28280 
51499 30522 32930 30573 
51500 26437 31778 1669 
51501 1669 31778 1670 
51502 30440 33056 30483 
51503 30521 32982 28812 
51504 26547 30275 27189 
51505 32834 32990 29612 
51506 32379 32380 32378 
51507 28210 30396 30395 
51508 1605 33190 32522 
51509 27225 32979 30616 
51510 30211 30212 1880 
51511 30108 30109 30107 
51512 26328 33240 32786 
51513 30621 32413 29562 
51514 30551 30552 30390 
51515 30554 30558 30311 
51516 30556 30596 30364 
51517 26516 30231 26517 
51518 30481 30482 30446 
51519 28427 30678 28887 
51520 28287 33034 33017 
51521 32051 32055 32054 
51522 33321 33340 32836 
51523 29451 32871 32866 
51524 32918 32924 28266 
51525 32848 32854 27212 
51526 28791 32871 29451 
51527 29607 32865 30197 
51528 29118 32384 30807 
51529 26516 26517 26456 
51530 30677 30807 29587 
51531 27228 32683 30600 
51532 30375 32891 32840 
51533 30422 32839 30425 
51534 27137 30237 27135 
51535 1879 30211 1880 
51536 30375 32840 30378 
51537 26310 30353 1892 
51538 33007 33036 30280 
51539 27133 32343 27131 
51540 30332 30680 30329 
51541 30326 30680 30325 
51542 30596 32891 30369 
51543 26494 33116 32810 
51544 28826 33093 30220 
51545 30224 31387 28852 
51546 30074 31387 30224 
51547 2005 30208 2006 
51548 2006 30208 26396 
51549 32220 33020 26329 
51550 30244 32161 27189 
51551 30274 32889 26533 
51552 28501 33221 30412 
51553 31744 33449 26470 
51554 30214 32901 30286 
51555 30583 32533 27776 
51556 30338 33446 27408 
51557 27212 32854 30197 
51558 26323 33069 32997 
51559 1878 26516 26456 
51560 29449 32759 31125 
51561 26461 30442 30441 
51562 30416 30732 30419 
51563 30436 30734 30432 
51564 26388 30573 30550 
51565 26396 30549 30548 
51566 30208 32461 26396 
51567 29607 32874 32865 
51568 30366 30596 30369 
51569 27194 30237 30236 
51570 30392 32680 30391 
51571 30242 32910 30280 
51572 30560 30562 29934 
51573 29018 32758 28383 
51574 30237 30239 30238 
51575 30354 32860 30352 
51576 30211 32740 30212 
51577 29855 33228 29856 
51578 28890 32902 30188 
51579 30240 32855 30683 
51580 26491 33159 30610 
51581 30271 30692 28887 
51582 30315 32928 27801 
51583 26380 33344 30089 
51584 1746 33278 32009 
51585 30471 30474 30472 
51586 30476 30478 30477 
51587 29595 30569 28625 
51588 32527 33382 26357 
51589 30529 30531 30308 
51590 30538 30540 30295 
51591 30496 30595 30494 
51592 26309 33048 30164 
51593 26467 32933 30167 
51594 30431 30734 30534 
51595 26385 30732 30415 
51596 30630 32183 27228 
51597 32524 32526 26412 
51598 29449 30568 30567 
51599 30567 30568 28769 
51600 30214 30286 26373 
51601 30506 33077 30507 
51602 26417 32938 32008 
51603 29593 32542 30684 
51604 1917 30458 26404 
51605 1929 30471 26386 
51606 2077 30503 26383 
51607 2030 30505 26379 
51608 1965 30476 26397 
51609 1982 30489 26391 
51610 1947 30468 26402 
51611 33088 33481 26302 
51612 30678 32843 28887 
51613 30456 30603 30449 
51614 32965 33339 30184 
51615 29572 30243 29573 
51616 31213 33402 30363 
51617 30452 30456 30449 
51618 1880 30212 1881 
51619 30684 32542 27127 
51620 27135 30237 27194 
51621 29985 32847 30601 
51622 26421 33028 33005 
51623 26349 33347 31821 
51624 26301 33431 30502 
51625 26385 32839 30732 
51626 30567 32759 29449 
51627 30199 30243 29572 
51628 33096 33311 32813 
51629 30458 30459 26404 
51630 30471 30472 26386 
51631 30476 30477 26397 
51632 32760 33310 26362 
51633 30259 30267 30261 
51634 30570 32758 29018 
51635 30500 30595 30496 
51636 26305 30202 30201 
51637 26523 30576 26525 
51638 30031 33222 30361 
51639 26373 30286 1882 
51640 30284 30574 30285 
51641 30218 30220 30219 
51642 27137 30239 30237 
51643 27776 32540 30583 
51644 30393 33443 30394 
51645 29625 32135 29590 
51646 26396 32461 30549 
51647 30197 32865 27212 
51648 28857 31315 28605 
51649 28603 31315 28846 
51650 30200 32844 30230 
51651 29926 33394 30527 
51652 30279 30280 28882 
51653 30622 32413 30621 
51654 2088 32280 30341 
51655 2041 32281 30407 
51656 2023 32282 30307 
51657 30182 30183 30181 
51658 30176 30177 30086 
51659 30162 33031 26374 
51660 30622 30694 27737 
51661 28788 32991 32956 
51662 26457 30281 2131 
51663 30386 33185 30387 
51664 32183 32683 27228 
51665 29601 32183 30630 
51666 30412 33407 28501 
51667 28829 30232 30206 
51668 30729 32845 28655 
51669 30735 32135 29625 
51670 28517 32908 30499 
51671 32804 33298 30278 
51672 30284 30285 26303 
51673 26545 32161 26543 
51674 30241 30617 30238 
51675 30621 32869 29054 
51676 30200 32848 32844 
51677 30569 30729 29100 
51678 28280 30729 28655 
51679 30252 30268 30254 
51680 30347 30578 30344 
51681 29603 32670 31068 
51682 30355 30356 30354 
51683 29499 33158 31826 
51684 1885 30284 26303 
51685 26310 30357 30355 
51686 30502 33431 32893 
51687 30503 32717 26383 
51688 30466 32877 30524 
51689 1970 30456 1971 
51690 26401 30351 30345 
51691 1971 30456 26389 
51692 1893 30353 30351 
51693 28825 32888 32853 
51694 30426 30441 30433 
51695 30234 32343 27194 
51696 30428 30605 26313 
51697 30585 30701 29614 
51698 30292 30547 26279 
51699 30511 30513 30469 
51700 30462 30604 26285 
51701 30445 30603 26306 
51702 30518 30547 30520 
51703 30485 30564 30487 
51704 30460 30548 30464 
51705 30383 30551 30390 
51706 30296 30550 30299 
51707 30290 30555 30293 
51708 30309 30554 30311 
51709 30525 30555 26390 
51710 30443 30565 30446 
51711 30362 30556 30364 
51712 30317 30557 30320 
51713 30409 30602 30411 
51714 30351 30352 30345 
51715 30371 32891 30375 
51716 29606 30579 30085 
51717 30441 30442 30433 
51718 30356 33148 33079 
51719 28829 30576 26523 
51720 1979 30516 26317 
51721 30494 30595 1987 
51722 2044 30544 30408 
51723 2056 30537 30492 
51724 2067 30532 30382 
51725 1961 30535 30491 
51726 2091 30543 30360 
51727 2103 30546 30289 
51728 2073 30529 30308 
51729 2079 30538 30295 
51730 30550 30573 30299 
51731 30548 30549 30464 
51732 27218 32964 32912 
51733 30473 30564 26386 
51734 30479 30565 26397 
51735 29905 33043 30272 
51736 1837 32772 26326 
51737 26497 32772 1836 
51738 27194 32343 27133 
51739 30466 30604 30462 
51740 30411 30602 30415 
51741 30449 30603 30445 
51742 30431 30605 30428 
51743 30224 30225 30075 
51744 27191 30701 30585 
51745 30239 32855 30240 
51746 30271 32135 30692 
51747 26525 30576 27858 
51748 30415 30732 30416 
51749 30419 30732 30422 
51750 30432 30734 30431 
51751 30439 30734 30436 
51752 29052 30579 29606 
51753 27214 32912 27210 
51754 32760 33349 33310 
51755 27131 32343 30684 
51756 26359 33127 30128 
51757 31068 32670 28655 
51758 30581 32719 27738 
51759 30104 33263 26478 
51760 29418 31209 30946 
51761 30130 33141 28625 
51762 28336 31209 30593 
51763 30593 31209 29418 
51764 27743 30849 27741 
51765 30474 33283 30472 
51766 32754 32862 29105 
51767 30344 30578 30343 
51768 32755 32864 31343 
51769 30845 30847 28359 
51770 30125 33173 26466 
51771 29914 33060 30269 
51772 30568 32764 32763 
51773 30585 30587 27191 
51774 30246 30275 30248 
51775 32763 32764 29443 
51776 29609 32926 32830 
51777 30243 30244 29573 
51778 28807 30667 30617 
51779 32918 32956 30526 
51780 30243 32161 30244 
51781 30918 32576 30919 
51782 30765 32751 32750 
51783 26384 32962 32850 
51784 30851 32544 30849 
51785 32750 32751 27178 
51786 27123 30643 27121 
51787 31066 32744 32738 
51788 28774 32544 30851 
51789 1916 30458 1917 
51790 1928 30471 1929 
51791 2076 30503 2077 
51792 2029 30505 2030 
51793 1964 30476 1965 
51794 1981 30489 1982 
51795 1946 30468 1947 
51796 31104 32551 31102 
51797 30230 32844 26539 
51798 32951 32952 30876 
51799 32917 32925 30840 
51800 27176 32952 32951 
51801 32738 32744 27167 
51802 27121 32486 27118 
51803 30382 33315 26308 
51804 31618 31738 29323 
51805 27183 32532 31164 
51806 31041 32737 32736 
51807 30098 30591 29073 
51808 31161 32612 31160 
51809 27738 32719 27728 
51810 32736 32737 27649 
51811 31044 32735 32734 
51812 29590 32135 30271 
51813 33037 33479 26402 
51814 32734 32735 27163 
51815 30684 32343 29593 
51816 27196 31096 30608 
51817 30643 32486 27121 
51818 30608 31096 29828 
51819 26456 30211 1879 
51820 1970 30603 30456 
51821 31191 32724 32723 
51822 28766 32576 30918 
51823 26433 33364 31432 
51824 30611 31107 30612 
51825 28765 31107 30611 
51826 30847 30849 28359 
51827 30619 32528 29402 
51828 30623 30694 30622 
51829 32723 32724 27141 
51830 30260 33009 33000 
51831 28865 32896 30575 
51832 29019 30634 29574 
51833 26517 26518 26456 
51834 29867 30598 30597 
51835 30305 32962 30304 
51836 31008 32716 32713 
51837 26966 32551 31104 
51838 30302 32282 30298 
51839 30388 32281 30385 
51840 30323 32280 30319 
51841 29540 30597 29549 
51842 30465 32914 28768 
51843 29508 30582 29597 
51844 26514 30231 26516 
51845 32713 32716 27140 
51846 30583 32540 29504 
51847 27747 30850 27745 
51848 29780 33012 30699 
51849 28359 30849 27743 
51850 2138 30276 2139 
51851 26543 32161 27772 
51852 29595 30729 30569 
51853 30037 30638 29982 
51854 31004 32703 32701 
51855 30997 32696 32692 
51856 32701 32703 26947 
51857 30617 30667 30235 
51858 27737 32413 30622 
51859 31125 32759 29018 
51860 30177 30207 30086 
51861 27197 31090 30625 
51862 30625 31090 29825 
51863 30213 30214 26373 
51864 30448 30584 30450 
51865 30451 30584 30448 
51866 28383 32758 31219 
51867 29625 32349 30735 
51868 32692 32696 27647 
51869 26419 33269 31758 
51870 30718 32349 32290 
51871 28898 32528 30619 
51872 27127 32542 30701 
51873 26507 30277 30276 
51874 30960 32679 32676 
51875 30765 32749 30766 
51876 31160 32612 28763 
51877 30994 32691 32688 
51878 30221 32903 30566 
51879 29839 33400 30168 
51880 30587 30643 27191 
51881 31164 32532 29401 
51882 32688 32691 26917 
51883 30765 32750 32749 
51884 30597 30598 29549 
51885 30267 32619 30261 
51886 1877 26516 1878 
51887 27117 32523 27115 
51888 30396 30397 30395 
51889 30237 30238 30236 
51890 32676 32679 27648 
51891 26987 31618 31097 
51892 30599 30624 29549 
51893 30683 32855 28780 
51894 32055 32056 32054 
51895 30108 30216 30109 
51896 29073 30591 28833 
51897 27228 30600 27220 
51898 30946 31618 29418 
51899 30949 32661 32658 
51900 30631 30633 29396 
51901 27735 30694 27739 
51902 27189 32161 26545 
51903 28904 30633 30631 
51904 29982 30638 29984 
51905 31044 32733 31045 
51906 30613 32523 27117 
51907 30957 32671 32667 
51908 27191 30643 27123 
51909 31044 32734 32733 
51910 28643 30606 28647 
51911 32667 32671 26906 
51912 30343 30578 30342 
51913 26401 30344 30343 
51914 30240 30241 30238 
51915 30426 30427 26313 
51916 30457 30458 1916 
51917 30470 30471 1928 
51918 30502 30503 2076 
51919 30504 30505 2029 
51920 30475 30476 1964 
51921 30488 30489 1981 
51922 30467 30468 1946 
51923 30460 30461 26285 
51924 30290 30291 26279 
51925 30296 30297 26278 
51926 30383 30384 26296 
51927 30485 30486 26282 
51928 30492 30493 26315 
51929 30443 30444 26306 
51930 30379 30380 26312 
51931 30309 30310 26290 
51932 26403 30512 30511 
51933 30362 30363 26293 
51934 30409 30410 26281 
51935 30317 30318 26289 
51936 30518 30519 26388 
51937 26378 30552 30551 
51938 26379 30558 30554 
51939 30523 30524 26390 
51940 26393 30596 30556 
51941 30414 30647 30410 
51942 32711 32989 28647 
51943 32658 32661 27646 
51944 31191 32721 31192 
51945 26514 26516 1877 
51946 30352 30580 30345 
51947 31191 32723 32721 
51948 26517 29520 26519 
51949 29051 30579 29052 
51950 29606 30084 30048 
51951 28812 32985 30521 
51952 31008 32710 31007 
51953 1876 26514 1877 
51954 31008 32713 32710 
51955 30841 30843 28362 
51956 30304 32962 26384 
51957 29916 30582 29508 
51958 30232 30233 30206 
51959 31210 32405 31206 
51960 30092 30629 29995 
51961 28640 30618 28635 
51962 28359 30850 30845 
51963 31208 31922 28284 
51964 29542 30597 29540 
51965 32606 32610 30594 
51966 26507 30276 2138 
51967 31205 31922 31208 
51968 30710 32718 30707 
51969 30640 30642 28910 
51970 29422 30642 30640 
51971 32290 32349 29625 
51972 30253 32975 32963 
51973 29019 31478 30634 
51974 32680 33437 30544 
51975 27737 30694 27735 
51976 31205 31206 29729 
51977 29729 31922 31205 
51978 27858 30635 26527 
51979 26517 26519 26518 
51980 1882 30286 1883 
51981 29549 30624 29538 
51982 30410 30647 26281 
51983 27137 30641 30239 
51984 30930 32660 28892 
51985 27772 32161 30243 
51986 29611 32618 32559 
51987 26466 33213 30125 
51988 30930 32670 29603 
51989 30926 32642 28772 
51990 29987 30637 30636 
51991 29507 29508 29506 
51992 30645 30646 27190 
51993 30620 30621 29054 
51994 28067 31281 30632 
51995 29442 30646 30645 
51996 29547 30607 29867 
51997 27167 32744 30766 
51998 27141 32724 31045 
51999 29508 29597 29509 
52000 31206 32405 29729 
52001 2131 30281 2132 
52002 32606 32768 27968 
52003 28892 32660 32659 
52004 26946 32652 30949 
52005 30926 32657 30925 
52006 30202 30203 30201 
52007 32657 32659 30925 
52008 30822 32292 30824 
52009 30701 32542 29614 
52010 29637 32755 31219 
52011 27140 32716 31192 
52012 30943 32639 31097 
52013 30822 30823 29641 
52014 30526 32956 30525 
52015 28414 32540 27226 
52016 32645 32652 26946 
52017 27178 32751 30572 
52018 27806 30623 28503 
52019 30167 33100 26467 
52020 27224 30630 27228 
52021 28852 32841 30224 
52022 30943 32645 32639 
52023 26987 31738 31618 
52024 31132 32628 28771 
52025 30594 32610 30593 
52026 31219 32758 29637 
52027 29418 31618 29323 
52028 27163 32735 31041 
52029 29606 30085 30084 
52030 31132 32630 31133 
52031 30572 32752 27178 
52032 29054 29055 29051 
52033 28896 32597 30826 
52034 27745 30850 28359 
52035 28772 32642 32634 
52036 29597 29599 29598 
52037 30766 32749 27167 
52038 32630 32634 31133 
52039 1884 30284 1885 
52040 31279 31280 29651 
52041 30472 30473 26386 
52042 30477 30479 26397 
52043 30568 32763 28769 
52044 27647 32696 31004 
52045 27649 32737 31066 
52046 31138 32638 28770 
52047 31041 32736 27163 
52048 30632 31281 29347 
52049 29641 32292 30822 
52050 29508 29509 29506 
52051 26826 32574 30936 
52052 29995 30629 29996 
52053 31066 32738 27649 
52054 2123 30510 2124 
52055 29340 31119 30651 
52056 30651 31119 28913 
52057 30598 30599 29549 
52058 30700 32662 32413 
52059 1894 30351 26401 
52060 30611 32536 28765 
52061 1896 30343 30342 
52062 31045 32733 27141 
52063 30319 32280 26289 
52064 30298 32282 26278 
52065 30385 32281 26296 
52066 1897 30342 26316 
52067 1909 30361 1910 
52068 1915 30457 1916 
52069 1978 30516 1979 
52070 1927 30470 1928 
52071 2043 30544 2044 
52072 2055 30537 2056 
52073 2066 30532 2067 
52074 2075 30502 2076 
52075 1960 30535 1961 
52076 2090 30543 2091 
52077 1936 30528 1937 
52078 2102 30546 2103 
52079 1986 30494 1987 
52080 2028 30504 2029 
52081 2093 30508 2094 
52082 1963 30475 1964 
52083 2072 30529 2073 
52084 2105 30287 2106 
52085 2078 30538 2079 
52086 1980 30488 1981 
52087 1945 30467 1946 
52088 1998 30566 1999 
52089 1901 30441 30426 
52090 29018 32759 30570 
52091 28771 32628 32625 
52092 31469 31596 29236 
52093 29987 30636 29988 
52094 31192 32721 27140 
52095 26461 30441 1900 
52096 26401 30343 1895 
52097 30718 30781 30710 
52098 1904 30605 30534 
52099 1902 30426 26313 
52100 26947 32703 31007 
52101 32415 32714 31022 
52102 26313 30605 1903 
52103 1907 30484 30483 
52104 1905 30534 26406 
52105 31138 32623 31137 
52106 1908 30483 26307 
52107 26406 30484 1906 
52108 1926 30469 26288 
52109 1932 30485 26282 
52110 2015 30290 26279 
52111 2039 30383 26296 
52112 2009 30460 26285 
52113 2045 30408 26302 
52114 2057 30492 26315 
52115 2068 30382 26308 
52116 1985 30501 26311 
52117 2033 30309 26290 
52118 2021 30296 26278 
52119 1962 30491 26299 
52120 2104 30289 26280 
52121 1968 30443 26306 
52122 1956 30362 26293 
52123 2092 30360 26283 
52124 1944 30409 26281 
52125 2086 30317 26289 
52126 1974 30379 26312 
52127 26279 30547 2016 
52128 26285 30604 2010 
52129 2074 30308 26301 
52130 2080 30295 26295 
52131 26306 30603 1969 
52132 29189 32609 29608 
52133 1925 30511 30469 
52134 1931 30564 30485 
52135 2008 30548 30460 
52136 2038 30551 30383 
52137 2020 30550 30296 
52138 2014 30555 30290 
52139 2032 30554 30309 
52140 1955 30556 30362 
52141 1984 30515 30501 
52142 1967 30565 30443 
52143 2017 30547 30518 
52144 2011 30604 30523 
52145 2085 30557 30317 
52146 1943 30602 30409 
52147 26396 30548 2007 
52148 26388 30550 2019 
52149 26378 30551 2037 
52150 26386 30564 1930 
52151 26403 30511 1924 
52152 26390 30555 2013 
52153 26379 30554 2031 
52154 2018 30518 26388 
52155 2012 30523 26390 
52156 26393 30556 1954 
52157 1935 30527 26394 
52158 1988 30595 26400 
52159 26397 30565 1966 
52160 26391 30515 1983 
52161 1959 30517 26408 
52162 26382 30557 2084 
52163 2101 30545 26405 
52164 26385 30602 1942 
52165 29505 29506 29504 
52166 30218 30221 30220 
52167 27648 32679 30994 
52168 29608 32608 30826 
52169 32623 32625 31137 
52170 27226 32540 27776 
52171 27143 30781 30718 
52172 29608 32609 32608 
52173 26493 33075 30158 
52174 29049 30620 29054 
52175 31007 32710 26947 
52176 31004 32701 27647 
52177 31146 32641 28767 
52178 29049 29051 29050 
52179 2087 32280 2088 
52180 2040 32281 2041 
52181 2022 32282 2023 
52182 26917 32691 30997 
52183 27646 32661 30957 
52184 29052 29606 29605 
52185 29507 29916 29508 
52186 29091 30691 28813 
52187 30327 33224 31062 
52188 32981 33294 32972 
52189 30919 32576 31096 
52190 29118 30677 30676 
52191 30994 32688 27648 
52192 30183 30184 30181 
52193 30997 32692 26917 
52194 26906 32671 30960 
52195 32594 32597 28896 
52196 30917 32590 30918 
52197 32554 32747 31254 
52198 27451 31491 30892 
52199 30641 32618 29611 
52200 31146 32615 31145 
52201 32413 32662 29562 
52202 30917 32594 32590 
52203 32569 32574 26826 
52204 31105 32563 31104 
52205 27118 32486 27117 
52206 30608 32554 27196 
52207 30341 32280 30323 
52208 30307 32282 30302 
52209 30407 32281 30388 
52210 30960 32676 26906 
52211 30957 32667 27646 
52212 29049 29054 29051 
52213 32615 32622 31145 
52214 31105 32569 32563 
52215 28770 32638 32622 
52216 31153 32627 28764 
52217 31102 32551 31107 
52218 29055 30579 29051 
52219 28362 30850 27747 
52220 29628 32474 31128 
52221 32659 32660 30925 
52222 32276 32637 30823 
52223 30357 30358 30355 
52224 30593 32610 28336 
52225 27751 30852 27749 
52226 29606 30048 29605 
52227 32640 32654 29833 
52228 27184 32506 30626 
52229 30667 30668 30235 
52230 27806 30694 30623 
52231 28892 32670 30930 
52232 1878 26456 1879 
52233 26521 28829 26523 
52234 30943 32652 32645 
52235 1546 26508 1547 
52236 1851 26509 1852 
52237 31097 32639 26987 
52238 30949 32658 26946 
52239 28772 32657 30926 
52240 29882 30607 29547 
52241 30566 32903 1999 
52242 29711 32548 29779 
52243 28429 29073 28833 
52244 29660 32277 30670 
52245 31280 31539 29651 
52246 27774 28429 28189 
52247 30849 32544 27741 
52248 29051 29052 29050 
52249 29597 29598 29509 
52250 29084 30036 29563 
52251 31153 32603 31152 
52252 2137 26507 2138 
52253 28430 31478 29019 
52254 32502 32732 31240 
52255 30213 30215 30214 
52256 27143 32689 27122 
52257 29537 30173 30098 
52258 32634 32642 31133 
52259 27153 32276 30711 
52260 29402 32528 31090 
52261 28905 31901 28906 
52262 30655 30656 29158 
52263 29158 30656 29157 
52264 28362 30852 30841 
52265 28771 32630 31132 
52266 29547 29867 29545 
52267 32603 32614 31152 
52268 27773 30700 27731 
52269 28906 31901 30661 
52270 28908 31488 28907 
52271 30268 32727 30254 
52272 27730 27774 27773 
52273 30660 31488 28908 
52274 28429 28833 28189 
52275 30625 32502 27197 
52276 32559 32618 27139 
52277 32625 32628 31137 
52278 27220 30600 27217 
52279 32531 32702 31098 
52280 30351 30353 30352 
52281 31164 32612 31161 
52282 27776 30630 27224 
52283 27774 28189 27773 
52284 28767 32641 32614 
52285 27848 30804 27315 
52286 30658 30659 28289 
52287 30936 32591 26826 
52288 30826 32608 28896 
52289 32443 32712 29177 
52290 30225 30226 30075 
52291 27739 30694 27806 
52292 29299 30659 30658 
52293 30633 32462 29396 
52294 31160 32596 31159 
52295 28170 30664 28169 
52296 31215 32520 29629 
52297 28170 30665 30664 
52298 30750 32455 29122 
52299 31215 32532 27183 
52300 30711 32388 27153 
52301 28770 32623 31138 
52302 30670 32277 28309 
52303 29537 30098 29073 
52304 27694 31217 27692 
52305 31120 32635 28670 
52306 28072 32114 32044 
52307 31105 32574 32569 
52308 30917 32597 32594 
52309 32044 32114 30017 
52310 32852 32861 30186 
52311 27224 27228 27220 
52312 29622 31909 30671 
52313 31221 32722 32508 
52314 30627 31986 28072 
52315 28658 30728 30657 
52316 30884 32947 32923 
52317 30679 31093 29139 
52318 32596 32604 31159 
52319 29400 31093 30679 
52320 31104 32563 26966 
52321 30918 32590 28766 
52322 29047 30620 29049 
52323 31484 31540 30632 
52324 29623 31484 30628 
52325 28643 28647 28645 
52326 30672 31915 30671 
52327 27710 32611 27782 
52328 28639 30606 28643 
52329 32462 32706 30787 
52330 29623 31540 31484 
52331 30017 32165 30018 
52332 2109 32686 2110 
52333 28764 32627 32604 
52334 31893 31986 30627 
52335 27174 32708 32520 
52336 30671 31915 29622 
52337 29984 30638 29987 
52338 28296 32519 30741 
52339 28072 32044 30627 
52340 30600 30601 27218 
52341 32465 32677 31088 
52342 30632 31540 28067 
52343 30662 30725 29203 
52344 30628 31986 31893 
52345 30628 31893 29623 
52346 29047 29049 29048 
52347 31096 32576 29828 
52348 29074 29537 29073 
52349 28767 32615 31146 
52350 32114 32165 30017 
52351 30725 30740 29203 
52352 27726 27738 27728 
52353 31172 31532 30733 
52354 30778 30896 29297 
52355 29999 30039 30001 
52356 31107 32551 30612 
52357 27210 32912 30592 
52358 32622 32638 31145 
52359 27217 27218 27214 
52360 28637 28646 28639 
52361 28705 32656 28708 
52362 32431 32693 29368 
52363 27699 30907 30650 
52364 29991 30052 29995 
52365 26525 27858 26527 
52366 27117 32486 30613 
52367 27705 32607 27709 
52368 29506 30583 29504 
52369 32483 32503 29744 
52370 28138 32655 28136 
52371 26529 30635 27221 
52372 30626 32415 27184 
52373 30644 30717 29156 
52374 30823 31469 29641 
52375 29639 32431 30639 
52376 27216 32654 32640 
52377 28813 30691 29156 
52378 30619 32541 28898 
52379 30052 30092 29995 
52380 29156 30691 30644 
52381 27165 32390 30648 
52382 30709 32388 30711 
52383 29505 29507 29506 
52384 32382 32666 28958 
52385 29118 30676 28214 
52386 28635 30618 28637 
52387 30650 30908 27699 
52388 30692 32135 28230 
52389 29981 30037 29982 
52390 28764 32603 31153 
52391 32418 32672 31079 
52392 28463 32352 30748 
52393 30836 30839 28360 
52394 30526 32924 32918 
52395 31208 32479 31204 
52396 29774 30720 29123 
52397 31128 32483 29628 
52398 30642 32382 28910 
52399 26535 32889 27213 
52400 30843 30850 28362 
52401 27115 32523 27184 
52402 31128 32503 32483 
52403 29774 30721 30720 
52404 31090 32528 29825 
52405 29599 29600 29598 
52406 27701 32602 27704 
52407 1849 26452 1850 
52408 27217 30600 27218 
52409 27461 30864 27460 
52410 28633 28640 28635 
52411 32479 32487 31204 
52412 30681 30682 29375 
52413 32252 32388 30709 
52414 29382 30682 30681 
52415 1548 26451 1549 
52416 26527 30635 26529 
52417 32383 32675 31212 
52418 28833 30591 29084 
52419 27198 27205 27173 
52420 29629 32532 31215 
52421 30639 32438 29639 
52422 29546 29547 29545 
52423 29600 29981 29602 
52424 27146 32668 32376 
52425 30657 30728 29198 
52426 29883 29884 29882 
52427 30847 30851 30849 
52428 29110 30668 28808 
52429 27172 27173 27160 
52430 29651 31281 31279 
52431 28808 30668 28800 
52432 30646 32383 27190 
52433 29548 29882 29547 
52434 30722 31490 30657 
52435 27749 30852 28362 
52436 29545 30597 29542 
52437 28763 32596 31160 
52438 30631 32488 28904 
52439 26519 26521 26520 
52440 29503 29504 29062 
52441 32293 32391 31350 
52442 29779 32548 30859 
52443 27439 30740 30725 
52444 32307 32648 27908 
52445 30686 30687 29434 
52446 29381 32534 30811 
52447 29347 31281 29651 
52448 2135 26449 2136 
52449 29996 30629 29999 
52450 29120 31490 30722 
52451 28916 30687 30686 
52452 32614 32641 31152 
52453 30781 32718 30710 
52454 27172 27198 27173 
52455 27682 32599 27700 
52456 28214 30676 28165 
52457 32389 32402 28466 
52458 28646 30606 28639 
52459 27134 27136 27135 
52460 32268 32626 28130 
52461 31097 31618 30946 
52462 29653 32275 30797 
52463 30717 31491 27451 
52464 29626 32536 30611 
52465 1846 26372 1847 
52466 1551 26371 1552 
52467 27109 31596 31469 
52468 30657 31490 28658 
52469 1881 26373 1882 
52470 27165 32405 31210 
52471 27213 27726 27725 
52472 30985 32446 30982 
52473 30135 33286 26416 
52474 30240 30242 30241 
52475 29744 32517 29388 
52476 28765 32536 27951 
52477 29642 32334 31174 
52478 26529 27221 26531 
52479 30281 30282 26366 
52480 29641 31469 29236 
52481 28833 29084 28834 
52482 29030 32846 32774 
52483 30705 30713 30710 
52484 30651 31120 29340 
52485 30778 31362 30896 
52486 32339 32646 29295 
52487 28800 30668 28802 
52488 29540 29549 29538 
52489 28637 30618 28646 
52490 31068 32845 29189 
52491 30824 32292 28138 
52492 30656 30742 29157 
52493 28708 32293 31350 
52494 30658 31388 30741 
52495 29646 32339 30653 
52496 29203 30728 30662 
52497 30741 31388 28296 
52498 28850 31258 30685 
52499 27678 32593 27681 
52500 27132 27134 27133 
52501 28682 32493 31094 
52502 32505 32704 28760 
52503 32345 32352 28463 
52504 30652 32307 29645 
52505 28289 31388 30658 
52506 30981 32429 30978 
52507 27126 27128 27127 
52508 29643 32336 31119 
52509 29627 32474 29628 
52510 32604 32627 31159 
52511 31217 32519 28296 
52512 27730 27773 27731 
52513 30640 32412 29422 
52514 30833 32096 30887 
52515 28868 29461 28867 
52516 29084 30591 30036 
52517 30654 32268 29644 
52518 29643 32345 32336 
52519 32327 32334 29642 
52520 30688 31336 30857 
52521 30892 31491 30722 
52522 30688 30857 29657 
52523 28284 32479 31208 
52524 28345 28890 28344 
52525 30748 32402 32389 
52526 32247 32600 29172 
52527 31147 32641 31146 
52528 27205 28653 28631 
52529 29544 29545 29542 
52530 28176 31890 30689 
52531 29819 32454 29355 
52532 31154 32627 31153 
52533 32341 32365 29423 
52534 30748 32389 28463 
52535 29401 32612 31164 
52536 29299 30811 30659 
52537 29988 30636 29991 
52538 26519 26520 26518 
52539 1844 26466 1845 
52540 1553 26467 1554 
52541 30620 30623 30622 
52542 32264 32601 31220 
52543 31363 32494 26682 
52544 30397 30398 30395 
52545 31235 32368 31234 
52546 29461 29607 29462 
52547 27658 32587 27677 
52548 30244 30245 29573 
52549 30977 32410 30974 
52550 30615 30616 30215 
52551 27774 32719 32695 
52552 29538 30624 29537 
52553 29636 30693 29630 
52554 28662 30803 29622 
52555 29647 32247 30663 
52556 28440 31259 28439 
52557 27726 27728 27727 
52558 30396 30399 30397 
52559 27439 30726 26967 
52560 31128 32474 31127 
52561 27315 30804 28662 
52562 1883 30286 26459 
52563 27130 27132 27131 
52564 30645 32407 29442 
52565 30001 30003 30002 
52566 26401 30345 30344 
52567 28889 30807 29552 
52568 32219 32586 31218 
52569 30689 31890 29880 
52570 28662 30804 30803 
52571 30807 32384 29552 
52572 30725 30726 27439 
52573 31174 32341 29642 
52574 32802 33083 30191 
52575 28673 32475 30782 
52576 30666 32264 28956 
52577 27728 27730 27729 
52578 31174 32365 32341 
52579 30648 32405 27165 
52580 30216 30217 30109 
52581 30803 31909 29622 
52582 28804 30667 28807 
52583 29643 32352 32345 
52584 30928 32660 30930 
52585 30656 31494 30742 
52586 30739 32432 27440 
52587 29984 29987 29986 
52588 28907 31488 29620 
52589 28170 31172 30665 
52590 30003 30005 30004 
52591 28360 30852 27751 
52592 29620 31378 30664 
52593 30426 30433 30427 
52594 29991 29995 29992 
52595 30887 32096 30886 
52596 28697 32589 32262 
52597 29216 30720 30674 
52598 29619 31901 28905 
52599 30713 32349 30718 
52600 26678 32463 26675 
52601 29645 32334 32327 
52602 28429 29074 29073 
52603 30427 30428 26313 
52604 30236 30617 30235 
52605 30669 32219 28953 
52606 30754 32466 28680 
52607 29774 30739 30721 
52608 30927 32642 30926 
52609 30674 30750 29216 
52610 31139 32638 31138 
52611 27699 31217 27694 
52612 31119 32336 28913 
52613 30512 30513 30511 
52614 26403 30514 30512 
52615 30297 30298 26278 
52616 30291 30292 26279 
52617 30518 30520 30519 
52618 30461 30462 26285 
52619 30384 30385 26296 
52620 30524 30525 26390 
52621 30444 30445 26306 
52622 30460 30464 30461 
52623 30296 30299 30297 
52624 30318 30319 26289 
52625 30290 30293 30291 
52626 30383 30390 30384 
52627 30485 30487 30486 
52628 30443 30446 30444 
52629 30664 31378 28169 
52630 30309 30311 30310 
52631 30362 30364 30363 
52632 30317 30320 30318 
52633 30409 30411 30410 
52634 30804 31812 29619 
52635 28175 32561 31684 
52636 27129 27130 27128 
52637 30470 30474 30471 
52638 30504 30506 30505 
52639 30475 30478 30476 
52640 30488 30490 30489 
52641 29123 30720 29216 
52642 32531 32536 29626 
52643 29620 31488 31378 
52644 28170 31532 31172 
52645 29645 32327 30652 
52646 32503 32517 29744 
52647 30073 33138 30060 
52648 30897 32284 28914 
52649 29084 29563 29561 
52650 30973 32387 30970 
52651 30897 32262 29808 
52652 27153 32637 32276 
52653 28866 28867 28431 
52654 32187 32553 29207 
52655 28152 30704 28297 
52656 27692 31217 28296 
52657 32284 32317 28914 
52658 29644 32289 30654 
52659 28503 30623 29047 
52660 31812 31901 29619 
52661 29999 30629 30039 
52662 30234 30236 30235 
52663 28503 29047 29046 
52664 28806 28882 28809 
52665 29987 30638 30637 
52666 30653 32351 29646 
52667 27848 31812 30804 
52668 30240 30683 30242 
52669 30295 32681 26295 
52670 29461 29462 28867 
52671 26674 32439 26671 
52672 2132 30281 26366 
52673 29139 31094 30679 
52674 28219 32543 31685 
52675 2132 26366 2133 
52676 27138 27139 27136 
52677 27205 28631 28630 
52678 29090 30063 30062 
52679 29654 32187 30675 
52680 28804 28806 28805 
52681 32465 32474 29627 
52682 30784 30785 28930 
52683 30759 32400 31406 
52684 30797 32275 30796 
52685 27136 27137 27135 
52686 29537 30624 30173 
52687 28163 28427 28162 
52688 29999 30001 30000 
52689 29198 30728 29203 
52690 28215 28344 28214 
52691 26999 32386 26996 
52692 32222 32510 29161 
52693 1555 26361 1556 
52694 1842 26362 1843 
52695 30651 32635 31120 
52696 28423 30695 28351 
52697 31093 32277 29660 
52698 26670 32403 26667 
52699 29462 31478 28867 
52700 28200 32529 31686 
52701 30712 30821 30820 
52702 27755 30853 27753 
52703 27223 27224 27220 
52704 30235 30668 29110 
52705 30826 32597 30920 
52706 29988 29991 29990 
52707 28360 30853 30836 
52708 27159 27160 27139 
52709 32443 32454 29819 
52710 27028 32399 27027 
52711 32552 32561 28175 
52712 29981 29982 29602 
52713 30778 31915 30672 
52714 29552 32384 30188 
52715 30704 30713 30705 
52716 30846 30848 30847 
52717 30969 32366 30966 
52718 31363 31539 31280 
52719 27137 32618 30641 
52720 29460 31124 30696 
52721 30704 30705 28297 
52722 30663 32270 29647 
52723 26535 27213 26537 
52724 29382 30782 30682 
52725 30688 32110 29692 
52726 30848 32872 30851 
52727 30676 30677 28427 
52728 27199 27210 27198 
52729 30713 30718 30710 
52730 29049 29050 29048 
52731 28099 32501 31687 
52732 29448 30730 30138 
52733 26666 32364 26663 
52734 30696 31124 30714 
52735 26459 30574 30284 
52736 30058 32853 30166 
52737 29503 29505 29504 
52738 29841 32862 32754 
52739 29867 30597 29545 
52740 28802 30668 30667 
52741 30648 32390 30649 
52742 32538 32543 28219 
52743 28160 30692 28230 
52744 28956 32287 30666 
52745 29019 29574 29572 
52746 28430 29019 28886 
52747 28804 28807 28806 
52748 27032 32356 27031 
52749 27465 30864 27461 
52750 29074 29538 29537 
52751 30714 31124 28390 
52752 30949 32652 30945 
52753 26700 32446 30985 
52754 29297 31915 30778 
52755 29587 30807 28889 
52756 26895 32390 27165 
52757 30644 32549 30717 
52758 28344 29118 28214 
52759 31131 32628 31132 
52760 30936 32574 30935 
52761 27219 27220 27217 
52762 27171 27172 27160 
52763 32148 32491 29160 
52764 29637 32864 32755 
52765 28953 32243 30669 
52766 29593 30234 29110 
52767 27460 30864 30674 
52768 28055 32484 31688 
52769 28908 32905 30660 
52770 29375 31906 30681 
52771 28215 28345 28344 
52772 27134 27135 27133 
52773 29574 30200 30199 
52774 30634 31478 29462 
52775 31094 32493 30679 
52776 32515 32529 28200 
52777 27130 27131 27128 
52778 30864 32455 30750 
52779 29692 31172 30733 
52780 27126 27127 27125 
52781 28802 30667 28804 
52782 30687 30754 29434 
52783 30797 32306 29653 
52784 28161 28163 28162 
52785 28802 28804 28803 
52786 28353 28424 28423 
52787 28163 30676 28427 
52788 26678 31266 31050 
52789 29672 30785 30784 
52790 29626 32702 32531 
52791 27733 30700 27737 
52792 30626 32714 32415 
52793 30134 33163 26277 
52794 30965 32353 30962 
52795 29991 30636 30052 
52796 27132 27133 27131 
52797 29808 32284 30897 
52798 27124 27126 27125 
52799 29461 33052 32979 
52800 28146 32157 30820 
52801 28042 32458 31689 
52802 30675 32202 29654 
52803 26696 32429 30981 
52804 30685 31259 28850 
52805 31050 31266 31051 
52806 28425 28430 28424 
52807 29668 32153 31123 
52808 30202 30204 30203 
52809 28309 32312 30670 
52810 32172 32452 29174 
52811 28161 28162 28160 
52812 29047 29048 29046 
52813 32496 32501 28099 
52814 28165 30676 28163 
52815 30839 30852 28360 
52816 1883 26459 1884 
52817 32505 32506 30614 
52818 26999 31362 30777 
52819 32377 32378 29426 
52820 30768 32497 32177 
52821 27731 30700 27733 
52822 29692 32110 31172 
52823 30846 30847 30845 
52824 29636 30784 30693 
52825 29607 30197 29462 
52826 29406 32368 31235 
52827 30744 32236 30898 
52828 27132 32743 32731 
52829 30477 30480 30479 
52830 30238 30617 30236 
52831 30844 30846 30845 
52832 27211 27214 27210 
52833 31058 31348 26690 
52834 31182 32358 31108 
52835 30271 32843 29589 
52836 32153 32468 31394 
52837 29627 32677 32465 
52838 31259 32038 28915 
52839 30777 31362 30778 
52840 30221 30222 30220 
52841 27215 27217 27214 
52842 27126 27129 27128 
52843 30193 33001 28650 
52844 27036 32302 27035 
52845 28041 32430 31690 
52846 29341 32216 30902 
52847 30857 31336 27027 
52848 29396 32462 31111 
52849 28631 28633 28632 
52850 27134 27138 27136 
52851 32476 32484 28055 
52852 28351 30695 28349 
52853 29650 31348 31058 
52854 29650 31539 31348 
52855 30234 30235 29110 
52856 30717 32549 31491 
52857 29136 32158 31080 
52858 29651 31539 29650 
52859 29400 32277 31093 
52860 26521 26523 26522 
52861 30820 32157 30712 
52862 29657 32110 30688 
52863 26692 32410 30977 
52864 32081 32404 31085 
52865 30842 30844 30843 
52866 29507 30776 29916 
52867 32506 32523 30614 
52868 28866 28868 28867 
52869 29996 29999 29998 
52870 28213 28214 28165 
52871 32216 32246 30902 
52872 29109 29110 28808 
52873 28430 28886 28424 
52874 30649 32390 32376 
52875 28921 32163 30697 
52876 30961 32330 29771 
52877 27782 32611 31513 
52878 30702 30703 28154 
52879 30828 30853 27755 
52880 32853 32888 30166 
52881 29805 32249 29652 
52882 28669 32321 29005 
52883 32451 32458 28042 
52884 30844 30845 30843 
52885 31281 32314 31279 
52886 28033 32370 31694 
52887 28425 28431 28430 
52888 26571 31610 26569 
52889 27753 30853 28360 
52890 27192 31158 31157 
52891 27196 32554 26814 
52892 28643 28645 28644 
52893 30275 32741 30248 
52894 28639 28643 28641 
52895 30767 31065 31048 
52896 32182 32207 29659 
52897 28850 31259 28440 
52898 27733 27737 27735 
52899 30353 30354 30352 
52900 29122 32455 31494 
52901 28799 28800 28798 
52902 28354 30715 28179 
52903 30811 32534 30659 
52904 29217 30723 29218 
52905 31190 31193 31046 
52906 32128 32362 31075 
52907 28439 31259 28915 
52908 30987 31049 27144 
52909 28352 28353 28351 
52910 31123 32207 32182 
52911 30693 30784 28930 
52912 31684 32561 31680 
52913 26991 31358 30771 
52914 28353 28423 28351 
52915 1557 26468 1558 
52916 1840 26469 1841 
52917 26688 32387 30973 
52918 30686 32159 28916 
52919 29987 29988 29986 
52920 30873 30885 30870 
52921 29659 32224 29658 
52922 27473 31610 30699 
52923 32417 32430 28041 
52924 28155 30702 28154 
52925 31654 32401 31694 
52926 30840 30842 30841 
52927 30357 30359 30358 
52928 27201 31151 31150 
52929 26459 30284 1884 
52930 28921 32198 29341 
52931 31123 32182 29668 
52932 28915 32038 30693 
52933 28637 28639 28638 
52934 27153 32388 27112 
52935 30687 32466 30754 
52936 29410 32320 29775 
52937 27709 32607 31971 
52938 30771 31358 29665 
52939 29192 32221 28967 
52940 31685 32543 31676 
52941 30842 30843 30841 
52942 29019 29572 28886 
52943 28800 28802 28801 
52944 27040 32253 27039 
52945 31080 32158 30164 
52946 31197 31368 31193 
52947 32222 32249 29805 
52948 29801 32175 29664 
52949 31193 31368 31046 
52950 27213 27725 26537 
52951 28035 32328 31695 
52952 27004 32240 27003 
52953 29802 32185 29663 
52954 29155 31384 30862 
52955 28159 28160 28158 
52956 30748 32352 30747 
52957 29005 30950 29784 
52958 28156 31520 30769 
52959 27197 32502 26802 
52960 31654 32417 32401 
52961 2130 26457 2131 
52962 30788 31516 29763 
52963 31311 32369 31312 
52964 28795 28796 28794 
52965 28833 28834 28189 
52966 27183 31164 31163 
52967 31686 32529 31672 
52968 29109 29593 29110 
52969 28431 31478 28430 
52970 26879 32520 31215 
52971 29833 30690 28773 
52972 31278 32274 31052 
52973 30751 30753 26950 
52974 29655 32236 30744 
52975 30782 32475 30682 
52976 29774 32432 30739 
52977 28509 30891 30888 
52978 28744 32346 31028 
52979 29652 32275 29653 
52980 29574 30199 29572 
52981 32198 32216 29341 
52982 27296 31516 30788 
52983 27136 32618 27137 
52984 30769 31520 29713 
52985 30837 30840 30839 
52986 29880 31890 30769 
52987 30716 31383 28474 
52988 28796 28798 28797 
52989 27205 28630 27173 
52990 26525 26527 26526 
52991 28477 31882 31184 
52992 26684 32366 30969 
52993 29717 30753 30751 
52994 30693 32038 29630 
52995 27192 31157 31156 
52996 28806 28809 28805 
52997 30642 32666 32382 
52998 28633 28635 28634 
52999 31687 32501 31666 
53000 32207 32224 29659 
53001 32329 32331 26772 
53002 29763 30795 29192 
53003 30834 30835 30830 
53004 30777 32386 26999 
53005 30723 30724 29218 
53006 30886 32096 28369 
53007 32360 32370 28033 
53008 28213 28215 28214 
53009 28159 28161 28160 
53010 31649 32350 31695 
53011 32148 32175 29801 
53012 28882 30770 28809 
53013 27704 32602 32087 
53014 31280 32494 31363 
53015 31685 32561 32552 
53016 31184 31882 31183 
53017 28610 28794 28793 
53018 27226 27776 27224 
53019 26875 31163 26873 
53020 28472 32672 32418 
53021 31684 32573 28175 
53022 32520 32708 29629 
53023 29709 30908 30650 
53024 28658 31521 30728 
53025 31389 31417 29675 
53026 30080 32259 31382 
53027 30848 30851 30847 
53028 28353 28425 28424 
53029 30840 30841 30839 
53030 30728 31521 30662 
53031 32172 32185 29802 
53032 29708 30908 29709 
53033 29675 32188 29676 
53034 30950 32113 29784 
53035 30948 31214 30956 
53036 28154 30704 28152 
53037 27201 31150 31149 
53038 30639 32431 27339 
53039 30650 32548 29711 
53040 29763 31516 30795 
53041 31303 32255 28308 
53042 31686 32543 32538 
53043 28326 32396 32137 
53044 31494 32455 30742 
53045 29120 32549 28832 
53046 31688 32484 31662 
53047 29552 29833 28773 
53048 28635 28637 28636 
53049 31685 32552 28219 
53050 30626 32506 29447 
53051 28043 32288 31691 
53052 31050 32463 26678 
53053 29683 32229 31011 
53054 28804 28805 28803 
53055 30865 32439 26674 
53056 31364 31431 27029 
53057 27001 31417 31389 
53058 30717 31354 29156 
53059 30896 31362 27003 
53060 28150 30757 28147 
53061 30816 32403 26670 
53062 31433 32469 29793 
53063 30790 32364 26666 
53064 26869 31156 26867 
53065 29775 31431 31364 
53066 30872 30883 30879 
53067 27451 31354 30717 
53068 28179 30715 28092 
53069 28799 28808 28800 
53070 27031 32356 30794 
53071 28174 32260 27604 
53072 31406 32400 29374 
53073 31014 32239 29690 
53074 31649 32360 32350 
53075 27027 32399 30857 
53076 31687 32529 32515 
53077 31686 32538 28200 
53078 28427 28887 28162 
53079 31194 31196 31009 
53080 28390 31885 30714 
53081 28311 32297 28314 
53082 29544 29546 29545 
53083 31328 32498 29796 
53084 32119 32150 28745 
53085 28610 30698 28795 
53086 31340 32208 30867 
53087 32377 32504 28858 
53088 31689 32458 31658 
53089 32141 33384 26345 
53090 29883 29885 29884 
53091 29687 30785 29672 
53092 28745 32034 28744 
53093 30835 30837 30836 
53094 28349 30695 28354 
53095 26863 31149 26861 
53096 31687 32515 28099 
53097 31688 32501 32496 
53098 28745 32150 32034 
53099 26680 32353 30965 
53100 27204 31144 31143 
53101 29805 32510 32222 
53102 30996 31010 31003 
53103 31048 31438 30767 
53104 28164 28165 28163 
53105 26523 26525 26524 
53106 30757 32157 28146 
53107 31392 31420 29683 
53108 32290 32689 27143 
53109 27192 31162 31158 
53110 28420 32163 28921 
53111 32249 32275 29652 
53112 28708 32656 32293 
53113 31047 31438 31048 
53114 26691 32442 26690 
53115 29799 32138 29670 
53116 30829 30834 30830 
53117 30883 30884 30881 
53118 1940 32839 1941 
53119 30345 30346 30344 
53120 29546 29548 29547 
53121 27035 32302 30786 
53122 27700 32599 32149 
53123 27190 32383 27099 
53124 28157 28159 28158 
53125 28906 30904 28435 
53126 29819 32712 32443 
53127 31690 32430 31653 
53128 29799 32150 32119 
53129 26672 31420 31392 
53130 26912 32269 32250 
53131 28147 30757 28146 
53132 31688 32496 28055 
53133 26967 32433 26963 
53134 31689 32484 32476 
53135 32313 32328 28035 
53136 1952 32840 1953 
53137 28074 32232 31692 
53138 32292 32655 28138 
53139 30862 31384 29666 
53140 28157 28158 28155 
53141 31292 32209 31346 
53142 30654 32626 32268 
53143 28940 31729 30719 
53144 28350 28351 28349 
53145 28796 28799 28798 
53146 26927 31099 27155 
53147 31526 31552 29210 
53148 30837 30839 30836 
53149 31466 31548 29684 
53150 31194 31568 31195 
53151 26569 31610 27473 
53152 30959 31216 30993 
53153 30200 30230 30199 
53154 30653 32339 27335 
53155 27201 31155 31151 
53156 30046 32189 31402 
53157 28186 31071 30813 
53158 32064 32325 29173 
53159 28484 32178 32033 
53160 31009 31568 31194 
53161 30879 30883 30881 
53162 31248 32332 31247 
53163 31252 31991 29687 
53164 31694 32370 31646 
53165 28924 30724 30723 
53166 31689 32476 28042 
53167 27129 27145 27130 
53168 31505 31531 30716 
53169 32030 32039 29332 
53170 28295 31531 31505 
53171 28796 28797 28794 
53172 31690 32458 32451 
53173 30947 31214 30948 
53174 30835 30836 30830 
53175 28910 32382 27924 
53176 28294 32090 29332 
53177 27778 31480 30727 
53178 30652 32648 32307 
53179 29673 31306 30738 
53180 30814 31071 28848 
53181 30872 30879 30878 
53182 28481 32196 31409 
53183 30594 32768 32606 
53184 29682 32039 32030 
53185 31227 31514 29206 
53186 30726 32433 26967 
53187 28789 29030 28345 
53188 30796 32275 29167 
53189 27183 31163 26875 
53190 30808 32398 29413 
53191 29562 32869 30621 
53192 28800 28801 28798 
53193 29802 32452 32172 
53194 30399 30400 30397 
53195 27204 31143 31142 
53196 32033 32178 29791 
53197 28369 30889 30886 
53198 30723 31908 29682 
53199 32119 32138 29799 
53200 28337 31214 30947 
53201 30625 32732 32502 
53202 29212 31371 31185 
53203 30711 32276 30712 
53204 28314 31910 28484 
53205 27039 32253 30774 
53206 30795 32221 29192 
53207 31813 31891 29385 
53208 30731 32016 29702 
53209 28608 28610 28609 
53210 29516 31121 30760 
53211 30204 30205 30203 
53212 28186 32027 27295 
53213 27192 31156 26869 
53214 31690 32451 28041 
53215 28509 32101 28229 
53216 28349 28354 28179 
53217 28924 31099 30724 
53218 29678 31383 30716 
53219 31654 32430 32417 
53220 31373 32089 28970 
53221 27005 32358 31182 
53222 26699 31309 26698 
53223 30813 31071 30814 
53224 30829 30830 30828 
53225 28775 29838 29115 
53226 30986 32459 30985 
53227 31303 31891 31813 
53228 31174 32334 27916 
53229 31158 31162 31161 
53230 31381 32145 30818 
53231 29332 32090 32030 
53232 28474 31505 30716 
53233 27763 30889 28369 
53234 27767 30878 28364 
53235 32273 32288 28043 
53236 31695 32328 31640 
53237 31081 31473 29199 
53238 27201 31149 26863 
53239 29005 32321 30950 
53240 26676 32330 30961 
53241 29687 31991 30785 
53242 29676 31225 31223 
53243 30722 31491 29120 
53244 29639 32693 32431 
53245 29734 32362 32128 
53246 29647 32600 32247 
53247 30133 30755 30134 
53248 27128 30684 27127 
53249 30608 32747 32554 
53250 30714 31885 31527 
53251 27681 32593 32194 
53252 30663 32247 27338 
53253 29801 32491 32148 
53254 28608 30698 28610 
53255 31049 31610 27144 
53256 28348 28349 28179 
53257 31106 31181 30935 
53258 30620 30622 30621 
53259 27144 31587 30987 
53260 28067 32314 31281 
53261 28190 32173 31693 
53262 30669 32586 32219 
53263 30427 30429 30428 
53264 29669 32404 32081 
53265 28610 28795 28794 
53266 28793 30730 29448 
53267 30750 31487 29216 
53268 27144 31610 26571 
53269 30646 32675 32383 
53270 32376 32668 30649 
53271 30712 32276 30821 
53272 29672 32155 29126 
53273 31151 31155 31154 
53274 31264 31486 29201 
53275 30841 30852 30839 
53276 30697 32198 28921 
53277 28956 32264 27906 
53278 31527 31885 27778 
53279 32151 32160 26752 
53280 30862 32158 29136 
53281 30633 32706 32462 
53282 30752 30861 29134 
53283 29070 29124 29030 
53284 31694 32401 28033 
53285 29122 31487 30750 
53286 27003 32240 30896 
53287 28610 28793 28609 
53288 27204 31148 31144 
53289 30870 30885 30872 
53290 26857 31142 26855 
53291 27765 30889 27763 
53292 29654 32553 32187 
53293 30995 31010 30996 
53294 30982 32446 30981 
53295 30697 32163 29681 
53296 30761 31227 29206 
53297 31895 31914 28226 
53298 30666 32601 32264 
53299 30506 30507 30505 
53300 31373 31374 29383 
53301 30832 30834 30829 
53302 30986 32464 32459 
53303 31323 32071 27817 
53304 28160 28230 28158 
53305 29646 32646 32339 
53306 31309 31310 26698 
53307 31140 31165 30927 
53308 30888 32101 28509 
53309 30835 30838 30837 
53310 29068 32568 32473 
53311 31649 32370 32360 
53312 28667 30861 30752 
53313 28092 30715 28232 
53314 30675 32187 27337 
53315 31417 32188 29675 
53316 30520 30521 30519 
53317 31185 31371 31171 
53318 30524 30526 30525 
53319 28476 31227 30733 
53320 30297 30300 30298 
53321 30291 30294 30292 
53322 30461 30463 30462 
53323 30311 30312 30310 
53324 30384 30386 30385 
53325 30364 30365 30363 
53326 30444 30447 30445 
53327 30318 30321 30319 
53328 30411 30412 30410 
53329 30947 31338 28337 
53330 28341 31010 30995 
53331 28337 31338 27984 
53332 31264 31265 28681 
53333 28353 32291 28425 
53334 27769 30878 27767 
53335 29047 30623 30620 
53336 31908 32039 29682 
53337 32262 32589 29808 
53338 28953 32219 28128 
53339 29548 29883 29882 
53340 26662 32335 26658 
53341 30800 32230 28968 
53342 30958 31216 30959 
53343 31691 32288 31636 
53344 31234 32368 28329 
53345 26973 31924 31176 
53346 28092 28232 28090 
53347 30719 31900 28940 
53348 28233 31333 31042 
53349 28022 31333 28233 
53350 31306 31347 30738 
53351 29668 32468 32153 
53352 29090 32673 30063 
53353 30827 31308 29680 
53354 31223 31256 29676 
53355 29289 30756 30747 
53356 30878 30879 28364 
53357 28329 32357 30744 
53358 31321 32066 28969 
53359 30762 31081 29199 
53360 26575 31587 26573 
53361 29645 32307 27912 
53362 30733 31532 28476 
53363 31184 31914 31895 
53364 27204 31142 26857 
53365 31569 31729 28940 
53366 31261 31526 29210 
53367 30760 31422 29516 
53368 27172 30690 27199 
53369 27160 32559 27139 
53370 30737 31729 31569 
53371 30702 30735 30703 
53372 28339 31216 30958 
53373 30727 31527 27778 
53374 27843 32274 31278 
53375 32508 32722 29747 
53376 30131 32378 32377 
53377 31270 31466 29684 
53378 26873 31163 31162 
53379 29865 32111 29957 
53380 28615 31298 28095 
53381 27726 27727 27725 
53382 31085 31339 31084 
53383 31222 31256 31223 
53384 28701 32262 30897 
53385 29991 29992 29990 
53386 28987 32332 31248 
53387 30758 31298 28615 
53388 31265 31498 28681 
53389 28178 28179 28092 
53390 31144 31148 31147 
53391 30978 32429 30977 
53392 28671 30756 29289 
53393 32211 32232 28074 
53394 31226 31347 31306 
53395 31116 31404 29662 
53396 31292 31310 31309 
53397 28091 28092 28090 
53398 30742 31353 29157 
53399 31346 32209 28664 
53400 28039 31375 28231 
53401 29405 31339 31085 
53402 31115 31404 31116 
53403 31263 31264 29201 
53404 31374 31530 29383 
53405 27283 31892 31480 
53406 28231 31375 30763 
53407 30746 30893 28851 
53408 29134 30861 29136 
53409 30825 30920 27209 
53410 29217 31908 30723 
53411 30759 31406 27154 
53412 28867 31478 28431 
53413 26919 31341 27152 
53414 30826 30920 30825 
53415 30813 32027 28186 
53416 28329 32368 32357 
53417 31692 32232 31632 
53418 28368 30828 27757 
53419 32416 32433 30726 
53420 27465 31353 30742 
53421 27439 31176 30740 
53422 31695 32350 28035 
53423 26867 31156 31155 
53424 29881 30689 29880 
53425 30899 31880 27829 
53426 27155 31099 28924 
53427 31382 32259 27706 
53428 29644 32268 28134 
53429 27152 31341 30768 
53430 29155 30862 30861 
53431 29775 32320 31431 
53432 30133 30912 30755 
53433 29201 31294 31263 
53434 26991 32285 26986 
53435 28984 31245 31231 
53436 31312 32369 29127 
53437 30919 31096 31095 
53438 30882 30887 30886 
53439 30753 32144 26950 
53440 29782 32097 29386 
53441 28928 31466 30736 
53442 31480 31892 30727 
53443 30811 30856 28678 
53444 30908 31217 27699 
53445 29995 29996 29992 
53446 31183 31882 31185 
53447 31184 31895 28477 
53448 28301 31473 31081 
53449 26861 31149 31148 
53450 30769 31890 28156 
53451 30773 31379 28954 
53452 30752 30863 28667 
53453 31691 32328 32313 
53454 28161 28164 28163 
53455 31123 32153 27894 
53456 27757 30828 27755 
53457 28317 32190 32016 
53458 29702 32166 30731 
53459 29681 32163 32137 
53460 30745 30899 28654 
53461 27839 32208 31340 
53462 30780 31390 29594 
53463 31158 31159 31157 
53464 27677 32587 32241 
53465 28929 31526 30737 
53466 31074 31562 31229 
53467 28153 28155 28154 
53468 28233 31368 31197 
53469 28153 28154 28152 
53470 28476 31514 31227 
53471 30345 30580 30346 
53472 31418 31425 27683 
53473 30912 31238 29890 
53474 27138 27159 27139 
53475 29684 31349 31270 
53476 30879 30880 28364 
53477 31198 31304 29705 
53478 29210 31352 31261 
53479 27154 31059 30759 
53480 30736 31566 28928 
53481 28681 31486 31264 
53482 31029 31489 26631 
53483 29687 31355 31252 
53484 30974 32410 30973 
53485 28435 30904 28654 
53486 27404 31905 27775 
53487 31231 31245 29366 
53488 30805 31712 31230 
53489 30798 31624 31241 
53490 30927 31359 31140 
53491 28722 31624 30798 
53492 31292 31346 31310 
53493 26598 31059 27154 
53494 31910 32178 28484 
53495 28671 30913 30756 
53496 26929 31099 26927 
53497 30898 32236 30751 
53498 29957 31425 31418 
53499 30881 30882 30880 
53500 30737 31569 28929 
53501 28724 31712 30805 
53502 30779 31445 28830 
53503 28802 28803 28801 
53504 31151 31152 31150 
53505 26618 31244 27158 
53506 28928 31548 31466 
53507 27015 31228 27299 
53508 30749 31029 28302 
53509 30705 30706 28297 
53510 31012 31919 31013 
53511 29448 30138 30137 
53512 28654 30903 30745 
53513 30480 30481 30479 
53514 28929 31552 31526 
53515 29594 31390 28874 
53516 29186 31257 30929 
53517 28954 31379 27327 
53518 31026 31376 29975 
53519 30787 31481 27179 
53520 31402 32189 27702 
53521 31420 32229 29683 
53522 29377 32057 30798 
53523 29639 32438 28957 
53524 29383 32089 31373 
53525 29144 30789 29142 
53526 28368 30829 30828 
53527 31106 31407 31181 
53528 31691 32313 28043 
53529 28089 28090 28088 
53530 26950 32144 26945 
53531 28297 30757 28150 
53532 29371 32154 30894 
53533 27967 31940 31175 
53534 30928 30930 30929 
53535 29141 31314 29524 
53536 27440 31356 30739 
53537 31171 31236 29152 
53538 29231 31500 31013 
53539 27172 27199 27198 
53540 32177 32497 29399 
53541 31181 31407 28333 
53542 28231 31438 31047 
53543 31016 31928 31015 
53544 32064 32097 29782 
53545 29378 32058 30805 
53546 27775 31905 30855 
53547 31198 31423 27283 
53548 31016 31517 29238 
53549 29036 30799 29889 
53550 31308 31510 31383 
53551 29879 29881 29880 
53552 28718 32133 31935 
53553 29732 32230 30800 
53554 29162 30806 29921 
53555 31383 31510 28474 
53556 30958 31360 28339 
53557 31692 32288 32273 
53558 30995 31361 28341 
53559 31409 32196 29745 
53560 29713 31520 31017 
53561 29516 31422 31295 
53562 26702 31309 26699 
53563 27823 32145 31381 
53564 31693 32173 31628 
53565 31084 31339 27063 
53566 31308 31383 29680 
53567 31414 31421 30792 
53568 29206 31228 30761 
53569 30802 31587 26575 
53570 30879 30881 30880 
53571 31175 31940 29581 
53572 31316 31508 27813 
53573 29299 30856 30811 
53574 30869 30878 27769 
53575 27120 27121 27118 
53576 31270 31349 26716 
53577 31261 31352 27053 
53578 30771 32285 26991 
53579 31252 31355 26726 
53580 27819 31421 31414 
53581 29931 32071 31323 
53582 26702 31337 31291 
53583 28939 31308 31307 
53584 27119 27120 27118 
53585 26600 31059 26598 
53586 29680 31383 29678 
53587 31225 31913 31224 
53588 29199 31244 30762 
53589 30970 32387 30969 
53590 31193 31410 31197 
53591 31176 31924 30740 
53592 31482 32260 28174 
53593 28087 28088 28086 
53594 31813 32255 31303 
53595 29186 30929 29603 
53596 27122 27124 27123 
53597 28095 31298 27420 
53598 28086 28236 28084 
53599 30745 31880 30899 
53600 29376 32066 31321 
53601 29690 32239 31788 
53602 31206 31413 31210 
53603 27984 31338 27982 
53604 30784 32155 29672 
53605 29200 31282 30815 
53606 27870 31256 31222 
53607 30755 30912 29890 
53608 30057 31401 31109 
53609 29152 31185 31171 
53610 28024 31333 28022 
53611 28139 30824 28138 
53612 28679 31289 31287 
53613 26573 31587 27144 
53614 29879 29880 29714 
53615 31307 31308 30827 
53616 26577 30802 26575 
53617 31144 31145 31143 
53618 30783 32335 26662 
53619 27120 27122 27121 
53620 29923 31403 31110 
53621 28212 28213 28165 
53622 29676 32188 31225 
53623 27127 30701 27125 
53624 27209 31412 30825 
53625 29402 31090 31089 
53626 26521 26522 26520 
53627 30772 31755 28097 
53628 30749 31489 31029 
53629 29680 31324 30827 
53630 30792 31933 29761 
53631 31005 31408 28235 
53632 30801 31325 29208 
53633 30870 30872 30869 
53634 30812 31366 29215 
53635 29341 30902 30901 
53636 31033 31064 31034 
53637 27116 27118 27117 
53638 27179 31481 26790 
53639 31095 31415 30919 
53640 27342 31347 31226 
53641 28830 31445 28457 
53642 31229 31562 30721 
53643 30739 31229 30721 
53644 26855 31142 31141 
53645 27202 31136 31135 
53646 28085 28086 28084 
53647 31042 31368 28233 
53648 31692 32273 28074 
53649 26931 32042 26929 
53650 30856 31785 28678 
53651 26921 31341 26919 
53652 29635 31274 31273 
53653 31263 31294 26651 
53654 28364 30889 27765 
53655 31048 31065 31064 
53656 28611 30698 28608 
53657 30890 30891 28509 
53658 31806 31919 31012 
53659 27202 31141 31136 
53660 30882 30886 30880 
53661 27982 31807 27980 
53662 31423 31892 27283 
53663 27638 32398 30808 
53664 28321 32016 30731 
53665 32034 32346 28744 
53666 27299 31228 29206 
53667 29234 31930 29864 
53668 29927 31508 31316 
53669 30746 31474 30893 
53670 30830 30853 30828 
53671 28026 31790 28024 
53672 28363 30869 27847 
53673 31025 31376 31026 
53674 30346 30347 30344 
53675 29523 31864 31755 
53676 28181 31375 28039 
53677 30860 31385 29058 
53678 29705 31423 31198 
53679 28363 30870 30869 
53680 30894 32154 27950 
53681 29426 32504 32377 
53682 28506 30890 28509 
53683 27158 31244 29199 
53684 31693 32232 32211 
53685 28072 31986 27857 
53686 31074 31229 26641 
53687 30674 30864 30750 
53688 31136 31141 31139 
53689 31075 32097 28746 
53690 27124 27125 27123 
53691 29162 30921 30806 
53692 31034 31064 31037 
53693 29167 30911 30796 
53694 29036 31023 30799 
53695 29880 30769 29714 
53696 30705 30710 30707 
53697 31194 31195 31186 
53698 30845 30850 30843 
53699 29714 30769 29713 
53700 31140 31359 26843 
53701 26995 32359 31358 
53702 31015 31928 31896 
53703 30905 31384 29155 
53704 29208 31326 30801 
53705 31114 31404 31115 
53706 28481 31409 30895 
53707 29524 31314 30180 
53708 31197 31410 28018 
53709 30719 31729 29349 
53710 31210 31413 26891 
53711 27279 31885 28390 
53712 28384 31125 29018 
53713 27847 30869 27769 
53714 27451 30892 27447 
53715 32112 32142 27970 
53716 28167 31017 28149 
53717 30966 32366 30965 
53718 27202 31135 31134 
53719 30789 31250 29142 
53720 29205 31286 31285 
53721 30893 31474 30900 
53722 26996 32386 26995 
53723 28158 30702 28155 
53724 30739 31356 31229 
53725 29205 31503 31287 
53726 28156 28157 28155 
53727 28673 31889 26597 
53728 26951 30898 30751 
53729 31185 31882 29212 
53730 31287 31503 28679 
53731 30810 31249 29211 
53732 31088 32454 28283 
53733 30782 31889 28673 
53734 28481 30895 27556 
53735 28369 30854 27761 
53736 30699 31610 31049 
53737 30815 31283 29200 
53738 27035 32356 27032 
53739 28412 31293 28411 
53740 28578 31295 28577 
53741 28083 28084 28082 
53742 30872 30885 30883 
53743 30346 30348 30347 
53744 26883 31207 27174 
53745 29208 31528 31326 
53746 29341 30901 28691 
53747 30763 31438 28231 
53748 27347 30900 28370 
53749 28314 32297 31910 
53750 29062 32540 28414 
53751 29205 31287 31286 
53752 27039 32302 27036 
53753 31032 31465 27289 
53754 29703 31465 31032 
53755 27275 31480 27778 
53756 28620 30910 30909 
53757 28142 30824 28139 
53758 30810 31307 30827 
53759 31129 31134 31131 
53760 31326 31528 28936 
53761 29716 32068 31175 
53762 28149 31017 28151 
53763 30863 31441 27240 
53764 27633 32469 31433 
53765 26777 30913 26776 
53766 31186 31195 28012 
53767 30854 32096 30831 
53768 32137 32396 29681 
53769 31120 32331 32329 
53770 26690 32442 31058 
53771 30754 32160 32151 
53772 26581 30802 26577 
53773 31195 31568 28235 
53774 28783 31327 28168 
53775 31295 31422 28577 
53776 27468 31250 28342 
53777 28348 28350 28349 
53778 26818 31415 31095 
53779 29154 31023 28565 
53780 26827 31412 27209 
53781 28984 32002 27487 
53782 27314 31319 28367 
53783 28853 30909 29140 
53784 28877 30921 28571 
53785 27440 32432 28302 
53786 28678 31785 26589 
53787 27420 31560 27419 
53788 32250 32269 31094 
53789 28350 28352 28351 
53790 29632 31273 27779 
53791 27334 30911 27085 
53792 30399 30401 30400 
53793 30815 31282 26983 
53794 30685 32038 31259 
53795 27866 30905 27321 
53796 30820 30821 28758 
53797 26600 31492 31059 
53798 29230 31493 31224 
53799 31283 31485 29200 
53800 28934 31485 31283 
53801 31003 31010 30999 
53802 28151 28152 28150 
53803 30827 31324 26611 
53804 27209 30920 30914 
53805 27195 30923 30922 
53806 29318 31958 31332 
53807 26663 32364 26662 
53808 27937 31127 27936 
53809 32016 32190 29702 
53810 31291 31309 26702 
53811 28235 31408 28008 
53812 27258 31249 26617 
53813 29779 29780 29712 
53814 30861 30862 29136 
53815 28334 30932 30931 
53816 27171 30690 27172 
53817 29381 30811 28678 
53818 28237 30939 30938 
53819 29211 31307 30810 
53820 27114 27116 27115 
53821 28338 30952 30951 
53822 27571 31500 27569 
53823 29957 32111 31425 
53824 28340 30989 30988 
53825 26620 31244 26618 
53826 29076 31060 29872 
53827 26934 32099 32042 
53828 28081 28082 28080 
53829 31109 31401 28525 
53830 31092 31314 29141 
53831 27016 31228 27015 
53832 30914 30920 30915 
53833 30998 31010 28341 
53834 31110 31403 28537 
53835 29098 31177 28461 
53836 27018 31721 27016 
53837 29174 32138 29159 
53838 30752 31441 30863 
53839 30935 31181 30932 
53840 27607 31517 27609 
53841 28149 28150 28147 
53842 28752 32185 28751 
53843 28339 31360 27992 
53844 27717 30906 28623 
53845 30932 31181 30931 
53846 31311 31312 26694 
53847 27266 31556 31304 
53848 27721 31091 28885 
53849 26695 31311 26694 
53850 31127 32474 27936 
53851 27230 31111 26794 
53852 29842 31082 29059 
53853 29059 31082 28531 
53854 32422 32489 27876 
53855 31124 31439 28390 
53856 27069 31018 29160 
53857 31134 31135 31131 
53858 29960 31020 29065 
53859 28341 31361 28000 
53860 30946 31209 30939 
53861 27231 31089 26806 
53862 29683 31011 29015 
53863 31025 31026 28422 
53864 28885 31091 29555 
53865 28203 31237 30858 
53866 28996 31014 29690 
53867 29402 31089 27231 
53868 28193 31060 29076 
53869 29782 32325 32064 
53870 27075 31021 29161 
53871 31693 32211 28190 
53872 29161 32175 27332 
53873 30831 30832 30829 
53874 26742 31024 29145 
53875 30939 31209 30938 
53876 28152 28297 28150 
53877 29330 29714 29713 
53878 30956 31214 30952 
53879 29167 32249 27333 
53880 31033 31034 28346 
53881 31047 31048 28347 
53882 28967 32221 29689 
53883 30993 31216 30989 
53884 27209 30914 26824 
53885 26776 30913 28671 
53886 27318 31320 31319 
53887 30999 31010 30998 
53888 29396 31111 27230 
53889 27241 30863 27238 
53890 28104 31028 29169 
53891 26622 31591 26620 
53892 31115 31116 27146 
53893 30952 31214 30951 
53894 29330 29713 29327 
53895 28334 30931 27963 
53896 32003 32057 29377 
53897 27195 30922 26839 
53898 30809 32426 30808 
53899 27087 31054 29295 
53900 30929 31257 27350 
53901 30872 30878 30869 
53902 31300 31303 28308 
53903 29926 31030 29195 
53904 30989 31216 30988 
53905 27327 31379 31024 
53906 26923 31623 26921 
53907 28076 28078 28077 
53908 28555 31238 30912 
53909 28110 31055 28745 
53910 30041 31177 29098 
53911 28237 30938 27978 
53912 31935 32133 29750 
53913 28703 30897 28914 
53914 27447 30892 27446 
53915 27685 31056 29173 
53916 26756 31061 29207 
53917 31884 31955 30102 
53918 26602 31492 26600 
53919 31133 31165 31130 
53920 27379 31031 27388 
53921 28583 31067 29170 
53922 26849 31134 31129 
53923 27101 31072 29368 
53924 27265 31304 31198 
53925 27343 31592 27342 
53926 28116 31063 29174 
53927 28079 28080 28078 
53928 27310 31027 27318 
53929 28445 31070 29171 
53930 28338 30951 27988 
53931 29635 31273 29632 
53932 31830 31913 31225 
53933 30909 30910 29140 
53934 28278 30909 28853 
53935 26762 31073 29172 
53936 28679 31523 31289 
53937 28340 30988 27996 
53938 31247 31253 27836 
53939 27031 32399 27028 
53940 28390 31439 27281 
53941 28367 31319 29148 
53942 29711 29712 29710 
53943 28846 31092 28601 
53944 29080 31076 29935 
53945 28202 31726 28181 
53946 27116 27117 27115 
53947 29150 31327 28783 
53948 28002 30998 28341 
53949 27871 31522 27870 
53950 31331 31517 31016 
53951 28939 31510 31308 
53952 28151 28153 28152 
53953 31167 31373 28970 
53954 30806 30921 28877 
53955 30796 30911 27334 
53956 31304 31556 29705 
53957 27696 30907 27699 
53958 31013 31500 31335 
53959 29052 29605 29604 
53960 31310 31311 26698 
53961 27252 31025 28422 
53962 29711 29779 29712 
53963 28144 30820 28758 
53964 29211 31534 31307 
53965 31332 31958 28034 
53966 28601 31092 28598 
53967 31298 31560 27420 
53968 28691 30901 28692 
53969 30799 31023 29154 
53970 28091 28178 28092 
53971 28917 31242 28918 
53972 30705 30707 30706 
53973 28852 31387 31067 
53974 29850 30890 28508 
53975 31211 31405 28628 
53976 29178 31237 27286 
53977 27063 31554 27060 
53978 28028 31033 28346 
53979 31130 31165 27200 
53980 28032 31047 28347 
53981 26736 31236 31171 
53982 28874 31390 31070 
53983 31307 31534 28939 
53984 26901 31115 27146 
53985 26667 32403 26666 
53986 27321 30905 27244 
53987 26935 31366 30812 
53988 31231 32002 28984 
53989 28667 30863 27241 
53990 32013 32058 29378 
53991 31192 31196 31189 
53992 29215 31917 30812 
53993 27238 30863 27240 
53994 29710 31049 30987 
53995 31158 31160 31159 
53996 30821 32276 30823 
53997 31416 31992 29788 
53998 31894 31961 29910 
53999 29722 31904 31019 
54000 31122 31123 27894 
54001 30141 31118 29095 
54002 29327 31017 28167 
54003 28508 30890 28506 
54004 30871 30873 30870 
54005 28668 31114 26909 
54006 29600 29602 29601 
54007 31173 31174 27916 
54008 27870 31522 31256 
54009 29713 31017 29327 
54010 30929 30930 29603 
54011 27111 31022 27108 
54012 30805 31230 29151 
54013 29722 31019 28884 
54014 30928 30929 27350 
54015 29149 31241 28102 
54016 27926 31179 29177 
54017 31151 31153 31152 
54018 29151 31230 27563 
54019 30987 31587 29706 
54020 30831 32096 30833 
54021 31171 31371 31170 
54022 30798 31241 29149 
54023 31755 31864 28097 
54024 31095 31096 27196 
54025 30874 30877 30873 
54026 31338 31807 27982 
54027 29211 31249 27258 
54028 28024 31790 31333 
54029 31136 31137 31135 
54030 29899 31180 28843 
54031 29709 29711 29710 
54032 29183 31211 27789 
54033 28080 28287 28078 
54034 27498 31117 28969 
54035 27112 27114 27113 
54036 31129 31130 27200 
54037 27122 27123 27121 
54038 26736 31171 31170 
54039 31251 31252 26726 
54040 27114 27115 27113 
54041 28918 31242 29708 
54042 27043 32253 27040 
54043 26953 30898 26951 
54044 31260 31261 27053 
54045 27514 31167 28970 
54046 27825 31277 28627 
54047 27556 30895 27560 
54048 28048 31062 28049 
54049 27349 30900 27347 
54050 27295 32027 27294 
54051 27510 32152 31934 
54052 26780 30913 26777 
54053 27830 30899 27829 
54054 31269 31270 26716 
54055 29058 31385 28468 
54056 28627 31277 29168 
54057 29689 32184 31081 
54058 31203 31221 31200 
54059 28146 30820 28144 
54060 26703 31337 26702 
54061 29890 31238 29035 
54062 28386 31125 28384 
54063 31222 31223 28690 
54064 30429 30430 30428 
54065 31069 31924 26973 
54066 28342 31250 30789 
54067 30962 32353 30961 
54068 29175 31269 27330 
54069 29204 31276 27329 
54070 26974 31069 26973 
54071 29709 29710 29707 
54072 29205 31285 27326 
54073 29152 31236 27325 
54074 29688 31260 27328 
54075 26652 31077 26651 
54076 28187 31071 28186 
54077 28075 28076 27698 
54078 26642 31074 26641 
54079 29153 31251 27336 
54080 31064 31065 31037 
54081 27007 32240 27004 
54082 27064 31084 27063 
54083 26632 31029 26631 
54084 31098 32517 28281 
54085 27326 31285 26710 
54086 27322 31226 27865 
54087 31100 31107 28765 
54088 27469 31250 27468 
54089 27329 31276 27047 
54090 28756 32224 28755 
54091 28334 30937 30933 
54092 27070 31018 27069 
54093 31202 31208 31204 
54094 27076 31021 27075 
54095 29135 31080 29510 
54096 26743 31024 26742 
54097 29187 31068 29189 
54098 28709 31350 28712 
54099 28207 31955 31884 
54100 28584 31067 28583 
54101 27088 31054 27087 
54102 28446 31070 28445 
54103 27955 31233 31101 
54104 30913 31437 30756 
54105 27330 31269 26720 
54106 27102 31072 27101 
54107 32173 32231 29785 
54108 26757 31061 26756 
54109 28161 30743 28164 
54110 31189 31196 31187 
54111 27236 31275 27239 
54112 26763 31073 26762 
54113 26957 31234 28329 
54114 27328 31260 27057 
54115 28963 31093 29660 
54116 28347 31064 31033 
54117 26921 31623 31341 
54118 28089 28091 28090 
54119 27548 31476 27550 
54120 29436 31083 29918 
54121 28105 31028 28104 
54122 28851 30893 28391 
54123 29185 31243 28195 
54124 27008 31325 30801 
54125 28409 31057 28838 
54126 27532 31222 28690 
54127 28965 31079 29425 
54128 28111 31055 28110 
54129 28117 31063 28116 
54130 27686 31056 27685 
54131 29065 31020 28818 
54132 30922 30928 27350 
54133 27526 31493 27524 
54134 27125 30701 27191 
54135 26671 32439 26670 
54136 29035 31238 28559 
54137 27895 31122 27894 
54138 27336 31251 26730 
54139 27569 31500 29231 
54140 26780 31437 30913 
54141 27112 27113 27111 
54142 29382 31357 30782 
54143 26816 31095 27196 
54144 28555 31344 28552 
54145 27586 31524 27588 
54146 28918 29707 29706 
54147 28827 31306 29673 
54148 31148 31149 31147 
54149 27325 31236 26740 
54150 31288 31337 31286 
54151 27917 31173 27916 
54152 27932 31088 28283 
54153 31369 31422 30090 
54154 27789 31211 27790 
54155 28714 31232 27596 
54156 28149 28151 28150 
54157 26831 31257 29186 
54158 27886 31075 28746 
54159 27944 31098 28281 
54160 28565 31023 28562 
54161 27953 31100 28765 
54162 30735 32349 30703 
54163 26736 31170 26733 
54164 28071 31992 31416 
54165 27116 27119 27118 
54166 26847 31129 27200 
54167 28274 31178 28620 
54168 27927 31179 27926 
54169 29238 31517 27607 
54170 31144 31146 31145 
54171 30858 31237 29178 
54172 27767 28364 27765 
54173 27120 30781 27143 
54174 27342 31592 31347 
54175 29195 31030 29143 
54176 28703 28914 28705 
54177 28145 28146 28144 
54178 29015 31011 28685 
54179 30809 32437 32426 
54180 28061 28363 27847 
54181 28571 30921 28568 
54182 27016 31721 31228 
54183 28701 30897 28703 
54184 28600 28602 28601 
54185 26877 31215 27183 
54186 28687 31014 28996 
54187 28195 31243 28196 
54188 28602 28604 28603 
54189 29095 31118 29071 
54190 31421 31933 30792 
54191 29208 31325 27298 
54192 29079 31076 29080 
54193 27360 31255 28713 
54194 27956 31233 27955 
54195 28182 31961 31894 
54196 27376 31031 27379 
54197 28876 31322 28595 
54198 29498 31322 28876 
54199 27195 31359 30924 
54200 27085 30911 27082 
54201 26832 31257 26831 
54202 27271 31198 27283 
54203 28482 31262 27366 
54204 26698 31311 26695 
54205 27234 31275 27236 
54206 31200 31221 31199 
54207 31339 31554 27063 
54208 27940 31127 27937 
54209 28338 31360 30953 
54210 28316 31267 27788 
54211 28340 31361 30990 
54212 26909 31114 26905 
54213 29082 31087 29091 
54214 28961 31331 31016 
54215 28076 28077 27698 
54216 28949 31336 30688 
54217 26885 31207 26883 
54218 32319 32335 30783 
54219 28843 31180 28781 
54220 28973 31108 29344 
54221 27615 31284 28978 
54222 27097 31212 27094 
54223 28443 31293 28412 
54224 28981 31305 27577 
54225 26929 32042 31099 
54226 28604 28606 28605 
54227 28918 29706 28674 
54228 27622 31300 28308 
54229 31013 31335 28960 
54230 28581 31295 28578 
54231 28204 32498 31328 
54232 31162 31163 31161 
54233 27304 31027 27310 
54234 30521 30522 30519 
54235 28126 31218 28123 
54236 27865 31306 28827 
54237 30300 30301 30298 
54238 30311 30313 30312 
54239 30386 30387 30385 
54240 28683 30639 27339 
54241 28085 28087 28086 
54242 30463 30465 30462 
54243 27298 31325 27013 
54244 30401 30402 30400 
54245 28718 31317 27538 
54246 30412 30414 30410 
54247 30364 30366 30365 
54248 30447 30448 30445 
54249 31245 31246 29366 
54250 31291 31337 31288 
54251 30321 30322 30319 
54252 30411 30413 30412 
54253 30924 31359 30927 
54254 29452 29850 28508 
54255 29633 31258 29855 
54256 28178 28348 28179 
54257 31923 31996 31454 
54258 27904 31220 27901 
54259 28333 31407 31233 
54260 27371 31349 29684 
54261 28695 28920 28697 
54262 27697 27698 27696 
54263 30953 31360 30958 
54264 28181 31726 31375 
54265 26620 31591 31244 
54266 27389 31352 29210 
54267 28307 31331 28961 
54268 30681 32534 29381 
54269 26641 31356 26638 
54270 28144 28758 28142 
54271 28506 28509 28229 
54272 31380 31445 29798 
54273 28917 28918 28674 
54274 27023 31336 28949 
54275 31065 31066 31037 
54276 30990 31361 30995 
54277 30090 31422 30760 
54278 26995 32386 32359 
54279 27695 27696 27694 
54280 29716 32112 32068 
54281 31117 31321 28969 
54282 27779 31273 27386 
54283 27152 32177 28682 
54284 28960 31335 28306 
54285 26973 31176 26970 
54286 29156 31354 27877 
54287 29157 31353 27859 
54288 27312 31319 27314 
54289 28168 31327 27316 
54290 28708 31350 28709 
54291 28162 30692 28160 
54292 27362 31580 28482 
54293 29447 31334 28900 
54294 29344 31389 29675 
54295 28391 30893 27784 
54296 28461 31177 28459 
54297 27409 31355 29687 
54298 26631 31296 26628 
54299 30747 32352 29289 
54300 26631 31489 31296 
54301 28602 28603 28601 
54302 29708 29709 29707 
54303 28846 31314 31092 
54304 28334 30933 30932 
54305 26983 31282 26980 
54306 27110 27112 27111 
54307 27195 30924 30923 
54308 31223 31224 28690 
54309 26712 31349 27371 
54310 29780 30699 29712 
54311 31229 31356 26641 
54312 29164 31086 29464 
54313 31155 31156 31154 
54314 30924 30925 30923 
54315 26617 31249 26614 
54316 29209 31476 27548 
54317 27528 32069 31899 
54318 26651 31294 26648 
54319 30933 30934 30932 
54320 27951 32536 27948 
54321 28921 29341 28691 
54322 27763 28369 27761 
54323 28237 30940 30939 
54324 27049 31352 27389 
54325 31048 31064 28347 
54326 31034 31035 28346 
54327 29153 31252 31251 
54328 28420 28921 28691 
54329 29368 30645 27190 
54330 27877 31354 27452 
54331 30940 30941 30939 
54332 31034 31036 31035 
54333 29392 31601 27592 
54334 26794 31111 26792 
54335 31013 31919 29231 
54336 31199 31207 26885 
54337 27859 31353 27466 
54338 27294 31918 31032 
54339 28418 32163 28420 
54340 27449 31354 27451 
54341 29517 30060 29515 
54342 30953 30954 30952 
54343 29213 32090 29698 
54344 29837 30228 29835 
54345 27715 30906 27717 
54346 27463 31353 27465 
54347 29170 29515 28870 
54348 29162 29920 29154 
54349 29171 29835 29028 
54350 30990 30991 30989 
54351 26722 31355 27409 
54352 29510 30043 29974 
54353 28864 29095 29071 
54354 29688 31261 31260 
54355 28978 31603 27613 
54356 28338 30953 30952 
54357 28875 29594 28874 
54358 27418 27419 27417 
54359 27107 28683 27339 
54360 29855 29856 29634 
54361 27236 27238 27237 
54362 29067 29891 28877 
54363 29036 29888 29035 
54364 29491 29492 28849 
54365 27813 31297 27810 
54366 28627 29082 28813 
54367 27416 27417 27415 
54368 28827 29501 28828 
54369 29176 30040 29098 
54370 29088 29093 28784 
54371 27234 27236 27235 
54372 29063 29086 28871 
54373 28374 31343 28778 
54374 29553 30149 29554 
54375 29922 30061 29525 
54376 29633 29634 29632 
54377 27445 27447 27446 
54378 29135 29510 29137 
54379 27393 27394 27392 
54380 27391 27392 27390 
54381 29793 31313 29034 
54382 27719 31091 27721 
54383 27866 31384 30905 
54384 27249 28070 27250 
54385 31131 31132 31130 
54386 27524 31493 29230 
54387 29143 31030 29144 
54388 27414 27415 27413 
54389 28370 28864 28504 
54390 29147 29367 29146 
54391 27443 27445 27444 
54392 29175 31270 31269 
54393 29436 29918 29917 
54394 29215 31366 27233 
54395 28342 28837 28822 
54396 27373 27374 27372 
54397 27375 27376 27374 
54398 27263 31304 27265 
54399 26800 31240 26797 
54400 29289 29643 29119 
54401 29060 29525 29059 
54402 29364 31079 28965 
54403 27865 28827 27866 
54404 28885 29553 29183 
54405 28823 28849 28440 
54406 28878 29484 29097 
54407 29295 29438 27334 
54408 29871 30032 29873 
54409 28680 28954 27327 
54410 28686 30653 27335 
54411 27573 31609 28981 
54412 28675 28965 27206 
54413 29207 29433 27182 
54414 28670 30663 27338 
54415 28340 30990 30989 
54416 27378 31031 27376 
54417 27825 28627 27877 
54418 28963 29660 28964 
54419 27459 27461 27460 
54420 28367 28878 28792 
54421 27389 27390 27329 
54422 31223 31225 31224 
54423 27303 27305 27304 
54424 29172 30675 27337 
54425 27157 27234 27233 
54426 28671 29119 27188 
54427 29076 29871 29185 
54428 27301 27303 27302 
54429 27457 27459 27458 
54430 29145 29146 27325 
54431 29660 30670 29661 
54432 27410 29348 27328 
54433 28688 29113 27230 
54434 28166 31996 31923 
54435 32555 32581 28220 
54436 27155 28923 28684 
54437 27371 27372 27326 
54438 29079 29080 28783 
54439 31089 31090 27197 
54440 27243 29155 28667 
54441 27468 28342 27859 
54442 27409 29126 27330 
54443 28064 29143 29142 
54444 27299 27301 27300 
54445 28531 31082 28529 
54446 30923 30928 30922 
54447 26806 31089 26804 
54448 31077 31263 26651 
54449 28717 29111 27231 
54450 27412 27413 27336 
54451 28087 28089 28088 
54452 27441 27443 27442 
54453 27150 28963 28668 
54454 28321 30731 28326 
54455 29864 31930 31424 
54456 28600 28601 28598 
54457 29067 31369 30090 
54458 27759 28368 27757 
54459 28818 31020 28848 
54460 27119 30781 27120 
54461 31226 31306 27865 
54462 31202 31204 31203 
54463 26962 31235 31234 
54464 29603 31068 29187 
54465 30422 30425 30423 
54466 29692 30733 29691 
54467 28949 29692 29691 
54468 27301 27302 27300 
54469 31036 31041 31038 
54470 30375 30378 30377 
54471 27303 27304 27302 
54472 27455 27457 27456 
54473 29141 29497 28876 
54474 28878 29097 28792 
54475 29105 30572 29445 
54476 27169 31200 31199 
54477 29186 29187 27232 
54478 28949 29691 28948 
54479 28606 28611 28608 
54480 29104 30568 29449 
54481 27233 31366 26940 
54482 31103 31104 31102 
54483 27305 31027 27304 
54484 28549 29079 28783 
54485 30914 30915 27229 
54486 29177 30640 28910 
54487 27250 31025 27252 
54488 26675 32463 26674 
54489 27375 27378 27376 
54490 27373 27375 27374 
54491 30901 30902 28920 
54492 28328 31168 31167 
54493 29489 29936 29899 
54494 28778 29105 28779 
54495 26611 31324 26608 
54496 29169 29377 29149 
54497 29173 29378 29151 
54498 29088 30132 29093 
54499 27299 27300 27298 
54500 27371 27373 27372 
54501 31101 31102 31100 
54502 27149 28674 26581 
54503 30942 30943 30941 
54504 28366 28843 28781 
54505 27015 27299 27298 
54506 28097 31862 30772 
54507 29437 31248 31247 
54508 27391 27393 27392 
54509 27393 27396 27394 
54510 27023 28949 28948 
54511 31187 31196 31194 
54512 29633 29855 29634 
54513 29470 30106 29963 
54514 28606 28608 28607 
54515 27389 27391 27390 
54516 28823 29491 28849 
54517 28703 28705 28704 
54518 27288 28366 27777 
54519 31001 31004 31003 
54520 28304 28967 28944 
54521 28367 28792 27848 
54522 29143 29144 29142 
54523 29101 29470 29102 
54524 28493 28973 28739 
54525 30991 30994 30993 
54526 28234 31187 31186 
54527 29240 31524 27586 
54528 27286 31237 27287 
54529 29082 29091 28813 
54530 28705 28708 28706 
54531 29036 29889 29888 
54532 28627 28813 27877 
54533 27414 27416 27415 
54534 31199 31221 31207 
54535 28343 30999 30998 
54536 30954 30957 30956 
54537 27416 27418 27417 
54538 27418 27420 27419 
54539 27409 29672 29126 
54540 27410 29349 29348 
54541 27261 27263 27262 
54542 27200 31165 31140 
54543 28551 29088 28784 
54544 29162 29921 29920 
54545 27259 27261 27260 
54546 28685 31011 28960 
54547 29631 29633 29632 
54548 28342 28822 27859 
54549 26812 31254 26809 
54550 27158 27259 27258 
54551 28076 28079 28078 
54552 26712 27371 27326 
54553 29476 29478 28894 
54554 31126 31128 31127 
54555 28853 29101 29100 
54556 28573 31369 29067 
54557 28961 31014 28687 
54558 31000 31001 30999 
54559 28709 28712 28711 
54560 27049 27389 27329 
54561 28973 29344 28739 
54562 29187 29189 29188 
54563 28191 31060 28193 
54564 28143 28144 28142 
54565 27412 27414 27413 
54566 31301 31303 31300 
54567 27445 27446 27444 
54568 28961 31015 31014 
54569 30915 30917 30916 
54570 27386 27849 27384 
54571 29071 31118 29469 
54572 31241 31624 27632 
54573 31011 31012 28960 
54574 28551 28784 28208 
54575 29631 29632 27779 
54576 29067 30089 29891 
54577 28183 28438 28437 
54578 28561 29035 28559 
54579 28567 29154 28565 
54580 31391 31481 29699 
54581 29618 31076 29079 
54582 27459 27460 27458 
54583 30934 30936 30935 
54584 26722 27409 27330 
54585 28222 28615 28095 
54586 28561 29036 29035 
54587 29147 29783 29367 
54588 28398 28501 28065 
54589 29080 29935 29933 
54590 27404 27775 27402 
54591 29502 30162 29667 
54592 28864 29071 28504 
54593 29975 31376 29137 
54594 28583 28870 28581 
54595 28445 29028 28443 
54596 28573 28877 28571 
54597 28411 31057 28409 
54598 27443 27444 27442 
54599 27493 31272 27491 
54600 27457 27458 27456 
54601 30931 31181 28333 
54602 31188 31189 31187 
54603 27059 27410 27328 
54604 27314 28367 27848 
54605 28409 28838 28407 
54606 31190 31191 31189 
54607 31319 31320 29148 
54608 28549 28783 28168 
54609 28597 29141 28876 
54610 28459 28830 28457 
54611 28451 28874 28449 
54612 29145 29147 29146 
54613 28589 28852 28587 
54614 27316 28054 27307 
54615 29197 30722 30657 
54616 29404 30719 29349 
54617 26742 27325 26740 
54618 26756 27182 26754 
54619 31201 31202 31200 
54620 27049 27329 27047 
54621 28464 29098 28461 
54622 26712 27326 26710 
54623 26732 27336 26730 
54624 27310 27318 27312 
54625 27069 27331 27067 
54626 26732 27412 27336 
54627 26722 27330 26720 
54628 27101 27190 27099 
54629 28567 29162 29154 
54630 27087 27334 27085 
54631 28470 29058 28468 
54632 29431 31392 29683 
54633 26748 27327 26746 
54634 27059 27328 27057 
54635 31205 31208 31202 
54636 27252 28422 27254 
54637 29517 30073 30060 
54638 27081 27333 27079 
54639 27075 27332 27073 
54640 29170 29517 29515 
54641 27246 27249 27248 
54642 29111 30619 29402 
54643 27093 27335 27091 
54644 29678 30716 29679 
54645 28604 28605 28603 
54646 26776 27188 26774 
54647 26824 30914 26822 
54648 29086 30051 29514 
54649 29179 31239 29180 
54650 27379 27388 27381 
54651 27101 29368 27190 
54652 27069 29160 27331 
54653 27023 28948 27021 
54654 28435 28654 28185 
54655 26762 27337 26760 
54656 29501 29502 28828 
54657 26768 27338 26766 
54658 27663 28210 27665 
54659 29171 29837 29835 
54660 29837 30229 30228 
54661 27107 27339 27105 
54662 28521 28871 28519 
54663 28076 31019 28079 
54664 30938 31209 28336 
54665 28573 29067 28877 
54666 28827 28828 27866 
54667 27713 28288 27715 
54668 29924 29926 29195 
54669 31078 31265 31264 
54670 27015 27298 27013 
54671 27786 28823 28440 
54672 26742 29145 27325 
54673 27717 28623 27719 
54674 29886 31087 29082 
54675 28875 29797 29594 
54676 27397 27408 27399 
54677 26792 27179 26790 
54678 27075 29161 27332 
54679 29137 31376 29133 
54680 26784 27206 26782 
54681 29412 31182 31108 
54682 27721 28885 27789 
54683 28945 29678 28946 
54684 27508 31299 27506 
54685 27825 27877 27452 
54686 29798 31445 30779 
54687 28529 28825 28527 
54688 26748 28680 27327 
54689 27963 30931 27961 
54690 28533 29059 28531 
54691 29113 30631 29396 
54692 27793 28628 27795 
54693 26804 27197 26802 
54694 29436 29917 28856 
54695 27449 27451 27447 
54696 27797 28612 27799 
54697 26796 27230 26794 
54698 27081 29167 27333 
54699 30951 31214 28337 
54700 28541 28826 28539 
54701 28064 29142 27807 
54702 28967 29689 28944 
54703 31230 31712 27552 
54704 28583 29170 28870 
54705 30900 31474 28370 
54706 27468 27859 27466 
54707 29139 31093 28963 
54708 27087 29295 27334 
54709 26808 27231 26806 
54710 30988 31216 28339 
54711 27968 30937 27965 
54712 29155 30861 28667 
54713 28875 31380 29798 
54714 28831 28851 28391 
54715 28130 28953 28128 
54716 27813 31508 31297 
54717 29510 29974 29137 
54718 27238 27240 27237 
54719 29471 29960 29065 
54720 27888 31075 27886 
54721 27886 28746 27884 
54722 27236 27237 27235 
54723 28122 28751 28120 
54724 28445 29171 29028 
54725 27463 27465 27461 
54726 30139 30141 29095 
54727 28110 28744 28108 
54728 27863 28835 28191 
54729 26756 29207 27182 
54730 30162 30163 29667 
54731 27900 28755 27898 
54732 26816 27196 26814 
54733 28116 29159 28114 
54734 28547 28880 28545 
54735 28193 29076 28195 
54736 29412 31108 28973 
54737 31129 31131 31130 
54738 28104 29149 28102 
54739 27234 27235 27233 
54740 27908 28956 27906 
54741 29176 30042 30040 
54742 28070 31025 27250 
54743 27685 29151 27563 
54744 27472 28931 26655 
54745 28451 28875 28874 
54746 27093 28686 27335 
54747 27914 29645 27912 
54748 29431 29683 29015 
54749 27441 27442 26977 
54750 26910 27150 26909 
54751 28701 28703 28702 
54752 28965 29425 29138 
54753 31136 31138 31137 
54754 27926 28910 27924 
54755 28370 28504 27346 
54756 27922 28958 27920 
54757 28104 29169 29149 
54758 28781 31180 28933 
54759 26818 31095 26816 
54760 28493 28739 27874 
54761 28606 31166 28611 
54762 28996 29690 29410 
54763 29678 29679 28946 
54764 27454 30815 26983 
54765 27455 27456 26645 
54766 27932 28283 27930 
54767 28110 28745 28744 
54768 28244 28621 28246 
54769 28374 28778 28373 
54770 27934 31088 27932 
54771 30941 31097 30946 
54772 28240 28839 28242 
54773 27693 27694 27692 
54774 29132 29133 28070 
54775 26827 27209 26824 
54776 28685 28960 28306 
54777 28307 28961 28687 
54778 28136 29644 28134 
54779 27154 28673 26597 
54780 28924 29682 28923 
54781 26762 29172 27337 
54782 29425 30748 30747 
54783 29696 30765 30764 
54784 28818 28848 28291 
54785 28692 30901 28695 
54786 27259 27260 27258 
54787 27944 28281 27942 
54788 26831 27232 26829 
54789 28671 29289 29119 
54790 30118 30772 30120 
54791 28366 28781 27777 
54792 26919 27152 26918 
54793 28246 31112 28248 
54794 29134 29135 29133 
54795 27685 29173 29151 
54796 27946 31098 27944 
54797 26768 28670 27338 
54798 27003 31362 27000 
54799 27953 28765 27951 
54800 28116 29174 29159 
54801 28451 31380 28875 
54802 27865 27866 27321 
54803 27440 28302 26635 
54804 28459 31177 28830 
54805 26822 27229 26820 
54806 28305 29338 28669 
54807 27955 31100 27953 
54808 28329 30744 26956 
54809 28250 28787 28252 
54810 28923 29213 28684 
54811 31040 31044 31043 
54812 27261 27262 27260 
54813 28675 29364 28965 
54814 30325 30341 30323 
54815 29136 31080 29135 
54816 28384 29018 28383 
54817 27249 27250 27248 
54818 28122 28752 28751 
54819 28256 28812 28258 
54820 26839 30922 26837 
54821 26841 27195 26839 
54822 26995 31358 26992 
54823 27961 28333 27959 
54824 29130 29165 29164 
54825 26897 32390 26895 
54826 28654 30904 30903 
54827 29135 29137 29133 
54828 27239 27241 27238 
54829 27263 27265 27262 
54830 29063 30056 29086 
54831 26927 27155 26926 
54832 29022 29104 28626 
54833 28464 29176 29098 
54834 27965 28334 27963 
54835 31141 31142 31139 
54836 27265 31198 27271 
54837 29673 29674 29501 
54838 28070 31376 31025 
54839 30419 30422 30421 
54840 26776 28671 27188 
54841 26847 27200 26845 
54842 26837 27350 26835 
54843 30391 30407 30388 
54844 27243 28667 27241 
54845 30304 30307 30302 
54846 27151 28678 26589 
54847 30371 30375 30374 
54848 30331 30332 30329 
54849 27900 28756 28755 
54850 28262 28788 28264 
54851 27976 28336 27974 
54852 28304 28944 26625 
54853 29585 29716 29583 
54854 27157 27233 26940 
54855 27978 30938 27976 
54856 27242 27243 27241 
54857 28457 31445 28455 
54858 26849 31129 26847 
54859 27980 28237 27978 
54860 30336 30339 30334 
54861 26853 27202 26851 
54862 27656 31255 27364 
54863 30959 30960 30955 
54864 30948 30949 30945 
54865 26935 30812 26934 
54866 30810 30827 26611 
54867 27368 31345 27656 
54868 30149 30150 29554 
54869 28268 28768 28270 
54870 26859 27204 26857 
54871 26784 28675 27206 
54872 27600 31232 27657 
54873 27870 31222 27536 
54874 28272 31178 28274 
54875 27158 27258 26617 
54876 29489 29899 28843 
54877 29131 30139 29095 
54878 27986 28337 27984 
54879 29553 29554 29183 
54880 27342 31226 27324 
54881 28274 28620 28276 
54882 27155 28684 26926 
54883 31630 31693 31628 
54884 28328 31167 27518 
54885 31634 31692 31632 
54886 26941 27157 26940 
54887 27324 31226 27322 
54888 31638 31691 31636 
54889 27512 31299 27508 
54890 27990 28338 27988 
54891 29165 31086 29164 
54892 29437 31247 29006 
54893 30996 30997 30992 
54894 28963 28964 28668 
54895 27288 27777 27268 
54896 26962 31234 26959 
54897 29433 30686 29434 
54898 28521 29063 28871 
54899 29660 29661 28964 
54900 29060 29922 29525 
54901 29438 30797 30796 
54902 28278 28853 28280 
54903 27518 31167 27514 
54904 29176 31385 30860 
54905 27994 28339 27992 
54906 28945 28946 26605 
54907 27322 27865 27321 
54908 27496 31272 27493 
54909 26865 27201 26863 
54910 26792 31111 27179 
54911 28288 30906 27715 
54912 31644 31649 31642 
54913 27152 28682 26918 
54914 27998 28340 27996 
54915 27370 31262 28316 
54916 27271 27283 27273 
54917 31651 31654 31648 
54918 31006 31007 31002 
54919 26871 27192 26869 
54920 29006 31247 27836 
54921 26903 31115 26901 
54922 31656 31690 31653 
54923 26959 31234 26957 
54924 27294 31032 27291 
54925 27347 28370 27346 
54926 31126 31127 27940 
54927 28002 28341 28000 
54928 28659 28831 28391 
54929 28623 31091 27719 
54930 29888 30171 29890 
54931 26796 28688 27230 
54932 28079 28081 28080 
54933 29367 31184 31183 
54934 29141 29524 29497 
54935 28006 28343 28004 
54936 26951 30751 26950 
54937 26893 31210 26891 
54938 29466 30038 29976 
54939 28970 31299 27512 
54940 28832 28856 28831 
54941 26887 31199 26885 
54942 27500 31117 27498 
54943 28464 31385 29176 
54944 28010 28235 28008 
54945 26877 27183 26875 
54946 27150 28668 26909 
54947 31660 31689 31658 
54948 26957 28329 26956 
54949 29564 29722 28884 
54950 27291 31032 27289 
54951 28885 29183 27789 
54952 27275 27778 27277 
54953 28286 28391 27784 
54954 28380 31219 28378 
54955 29104 29449 28626 
54956 27926 29177 28910 
54957 29105 29445 28779 
54958 28968 31117 27500 
54959 27988 30951 27986 
54960 28969 31272 27496 
54961 28844 29489 28843 
54962 28529 31082 28825 
54963 26804 31089 27197 
54964 28037 31047 28032 
54965 31664 31688 31662 
54966 27110 27111 27108 
54967 26879 31215 26877 
54968 31670 31687 31666 
54969 29524 29973 29497 
54970 28533 29060 29059 
54971 28901 29436 28856 
54972 29716 32142 32112 
54973 27151 29381 28678 
54974 31036 31038 31035 
54975 27448 27449 27447 
54976 29613 31083 29436 
54977 26883 27174 26881 
54978 28196 31243 28240 
54979 31674 31686 31672 
54980 28016 28234 28014 
54981 27419 27786 27422 
54982 28020 31197 28018 
54983 28030 31033 28028 
54984 29298 31242 28917 
54985 28102 31241 27635 
54986 29168 29886 29082 
54987 27536 31222 27532 
54988 28675 31391 29699 
54989 26835 31257 26832 
54990 30021 30024 30020 
54991 28759 31267 29429 
54992 31831 31850 29256 
54993 26808 28717 27231 
54994 28014 31186 28012 
54995 28819 29065 28818 
54996 29093 29895 29094 
54997 26968 27439 26967 
54998 27596 31232 27600 
54999 27331 31085 31084 
55000 28022 28233 28020 
55001 26855 31141 26853 
55002 29066 29471 29065 
55003 26889 27169 26887 
55004 31273 31274 27849 
55005 31678 31685 31676 
55006 28004 30998 28002 
55007 26851 31134 26849 
55008 28661 28818 28291 
55009 28988 31301 31300 
55010 31103 31105 31104 
55011 27269 27288 27268 
55012 29871 29873 29185 
55013 27462 27463 27461 
55014 26845 31140 26843 
55015 27364 31255 27360 
55016 29887 30027 29886 
55017 28989 30800 28968 
55018 27450 27452 27449 
55019 28778 28779 28373 
55020 27786 28440 28439 
55021 31101 31103 31102 
55022 26784 31391 28675 
55023 28485 31761 29403 
55024 29764 30788 29763 
55025 29191 29192 28967 
55026 31682 31684 31680 
55027 30658 30741 29298 
55028 29348 30737 29688 
55029 26895 27165 26893 
55030 31202 31203 31200 
55031 28597 28876 28595 
55032 29194 29195 29143 
55033 26978 27441 26977 
55034 29193 29763 29192 
55035 31287 31289 31288 
55036 30028 30054 30027 
55037 28028 28346 28026 
55038 27790 31211 27793 
55039 27996 30988 27994 
55040 30765 30766 30764 
55041 27453 27825 27452 
55042 28835 31060 28191 
55043 29126 30736 29175 
55044 31648 31694 31646 
55045 27563 31230 27558 
55046 28905 28906 28435 
55047 27467 27468 27466 
55048 28032 28347 28030 
55049 30924 30926 30925 
55050 31114 31115 26903 
55051 28539 31110 28537 
55052 27366 31262 27370 
55053 26790 31481 26788 
55054 26901 27146 26899 
55055 26636 27440 26635 
55056 27464 27466 27463 
55057 28039 28231 28037 
55058 27959 31233 27956 
55059 29186 29603 29187 
55060 28235 31568 31005 
55061 27264 27266 27263 
55062 26626 28304 26625 
55063 28434 28435 28185 
55064 27394 27397 27395 
55065 31285 31286 26706 
55066 29076 29185 28195 
55067 26646 27455 26645 
55068 28383 31219 28380 
55069 26861 31148 26859 
55070 31642 31695 31640 
55071 29196 29924 29195 
55072 30940 30942 30941 
55073 27267 27268 27266 
55074 28853 29140 29101 
55075 28372 28373 28202 
55076 26908 26909 26905 
55077 29371 30894 29390 
55078 27165 31210 26893 
55079 27808 28064 27807 
55080 27955 31101 31100 
55081 31837 31847 29257 
55082 29930 30033 29929 
55083 26905 31114 26903 
55084 30520 32982 30521 
55085 30912 31344 28555 
55086 31191 31192 31189 
55087 27376 27379 27377 
55088 28527 31109 28525 
55089 26618 27158 26617 
55090 26822 30914 27229 
55091 27788 31267 28759 
55092 31044 31045 31043 
55093 26984 27454 26983 
55094 31187 31194 31186 
55095 27169 31199 26887 
55096 29005 29784 29424 
55097 27961 30931 28333 
55098 28308 31284 27619 
55099 29583 31175 29581 
55100 26916 26918 26914 
55101 28669 29005 29004 
55102 27397 27399 27398 
55103 27149 28917 28674 
55104 28521 31401 29063 
55105 28231 31047 28037 
55106 27105 31072 27102 
55107 30294 32982 30292 
55108 26656 27472 26655 
55109 27965 30937 28334 
55110 26831 29186 27232 
55111 30008 30195 30194 
55112 28621 31112 28246 
55113 27399 28044 27400 
55114 27379 27381 27380 
55115 27381 27850 27382 
55116 28382 28383 28380 
55117 28793 29448 29087 
55118 26992 31358 26991 
55119 29179 29180 29178 
55120 28145 28147 28146 
55121 28305 28669 28496 
55122 31317 31318 29414 
55123 29063 31401 30057 
55124 26867 31155 26865 
55125 27279 28390 27281 
55126 30953 30955 30954 
55127 28347 31033 28030 
55128 27000 31362 26999 
55129 28974 29412 28973 
55130 28695 28697 28696 
55131 28550 29179 29178 
55132 26925 26926 26923 
55133 28550 29178 27286 
55134 27930 31179 27927 
55135 28276 30909 28278 
55136 30991 30993 30989 
55137 27306 27307 27305 
55138 30821 30823 30822 
55139 28075 31019 28076 
55140 31001 31003 30999 
55141 27942 31126 27940 
55142 28388 28626 28386 
55143 29080 29933 29150 
55144 30703 30704 28154 
55145 26612 30810 26611 
55146 28437 28908 28907 
55147 28183 28437 28436 
55148 26837 30922 27350 
55149 28449 31070 28446 
55150 29699 31481 30787 
55151 28233 31197 28020 
55152 28606 28607 28605 
55153 26933 26934 26931 
55154 28587 31067 28584 
55155 29238 31928 31016 
55156 27583 31305 28310 
55157 28433 28613 28398 
55158 28988 31300 28332 
55159 27976 30938 28336 
55160 27920 31173 27917 
55161 27008 30801 27007 
55162 27619 31284 27615 
55163 29617 29618 29079 
55164 27483 31781 31342 
55165 30954 30956 30952 
55166 28893 28894 28613 
55167 30990 30992 30991 
55168 26766 31073 26763 
55169 31132 31133 31130 
55170 27320 27321 27244 
55171 29116 29476 28894 
55172 29477 30013 29476 
55173 27014 27015 27013 
55174 28066 28398 28065 
55175 28668 31404 31114 
55176 28492 28493 27874 
55177 28234 31186 28014 
55178 26939 26940 26937 
55179 27308 27316 27307 
55180 27115 27184 27113 
55181 29432 29771 29431 
55182 29430 29431 29015 
55183 29014 29015 28685 
55184 32265 32285 30771 
55185 29772 30961 29771 
55186 30014 30015 30013 
55187 30016 30065 30015 
55188 28012 31195 28010 
55189 26873 31162 26871 
55190 26760 31061 26757 
55191 27317 28168 27316 
55192 29452 29851 29850 
55193 27091 31054 27088 
55194 28498 28685 28306 
55195 27577 31305 27583 
55196 28332 31300 27622 
55197 28996 29410 29409 
55198 28687 28996 28995 
55199 28343 30998 28004 
55200 26606 28945 26605 
55201 28169 28549 28168 
55202 27341 27342 27324 
55203 29182 31239 29179 
55204 26949 26950 26945 
55205 30941 30946 30939 
55206 27345 27346 27343 
55207 27022 27023 27021 
55208 27986 30951 28337 
55209 30422 30423 30421 
55210 27157 31268 28689 
55211 27406 31905 27404 
55212 29410 29775 29411 
55213 28983 28984 27487 
55214 30375 30377 30374 
55215 28307 28687 28491 
55216 26853 31141 27202 
55217 27898 31122 27895 
55218 27304 27310 27309 
55219 26955 26956 26953 
55220 27244 30905 27243 
55221 29524 30179 29973 
55222 28533 31403 29060 
55223 29470 29963 29102 
55224 27202 31134 26851 
55225 27079 31021 27076 
55226 28343 31000 30999 
55227 31000 31002 31001 
55228 30403 30404 30402 
55229 30943 31097 30941 
55230 26746 31024 26743 
55231 1893 30351 1894 
55232 29119 31119 29340 
55233 29460 30031 29182 
55234 27994 30988 28339 
55235 28120 31063 28117 
55236 29076 29872 29871 
55237 27432 27784 27349 
55238 26859 31148 27204 
55239 30934 30935 30932 
55240 26961 26962 26959 
55241 29097 29892 29616 
55242 27047 31276 27044 
55243 26965 26967 26963 
55244 29163 31423 29129 
55245 29704 30020 29490 
55246 29101 29102 29100 
55247 27200 31140 26845 
55248 28114 31055 28111 
55249 28559 31238 28556 
55250 31654 31694 31648 
55251 27498 28969 27496 
55252 29187 29188 27232 
55253 26720 31269 26717 
55254 27073 31018 27070 
55255 26710 31285 26707 
55256 27310 27312 27311 
55257 27057 31260 27054 
55258 27383 27384 27378 
55259 27884 31056 27686 
55260 28083 28085 28084 
55261 27312 27314 27313 
55262 28749 31317 29414 
55263 27067 31084 27064 
55264 27386 31273 27849 
55265 27538 31317 28749 
55266 27502 28968 27500 
55267 27539 31377 27541 
55268 28081 28083 28082 
55269 29060 31403 29923 
55270 27314 27848 27315 
55271 30336 30340 30339 
55272 29790 31245 28984 
55273 29679 29701 29700 
55274 28234 31188 31187 
55275 27297 28186 27295 
55276 26730 31251 26727 
55277 26865 31155 27201 
55278 26740 31236 26737 
55279 28290 28291 28187 
55280 28620 30909 28276 
55281 27401 27402 27396 
55282 28420 28691 28421 
55283 27284 28550 27286 
55284 31649 31695 31642 
55285 26976 26977 26974 
55286 29189 29608 29188 
55287 28108 31028 28105 
55288 26972 26973 26970 
55289 28598 31092 28597 
55290 27293 27294 27291 
55291 27689 31372 28355 
55292 27514 28970 27512 
55293 28346 31790 28026 
55294 29564 29723 29722 
55295 30118 30120 30119 
55296 31224 31493 28690 
55297 26682 31266 26679 
55298 26634 26635 26632 
55299 27446 30892 29197 
55300 29338 32321 28669 
55301 31188 31190 31189 
55302 29344 29675 29345 
55303 30915 30916 27229 
55304 27486 31342 28323 
55305 28240 31243 28839 
55306 31034 31037 31036 
55307 27520 28328 27518 
55308 27350 31257 26835 
55309 29366 32123 26938 
55310 27693 27695 27694 
55311 26711 26712 26710 
55312 30685 31258 29633 
55313 29707 30987 29706 
55314 28853 29100 28280 
55315 26843 31359 26841 
55316 31006 31008 31007 
55317 26871 31162 27192 
55318 27471 27807 27469 
55319 27385 27386 27384 
55320 26630 26631 26628 
55321 26644 26645 26642 
55322 27807 31250 27469 
55323 30917 30918 30916 
55324 27048 27049 27047 
55325 28010 31195 28235 
55326 27169 31201 31200 
55327 26640 26641 26638 
55328 27691 27692 27690 
55329 27828 27829 27826 
55330 26624 26625 26622 
55331 26982 26983 26980 
55332 31845 31878 29264 
55333 27832 28185 27830 
55334 29419 29437 29006 
55335 29525 29842 29059 
55336 28931 31078 31077 
55337 27387 27779 27386 
55338 31102 31107 31100 
55339 30741 31242 29298 
55340 28418 28420 28419 
55341 28826 31110 28539 
55342 30133 30134 30132 
55343 27676 27689 27688 
55344 27403 27404 27402 
55345 27407 28208 27406 
55346 26650 26651 26648 
55347 29350 29404 29349 
55348 29693 29694 29491 
55349 27405 27406 27404 
55350 29630 29631 27779 
55351 28209 28551 28208 
55352 29515 31121 29516 
55353 26994 26995 26992 
55354 26654 26655 26652 
55355 29928 29929 29925 
55356 28328 31253 31169 
55357 29111 29402 27231 
55358 28885 29555 29553 
55359 28376 31343 28374 
55360 28822 29158 29157 
55361 26679 31266 26678 
55362 28590 28591 28589 
55363 27826 31277 27825 
55364 26616 26617 26614 
55365 29716 31175 29583 
55366 31201 31205 31202 
55367 27554 28481 27556 
55368 28137 28138 28136 
55369 26721 26722 26720 
55370 26998 26999 26996 
55371 31078 31264 31263 
55372 31149 31150 31147 
55373 29181 29182 29179 
55374 27027 31336 27024 
55375 27816 27817 27814 
55376 28343 31408 31000 
55377 28333 31233 27959 
55378 27421 28095 27420 
55379 26990 26991 26986 
55380 27460 30674 28665 
55381 27058 27059 27057 
55382 27812 27813 27810 
55383 27980 31807 28237 
55384 27695 27697 27696 
55385 27002 27003 27000 
55386 27010 31325 27008 
55387 27793 31211 28628 
55388 27829 31277 27826 
55389 28674 30802 26581 
55390 27560 28305 27804 
55391 27820 27821 27818 
55392 27446 29197 28666 
55393 26706 31337 26703 
55394 26598 27154 26597 
55395 26665 26666 26663 
55396 27579 31335 27575 
55397 29086 29514 28871 
55398 26686 31539 31363 
55399 27697 28075 27698 
55400 27992 31360 27990 
55401 27006 27007 27004 
55402 28595 31322 28592 
55403 26669 26670 26667 
55404 27612 31331 27617 
55405 26661 26662 26658 
55406 28825 31109 28527 
55407 31024 31379 29145 
55408 27824 27837 27822 
55409 27266 31304 27263 
55410 28049 28183 28051 
55411 29113 29396 27230 
55412 29878 29879 29714 
55413 30791 30792 29761 
55414 28689 31275 27234 
55415 30817 30818 30793 
55416 28321 28326 28322 
55417 27676 31372 27689 
55418 28045 28048 28047 
55419 27840 27841 27838 
55420 27150 29139 28963 
55421 28552 31344 28551 
55422 26731 26732 26730 
55423 28096 28222 28095 
55424 26673 26674 26671 
55425 27696 27699 27694 
55426 28560 28561 28559 
55427 26610 26611 26608 
55428 27318 31319 27312 
55429 27814 31316 27813 
55430 27873 27874 27871 
55431 30866 30867 30819 
55432 28223 28224 28222 
55433 27532 28690 27530 
55434 27851 27854 27853 
55435 27844 28065 27842 
55436 30411 30415 30413 
55437 29428 30808 29413 
55438 27068 27069 27067 
55439 28049 31062 28183 
55440 27892 31394 27889 
55441 27972 32610 32606 
55442 27855 28072 27857 
55443 27441 31282 29200 
55444 30322 30323 30319 
55445 27689 27690 27688 
55446 29689 31081 30762 
55447 30448 30449 30445 
55448 30387 30388 30385 
55449 30301 30302 30298 
55450 31051 31052 30868 
55451 27869 27870 27536 
55452 28918 29708 29707 
55453 28281 31126 27942 
55454 27581 28306 27579 
55455 30465 30466 30462 
55456 28314 28484 28315 
55457 26677 26678 26675 
55458 29197 30657 29198 
55459 27265 27271 27270 
55460 30090 30091 30089 
55461 26741 26742 26740 
55462 26681 26682 26679 
55463 28234 31410 31188 
55464 31183 31185 29152 
55465 28566 28567 28565 
55466 29071 29469 29184 
55467 30059 33304 26368 
55468 27012 27013 27010 
55469 28000 31361 27998 
55470 30040 30041 29098 
55471 28304 31296 29191 
55472 30964 30965 30962 
55473 27818 31323 27817 
55474 27074 27075 27073 
55475 26685 26686 26683 
55476 28965 29138 27206 
55477 29709 30650 29711 
55478 26604 26605 26602 
55479 28657 30628 28895 
55480 26689 26690 26687 
55481 27455 31294 29201 
55482 30968 30969 30966 
55483 27617 28307 27770 
55484 27671 28203 27673 
55485 29847 31779 30154 
55486 27591 28714 27596 
55487 27472 32295 28931 
55488 27575 31500 27571 
55489 29117 30632 29347 
55490 27155 28924 28923 
55491 27026 27027 27024 
55492 26747 26748 26746 
55493 30133 31344 30912 
55494 28551 31344 29088 
55495 29188 31412 27232 
55496 28283 31179 27930 
55497 28698 28701 28700 
55498 29643 31119 29119 
55499 28572 28573 28571 
55500 28103 28104 28102 
55501 27080 27081 27079 
55502 30972 30973 30970 
55503 28372 28374 28373 
55504 26937 31366 26935 
55505 27020 27021 27018 
55506 27600 27657 27602 
55507 29119 29340 27188 
55508 27658 27677 27660 
55509 26697 26698 26695 
55510 26693 26694 26691 
55511 27817 31316 27814 
55512 28781 28933 28932 
55513 27249 29132 28070 
55514 30976 30977 30974 
55515 27678 27681 27680 
55516 29502 29667 29666 
55517 28408 28409 28407 
55518 28109 28110 28108 
55519 28410 28411 28409 
55520 27086 27087 27085 
55521 27682 27700 27684 
55522 27271 27273 27272 
55523 26737 31236 26736 
55524 28556 31238 28555 
55525 31163 31164 31161 
55526 27273 27275 27274 
55527 27339 31072 27105 
55528 26755 26756 26754 
55529 26753 26754 26752 
55530 29022 29455 29104 
55531 27030 27031 27028 
55532 29146 31183 29152 
55533 27169 31413 31201 
55534 30980 30981 30978 
55535 28185 30899 27830 
55536 29865 29957 29956 
55537 31000 31408 31005 
55538 28064 31297 29194 
55539 26716 31349 26713 
55540 27564 27685 27563 
55541 27034 27035 27032 
55542 27236 27239 27238 
55543 26701 26702 26699 
55544 29234 29864 29863 
55545 27275 27277 27276 
55546 29425 30747 29138 
55547 27281 27284 27282 
55548 26908 26910 26909 
55549 29958 30046 30045 
55550 27316 31327 28054 
55551 30984 30985 30982 
55552 28594 28595 28592 
55553 29835 29836 29028 
55554 27157 28689 27234 
55555 26705 26706 26703 
55556 31287 31288 31286 
55557 27243 30905 29155 
55558 28958 31173 27920 
55559 28692 28695 28694 
55560 29978 30118 30117 
55561 27701 27704 27703 
55562 27360 28713 27358 
55563 30118 31755 30772 
55564 28115 28116 28114 
55565 27887 27888 27886 
55566 27038 27039 27036 
55567 27053 31352 27050 
55568 30047 30080 30079 
55569 27705 27709 27707 
55570 31156 31157 31154 
55571 30060 31121 29515 
55572 29798 30069 29797 
55573 28695 30901 28920 
55574 28924 30723 29682 
55575 28582 28583 28581 
55576 27885 27886 27884 
55577 27092 27093 27091 
55578 26655 31077 26652 
55579 27710 27782 27781 
55580 29591 29592 29124 
55581 29515 29516 28870 
55582 27368 27656 27364 
55583 28382 28384 28383 
55584 27821 31323 27818 
55585 27042 27043 27040 
55586 27279 27281 27280 
55587 27889 31394 27888 
55588 28827 29673 29501 
55589 31168 31374 31373 
55590 26727 31251 26726 
55591 27362 28482 27366 
55592 28933 29130 29129 
55593 28444 28445 28443 
55594 26916 26919 26918 
55595 28874 31070 28449 
55596 26709 26710 26707 
55597 28121 28122 28120 
55598 29130 29164 29163 
55599 27541 31377 27651 
55600 27240 27246 27245 
55601 28588 28589 28587 
55602 28141 28142 28139 
55603 29132 29134 29133 
55604 30868 31340 30867 
55605 26761 26762 26760 
55606 28388 29022 28626 
55607 27609 31517 27612 
55608 27893 27894 27892 
55609 27124 32509 27126 
55610 28852 31067 28587 
55611 27100 27101 27099 
55612 31142 31143 31139 
55613 30916 31415 27229 
55614 27098 27099 27097 
55615 29134 29136 29135 
55616 29164 29464 29166 
55617 27046 27047 27044 
55618 28450 28451 28449 
55619 27338 31073 26766 
55620 27691 27693 27692 
55621 26645 31074 26642 
55622 27250 27252 27251 
55623 27370 28316 27788 
55624 29433 29434 27182 
55625 27560 30895 28305 
55626 26767 26768 26766 
55627 28596 28597 28595 
55628 28127 28128 28126 
55629 26715 26716 26713 
55630 27287 27671 27670 
55631 29891 30806 28877 
55632 28129 28130 28128 
55633 29382 30681 29381 
55634 27054 31260 27053 
55635 31108 31389 29344 
55636 26977 31069 26974 
55637 27693 31393 28617 
55638 26726 31355 26723 
55639 26719 26720 26717 
55640 27284 27286 27285 
55641 27337 31061 26760 
55642 26925 26927 26926 
55643 28864 29131 29095 
55644 27052 27053 27050 
55645 29438 30796 27334 
55646 27277 27279 27278 
55647 29568 29569 29440 
55648 27644 31850 31831 
55649 29710 30987 29707 
55650 28291 31071 28187 
55651 27899 27900 27898 
55652 28759 29429 29008 
55653 27246 27248 27247 
55654 27784 30900 27349 
55655 28755 31122 27898 
55656 27239 27242 27241 
55657 26941 31268 27157 
55658 26687 31348 26686 
55659 31053 31278 31052 
55660 26635 31029 26632 
55661 31188 31410 31193 
55662 27335 31054 27091 
55663 29534 29535 29259 
55664 28458 28459 28457 
55665 27273 31480 27275 
55666 28327 28418 28417 
55667 27120 27143 27122 
55668 27242 27244 27243 
55669 29920 30799 29154 
55670 27106 27107 27105 
55671 27056 27057 27054 
55672 26773 26774 26772 
55673 27671 27673 27672 
55674 26725 26726 26723 
55675 29634 31213 29635 
55676 26775 26776 26774 
55677 27013 31325 27010 
55678 26717 31269 26716 
55679 27252 27254 27253 
55680 27594 29392 27592 
55681 28456 28457 28455 
55682 27907 27908 27906 
55683 27905 27906 27904 
55684 28460 28461 28459 
55685 28366 28844 28843 
55686 28597 31092 29141 
55687 28604 31166 28606 
55688 27615 28978 27613 
55689 26933 26935 26934 
55690 28462 28464 28461 
55691 1824 26358 1825 
55692 1734 26359 1735 
55693 1693 26350 1694 
55694 1637 26357 1638 
55695 1775 26354 1776 
55696 1643 26321 1644 
55697 1811 26329 1812 
55698 1686 26356 1687 
55699 1581 26349 1582 
55700 1657 26333 1658 
55701 1588 26355 1589 
55702 1768 26348 1769 
55703 1596 26352 1597 
55704 1761 26342 1762 
55705 1818 26323 1819 
55706 1671 26345 1672 
55707 1804 26335 1805 
55708 1678 26351 1679 
55709 1714 26332 1715 
55710 1610 26340 1611 
55711 1574 26343 1575 
55712 1567 26337 1568 
55713 1603 26346 1604 
55714 1797 26341 1798 
55715 1783 26353 1784 
55716 1650 26327 1651 
55717 1664 26339 1665 
55718 1790 26347 1791 
55719 1560 26331 1561 
55720 1728 26319 1729 
55721 1700 26344 1701 
55722 1617 26334 1618 
55723 1707 26338 1708 
55724 1721 26325 1722 
55725 1624 26328 1625 
55726 1754 26336 1755 
55727 1631 26322 1632 
55728 1747 26330 1748 
55729 1837 26326 1838 
55730 1740 26324 1741 
55731 1830 26320 1831 
55732 27254 27256 27255 
55733 29213 29698 29697 
55734 28554 28555 28552 
55735 29699 29818 29364 
55736 29367 31183 29146 
55737 28173 28174 27604 
55738 31279 32314 31278 
55739 27062 27063 27060 
55740 31839 31886 27415 
55741 28135 28136 28134 
55742 28751 31063 28120 
55743 29378 30805 29151 
55744 27573 28981 27577 
55745 27044 31276 27043 
55746 26729 26730 26727 
55747 29464 29466 29465 
55748 27622 28308 27619 
55749 27642 31847 31837 
55750 29146 29152 27325 
55751 29888 29890 29035 
55752 30825 31412 29188 
55753 28558 28559 28556 
55754 26781 26782 26780 
55755 26783 26784 26782 
55756 29313 31411 28059 
55757 27617 31331 28307 
55758 27327 31024 26746 
55759 27333 31021 27079 
55760 1731 26440 1732 
55761 1821 26448 1822 
55762 1737 26426 1738 
55763 1634 26441 1635 
55764 1640 26436 1641 
55765 1827 26418 1828 
55766 26939 26941 26940 
55767 27913 27914 27912 
55768 29159 31055 28114 
55769 28311 28314 28313 
55770 28746 31056 27884 
55771 27066 27067 27064 
55772 1785 26470 1786 
55773 1792 26471 1793 
55774 1698 26486 1699 
55775 1756 26473 1757 
55776 1763 26484 1764 
55777 1799 26488 1800 
55778 1770 26483 1771 
55779 1716 26492 1717 
55780 1666 26475 1667 
55781 1806 26490 1807 
55782 1813 26491 1814 
55783 1608 26476 1609 
55784 1655 26482 1656 
55785 1723 26493 1724 
55786 1583 26480 1584 
55787 28753 28988 28332 
55788 1688 26481 1689 
55789 1619 26489 1620 
55790 1702 26477 1703 
55791 1626 26485 1627 
55792 1645 26474 1646 
55793 1562 26487 1563 
55794 1749 26494 1750 
55795 1835 26497 1836 
55796 1742 26495 1743 
55797 1673 26496 1674 
55798 1576 26499 1577 
55799 1572 26500 1573 
55800 1601 26498 1602 
55801 1612 26501 1613 
55802 1709 26502 1710 
55803 1659 26503 1660 
55804 27915 27916 27914 
55805 27445 27448 27447 
55806 27583 28310 28053 
55807 28318 28321 28320 
55808 29721 29941 29940 
55809 27829 31880 31277 
55810 29078 29793 29034 
55811 1777 26479 1778 
55812 1680 26472 1681 
55813 1594 26478 1595 
55814 1781 26505 1782 
55815 1590 26504 1591 
55816 29197 30892 30722 
55817 1684 26506 1685 
55818 1690 26425 1691 
55819 1696 26428 1697 
55820 1647 26444 1648 
55821 1833 26412 1834 
55822 1668 26437 1669 
55823 1621 26443 1622 
55824 1653 26429 1654 
55825 1606 26442 1607 
55826 1585 26447 1586 
55827 1599 26433 1600 
55828 1675 26435 1676 
55829 1564 26446 1565 
55830 1578 26427 1579 
55831 1570 26445 1571 
55832 1744 26417 1745 
55833 1772 26422 1773 
55834 1787 26413 1788 
55835 1614 26430 1615 
55836 1815 26439 1816 
55837 1628 26434 1629 
55838 1751 26416 1752 
55839 1725 26431 1726 
55840 1661 26438 1662 
55841 1758 26414 1759 
55842 1808 26424 1809 
55843 1765 26419 1766 
55844 1794 26415 1795 
55845 1801 26423 1802 
55846 1718 26421 1719 
55847 1704 26432 1705 
55848 1711 26420 1712 
55849 28564 28565 28562 
55850 26707 31285 26706 
55851 29377 30798 29149 
55852 28328 31169 31168 
55853 26956 30898 26953 
55854 28983 29790 28984 
55855 27419 27422 27417 
55856 26735 26736 26733 
55857 29131 30140 30139 
55858 27441 29200 27443 
55859 27689 27691 27690 
55860 28304 29191 28967 
55861 27665 27667 27666 
55862 27261 27264 27263 
55863 1682 26364 1683 
55864 1779 26363 1780 
55865 1592 26365 1593 
55866 28471 28513 28470 
55867 29843 31442 28389 
55868 28323 28726 28324 
55869 29466 29976 29467 
55870 29566 30160 30159 
55871 28469 28470 28468 
55872 28306 31335 27579 
55873 27332 31018 27073 
55874 31329 32514 31328 
55875 27320 27322 27321 
55876 28844 29490 29489 
55877 28227 28399 28225 
55878 26739 26740 26737 
55879 27459 27462 27461 
55880 27663 27665 27664 
55881 27072 27073 27070 
55882 27534 28718 27538 
55883 29349 31729 29348 
55884 28627 29168 29082 
55885 28342 30789 28837 
55886 27921 27922 27920 
55887 28744 31028 28108 
55888 27413 29153 27336 
55889 26791 26792 26790 
55890 27455 29201 27457 
55891 26789 26790 26788 
55892 27923 27924 27922 
55893 31364 32355 31365 
55894 28849 28850 28440 
55895 26683 31363 26682 
55896 29634 29635 29632 
55897 30057 30058 30056 
55898 26793 26794 26792 
55899 31201 31413 31206 
55900 29093 29094 28784 
55901 28945 31324 29680 
55902 29856 31213 29634 
55903 27078 27079 27076 
55904 28402 28403 28400 
55905 28570 28571 28568 
55906 26949 26951 26950 
55907 27331 31084 27067 
55908 27158 29199 27259 
55909 27269 27289 27288 
55910 28286 28659 28391 
55911 28107 28108 28105 
55912 28592 31322 28591 
55913 27925 27926 27924 
55914 27635 31241 27632 
55915 27341 27343 27342 
55916 26745 26746 26743 
55917 28520 28521 28519 
55918 27516 28317 28058 
55919 28659 28832 28831 
55920 28749 29414 28993 
55921 29348 29688 27328 
55922 28518 28519 28517 
55923 28101 28102 27635 
55924 27713 27715 27714 
55925 26795 26796 26794 
55926 28064 29194 29143 
55927 27345 27347 27346 
55928 26596 26597 26594 
55929 29126 29175 27330 
55930 26968 31176 27439 
55931 26955 26957 26956 
55932 31052 31340 30868 
55933 27715 27717 27716 
55934 28576 28577 28574 
55935 28406 28407 28404 
55936 31453 31454 31451 
55937 29679 31531 29701 
55938 29267 31620 31573 
55939 28832 28901 28856 
55940 30628 31484 28895 
55941 30171 30755 29890 
55942 27267 27269 27268 
55943 30047 31402 30080 
55944 27651 29384 28330 
55945 26829 31412 26827 
55946 27084 27085 27082 
55947 27933 27934 27932 
55948 27562 27563 27558 
55949 27558 31230 27552 
55950 27717 27719 27718 
55951 29318 31332 29369 
55952 28113 28114 28111 
55953 26751 26752 26749 
55954 29117 31484 30632 
55955 30919 31415 30916 
55956 28901 29613 29436 
55957 27931 27932 27930 
55958 26590 27151 26589 
55959 27719 27721 27720 
55960 27883 27884 27686 
55961 27390 29204 27329 
55962 27935 27936 27934 
55963 27394 27395 27392 
55964 28363 30871 30870 
55965 29193 29764 29763 
55966 28661 28819 28818 
55967 28489 29416 28998 
55968 28580 28581 28578 
55969 28442 28443 28412 
55970 27721 27789 27722 
55971 26820 31415 26818 
55972 28819 29066 29065 
55973 29191 29193 29192 
55974 26803 26804 26802 
55975 29445 29696 29695 
55976 26961 26963 26962 
55977 29923 30170 29922 
55978 26801 26802 26800 
55979 27502 28989 28968 
55980 27107 31022 28683 
55981 29066 30655 29471 
55982 27432 28286 27784 
55983 27264 27267 27266 
55984 29704 30021 30020 
55985 27090 27091 27088 
55986 28119 28120 28117 
55987 27675 27676 27674 
55988 26978 31282 27441 
55989 30819 31381 30818 
55990 29142 31250 27807 
55991 26805 26806 26804 
55992 27372 29205 27326 
55993 26690 31348 26687 
55994 28526 28527 28525 
55995 28528 28529 28527 
55996 27673 27675 27674 
55997 26626 31296 28304 
55998 26759 26760 26757 
55999 31067 31387 29170 
56000 27891 27892 27889 
56001 27376 27377 27374 
56002 27452 31354 27449 
56003 28530 28531 28529 
56004 28008 31408 28006 
56005 26807 26808 26806 
56006 28133 28134 28131 
56007 28586 28587 28584 
56008 27448 27450 27449 
56009 27293 27295 27294 
56010 27466 31353 27463 
56011 28577 31369 28574 
56012 28367 29148 28878 
56013 26965 26968 26967 
56014 29497 31271 29498 
56015 27786 28439 27422 
56016 28532 28533 28531 
56017 28448 28449 28446 
56018 28125 28126 28123 
56019 27096 27097 27094 
56020 28599 28600 28598 
56021 28493 28974 28973 
56022 29168 29887 29886 
56023 28143 28145 28144 
56024 27943 27944 27942 
56025 26646 31294 27455 
56026 30438 30439 30436 
56027 27462 27464 27463 
56028 29895 29896 29094 
56029 28290 28661 28291 
56030 30821 30822 28758 
56031 26765 26766 26763 
56032 27945 27946 27944 
56033 30100 30102 29459 
56034 27793 27795 27794 
56035 29696 30764 30763 
56036 27897 27898 27895 
56037 27941 27942 27940 
56038 27297 28187 28186 
56039 27450 27453 27452 
56040 27795 27797 27796 
56041 27520 31253 28328 
56042 29887 30028 30027 
56043 27467 27469 27468 
56044 29973 31271 29497 
56045 27464 27467 27466 
56046 27860 31878 31845 
56047 26972 26974 26973 
56048 27947 27948 27946 
56049 27453 27826 27825 
56050 27797 27799 27798 
56051 26634 26636 26635 
56052 26624 26626 26625 
56053 27949 27951 27948 
56054 31070 31390 29171 
56055 28596 28598 28597 
56056 26630 26632 26631 
56057 26976 26978 26977 
56058 27799 27801 27800 
56059 27303 27306 27305 
56060 26815 26816 26814 
56061 31038 31040 31039 
56062 26612 31249 30810 
56063 28434 28905 28435 
56064 27299 29206 27301 
56065 28626 31125 28386 
56066 26813 26814 26812 
56067 27104 27105 27102 
56068 28454 28455 28452 
56069 29005 29424 29004 
56070 27808 31297 28064 
56071 27903 27904 27901 
56072 29497 29498 28876 
56073 30703 30713 30704 
56074 28945 29680 29678 
56075 26771 26772 26769 
56076 29194 29196 29195 
56077 27801 27863 27802 
56078 28669 29004 28496 
56079 27952 27953 27951 
56080 28540 28541 28539 
56081 26817 26818 26816 
56082 28098 32248 32212 
56083 29000 31345 27368 
56084 28485 29403 28990 
56085 26616 26618 26617 
56086 29196 29925 29924 
56087 29181 29460 29182 
56088 28542 28543 28541 
56089 26640 26642 26641 
56090 28538 28539 28537 
56091 27651 31377 29384 
56092 29080 29150 28783 
56093 26819 26820 26818 
56094 29909 29910 29276 
56095 28312 31787 31750 
56096 27698 30907 27696 
56097 27863 28191 27864 
56098 27954 27955 27953 
56099 31228 31721 30761 
56100 29326 29327 28167 
56101 28544 28545 28543 
56102 29138 31437 27206 
56103 26644 26646 26645 
56104 29335 31467 29728 
56105 28758 30824 28142 
56106 29958 31418 30046 
56107 26821 26822 26820 
56108 28191 28193 28192 
56109 30733 31227 29691 
56110 28546 28547 28545 
56111 26982 26984 26983 
56112 29274 31748 31582 
56113 28284 31922 31739 
56114 30401 30403 30402 
56115 27911 27912 27909 
56116 28018 31410 28016 
56117 29691 31227 30761 
56118 29691 30761 28948 
56119 26779 26780 26777 
56120 28549 29617 29079 
56121 27397 27398 27395 
56122 28949 30688 29692 
56123 27471 27808 27807 
56124 27828 27830 27829 
56125 26782 31437 26780 
56126 31040 31043 31042 
56127 26823 26824 26822 
56128 27832 28434 28185 
56129 28467 28468 28465 
56130 28193 28195 28194 
56131 26650 26652 26651 
56132 26610 26612 26611 
56133 30893 30900 27784 
56134 28305 28496 27804 
56135 28608 28609 28607 
56136 27960 27961 27959 
56137 26825 26827 26824 
56138 27962 27963 27961 
56139 26654 26656 26655 
56140 27919 27920 27917 
56141 27399 27400 27398 
56142 28624 28625 28547 
56143 27257 27663 27662 
56144 26841 31359 27195 
56145 30430 30431 30428 
56146 28974 29413 29412 
56147 31286 31337 26706 
56148 26994 26996 26995 
56149 27379 27380 27377 
56150 27964 27965 27963 
56151 26828 26829 26827 
56152 26298 30510 2123 
56153 27483 31342 27486 
56154 27691 31393 27693 
56155 27486 28323 28094 
56156 27966 27968 27965 
56157 28044 28045 27400 
56158 28988 31313 31302 
56159 27381 27382 27380 
56160 29582 29583 29581 
56161 26787 26788 26785 
56162 31289 31290 31288 
56163 29928 29930 29929 
56164 28148 28149 28147 
56165 27300 29208 27298 
56166 26990 26992 26991 
56167 29584 29585 29583 
56168 26830 26831 26829 
56169 29580 29581 29579 
56170 27304 27309 27302 
56171 27812 27814 27813 
56172 27024 31336 27023 
56173 28183 31062 28438 
56174 28242 28244 28243 
56175 27990 31360 28338 
56176 29586 29785 29585 
56177 31357 31889 30782 
56178 28240 28242 28241 
56179 27240 31441 27246 
56180 29430 29432 29431 
56181 29014 29430 29015 
56182 27249 31441 29132 
56183 27668 27713 27712 
56184 27850 27851 27382 
56185 28516 28517 28514 
56186 26998 27000 26999 
56187 28498 29014 28685 
56188 29432 29772 29771 
56189 27108 31022 27107 
56190 29679 29700 28946 
56191 28244 28246 28245 
56192 27998 31361 28340 
56193 27671 27672 27670 
56194 26665 26667 26666 
56195 26661 26663 26662 
56196 28713 31563 27358 
56197 27002 27004 27003 
56198 27816 27818 27817 
56199 28437 28907 28436 
56200 29772 30962 30961 
56201 30944 30945 30942 
56202 27676 27688 27687 
56203 28996 29409 28995 
56204 28961 31016 31015 
56205 30438 30440 30439 
56206 29180 30858 29178 
56207 28687 28995 28491 
56208 27929 27930 27927 
56209 29410 29411 29409 
56210 30791 30793 30792 
56211 28603 28846 28601 
56212 27873 28492 27874 
56213 27973 27974 27972 
56214 28246 28248 28247 
56215 29097 29616 28792 
56216 28550 29181 29179 
56217 27869 27871 27870 
56218 27306 27308 27307 
56219 27820 27822 27821 
56220 27975 27976 27974 
56221 26686 31363 26683 
56222 27836 31253 27520 
56223 26836 26837 26835 
56224 26606 31324 28945 
56225 26838 26839 26837 
56226 29775 29776 29411 
56227 27014 27016 27015 
56228 28455 31380 28452 
56229 27375 27383 27378 
56230 26669 26671 26670 
56231 27006 27008 27007 
56232 26940 31366 26937 
56233 27287 31237 27671 
56234 27673 27674 27672 
56235 27977 27978 27976 
56236 31629 31630 31628 
56237 27371 29684 27373 
56238 30817 30819 30818 
56239 28248 28250 28249 
56240 27824 27838 27837 
56241 31168 31373 31167 
56242 28524 28525 28522 
56243 31012 31013 28960 
56244 29344 29345 28739 
56245 26840 26841 26839 
56246 26799 26800 26797 
56247 31631 31632 31630 
56248 26636 31356 27440 
56249 27979 27980 27978 
56250 28066 28433 28398 
56251 29428 30809 30808 
56252 28433 28893 28613 
56253 29847 30154 30153 
56254 27581 28498 28306 
56255 27308 27317 27316 
56256 31633 31634 31632 
56257 26891 31413 26889 
56258 28893 29116 28894 
56259 28250 28252 28251 
56260 29116 29477 29476 
56261 28705 28706 28704 
56262 26604 26606 26605 
56263 27286 27287 27285 
56264 29701 30759 29700 
56265 26673 26675 26674 
56266 31573 31620 28124 
56267 26842 26843 26841 
56268 32144 32201 31268 
56269 29477 30014 30013 
56270 27981 27982 27980 
56271 28252 28254 28253 
56272 30866 30868 30867 
56273 28183 28436 28051 
56274 29933 29934 29150 
56275 31635 31636 31634 
56276 27389 29210 27391 
56277 28703 28704 28702 
56278 28048 28049 28047 
56279 30014 30016 30015 
56280 27393 27401 27396 
56281 31637 31638 31636 
56282 30793 31414 30792 
56283 27012 27014 27013 
56284 26844 26845 26843 
56285 26733 31170 26732 
56286 29617 30660 29618 
56287 27939 27940 27937 
56288 30958 30959 30955 
56289 28254 28256 28255 
56290 27840 27842 27841 
56291 27983 27984 27982 
56292 27317 28169 28168 
56293 28708 28709 28706 
56294 30947 30948 30945 
56295 28307 28491 27770 
56296 27022 27024 27023 
56297 31639 31640 31638 
56298 26846 26847 26845 
56299 26677 26679 26678 
56300 27790 27793 27792 
56301 27675 31372 27676 
56302 31051 31053 31052 
56303 27985 27986 27984 
56304 27854 27855 27853 
56305 31641 31642 31640 
56306 28256 28258 28257 
56307 30964 30966 30965 
56308 26848 26849 26847 
56309 28654 30899 28185 
56310 27844 28066 28065 
56311 29133 31376 28070 
56312 28562 31023 28561 
56313 29631 30685 29633 
56314 27409 29687 29672 
56315 27987 27988 27986 
56316 31643 31644 31642 
56317 26681 26683 26682 
56318 28590 28592 28591 
56319 29316 31411 29313 
56320 30968 30970 30969 
56321 27657 27658 27602 
56322 26850 26851 26849 
56323 30120 30121 30119 
56324 26811 26812 26809 
56325 29129 31423 29705 
56326 27410 29350 29349 
56327 28258 28260 28259 
56328 28931 31077 26655 
56329 26685 26687 26686 
56330 29088 30133 30132 
56331 29335 29728 29387 
56332 27989 27990 27988 
56333 27020 27022 27021 
56334 26943 31268 26941 
56335 27677 27678 27660 
56336 27550 31476 27554 
56337 30995 30996 30992 
56338 30324 30325 30323 
56339 28823 29693 29491 
56340 28822 29157 27859 
56341 28536 28537 28534 
56342 26852 26853 26851 
56343 28260 28262 28261 
56344 27991 27992 27990 
56345 31645 31646 31644 
56346 30972 30974 30973 
56347 30450 30452 30449 
56348 28468 31385 28465 
56349 26713 31349 26712 
56350 28813 29156 27877 
56351 29864 29865 29863 
56352 27310 27311 27309 
56353 26693 26695 26694 
56354 27993 27994 27992 
56355 26689 26691 26690 
56356 30611 30612 29114 
56357 1896 30342 1897 
56358 31647 31648 31646 
56359 27681 27682 27680 
56360 30389 30391 30388 
56361 26854 26855 26853 
56362 28262 28264 28263 
56363 30303 30304 30302 
56364 31650 31651 31648 
56365 31317 31935 31318 
56366 29957 29958 29956 
56367 27995 27996 27994 
56368 27414 29212 27416 
56369 28264 28266 28265 
56370 30976 30978 30977 
56371 27460 28665 27458 
56372 27312 27313 27311 
56373 28208 31483 27406 
56374 28305 30895 29338 
56375 31652 31653 31651 
56376 26856 26857 26855 
56377 30612 31471 29114 
56378 28568 30921 28567 
56379 26588 26589 26586 
56380 26697 26699 26698 
56381 27050 31352 27049 
56382 27700 27701 27684 
56383 28266 28268 28267 
56384 31655 31656 31653 
56385 27314 27315 27313 
56386 27281 27282 27280 
56387 27030 27032 27031 
56388 29524 30180 30179 
56389 27284 27285 27282 
56390 30046 30047 30045 
56391 26732 31170 27412 
56392 27418 27421 27420 
56393 27997 27998 27996 
56394 26858 26859 26857 
56395 27026 27028 27027 
56396 26788 31391 26785 
56397 30980 30982 30981 
56398 27289 31465 27288 
56399 30118 30119 30117 
56400 27958 27959 27956 
56401 26682 32494 31266 
56402 27456 31074 26645 
56403 29190 29298 28917 
56404 30035 31328 29796 
56405 31657 31658 31656 
56406 28561 31023 29036 
56407 27446 28666 27444 
56408 31005 31006 31002 
56409 27260 29211 27258 
56410 28268 28270 28269 
56411 30453 30454 30452 
56412 30080 30081 30079 
56413 26860 26861 26859 
56414 27265 27270 27262 
56415 27999 28000 27998 
56416 27034 27036 27035 
56417 26711 26713 26712 
56418 28988 31302 31301 
56419 30984 30986 30985 
56420 26701 26703 26702 
56421 29689 30762 28944 
56422 27082 30911 27081 
56423 27442 31069 26977 
56424 29578 29579 29316 
56425 27704 27705 27703 
56426 30871 30874 30873 
56427 29706 30802 28674 
56428 29892 30661 29616 
56429 27709 27710 27707 
56430 28137 28139 28138 
56431 29675 29676 29345 
56432 28001 28002 28000 
56433 27782 31351 27781 
56434 30419 30421 30420 
56435 26862 26863 26861 
56436 30371 30374 30373 
56437 31582 31748 27902 
56438 30756 31437 29138 
56439 31659 31660 31658 
56440 30369 30371 30370 
56441 26605 31492 26602 
56442 28270 28272 28271 
56443 30330 30331 30329 
56444 27048 27050 27049 
56445 29147 30773 29783 
56446 28302 31029 26635 
56447 29299 30658 29298 
56448 30333 30334 30331 
56449 27383 27385 27384 
56450 28196 28240 28239 
56451 26864 26865 26863 
56452 28003 28004 28002 
56453 27038 27040 27039 
56454 26705 26707 26706 
56455 28848 31071 28291 
56456 28078 30859 28077 
56457 28272 28274 28273 
56458 28567 30921 29162 
56459 27530 31493 27526 
56460 26866 26867 26865 
56461 31899 32069 29727 
56462 31661 31662 31660 
56463 28005 28006 28004 
56464 27671 31237 28203 
56465 29755 31506 27626 
56466 28274 28276 28275 
56467 27971 27972 27969 
56468 26723 31355 26722 
56469 31663 31664 31662 
56470 27401 27403 27402 
56471 27042 27044 27043 
56472 30867 31381 30819 
56473 27385 27387 27386 
56474 28007 28008 28006 
56475 29088 31344 30133 
56476 30335 30336 30334 
56477 28276 28278 28277 
56478 31665 31666 31664 
56479 26834 26835 26832 
56480 28009 28010 28008 
56481 26868 26869 26867 
56482 31078 31263 31077 
56483 26709 26711 26710 
56484 29775 31364 29776 
56485 31669 31670 31666 
56486 29071 29184 28504 
56487 27081 30911 29167 
56488 29067 30090 30089 
56489 29608 30826 30825 
56490 27387 29630 27779 
56491 28278 28280 28279 
56492 31342 32130 32082 
56493 31671 31672 31670 
56494 27279 27280 27278 
56495 26870 26871 26869 
56496 28011 28012 28010 
56497 29429 29816 29008 
56498 27405 27407 27406 
56499 27403 27405 27404 
56500 26721 26723 26722 
56501 31673 31674 31672 
56502 28781 28932 27777 
56503 29568 29570 29569 
56504 27275 27276 27274 
56505 27407 28209 28208 
56506 27046 27048 27047 
56507 27271 27272 27270 
56508 28366 31465 28844 
56509 28013 28014 28012 
56510 26872 26873 26871 
56511 31675 31676 31674 
56512 27281 31439 27284 
56513 27094 31212 27093 
56514 28123 31218 28122 
56515 27058 27060 27059 
56516 29534 29536 29535 
56517 28864 31474 29131 
56518 27273 27274 27272 
56519 28594 28596 28595 
56520 31244 31591 30762 
56521 29350 29405 29404 
56522 26715 26717 26716 
56523 28015 28016 28014 
56524 26874 26875 26873 
56525 28209 28552 28551 
56526 27277 27278 27276 
56527 28141 28143 28142 
56528 28525 31401 28522 
56529 31677 31678 31676 
56530 28588 28590 28589 
56531 26876 26877 26875 
56532 30836 30853 30830 
56533 26596 26598 26597 
56534 30744 30898 26956 
56535 29132 31441 30752 
56536 27052 27054 27053 
56537 26719 26721 26720 
56538 28122 31218 28752 
56539 28017 28018 28016 
56540 26878 26879 26877 
56541 30674 30720 28665 
56542 27093 31212 28686 
56543 29693 30758 29694 
56544 26731 26733 26732 
56545 29502 29666 28828 
56546 29517 30074 30073 
56547 28019 28020 28018 
56548 29771 31392 29431 
56549 26880 26881 26879 
56550 31679 31680 31678 
56551 28484 28497 28315 
56552 27056 27058 27057 
56553 27689 28355 27691 
56554 26582 27149 26581 
56555 30163 30164 29667 
56556 28021 28022 28020 
56557 29837 30780 30229 
56558 31551 31881 28140 
56559 28680 32160 30754 
56560 27068 27070 27069 
56561 31627 31628 29786 
56562 27421 28096 28095 
56563 27588 31524 27591 
56564 27874 31522 27871 
56565 31681 31682 31680 
56566 26725 26727 26726 
56567 27728 27729 27727 
56568 28560 28562 28561 
56569 28023 28024 28022 
56570 26970 31176 26968 
56571 29197 29198 28666 
56572 31224 31913 29230 
56573 28096 28223 28222 
56574 27901 31220 27900 
56575 26882 26883 26881 
56576 28753 31313 28988 
56577 28025 28026 28024 
56578 31053 31279 31278 
56579 29941 29942 29940 
56580 29216 31487 28660 
56581 27900 31220 28756 
56582 30366 30369 30368 
56583 28493 31475 28974 
56584 27062 27064 27063 
56585 28875 29798 29797 
56586 26884 26885 26883 
56587 28027 28028 28026 
56588 28697 28698 28696 
56589 29078 29794 29793 
56590 27235 29215 27233 
56591 26741 26743 26742 
56592 28223 28225 28224 
56593 28701 28702 28700 
56594 26628 31296 26626 
56595 26886 26887 26885 
56596 26729 26731 26730 
56597 28554 28556 28555 
56598 28103 28105 28104 
56599 27261 31473 27264 
56600 31531 32354 29701 
56601 27074 27076 27075 
56602 28310 28311 28053 
56603 27240 27245 27237 
56604 28029 28030 28028 
56605 28314 28315 28313 
56606 28566 28568 28567 
56607 28420 28421 28419 
56608 26888 26889 26887 
56609 29974 29975 29137 
56610 29183 31405 31211 
56611 29199 31473 27259 
56612 27066 27068 27067 
56613 26890 26891 26889 
56614 26614 31249 26612 
56615 27692 28296 27690 
56616 28558 28560 28559 
56617 31453 31455 31454 
56618 29164 29166 29163 
56619 30328 30329 30326 
56620 30416 30419 30418 
56621 27154 31406 28673 
56622 28031 28032 28030 
56623 28933 29129 28932 
56624 27250 27251 27248 
56625 27277 31885 27279 
56626 30498 30500 30496 
56627 26892 26893 26891 
56628 28036 28037 28032 
56629 28109 28111 28110 
56630 27564 27686 27685 
56631 27080 27082 27081 
56632 26735 26737 26736 
56633 29094 31483 28784 
56634 26747 26749 26748 
56635 29414 31367 28993 
56636 29200 31485 27443 
56637 28691 28692 28421 
56638 28326 28327 28322 
56639 28695 28696 28694 
56640 26980 31282 26978 
56641 29369 29371 29370 
56642 26739 26741 26740 
56643 28572 28574 28573 
56644 29130 29163 29129 
56645 27445 31485 27448 
56646 28969 32066 31272 
56647 28038 28039 28037 
56648 29318 29369 29319 
56649 29176 30860 30042 
56650 29371 29390 29372 
56651 29569 31831 29440 
56652 26894 26895 26893 
56653 29464 29465 29166 
56654 28101 28103 28102 
56655 28564 28566 28565 
56656 28550 31439 29181 
56657 28375 28376 28374 
56658 30090 30760 30091 
56659 27072 27074 27073 
56660 28537 31403 28534 
56661 29566 31787 30160 
56662 26896 26897 26895 
56663 28180 28181 28039 
56664 27086 27088 27087 
56665 29201 31486 27457 
56666 29213 29697 28684 
56667 28107 28109 28108 
56668 29390 29869 29868 
56669 28115 28117 28116 
56670 28602 28760 28604 
56671 28201 28202 28181 
56672 28227 28400 28399 
56673 29469 30738 29184 
56674 27459 31486 27462 
56675 27885 27887 27886 
56676 28371 28372 28202 
56677 28675 29699 29364 
56678 29535 31837 29259 
56679 26753 26755 26754 
56680 27151 29382 29381 
56681 28408 28410 28409 
56682 27887 27889 27888 
56683 28574 31369 28573 
56684 27693 28617 27695 
56685 27419 31560 27786 
56686 26898 26899 26897 
56687 26755 26757 26756 
56688 26648 31294 26646 
56689 27078 27080 27079 
56690 26745 26747 26746 
56691 28410 28412 28411 
56692 26911 26912 26910 
56693 27562 27564 27563 
56694 31158 31161 31160 
56695 29384 29397 28330 
56696 28418 28419 28417 
56697 27151 31357 29382 
56698 26900 26901 26899 
56699 28121 28123 28122 
56700 27021 31721 27018 
56701 30102 31620 29459 
56702 29416 29804 28998 
56703 31151 31154 31153 
56704 28570 28572 28571 
56705 27092 27094 27093 
56706 26902 26903 26901 
56707 28321 28322 28320 
56708 29466 29467 29465 
56709 27893 27895 27894 
56710 29976 30696 29467 
56711 28129 28131 28130 
56712 28317 28318 28058 
56713 28113 28115 28114 
56714 28402 28404 28403 
56715 26625 31591 26622 
56716 27817 32071 31316 
56717 28385 28386 28384 
56718 29449 31125 28626 
56719 28582 28584 28583 
56720 28486 31512 27503 
56721 28377 28378 28376 
56722 26904 26905 26903 
56723 27084 27086 27085 
56724 28406 28408 28407 
56725 27883 27885 27884 
56726 26751 26753 26752 
56727 30080 31382 30081 
56728 28379 28380 28378 
56729 27346 31592 27343 
56730 26761 26763 26762 
56731 26920 26921 26919 
56732 27414 31371 29212 
56733 26907 26908 26905 
56734 28127 28129 28128 
56735 28576 28578 28577 
56736 26638 31356 26636 
56737 28119 28121 28120 
56738 28444 28446 28445 
56739 31750 31787 29527 
56740 31170 31371 27412 
56741 27268 31556 27266 
56742 28381 28382 28380 
56743 27810 31297 27808 
56744 27098 27100 27099 
56745 27891 27893 27892 
56746 28489 31801 29416 
56747 28293 31370 29375 
56748 27899 27901 27900 
56749 26796 31240 28688 
56750 29063 30057 30056 
56751 29771 32330 31392 
56752 27100 27102 27101 
56753 27090 27092 27091 
56754 26767 26769 26768 
56755 26913 26914 26912 
56756 28580 28582 28581 
56757 27353 31563 29220 
56758 29661 29662 28964 
56759 28135 28137 28136 
56760 30100 30103 30102 
56761 28450 28452 28451 
56762 28912 31497 27833 
56763 26590 31357 27151 
56764 27905 27907 27906 
56765 28442 28444 28443 
56766 29393 29746 28903 
56767 26915 26916 26914 
56768 28125 28127 28126 
56769 29798 30779 30069 
56770 28355 31393 27691 
56771 26759 26761 26760 
56772 29509 30583 29506 
56773 30150 30151 29554 
56774 27246 27247 27245 
56775 28387 28388 28386 
56776 26928 26929 26927 
56777 27781 31351 28761 
56778 28586 28588 28587 
56779 26608 31324 26606 
56780 27106 27108 27107 
56781 27390 31499 29204 
56782 27897 27899 27898 
56783 29910 31748 29276 
56784 27096 27098 27097 
56785 29445 29695 28779 
56786 26773 26775 26774 
56787 27907 27909 27908 
56788 27753 28360 27751 
56789 31449 31881 31551 
56790 28133 28135 28134 
56791 29523 31755 29978 
56792 27395 31499 27392 
56793 28448 28450 28449 
56794 28456 28458 28457 
56795 31052 32274 31340 
56796 26922 26923 26921 
56797 26765 26767 26766 
56798 27252 27253 27251 
56799 29783 31914 29367 
56800 29403 29800 28990 
56801 26775 26777 26776 
56802 29721 31878 29941 
56803 28458 28460 28459 
56804 27688 31388 28289 
56805 31144 31147 31146 
56806 26797 31240 26796 
56807 26808 31254 28717 
56808 27903 27905 27904 
56809 30707 30709 30708 
56810 26924 26925 26923 
56811 27254 27255 27253 
56812 27913 27915 27914 
56813 29060 29923 29922 
56814 27372 31503 29205 
56815 28600 31334 28602 
56816 30766 30767 30764 
56817 29909 29911 29910 
56818 28844 31465 29703 
56819 30437 30438 30436 
56820 28460 28462 28461 
56821 27915 27917 27916 
56822 29147 31379 30773 
56823 26936 26937 26935 
56824 29314 29318 29317 
56825 29579 31411 29316 
56826 28462 28465 28464 
56827 26926 31623 26923 
56828 27104 27106 27105 
56829 26781 26783 26782 
56830 27412 31371 27414 
56831 27377 31503 27374 
56832 26771 26773 26772 
56833 29131 31474 30746 
56834 27256 27257 27255 
56835 29239 31879 31615 
56836 28452 31380 28451 
56837 29446 29447 28900 
56838 26930 26931 26929 
56839 26783 26785 26784 
56840 28454 28456 28455 
56841 29698 30768 29697 
56842 31038 31039 31035 
56843 29699 30787 29818 
56844 26942 26943 26941 
56845 28006 31408 28343 
56846 31103 31106 31105 
56847 26932 26933 26931 
56848 29016 31501 27834 
56849 27110 27153 27112 
56850 27921 27923 27922 
56851 27911 27913 27912 
56852 27319 27320 27244 
56853 27665 27666 27664 
56854 28737 29743 29388 
56855 27287 27670 27669 
56856 27923 27925 27924 
56857 28469 28471 28470 
56858 28884 31019 28075 
56859 26779 26781 26780 
56860 26789 26791 26790 
56861 27667 27668 27666 
56862 27925 27927 27926 
56863 28323 28324 28094 
56864 28471 28514 28513 
56865 26809 31254 26808 
56866 26938 26939 26937 
56867 29700 31492 28946 
56868 26791 26793 26792 
56869 27919 27921 27920 
56870 31045 31046 31043 
56871 27771 31502 28495 
56872 26793 26795 26794 
56873 27488 28983 27487 
56874 27323 27324 27322 
56875 26580 26581 26577 
56876 26952 26953 26951 
56877 28467 28469 28468 
56878 27931 27933 27932 
56879 29310 29769 29511 
56880 29001 31718 29812 
56881 28016 31410 28234 
56882 31934 32152 29748 
56883 29206 31514 27301 
56884 28518 28520 28519 
56885 27933 27935 27934 
56886 27303 31514 27306 
56887 27715 27716 27714 
56888 27663 27664 27662 
56889 28760 31166 28604 
56890 26787 26789 26788 
56891 26944 26945 26943 
56892 28520 28522 28521 
56893 29181 31439 31124 
56894 26588 26590 26589 
56895 26795 26797 26796 
56896 27109 27110 27108 
56897 29145 31379 29147 
56898 29596 29731 28720 
56899 27935 27937 27936 
56900 29028 31293 28443 
56901 30754 32151 29434 
56902 31108 32358 31389 
56903 27264 31473 28301 
56904 26948 26949 26945 
56905 28373 31726 28202 
56906 26958 26959 26957 
56907 30035 31329 31328 
56908 27344 27345 27343 
56909 29731 31460 28720 
56910 28736 29742 29355 
56911 30046 31402 30047 
56912 27717 27718 27716 
56913 27232 31412 26829 
56914 28870 31295 28581 
56915 30818 31414 30793 
56916 30880 30889 28364 
56917 29379 32116 29380 
56918 27719 27720 27718 
56919 27582 31588 27576 
56920 29703 29704 29490 
56921 29034 31313 28753 
56922 31454 31881 31451 
56923 28465 31385 28464 
56924 26801 26803 26802 
56925 29746 31751 28903 
56926 28974 31475 29427 
56927 27721 27722 27720 
56928 29964 29965 29531 
56929 27713 27714 27712 
56930 27929 27931 27930 
56931 28516 28518 28517 
56932 28861 29843 28389 
56933 27348 27349 27347 
56934 26803 26805 26804 
56935 26954 26955 26953 
56936 27340 27341 27324 
56937 29399 29739 28734 
56938 30940 30944 30942 
56939 30154 30155 30153 
56940 27499 27500 27498 
56941 27497 27498 27496 
56942 30924 30927 30926 
56943 26964 26965 26963 
56944 28526 28528 28527 
56945 27290 27291 27289 
56946 26805 26807 26806 
56947 27789 27790 27722 
56948 26785 31391 26784 
56949 29302 29858 29857 
56950 30812 32099 26934 
56951 30022 30023 30021 
56952 27941 27943 27942 
56953 31136 31139 31138 
56954 29696 30763 29695 
56955 27501 27502 27500 
56956 27943 27945 27944 
56957 28299 31519 29221 
56958 28528 28530 28529 
56959 26807 26809 26808 
56960 29220 31515 27351 
56961 29689 32221 32184 
56962 27296 27297 27295 
56963 26969 26970 26968 
56964 27945 27947 27946 
56965 26889 31413 27169 
56966 31345 32467 27656 
56967 31364 31365 29776 
56968 29897 31483 29094 
56969 28530 28532 28531 
56970 26799 26801 26800 
56971 27448 31485 28934 
56972 28730 29735 29040 
56973 27229 31415 26820 
56974 26960 26961 26959 
56975 27947 27949 27948 
56976 30168 30169 29840 
56977 30399 30405 30401 
56978 29962 30071 30070 
56979 26597 31889 26594 
56980 28532 28534 28533 
56981 27795 27796 27794 
56982 27949 27952 27951 
56983 28524 28526 28525 
56984 29517 31387 30074 
56985 27462 31486 28681 
56986 27939 27941 27940 
56987 27797 27798 27796 
56988 30953 30958 30955 
56989 29839 29840 29788 
56990 31565 31785 30856 
56991 26813 26815 26814 
56992 28396 31386 29817 
56993 26627 26628 26626 
56994 28188 28290 28187 
56995 26975 26976 26974 
56996 30644 30691 29613 
56997 26633 26634 26632 
56998 27952 27954 27953 
56999 27799 27800 27798 
57000 28746 32064 31056 
57001 28993 31367 29408 
57002 27431 27432 27349 
57003 26815 26817 26816 
57004 27292 27293 27291 
57005 29552 30188 29833 
57006 31615 31879 26988 
57007 26619 26620 26618 
57008 28731 29738 29011 
57009 29837 31390 30780 
57010 30813 30814 30023 
57011 27300 31528 29208 
57012 27060 31554 27059 
57013 26979 26980 26978 
57014 26637 26638 26636 
57015 27801 27802 27800 
57016 26817 26819 26818 
57017 27954 27956 27955 
57018 27793 27794 27792 
57019 29345 31522 28739 
57020 26971 26972 26970 
57021 28538 28540 28539 
57022 28363 31902 30871 
57023 28540 28542 28541 
57024 27309 31528 27302 
57025 28883 28884 28075 
57026 31580 31887 28482 
57027 26819 26821 26820 
57028 1900 30441 1901 
57029 26643 26644 26642 
57030 27863 27864 27802 
57031 27484 27487 27481 
57032 1895 30343 1896 
57033 31040 31042 31039 
57034 30435 30436 30432 
57035 28542 28544 28543 
57036 29153 31991 31252 
57037 27519 27520 27518 
57038 27517 27518 27514 
57039 31075 32362 32097 
57040 29728 29729 29387 
57041 27835 27836 27520 
57042 26613 26614 26612 
57043 30990 30995 30992 
57044 26811 26813 26812 
57045 28191 28192 27864 
57046 27513 27514 27512 
57047 26647 26648 26646 
57048 26985 26986 26984 
57049 26821 26823 26822 
57050 27960 27962 27961 
57051 28544 28546 28545 
57052 29170 31387 29517 
57053 32385 32398 27638 
57054 28522 31401 28521 
57055 26629 26630 26628 
57056 27650 32001 29343 
57057 29420 31470 29419 
57058 28392 29006 27836 
57059 28439 28915 28473 
57060 26591 31838 26593 
57061 28193 28194 28192 
57062 27962 27964 27963 
57063 28729 29737 29010 
57064 26623 26624 26622 
57065 29530 29531 28992 
57066 29580 29582 29581 
57067 29007 29419 29006 
57068 27534 31899 28718 
57069 27964 27966 27965 
57070 26823 26825 26824 
57071 27470 27471 27469 
57072 29582 29584 29583 
57073 30087 30088 29481 
57074 30430 30432 30431 
57075 28536 28538 28537 
57076 29584 29586 29585 
57077 26621 26622 26620 
57078 26639 26640 26638 
57079 29171 31390 29837 
57080 26825 26828 26827 
57081 26653 26654 26652 
57082 27966 27969 27968 
57083 27827 27828 27826 
57084 29586 29786 29785 
57085 26657 26658 26656 
57086 29896 29898 29897 
57087 28546 28624 28547 
57088 31739 31922 29728 
57089 28195 28196 28194 
57090 26981 26982 26980 
57091 26993 26994 26992 
57092 27676 27687 27674 
57093 26828 26830 26829 
57094 27831 27832 27830 
57095 27554 27556 27555 
57096 31000 31005 31002 
57097 27958 27960 27959 
57098 30745 30903 30028 
57099 27556 27560 27559 
57100 27809 27810 27808 
57101 28624 29595 28625 
57102 31402 32259 30080 
57103 27495 27496 27493 
57104 30761 31721 28948 
57105 26615 26616 26614 
57106 29219 29619 28905 
57107 26830 26832 26831 
57108 30895 31409 29338 
57109 26649 26650 26648 
57110 27546 31419 29209 
57111 27560 27804 27803 
57112 29578 29580 29579 
57113 26997 26998 26996 
57114 28242 28243 28241 
57115 29684 31548 27373 
57116 29362 29962 29961 
57117 27375 31548 27383 
57118 28728 29733 28982 
57119 27973 27975 27974 
57120 28244 28245 28243 
57121 28293 29375 29373 
57122 28915 30693 28930 
57123 27001 27002 27000 
57124 31629 31631 31630 
57125 30415 30416 30413 
57126 29927 29928 29925 
57127 31006 31009 31008 
57128 27872 27873 27871 
57129 30387 30389 30388 
57130 27975 27977 27976 
57131 30448 30450 30449 
57132 30301 30303 30302 
57133 26664 26665 26663 
57134 26989 26990 26986 
57135 29108 29810 28821 
57136 30322 30324 30323 
57137 29666 32158 30862 
57138 27815 27816 27814 
57139 27977 27979 27978 
57140 28246 28247 28245 
57141 31631 31633 31632 
57142 26836 26838 26837 
57143 26589 31785 26586 
57144 27005 27006 27004 
57145 29454 29777 29352 
57146 30671 31909 28912 
57147 31633 31635 31634 
57148 29210 31552 27391 
57149 27979 27981 27980 
57150 26668 26669 26667 
57151 26838 26840 26839 
57152 28240 28241 28239 
57153 29787 29788 29306 
57154 29102 30569 29100 
57155 29931 29932 29930 
57156 27688 28289 27687 
57157 29427 29428 29413 
57158 27393 31552 27401 
57159 26607 26608 26606 
57160 31635 31637 31636 
57161 28677 31499 27395 
57162 27971 27973 27972 
57163 28248 28249 28247 
57164 31188 31193 31190 
57165 31637 31639 31638 
57166 30944 30947 30945 
57167 26609 26610 26608 
57168 27981 27983 27982 
57169 26840 26842 26841 
57170 27531 27532 27530 
57171 30816 30817 30793 
57172 27819 27820 27818 
57173 31639 31641 31640 
57174 28737 31724 29743 
57175 26592 31889 31357 
57176 30803 30804 29619 
57177 29608 30825 29188 
57178 28250 28251 28249 
57179 26672 26673 26671 
57180 29357 29954 29953 
57181 26660 26661 26658 
57182 31627 31629 31628 
57183 26834 26836 26835 
57184 27811 27812 27810 
57185 28970 32089 31299 
57186 28925 30671 28912 
57187 26842 26844 26843 
57188 27983 27985 27984 
57189 28252 28253 28251 
57190 28534 31403 28533 
57191 31641 31643 31642 
57192 27535 27536 27532 
57193 26844 26846 26845 
57194 30865 30866 30819 
57195 29638 30662 28919 
57196 27511 27512 27508 
57197 27823 27824 27822 
57198 29715 31886 31839 
57199 27410 31554 29350 
57200 27009 27010 27008 
57201 28254 28255 28253 
57202 28577 31422 31369 
57203 27985 27987 27986 
57204 27868 27869 27536 
57205 27580 27581 27579 
57206 29957 31418 29958 
57207 26846 26848 26847 
57208 27578 27579 27575 
57209 30963 30964 30962 
57210 28823 31560 29693 
57211 28679 31503 27377 
57212 27270 31534 27262 
57213 26676 26677 26675 
57214 27839 27840 27838 
57215 27206 31437 26782 
57216 28992 31512 28486 
57217 28607 28857 28605 
57218 28045 28047 28046 
57219 27655 28331 27653 
57220 31290 31292 31291 
57221 31059 31492 29700 
57222 28256 28257 28255 
57223 27260 31534 29211 
57224 30790 30791 29761 
57225 31643 31645 31644 
57226 29480 29481 29420 
57227 27987 27989 27988 
57228 29760 29761 29758 
57229 27542 29228 27540 
57230 26584 31785 31565 
57231 29123 29216 28660 
57232 31050 31051 30868 
57233 26848 26850 26849 
57234 27658 27660 27659 
57235 28169 31378 28549 
57236 26680 26681 26679 
57237 30967 30968 30966 
57238 28049 28051 28050 
57239 27456 31562 31074 
57240 30918 30919 30916 
57241 29865 29956 29955 
57242 27544 31419 27546 
57243 27989 27991 27990 
57244 28593 28594 28592 
57245 27251 31543 27248 
57246 27550 27554 27553 
57247 27546 29209 27548 
57248 28258 28259 28257 
57249 29840 31416 29788 
57250 31645 31647 31646 
57251 29223 32036 29657 
57252 28330 31801 27652 
57253 31335 31500 27575 
57254 27991 27993 27992 
57255 26850 26852 26851 
57256 28907 29620 28909 
57257 27678 27680 27679 
57258 30971 30972 30970 
57259 27851 27853 27852 
57260 31647 31650 31648 
57261 27843 27844 27842 
57262 27993 27995 27994 
57263 26684 26685 26683 
57264 27017 27018 27016 
57265 27617 27770 27620 
57266 31650 31652 31651 
57267 27612 27617 27616 
57268 28229 32101 28063 
57269 27682 27684 27683 
57270 28986 29229 27641 
57271 29958 30045 30044 
57272 27855 27857 27856 
57273 28665 31562 27458 
57274 26852 26854 26853 
57275 26688 26689 26687 
57276 28260 28261 28259 
57277 29224 31529 27411 
57278 31652 31655 31653 
57279 29214 29736 28723 
57280 30975 30976 30974 
57281 28396 29817 29039 
57282 31655 31657 31656 
57283 27591 27596 27595 
57284 27596 27600 27599 
57285 31201 31206 31205 
57286 27995 27997 27996 
57287 26592 31357 26590 
57288 30047 30079 30078 
57289 28262 28263 28261 
57290 26854 26856 26855 
57291 27624 29755 27626 
57292 27600 27602 27601 
57293 1901 30426 1902 
57294 30030 31997 29087 
57295 27442 31576 31069 
57296 27246 31441 27249 
57297 30081 30083 30082 
57298 27149 29190 28917 
57299 27011 27012 27010 
57300 29232 29234 29233 
57301 30979 30980 30978 
57302 28264 28265 28263 
57303 31085 32404 29405 
57304 31017 31520 28151 
57305 27628 27724 27630 
57306 30121 30124 30123 
57307 26856 26858 26857 
57308 29234 29863 29862 
57309 27025 27026 27024 
57310 31657 31659 31658 
57311 27997 27999 27998 
57312 27623 29754 29671 
57313 29523 29978 29977 
57314 29391 29751 28676 
57315 28881 29352 28221 
57316 26696 26697 26695 
57317 27413 31886 29153 
57318 28266 28267 28265 
57319 26692 26693 26691 
57320 30762 31591 28944 
57321 29212 31579 27416 
57322 27701 27703 27702 
57323 29481 31470 29420 
57324 26858 26860 26859 
57325 30983 30984 30982 
57326 31233 31407 31101 
57327 27529 27530 27526 
57328 27524 29230 27522 
57329 27999 28001 28000 
57330 27705 27707 27706 
57331 28190 32231 32173 
57332 29223 29657 29656 
57333 29225 31533 27423 
57334 28268 28269 28267 
57335 29620 30664 29621 
57336 28666 31576 27444 
57337 27418 31579 27421 
57338 29221 29223 29222 
57339 29978 30117 30116 
57340 26599 26600 26598 
57341 30324 30326 30325 
57342 26860 26862 26861 
57343 31659 31661 31660 
57344 28001 28003 28002 
57345 27710 27781 27780 
57346 30450 30453 30452 
57347 28672 29753 29389 
57348 30017 30018 30016 
57349 27033 27034 27032 
57350 28716 28912 27833 
57351 26700 26701 26699 
57352 30389 30392 30391 
57353 30303 30305 30304 
57354 27857 28657 28300 
57355 27029 27030 27028 
57356 26862 26864 26863 
57357 28932 31556 27777 
57358 28270 28271 28269 
57359 28153 28156 28155 
57360 28657 28895 28725 
57361 28003 28005 28004 
57362 27574 27575 27571 
57363 28372 28375 28374 
57364 32056 32524 32054 
57365 27306 31514 28476 
57366 28895 29117 28926 
57367 30435 30437 30436 
57368 27612 31517 31331 
57369 31661 31663 31662 
57370 28480 29752 28976 
57371 29117 29347 29346 
57372 26864 26866 26865 
57373 27019 27020 27018 
57374 30777 30778 30672 
57375 27569 29231 27567 
57376 26704 26705 26703 
57377 27626 31506 27628 
57378 30421 30424 30420 
57379 28736 31711 29742 
57380 30371 30373 30370 
57381 27284 31439 28550 
57382 28005 28007 28006 
57383 29190 29299 29298 
57384 31663 31665 31664 
57385 29757 29758 28980 
57386 28007 28009 28008 
57387 29853 29854 29249 
57388 28272 28273 28271 
57389 27037 27038 27036 
57390 29347 29651 29650 
57391 31665 31669 31666 
57392 26603 26604 26602 
57393 30330 30333 30331 
57394 27363 27364 27360 
57395 30374 30376 30373 
57396 27359 27360 27358 
57397 31669 31671 31670 
57398 28009 28011 28010 
57399 26866 26868 26867 
57400 27367 27368 27364 
57401 30124 30157 30156 
57402 28274 28275 28273 
57403 31671 31673 31672 
57404 31673 31675 31674 
57405 26601 26602 26600 
57406 27605 29238 27607 
57407 29712 31049 29710 
57408 28069 29000 27368 
57409 28011 28013 28012 
57410 30369 30370 30368 
57411 27041 27042 27040 
57412 28815 29016 27834 
57413 26868 26870 26869 
57414 27609 27612 27611 
57415 28276 28277 28275 
57416 30147 30148 29822 
57417 29329 29330 29327 
57418 30333 30335 30334 
57419 26708 26709 26707 
57420 29001 29812 29000 
57421 27781 28761 28217 
57422 28382 28385 28384 
57423 31675 31677 31676 
57424 29912 29913 29570 
57425 27362 27366 27365 
57426 31418 32189 30046 
57427 28013 28015 28014 
57428 26870 26872 26871 
57429 27584 29240 27586 
57430 30430 30434 30432 
57431 27771 28495 28494 
57432 31409 32300 29338 
57433 28278 28279 28277 
57434 26908 26911 26910 
57435 27366 27370 27369 
57436 29184 31592 28504 
57437 29226 31546 27424 
57438 28280 28655 28279 
57439 27045 27046 27044 
57440 30419 30420 30418 
57441 29903 29904 29536 
57442 30328 30330 30329 
57443 28761 29820 28762 
57444 30335 30337 30336 
57445 27588 27591 27590 
57446 26872 26874 26873 
57447 27288 31465 28366 
57448 29022 29844 29455 
57449 28015 28017 28016 
57450 28548 29232 29085 
57451 31677 31679 31678 
57452 27788 28759 28393 
57453 26714 26715 26713 
57454 26874 26876 26875 
57455 29567 29568 29440 
57456 28759 29008 28869 
57457 27315 28662 28303 
57458 27370 27788 27787 
57459 26876 26878 26877 
57460 29439 29440 29256 
57461 29002 29523 29522 
57462 28017 28019 28018 
57463 31917 32099 30812 
57464 26916 26920 26919 
57465 29794 31433 29793 
57466 30867 32208 31381 
57467 28019 28021 28020 
57468 26718 26719 26717 
57469 26878 26880 26879 
57470 28077 30907 27698 
57471 29740 29741 29245 
57472 31679 31681 31680 
57473 27051 27052 27050 
57474 27283 31480 27273 
57475 29581 31940 29579 
57476 29227 31545 27425 
57477 1903 30605 1904 
57478 30774 30775 29741 
57479 28299 29221 28927 
57480 28021 28023 28022 
57481 27353 29220 27351 
57482 29258 29259 29257 
57483 29533 29534 29259 
57484 29739 31707 28734 
57485 28023 28025 28024 
57486 27554 31476 28481 
57487 29905 29906 29904 
57488 26880 26882 26881 
57489 28025 28027 28026 
57490 27357 27358 27355 
57491 27672 31370 27670 
57492 27417 31839 27415 
57493 27259 31473 27261 
57494 28370 31474 28864 
57495 27055 27056 27054 
57496 29914 29915 29913 
57497 30747 30756 29138 
57498 28811 29452 28508 
57499 29640 29641 29236 
57500 26724 26725 26723 
57501 28027 28029 28028 
57502 26925 26928 26927 
57503 29550 29564 28884 
57504 26882 26884 26883 
57505 29942 30067 30066 
57506 27690 31388 27688 
57507 29795 29796 29794 
57508 26884 26886 26885 
57509 31101 31407 31103 
57510 27593 27594 27592 
57511 29181 31124 29460 
57512 27618 27619 27615 
57513 27614 27615 27613 
57514 29374 29726 28721 
57515 27061 27062 27060 
57516 32478 32482 29417 
57517 26886 26888 26887 
57518 31256 31522 29345 
57519 27597 27598 27594 
57520 28029 28031 28030 
57521 28618 28757 28173 
57522 26728 26729 26727 
57523 27352 29353 27354 
57524 29026 29027 28757 
57525 28311 28313 28312 
57526 28662 29622 28715 
57527 27356 27362 27361 
57528 30011 30012 29064 
57529 28936 31528 27309 
57530 26888 26890 26889 
57531 27603 27604 27598 
57532 27621 27622 27619 
57533 28172 28173 27604 
57534 29221 31916 29223 
57535 29369 29370 29319 
57536 29371 29372 29370 
57537 29363 31550 27426 
57538 28031 28036 28032 
57539 26933 26936 26935 
57540 29264 29721 29720 
57541 26890 26892 26891 
57542 28221 31588 27582 
57543 29390 29868 29372 
57544 29393 29747 29746 
57545 28036 28038 28037 
57546 28177 28332 27622 
57547 27065 27066 27064 
57548 28622 28753 28332 
57549 28863 29256 28216 
57550 27573 27577 27576 
57551 29033 29034 28753 
57552 26892 26894 26893 
57553 28038 28180 28039 
57554 29721 29940 29939 
57555 26580 26582 26581 
57556 31103 31407 31106 
57557 28553 28554 28552 
57558 29132 30752 29134 
57559 28599 28900 28600 
57560 29077 29078 29034 
57561 26734 26735 26733 
57562 27577 27583 27582 
57563 26894 26896 26895 
57564 28331 31714 27653 
57565 28201 28371 28202 
57566 28180 28201 28181 
57567 30034 30035 29796 
57568 29128 29245 28663 
57569 29566 30159 29937 
57570 27443 31485 27445 
57571 28730 31606 29735 
57572 28602 31334 28760 
57573 26939 26942 26941 
57574 29527 29566 29565 
57575 29252 29395 29394 
57576 28855 29257 28206 
57577 27071 27072 27070 
57578 28792 31812 27848 
57579 28557 28558 28556 
57580 29869 29870 29868 
57581 28106 28107 28105 
57582 27287 27669 27285 
57583 27457 31486 27459 
57584 28596 28599 28598 
57585 26896 26898 26897 
57586 26738 26739 26737 
57587 27583 28053 28052 
57588 1904 30534 1905 
57589 29318 29319 29317 
57590 27242 27319 27244 
57591 27585 29224 27411 
57592 27589 27592 27587 
57593 28371 31395 28372 
57594 29198 29203 29202 
57595 27528 27534 27533 
57596 29864 32111 29865 
57597 29836 31293 29028 
57598 27606 29225 27423 
57599 27534 27538 27537 
57600 28492 31475 28493 
57601 26898 26900 26899 
57602 27125 27191 27123 
57603 28488 29263 29041 
57604 27538 28749 27845 
57605 28749 28993 28750 
57606 28993 29408 29043 
57607 27516 31934 28317 
57608 28375 28377 28376 
57609 29807 29809 28735 
57610 28563 28564 28562 
57611 27355 31563 27353 
57612 28784 31483 28208 
57613 27077 27078 27076 
57614 26900 26902 26901 
57615 26744 26745 26743 
57616 29408 29486 29485 
57617 28900 31334 28600 
57618 29516 31295 28870 
57619 29212 31882 31579 
57620 28140 28141 28139 
57621 27610 27613 27608 
57622 30434 30435 30432 
57623 28614 29264 29072 
57624 26902 26904 26903 
57625 28690 31493 27530 
57626 27634 27635 27632 
57627 26949 26952 26951 
57628 28377 28379 28378 
57629 28112 28113 28111 
57630 27882 27883 27686 
57631 27235 31613 29215 
57632 29486 29488 29487 
57633 30093 30094 29069 
57634 27320 27323 27322 
57635 28226 28227 28225 
57636 28100 28101 27635 
57637 28844 29703 29490 
57638 26904 26907 26905 
57639 28379 28381 28380 
57640 28401 28402 28400 
57641 27245 31613 27237 
57642 26911 26913 26912 
57643 26955 26958 26957 
57644 28731 31608 29738 
57645 28455 31445 31380 
57646 28569 28570 28568 
57647 28118 28119 28117 
57648 28727 29226 27424 
57649 29962 32073 30071 
57650 28132 28133 28131 
57651 27083 27084 27082 
57652 27566 29247 27568 
57653 1907 30483 1908 
57654 27383 31548 28928 
57655 27570 27573 27572 
57656 28385 28387 28386 
57657 29743 29744 29388 
57658 26750 26751 26749 
57659 27269 27290 27289 
57660 28372 31395 28375 
57661 27341 27344 27343 
57662 30736 32155 31566 
57663 27890 27891 27889 
57664 27697 28883 28075 
57665 26595 26596 26594 
57666 28741 29227 27425 
57667 27557 27558 27552 
57668 28828 31384 27866 
57669 28325 29252 28959 
57670 28979 29759 29756 
57671 28489 28998 28490 
57672 27561 27562 27558 
57673 27345 27348 27347 
57674 27264 28301 27267 
57675 29769 29770 29511 
57676 26961 26964 26963 
57677 27651 28330 27652 
57678 26913 26915 26914 
57679 28575 28576 28574 
57680 27089 27090 27088 
57681 28836 29527 29526 
57682 29704 30022 30021 
57683 28405 28406 28404 
57684 28124 28125 28123 
57685 28387 28389 28388 
57686 29131 30746 30140 
57687 29556 29557 28888 
57688 27525 27528 27527 
57689 26920 26922 26921 
57690 28617 31736 27695 
57691 27392 31499 27390 
57692 26758 26759 26757 
57693 28977 29363 27426 
57694 29697 31623 28684 
57695 27293 27296 27295 
57696 27401 31552 28929 
57697 27185 29365 29121 
57698 27896 27897 27895 
57699 27631 27632 27629 
57700 28318 28320 28319 
57701 29193 30749 29764 
57702 28579 28580 28578 
57703 27627 28722 27625 
57704 26965 26969 26968 
57705 29596 30570 29731 
57706 27636 31468 28950 
57707 28441 28442 28412 
57708 28950 29686 29685 
57709 27095 27096 27094 
57710 28939 31534 27270 
57711 27374 31503 27372 
57712 30764 31438 30763 
57713 28946 31492 26605 
57714 29742 29819 29355 
57715 27565 29749 29290 
57716 28659 29120 28832 
57717 28586 31436 28588 
57718 30716 31531 29679 
57719 26922 26924 26923 
57720 27432 28658 28286 
57721 27902 27903 27901 
57722 31566 32155 29636 
57723 27297 28188 28187 
57724 27159 27171 27160 
57725 26624 26627 26626 
57726 29458 29459 29267 
57727 30099 30100 29459 
57728 32082 32130 29380 
57729 26764 26765 26763 
57730 28661 29122 28819 
57731 26972 26975 26974 
57732 27547 28724 27545 
57733 31450 31451 31449 
57734 27551 27552 27549 
57735 31452 31453 31451 
57736 26630 26633 26632 
57737 26616 26619 26618 
57738 29255 29407 29406 
57739 1906 30484 1907 
57740 26634 26637 26636 
57741 26928 26930 26929 
57742 28585 28586 28584 
57743 29350 31554 31339 
57744 27650 29343 28786 
57745 28901 30644 29613 
57746 27640 29254 28747 
57747 27510 27516 27515 
57748 29858 29859 29857 
57749 27670 28293 27669 
57750 29066 30656 30655 
57751 28327 28417 28416 
57752 27541 27651 27543 
57753 26976 26979 26978 
57754 27654 28489 27861 
57755 28845 31496 28357 
57756 28447 28448 28446 
57757 26640 26643 26642 
57758 29330 29878 29714 
57759 26593 26594 26592 
57760 31456 31457 31455 
57761 27103 27104 27102 
57762 26610 26613 26612 
57763 26770 26771 26769 
57764 28496 31386 27804 
57765 29424 29803 29004 
57766 29275 29276 29274 
57767 29693 31560 31298 
57768 26930 26932 26931 
57769 28729 31604 29737 
57770 29908 29909 29276 
57771 31348 31539 26686 
57772 28230 30735 30702 
57773 26644 26647 26646 
57774 31043 31368 31042 
57775 27462 28681 27464 
57776 27448 28934 27450 
57777 2110 26286 2111 
57778 2104 26280 2105 
57779 2128 26305 2129 
57780 2003 26291 2004 
57781 1991 26304 1992 
57782 1926 26288 1927 
57783 1938 26276 1939 
57784 1902 26313 1903 
57785 1979 26317 1980 
57786 1885 26303 1886 
57787 1944 26281 1945 
57788 2062 26314 2063 
57789 1914 26300 1915 
57790 1956 26293 1957 
57791 1908 26307 1909 
57792 1962 26299 1963 
57793 1932 26282 1933 
57794 1897 26316 1898 
57795 1950 26287 1951 
57796 1891 26310 1892 
57797 1985 26311 1986 
57798 2009 26285 2010 
57799 2015 26279 2016 
57800 1920 26294 1921 
57801 1974 26312 1975 
57802 26982 26985 26984 
57803 1968 26306 1969 
57804 2068 26308 2069 
57805 2074 26301 2075 
57806 2080 26295 2081 
57807 2021 26278 2022 
57808 1997 26297 1998 
57809 2027 26284 2028 
57810 2086 26289 2087 
57811 2116 26292 2117 
57812 2039 26296 2040 
57813 2057 26315 2058 
57814 2051 26309 2052 
57815 2045 26302 2046 
57816 2122 26298 2123 
57817 2033 26290 2034 
57818 2092 26283 2093 
57819 2098 26277 2099 
57820 31579 31882 28477 
57821 27910 27911 27909 
57822 31275 31477 27239 
57823 27516 28058 28057 
57824 27301 31514 27303 
57825 26936 26938 26937 
57826 29064 31718 29001 
57827 27280 28295 27278 
57828 28485 28990 28486 
57829 28439 28473 27422 
57830 29260 29765 29717 
57831 28453 28454 28452 
57832 27467 27470 27469 
57833 1925 30469 1926 
57834 30721 31562 28665 
57835 27247 29217 28943 
57836 29653 31585 28754 
57837 30759 31059 29700 
57838 2014 30290 2015 
57839 1931 30485 1932 
57840 28935 29236 27435 
57841 2038 30383 2039 
57842 27782 32616 31351 
57843 2044 30408 2045 
57844 2008 30460 2009 
57845 2056 30492 2057 
57846 27453 27827 27826 
57847 26650 26653 26652 
57848 2067 30382 2068 
57849 2032 30309 2033 
57850 29266 29267 28211 
57851 2020 30296 2021 
57852 1984 30501 1985 
57853 2091 30360 2092 
57854 1967 30443 1968 
57855 1961 30491 1962 
57856 1955 30362 1956 
57857 1943 30409 1944 
57858 26654 26657 26656 
57859 28820 29287 29107 
57860 2103 30289 2104 
57861 2085 30317 2086 
57862 27591 31524 28714 
57863 1973 30379 1974 
57864 2016 30547 2017 
57865 31175 32068 27967 
57866 1899 26461 1900 
57867 29652 29653 28754 
57868 1977 26460 1978 
57869 2060 26458 2061 
57870 2007 30548 2008 
57871 2037 30551 2038 
57872 2019 30550 2020 
57873 2010 30604 2011 
57874 27918 27919 27917 
57875 1930 30564 1931 
57876 29896 29897 29094 
57877 2073 30308 2074 
57878 2079 30295 2080 
57879 1924 30511 1925 
57880 28298 29255 28941 
57881 2031 30554 2032 
57882 27507 27510 27509 
57883 2013 30555 2014 
57884 2017 30518 2018 
57885 26942 26944 26943 
57886 2011 30523 2012 
57887 1969 30603 1970 
57888 26778 26779 26777 
57889 1954 30556 1955 
57890 1934 30527 1935 
57891 1987 30595 1988 
57892 1966 30565 1967 
57893 1958 30517 1959 
57894 1983 30515 1984 
57895 26990 26993 26992 
57896 26994 26997 26996 
57897 2084 30557 2085 
57898 2100 30545 2101 
57899 2006 26396 2007 
57900 1953 26393 1954 
57901 1929 26386 1930 
57902 1911 26399 1912 
57903 1947 26402 1948 
57904 1888 26395 1889 
57905 1988 26400 1989 
57906 1935 26394 1936 
57907 1941 26385 1942 
57908 1894 26401 1895 
57909 1917 26404 1918 
57910 1982 26391 1983 
57911 1965 26397 1966 
57912 2000 26392 2001 
57913 1923 26403 1924 
57914 2071 26387 2072 
57915 1994 26411 1995 
57916 2065 26398 2066 
57917 1905 26406 1906 
57918 1959 26408 1960 
57919 2012 26390 2013 
57920 2024 26384 2025 
57921 2018 26388 2019 
57922 1971 26389 1972 
57923 2095 26375 2096 
57924 1942 30602 1943 
57925 2048 26376 2049 
57926 2077 26383 2078 
57927 2054 26374 2055 
57928 2119 26410 2120 
57929 2083 26382 2084 
57930 2036 26378 2037 
57931 2089 26381 2090 
57932 2030 26379 2031 
57933 2113 26407 2114 
57934 2125 26409 2126 
57935 2042 26377 2043 
57936 2101 26405 2102 
57937 2107 26380 2108 
57938 27828 27831 27830 
57939 29738 29814 29011 
57940 28324 29023 28426 
57941 28434 29219 28905 
57942 27869 27872 27871 
57943 29887 30745 30028 
57944 27471 27809 27808 
57945 29267 31573 28211 
57946 29617 31488 30660 
57947 29272 29274 28198 
57948 28964 31404 28668 
57949 30366 30367 30365 
57950 29690 32320 29410 
57951 27670 31370 28293 
57952 28475 31543 27251 
57953 26944 26948 26945 
57954 28950 31468 29686 
57955 28974 29427 29413 
57956 29441 29442 28911 
57957 27484 27488 27487 
57958 29196 29927 29925 
57959 26661 26664 26663 
57960 29375 30682 29373 
57961 26998 27001 27000 
57962 27002 27005 27004 
57963 27812 27815 27814 
57964 26665 26668 26667 
57965 30447 30451 30448 
57966 29447 32506 32505 
57967 28709 28711 28710 
57968 26569 27473 26567 
57969 29202 31576 28666 
57970 26786 26787 26785 
57971 28498 29435 29014 
57972 29964 29966 29965 
57973 26952 26954 26953 
57974 27494 28485 27503 
57975 30736 31466 29175 
57976 28991 29496 29495 
57977 28466 28467 28465 
57978 29705 31556 28932 
57979 29159 32119 31055 
57980 28478 29260 28972 
57981 26591 26592 26590 
57982 28739 31522 27874 
57983 29251 30697 29681 
57984 27421 31579 28477 
57985 28995 29417 28491 
57986 27257 27662 27661 
57987 27483 27486 27485 
57988 27497 27499 27498 
57989 27928 27929 27927 
57990 29695 31726 28779 
57991 28692 28694 28693 
57992 27486 28094 28093 
57993 27398 28677 27395 
57994 26669 26672 26671 
57995 27499 27501 27500 
57996 29530 29964 29531 
57997 31296 31489 29191 
57998 27490 28483 27492 
57999 27302 31528 27300 
58000 29737 29813 29010 
58001 30791 30816 30793 
58002 29928 29931 29930 
58003 29554 31405 29183 
58004 27501 27876 27502 
58005 27323 27340 27324 
58006 31032 31918 29703 
58007 27006 27009 27008 
58008 29772 30963 30962 
58009 27816 27819 27818 
58010 27658 27659 27602 
58011 29865 29955 29863 
58012 26673 26676 26675 
58013 26788 31481 31391 
58014 26958 26960 26959 
58015 27380 28679 27377 
58016 28883 29550 28884 
58017 28616 29013 29012 
58018 28840 29235 29099 
58019 30817 30865 30819 
58020 28045 28046 27400 
58021 28840 31616 29235 
58022 31447 31449 28199 
58023 31290 31291 31288 
58024 27678 27679 27660 
58025 27820 27823 27822 
58026 26677 26680 26679 
58027 29958 30044 29956 
58028 29528 29529 29293 
58029 30964 30967 30966 
58030 27668 27712 27711 
58031 27014 27017 27016 
58032 27180 32191 32103 
58033 30148 31856 29822 
58034 27824 27839 27838 
58035 28515 28516 28514 
58036 27495 27497 27496 
58037 26604 26607 26606 
58038 30968 30971 30970 
58039 27480 27483 27482 
58040 27938 27939 27937 
58041 27682 27683 27680 
58042 30866 31050 30868 
58043 30081 30082 30079 
58044 30047 30078 30045 
58045 27276 28474 27274 
58046 30662 31521 28919 
58047 30121 30123 30119 
58048 27851 27852 27382 
58049 26798 26799 26797 
58050 27149 31565 29190 
58051 28728 31595 29733 
58052 27181 29354 27478 
58053 29962 30070 29961 
58054 26779 31440 26781 
58055 29126 32155 30736 
58056 30972 30975 30974 
58057 26681 26684 26683 
58058 26685 26688 26687 
58059 29274 31582 28198 
58060 26969 26971 26970 
58061 30022 30813 30023 
58062 28049 28050 28047 
58063 27701 27702 27684 
58064 27290 27292 27291 
58065 28698 28700 28699 
58066 29733 29734 28982 
58067 26573 27144 26571 
58068 29108 29945 29810 
58069 30976 30979 30978 
58070 27022 27025 27024 
58071 29847 30153 30072 
58072 28942 29351 27156 
58073 27840 27843 27842 
58074 29057 29075 28845 
58075 27262 31534 27260 
58076 27348 27431 27349 
58077 26693 26696 26695 
58078 29236 31596 27435 
58079 28907 28909 28436 
58080 29839 30168 29840 
58081 27373 31548 27375 
58082 28523 28524 28522 
58083 27705 27706 27703 
58084 27306 28476 27308 
58085 28954 32393 30773 
58086 26689 26692 26691 
58087 29024 29473 29472 
58088 30980 30983 30982 
58089 27855 27856 27853 
58090 28549 31378 29617 
58091 31005 31568 31006 
58092 27030 27033 27032 
58093 30158 30178 29468 
58094 27710 27780 27707 
58095 27186 29443 29379 
58096 28860 29847 29846 
58097 26697 26700 26699 
58098 29421 29422 27436 
58099 27844 28067 28066 
58100 29761 31933 29758 
58101 31347 31592 29184 
58102 27391 31552 27393 
58103 28711 28791 28790 
58104 29301 29303 28356 
58105 27519 27835 27520 
58106 27517 27519 27518 
58107 27317 28170 28169 
58108 27026 27029 27028 
58109 28433 29623 28893 
58110 26979 26981 26980 
58111 27513 27517 27514 
58112 27835 28392 27836 
58113 26701 26704 26703 
58114 26307 30361 1909 
58115 26627 26629 26628 
58116 29550 30105 29564 
58117 27034 27037 27036 
58118 26810 26811 26809 
58119 28188 28660 28290 
58120 28895 31484 29117 
58121 29007 29420 29419 
58122 27059 31554 27410 
58123 27790 27792 27791 
58124 29568 29912 29570 
58125 30696 30714 29467 
58126 26637 26639 26638 
58127 29002 31864 29523 
58128 27272 28939 27270 
58129 28392 29007 29006 
58130 29627 29628 29239 
58131 29116 30627 29477 
58132 29787 29839 29788 
58133 27560 27803 27559 
58134 28289 30659 28719 
58135 26705 26708 26707 
58136 29228 31525 27540 
58137 30014 30017 30016 
58138 27038 27041 27040 
58139 27556 27559 27555 
58140 26985 26989 26986 
58141 26596 26599 26598 
58142 26619 26621 26620 
58143 27804 28396 27803 
58144 27786 31560 28823 
58145 31053 31280 31279 
58146 26300 30457 1915 
58147 26647 26649 26648 
58148 27458 31562 27456 
58149 26621 26623 26622 
58150 26711 26714 26713 
58151 27042 27045 27044 
58152 29534 29903 29536 
58153 29676 31256 29345 
58154 27294 32027 31918 
58155 27957 27958 27956 
58156 28292 29400 29398 
58157 29531 31512 28992 
58158 27311 28936 27309 
58159 29638 30725 30662 
58160 28923 32030 29213 
58161 29480 30087 29481 
58162 27542 29237 29228 
58163 27511 27513 27512 
58164 27554 27555 27553 
58165 28535 28536 28534 
58166 29309 29311 28335 
58167 28952 29239 27437 
58168 27203 29841 29017 
58169 27048 27051 27050 
58170 29465 30727 29166 
58171 27777 31556 27268 
58172 31396 31399 31398 
58173 27315 28303 27313 
58174 26657 26660 26658 
58175 26613 26615 26614 
58176 27444 31576 27442 
58177 26288 30470 1927 
58178 26715 26718 26717 
58179 26593 31838 27185 
58180 29335 29387 29337 
58181 27857 31986 28657 
58182 29626 30611 29114 
58183 31708 31940 27967 
58184 27416 31579 27418 
58185 26301 30502 2075 
58186 29454 29778 29777 
58187 26284 30504 2028 
58188 26311 30494 1986 
58189 26283 30508 2093 
58190 26299 30475 1963 
58191 26460 30516 1978 
58192 27652 31801 27654 
58193 26280 30287 2105 
58194 27352 31883 29353 
58195 28915 28930 28473 
58196 26317 30488 1980 
58197 26907 31460 26908 
58198 31496 31598 28357 
58199 29612 30131 29444 
58200 26281 30467 1945 
58201 28986 29791 29229 
58202 26297 30566 1998 
58203 28145 28148 28147 
58204 29824 29825 28899 
58205 27052 27055 27054 
58206 29577 29578 29316 
58207 27531 27535 27532 
58208 27872 28220 27873 
58209 27628 31506 27724 
58210 27970 27971 27969 
58211 26721 26724 26723 
58212 31297 31508 29194 
58213 31772 31776 31775 
58214 28879 31853 31852 
58215 29942 30066 29940 
58216 27831 27833 27832 
58217 27809 27811 27810 
58218 26374 30537 2055 
58219 26377 30544 2043 
58220 26398 30532 2066 
58221 26408 30535 1960 
58222 26394 30528 1936 
58223 26381 30543 2090 
58224 27058 27061 27060 
58225 26405 30546 2102 
58226 28966 29114 27147 
58227 28590 28593 28592 
58228 29078 29795 29794 
58229 30871 31902 30875 
58230 26387 30529 2072 
58231 26915 31472 26916 
58232 26383 30538 2078 
58233 28881 29454 29352 
58234 27535 27868 27536 
58235 27383 28928 27385 
58236 29754 30950 29671 
58237 29315 29316 29313 
58238 31011 32229 31012 
58239 29898 30855 29897 
58240 28285 29335 29334 
58241 27529 27531 27530 
58242 30798 32057 28722 
58243 27578 27580 27579 
58244 30366 30368 30367 
58245 26725 26728 26727 
58246 27248 31543 27247 
58247 27401 28929 27403 
58248 27580 27834 27581 
58249 29219 30803 29619 
58250 29009 29519 29518 
58251 26924 31479 26925 
58252 28311 28312 28053 
58253 28925 30672 30671 
58254 28196 28239 28238 
58255 26833 26834 26832 
58256 26731 26734 26733 
58257 27387 29636 29630 
58258 27062 27065 27064 
58259 29214 29748 29736 
58260 27405 28940 27407 
58261 28315 28395 28313 
58262 29853 30174 29854 
58263 29129 29705 28932 
58264 29350 31339 29405 
58265 30720 30721 28665 
58266 29827 29828 28897 
58267 29009 31798 29519 
58268 29175 31466 31270 
58269 27770 27771 27620 
58270 28103 28106 28105 
58271 27617 27620 27616 
58272 29229 31541 27641 
58273 28504 31592 27346 
58274 27068 27071 27070 
58275 27574 27578 27575 
58276 28944 31591 26625 
58277 29736 31542 28723 
58278 29234 29862 29233 
58279 29446 30626 29447 
58280 27596 27599 27595 
58281 29075 31496 28845 
58282 28716 28925 28912 
58283 26997 31417 26998 
58284 29760 30790 29761 
58285 27009 27011 27010 
58286 26735 26738 26737 
58287 27600 27601 27599 
58288 27950 32154 32100 
58289 28209 28553 28552 
58290 27612 27616 27611 
58291 27564 27882 27686 
58292 27674 31586 27672 
58293 26741 26744 26743 
58294 27074 27077 27076 
58295 28109 28112 28111 
58296 29232 31930 29234 
58297 28815 29029 29016 
58298 29978 30116 29977 
58299 28137 28140 28139 
58300 28389 31442 28388 
58301 26607 26609 26608 
58302 29348 31729 30737 
58303 29198 29202 28666 
58304 28554 28557 28556 
58305 28115 28118 28117 
58306 27011 28971 27012 
58307 29757 29760 29758 
58308 28495 28511 28494 
58309 29693 31298 30758 
58310 27421 28477 28096 
58311 27080 27083 27082 
58312 28560 28563 28562 
58313 27591 27595 27590 
58314 29232 29233 29085 
58315 26582 31565 27149 
58316 27887 27890 27889 
58317 27017 27019 27018 
58318 28129 28132 28131 
58319 26747 26750 26749 
58320 27883 28205 27885 
58321 29324 29418 29323 
58322 31292 31309 31291 
58323 26668 31420 26669 
58324 28902 29401 29112 
58325 27019 27351 27020 
58326 26960 31511 26961 
58327 28121 28124 28123 
58328 30035 31330 31329 
58329 31284 32195 28978 
58330 29701 32400 30759 
58331 29523 29977 29522 
58332 29321 29323 27438 
58333 30124 30156 30123 
58334 28223 28226 28225 
58335 27292 31516 27293 
58336 28051 28299 28050 
58337 27086 27089 27088 
58338 27893 27896 27895 
58339 28507 28508 28506 
58340 27340 31507 27341 
58341 28566 28569 28568 
58342 31453 31456 31455 
58343 28388 31442 29022 
58344 26971 31525 26972 
58345 27804 31386 28396 
58346 27359 27363 27360 
58347 28883 29551 29550 
58348 27781 28217 27780 
58349 27815 31421 27816 
58350 30707 30708 30706 
58351 26755 26758 26757 
58352 29657 30857 29656 
58353 27363 27367 27364 
58354 29620 29621 28909 
58355 29223 29656 29222 
58356 28227 28401 28400 
58357 28943 31613 27245 
58358 27367 28069 27368 
58359 29256 31850 28216 
58360 27857 28300 27856 
58361 27092 27095 27094 
58362 28125 28207 28127 
58363 27899 27902 27901 
58364 30751 32236 29717 
58365 28572 28575 28574 
58366 29422 31607 27436 
58367 27431 31521 27432 
58368 30664 30665 29621 
58369 28069 29001 29000 
58370 29751 31544 28676 
58371 28657 28725 28300 
58372 26649 31544 26650 
58373 28761 28762 28217 
58374 26639 31541 26640 
58375 29666 31384 28828 
58376 29117 29346 28926 
58377 27237 31613 27235 
58378 28895 28926 28725 
58379 26629 31530 26630 
58380 27366 27369 27365 
58381 28759 28869 28393 
58382 27357 27359 27358 
58383 26761 26764 26763 
58384 29909 30128 29911 
58385 28402 28405 28404 
58386 29800 31430 28990 
58387 28323 32082 28726 
58388 26989 31555 26990 
58389 30737 31526 29688 
58390 30079 31426 30078 
58391 29008 29083 28869 
58392 29347 29650 29346 
58393 27370 27787 27369 
58394 29567 31429 29568 
58395 30818 32145 31414 
58396 29820 29821 28762 
58397 29221 29222 28927 
58398 27660 31424 27659 
58399 28296 31388 27690 
58400 27788 28393 27787 
58401 29257 31847 28206 
58402 28410 28441 28412 
58403 27680 31425 27679 
58404 30738 31347 29184 
58405 28684 31623 26926 
58406 27903 28182 27905 
58407 26811 31471 26813 
58408 27100 27103 27102 
58409 29439 29567 29440 
58410 26767 26770 26769 
58411 27362 27365 27361 
58412 29688 31526 31261 
58413 26660 31571 26661 
58414 26708 27411 26709 
58415 27907 27910 27909 
58416 28576 28579 28578 
58417 26615 31542 26616 
58418 29912 29914 29913 
58419 28133 28199 28135 
58420 29013 31765 31764 
58421 26933 31621 26936 
58422 28582 28585 28584 
58423 29903 29905 29904 
58424 28318 28319 28058 
58425 28865 28866 28431 
58426 28948 31721 27021 
58427 27687 31586 27674 
58428 27106 27109 27108 
58429 28863 29439 29256 
58430 29258 29533 29259 
58431 29905 30272 29906 
58432 27811 31574 27812 
58433 28444 28447 28446 
58434 27045 27423 27046 
58435 27029 31431 27030 
58436 29533 31432 29534 
58437 27915 27918 27917 
58438 27602 31581 27601 
58439 29303 31605 28356 
58440 26775 26778 26777 
58441 29914 30269 29915 
58442 26587 26588 26586 
58443 28287 30859 28078 
58444 30416 30418 30417 
58445 28855 29258 29257 
58446 28991 31430 29496 
58447 31341 31623 29697 
58448 27247 28943 27245 
58449 28324 28426 28094 
58450 30393 30394 30392 
58451 28159 30743 28161 
58452 29978 31755 30118 
58453 31406 32475 28673 
58454 30327 30328 30326 
58455 27614 27618 27615 
58456 27921 28056 27923 
58457 28141 28166 28143 
58458 28450 28453 28452 
58459 28618 29026 28757 
58460 27618 27621 27619 
58461 29026 29069 29027 
58462 27593 27597 27594 
58463 28791 29451 29056 
58464 29740 30774 29741 
58465 26718 27424 26719 
58466 27925 27928 27927 
58467 28172 28618 28173 
58468 27597 27603 27598 
58469 26783 26786 26785 
58470 28488 31849 29263 
58471 27603 28172 27604 
58472 30539 30542 30541 
58473 29263 29575 29041 
58474 27589 27593 27592 
58475 27253 28475 27251 
58476 30539 30540 30538 
58477 27621 28177 27622 
58478 28779 31726 28373 
58479 30530 30531 30529 
58480 28177 28622 28332 
58481 27055 27425 27056 
58482 28292 31619 29400 
58483 27610 27614 27613 
58484 28458 28463 28460 
58485 29264 29720 29072 
58486 28622 29033 28753 
58487 26789 27142 26791 
58488 29662 31404 28964 
58489 29795 30034 29796 
58490 29128 29740 29245 
58491 29721 29939 29720 
58492 27931 28040 27933 
58493 30561 30562 30560 
58494 29230 31555 27522 
58495 30768 31341 29697 
58496 28289 28719 27687 
58497 29033 29077 29034 
58498 26949 31696 26952 
58499 26664 31806 26665 
58500 30541 30560 30540 
58501 28327 28416 28322 
58502 28662 28715 28303 
58503 28462 28466 28465 
58504 27257 27661 27255 
58505 27935 27938 27937 
58506 31272 31912 27491 
58507 27577 27582 27576 
58508 26599 26601 26600 
58509 30495 30496 30494 
58510 29566 29937 29565 
58511 30767 31438 30764 
58512 29324 30594 30593 
58513 30497 30498 30496 
58514 26728 27426 26729 
58515 29569 32076 31831 
58516 26955 31625 26958 
58517 26601 26603 26602 
58518 26998 31417 27001 
58519 26833 29320 27438 
58520 26795 26798 26797 
58521 29616 31812 28792 
58522 27941 28098 27943 
58523 29408 29485 29043 
58524 28993 29043 28750 
58525 26993 31830 26994 
58526 28614 31845 29264 
58527 27583 28052 27582 
58528 28749 28750 27845 
58529 27538 27845 27537 
58530 28505 28506 28229 
58531 27668 27711 27666 
58532 27573 27576 27572 
58533 27672 31586 31370 
58534 29239 31615 27437 
58535 27534 27537 27533 
58536 27065 27427 27066 
58537 28593 28957 28594 
58538 26801 26988 26803 
58539 28471 28515 28514 
58540 27544 31617 31419 
58541 28467 28472 28469 
58542 29486 29487 29485 
58543 30822 30824 28758 
58544 27957 29312 28059 
58545 30151 31405 29554 
58546 31277 31880 29168 
58547 27634 28100 27635 
58548 27945 27950 27947 
58549 28419 28500 28417 
58550 29527 29565 29526 
58551 27716 28309 27714 
58552 26738 27428 26739 
58553 26584 31565 26582 
58554 30763 31375 29695 
58555 31770 31772 31771 
58556 28100 28428 28101 
58557 29488 30050 29487 
58558 28741 29385 29227 
58559 28106 29242 28107 
58560 27528 27533 27527 
58561 28935 29640 29236 
58562 29320 29322 29321 
58563 29352 31588 28221 
58564 27071 27429 27072 
58565 31046 31368 31043 
58566 29160 32081 27331 
58567 28902 28903 28238 
58568 27631 27634 27632 
58569 27720 27723 27718 
58570 26807 26810 26809 
58571 27604 32260 27598 
58572 28368 30854 30831 
58573 28520 28523 28522 
58574 28293 28721 27669 
58575 29311 31611 28335 
58576 28977 29745 29363 
58577 32355 32363 31365 
58578 29252 29394 28959 
58579 27358 31563 27355 
58580 26669 31420 26672 
58581 28148 28167 28149 
58582 27320 31727 27323 
58583 28998 28999 28490 
58584 31058 32442 32414 
58585 27954 27957 27956 
58586 28112 28358 28113 
58587 29174 32452 32138 
58588 27949 28034 27952 
58589 31396 31397 31395 
58590 27077 27430 27078 
58591 28293 29373 28721 
58592 27960 27967 27962 
58593 29580 29866 29582 
58594 26815 26966 26817 
58595 28526 28898 28528 
58596 27557 27561 27558 
58597 26585 26586 26584 
58598 27561 28487 27562 
58599 27332 32148 31018 
58600 27730 27731 27729 
58601 29312 29314 29313 
58602 29314 29317 29315 
58603 26744 27474 26745 
58604 27790 27791 27722 
58605 27285 31733 27282 
58606 29112 29393 28903 
58607 26588 26591 26590 
58608 29584 30095 29586 
58609 29749 29750 29290 
58610 26810 28737 27147 
58611 29758 31574 28980 
58612 27551 27557 27552 
58613 29203 30740 29202 
58614 31042 31333 31039 
58615 26583 26584 26582 
58616 28118 28211 28119 
58617 28489 28490 27861 
58618 27938 29308 28335 
58619 27083 27433 27084 
58620 28557 28742 28558 
58621 29231 31571 27567 
58622 27816 31421 27819 
58623 27247 31543 29217 
58624 27794 31467 27792 
58625 27966 27970 27969 
58626 31398 31400 31397 
58627 27798 28284 27796 
58628 29825 31709 28899 
58629 27651 27652 27543 
58630 28720 31460 26907 
58631 26821 26826 26823 
58632 27890 28068 27891 
58633 28535 29826 28897 
58634 29535 32074 31837 
58635 28532 28535 28534 
58636 27928 29300 28356 
58637 28692 28693 28421 
58638 28228 28229 28063 
58639 28538 28766 28540 
58640 30648 30649 29337 
58641 29022 31442 29844 
58642 26750 27162 26751 
58643 29897 31905 31483 
58644 27203 28720 26907 
58645 27624 31700 29755 
58646 27345 31732 27348 
58647 26798 28736 27437 
58648 27239 31477 27242 
58649 29458 30099 29459 
58650 28860 28861 28389 
58651 27971 28190 27973 
58652 28563 28748 28564 
58653 27975 28074 27977 
58654 27864 28282 27802 
58655 31639 31668 31641 
58656 27033 31788 27034 
58657 28285 29333 27791 
58658 26830 26833 26832 
58659 29024 29025 28426 
58660 27089 27475 27090 
58661 26825 27645 26828 
58662 27623 31699 29754 
58663 27356 31580 27362 
58664 29190 31565 30856 
58665 27979 28043 27981 
58666 29353 31580 27354 
58667 29275 29908 29276 
58668 28544 28896 28546 
58669 27896 28198 27897 
58670 27918 28730 28357 
58671 29287 30010 29107 
58672 29266 29458 29267 
58673 26758 27434 26759 
58674 29557 31844 28888 
58675 28737 29388 28966 
58676 26624 31719 26627 
58677 29310 29511 29475 
58678 26836 26987 26838 
58679 27193 28769 26915 
58680 27910 29292 28184 
58681 26786 28732 27436 
58682 28196 28238 28194 
58683 29308 29310 29309 
58684 27983 28035 27985 
58685 28569 28754 28570 
58686 26982 31697 26985 
58687 27882 31443 27883 
58688 31645 31667 31647 
58689 30944 31338 30947 
58690 31035 31790 28346 
58691 31375 31726 29695 
58692 29326 29329 29327 
58693 29272 29275 29274 
58694 31626 31627 29786 
58695 28405 28916 28406 
58696 28523 29823 28899 
58697 26976 31715 26979 
58698 27095 27161 27096 
58699 29726 31733 28721 
58700 27989 28033 27991 
58701 28243 28763 28241 
58702 28093 29724 27485 
58703 28990 28991 28486 
58704 26842 26946 26844 
58705 26764 27476 26765 
58706 29568 31429 29912 
58707 29846 29848 28861 
58708 31006 31568 31009 
58709 26634 31723 26637 
58710 28991 28992 28486 
58711 26778 28731 27156 
58712 28672 31701 29753 
58713 29275 29980 29908 
58714 28292 28734 27711 
58715 31447 31450 31449 
58716 29300 29302 29301 
58717 30082 31426 30079 
58718 27910 28184 27911 
58719 27186 28733 26924 
58720 29077 31742 29078 
58721 28515 29331 28904 
58722 27995 28041 27997 
58723 28132 31446 28133 
58724 28548 31581 29232 
58725 29334 29336 29333 
58726 29496 30019 29495 
58727 29458 30101 30099 
58728 28997 29767 28740 
58729 29040 29948 29057 
58730 29017 29596 28720 
58731 27103 27435 27104 
58732 29302 29857 29468 
58733 28579 28951 28580 
58734 28485 28486 27503 
58735 28249 28764 28247 
58736 27999 28042 28001 
58737 29190 30856 29299 
58738 26770 29281 27207 
58739 30805 32058 28724 
58740 29255 29406 28941 
58741 26850 26906 26852 
58742 28736 29355 28952 
58743 28769 31472 26915 
58744 27103 28729 27435 
58745 28441 28937 28442 
58746 26770 27207 26771 
58747 27896 29271 28198 
58748 26932 31621 26933 
58749 26846 27646 26848 
58750 28730 29040 28845 
58751 27890 29291 28068 
58752 26644 31716 26647 
58753 26764 29279 27476 
58754 31450 31452 31451 
58755 30177 33129 30207 
58756 29765 30753 29717 
58757 28294 29332 27661 
58758 28118 29265 28211 
58759 28255 28767 28253 
58760 28112 28397 28358 
58761 31411 31708 28059 
58762 27679 31424 27660 
58763 28585 28911 28586 
58764 28003 28055 28005 
58765 27683 31425 27680 
58766 27181 27477 26932 
58767 27030 31431 27033 
58768 26948 31696 26949 
58769 28480 31704 29752 
58770 27095 29278 27161 
58771 27880 27881 27488 
58772 27918 28357 27919 
58773 27510 27515 27509 
58774 26858 26917 26860 
58775 26954 31625 26955 
58776 26654 31713 26657 
58777 28007 28099 28009 
58778 28999 29042 28490 
58779 29528 29609 29529 
58780 29472 29894 29025 
58781 27516 28057 27515 
58782 27083 29269 27433 
58783 27869 31747 27872 
58784 28053 31750 28052 
58785 28011 28200 28013 
58786 27089 29277 27475 
58787 32180 32217 29204 
58788 26854 27648 26856 
58789 29191 31489 29193 
58790 28698 28699 28696 
58791 28447 28938 28448 
58792 29023 29024 28426 
58793 26758 28728 27434 
58794 29260 29717 28972 
58795 28015 28219 28017 
58796 27486 28093 27485 
58797 29534 31432 29903 
58798 26778 27156 26779 
58799 28106 29261 29242 
58800 26610 31741 26613 
58801 28261 28770 28259 
58802 29441 30646 29442 
58803 26908 31460 26911 
58804 26750 29270 27162 
58805 29241 29366 26938 
58806 27483 27485 27482 
58807 26744 29719 27474 
58808 27634 28204 28100 
58809 26738 27544 27428 
58810 29292 29294 29293 
58811 27557 28171 27561 
58812 28732 29423 29421 
58813 28290 31487 28661 
58814 29026 29845 29069 
58815 26866 26947 26868 
58816 26981 31697 26982 
58817 27077 29268 27430 
58818 29043 29044 28750 
58819 29379 29380 28733 
58820 26862 27647 26864 
58821 28177 28842 28622 
58822 28453 29286 28913 
58823 29294 29947 29528 
58824 28019 28175 28021 
58825 30416 30417 30413 
58826 29398 29399 28734 
58827 27928 28356 27929 
58828 28217 28619 27780 
58829 28023 28510 28025 
58830 29217 29218 28943 
58831 28267 28771 28265 
58832 28320 28840 28319 
58833 29033 29861 29077 
58834 28172 28841 28618 
58835 27071 29718 27429 
58836 28453 28913 28454 
58837 26872 27140 26874 
58838 27845 28218 27537 
58839 29372 30029 29370 
58840 26916 31472 26920 
58841 26786 27436 26787 
58842 26964 31829 26965 
58843 28132 31535 31446 
58844 28027 28777 28029 
58845 27180 27489 26948 
58846 26878 27141 26880 
58847 26925 31479 26928 
58848 31450 31458 31452 
58849 29473 30191 29472 
58850 26975 31715 26976 
58851 27480 27481 27479 
58852 27597 27879 27603 
58853 28820 28821 27876 
58854 29495 29530 28992 
58855 27055 28672 27425 
58856 26990 31555 26993 
58857 28447 29285 28938 
58858 26653 31713 26654 
58859 28585 29284 28911 
58860 27482 27484 27481 
58861 27478 27479 27477 
58862 27065 27624 27427 
58863 29821 29822 28762 
58864 28616 28817 27881 
58865 28036 28782 28038 
58866 26728 27623 27426 
58867 28237 31807 30940 
58868 28731 29011 28942 
58869 26643 31716 26644 
58870 28180 29031 28201 
58871 28387 28860 28389 
58872 26734 31617 26735 
58873 27618 27875 27621 
58874 27652 27653 27543 
58875 29319 29893 29317 
58876 28441 28985 28937 
58877 29012 29499 28817 
58878 29442 31436 28911 
58879 28869 29037 28393 
58880 28273 28772 28271 
58881 26884 27163 26886 
58882 29828 31720 28897 
58883 26704 31702 26705 
58884 27471 31731 27809 
58885 27605 31703 29238 
58886 26708 27584 27411 
58887 31948 32063 28282 
58888 28855 29532 29258 
58889 29439 30145 29567 
58890 29847 30072 29846 
58891 28942 29642 29351 
58892 27319 31727 27320 
58893 27045 27605 27423 
58894 26661 31571 26664 
58895 27868 31747 27869 
58896 30389 30393 30392 
58897 28377 28816 28379 
58898 27882 31444 31443 
58899 28052 28221 27582 
58900 26718 28480 27424 
58901 29243 29376 26954 
58902 26527 26529 26528 
58903 27828 31734 27831 
58904 26724 31699 26725 
58905 30775 32115 29741 
58906 26961 31511 26964 
58907 26892 27167 26894 
58908 26714 31704 26715 
58909 28579 28994 28951 
58910 27041 31703 27042 
58911 27061 31700 27062 
58912 28733 31479 26924 
58913 27051 31701 27052 
58914 26650 31544 26653 
58915 28286 31490 28659 
58916 29271 29273 29272 
58917 28371 31396 31395 
58918 28279 28892 28277 
58919 28405 29792 28916 
58920 29362 29961 29521 
58921 28069 29002 29001 
58922 26633 31723 26634 
58923 27293 31516 27296 
58924 27363 28097 27367 
58925 29575 29919 29041 
58926 29862 30096 29233 
58927 26972 31525 26975 
58928 27592 31601 27587 
58929 31411 31940 31708 
58930 27938 28335 27939 
58931 26623 31719 26624 
58932 28729 29010 28935 
58933 29281 29811 29648 
58934 29291 29362 29361 
58935 26888 27649 26890 
58936 26898 27178 26900 
58937 27787 28361 27369 
58938 27872 29248 28220 
58939 26904 27203 26907 
58940 29004 31495 28496 
58941 27344 31732 27345 
58942 30324 30327 30326 
58943 29421 30642 29422 
58944 29706 31587 30802 
58945 26640 31541 26643 
58946 27662 28294 27661 
58947 26798 27437 26799 
58948 27771 28206 27620 
58949 28660 31487 28290 
58950 27494 27495 27493 
58951 27601 28216 27599 
58952 27535 28614 27868 
58953 26913 27193 26915 
58954 28401 31705 28402 
58955 27019 27352 27351 
58956 27584 31702 29240 
58957 28396 28888 27803 
58958 26630 31530 26633 
58959 29373 29374 28721 
58960 29265 29358 29266 
58961 27492 27493 27491 
58962 27812 31574 27815 
58963 29107 29108 28821 
58964 30335 30338 30337 
58965 27470 31731 27471 
58966 28575 31706 28576 
58967 27585 31601 29224 
58968 29279 29659 29658 
58969 26922 27186 26924 
58970 28479 28975 26960 
58971 28819 31494 29066 
58972 27490 27491 27489 
58973 27497 28197 27499 
58974 27580 28488 27834 
58975 27365 27643 27361 
58976 27501 28820 27876 
58977 29280 30795 27292 
58978 28396 29039 28888 
58979 28569 29283 28754 
58980 27827 31734 27828 
58981 29278 29806 29649 
58982 28840 28854 28319 
58983 27278 31505 27276 
58984 27712 28292 27711 
58985 27341 31507 27344 
58986 29108 29946 29945 
58987 28557 28743 28742 
58988 28478 28922 27340 
58989 27559 28432 27555 
58990 26930 27181 26932 
58991 27484 27880 27488 
58992 28397 29038 29021 
58993 26616 31542 26619 
58994 29454 30273 29778 
58995 27659 31581 27602 
58996 28563 29282 28748 
58997 28515 28904 28516 
58998 29357 29953 29952 
58999 26985 27521 26989 
59000 28911 31436 28586 
59001 27606 31603 29225 
59002 29106 29901 29042 
59003 28553 31717 28554 
59004 29038 29944 29900 
59005 27613 31603 27608 
59006 26944 27180 26948 
59007 29261 29357 29356 
59008 27009 27638 27011 
59009 26936 29241 26938 
59010 27616 27642 27611 
59011 27432 31521 28658 
59012 27595 27644 27590 
59013 28728 28982 28947 
59014 31536 31538 31537 
59015 29813 30654 29010 
59016 27529 27860 27531 
59017 28057 29304 27515 
59018 29479 29480 29420 
59019 28952 29627 29239 
59020 26952 29243 26954 
59021 27853 31730 27852 
59022 31449 31551 28199 
59023 29277 29802 29663 
59024 26958 28479 26960 
59025 29394 29665 28959 
59026 28047 31737 28046 
59027 27290 29280 27292 
59028 27957 28059 27958 
59029 30706 30757 28297 
59030 26657 27566 26660 
59031 27861 27862 27655 
59032 27574 27785 27578 
59033 26810 27147 26811 
59034 26969 27539 26971 
59035 29814 30652 29011 
59036 27654 27655 27653 
59037 29270 29782 29386 
59038 29007 29479 29420 
59039 27539 27540 26971 
59040 29315 29577 29316 
59041 29400 30679 29398 
59042 27464 31498 27467 
59043 26647 27636 26649 
59044 28318 32016 28321 
59045 26979 27565 26981 
59046 29269 29799 29670 
59047 28523 28899 28524 
59048 27034 31788 27037 
59049 29248 29249 28220 
59050 29480 30577 30087 
59051 28298 28919 27431 
59052 29039 29766 29556 
59053 29766 30136 30135 
59054 30012 31718 29064 
59055 31446 31448 31447 
59056 28188 28962 28660 
59057 27544 27546 27545 
59058 28614 28785 27868 
59059 26593 26595 26594 
59060 28962 29123 28660 
59061 27835 28879 28392 
59062 31456 31459 31457 
59063 26637 27640 26639 
59064 29268 29781 29677 
59065 28062 28063 28061 
59066 26609 31741 26610 
59067 28715 29296 28303 
59068 27521 27522 26989 
59069 27565 29246 26981 
59070 27792 28285 27791 
59071 31246 32123 29366 
59072 27546 27548 27547 
59073 28491 31502 27770 
59074 27274 31510 27272 
59075 29387 30648 29337 
59076 27548 27550 27549 
59077 30082 31427 31426 
59078 27550 27553 27551 
59079 27832 31497 28434 
59080 28300 28664 27856 
59081 29650 31058 29346 
59082 28966 29626 29114 
59083 27771 28494 28206 
59084 27581 31501 28498 
59085 27636 28676 26649 
59086 29862 30146 30096 
59087 32042 32099 30724 
59088 28417 31461 28416 
59089 28972 29655 28922 
59090 28925 30673 30672 
59091 28926 29127 28725 
59092 29128 30786 29740 
59093 27323 28478 27340 
59094 29824 30625 29825 
59095 28299 28663 28050 
59096 28488 28815 27834 
59097 27656 32460 31255 
59098 27348 28298 27431 
59099 27831 28325 27833 
59100 27809 28979 27811 
59101 29656 30794 29222 
59102 26627 29253 26629 
59103 29335 29337 29334 
59104 27517 28512 27519 
59105 29253 29383 26629 
59106 27630 27633 27631 
59107 28050 31737 28047 
59108 29860 30147 29822 
59109 27601 28548 28216 
59110 29474 29853 29249 
59111 28535 28897 28536 
59112 27566 27567 26660 
59113 27527 27529 27526 
59114 27640 27641 26639 
59115 29638 30726 30725 
59116 29290 29727 29246 
59117 27624 27626 27625 
59118 29757 30783 29760 
59119 27525 27526 27524 
59120 28879 31855 31853 
59121 28836 28881 28221 
59122 29247 31609 27568 
59123 27628 27630 27629 
59124 27570 31609 27573 
59125 27626 27628 27627 
59126 27450 31504 27453 
59127 29072 29081 28785 
59128 27523 27524 27522 
59129 27856 31730 27853 
59130 27541 27542 27540 
59131 32090 32420 29698 
59132 26833 27438 26834 
59133 28930 29715 28473 
59134 29773 29774 29123 
59135 28941 29638 28919 
59136 27572 27574 27571 
59137 29827 30608 29828 
59138 27623 29671 28977 
59139 29099 29849 28854 
59140 27352 27353 27351 
59141 27605 27607 27606 
59142 27570 27571 27569 
59143 31772 31775 31771 
59144 28672 29389 28741 
59145 26705 31702 26708 
59146 27607 27609 27608 
59147 27609 27611 27610 
59148 29397 31802 28330 
59149 27511 28071 27513 
59150 28325 28716 27833 
59151 29821 29860 29822 
59152 27509 27511 27508 
59153 30673 30777 30672 
59154 29283 29805 29652 
59155 29002 29064 29001 
59156 29305 29306 29304 
59157 29307 29787 29306 
59158 29002 29522 29064 
59159 26613 27637 26615 
59160 28480 28976 28727 
59161 27177 27504 26623 
59162 27586 27588 27587 
59163 27267 31827 27269 
59164 28548 29085 28863 
59165 27588 27590 27589 
59166 27507 27508 27506 
59167 28979 28980 27811 
59168 26621 27177 26623 
59169 27584 27586 27585 
59170 27568 27569 27567 
59171 29324 30593 29418 
59172 28239 28902 28238 
59173 28950 29391 28676 
59174 28930 30785 29715 
59175 28820 31836 29287 
59176 28976 29762 29288 
59177 29845 30093 29069 
59178 27834 31501 27581 
59179 29194 31508 29196 
59180 29282 29801 29664 
59181 29459 31620 29267 
59182 26665 31806 26668 
59183 31771 31773 28782 
59184 27637 28723 26615 
59185 29321 29324 29323 
59186 27012 31509 27014 
59187 27042 31703 27045 
59188 27354 27355 27353 
59189 28747 28986 27641 
59190 27356 27357 27355 
59191 29432 31513 29772 
59192 30855 31905 29897 
59193 29467 31527 29465 
59194 28902 31740 29401 
59195 27770 31502 27771 
59196 27833 31497 27832 
59197 27505 27506 27504 
59198 27669 31733 27285 
59199 31299 31925 27506 
59200 29351 31440 27156 
59201 28704 28707 28702 
59202 29522 30011 29064 
59203 29248 29474 29249 
59204 28548 28863 28216 
59205 28494 28855 28206 
59206 27584 27585 27411 
59207 27605 27606 27423 
59208 27352 27354 27353 
59209 29861 30104 29077 
59210 27242 31477 27319 
59211 27020 31515 27022 
59212 28614 29072 28785 
59213 28094 31822 28093 
59214 29474 30278 29853 
59215 27354 27356 27355 
59216 27356 27361 27357 
59217 29756 29757 28980 
59218 31878 32083 29941 
59219 28709 28710 28706 
59220 28488 29041 28815 
59221 27588 27589 27587 
59222 28058 31814 28057 
59223 28860 29846 28861 
59224 28999 29106 29042 
59225 27586 27587 27585 
59226 27156 31440 26779 
59227 28694 28824 28693 
59228 26715 31704 26718 
59229 29039 29556 28888 
59230 28308 32255 31284 
59231 26311 30495 30494 
59232 28397 29021 28358 
59233 31396 31398 31397 
59234 28594 31835 28596 
59235 28381 31907 28382 
59236 28480 28727 27424 
59237 28299 28927 28663 
59238 29323 31738 27438 
59239 28672 28741 27425 
59240 27607 27608 27606 
59241 27544 27545 27428 
59242 28157 28176 28159 
59243 27609 27610 27608 
59244 29980 30115 29908 
59245 29261 29356 29242 
59246 30368 30372 30367 
59247 26398 30533 30532 
59248 28052 28836 28221 
59249 29297 29730 29296 
59250 27052 31701 27055 
59251 27400 31518 27398 
59252 27624 27625 27427 
59253 26383 30539 30538 
59254 29766 30135 29556 
59255 29312 29313 28059 
59256 26408 30536 30535 
59257 29300 29301 28356 
59258 28991 29495 28992 
59259 27632 31624 27629 
59260 29292 29293 28184 
59261 29362 29521 29361 
59262 29314 29315 29313 
59263 29291 29361 28068 
59264 27623 28977 27426 
59265 27652 27654 27653 
59266 29948 29959 29057 
59267 27627 31624 28722 
59268 29357 29952 29356 
59269 26387 30530 30529 
59270 29314 31958 29318 
59271 27654 27861 27655 
59272 29271 29272 28198 
59273 29265 29266 28211 
59274 29106 29902 29901 
59275 29040 29057 28845 
59276 28730 28845 28357 
59277 26607 27639 26609 
59278 29038 29900 29021 
59279 28820 29107 28821 
59280 29302 29468 29301 
59281 29024 29472 29025 
59282 27546 27547 27545 
59283 27630 27631 27629 
59284 26281 30647 30467 
59285 27550 27551 27549 
59286 29857 30158 29468 
59287 27548 27549 27547 
59288 27523 27525 27524 
59289 26725 31699 26728 
59290 29308 29309 28335 
59291 27880 28616 27881 
59292 27570 27572 27571 
59293 29294 29528 29293 
59294 28719 31586 27687 
59295 27525 27527 27526 
59296 29268 29677 27430 
59297 27626 27627 27625 
59298 27628 27629 27627 
59299 27521 27523 27522 
59300 29310 29475 29309 
59301 29320 29321 27438 
59302 28436 31519 28051 
59303 28836 29526 28881 
59304 27566 27568 27567 
59305 27382 31523 27380 
59306 28971 31509 27012 
59307 27568 27570 27569 
59308 28976 29288 28727 
59309 29269 29670 27433 
59310 29270 29386 27162 
59311 29012 29500 29499 
59312 28616 29012 28817 
59313 29762 31482 29288 
59314 26604 31832 26607 
59315 28729 28935 27435 
59316 27883 31443 28205 
59317 27480 27482 27481 
59318 29435 32629 32621 
59319 29394 30771 29665 
59320 28824 29342 28693 
59321 27062 31700 27065 
59322 29277 29663 27475 
59323 28093 29725 29724 
59324 27639 29250 26609 
59325 27186 29379 28733 
59326 27203 29017 28720 
59327 27478 27480 27479 
59328 26595 31823 26596 
59329 27565 29290 29246 
59330 28732 29421 27436 
59331 27181 27478 27477 
59332 28728 28947 27434 
59333 27494 27503 27495 
59334 29278 29649 27161 
59335 29279 29658 27476 
59336 29281 29648 27207 
59337 30875 30876 30874 
59338 28737 28966 27147 
59339 28736 28952 27437 
59340 27193 30567 28769 
59341 27492 27494 27493 
59342 27778 31885 27277 
59343 28927 29128 28663 
59344 28955 29214 28723 
59345 32007 32009 32008 
59346 27541 27543 27542 
59347 27636 28950 28676 
59348 29241 31231 29366 
59349 30561 30563 30562 
59350 28479 29732 28975 
59351 28731 28942 27156 
59352 28715 29297 29296 
59353 28962 29773 29123 
59354 26591 26593 26592 
59355 29017 29637 29596 
59356 27180 27490 27489 
59357 28990 31430 28991 
59358 27351 31515 27020 
59359 29112 29629 29393 
59360 30539 30541 30540 
59361 28325 28959 28716 
59362 26994 31830 26997 
59363 27490 27492 27491 
59364 28957 31835 28594 
59365 26735 31617 26738 
59366 28982 29668 28947 
59367 30541 30561 30560 
59368 29806 30669 29649 
59369 29811 30666 29648 
59370 29741 31983 29245 
59371 28902 29112 28903 
59372 28950 29685 29391 
59373 28979 29756 28980 
59374 29297 30896 29730 
59375 26709 31529 26711 
59376 27547 31712 28724 
59377 27552 31712 27549 
59378 27539 27541 27540 
59379 30495 30497 30496 
59380 28285 29334 29333 
59381 29276 31748 29274 
59382 29826 29827 28897 
59383 27046 31533 27048 
59384 28743 29669 28742 
59385 28593 29003 28957 
59386 28747 28987 28986 
59387 27422 31839 27417 
59388 31378 31488 29617 
59389 28292 29398 28734 
59390 29792 30687 28916 
59391 28298 28941 28919 
59392 28985 29654 28937 
59393 27308 31532 27317 
59394 29284 29441 28911 
59395 31771 31774 31773 
59396 28994 29646 28951 
59397 29823 29824 28899 
59398 29245 31737 28663 
59399 28588 31840 28590 
59400 29282 29664 28748 
59401 27640 28747 27641 
59402 29353 31887 31580 
59403 28478 28972 28922 
59404 29285 29647 28938 
59405 28554 31717 28557 
59406 29286 30651 28913 
59407 29331 30633 28904 
59408 28619 32326 32304 
59409 30699 31049 29712 
59410 29283 29652 28754 
59411 29493 29494 29342 
59412 28066 31540 28433 
59413 28133 31446 28199 
59414 28285 31467 29335 
59415 31467 31739 29728 
59416 26580 26583 26582 
59417 31462 31463 31461 
59418 29168 31880 29887 
59419 29193 31489 30749 
59420 29527 31787 29566 
59421 28922 31507 27340 
59422 28057 29305 29304 
59423 28051 31519 28299 
59424 28793 29087 28609 
59425 29307 29789 29787 
59426 27537 31752 27533 
59427 28661 31487 29122 
59428 27507 27509 27508 
59429 27056 31545 27058 
59430 27505 27507 27506 
59431 28836 31750 29527 
59432 31586 31906 31370 
59433 26719 31546 26721 
59434 31787 31951 30160 
59435 29305 29307 29306 
59436 29251 29360 29250 
59437 28402 31705 28405 
59438 26934 32042 26931 
59439 27177 27505 27504 
59440 27181 31873 29354 
59441 28101 31549 28103 
59442 28975 31511 26960 
59443 28658 31490 28286 
59444 28840 29099 28854 
59445 26729 31550 26731 
59446 27313 31547 27311 
59447 26603 31832 26604 
59448 27269 31827 27290 
59449 28135 31551 28137 
59450 28496 31495 31386 
59451 29099 30064 29849 
59452 27614 31754 27618 
59453 28107 31558 28109 
59454 27637 28955 28723 
59455 28700 29009 28699 
59456 27593 31753 27597 
59457 28659 31490 29120 
59458 27562 31557 27564 
59459 28576 31706 28579 
59460 27695 31736 27697 
59461 26936 31621 29241 
59462 29310 31969 29769 
59463 27066 31553 27068 
59464 30795 31516 27292 
59465 27645 31950 31749 
59466 28301 31827 27267 
59467 29078 31742 29795 
59468 27566 31713 29247 
59469 32492 32498 28204 
59470 28113 31564 28115 
59471 29009 29339 28699 
59472 29803 31495 29004 
59473 29122 31494 28819 
59474 26739 31559 26741 
59475 27411 31529 26709 
59476 27072 31561 27074 
59477 27539 31829 31377 
59478 31536 31537 31448 
59479 26601 27208 26603 
59480 27415 31886 27413 
59481 28119 31573 28121 
59482 29114 31471 27147 
59483 28891 29109 28808 
59484 29066 31494 30656 
59485 30785 31991 29715 
59486 27385 31566 27387 
59487 27891 31575 27893 
59488 28312 31750 28053 
59489 27403 31569 27405 
59490 29586 31626 29786 
59491 28794 30730 28793 
59492 27186 31865 29443 
59493 31801 31802 29416 
59494 26745 31570 26747 
59495 28955 29702 29214 
59496 27423 31533 27046 
59497 28893 31893 29116 
59498 28919 31521 27431 
59499 27654 31801 28489 
59500 27078 31572 27080 
59501 27885 31584 27887 
59502 27147 31471 26811 
59503 27897 31582 27899 
59504 31301 31891 31303 
59505 28558 31567 28560 
59506 29518 29943 29339 
59507 28325 31734 29252 
59508 28979 31731 29759 
59509 27540 31525 26971 
59510 28295 31505 27278 
59511 27084 31577 27086 
59512 29440 31831 29256 
59513 29233 31758 29085 
59514 29244 29446 28900 
59515 31397 31846 31395 
59516 30612 31728 31471 
59517 31015 32239 31014 
59518 30102 31955 31620 
59519 26952 31696 29243 
59520 28681 31498 27464 
59521 27467 31498 27470 
59522 27639 29251 29250 
59523 27208 29262 26603 
59524 28127 31589 28129 
59525 27636 31716 31468 
59526 31289 32124 31290 
59527 27090 31583 27092 
59528 30709 30711 30708 
59529 26958 31625 28479 
59530 26586 31785 26584 
59531 28564 31578 28566 
59532 28500 31461 28417 
59533 28434 31497 29219 
59534 28570 31585 28572 
59535 27424 31546 26719 
59536 29302 31975 29858 
59537 29003 29639 28957 
59538 28934 31504 27450 
59539 27494 31761 28485 
59540 29417 31502 28491 
59541 29809 31823 28735 
59542 26759 31590 26761 
59543 28498 31501 29435 
59544 27425 31545 27056 
59545 31446 31535 31448 
59546 27905 31599 27907 
59547 29383 31530 26629 
59548 27453 31504 27827 
59549 31462 31464 31463 
59550 29259 31837 29257 
59551 27919 31598 27921 
59552 27104 31596 27106 
59553 28483 31761 27492 
59554 26765 31594 26767 
59555 26753 31595 26755 
59556 27565 31715 29749 
59557 28580 31593 28582 
59558 27038 31896 27041 
59559 29251 29681 29360 
59560 27276 31505 28474 
59561 28063 31902 28061 
59562 27641 31541 26639 
59563 27929 31605 27931 
59564 28428 31549 28101 
59565 27913 31606 27915 
59566 27426 31550 26729 
59567 28596 31835 28599 
59568 29013 31764 29012 
59569 27640 31723 29254 
59570 29163 31892 31423 
59571 27185 31838 29365 
59572 27323 31727 28478 
59573 28442 31597 28444 
59574 27098 31604 27100 
59575 27792 31467 28285 
59576 28408 31602 28410 
59577 27014 31509 27017 
59578 28448 31600 28450 
59579 26787 31607 26789 
59580 29166 31892 29163 
59581 28676 31544 26649 
59582 27479 32002 31966 
59583 31446 31447 28199 
59584 31779 31907 30154 
59585 27923 31612 27925 
59586 28723 31542 26615 
59587 27939 31611 27941 
59588 28487 31557 27562 
59589 28474 31510 27274 
59590 27555 31768 27553 
59591 28034 31958 31725 
59592 27427 31553 27066 
59593 28824 29493 29342 
59594 29196 31508 29927 
59595 26773 31608 26775 
59596 29242 31558 28107 
59597 28719 31906 31586 
59598 28096 31895 28223 
59599 29482 30126 30009 
59600 27933 31622 27935 
59601 26799 31615 26801 
59602 27348 31732 28298 
59603 29772 31513 30963 
59604 27022 31515 27025 
59605 26781 31614 26783 
59606 27428 31559 26739 
59607 29252 31984 29395 
59608 26579 26580 26577 
59609 27958 31708 27960 
59610 27429 31561 27072 
59611 26985 31697 27521 
59612 27480 31781 27483 
59613 27142 32072 31967 
59614 27872 31747 29248 
59615 28358 31564 28113 
59616 28711 28790 28710 
59617 27522 31555 26989 
59618 28751 32172 31063 
59619 27714 31619 27712 
59620 29235 31793 29099 
59621 27398 31518 28677 
59622 30714 31527 29467 
59623 29354 31781 27478 
59624 27255 31698 27253 
59625 26593 27185 26595 
59626 26979 31715 27565 
59627 27430 31572 27078 
59628 29965 32029 29531 
59629 26793 31711 26795 
59630 26627 31719 29253 
59631 28046 31518 27400 
59632 29057 31782 29075 
59633 27666 31707 27664 
59634 28211 31573 28119 
59635 28599 29244 28900 
59636 27272 31510 28939 
59637 28524 31709 28526 
59638 28469 31710 28471 
59639 27474 31570 26745 
59640 26637 31723 27640 
59641 27952 31725 27954 
59642 29357 31944 29954 
59643 27380 31523 28679 
59644 26596 31823 26599 
59645 28385 31779 28387 
59646 27601 31581 28548 
59647 28742 31567 28558 
59648 26647 31716 27636 
59649 28068 31575 27891 
59650 26805 31724 26807 
59651 26813 31728 26815 
59652 26834 31738 26836 
59653 28536 31720 28538 
59654 28909 31519 28436 
59655 27697 31736 28883 
59656 29465 31527 30727 
59657 27433 31577 27084 
59658 28298 31732 29255 
59659 26657 31713 27566 
59660 27567 31571 26660 
59661 27852 31523 27382 
59662 29910 31961 31748 
59663 28518 31722 28520 
59664 28322 31616 28320 
59665 29703 31918 29704 
59666 31396 31809 31399 
59667 29084 29561 28834 
59668 30178 31789 29468 
59669 27722 31735 27720 
59670 28198 31582 27897 
59671 28241 31740 28239 
59672 28980 31574 27811 
59673 31771 31775 31774 
59674 27796 31739 27794 
59675 31491 32549 29120 
59676 31749 31950 29320 
59677 28031 31770 28036 
59678 28748 31578 28564 
59679 26828 31749 26830 
59680 28530 31746 28532 
59681 27475 31583 27090 
59682 29264 31878 29721 
59683 29301 31789 29303 
59684 26711 31529 26714 
59685 31877 32010 31875 
59686 28689 32201 32164 
59687 26902 31783 26904 
59688 31436 31840 28588 
59689 28754 31585 28570 
59690 27434 31590 26759 
59691 28067 31540 28066 
59692 27037 31896 27038 
59693 26613 31741 27637 
59694 27048 31533 27051 
59695 28194 31751 28192 
59696 29518 30609 29943 
59697 28478 31727 29260 
59698 27809 31731 28979 
59699 28476 31532 27308 
59700 28319 31814 28058 
59701 27831 31734 28325 
59702 28860 31779 29847 
59703 28500 31462 31461 
59704 29715 31991 31886 
59705 27476 31594 26765 
59706 27317 31532 28170 
59707 28721 31733 27669 
59708 27435 31596 27104 
59709 26965 31829 26969 
59710 31535 31536 31448 
59711 28951 31593 28580 
59712 28433 31540 29623 
59713 27407 31900 28209 
59714 30103 31884 30102 
59715 28426 31822 28094 
59716 28357 31598 27919 
59717 31735 31978 27723 
59718 28937 31597 28442 
59719 29362 31988 29962 
59720 31039 31790 31035 
59721 28040 31969 31622 
59722 27058 31545 27061 
59723 30104 31742 29077 
59724 26585 26587 26586 
59725 26721 31546 26724 
59726 28938 31600 28448 
59727 27185 28735 26595 
59728 29309 31803 29311 
59729 32300 32321 29338 
59730 29009 29518 29339 
59731 28356 31605 27929 
59732 28081 28413 28083 
59733 30661 31901 29616 
59734 27354 31580 27356 
59735 28330 31802 31801 
59736 26708 31702 27584 
59737 28473 31839 27422 
59738 31483 31905 27406 
59739 27436 31607 26787 
59740 27477 31621 26932 
59741 29121 29807 28735 
59742 29623 31893 28893 
59743 30940 31807 30944 
59744 27311 31547 28936 
59745 28663 31737 28050 
59746 28052 31750 28836 
59747 26731 31550 26734 
59748 27045 31703 27605 
59749 28507 28811 28508 
59750 28664 31730 27856 
59751 27203 31783 29841 
59752 28590 31840 28593 
59753 28303 31547 27313 
59754 28103 31549 28106 
59755 29116 31893 30627 
59756 32036 32110 29657 
59757 28335 31611 27939 
59758 28421 31745 28419 
59759 27068 31553 27071 
59760 29273 31819 31818 
59761 27437 31615 26799 
59762 30001 30002 30000 
59763 29788 31992 29306 
59764 27489 31696 26948 
59765 29358 31821 31820 
59766 28607 31997 28857 
59767 28109 31558 28112 
59768 26718 31704 28480 
59769 27055 31701 28672 
59770 28428 31944 31549 
59771 27487 32002 27481 
59772 31696 31912 29243 
59773 27564 31557 27882 
59774 26741 31559 26744 
59775 28137 31551 28140 
59776 32181 32230 29732 
59777 31725 31958 29312 
59778 28320 31616 28840 
59779 29376 31625 26954 
59780 27474 31954 31570 
59781 31329 32530 32514 
59782 27074 31561 27077 
59783 28056 31975 31612 
59784 28115 31564 28118 
59785 30772 32215 30120 
59786 29887 31880 30745 
59787 31394 32128 27888 
59788 31875 32010 31876 
59789 27712 31619 28292 
59790 31451 31881 31449 
59791 26728 31699 27623 
59792 27427 31936 31553 
59793 28059 31708 27958 
59794 27185 29121 28735 
59795 29353 32035 31887 
59796 28883 31736 29551 
59797 26607 31832 27639 
59798 31440 31614 26781 
59799 28928 31566 27385 
59800 28121 31573 28124 
59801 27387 31566 29636 
59802 27065 31700 27624 
59803 27587 31601 27585 
59804 27080 31572 27083 
59805 26747 31570 26750 
59806 27405 31569 28940 
59807 31255 32449 28713 
59808 28929 31569 27403 
59809 26583 26585 26584 
59810 31775 31777 31774 
59811 30801 32197 27007 
59812 28205 31584 27885 
59813 28093 31822 29725 
59814 26576 26577 26575 
59815 26738 31617 27544 
59816 28025 31796 28027 
59817 29628 31879 29239 
59818 28899 31709 28524 
59819 27893 31575 27896 
59820 27608 31603 27606 
59821 28809 30770 28873 
59822 28487 31937 31557 
59823 27086 31577 27089 
59824 31822 31926 29725 
59825 28560 31567 28563 
59826 27887 31584 27890 
59827 31759 31760 29029 
59828 27429 31956 31561 
59829 28199 31551 28135 
59830 27428 31939 31559 
59831 27899 31582 27902 
59832 29630 32038 29631 
59833 28511 31757 31756 
59834 26594 31889 26592 
59835 28207 31589 28127 
59836 28218 31752 27537 
59837 28791 29056 28790 
59838 29121 29808 29807 
59839 28897 31720 28536 
59840 29246 31697 26981 
59841 29868 31799 29372 
59842 27092 31583 27095 
59843 29570 32213 29569 
59844 27495 31888 27497 
59845 28129 31589 28132 
59846 30963 31971 30964 
59847 28029 31800 28031 
59848 28785 31747 27868 
59849 28566 31578 28569 
59850 28557 31717 28743 
59851 32616 32621 31351 
59852 31794 31795 29081 
59853 27438 31738 26834 
59854 27542 31714 29237 
59855 27568 31609 27570 
59856 29242 31941 31558 
59857 28572 31585 28575 
59858 27597 31753 27879 
59859 26761 31590 26764 
59860 27618 31754 27875 
59861 28182 31599 27905 
59862 28038 31808 28180 
59863 27337 32187 31061 
59864 28239 31740 28902 
59865 28057 31814 29305 
59866 27504 31719 26623 
59867 26755 31595 26758 
59868 28790 29359 28710 
59869 28201 31809 28371 
59870 26767 31594 26770 
59871 29325 29328 29326 
59872 28060 28061 27847 
59873 27106 31596 27109 
59874 28405 31705 29792 
59875 29325 29326 28167 
59876 32007 32008 32006 
59877 29380 32116 32082 
59878 29911 31894 29910 
59879 27907 31599 27910 
59880 28477 31895 28096 
59881 27629 31624 27627 
59882 28582 31593 28585 
59883 27430 31943 31572 
59884 27921 31598 28056 
59885 28579 31706 28994 
59886 28223 31895 28226 
59887 30886 30889 30880 
59888 28166 31897 28143 
59889 29139 32250 31094 
59890 28358 31942 31564 
59891 27100 31604 27103 
59892 27290 31827 29280 
59893 27749 28362 27747 
59894 28881 31743 29454 
59895 29255 31987 29407 
59896 27915 31606 27918 
59897 28444 31597 28447 
59898 28742 31972 31567 
59899 27931 31605 28040 
59900 29536 32214 29535 
59901 27549 31712 27547 
59902 28940 31900 27407 
59903 28410 31602 28441 
59904 26789 31607 27142 
59905 30096 31758 29233 
59906 28696 31780 28694 
59907 28450 31600 28453 
59908 28379 31815 28381 
59909 28209 31900 28553 
59910 26775 31608 26778 
59911 28056 31612 27923 
59912 27925 31612 27928 
59913 28748 31953 31578 
59914 27489 31912 31696 
59915 29025 31822 28426 
59916 27941 31611 28098 
59917 30095 31626 29586 
59918 31471 31728 26813 
59919 31094 32269 28682 
59920 26783 31614 26786 
59921 28171 31877 31875 
59922 27855 32114 28072 
59923 26801 31615 26988 
59924 29250 31741 26609 
59925 31345 32478 32467 
59926 28040 31622 27933 
59927 29333 31978 31735 
59928 31833 31992 28071 
59929 28722 31936 27625 
59930 27433 31945 31577 
59931 27935 31622 27938 
59932 31537 31763 31448 
59933 31448 31763 31447 
59934 28702 31798 28700 
59935 31867 31868 29044 
59936 28981 32204 31305 
59937 28511 31756 28494 
59938 31622 31969 29308 
59939 28815 31759 29029 
59940 31870 31871 29861 
59941 28313 31951 28312 
59942 27960 31708 27967 
59943 31512 31888 27503 
59944 27253 31698 28475 
59945 27454 32228 30815 
59946 28716 31762 28925 
59947 28309 31619 27714 
59948 31860 31861 29845 
59949 27661 31698 27255 
59950 26795 31711 26798 
59951 28472 31710 28469 
59952 28724 31939 27545 
59953 30025 30026 29056 
59954 28068 31947 31575 
59955 28432 31768 27555 
59956 27711 31707 27666 
59957 28471 31710 28515 
59958 27653 31714 27543 
59959 28752 32512 32185 
59960 29025 31926 31822 
59961 28416 31616 28322 
59962 28526 31709 28898 
59963 26833 31749 29320 
59964 29260 31990 29765 
59965 26565 27164 26563 
59966 29451 30025 29056 
59967 27954 31725 27957 
59968 31935 32322 31318 
59969 27357 31767 27359 
59970 26807 31724 26810 
59971 27503 31888 27495 
59972 27957 31725 29312 
59973 29777 32065 29352 
59974 26815 31728 26966 
59975 29893 31834 29317 
59976 28034 31725 27952 
59977 27543 31714 27542 
59978 28538 31720 28766 
59979 27709 32611 27710 
59980 27475 31952 31583 
59981 26836 31738 26987 
59982 31857 31858 29037 
59983 27794 31739 31467 
59984 31395 31846 28375 
59985 28854 31814 28319 
59986 28520 31722 28523 
59987 27720 31735 27723 
59988 28375 31846 28377 
59989 28124 31955 28125 
59990 28997 29768 29767 
59991 28855 31756 29532 
59992 27492 31761 27494 
59993 27928 31612 29300 
59994 27938 31622 29308 
59995 26585 27187 26587 
59996 31612 31975 29300 
59997 29012 31764 29500 
59998 29317 31834 29315 
59999 27791 31735 27722 
60000 29526 31743 28881 
60001 28205 31988 31584 
60002 28863 31784 29439 
60003 28284 31739 27796 
60004 28118 31564 29265 
60005 29919 31759 29041 
60006 27434 31960 31590 
60007 28694 31780 28824 
60008 28763 31740 28241 
60009 28387 31779 28860 
60010 26810 31724 28737 
60011 30727 31892 29166 
60012 27902 31961 27903 
60013 28903 31751 28238 
60014 27918 31606 28730 
60015 28112 31558 28397 
60016 28718 31935 31317 
60017 28106 31549 29261 
60018 26830 31749 26833 
60019 28494 31756 28855 
60020 27896 31575 29271 
60021 28532 31746 28535 
60022 29322 31842 29321 
60023 26911 31848 26913 
60024 28143 31897 28145 
60025 27910 31599 29292 
60026 27645 31749 26828 
60027 27890 31584 29291 
60028 28132 31589 31535 
60029 27280 31932 28295 
60030 27882 31557 31444 
60031 29324 31842 30594 
60032 26798 31711 28736 
60033 27162 32070 31985 
60034 30724 32099 29218 
60035 27643 31767 27361 
60036 29041 31759 28815 
60037 26744 31559 29719 
60038 29616 31901 31812 
60039 26770 31594 29281 
60040 32106 32167 28512 
60041 27083 31572 29269 
60042 26786 31614 28732 
60043 26764 31590 29279 
60044 27089 31577 29277 
60045 31447 31763 31450 
60046 27071 31553 29718 
60047 27095 31583 29278 
60048 27361 31767 27357 
60049 27077 31561 29268 
60050 27484 31828 27880 
60051 29085 31784 28863 
60052 29108 31817 29946 
60053 27589 31786 27593 
60054 27528 31899 27534 
60055 28535 31746 29826 
60056 28036 31770 28782 
60057 29083 31859 31857 
60058 29222 31791 28927 
60059 26750 31570 29270 
60060 29415 29815 28738 
60061 27642 31792 27611 
60062 29720 31794 29072 
60063 27478 31781 27480 
60064 28238 31751 28194 
60065 29959 31782 29057 
60066 29072 31794 29081 
60067 27644 31786 27590 
60068 27529 31805 27860 
60069 26778 31608 28731 
60070 27610 31792 27614 
60071 27499 31836 27501 
60072 29273 31818 29272 
60073 26904 31783 27203 
60074 29665 31762 28959 
60075 30121 32309 30124 
60076 27103 31604 28729 
60077 27590 31786 27589 
60078 29333 31735 27791 
60079 27861 31811 27862 
60080 31450 31763 31458 
60081 27611 31792 27610 
60082 31773 31808 28782 
60083 29367 31914 31184 
60084 29495 31824 29530 
60085 29358 31820 29266 
60086 31719 31925 29253 
60087 26920 31865 26922 
60088 27476 31963 31594 
60089 27482 31828 27484 
60090 30707 32718 30709 
60091 26758 31595 28728 
60092 29107 31817 29108 
60093 29087 31997 28609 
60094 28959 31762 28716 
60095 29468 31789 29301 
60096 28523 31722 29823 
60097 27527 31805 27529 
60098 27553 31810 27551 
60099 28148 29325 28167 
60100 28734 31707 27711 
60101 28631 28632 28630 
60102 32200 32266 29759 
60103 28735 31823 26595 
60104 28515 31710 29331 
60105 28419 31745 28500 
60106 31877 32011 32010 
60107 29686 31910 29685 
60108 28061 31902 28363 
60109 29334 31843 29336 
60110 29332 31698 27661 
60111 31743 31744 30273 
60112 28453 31600 29286 
60113 28585 31593 29284 
60114 26928 31873 26930 
60115 28599 31835 29244 
60116 31370 31906 29375 
60117 29128 31791 30786 
60118 28432 31769 31768 
60119 28382 31907 28385 
60120 28447 31597 29285 
60121 29915 32310 29913 
60122 27533 31805 27527 
60123 31333 31790 31039 
60124 31764 31766 29500 
60125 27574 31898 27785 
60126 27497 31888 28197 
60127 29389 31813 28741 
60128 28441 31602 28985 
60129 30649 31843 29337 
60130 29275 31818 29980 
60131 28693 31745 28421 
60132 29724 31828 27485 
60133 29458 31820 30101 
60134 28563 31567 29282 
60135 27846 27847 27769 
60136 27894 32153 27892 
60137 28490 31811 27861 
60138 28569 31578 29283 
60139 27551 31810 27557 
60140 31899 32133 28718 
60141 28510 31796 28025 
60142 27187 29415 28738 
60143 28027 31796 28777 
60144 29475 31803 29309 
60145 29454 31743 30273 
60146 27803 31844 27559 
60147 28927 31791 29128 
60148 29296 31547 28303 
60149 29042 31811 28490 
60150 28741 31813 29385 
60151 29372 31799 30029 
60152 26969 31829 27539 
60153 29262 31832 26603 
60154 29099 31793 30064 
60155 29439 31784 30145 
60156 31770 31771 28782 
60157 28689 32164 31275 
60158 31966 32002 31231 
60159 28777 31800 28029 
60160 31796 31797 28777 
60161 28816 31816 31815 
60162 28505 28507 28506 
60163 30944 31807 31338 
60164 29304 31992 31833 
60165 27557 31810 28171 
60166 27511 31833 28071 
60167 27576 31898 27572 
60168 27531 31845 27535 
60169 28782 31808 28038 
60170 28180 31808 29031 
60171 29266 31820 29458 
60172 28392 31851 29007 
60173 29906 32311 29904 
60174 28371 31809 31396 
60175 28700 31798 29009 
60176 29031 31809 28201 
60177 27519 31855 27835 
60178 30010 31817 29107 
60179 29272 31818 29275 
60180 31454 31996 31881 
60181 28879 31852 31851 
60182 31758 31784 29085 
60183 26748 32160 28680 
60184 27509 31833 27511 
60185 27620 31847 27616 
60186 27578 31849 27580 
60187 28816 31815 28379 
60188 31875 31876 28487 
60189 30019 31824 29495 
60190 29715 31839 28473 
60191 27572 31898 27574 
60192 27599 31850 27595 
60193 29475 31804 31803 
60194 28925 31762 30673 
60195 27161 32075 31979 
60196 27485 31828 27482 
60197 28593 31840 29003 
60198 28706 31841 28704 
60199 31019 31904 28079 
60200 29785 32142 29585 
60201 31620 31955 28124 
60202 29622 31915 28715 
60203 27504 31925 31719 
60204 28140 31996 28141 
60205 31733 31932 27282 
60206 28368 30831 30829 
60207 29083 31857 28869 
60208 27359 31862 27363 
60209 27187 28738 26587 
60210 31768 31810 27553 
60211 29026 31860 29845 
60212 28762 31856 28217 
60213 31588 31898 27576 
60214 28841 31860 28618 
60215 29043 31867 29044 
60216 27367 31864 28069 
60217 30794 31791 29222 
60218 28377 31846 28816 
60219 27369 31863 27365 
60220 28217 31856 28619 
60221 29532 31854 29258 
60222 28842 31870 28622 
60223 29258 31854 29533 
60224 29033 31870 29861 
60225 29044 31872 28750 
60226 28171 31875 27561 
60227 28177 31874 28842 
60228 27845 31872 28218 
60229 29315 31834 29577 
60230 28393 31866 27787 
60231 29822 31856 28762 
60232 28172 31869 28841 
60233 28475 31908 31543 
60234 28197 31836 27499 
60235 28869 31857 29037 
60236 26588 31903 26591 
60237 31748 31961 27902 
60238 27879 31869 27603 
60239 28618 31860 29026 
60240 27501 31836 28820 
60241 29941 32218 29942 
60242 31316 32071 29927 
60243 28699 31780 28696 
60244 29037 31866 28393 
60245 27875 31874 27621 
60246 29304 31833 27515 
60247 28888 31844 27803 
60248 28069 31864 29002 
60249 27535 31845 28614 
60250 27759 30854 28368 
60251 28206 31847 27620 
60252 28097 31864 27367 
60253 26913 31848 27193 
60254 27515 31833 27509 
60255 28302 32348 30749 
60256 27363 31862 28097 
60257 27860 31845 27531 
60258 27603 31869 28172 
60259 28216 31850 27599 
60260 29731 31848 31460 
60261 31752 31805 27533 
60262 27616 31847 27642 
60263 27559 31844 28432 
60264 28361 31863 27369 
60265 27614 31792 31754 
60266 27621 31874 28177 
60267 27787 31866 28361 
60268 27365 31863 27643 
60269 27595 31850 27644 
60270 28312 31951 31787 
60271 28622 31870 29033 
60272 29485 31867 29043 
60273 27580 31849 28488 
60274 27593 31786 31753 
60275 28228 28505 28229 
60276 27785 31849 27578 
60277 29161 32510 32175 
60278 28750 31872 27845 
60279 26922 31865 27186 
60280 28310 32297 28311 
60281 29013 32095 31765 
60282 31993 31995 31994 
60283 30120 32263 30121 
60284 29746 31948 31751 
60285 29321 31842 29324 
60286 26930 31873 27181 
60287 29337 31843 29334 
60288 31570 31954 29270 
60289 31460 31848 26911 
60290 29251 31999 30697 
60291 32316 32332 28987 
60292 28151 31520 28153 
60293 29007 31851 29479 
60294 27561 31875 28487 
60295 28879 31851 28392 
60296 28184 31965 27911 
60297 27207 32084 31976 
60298 31780 32004 28824 
60299 28184 32079 31965 
60300 31549 31944 29261 
60301 27835 31855 28879 
60302 29913 32256 29570 
60303 31553 31936 29718 
60304 27768 27769 27767 
60305 28912 31909 31497 
60306 26576 26579 26577 
60307 31472 31865 26920 
60308 31555 31913 26993 
60309 28512 31855 27519 
60310 31584 31988 29291 
60311 28145 31897 28148 
60312 31479 31873 26928 
60313 31561 31956 29268 
60314 27017 31883 27019 
60315 27162 31985 26751 
60316 31559 31939 29719 
60317 27161 31979 27096 
60318 31557 31937 31444 
60319 27019 31883 27352 
60320 27041 31928 31703 
60321 28616 32000 29013 
60322 29746 32063 31948 
60323 27207 31976 26771 
60324 26591 31903 31838 
60325 31558 31941 28397 
60326 28031 31800 31770 
60327 26574 26575 26573 
60328 30009 30076 29483 
60329 29404 32342 30719 
60330 29342 31745 28693 
60331 26576 27650 26579 
60332 31724 31959 29743 
60333 29904 32258 29536 
60334 27662 31974 28294 
60335 32073 32134 30071 
60336 31235 32433 32416 
60337 31305 32267 28310 
60338 29392 32108 31601 
60339 31572 31943 29269 
60340 29783 32308 31914 
60341 30711 30712 30708 
60342 29219 31909 30803 
60343 31400 32012 31397 
60344 31564 31942 29265 
60345 31377 32037 29384 
60346 28707 31798 28702 
60347 26587 31903 26588 
60348 28062 28228 28063 
60349 28327 32137 28418 
60350 28715 31915 29297 
60351 31576 31924 31069 
60352 31455 31923 31454 
60353 29016 32644 32633 
60354 31571 31919 26664 
60355 28978 32109 31603 
60356 31916 32036 29223 
60357 31567 31972 29282 
60358 31711 31967 29742 
60359 29330 31434 29878 
60360 31577 31945 29277 
60361 31519 31916 29221 
60362 31770 31800 31772 
60363 27282 31932 27280 
60364 29726 31932 31733 
60365 31606 31965 29735 
60366 31578 31953 29283 
60367 29482 29483 28811 
60368 26945 32144 26943 
60369 31575 31947 29271 
60370 32193 32226 29762 
60371 30985 32459 26700 
60372 30831 30833 30832 
60373 28507 29482 28811 
60374 31397 32012 31846 
60375 29384 32147 29397 
60376 27333 32222 31021 
60377 29739 31974 31707 
60378 26754 32151 26752 
60379 31583 31952 29278 
60380 26579 31931 26580 
60381 31828 32000 27880 
60382 31937 31938 31444 
60383 29339 31780 28699 
60384 27479 31966 27477 
60385 31590 31960 29279 
60386 26993 31913 31830 
60387 26572 26573 26571 
60388 26988 31959 26803 
60389 28385 31907 31779 
60390 31608 31976 29738 
60391 27142 31967 26791 
60392 30871 30875 30874 
60393 29704 31918 30022 
60394 29482 32017 30126 
60395 29329 31434 29330 
60396 31594 31963 29281 
60397 27864 31948 28282 
60398 29728 31922 29729 
60399 31509 31883 27017 
60400 29329 31435 31434 
60401 27659 31930 31581 
60402 29434 32151 27182 
60403 31604 31979 29737 
60404 29621 31916 28909 
60405 31543 31908 29217 
60406 26621 31929 27177 
60407 31497 31909 29219 
60408 31881 31996 28140 
60409 28381 32094 31907 
60410 27491 31912 27489 
60411 28704 31841 28707 
60412 31463 31981 31461 
60413 27773 32662 30700 
60414 31767 31862 27359 
60415 31747 31946 29248 
60416 31542 31929 26619 
60417 31595 31985 29733 
60418 30967 32087 30968 
60419 26664 31919 31806 
60420 28710 31841 28706 
60421 28786 28997 28740 
60422 31574 31933 27815 
60423 28786 29032 28997 
60424 32049 32051 32050 
60425 31609 32120 28981 
60426 26619 31929 26621 
60427 32354 32400 29701 
60428 29927 32071 29928 
60429 29894 31927 31926 
60430 28369 32096 30854 
60431 31276 32217 27043 
60432 30875 30888 30876 
60433 29369 32154 29371 
60434 31463 32080 31981 
60435 28192 31948 27864 
60436 29230 31913 31555 
60437 26572 27176 26574 
60438 29218 32099 31917 
60439 31888 32029 28197 
60440 29724 32000 31828 
60441 28176 30743 28159 
60442 28657 31986 30628 
60443 31703 31928 29238 
60444 31886 31991 29153 
60445 27650 28786 28740 
60446 28128 32219 28126 
60447 27510 31934 27516 
60448 27525 32069 27528 
60449 31613 31917 29215 
60450 31967 32072 29742 
60451 28785 31946 31747 
60452 27913 31965 31606 
60453 31896 31928 27041 
60454 26803 31959 26805 
60455 27656 32467 32460 
60456 28909 31916 31519 
60457 30124 32337 30157 
60458 26574 26576 26575 
60459 31424 31930 27659 
60460 30264 30265 30262 
60461 31697 31964 27521 
60462 27911 31965 27913 
60463 27650 28740 26579 
60464 29103 29125 28352 
60465 31028 32346 29169 
60466 26964 32037 31829 
60467 26791 31967 26793 
60468 26753 31985 31595 
60469 27098 31979 31604 
60470 29730 32197 32085 
60471 31290 32209 31292 
60472 26714 31957 31704 
60473 26773 31976 31608 
60474 29380 32040 28733 
60475 27815 31933 31421 
60476 26805 31959 31724 
60477 32257 32298 29254 
60478 27051 31949 31701 
60479 28060 28062 28061 
60480 29482 30009 29483 
60481 29942 32261 30067 
60482 26793 31967 31711 
60483 30964 31971 30967 
60484 29894 31926 29025 
60485 31751 31948 28192 
60486 28148 31897 29325 
60487 30627 32044 29477 
60488 26653 31973 31713 
60489 31707 31974 27664 
60490 30014 32044 30017 
60491 27664 31974 27662 
60492 28425 32291 28865 
60493 26771 31976 26773 
60494 26975 31977 31715 
60495 29727 31964 29246 
60496 29231 31919 31571 
60497 26643 31980 31716 
60498 27506 31925 27504 
60499 27096 31979 27098 
60500 26570 26571 26569 
60501 26724 31968 31699 
60502 26752 32160 26749 
60503 27061 31970 31700 
60504 29081 31946 28785 
60505 27319 31990 31727 
60506 26751 31985 26753 
60507 27344 31987 31732 
60508 27827 31984 31734 
60509 29246 31964 31697 
60510 26734 31982 31617 
60511 31621 31966 29241 
60512 31737 31983 28046 
60513 29405 32374 29404 
60514 31617 31982 31419 
60515 31741 31989 27637 
60516 29767 31931 28740 
60517 31902 32101 30875 
60518 31616 31981 29235 
60519 29579 31940 31411 
60520 29339 32004 31780 
60521 28034 32100 31332 
60522 31832 31999 27639 
60523 31235 32416 29406 
60524 26580 31931 26583 
60525 28395 31951 28313 
60526 29529 32079 29293 
60527 31581 31930 29232 
60528 30753 32201 32144 
60529 29224 31957 31529 
60530 29736 31929 31542 
60531 31745 32023 28500 
60532 31814 31998 29305 
60533 32047 32049 32048 
60534 27338 32247 31073 
60535 31846 32012 28816 
60536 27625 31936 27427 
60537 31920 31921 29359 
60538 26938 32123 26939 
60539 31700 31970 29755 
60540 29225 31949 31533 
60541 27545 31939 27428 
60542 28125 31955 28207 
60543 29448 30137 29576 
60544 32456 32469 27633 
60545 29320 31950 29322 
60546 31699 31968 29754 
60547 29360 31989 29250 
60548 29356 31941 29242 
60549 29271 31947 29273 
60550 29849 31998 28854 
60551 29021 31942 28358 
60552 29281 31963 29811 
60553 32100 32154 31332 
60554 27903 31961 28182 
60555 31934 32190 28317 
60556 29758 31933 31574 
60557 30154 32094 30155 
60558 29265 31942 29358 
60559 29250 31989 31741 
60560 29261 31944 29357 
60561 27477 31966 31621 
60562 31512 32029 31888 
60563 29677 31943 27430 
60564 29312 31958 29314 
60565 29279 31960 29659 
60566 29557 32014 31844 
60567 28746 32097 32064 
60568 29278 31952 29806 
60569 28397 31941 29038 
60570 29878 30053 29879 
60571 29277 31945 29802 
60572 28755 32207 31122 
60573 29248 31946 29474 
60574 28943 31917 31613 
60575 29670 31945 27433 
60576 29202 31924 31576 
60577 29361 31947 28068 
60578 31701 31949 29753 
60579 29269 31943 29799 
60580 29270 31954 29782 
60581 29359 31841 28710 
60582 31400 32170 32012 
60583 29669 31972 28742 
60584 31898 32065 27785 
60585 26572 26574 26573 
60586 29268 31956 29781 
60587 31544 31973 26653 
60588 30773 32361 29783 
60589 29169 32323 29377 
60590 31876 31937 28487 
60591 31704 31957 29752 
60592 28854 31998 31814 
60593 29663 31952 27475 
60594 29262 31999 31832 
60595 29226 31968 31546 
60596 28738 31903 26587 
60597 26601 32005 27208 
60598 29218 31917 28943 
60599 29308 31969 29310 
60600 29664 31953 28748 
60601 31099 32042 30724 
60602 28947 31960 27434 
60603 28416 31981 31616 
60604 27454 32285 32265 
60605 31525 31977 26975 
60606 31808 32105 29031 
60607 27490 32103 28483 
60608 29027 32566 28757 
60609 30169 32167 29840 
60610 29667 32158 29666 
60611 29227 31970 31545 
60612 30981 32446 26696 
60613 31541 31980 26643 
60614 31056 32064 29173 
60615 27521 31964 27523 
60616 29658 31963 27476 
60617 29300 31975 29302 
60618 30740 31924 29202 
60619 32014 32015 31769 
60620 29224 32108 31957 
60621 31876 32010 32007 
60622 31529 31957 26714 
60623 29241 31966 31231 
60624 27967 32068 27962 
60625 29336 31978 29333 
60626 28079 31904 28081 
60627 29328 31962 29326 
60628 29283 31953 29805 
60629 32530 32546 29954 
60630 29282 31972 29801 
60631 28171 32024 31877 
60632 29718 32003 27429 
60633 31461 31981 28416 
60634 31876 32007 32006 
60635 31968 32113 29754 
60636 31533 31949 27051 
60637 31929 32098 27177 
60638 29225 32109 31949 
60639 31773 32105 31808 
60640 31507 31987 27344 
60641 29363 31982 31550 
60642 30875 32101 30888 
60643 29448 29576 29087 
60644 28081 31904 28413 
60645 28228 28847 28505 
60646 28740 31931 26579 
60647 29486 32457 29488 
60648 29226 32113 31968 
60649 29291 31988 29362 
60650 31957 32108 29752 
60651 26570 26572 26571 
60652 30800 32318 29732 
60653 28609 31997 28607 
60654 31949 32109 29753 
60655 31713 31973 29247 
60656 31477 31990 27319 
60657 31823 32005 26599 
60658 29326 31962 29329 
60659 28141 31996 28166 
60660 32143 32186 29948 
60661 28968 32230 31117 
60662 31504 31984 27827 
60663 28087 28814 28089 
60664 29342 32023 31745 
60665 30742 32455 27465 
60666 29245 31983 31737 
60667 29380 32130 32040 
60668 28046 31983 31518 
60669 31781 32130 31342 
60670 31715 31977 29749 
60671 31716 31980 31468 
60672 32177 32493 28682 
60673 28732 32043 29423 
60674 29228 31977 31525 
60675 31844 32014 28432 
60676 30589 30643 30587 
60677 29306 31992 29304 
60678 31985 32070 29733 
60679 31734 31984 29252 
60680 31546 31968 26724 
60681 31768 32024 31810 
60682 31628 32173 29786 
60683 30570 32091 29731 
60684 31545 31970 27061 
60685 27637 31989 28955 
60686 32176 32242 29294 
60687 27766 27767 27765 
60688 29655 32102 28922 
60689 30907 32548 30650 
60690 29173 32325 29378 
60691 27846 28060 27847 
60692 30775 32180 32115 
60693 31981 32080 29235 
60694 27472 32319 32295 
60695 29915 32338 32310 
60696 30971 32149 30972 
60697 31414 32145 27819 
60698 29719 32013 27474 
60699 31732 31987 29255 
60700 30768 32177 27152 
60701 29229 31980 31541 
60702 31416 32106 28071 
60703 31727 31990 29260 
60704 29751 31973 31544 
60705 29906 32340 32311 
60706 31550 31982 26734 
60707 32018 32020 31858 
60708 27950 32100 27947 
60709 26599 32005 26601 
60710 29305 31998 29307 
60711 27819 32145 27820 
60712 28317 32016 28318 
60713 29682 32030 28923 
60714 27949 32100 28034 
60715 31757 32022 32021 
60716 32309 32337 30124 
60717 30244 30246 30245 
60718 29576 30030 29087 
60719 31979 32075 29737 
60720 28795 32445 28796 
60721 31476 32196 28481 
60722 32575 32582 29817 
60723 27481 32002 27479 
60724 27880 32000 28616 
60725 28790 31920 29359 
60726 31810 32024 28171 
60727 31841 32088 28707 
60728 28777 32045 31800 
60729 32215 32263 30120 
60730 28756 32539 32224 
60731 27639 31999 29251 
60732 32212 32248 30894 
60733 29631 32038 30685 
60734 29570 32256 32213 
60735 29329 31962 31435 
60736 27704 32607 27705 
60737 31284 32255 32195 
60738 27906 32264 27904 
60739 31848 32091 27193 
60740 29730 32085 29296 
60741 31698 32039 28475 
60742 31440 32043 31614 
60743 31965 32079 29735 
60744 29081 32059 31946 
60745 27112 32388 27114 
60746 29477 32044 30014 
60747 31976 32084 29738 
60748 31588 32065 31898 
60749 31283 32117 28934 
60750 31883 32035 29353 
60751 27768 27846 27769 
60752 29288 32470 32427 
60753 29536 32258 32214 
60754 27966 32112 27970 
60755 30026 31920 29056 
60756 31772 32045 31776 
60757 31873 32040 29354 
60758 28997 31911 29768 
60759 28670 32331 31120 
60760 26568 26569 26567 
60761 29727 32069 31964 
60762 28824 32004 29493 
60763 29167 32275 32249 
60764 28617 32028 31736 
60765 31970 32125 29755 
60766 29943 32004 29339 
60767 27517 32106 28512 
60768 28071 32106 27513 
60769 31829 32037 31377 
60770 28484 32033 28497 
60771 29227 32125 31970 
60772 27679 32111 31424 
60773 30113 30114 30112 
60774 29999 30000 29998 
60775 29056 31920 28790 
60776 31982 32129 31419 
60777 32411 32448 27724 
60778 32174 32245 31536 
60779 27950 32212 30894 
60780 27507 32152 27510 
60781 31946 32059 29474 
60782 29809 32005 31823 
60783 28156 31890 28157 
60784 28680 32466 28954 
60785 31918 32027 30022 
60786 32024 32118 31877 
60787 29494 32023 29342 
60788 30022 32027 30813 
60789 29040 32143 29948 
60790 28062 31993 28228 
60791 28432 32014 31769 
60792 29332 32039 31698 
60793 31255 32460 32449 
60794 29356 32061 31941 
60795 31614 32043 28732 
60796 29781 32034 29677 
60797 29621 32036 31916 
60798 26559 27170 26557 
60799 31632 32232 31630 
60800 29032 31911 28997 
60801 29021 32062 31942 
60802 28816 32012 31816 
60803 31120 32329 29340 
60804 31479 32040 31873 
60805 32025 32026 31797 
60806 30977 32429 26692 
60807 32030 32090 29213 
60808 29363 32129 31982 
60809 29736 32098 31929 
60810 26568 26570 26569 
60811 30266 30270 30264 
60812 31416 32167 32106 
60813 28801 32367 28798 
60814 31523 32124 31289 
60815 32218 32261 29942 
60816 29290 32133 29727 
60817 29361 32067 31947 
60818 31964 32069 27523 
60819 29220 32423 32363 
60820 27429 32003 31956 
60821 31987 32102 29407 
60822 31941 32061 29038 
60823 31942 32062 29358 
60824 26566 27168 26568 
60825 28916 32159 28406 
60826 28936 32085 31326 
60827 31499 32180 29204 
60828 31947 32067 29273 
60829 28971 32035 31509 
60830 29359 32088 31841 
60831 26566 26567 26565 
60832 30665 32036 29621 
60833 29849 32092 31998 
60834 31973 32120 29247 
60835 27764 27765 27763 
60836 30590 30614 30613 
60837 31907 32094 30154 
60838 27962 32068 27964 
60839 30263 30266 30264 
60840 32171 32244 29328 
60841 27474 32013 31954 
60842 32103 32191 31246 
60843 31511 32037 26964 
60844 32050 32052 32048 
60845 28500 32023 31462 
60846 31265 32200 31498 
60847 28682 32269 26918 
60848 29159 32138 32119 
60849 29731 32091 31848 
60850 30774 32302 27039 
60851 27331 32081 31085 
60852 27745 28359 27743 
60853 30614 32704 32505 
60854 31769 32024 31768 
60855 31342 32082 28323 
60856 31509 32035 31883 
60857 31795 32059 29081 
60858 29751 32120 31973 
60859 27150 32250 29139 
60860 31172 32110 30665 
60861 32082 32116 28726 
60862 29273 32067 31819 
60863 29038 32061 29944 
60864 31977 32121 29749 
60865 27683 32189 31418 
60866 29358 32062 31821 
60867 31055 32119 28745 
60868 27852 32124 31523 
60869 29292 32176 29294 
60870 31800 32045 31772 
60871 29748 32098 29736 
60872 30975 32194 30976 
60873 27684 32189 27683 
60874 31852 32078 32077 
60875 32267 32297 28310 
60876 31937 32006 31938 
60877 32012 32170 31816 
60878 31310 32369 31311 
60879 29228 32121 31977 
60880 32031 32032 29519 
60881 31424 32111 29864 
60882 29741 32115 31983 
60883 31857 32018 31858 
60884 30775 32217 32180 
60885 31757 32021 31756 
60886 27114 32252 27116 
60887 29747 32063 29746 
60888 28724 32058 31939 
60889 31859 32018 31857 
60890 28722 32057 31936 
60891 28733 32040 31479 
60892 31268 32201 28689 
60893 27766 27768 27767 
60894 31998 32092 29307 
60895 29243 32066 29376 
60896 32092 32093 29789 
60897 31496 32041 31598 
60898 32049 32050 32048 
60899 29738 32084 29814 
60900 29727 32133 31899 
60901 30968 32087 30971 
60902 31798 32031 29519 
60903 29531 32029 31512 
60904 31283 32228 32117 
60905 31265 32266 32200 
60906 32000 32095 29013 
60907 29390 32248 29869 
60908 29303 32046 31605 
60909 29737 32075 29813 
60910 31381 32208 27823 
60911 31736 32028 29551 
60912 29474 32059 30278 
60913 31984 32117 29395 
60914 29743 32162 29744 
60915 28153 31520 28156 
60916 27762 27763 27761 
60917 30261 30263 30262 
60918 27846 28629 28060 
60919 29928 32071 29931 
60920 28408 32159 31602 
60921 29952 32061 29356 
60922 31797 32045 28777 
60923 27728 32719 27730 
60924 29900 32062 29021 
60925 29733 32070 29734 
60926 29636 32155 30784 
60927 31969 32046 29769 
60928 28698 32262 28701 
60929 29742 32072 29819 
60930 29160 32491 32081 
60931 32204 32267 31305 
60932 31796 32025 31797 
60933 32085 32197 31326 
60934 29521 32067 29361 
60935 29351 32043 31440 
60936 26566 26568 26567 
60937 28931 32266 31078 
60938 29965 32107 32029 
60939 26564 26565 26563 
60940 26576 32001 27650 
60941 32124 32209 31290 
60942 27472 32335 32319 
60943 27523 32069 27525 
60944 26914 32269 26912 
60945 31443 32073 28205 
60946 31247 32332 31253 
60947 28510 32025 31796 
60948 31975 32041 29858 
60949 31756 32021 29532 
60950 31988 32073 29962 
60951 27598 32226 27594 
60952 31769 32118 32024 
60953 29386 32070 27162 
60954 31939 32058 29719 
60955 27823 32208 27824 
60956 31936 32057 29718 
60957 27947 32100 27949 
60958 31321 32230 32181 
60959 30788 32324 27296 
60960 30973 32410 26688 
60961 28707 32031 31798 
60962 30263 30264 30262 
60963 32037 32147 29384 
60964 28475 32039 31908 
60965 31912 32066 29243 
60966 29237 32121 29228 
60967 32324 32395 28962 
60968 26912 32250 26910 
60969 26556 27708 26558 
60970 29777 32122 32065 
60971 31993 32086 31995 
60972 29649 32075 27161 
60973 29253 32089 29383 
60974 29293 32079 28184 
60975 31535 32174 31536 
60976 30242 30279 30241 
60977 29405 32404 32374 
60978 29791 32146 29229 
60979 29668 32182 28947 
60980 29648 32084 27207 
60981 30665 32110 32036 
60982 31272 32066 31912 
60983 32040 32130 29354 
60984 29569 32213 32076 
60985 29982 29984 29983 
60986 28134 32268 28131 
60987 29214 32190 29748 
60988 26585 32127 27187 
60989 31267 32570 29429 
60990 31507 32102 31987 
60991 29535 32214 32074 
60992 31903 32126 31838 
60993 31598 32041 28056 
60994 28738 32126 31903 
60995 29352 32065 31588 
60996 26564 26566 26565 
60997 29303 32192 32046 
60998 29654 32202 28937 
60999 31321 32181 29376 
61000 27176 32001 26574 
61001 27964 32112 27966 
61002 31938 32134 31444 
61003 31925 32089 29253 
61004 31605 32046 28040 
61005 31537 32060 31763 
61006 31018 32148 29160 
61007 28976 32193 29762 
61008 29325 32171 29328 
61009 27193 32091 30567 
61010 29235 32080 31793 
61011 29725 32095 29724 
61012 32045 32140 31776 
61013 29724 32095 32000 
61014 28955 32166 29702 
61015 26574 32001 26576 
61016 31876 32006 31937 
61017 27513 32106 27517 
61018 31636 32288 31634 
61019 28316 32550 31267 
61020 29307 32092 29789 
61021 28505 32017 28507 
61022 27854 32114 27855 
61023 32083 32218 29941 
61024 29494 32131 32023 
61025 31081 32184 28301 
61026 26944 32191 27180 
61027 31299 32089 31925 
61028 32117 32228 29395 
61029 28479 32181 29732 
61030 29169 32346 32323 
61031 32490 32507 28495 
61032 29791 32178 32146 
61033 31980 32146 31468 
61034 27177 32098 27505 
61035 28507 32017 29482 
61036 30979 32241 30980 
61037 32068 32112 27964 
61038 31831 32076 27644 
61039 31837 32074 27642 
61040 28063 32101 31902 
61041 28205 32073 31988 
61042 31830 32188 26997 
61043 32131 32132 31464 
61044 32023 32131 31462 
61045 27465 32455 30864 
61046 27700 32602 27701 
61047 27862 32450 32435 
61048 27888 32128 31075 
61049 29229 32146 31980 
61050 32322 32381 31318 
61051 27860 32083 31878 
61052 30708 32157 30706 
61053 31425 32111 27679 
61054 32140 32141 31776 
61055 27180 32103 27490 
61056 27970 32231 27971 
61057 27761 30854 27759 
61058 27768 32047 27846 
61059 31763 32060 31458 
61060 31921 32088 29359 
61061 29718 32057 32003 
61062 31815 32094 28381 
61063 28228 31993 28847 
61064 31394 32468 32128 
61065 31852 32077 31851 
61066 29429 32578 29816 
61067 29748 32152 32098 
61068 27332 32175 32148 
61069 27148 32254 26554 
61070 28098 32212 27943 
61071 28190 32211 27973 
61072 31797 32140 32045 
61073 30257 30258 30255 
61074 27702 32259 31402 
61075 31457 32244 31455 
61076 27945 32212 27950 
61077 31601 32108 29224 
61078 26939 32123 26942 
61079 27975 32211 28074 
61080 26529 26531 26530 
61081 29755 32125 31506 
61082 32046 32192 29769 
61083 28056 32041 31975 
61084 32095 32179 31765 
61085 27335 32339 31054 
61086 31603 32109 29225 
61087 29754 32113 30950 
61088 26988 32162 31959 
61089 30261 30262 30260 
61090 28922 32102 31507 
61091 29719 32058 32013 
61092 29385 32125 29227 
61093 31547 32085 28936 
61094 28040 32046 31969 
61095 31931 32127 26583 
61096 30590 30613 30589 
61097 27642 32074 31792 
61098 31262 32545 28316 
61099 30731 32396 28326 
61100 31877 32118 32011 
61101 27644 32076 31786 
61102 29027 32575 32566 
61103 31340 32274 27839 
61104 31927 32179 31926 
61105 30969 32387 26684 
61106 31849 32122 29263 
61107 29790 32333 32305 
61108 31245 32305 31246 
61109 31805 32083 27860 
61110 31993 31994 28847 
61111 29745 32129 29363 
61112 31169 32298 31168 
61113 27703 32259 27702 
61114 29404 32374 32342 
61115 31504 32117 31984 
61116 31836 32107 29287 
61117 26560 27166 26562 
61118 27739 27806 27805 
61119 31498 32200 27470 
61120 31792 32074 31754 
61121 31983 32115 31518 
61122 28934 32117 31504 
61123 31518 32115 28677 
61124 31786 32076 31753 
61125 31851 32077 29479 
61126 29585 32142 29716 
61127 28650 32673 28648 
61128 31443 32134 32073 
61129 27764 27766 27765 
61130 30259 30261 30260 
61131 29529 32143 32079 
61132 29748 32190 31934 
61133 31752 32083 31805 
61134 28164 28212 28165 
61135 31816 32170 32169 
61136 29529 32186 32143 
61137 30706 32157 30757 
61138 29749 32121 29750 
61139 31496 32206 32041 
61140 32122 32225 29263 
61141 29247 32120 31609 
61142 28847 32017 28505 
61143 31730 32124 27852 
61144 26986 32285 26984 
61145 29815 32126 28738 
61146 28197 32107 31836 
61147 30588 30590 30589 
61148 31809 32104 31399 
61149 29392 32226 32193 
61150 29296 32085 31547 
61151 32034 32150 29677 
61152 28326 32137 28327 
61153 32047 32156 32049 
61154 29031 32104 31809 
61155 28751 32185 32172 
61156 31419 32129 29209 
61157 31816 32169 32168 
61158 30773 32393 32361 
61159 26562 26564 26563 
61160 27839 32274 27840 
61161 29735 32143 29040 
61162 26562 26563 26561 
61163 32015 32118 31769 
61164 31806 32229 26668 
61165 32127 32210 27187 
61166 32094 32168 30155 
61167 29031 32105 32104 
61168 31063 32172 29174 
61169 31511 32147 32037 
61170 29750 32133 29290 
61171 29717 32236 28972 
61172 26583 32127 26585 
61173 31444 32134 31443 
61174 26943 32144 31268 
61175 30003 30004 30002 
61176 26768 32331 28670 
61177 27912 32307 27909 
61178 32098 32152 27505 
61179 27182 32151 26754 
61180 29403 32373 29800 
61181 29376 32181 31625 
61182 30972 32149 30975 
61183 31462 32131 31464 
61184 29767 32127 31931 
61185 29777 32225 32122 
61186 31374 32298 32257 
61187 27785 32122 31849 
61188 27762 27764 27763 
61189 29354 32130 31781 
61190 29783 32361 32308 
61191 27820 32145 27823 
61192 32164 32201 29765 
61193 29647 32270 28938 
61194 32263 32309 30121 
61195 31640 32328 31638 
61196 27892 32153 31394 
61197 29698 32497 30768 
61198 30164 32158 29667 
61199 32041 32206 29858 
61200 27916 32334 27914 
61201 29913 32310 32256 
61202 28301 32184 31827 
61203 29433 32547 30686 
61204 29785 32231 32142 
61205 28406 32159 28408 
61206 31374 32257 31530 
61207 32029 32107 28197 
61208 31225 32188 31830 
61209 29340 32329 27188 
61210 27037 32239 31896 
61211 26774 32329 26772 
61212 32570 32578 29429 
61213 30669 32243 29649 
61214 29904 32311 32258 
61215 32065 32122 27785 
61216 30965 32366 26680 
61217 31332 32154 29369 
61218 31530 32257 26633 
61219 32021 32205 29532 
61220 29127 32369 32303 
61221 28707 32088 32031 
61222 30256 30259 30257 
61223 29965 32235 32107 
61224 32457 32477 29488 
61225 32137 32163 28418 
61226 31884 32174 28207 
61227 27706 32304 31382 
61228 28074 32273 27977 
61229 32107 32235 29287 
61230 32578 32581 29816 
61231 27979 32273 28043 
61232 31278 32314 27843 
61233 31884 32245 32174 
61234 28207 32174 31589 
61235 27760 27761 27759 
61236 31468 32146 29686 
61237 28178 28862 28348 
61238 31061 32187 29207 
61239 29769 32192 29770 
61240 31959 32162 29743 
61241 26749 32160 26748 
61242 27764 28394 27766 
61243 28060 32086 28062 
61244 31838 32126 29365 
61245 28166 32171 31897 
61246 32146 32178 29686 
61247 28182 32176 31599 
61248 28215 28789 28345 
61249 31894 32242 32176 
61250 28230 30702 28158 
61251 31894 32176 28182 
61252 32026 32140 31797 
61253 29207 32553 29433 
61254 28975 32147 31511 
61255 26662 32364 30783 
61256 32337 32371 30157 
61257 31990 32164 29765 
61258 26772 32331 26769 
61259 26560 26561 26559 
61260 29790 32305 31245 
61261 27505 32152 27507 
61262 27707 32304 27706 
61263 29858 32206 29859 
61264 32261 32315 30067 
61265 31923 32244 32171 
61266 30654 32289 29010 
61267 29456 29457 28868 
61268 28664 32303 31346 
61269 31731 32200 29759 
61270 29394 32265 30771 
61271 27762 32136 27764 
61272 28062 32086 31993 
61273 28935 32289 29640 
61274 32545 32550 28316 
61275 31111 32462 27179 
61276 31169 32332 32316 
61277 30666 32287 29648 
61278 32079 32143 29735 
61279 31879 32162 26988 
61280 30254 30256 30255 
61281 27681 32599 27682 
61282 32525 32526 32524 
61283 32304 32326 31382 
61284 28226 32308 28227 
61285 30259 30260 30257 
61286 26554 32254 26556 
61287 27843 32314 27844 
61288 29745 32300 31409 
61289 31012 32229 31806 
61290 26560 26562 26561 
61291 32373 32394 29800 
61292 30712 32157 30708 
61293 31767 32215 31862 
61294 32115 32180 28677 
61295 29786 32173 29785 
61296 30081 32326 30083 
61297 28656 29589 27145 
61298 26553 27175 26551 
61299 29121 32284 29808 
61300 31597 32202 29285 
61301 30961 32353 26676 
61302 32123 32191 26942 
61303 29791 32535 32033 
61304 29840 32167 31416 
61305 31923 32171 28166 
61306 27296 32324 27297 
61307 27099 32383 27097 
61308 27111 32415 31022 
61309 28977 32300 29745 
61310 31392 32330 26672 
61311 31816 32168 31815 
61312 26658 32335 26656 
61313 31868 32315 29044 
61314 28677 32180 31499 
61315 31815 32168 32094 
61316 31275 32164 31477 
61317 28958 32365 31173 
61318 27846 32047 28629 
61319 29745 32196 32129 
61320 29740 32302 30774 
61321 28331 32419 32381 
61322 31896 32239 31015 
61323 29767 32210 32127 
61324 29127 32303 28725 
61325 27760 27762 27761 
61326 28300 32303 28664 
61327 26672 32330 26673 
61328 32197 32240 27007 
61329 31855 32203 31853 
61330 28619 32304 27780 
61331 31761 32333 29403 
61332 27716 32312 28309 
61333 27723 32312 27718 
61334 31477 32164 31990 
61335 26558 26559 26557 
61336 32206 32251 29859 
61337 32120 32204 28981 
61338 31358 32359 29665 
61339 28043 32313 27981 
61340 27983 32313 28035 
61341 26666 32403 30790 
61342 28575 32306 31706 
61343 31079 32402 29425 
61344 28954 32466 32393 
61345 28809 28873 28872 
61346 29966 32235 29965 
61347 31326 32197 30801 
61348 31914 32308 28226 
61349 26558 26560 26559 
61350 32142 32231 27970 
61351 32074 32214 31754 
61352 31619 32277 29400 
61353 28629 32086 28060 
61354 29725 32179 32095 
61355 29757 32319 30783 
61356 32076 32213 31753 
61357 30976 32194 30979 
61358 26942 32191 26944 
61359 26997 32188 31417 
61360 29732 32318 28975 
61361 31021 32222 29161 
61362 31723 32257 29254 
61363 31752 32218 32083 
61364 2025 32850 2026 
61365 27702 32189 27684 
61366 30256 30257 30255 
61367 27187 32210 29415 
61368 32129 32196 29209 
61369 29209 32196 31476 
61370 31589 32174 31535 
61371 29609 32186 29529 
61372 31625 32181 28479 
61373 29752 32193 28976 
61374 31862 32215 30772 
61375 28126 32219 31218 
61376 29677 32150 31943 
61377 30786 32356 27035 
61378 29204 32217 31276 
61379 31999 32198 30697 
61380 31122 32207 31123 
61381 31246 32305 32103 
61382 31599 32176 29292 
61383 30652 32327 29011 
61384 29753 32195 29389 
61385 27033 32320 31788 
61386 27758 27759 27757 
61387 26552 27148 26554 
61388 29589 32770 27145 
61389 29642 32341 29351 
61390 31646 32370 31644 
61391 27924 32382 27922 
61392 29702 32190 29214 
61393 31943 32150 29799 
61394 31897 32171 29325 
61395 32420 32497 29698 
61396 30169 32203 32167 
61397 30794 32399 27031 
61398 31926 32179 29725 
61399 31730 32209 32124 
61400 29686 32178 31910 
61401 28942 32327 29642 
61402 29392 32193 32108 
61403 28978 32195 32109 
61404 27454 32265 32228 
61405 29433 32553 32547 
61406 31827 32184 29280 
61407 28512 32203 31855 
61408 27333 32249 32222 
61409 28755 32224 32207 
61410 28212 28858 28213 
61411 28913 32336 28454 
61412 28230 32135 30735 
61413 30588 30589 30587 
61414 28188 32324 28962 
61415 29653 32306 31585 
61416 32047 32048 28629 
61417 26899 32376 26897 
61418 27029 32355 31364 
61419 29391 32204 29751 
61420 30111 30112 29972 
61421 31960 32182 29659 
61422 26676 32353 26677 
61423 31600 32270 29286 
61424 27973 32211 27975 
61425 31789 32192 29303 
61426 31389 32358 27001 
61427 31218 32586 28752 
61428 28937 32202 31597 
61429 27881 32421 32394 
61430 32217 32253 27043 
61431 27943 32212 27945 
61432 32237 32238 32032 
61433 31246 32191 32123 
61434 29949 29950 29125 
61435 29360 32166 31989 
61436 28947 32182 31960 
61437 32348 32395 29764 
61438 32550 32570 31267 
61439 29294 32242 29947 
61440 27824 32208 27839 
61441 30774 32253 30775 
61442 27470 32200 31731 
61443 27001 32358 27002 
61444 27339 32431 31072 
61445 29765 32201 30753 
61446 28458 32345 28463 
61447 29751 32204 32120 
61448 27131 30684 27128 
61449 27677 32593 27678 
61450 32271 32272 29770 
61451 29778 32225 29777 
61452 29646 32351 28951 
61453 31182 32398 32385 
61454 27756 27757 27755 
61455 27208 32216 29262 
61456 26543 27772 26541 
61457 31989 32166 28955 
61458 27026 32355 27029 
61459 30252 30254 30253 
61460 30131 32377 29444 
61461 30815 32228 31283 
61462 29172 32600 30675 
61463 32184 32221 29280 
61464 31073 32247 29172 
61465 32052 32294 32048 
61466 31182 32385 27005 
61467 29075 32206 31496 
61468 30254 30255 30253 
61469 28035 32350 27985 
61470 32108 32193 29752 
61471 29532 32205 31854 
61472 29280 32221 30795 
61473 32109 32195 29753 
61474 27594 32226 29392 
61475 28157 31890 28176 
61476 28747 32316 28987 
61477 31900 32342 28553 
61478 29262 32198 31999 
61479 26680 32366 26681 
61480 31630 32232 31693 
61481 31788 32320 29690 
61482 29103 29949 29125 
61483 29413 32398 29412 
61484 26556 26558 26557 
61485 31611 32286 28098 
61486 28664 32209 31730 
61487 26531 26533 26532 
61488 27184 32415 27113 
61489 29768 32210 29767 
61490 29590 30271 29589 
61491 27199 27211 27210 
61492 31753 32213 27879 
61493 28283 32443 31179 
61494 31117 32230 31321 
61495 31754 32214 27875 
61496 30744 32357 29655 
61497 27643 32215 31767 
61498 28797 30730 28794 
61499 27708 32139 26558 
61500 32014 32199 32015 
61501 29075 32251 32206 
61502 31536 32245 31538 
61503 29020 29834 29588 
61504 28502 32518 27805 
61505 26668 32229 31420 
61506 26670 32439 30816 
61507 30808 32426 27638 
61508 29263 32225 29575 
61509 28218 32218 31752 
61510 27208 32246 32216 
61511 32242 32278 29947 
61512 27854 32165 32114 
61513 27989 32360 28033 
61514 30935 32574 31106 
61515 29262 32216 32198 
61516 29818 32418 29364 
61517 30980 32241 30983 
61518 27758 28499 27760 
61519 27005 32385 27006 
61520 27971 32231 28190 
61521 32195 32255 29389 
61522 31858 32371 29037 
61523 26556 26557 26555 
61524 28972 32236 29655 
61525 27766 32156 27768 
61526 30894 32248 29390 
61527 29838 29852 29115 
61528 27904 32264 31220 
61529 26910 32250 27150 
61530 26684 32387 26685 
61531 29287 32235 30010 
61532 29759 32295 29756 
61533 29395 32265 29394 
61534 27598 32260 32226 
61535 31788 32239 27037 
61536 27643 32263 32215 
61537 27758 27760 27759 
61538 30783 32364 29760 
61539 30896 32240 29730 
61540 27768 32156 32047 
61541 32192 32271 29770 
61542 29220 32363 31515 
61543 32560 32567 28395 
61544 29917 32447 28856 
61545 31653 32430 31651 
61546 28831 32447 28851 
61547 29127 32414 31312 
61548 32213 32256 27879 
61549 32214 32258 27875 
61550 30902 32580 28920 
61551 29391 32267 32204 
61552 28837 32444 28822 
61553 26963 32433 26962 
61554 29414 32419 31367 
61555 28920 32589 28697 
61556 28218 32261 32218 
61557 31088 32677 32454 
61558 27764 32136 28394 
61559 31220 32601 28756 
61560 30197 30634 29462 
61561 32131 32220 32132 
61562 31350 32687 28712 
61563 30719 32342 31900 
61564 27116 32252 27119 
61565 28130 32626 28953 
61566 30790 32403 30791 
61567 26694 32442 26691 
61568 29311 32286 31611 
61569 31860 32338 31861 
61570 31870 32340 31871 
61571 31078 32266 31265 
61572 27706 32259 27703 
61573 28463 32389 28460 
61574 28462 32389 28466 
61575 28697 32262 28698 
61576 26688 32410 26689 
61577 32013 32325 31954 
61578 26918 32269 26914 
61579 30250 30252 30251 
61580 27657 32587 27658 
61581 32003 32323 31956 
61582 27009 32385 27638 
61583 32167 32203 28512 
61584 26633 32257 31723 
61585 29557 32199 32014 
61586 31782 32251 29075 
61587 28713 32423 31563 
61588 32031 32237 32032 
61589 29762 32260 31482 
61590 32414 32442 31312 
61591 29971 29972 29970 
61592 27881 32394 27488 
61593 28131 32268 28130 
61594 29810 32422 28821 
61595 29804 32489 32422 
61596 26578 32485 26540 
61597 27977 32273 27979 
61598 29387 32405 30648 
61599 28789 29070 29030 
61600 27219 27223 27220 
61601 29911 32242 31894 
61602 29389 32255 31813 
61603 29911 32278 32242 
61604 29070 29591 29124 
61605 29685 32267 29391 
61606 28033 32401 27991 
61607 26560 32139 27166 
61608 27879 32256 31869 
61609 30148 32344 31856 
61610 28938 32270 31600 
61611 27875 32258 31874 
61612 30103 32245 31884 
61613 29656 32399 30794 
61614 31593 32351 29284 
61615 27756 27758 27757 
61616 28331 32381 31714 
61617 31457 32283 32244 
61618 28630 32559 27173 
61619 27840 32274 27843 
61620 30111 30113 30112 
61621 31872 32261 28218 
61622 30788 32395 32324 
61623 32248 32286 29869 
61624 26692 32429 26693 
61625 26674 32463 30865 
61626 29793 32469 31313 
61627 31302 32448 31301 
61628 26554 26556 26555 
61629 30689 32674 28176 
61630 29365 32284 29121 
61631 32062 32223 31821 
61632 31863 32263 27643 
61633 26525 26526 26524 
61634 26554 26555 26553 
61635 29408 32450 29486 
61636 31658 32458 31656 
61637 26984 32285 27454 
61638 30178 32271 31789 
61639 32305 32333 28483 
61640 32067 32227 31819 
61641 31455 32244 31923 
61642 31789 32271 32192 
61643 29638 32416 30726 
61644 31506 32411 27724 
61645 29416 32480 29804 
61646 28670 32635 30663 
61647 27936 32465 27934 
61648 30586 30588 30587 
61649 27995 32417 28041 
61650 31207 32508 27174 
61651 28394 32156 27766 
61652 31634 32288 31692 
61653 32363 32423 31365 
61654 32005 32246 27208 
61655 29406 32416 28941 
61656 29900 32223 32062 
61657 30816 32439 30817 
61658 31791 32356 30786 
61659 31058 32414 29346 
61660 28926 32414 29127 
61661 29377 32323 32003 
61662 29665 32359 31762 
61663 29378 32325 32013 
61664 30128 32278 29911 
61665 29494 32220 32131 
61666 32557 32562 29803 
61667 26289 32280 2087 
61668 29442 32407 31436 
61669 31232 32585 27657 
61670 26296 32281 2040 
61671 26278 32282 2022 
61672 28350 29103 28352 
61673 28309 32277 31619 
61674 32088 32237 32031 
61675 32166 32396 30731 
61676 26558 32139 26560 
61677 29311 32372 32286 
61678 28931 32295 32266 
61679 29521 32227 32067 
61680 29563 30227 29561 
61681 30252 30253 30251 
61682 29254 32316 28747 
61683 29010 32289 28935 
61684 28136 32655 29644 
61685 29640 32292 29641 
61686 27862 32435 27655 
61687 26696 32446 26697 
61688 27738 32861 32852 
61689 29288 32427 28727 
61690 27754 27755 27753 
61691 28914 32656 28705 
61692 27806 28503 28502 
61693 28352 32291 28353 
61694 27638 32426 27011 
61695 32695 32719 30581 
61696 29829 29830 29053 
61697 29685 32297 32267 
61698 28295 32354 31531 
61699 31921 32237 32088 
61700 28799 28891 28808 
61701 32303 32369 31346 
61702 31168 32298 31374 
61703 32113 32427 29784 
61704 32464 32577 29240 
61705 28714 32579 31232 
61706 31932 32354 28295 
61707 29415 32293 29815 
61708 30800 32440 32318 
61709 29969 29970 29968 
61710 29881 32739 30689 
61711 30718 32290 27143 
61712 28629 32294 32086 
61713 32075 32243 29813 
61714 29422 32412 31607 
61715 32086 32294 31995 
61716 26556 32254 27708 
61717 27908 32648 28956 
61718 26546 26659 26548 
61719 29831 29832 29830 
61720 29572 29573 28886 
61721 29649 32243 32075 
61722 29809 32246 32005 
61723 29125 32291 28352 
61724 26552 26554 26553 
61725 29611 32665 30641 
61726 26700 32459 26701 
61727 30775 32253 32217 
61728 29671 32300 28977 
61729 27754 28365 27756 
61730 31662 32484 31660 
61731 29328 32283 31962 
61732 28041 32451 27997 
61733 27999 32451 28042 
61734 30865 32463 30866 
61735 28725 32303 28300 
61736 30786 32302 29740 
61737 26552 26553 26551 
61738 32580 32589 28920 
61739 32084 32287 29814 
61740 27780 32304 27707 
61741 27909 32307 27908 
61742 31910 32297 29685 
61743 30248 30250 30249 
61744 26547 27189 26545 
61745 29365 32317 32284 
61746 29773 32395 32348 
61747 32564 32592 29083 
61748 27630 32456 27633 
61749 27718 32312 27716 
61750 31169 32316 32298 
61751 32147 32318 29397 
61752 28957 32438 31835 
61753 29730 32240 32197 
61754 26542 27783 26544 
61755 29662 32650 31116 
61756 26345 33500 32141 
61757 26802 32502 26800 
61758 31345 32482 32478 
61759 27981 32313 27983 
61760 27754 27756 27755 
61761 28227 32308 28401 
61762 31585 32306 28575 
61763 28098 32286 32248 
61764 29812 32482 29000 
61765 32286 32372 29869 
61766 32103 32305 28483 
61767 29438 32636 30797 
61768 31891 32448 32411 
61769 31840 32407 29003 
61770 27844 32314 28067 
61771 29734 32468 28982 
61772 29984 29986 29985 
61773 32585 32587 27657 
61774 30670 32620 29661 
61775 29671 32321 32300 
61776 29901 32477 29042 
61777 29360 32396 32166 
61778 29648 32287 32084 
61779 29949 30077 29950 
61780 29374 32475 31406 
61781 29869 32372 29870 
61782 30950 32321 29671 
61783 27762 32233 32136 
61784 31431 32320 27033 
61785 29756 32319 29757 
61786 30741 32519 31242 
61787 29103 29951 29949 
61788 29295 32646 29438 
61789 29750 32322 31935 
61790 28995 32478 29417 
61791 31638 32328 31691 
61792 27752 27753 27751 
61793 28361 32309 31863 
61794 26458 33109 30139 
61795 31869 32310 28841 
61796 31874 32311 28842 
61797 32427 32470 29784 
61798 31054 32339 29295 
61799 29373 32475 29374 
61800 32226 32260 29762 
61801 31253 32332 31169 
61802 32043 32341 29423 
61803 32256 32310 31869 
61804 27188 32329 26774 
61805 31157 32627 31154 
61806 32258 32311 31874 
61807 32318 32440 29397 
61808 32579 32585 31232 
61809 28042 32476 28001 
61810 29876 29877 29875 
61811 28003 32476 28055 
61812 30005 30006 30004 
61813 29011 32327 28942 
61814 31666 32501 31664 
61815 27297 32324 28188 
61816 32228 32265 29395 
61817 31863 32309 32263 
61818 29044 32315 31872 
61819 27876 32489 27502 
61820 28499 32234 32233 
61821 28873 29610 29558 
61822 31266 32494 31051 
61823 31872 32315 32261 
61824 32333 32373 29403 
61825 30250 30251 30249 
61826 32310 32338 28841 
61827 32311 32340 28842 
61828 31382 32326 30081 
61829 27798 32479 28284 
61830 28361 32337 32309 
61831 27914 32334 29645 
61832 29874 29875 29832 
61833 29628 32483 31879 
61834 28810 32367 28801 
61835 27135 27194 27133 
61836 29967 29968 29877 
61837 26673 32330 26676 
61838 26769 32331 26768 
61839 31302 32469 32456 
61840 29447 32505 31334 
61841 28482 32537 31262 
61842 28904 32488 28516 
61843 26656 32335 27472 
61844 28281 32503 31126 
61845 32048 32294 28629 
61846 31433 32498 32492 
61847 29764 32395 30788 
61848 31051 32494 31053 
61849 31433 32492 27633 
61850 27760 32233 27762 
61851 28282 32487 27802 
61852 32381 32419 31318 
61853 30823 32637 31469 
61854 28752 32586 32512 
61855 28454 32336 28456 
61856 32266 32295 29759 
61857 32966 32988 30258 
61858 27211 27215 27214 
61859 26550 26552 26551 
61860 32535 32598 32033 
61861 29796 32498 29794 
61862 31702 32464 29240 
61863 30246 30248 30247 
61864 29804 32441 28998 
61865 28518 32488 31722 
61866 27633 32492 27631 
61867 31856 32344 28619 
61868 27634 32492 28204 
61869 32118 32296 32011 
61870 28483 32333 31761 
61871 32035 32437 31887 
61872 32244 32283 29328 
61873 29398 32493 29399 
61874 27142 32412 32072 
61875 29415 32391 32293 
61876 29661 32643 29662 
61877 26881 32520 26879 
61878 32437 32537 31887 
61879 32015 32296 32118 
61880 28456 32345 28458 
61881 28817 32421 27881 
61882 28425 28865 28431 
61883 32295 32319 29756 
61884 32323 32346 29781 
61885 28887 30692 28162 
61886 31956 32323 29781 
61887 26518 30211 26456 
61888 29655 32357 32102 
61889 27948 32531 27946 
61890 28055 32496 28005 
61891 28007 32496 28099 
61892 31954 32325 29782 
61893 27750 27878 27752 
61894 31672 32529 31670 
61895 32121 32322 29750 
61896 32326 32344 30083 
61897 26523 26524 26522 
61898 29237 32322 32121 
61899 31098 32702 32517 
61900 32336 32345 28456 
61901 31974 32420 28294 
61902 28553 32342 31717 
61903 32435 32450 31367 
61904 29237 32381 32322 
61905 29289 32352 29643 
61906 27215 27219 27217 
61907 29438 32646 32636 
61908 31866 32337 28361 
61909 29226 32427 32113 
61910 28841 32338 31860 
61911 32408 32409 29870 
61912 32097 32362 29386 
61913 28842 32340 31870 
61914 29386 32362 32070 
61915 32308 32361 28401 
61916 29020 32588 29834 
61917 27985 32350 27987 
61918 32128 32468 29734 
61919 31502 32490 28495 
61920 31328 32514 28204 
61921 28891 29614 29109 
61922 30749 32348 29764 
61923 28951 32351 31593 
61924 26550 26551 26549 
61925 32372 32408 29870 
61926 27752 27754 27753 
61927 26677 32353 26680 
61928 28798 32367 28797 
61929 26540 32485 26542 
61930 29670 32452 31945 
61931 29971 30111 29972 
61932 28499 32233 27760 
61933 29708 32519 30908 
61934 28975 32318 32147 
61935 29593 32343 30234 
61936 27025 32355 27026 
61937 28756 32601 32539 
61938 31116 32668 27146 
61939 29812 32507 32490 
61940 29499 32453 28817 
61941 30248 30249 30247 
61942 32357 32368 29407 
61943 28204 32514 28100 
61944 28989 32440 30800 
61945 27002 32358 27005 
61946 32480 32489 29804 
61947 29815 32317 32126 
61948 28686 32669 30653 
61949 31150 32641 31147 
61950 30586 30587 30585 
61951 27987 32360 27989 
61952 28011 32515 28200 
61953 28099 32515 28009 
61954 29539 29540 29538 
61955 32643 32650 29662 
61956 31676 32543 31674 
61957 31173 32365 31174 
61958 32350 32360 27987 
61959 31329 32546 32530 
61960 29351 32341 32043 
61961 32126 32317 29365 
61962 28862 32279 28348 
61963 31927 32425 32424 
61964 30698 32617 28795 
61965 29781 32346 32034 
61966 26814 32554 26812 
61967 28958 32666 32365 
61968 28077 32548 30907 
61969 28294 32420 32090 
61970 28859 29513 29512 
61971 28401 32361 31705 
61972 31891 32411 29385 
61973 30794 32356 31791 
61974 28817 32453 32421 
61975 30246 30247 30245 
61976 31762 32359 30673 
61977 27097 32383 31212 
61978 32394 32421 29800 
61979 29053 32518 28502 
61980 32298 32316 29254 
61981 31644 32370 31649 
61982 31906 32534 30681 
61983 29760 32364 30790 
61984 26681 32366 26684 
61985 31212 32675 28686 
61986 29407 32368 29406 
61987 30613 32486 30589 
61988 32620 32643 29661 
61989 29726 32354 31932 
61990 27025 32363 32355 
61991 28986 32535 29791 
61992 32419 32435 31367 
61993 32138 32452 29670 
61994 31346 32369 31310 
61995 28983 32373 29790 
61996 31515 32363 27025 
61997 29988 29990 29989 
61998 29112 32532 29629 
61999 28633 28634 28632 
62000 32342 32374 31717 
62001 28348 32279 28350 
62002 28859 29444 28858 
62003 27146 32376 26899 
62004 27922 32382 28958 
62005 32056 32525 32524 
62006 30703 32349 30713 
62007 29969 29971 29970 
62008 28503 29046 29045 
62009 26548 26550 26549 
62010 29726 32400 32354 
62011 32359 32386 30673 
62012 27750 27751 27749 
62013 28015 32538 28219 
62014 28200 32538 28013 
62015 32159 32547 31602 
62016 30614 32523 30613 
62017 29399 32493 32177 
62018 29825 32528 31709 
62019 31680 32561 31678 
62020 31803 32372 29311 
62021 29669 32491 31972 
62022 28898 32541 28528 
62023 29512 29612 29444 
62024 32376 32390 26897 
62025 29037 32371 31866 
62026 31470 32556 29419 
62027 28983 32394 32373 
62028 29969 30055 29971 
62029 31866 32371 32337 
62030 27006 32385 27009 
62031 28460 32389 28462 
62032 28530 32541 31746 
62033 27114 32388 32252 
62034 31717 32374 28743 
62035 28832 32549 28901 
62036 30673 32386 30777 
62037 31714 32381 29237 
62038 26685 32387 26688 
62039 26548 26549 26547 
62040 28719 32534 31906 
62041 28998 32441 28999 
62042 27746 28073 27748 
62043 32102 32357 29407 
62044 29773 32432 29774 
62045 32081 32491 29669 
62046 29385 32411 32125 
62047 29854 32555 29249 
62048 30088 32567 29481 
62049 28686 32675 32669 
62050 28757 32562 28173 
62051 31944 32530 29954 
62052 27488 32394 28983 
62053 29412 32398 31182 
62054 30979 32593 32241 
62055 29816 32581 32555 
62056 32361 32393 31705 
62057 32070 32362 29734 
62058 29425 32402 30748 
62059 31470 32567 32560 
62060 29374 32400 29726 
62061 27991 32401 27993 
62062 32374 32404 28743 
62063 29790 32373 32333 
62064 28219 32552 28017 
62065 28019 32552 28175 
62066 31079 32672 32402 
62067 28962 32395 29773 
62068 30857 32399 29656 
62069 29681 32396 29360 
62070 30920 32597 30915 
62071 27750 27752 27751 
62072 29729 32405 29387 
62073 32441 32513 28999 
62074 30791 32403 30816 
62075 31705 32393 29792 
62076 31165 32642 30927 
62077 29664 32510 31953 
62078 28743 32404 29669 
62079 29663 32512 31952 
62080 31524 32577 28714 
62081 28803 28810 28801 
62082 26966 32563 26817 
62083 26689 32410 26692 
62084 28889 29552 28773 
62085 31436 32407 31840 
62086 27748 27749 27747 
62087 28212 28859 28858 
62088 29368 32693 30645 
62089 29615 30586 30585 
62090 31803 32408 32372 
62091 32450 32457 29486 
62092 27758 32299 28499 
62093 26546 26548 26547 
62094 29967 29969 29968 
62095 27113 32415 27111 
62096 27756 32299 27758 
62097 27993 32417 27995 
62098 26821 32569 26826 
62099 31072 32431 29368 
62100 31804 32408 31803 
62101 29364 32418 31079 
62102 32401 32417 27993 
62103 28656 29590 29589 
62104 28858 32504 28213 
62105 29346 32414 28926 
62106 31607 32412 27142 
62107 31318 32419 29414 
62108 31386 32575 29817 
62109 28941 32416 29638 
62110 30908 32519 31217 
62111 28619 32344 32326 
62112 28796 32445 28799 
62113 30975 32599 32194 
62114 28350 32279 29103 
62115 28713 32449 32423 
62116 28302 32432 32348 
62117 28023 32573 28510 
62118 28175 32573 28021 
62119 29818 32684 32418 
62120 29177 32712 30640 
62121 26527 26528 26526 
62122 27122 32689 27124 
62123 31938 32397 32134 
62124 31143 32638 31139 
62125 26538 26578 26540 
62126 28809 28872 28805 
62127 28220 32581 27873 
62128 31651 32430 31654 
62129 31563 32423 29220 
62130 30094 32582 29069 
62131 29800 32421 31430 
62132 26533 26535 26534 
62133 27129 28656 27145 
62134 26546 26547 26545 
62135 26962 32433 31235 
62136 28727 32427 29226 
62137 27179 32462 30787 
62138 28821 32422 27876 
62139 30809 32537 32437 
62140 28859 29512 29444 
62141 27011 32426 28971 
62142 30686 32547 32159 
62143 26693 32429 26696 
62144 29876 29967 29877 
62145 26535 26537 26536 
62146 27725 32558 26537 
62147 31022 32714 28683 
62148 27655 32435 28331 
62149 28891 29615 29614 
62150 31179 32443 29177 
62151 32426 32437 28971 
62152 28365 32299 27756 
62153 29658 32539 31963 
62154 29784 32470 29424 
62155 28683 32709 30639 
62156 29039 32584 29766 
62157 29513 29907 29512 
62158 28283 32454 32443 
62159 32175 32510 29664 
62160 31312 32442 26694 
62161 31302 32456 32448 
62162 29615 30585 29614 
62163 27806 28502 27805 
62164 28989 32480 32440 
62165 32185 32512 29663 
62166 30817 32439 30865 
62167 28856 32447 28831 
62168 32573 32694 28510 
62169 28822 32444 29158 
62170 29874 29876 29875 
62171 31835 32438 29244 
62172 28639 28641 28638 
62173 29828 32576 31720 
62174 30787 32706 29818 
62175 30971 32602 32149 
62176 29831 29874 29832 
62177 29810 32441 32422 
62178 32393 32466 29792 
62179 29739 32420 31974 
62180 29048 29068 29046 
62181 30986 32577 32464 
62182 28643 28644 28641 
62183 29103 32279 29951 
62184 29397 32440 31802 
62185 32210 32391 29415 
62186 28766 32590 28540 
62187 30948 32661 30949 
62188 32125 32411 31506 
62189 29027 32582 32575 
62190 32134 32397 30071 
62191 26697 32446 26700 
62192 31927 32424 32179 
62193 26826 32591 26823 
62194 31365 32449 29776 
62195 26825 32591 27645 
62196 29424 32557 29803 
62197 27997 32451 27999 
62198 29829 29831 29830 
62199 29966 32406 32235 
62200 31367 32450 29408 
62201 27748 27750 27749 
62202 29945 32513 29810 
62203 28544 32594 28896 
62204 32421 32453 31430 
62205 30612 32551 31728 
62206 32162 32483 29744 
62207 29778 32392 32225 
62208 32650 32668 31116 
62209 28971 32437 32035 
62210 29810 32513 32441 
62211 28243 32596 28763 
62212 31430 32453 29496 
62213 31656 32458 31690 
62214 27724 32456 27630 
62215 28645 28650 28648 
62216 26544 26546 26545 
62217 28336 32610 27974 
62218 27723 32620 32312 
62219 29945 32527 32513 
62220 32202 32600 29285 
62221 32449 32460 29776 
62222 31301 32448 31891 
62223 32225 32392 29575 
62224 29776 32460 29411 
62225 29739 32497 32420 
62226 30967 32607 32087 
62227 29768 32391 32210 
62228 29008 32564 29083 
62229 26701 32459 26704 
62230 27222 28773 27171 
62231 27742 27867 27744 
62232 27972 32606 27969 
62233 27934 32465 31088 
62234 32241 32593 27677 
62235 31811 32457 27862 
62236 32521 32522 32022 
62237 32556 32598 29437 
62238 30866 32463 31050 
62239 31945 32452 29802 
62240 32224 32539 29658 
62241 28635 28636 28634 
62242 28683 32714 32709 
62243 29624 32290 29625 
62244 31313 32469 31302 
62245 28652 29453 28649 
62246 29831 30192 29874 
62247 31135 32628 31131 
62248 27936 32474 32465 
62249 29411 32467 29409 
62250 29624 29625 29590 
62251 28866 29456 28868 
62252 27740 27741 27736 
62253 26704 32464 31702 
62254 32235 32406 30010 
62255 32246 32580 30902 
62256 29591 30167 29592 
62257 29792 32466 30687 
62258 32460 32467 29411 
62259 32422 32441 29804 
62260 32306 32636 31706 
62261 32459 32464 26704 
62262 29109 32542 29593 
62263 32194 32599 27681 
62264 32179 32424 31765 
62265 28982 32468 29668 
62266 28249 32603 28764 
62267 28656 29624 29590 
62268 28764 32604 28247 
62269 30373 32776 30370 
62270 31482 32470 29288 
62271 29809 32580 32246 
62272 27746 27747 27745 
62273 28001 32476 28003 
62274 30682 32475 29373 
62275 29614 32542 29109 
62276 29504 32540 29062 
62277 26546 32375 26659 
62278 29409 32478 28995 
62279 28896 32608 28546 
62280 30963 32611 31971 
62281 32537 32545 31262 
62282 28637 28638 28636 
62283 32467 32478 29409 
62284 32245 32428 31538 
62285 30743 32436 28164 
62286 27800 32479 27798 
62287 32149 32602 27700 
62288 29541 29542 29540 
62289 29068 32473 32472 
62290 32348 32432 29773 
62291 26544 26545 26543 
62292 29833 32654 30690 
62293 32577 32579 28714 
62294 29417 32490 31502 
62295 28174 32562 32557 
62296 26537 26538 26536 
62297 31660 32484 31689 
62298 29042 32477 31811 
62299 29000 32482 31345 
62300 27783 32375 26544 
62301 32289 32655 29640 
62302 31248 32598 32535 
62303 30103 32428 32245 
62304 27754 32347 28365 
62305 30675 32600 32202 
62306 27878 32347 27752 
62307 28761 32629 29820 
62308 31811 32477 32457 
62309 27802 32487 27800 
62310 29450 32558 27725 
62311 28516 32488 28518 
62312 32087 32607 27704 
62313 28767 32614 28253 
62314 29113 32728 30631 
62315 28255 32615 28767 
62316 30589 32486 30643 
62317 27502 32489 28989 
62318 29444 32377 28858 
62319 27800 32487 32479 
62320 31204 32720 31203 
62321 29812 32490 32482 
62322 29854 32592 32564 
62323 32270 32635 29286 
62324 27746 27748 27747 
62325 31802 32480 29416 
62326 29600 29601 29598 
62327 29435 32621 29014 
62328 29432 32616 31513 
62329 32440 32480 31802 
62330 27752 32347 27754 
62331 30261 32619 30263 
62332 32621 32629 31351 
62333 30957 32661 30956 
62334 28688 32729 29113 
62335 31971 32611 27709 
62336 27631 32492 27634 
62337 29611 32559 28630 
62338 28331 32435 32419 
62339 28770 32622 28259 
62340 28775 32664 29838 
62341 28261 32623 28770 
62342 31740 32612 29401 
62343 28771 32625 28265 
62344 27109 32637 27110 
62345 26542 26544 26543 
62346 31513 32616 27782 
62347 31053 32494 31280 
62348 30679 32493 29398 
62349 28497 32560 28315 
62350 32633 32644 29820 
62351 28005 32496 28007 
62352 31203 32722 31221 
62353 28773 30690 27171 
62354 28267 32630 28771 
62355 27774 32695 28429 
62356 31240 32732 28688 
62357 31469 32637 27109 
62358 29818 32706 32684 
62359 29113 32729 32728 
62360 28772 32634 28271 
62361 29399 32497 29739 
62362 26800 32502 31240 
62363 28315 32560 28395 
62364 31972 32491 29801 
62365 28834 32662 28189 
62366 29016 32633 31501 
62367 27744 27745 27743 
62368 30959 32679 30960 
62369 30945 32652 30942 
62370 31718 32507 29812 
62371 31664 32501 31688 
62372 28789 29426 29070 
62373 29794 32498 31433 
62374 28799 32445 28891 
62375 26538 26539 26536 
62376 29982 29983 29602 
62377 26987 32639 26838 
62378 28215 32504 28789 
62379 27173 32559 27160 
62380 32508 32708 27174 
62381 31248 32535 28987 
62382 31879 32483 32162 
62383 31126 32503 31128 
62384 26542 26543 26541 
62385 28395 32571 31951 
62386 28611 32690 30698 
62387 31718 32516 32507 
62388 31221 32508 31207 
62389 26842 32645 26946 
62390 28688 32732 32729 
62391 29543 29544 29542 
62392 26282 32858 1933 
62393 1934 32858 30527 
62394 29574 32854 30200 
62395 32312 32620 30670 
62396 32423 32449 31365 
62397 31334 32505 28760 
62398 28495 32507 28511 
62399 30923 32660 30928 
62400 29046 32471 29045 
62401 28503 29045 28502 
62402 31242 32519 29708 
62403 32351 32669 29284 
62404 27132 32731 27134 
62405 30012 32521 32516 
62406 27742 27743 27741 
62407 28281 32517 32503 
62408 28989 32489 32480 
62409 30700 32413 27737 
62410 30012 32516 31718 
62411 28100 32514 28428 
62412 28009 32515 28011 
62413 32507 32516 28511 
62414 28999 32513 29106 
62415 30663 32635 32270 
62416 30197 32854 30634 
62417 28873 29558 28872 
62418 30797 32636 32306 
62419 29061 29062 28414 
62420 27139 32618 27136 
62421 32720 32722 31203 
62422 32052 32495 32294 
62423 27174 32520 26881 
62424 28511 32516 31757 
62425 32516 32521 31757 
62426 28648 32673 28651 
62427 29052 29604 29050 
62428 27862 32457 32450 
62429 28273 32657 28772 
62430 26946 32658 26844 
62431 26846 32658 27646 
62432 32513 32527 29106 
62433 28892 32659 28277 
62434 28795 32617 32445 
62435 31670 32529 31687 
62436 31953 32510 29805 
62437 31952 32512 29806 
62438 29571 29829 29053 
62439 28213 32504 28215 
62440 27946 32531 31098 
62441 29106 32527 29902 
62442 27744 27746 27745 
62443 32243 32626 29813 
62444 30994 32679 30993 
62445 31709 32528 28898 
62446 29644 32655 32289 
62447 31757 32521 32022 
62448 28953 32626 32243 
62449 28497 32598 32556 
62450 32203 32500 31853 
62451 27219 32664 27223 
62452 30954 32671 30957 
62453 29996 29998 29997 
62454 29045 29053 28502 
62455 26542 32485 27783 
62456 26540 26542 26541 
62457 28164 32436 28212 
62458 32514 32530 28428 
62459 27948 32536 32531 
62460 29401 32532 29112 
62461 27739 27740 27736 
62462 26529 26530 26528 
62463 26531 26532 26530 
62464 27739 27805 27740 
62465 30960 32671 30955 
62466 26533 26534 26532 
62467 28760 32704 31166 
62468 32448 32456 27724 
62469 27223 27226 27224 
62470 29816 32564 29008 
62471 26544 32375 26546 
62472 28428 32530 31944 
62473 30659 32534 28719 
62474 30996 32696 30997 
62475 27750 32434 27878 
62476 29988 29989 29986 
62477 28987 32535 28986 
62478 28891 32445 29615 
62479 27227 28775 28415 
62480 27731 27733 27732 
62481 27184 32523 32506 
62482 30169 32500 32203 
62483 29423 32666 29421 
62484 28013 32538 28015 
62485 28789 32504 29426 
62486 32287 32648 29814 
62487 29571 30125 29829 
62488 26535 26536 26534 
62489 28073 32434 27748 
62490 28528 32541 28530 
62491 26850 32667 26906 
62492 27646 32667 26848 
62493 29111 32745 30619 
62494 27735 27739 27736 
62495 27742 27744 27743 
62496 27222 28889 28773 
62497 31887 32537 28482 
62498 31674 32543 31686 
62499 29096 29503 29062 
62500 31951 32571 30160 
62501 28466 32672 28467 
62502 28279 32670 28892 
62503 32499 33262 30607 
62504 29428 32545 30809 
62505 31963 32539 29811 
62506 28956 32648 32287 
62507 30859 32548 28077 
62508 28717 32746 29111 
62509 31166 32707 28611 
62510 29045 29571 29053 
62511 27733 27735 27734 
62512 28757 32566 32562 
62513 28775 29115 28776 
62514 28651 29090 29089 
62515 31330 32546 31329 
62516 32407 32693 29003 
62517 28859 32436 29513 
62518 31004 32696 31003 
62519 32294 32495 31995 
62520 26540 26541 26539 
62521 29428 32550 32545 
62522 29355 32677 28952 
62523 26906 32676 26852 
62524 26854 32676 27648 
62525 29111 32746 32745 
62526 31602 32547 28985 
62527 26538 26540 26539 
62528 31254 32747 28717 
62529 26538 32558 26578 
62530 28901 32549 30644 
62531 29427 32550 29428 
62532 32704 32707 31166 
62533 32317 32656 28914 
62534 27222 29020 28889 
62535 28017 32552 28019 
62536 26812 32554 31254 
62537 32547 32553 28985 
62538 32512 32586 29806 
62539 29437 32598 31248 
62540 27735 27736 27734 
62541 29068 32471 29046 
62542 27740 27742 27741 
62543 31728 32551 26966 
62544 30653 32669 32351 
62545 30991 32691 30994 
62546 29419 32556 29437 
62547 30110 30201 29559 
62548 30997 32691 30992 
62549 29588 30678 29587 
62550 28985 32553 29654 
62551 31678 32561 31685 
62552 31470 32560 32556 
62553 28717 32747 32746 
62554 27734 28774 27732 
62555 26280 33405 30287 
62556 29249 32555 28220 
62557 27124 32689 32509 
62558 28173 32562 28174 
62559 29815 32656 32317 
62560 27748 32434 27750 
62561 29984 29985 29983 
62562 29830 32518 29053 
62563 29020 29588 29587 
62564 26817 32563 26819 
62565 28174 32557 31482 
62566 29020 29587 28889 
62567 31192 32716 31196 
62568 29854 32564 32555 
62569 26819 32569 26821 
62570 32482 32490 29417 
62571 30848 32892 32872 
62572 30174 32592 29854 
62573 26858 32688 26917 
62574 29803 32566 31495 
62575 27648 32688 26856 
62576 31475 32570 29427 
62577 32563 32569 26819 
62578 29481 32567 31470 
62579 29427 32570 32550 
62580 30088 32571 32567 
62581 28282 32720 32487 
62582 28212 32436 28859 
62583 2150 26318 2151 
62584 29068 32472 32471 
62585 31009 32716 31008 
62586 31045 32724 31046 
62587 28021 32573 28023 
62588 29558 29559 28872 
62589 29558 30110 29559 
62590 31475 32578 32570 
62591 31106 32574 31105 
62592 1864 26360 1865 
62593 30094 32584 32582 
62594 32470 32557 29424 
62595 28472 32684 31710 
62596 31495 32575 31386 
62597 29240 32577 31524 
62598 31682 32694 31684 
62599 32539 32601 29811 
62600 32566 32575 31495 
62601 31720 32576 28766 
62602 26917 32692 26860 
62603 26862 32692 27647 
62604 32391 32687 31350 
62605 30984 32579 30986 
62606 28492 32578 31475 
62607 28611 32707 32690 
62608 27873 32581 28492 
62609 30698 32690 32617 
62610 32488 32728 31722 
62611 29807 32580 29809 
62612 28492 32581 32578 
62613 27223 32664 27227 
62614 1866 26464 1867 
62615 30984 32585 32579 
62616 29069 32582 29027 
62617 29817 32584 29039 
62618 31684 32694 32573 
62619 31001 32703 31004 
62620 30983 32585 30984 
62621 32365 32666 29423 
62622 27746 32511 28073 
62623 27159 27222 27171 
62624 29045 32471 29571 
62625 31007 32703 31002 
62626 1867 32499 1868 
62627 29996 29997 29992 
62628 27727 29450 27725 
62629 29806 32586 30669 
62630 29807 32589 32580 
62631 27126 32509 27129 
62632 30983 32587 32585 
62633 1868 26367 1869 
62634 31482 32557 32470 
62635 32412 32712 32072 
62636 28540 32590 28542 
62637 26823 32591 26825 
62638 27733 27734 27732 
62639 30053 32697 29879 
62640 29808 32589 29807 
62641 29074 29539 29538 
62642 30809 32545 32537 
62643 26866 32701 26947 
62644 27647 32701 26864 
62645 2151 32481 2152 
62646 29090 30062 29560 
62647 29388 32702 28966 
62648 28803 32572 28810 
62649 30645 32693 32407 
62650 28542 32594 28544 
62651 32402 32672 28466 
62652 29083 32592 31859 
62653 30934 32762 30936 
62654 32590 32594 28542 
62655 29393 32708 29747 
62656 30915 32597 30917 
62657 28245 32596 28243 
62658 28805 32572 28803 
62659 26947 32710 26868 
62660 32731 32743 29834 
62661 31190 32724 31191 
62662 26532 27212 26530 
62663 30933 32765 30934 
62664 30937 32767 30933 
62665 29990 29993 29989 
62666 26872 32713 27140 
62667 28656 32509 29624 
62668 27867 32511 27744 
62669 29285 32600 29647 
62670 28632 29611 28630 
62671 32556 32560 28497 
62672 30986 32579 32577 
62673 27968 32768 30937 
62674 29811 32601 30666 
62675 32241 32587 30983 
62676 2148 26463 2149 
62677 31852 32715 32078 
62678 31682 32699 32694 
62679 27129 32509 28656 
62680 30539 32717 30542 
62681 32454 32677 29355 
62682 32033 32598 28497 
62683 27742 32613 27867 
62684 28245 32604 32596 
62685 27731 27732 27729 
62686 32567 32571 28395 
62687 32541 32745 31746 
62688 32194 32593 30979 
62689 30933 32767 32765 
62690 27145 32743 27130 
62691 30934 32765 32762 
62692 26526 27225 26524 
62693 32445 32617 29615 
62694 28251 32603 28249 
62695 2152 26462 2153 
62696 30144 30187 29997 
62697 28247 32604 28245 
62698 32149 32599 30975 
62699 1862 26465 1863 
62700 29768 32687 32391 
62701 28645 28648 28644 
62702 27969 32606 27968 
62703 28546 32608 28624 
62704 32087 32602 30971 
62705 30165 32942 1993 
62706 32418 32684 28472 
62707 28624 32609 29595 
62708 27140 32721 26874 
62709 27974 32610 27972 
62710 32608 32609 28624 
62711 26537 32558 26538 
62712 31971 32607 30967 
62713 28251 32614 32603 
62714 26878 32723 27141 
62715 30640 32712 32412 
62716 31065 32744 31066 
62717 31513 32611 30963 
62718 30743 32674 32436 
62719 28763 32612 31740 
62720 28253 32614 28251 
62721 30937 32768 32767 
62722 32555 32564 29816 
62723 28257 32615 28255 
62724 27744 32511 27746 
62725 30766 32744 30767 
62726 32436 32674 29513 
62727 32487 32720 31204 
62728 29430 32616 29432 
62729 30148 32605 32344 
62730 28872 32572 28805 
62731 1861 32565 1862 
62732 31159 32627 31157 
62733 27211 27216 27215 
62734 29014 32621 29430 
62735 28257 32622 32615 
62736 30254 32727 30256 
62737 30956 32661 30948 
62738 28259 32622 28257 
62739 27738 32852 30581 
62740 29430 32621 32616 
62741 28263 32623 28261 
62742 28265 32625 28263 
62743 31137 32628 31135 
62744 32252 32718 27119 
62745 30152 30206 29885 
62746 32562 32566 29803 
62747 28263 32625 32623 
62748 29813 32626 30654 
62749 31978 32620 27723 
62750 31351 32629 28761 
62751 28269 32630 28267 
62752 32629 32633 29820 
62753 30631 32728 32488 
62754 31040 32735 31044 
62755 2146 26370 2147 
62756 28271 32634 28269 
62757 31041 32735 31038 
62758 29505 30049 29507 
62759 27741 32544 27736 
62760 29602 32183 29601 
62761 1870 32583 1871 
62762 28269 32634 32630 
62763 29286 32635 30651 
62764 31145 32638 31143 
62765 31152 32641 31150 
62766 28775 28776 28415 
62767 29562 32662 28834 
62768 32438 32709 29244 
62769 31133 32642 31165 
62770 31501 32633 29435 
62771 29048 32568 29068 
62772 27110 32637 27153 
62773 31036 32737 31041 
62774 26838 32639 26840 
62775 29061 29979 29096 
62776 27141 32733 26880 
62777 31706 32636 28994 
62778 31978 32643 32620 
62779 29820 32644 29821 
62780 32591 32762 27645 
62781 26884 32734 27163 
62782 29539 29541 29540 
62783 29993 29994 29989 
62784 30709 32718 32252 
62785 32344 32605 30083 
62786 32644 32647 29821 
62787 29821 32647 29860 
62788 1860 26369 1861 
62789 2154 26368 2155 
62790 30639 32709 32438 
62791 32636 32646 28994 
62792 29061 29096 29062 
62793 26840 32645 26842 
62794 32639 32645 26840 
62795 29089 29463 28652 
62796 29029 32644 29016 
62797 27163 32736 26886 
62798 26888 32736 27649 
62799 30189 30190 29994 
62800 31066 32737 31037 
62801 28994 32646 29646 
62802 27227 28415 28414 
62803 29336 32650 32643 
62804 29029 32647 32644 
62805 29814 32648 30652 
62806 29336 32643 31978 
62807 31760 32647 29029 
62808 29993 30189 29994 
62809 28189 32662 27773 
62810 28636 28780 28634 
62811 32500 32715 31853 
62812 32517 32702 29388 
62813 30942 32652 30943 
62814 28651 29089 28652 
62815 27736 32544 27734 
62816 29747 32708 32508 
62817 29615 32617 30586 
62818 29998 30144 29997 
62819 31843 32650 29336 
62820 32582 32584 29817 
62821 26892 32738 27167 
62822 27649 32738 26890 
62823 29509 32533 30583 
62824 32509 32689 29624 
62825 28641 28642 28638 
62826 29090 29560 29089 
62827 28275 32657 28273 
62828 28415 29061 28414 
62829 26844 32658 26846 
62830 29543 30185 29544 
62831 28277 32659 28275 
62832 30248 32741 30250 
62833 26522 29092 26520 
62834 28275 32659 32657 
62835 30925 32660 30923 
62836 29541 29543 29542 
62837 30002 30129 30000 
62838 1871 26450 1872 
62839 26515 33429 1854 
62840 29546 30172 29548 
62841 27227 28414 27226 
62842 27734 32544 28774 
62843 27740 32613 27742 
62844 29096 29938 29503 
62845 26293 32875 1957 
62846 1958 32875 30517 
62847 28651 28652 28649 
62848 32699 32700 32026 
62849 30188 32640 29833 
62850 29696 32751 30765 
62851 30572 32751 29445 
62852 30993 32679 30959 
62853 27138 32588 27159 
62854 30619 32745 32541 
62855 31843 32668 32650 
62856 29559 32572 28872 
62857 27167 32749 26894 
62858 29640 32655 32292 
62859 32293 32656 29815 
62860 29421 32666 30642 
62861 26487 32698 32697 
62862 26898 32750 27178 
62863 27805 32613 27740 
62864 28778 32754 29105 
62865 26848 32667 26850 
62866 29983 32183 29602 
62867 31219 32755 28378 
62868 27178 32752 26900 
62869 28424 32766 28423 
62870 29284 32669 29441 
62871 26902 32752 31783 
62872 30649 32668 31843 
62873 28655 32670 28279 
62874 28376 32755 31343 
62875 30955 32671 30954 
62876 2147 32705 2148 
62877 28467 32672 28472 
62878 32669 32675 29441 
62879 29875 32769 29832 
62880 29441 32675 30646 
62881 30062 30223 29560 
62882 29543 30186 30185 
62883 26852 32676 26854 
62884 29050 32568 29048 
62885 30690 32654 27199 
62886 28176 32674 30743 
62887 28952 32677 29627 
62888 29637 32758 29596 
62889 29832 32748 29830 
62890 32617 32690 30586 
62891 27223 27227 27226 
62892 29561 29562 28834 
62893 32518 32613 27805 
62894 29877 32849 29875 
62895 31003 32696 30996 
62896 29992 32595 29990 
62897 27222 32588 29020 
62898 31817 32682 29946 
62899 29883 30152 29885 
62900 29990 32595 29993 
62901 30224 32841 30225 
62902 2110 32686 26286 
62903 31710 32684 29331 
62904 29598 32533 29509 
62905 29030 32774 28345 
62906 27159 32588 27222 
62907 29104 32764 30568 
62908 30049 30776 29507 
62909 26856 32688 26858 
62910 30186 30274 30185 
62911 28648 28651 28649 
62912 31911 32687 29768 
62913 28769 32763 31472 
62914 30992 32691 30991 
62915 29539 30581 29541 
62916 29605 30068 29604 
62917 31865 32763 29443 
62918 30936 32762 32591 
62919 30570 32759 32091 
62920 29879 32697 29881 
62921 26860 32692 26862 
62922 28774 32624 27732 
62923 29003 32693 29639 
62924 30524 32877 30526 
62925 30586 32690 30588 
62926 27227 32664 28775 
62927 32684 32706 29331 
62928 26371 32742 1552 
62929 28510 32694 32025 
62930 31196 32716 31009 
62931 29435 32633 32629 
62932 1551 32761 26371 
62933 26318 32481 2151 
62934 29877 32857 32849 
62935 26464 32499 1867 
62936 29624 32689 32290 
62937 1872 32678 1873 
62938 27729 32624 27727 
62939 29997 32595 29992 
62940 28429 32695 29074 
62941 1753 33286 30136 
62942 32690 32707 30588 
62943 32025 32699 32026 
62944 29604 32568 29050 
62945 30195 30196 30194 
62946 1868 32499 26367 
62947 26864 32701 26866 
62948 30689 32739 32674 
62949 29453 32663 28649 
62950 30187 32595 29997 
62951 29601 32533 29598 
62952 32694 32699 32025 
62953 28966 32702 29626 
62954 30135 32773 29556 
62955 31002 32703 31001 
62956 29189 32845 32609 
62957 2143 26453 2144 
62958 29331 32706 30633 
62959 31046 32724 31190 
62960 30590 32704 30614 
62961 27732 32624 27729 
62962 30000 32651 29998 
62963 32631 32632 29979 
62964 29629 32708 29393 
62965 26868 32710 26870 
62966 27727 32624 29450 
62967 29244 32709 29446 
62968 30590 32707 32704 
62969 30588 32707 30590 
62970 27730 32719 27774 
62971 27199 32654 27211 
62972 32710 32713 26870 
62973 29557 32773 32199 
62974 26870 32713 26872 
62975 27388 32776 27381 
62976 32709 32714 29446 
62977 1857 26455 1858 
62978 2157 26454 2158 
62979 29446 32714 30626 
62980 30006 30007 30004 
62981 32072 32712 29819 
62982 1553 32742 26467 
62983 30245 32766 29573 
62984 28648 28649 28644 
62985 28651 32673 29090 
62986 31853 32715 31852 
62987 28634 32665 28632 
62988 2152 32481 26462 
62989 29319 32775 29893 
62990 30029 32775 29370 
62991 32752 32862 31783 
62992 26383 32717 30539 
62993 27119 32718 30781 
62994 30006 30008 30007 
62995 30185 32653 29544 
62996 29544 32653 29546 
62997 26323 32997 32822 
62998 29589 32843 32770 
62999 32588 32731 29834 
63000 29573 32766 28886 
63001 28589 32841 28852 
63002 32063 32720 28282 
63003 28776 32631 28415 
63004 29061 32631 29979 
63005 29998 32651 30144 
63006 28415 32631 29061 
63007 26874 32721 26876 
63008 28632 32665 29611 
63009 32063 32722 32720 
63010 32721 32723 26876 
63011 26876 32723 26878 
63012 27211 32654 27216 
63013 32613 32748 27867 
63014 29747 32722 32063 
63015 1862 32565 26465 
63016 32892 32907 26578 
63017 31722 32728 29823 
63018 2148 32705 26463 
63019 32728 32729 29823 
63020 29823 32729 29824 
63021 31435 32757 32756 
63022 29074 32695 29539 
63023 28780 32665 28634 
63024 32729 32732 29824 
63025 27134 32731 27138 
63026 1873 26510 1874 
63027 29824 32732 30625 
63028 29968 32857 29877 
63029 28644 32663 28641 
63030 30767 32744 31065 
63031 2081 32899 2082 
63032 27130 32743 27132 
63033 29985 32683 29983 
63034 26369 32565 1861 
63035 30129 32651 30000 
63036 26370 32705 2147 
63037 26880 32733 26882 
63038 30008 30194 30193 
63039 29970 32868 29968 
63040 26882 32734 26884 
63041 32733 32734 26882 
63042 31038 32735 31040 
63043 31911 32955 32950 
63044 26886 32736 26888 
63045 29548 32685 29883 
63046 31037 32737 31036 
63047 2142 32649 2143 
63048 27213 32861 27726 
63049 28825 32853 31109 
63050 29592 32856 29124 
63051 27138 32731 32588 
63052 30189 32885 30559 
63053 29546 32653 30172 
63054 28641 32663 28642 
63055 1871 32583 26450 
63056 26890 32738 26892 
63057 30634 32854 29574 
63058 27216 32730 27215 
63059 32921 32959 26570 
63060 32518 32748 32613 
63061 26520 32740 26518 
63062 30057 32853 30058 
63063 30008 30193 30007 
63064 2158 32726 2159 
63065 32546 32771 29954 
63066 1842 32760 26362 
63067 32994 33024 30265 
63068 31746 32745 29826 
63069 32674 32739 29513 
63070 32745 32746 29826 
63071 29970 32880 32868 
63072 30004 32711 30002 
63073 29983 32683 32183 
63074 29826 32746 29827 
63075 32746 32747 29827 
63076 29513 32739 29907 
63077 29827 32747 30608 
63078 30610 33430 29943 
63079 29832 32769 32748 
63080 26894 32749 26896 
63081 32664 32730 29838 
63082 29834 32770 29588 
63083 26896 32750 26898 
63084 32749 32750 26896 
63085 29612 33156 32834 
63086 29445 32751 29696 
63087 32963 32975 28232 
63088 30196 30209 30194 
63089 28649 32663 28644 
63090 30172 32685 29548 
63091 30196 30210 30209 
63092 26900 32752 26902 
63093 29972 32880 29970 
63094 27215 32730 27219 
63095 29539 32695 30581 
63096 30002 32711 30129 
63097 30112 32890 29972 
63098 29105 32862 30572 
63099 31343 32754 28778 
63100 32887 32902 29852 
63101 2000 32903 26392 
63102 26469 32760 1841 
63103 1552 32742 1553 
63104 29591 33487 32380 
63105 1550 32761 1551 
63106 26539 32844 26536 
63107 28378 32755 28376 
63108 31435 32756 31434 
63109 29986 32847 29985 
63110 30834 32937 32935 
63111 29596 32758 30570 
63112 30114 32895 30112 
63113 32793 33263 31871 
63114 28423 32876 30695 
63115 2141 26511 2142 
63116 27219 32730 32664 
63117 29092 32740 26520 
63118 29883 32685 30152 
63119 26450 32678 1872 
63120 30112 32895 32890 
63121 26387 32968 30530 
63122 32091 32759 30567 
63123 2159 26512 2160 
63124 27645 32762 31950 
63125 1855 26513 1856 
63126 31472 32763 31865 
63127 28886 32766 28424 
63128 30270 33012 29780 
63129 29455 32764 29104 
63130 32762 32765 31950 
63131 29595 32845 30729 
63132 29830 32748 32518 
63133 31950 32765 29322 
63134 32765 32767 29322 
63135 28260 32863 28262 
63136 29844 32879 32878 
63137 29322 32767 31842 
63138 1841 32760 1842 
63139 29875 32849 32769 
63140 29841 32864 29017 
63141 26532 32848 27212 
63142 30572 32862 32752 
63143 30101 33347 32824 
63144 29844 32878 29455 
63145 32767 32768 31842 
63146 30007 32711 30004 
63147 31842 32768 30594 
63148 27145 32770 32743 
63149 29483 32866 28811 
63150 29455 32878 32873 
63151 32879 32881 29023 
63152 29838 32887 29852 
63153 26518 32740 30211 
63154 26659 32925 32917 
63155 32882 32883 29473 
63156 29954 32771 29953 
63157 29968 32868 32857 
63158 29556 32773 29557 
63159 26459 32901 30574 
63160 28345 32774 28890 
63161 29443 32873 29379 
63162 28324 32879 29023 
63163 29994 32847 29989 
63164 29843 32881 31442 
63165 30114 32898 32895 
63166 1560 32834 26331 
63167 1559 32834 1560 
63168 32748 32769 27867 
63169 29024 32882 29473 
63170 29972 32890 32880 
63171 33076 33490 30233 
63172 29848 32883 28861 
63173 32743 32770 29834 
63174 29370 32775 29319 
63175 1853 33398 26515 
63176 27381 32776 27850 
63177 32609 32845 29595 
63178 1830 32831 26320 
63179 1827 32836 26418 
63180 26323 32822 1819 
63181 1821 32823 26448 
63182 26322 32826 1632 
63183 1643 32825 26321 
63184 1740 32832 26324 
63185 26319 32830 1729 
63186 1624 32827 26328 
63187 26353 32777 1784 
63188 26336 32780 1755 
63189 1700 32781 26344 
63190 26342 32779 1762 
63191 26348 32778 1769 
63192 26339 32782 1665 
63193 26341 32784 1798 
63194 26324 32787 1741 
63195 26330 32788 1748 
63196 26328 32786 1625 
63197 1631 32828 26322 
63198 26356 32783 1687 
63199 1657 32785 26333 
63200 26343 32789 1575 
63201 26338 32790 1708 
63202 1581 32824 26349 
63203 26354 32791 1776 
63204 26351 32792 1679 
63205 1783 32794 26353 
63206 1596 32793 26352 
63207 1686 32795 26356 
63208 1785 32777 26470 
63209 1770 32778 26483 
63210 1756 32780 26473 
63211 1763 32779 26484 
63212 26486 32781 1699 
63213 1799 32784 26488 
63214 1666 32782 26475 
63215 1626 32786 26485 
63216 1749 32788 26494 
63217 1742 32787 26495 
63218 1688 32783 26481 
63219 26482 32785 1656 
63220 1576 32789 26499 
63221 1709 32790 26502 
63222 26426 32833 1738 
63223 26440 32835 1732 
63224 1777 32791 26479 
63225 1680 32792 26472 
63226 26478 32793 1595 
63227 26505 32794 1782 
63228 26506 32795 1685 
63229 26415 32838 1795 
63230 26447 32837 1586 
63231 1698 32796 26486 
63232 26481 32797 1689 
63233 26489 32804 1620 
63234 26480 32803 1584 
63235 1655 32802 26482 
63236 26473 32799 1757 
63237 26475 32798 1667 
63238 1608 32800 26476 
63239 26484 32801 1764 
63240 26488 32805 1800 
63241 26490 32807 1807 
63242 26493 32806 1724 
63243 26477 32808 1703 
63244 26434 32829 1629 
63245 26495 32809 1743 
63246 26494 32810 1750 
63247 1601 32812 26498 
63248 1572 32813 26500 
63249 26499 32811 1577 
63250 26503 32814 1660 
63251 26502 32815 1710 
63252 26428 32796 1697 
63253 1690 32797 26425 
63254 1758 32799 26414 
63255 1765 32801 26419 
63256 1801 32805 26423 
63257 26429 32802 1654 
63258 1585 32803 26447 
63259 1621 32804 26443 
63260 1668 32798 26437 
63261 26442 32800 1607 
63262 1808 32807 26424 
63263 1725 32806 26431 
63264 1744 32809 26417 
63265 1751 32810 26416 
63266 26433 32812 1600 
63267 26445 32813 1571 
63268 1578 32811 26427 
63269 1704 32808 26432 
63270 1711 32815 26420 
63271 1661 32814 26438 
63272 26472 32817 1681 
63273 26479 32816 1778 
63274 1594 32818 26478 
63275 1781 32819 26505 
63276 1684 32821 26506 
63277 26504 32820 1591 
63278 1779 32816 26363 
63279 1682 32817 26364 
63280 26365 32818 1593 
63281 26364 32821 1683 
63282 26363 32819 1780 
63283 1592 32820 26365 
63284 1829 32831 1830 
63285 31057 33254 30453 
63286 1826 32836 1827 
63287 1819 32822 1820 
63288 1820 32823 1821 
63289 1632 32826 1633 
63290 1642 32825 1643 
63291 1739 32832 1740 
63292 1729 32830 1730 
63293 1623 32827 1624 
63294 1784 32777 1785 
63295 1755 32780 1756 
63296 1741 32787 1742 
63297 1699 32781 1700 
63298 1762 32779 1763 
63299 1769 32778 1770 
63300 1748 32788 1749 
63301 1798 32784 1799 
63302 1665 32782 1666 
63303 1625 32786 1626 
63304 1630 32828 1631 
63305 1687 32783 1688 
63306 1656 32785 1657 
63307 1575 32789 1576 
63308 1708 32790 1709 
63309 1580 32824 1581 
63310 1776 32791 1777 
63311 1679 32792 1680 
63312 1782 32794 1783 
63313 1595 32793 1596 
63314 1685 32795 1686 
63315 1795 32838 1796 
63316 1738 32833 1739 
63317 1732 32835 1733 
63318 1586 32837 1587 
63319 1629 32829 1630 
63320 1697 32796 1698 
63321 1757 32799 1758 
63322 1764 32801 1765 
63323 1800 32805 1801 
63324 1689 32797 1690 
63325 1620 32804 1621 
63326 1807 32807 1808 
63327 1654 32802 1655 
63328 1724 32806 1725 
63329 1584 32803 1585 
63330 1667 32798 1668 
63331 1750 32810 1751 
63332 1607 32800 1608 
63333 1703 32808 1704 
63334 1743 32809 1744 
63335 1600 32812 1601 
63336 1571 32813 1572 
63337 1710 32815 1711 
63338 1577 32811 1578 
63339 1660 32814 1661 
63340 1778 32816 1779 
63341 1681 32817 1682 
63342 1593 32818 1594 
63343 1683 32821 1684 
63344 1780 32819 1781 
63345 1591 32820 1592 
63346 27867 32769 32511 
63347 31082 32888 28825 
63348 30394 33443 28210 
63349 30525 32956 30293 
63350 32840 32891 26393 
63351 1873 32678 26510 
63352 30156 33092 26501 
63353 32665 32855 30641 
63354 29843 32882 32881 
63355 29488 32894 30050 
63356 29848 32884 32883 
63357 1941 32839 26385 
63358 1953 32840 26393 
63359 28780 32867 30683 
63360 32950 32955 29851 
63361 26495 33219 32809 
63362 29950 32896 29125 
63363 1648 32842 1649 
63364 28591 32841 28589 
63365 29543 32852 30186 
63366 2143 32649 26453 
63367 29484 32893 29097 
63368 32291 32896 28865 
63369 30855 33428 27775 
63370 27212 32865 26530 
63371 31343 32864 32754 
63372 30581 32852 29541 
63373 26444 32842 1648 
63374 30186 32889 30274 
63375 26454 32726 2158 
63376 29993 32885 30189 
63377 26342 33378 31429 
63378 28780 32855 32665 
63379 30557 33041 30320 
63380 26526 32874 27225 
63381 29124 32846 29030 
63382 26536 32844 26534 
63383 29489 32900 29936 
63384 30020 32900 29490 
63385 32227 33458 31819 
63386 28499 32898 32234 
63387 29588 32843 30678 
63388 28636 32867 28780 
63389 28642 32867 28638 
63390 32754 32864 29841 
63391 30641 32855 30239 
63392 29455 32873 32764 
63393 30170 33399 26297 
63394 30316 32928 30315 
63395 33172 33176 32797 
63396 26534 32848 26532 
63397 26384 32850 2025 
63398 31109 32853 30057 
63399 1678 32859 26351 
63400 29901 32894 32477 
63401 33141 33441 28880 
63402 29989 32847 29986 
63403 31826 33499 29499 
63404 30601 32964 27218 
63405 32844 32848 26534 
63406 26462 32886 2153 
63407 29851 32967 32950 
63408 30356 32860 30354 
63409 32770 32843 29588 
63410 29592 33002 32856 
63411 29561 32869 29562 
63412 29924 33394 29926 
63413 32849 32857 28073 
63414 32525 33201 32234 
63415 32764 32873 29443 
63416 32511 32849 28073 
63417 32558 32892 26578 
63418 2154 32886 26368 
63419 28519 32908 28517 
63420 29514 32908 28871 
63421 1706 32870 1707 
63422 26425 33176 33174 
63423 30361 33439 30031 
63424 26511 32649 2142 
63425 32769 32849 32511 
63426 32877 32924 30526 
63427 29850 32955 32954 
63428 31641 32909 31643 
63429 33000 33009 28236 
63430 26514 33452 30231 
63431 29541 32852 29543 
63432 30770 32919 28873 
63433 30478 33094 30477 
63434 30837 32917 30840 
63435 29937 33498 29565 
63436 2159 32726 26512 
63437 32766 32876 28423 
63438 32876 32911 30695 
63439 32007 32913 32009 
63440 28272 32914 31178 
63441 28768 32914 28270 
63442 32011 32913 32010 
63443 32822 32823 1820 
63444 1739 32833 32832 
63445 1630 32829 32828 
63446 30848 32907 32892 
63447 27218 32912 27214 
63448 1933 32858 1934 
63449 30851 32872 28774 
63450 29498 32915 31322 
63451 2160 32725 2161 
63452 28264 32918 28266 
63453 29483 32969 32866 
63454 1994 32942 26411 
63455 28073 32857 32434 
63456 32827 33035 31795 
63457 2145 33081 33011 
63458 29463 32904 28652 
63459 31773 32920 32105 
63460 1677 32859 1678 
63461 30320 32905 30318 
63462 32912 32964 30190 
63463 26568 32921 26570 
63464 27726 32861 27738 
63465 1691 32897 1692 
63466 32761 33314 26371 
63467 26562 32923 26564 
63468 31783 32862 29841 
63469 32841 32915 30225 
63470 28262 32863 28788 
63471 28774 32872 32624 
63472 29017 32864 29637 
63473 30695 32911 28354 
63474 28266 32924 28268 
63475 29451 32969 30025 
63476 28811 32866 29452 
63477 30187 32885 32595 
63478 26530 32865 26528 
63479 32866 32871 29452 
63480 32861 32889 30186 
63481 1707 32870 26338 
63482 29452 32871 29851 
63483 30097 33214 26454 
63484 30227 32869 29561 
63485 27801 32928 27863 
63486 33056 33234 29180 
63487 32434 32868 27878 
63488 32857 32868 32434 
63489 28638 32867 28636 
63490 32797 33176 26425 
63491 32868 32880 27878 
63492 29844 32881 32879 
63493 29866 32929 29582 
63494 29584 32929 30095 
63495 29379 32873 32116 
63496 1957 32875 1958 
63497 32640 32902 32887 
63498 29843 32883 32882 
63499 32878 32879 28726 
63500 33017 33034 30270 
63501 32873 32878 32116 
63502 26528 32874 26526 
63503 30245 32876 32766 
63504 30215 33068 30214 
63505 26375 32970 2096 
63506 28726 32879 28324 
63507 32116 32878 28726 
63508 2153 32886 2154 
63509 30247 32876 30245 
63510 31442 32881 29844 
63511 32948 32949 27168 
63512 30834 32935 30835 
63513 29023 32882 29024 
63514 28861 32883 29843 
63515 26659 32931 26548 
63516 29473 32884 30191 
63517 27878 32880 32347 
63518 32865 32874 26528 
63519 26552 32934 27148 
63520 27216 32887 32730 
63521 27213 32889 32861 
63522 32881 32882 29023 
63523 26393 32891 30596 
63524 30885 32949 32948 
63525 32883 32884 29473 
63526 32624 32872 29450 
63527 29461 32979 29607 
63528 29124 32856 32846 
63529 26508 32944 1547 
63530 32595 32885 29993 
63531 29842 32888 31082 
63532 30363 33264 31213 
63533 1639 33150 32682 
63534 28591 32915 32841 
63535 32008 32938 32006 
63536 30122 33285 26340 
63537 31938 32938 32397 
63538 32640 32887 27216 
63539 28787 32941 28252 
63540 29780 33017 30270 
63541 32730 32887 29838 
63542 32880 32890 32347 
63543 32347 32890 28365 
63544 32872 32892 29450 
63545 30884 32946 30881 
63546 32890 32895 28365 
63547 33294 33455 32972 
63548 32945 32946 27166 
63549 1548 32944 26451 
63550 30882 32946 32945 
63551 29097 32893 29892 
63552 31271 32974 29498 
63553 32911 32932 28354 
63554 32141 33299 26496 
63555 30877 32949 30873 
63556 29450 32892 32558 
63557 1731 32926 26440 
63558 28260 32987 32863 
63559 26564 32947 26566 
63560 26512 32851 32725 
63561 32647 32927 29860 
63562 29994 32964 32847 
63563 28365 32895 32299 
63564 32477 32894 29488 
63565 30877 32959 32921 
63566 29125 32896 32291 
63567 29850 32954 30890 
63568 30876 32952 30874 
63569 27397 32958 27408 
63570 27396 32958 27394 
63571 26512 32725 2160 
63572 27176 32951 32001 
63573 28088 32966 28086 
63574 26425 33174 32897 
63575 26572 32959 27176 
63576 26425 32897 1691 
63577 28786 32960 29032 
63578 32526 33046 26412 
63579 30292 32982 30520 
63580 26295 32899 2081 
63581 32299 32898 28499 
63582 32895 32898 32299 
63583 28711 32967 28791 
63584 32866 32969 29451 
63585 30286 32901 26459 
63586 30028 32968 30054 
63587 29490 32900 29489 
63588 30553 33433 30390 
63589 30266 33012 30270 
63590 28623 33189 30553 
63591 30607 33316 26367 
63592 1788 32936 1789 
63593 30247 32911 32876 
63594 30308 33106 26301 
63595 30398 33437 32680 
63596 28354 32932 30715 
63597 32936 33498 29937 
63598 26332 33327 32409 
63599 26461 33502 30442 
63600 30113 32981 30114 
63601 30846 32907 30848 
63602 32032 32971 29519 
63603 29518 32971 30609 
63604 30464 32953 30461 
63605 32863 32991 28788 
63606 1574 32943 26343 
63607 26500 32943 1573 
63608 1854 33482 26515 
63609 31086 32973 29464 
63610 29466 32973 30038 
63611 30592 32912 30190 
63612 1999 32903 2000 
63613 26367 32961 1869 
63614 30128 33352 26359 
63615 26403 32992 30514 
63616 32874 32979 27225 
63617 1616 33473 32020 
63618 32871 32967 29851 
63619 1922 32992 1923 
63620 1870 32961 32583 
63621 30318 32905 30321 
63622 32847 32964 30601 
63623 28652 32904 29453 
63624 32761 33204 29938 
63625 29976 32977 30696 
63626 30403 32906 30404 
63627 32935 32937 27148 
63628 30844 32916 30846 
63629 32830 32926 1730 
63630 30255 32975 30253 
63631 28871 32908 28519 
63632 30188 32902 32640 
63633 29460 32977 30031 
63634 31668 32909 31641 
63635 32956 32991 30293 
63636 30846 32916 32907 
63637 26578 32907 32485 
63638 28768 32924 32877 
63639 30166 32942 30165 
63640 30842 32922 30844 
63641 31911 32950 32687 
63642 30844 32922 32916 
63643 26329 33250 32220 
63644 30840 32925 30842 
63645 30312 33126 30310 
63646 30249 32911 30247 
63647 32010 32913 32007 
63648 28270 32914 28272 
63649 32907 32916 32485 
63650 32900 33246 29936 
63651 1874 32976 1875 
63652 29522 32984 30011 
63653 32932 32963 30715 
63654 28256 32985 28812 
63655 31322 32915 28591 
63656 30838 32917 30837 
63657 33116 33415 32810 
63658 32863 32987 30294 
63659 28788 32918 28264 
63660 28501 32986 28065 
63661 27842 32986 27841 
63662 28812 32987 28258 
63663 30891 32957 30888 
63664 29851 32955 29850 
63665 28873 32919 29610 
63666 29032 32960 32954 
63667 30577 33018 26415 
63668 31774 32920 31773 
63669 26302 33006 2046 
63670 30842 32925 32922 
63671 32485 32916 27783 
63672 32916 32922 27783 
63673 32976 33452 26514 
63674 30891 32960 32957 
63675 32165 33151 30376 
63676 27168 32921 26568 
63677 2156 33304 30097 
63678 27176 32959 32952 
63679 30171 33202 26405 
63680 30887 32940 30833 
63681 30832 32937 30834 
63682 32093 33010 29789 
63683 30838 32934 32931 
63684 32934 32935 27148 
63685 28791 32967 32871 
63686 26469 33349 32760 
63687 30833 32939 30832 
63688 27783 32922 32375 
63689 27166 32923 26562 
63690 28082 32994 28080 
63691 30405 33401 27256 
63692 26335 32978 1805 
63693 1806 32978 26490 
63694 30833 32940 32939 
63695 30715 32963 28232 
63696 30127 33340 33321 
63697 30882 32945 30887 
63698 30832 32939 32937 
63699 1832 32980 1833 
63700 30006 32996 30008 
63701 30885 32948 30883 
63702 1886 33014 1887 
63703 1652 33288 32425 
63704 31463 32995 32080 
63705 30249 32932 32911 
63706 32917 32931 26659 
63707 28268 32924 28768 
63708 32904 33036 29453 
63709 30158 33243 26493 
63710 30573 32930 30299 
63711 31920 32997 31921 
63712 26485 32983 1627 
63713 1628 32983 26434 
63714 30883 32948 30884 
63715 30050 33284 32826 
63716 30291 32991 30294 
63717 29607 32979 32874 
63718 30257 33000 30258 
63719 32283 32999 31962 
63720 1730 32926 1731 
63721 30887 32945 32940 
63722 29694 33003 29491 
63723 32922 32925 32375 
63724 26468 32990 1558 
63725 30138 33130 30205 
63726 32979 33052 30616 
63727 32375 32925 26659 
63728 31435 32999 32757 
63729 26374 33297 30162 
63730 30453 33363 28838 
63731 27863 32928 28835 
63732 33295 33323 26428 
63733 30510 33074 2124 
63734 29770 33005 29511 
63735 26498 33223 31854 
63736 1918 33027 1919 
63737 26496 33384 32141 
63738 29779 33017 29780 
63739 29582 32929 29584 
63740 26481 33186 33172 
63741 33010 33238 29789 
63742 26355 32993 1589 
63743 1590 32993 26504 
63744 32954 32955 29032 
63745 2140 32998 2141 
63746 30424 33465 29932 
63747 26460 33047 30516 
63748 26307 33439 30361 
63749 30888 32957 30876 
63750 32899 33124 2082 
63751 31760 32927 32647 
63752 26481 33172 32797 
63753 2137 33049 26507 
63754 27849 33008 27384 
63755 27378 33008 31031 
63756 26548 32931 26550 
63757 32923 32946 30884 
63758 30007 32989 32711 
63759 30262 33009 30260 
63760 30167 32933 29592 
63761 32921 32949 30877 
63762 30251 32932 30249 
63763 32931 32934 26550 
63764 30506 33145 33077 
63765 28788 32956 32918 
63766 32409 33461 26332 
63767 26550 32934 26552 
63768 30435 33412 30437 
63769 30835 32935 30838 
63770 28850 33023 31258 
63771 28399 33013 28225 
63772 26488 33131 30168 
63773 30194 33001 30193 
63774 2145 33011 2146 
63775 26449 33049 2136 
63776 26413 32936 1788 
63777 30018 33016 30016 
63778 32105 33084 32104 
63779 29943 33501 30610 
63780 33314 33423 26371 
63781 30610 33501 26491 
63782 26294 33246 32900 
63783 30033 33265 30528 
63784 29480 33018 30577 
63785 27148 32937 32254 
63786 1824 33004 26358 
63787 28090 32988 28088 
63788 32077 33018 29479 
63789 30203 33019 30201 
63790 31668 33257 33225 
63791 32006 32938 31938 
63792 32937 32939 32254 
63793 1559 32990 32834 
63794 29494 33020 32220 
63795 30493 33070 29469 
63796 30149 33063 30150 
63797 29492 33023 28849 
63798 27821 33025 31323 
63799 32939 32940 27708 
63800 28287 33017 30859 
63801 32254 32939 27708 
63802 31668 33225 32909 
63803 27708 32940 32139 
63804 28776 33002 32631 
63805 33323 33360 32796 
63806 30201 33019 29559 
63807 29931 33025 29932 
63808 28252 32941 28254 
63809 1993 32942 1994 
63810 29511 33028 29475 
63811 1573 32943 1574 
63812 30789 33029 28837 
63813 30251 32963 32932 
63814 30294 32991 32863 
63815 29498 32974 32915 
63816 1802 33010 1803 
63817 32940 32945 32139 
63818 32950 32967 28712 
63819 26469 33406 33349 
63820 26360 33282 30173 
63821 1547 32944 1548 
63822 31239 33056 29180 
63823 26435 33015 1676 
63824 30075 33073 26407 
63825 2063 33053 2064 
63826 29939 33354 32786 
63827 2130 33064 26457 
63828 32687 32950 28712 
63829 30881 32946 30882 
63830 32139 32945 27166 
63831 29674 33031 29501 
63832 29502 33031 30162 
63833 31243 33032 28839 
63834 1545 33026 1546 
63835 26402 33055 1948 
63836 29873 33032 29185 
63837 32572 33019 28810 
63838 27396 33133 32958 
63839 32783 33198 33186 
63840 26566 32947 27168 
63841 30873 32949 30885 
63842 30062 33411 30223 
63843 30264 33034 30265 
63844 26305 33064 2129 
63845 32020 33039 31858 
63846 29476 33037 29478 
63847 2036 33063 26378 
63848 31867 33320 31868 
63849 32001 32951 29343 
63850 30874 32952 30877 
63851 1869 32961 1870 
63852 2109 33118 32686 
63853 30461 32953 30463 
63854 32820 33110 26365 
63855 32856 33002 28776 
63856 30890 32954 30891 
63857 30288 33149 30287 
63858 31804 33028 32753 
63859 32851 33302 29916 
63860 32753 33028 26421 
63861 1838 33022 1839 
63862 32957 32960 29343 
63863 29032 32955 31911 
63864 27394 32958 27397 
63865 1664 33021 26339 
63866 30100 33040 30103 
63867 26570 32959 26572 
63868 32495 33038 26418 
63869 30183 32965 30184 
63870 29343 32960 28786 
63871 30838 32931 32917 
63872 33219 33483 32809 
63873 28086 32966 28236 
63874 1922 33279 32992 
63875 32783 33186 26481 
63876 30253 32963 30251 
63877 30164 33048 31080 
63878 32371 33039 30157 
63879 32663 33007 28642 
63880 29938 33314 32761 
63881 26316 33072 1898 
63882 1899 33072 26461 
63883 29594 33047 30780 
63884 27408 33044 27399 
63885 28712 32967 28711 
63886 30138 33252 30137 
63887 26428 33323 32796 
63888 29766 33050 30136 
63889 30190 32964 29994 
63890 2114 33073 2115 
63891 30903 32968 30028 
63892 2125 33074 26409 
63893 30076 32969 29483 
63894 29510 33048 30043 
63895 27168 32949 32921 
63896 1635 33030 1636 
63897 33020 33430 30610 
63898 26431 33033 1726 
63899 29457 33052 28868 
63900 30277 33470 30276 
63901 2096 32970 2097 
63902 30161 33091 26347 
63903 26443 33035 1622 
63904 27166 32946 32923 
63905 30430 33054 30434 
63906 29952 33051 32061 
63907 30470 33085 30474 
63908 26418 33038 1828 
63909 29485 33059 31867 
63910 28355 33054 31393 
63911 26501 33486 30156 
63912 29932 33062 29930 
63913 29519 32971 29518 
63914 29919 33061 31759 
63915 30205 33252 30138 
63916 30838 32935 32934 
63917 1851 33071 26509 
63918 30437 33412 28203 
63919 32941 32985 28254 
63920 1677 33015 32859 
63921 1599 33043 26433 
63922 29469 33070 30738 
63923 26311 33098 30495 
63924 32898 32972 32234 
63925 29673 33070 29674 
63926 26432 33045 1705 
63927 29464 32973 29466 
63928 30225 32974 30226 
63929 1835 33046 26497 
63930 26412 33046 1834 
63931 26515 33482 1853 
63932 26452 33071 1850 
63933 30094 33050 32584 
63934 32686 33118 30091 
63935 31921 33069 32237 
63936 26479 33179 30147 
63937 32800 32984 26476 
63938 28232 32988 28090 
63939 29605 33057 30068 
63940 1706 33045 32870 
63941 29935 33124 32899 
63942 32954 32960 30891 
63943 28814 33079 28089 
63944 1623 33035 32827 
63945 30073 33377 33138 
63946 1736 33058 1737 
63947 1761 33060 26342 
63948 29836 33488 30380 
63949 2150 33067 26318 
63950 30509 33210 26375 
63951 1829 33038 32831 
63952 30258 32975 30255 
63953 26297 33399 30566 
63954 32952 32959 30877 
63955 31020 33086 28848 
63956 26463 33067 2149 
63957 30191 33083 29472 
63958 26510 32976 1874 
63959 26444 33158 32842 
63960 30696 32977 29460 
63961 26333 33065 1658 
63962 1659 33065 26503 
63963 26420 33066 1712 
63964 30054 33170 30027 
63965 30884 32948 32947 
63966 29089 33078 29463 
63967 28541 33093 28826 
63968 32796 33360 26486 
63969 33011 33081 30005 
63970 1805 32978 1806 
63971 32234 33455 32525 
63972 32870 33045 29866 
63973 31453 33096 31456 
63974 26513 33429 33108 
63975 28642 33007 32910 
63976 30258 33000 32966 
63977 30532 33200 30382 
63978 1833 32980 26412 
63979 32008 33278 26417 
63980 30397 33088 30398 
63981 32915 32974 30225 
63982 26325 33075 1722 
63983 1723 33075 26493 
63984 32568 33090 32473 
63985 33023 33435 31258 
63986 26410 33362 30179 
63987 30487 33029 30486 
63988 26380 33118 2108 
63989 27305 33102 31027 
63990 28054 33102 27307 
63991 30545 33421 30171 
63992 33064 33203 26457 
63993 30287 33149 2106 
63994 30876 32957 32951 
63995 30404 33006 30402 
63996 31457 33103 32283 
63997 30799 33105 29889 
63998 30300 33128 31113 
63999 32392 33104 29575 
64000 26427 33087 1579 
64001 26453 33081 2144 
64002 28615 33094 30758 
64003 1627 32983 1628 
64004 1610 33089 26340 
64005 26476 33089 1609 
64006 26467 33100 1554 
64007 2083 33124 26382 
64008 27841 33111 27838 
64009 1555 33100 26361 
64010 31742 33110 29795 
64011 28612 33495 30314 
64012 30314 33495 28628 
64013 26347 33091 1791 
64014 1792 33091 26471 
64015 29977 32984 29522 
64016 26501 33092 1613 
64017 1614 33092 26430 
64018 30637 33123 30636 
64019 28254 32985 28256 
64020 29938 33101 29503 
64021 28065 32986 27842 
64022 32860 33079 28814 
64023 28258 32987 28260 
64024 30068 33090 29604 
64025 32910 33007 30280 
64026 28084 33024 28082 
64027 30661 33132 28906 
64028 29505 33101 30049 
64029 31432 33223 32812 
64030 32020 33245 1616 
64031 31744 33119 26413 
64032 32015 33116 32296 
64033 30011 33113 30012 
64034 1849 33115 26452 
64035 30142 33416 26458 
64036 32521 33113 32522 
64037 30114 32972 32898 
64038 28830 33117 30779 
64039 30041 33117 31177 
64040 30507 33077 30316 
64041 26382 33432 33041 
64042 1558 32990 1559 
64043 30293 32991 30291 
64044 30193 32989 30007 
64045 29565 33119 29526 
64046 31743 33119 31744 
64047 1923 32992 26403 
64048 1580 33087 32824 
64049 26286 33138 2111 
64050 30228 33215 26312 
64051 1589 32993 1590 
64052 27822 33121 27821 
64053 28236 33024 28084 
64054 31681 33122 31682 
64055 30018 33409 33016 
64056 30730 33130 30138 
64057 32807 32995 26424 
64058 28908 33351 32905 
64059 32958 33133 30338 
64060 30498 33097 30500 
64061 29956 33095 29955 
64062 26349 33114 1582 
64063 1583 33114 26480 
64064 32947 32948 27168 
64065 28080 32994 28287 
64066 32803 33051 26447 
64067 30330 33044 30333 
64068 28882 33036 30770 
64069 29478 33392 30647 
64070 30036 33129 29563 
64071 30008 32996 30195 
64072 30381 33175 29836 
64073 32951 32957 29343 
64074 30126 33187 30127 
64075 30591 33154 30036 
64076 27775 33133 27402 
64077 31464 32995 31463 
64078 32367 33130 28797 
64079 30026 32997 31920 
64080 26292 33146 2117 
64081 30440 33234 33056 
64082 26372 33134 1847 
64083 33360 33403 26486 
64084 30297 33128 30300 
64085 29580 33137 29866 
64086 32169 33184 26438 
64087 32380 33242 29591 
64088 30192 33260 26362 
64089 2141 32998 26511 
64090 31962 32999 31435 
64091 26414 33183 30269 
64092 30260 33000 30257 
64093 32699 33122 32700 
64094 1636 33125 1637 
64095 29525 33139 29842 
64096 28422 33143 30405 
64097 1734 33127 26359 
64098 2107 33149 26380 
64099 31180 33140 28933 
64100 29130 33140 29165 
64101 29491 33003 29492 
64102 30316 33077 32928 
64103 26356 33198 32783 
64104 2064 33155 2065 
64105 30276 33470 32998 
64106 28625 33141 28547 
64107 30042 33098 30501 
64108 1823 33004 1824 
64109 32631 33002 32632 
64110 30283 33012 30266 
64111 30209 33001 30194 
64112 26352 33199 30272 
64113 26487 33135 1563 
64114 1564 33135 26446 
64115 28403 33153 30584 
64116 31393 33144 28617 
64117 31060 33145 29872 
64118 32272 33005 29770 
64119 2059 33109 2060 
64120 2115 33161 2116 
64121 26356 33220 33198 
64122 30647 33292 29478 
64123 32682 33150 29946 
64124 26277 33163 2099 
64125 2100 33163 30545 
64126 30361 33222 1910 
64127 26492 33461 32409 
64128 30537 33276 30492 
64129 2046 33006 2047 
64130 29457 33068 33052 
64131 33022 33476 1839 
64132 28810 33136 32367 
64133 33063 33181 30150 
64134 32909 33208 31643 
64135 30220 33093 30219 
64136 30442 33502 29551 
64137 26362 33310 30192 
64138 26422 33209 31428 
64139 32835 33127 1733 
64140 26418 33164 32495 
64141 27850 33151 27851 
64142 28838 33153 28407 
64143 28404 33153 28403 
64144 28091 33148 28178 
64145 27854 33151 32165 
64146 30065 33055 30015 
64147 32698 33169 32697 
64148 27384 33008 27378 
64149 29571 33147 30125 
64150 32834 33156 26331 
64151 33039 33393 30157 
64152 2069 33170 2070 
64153 30265 33009 30262 
64154 30582 33214 29597 
64155 29453 33007 32663 
64156 32472 33147 32471 
64157 30855 33227 30337 
64158 30265 33034 32994 
64159 26423 33238 33010 
64160 29866 33137 32870 
64161 26431 33414 32251 
64162 32697 33169 29881 
64163 26423 33010 1802 
64164 30469 33359 26288 
64165 32966 33000 28236 
64166 29925 33160 29924 
64167 28210 33182 30396 
64168 29512 33156 29612 
64169 26290 33181 2034 
64170 2146 33011 26370 
64171 28225 33013 28224 
64172 30486 33274 26282 
64173 26303 33014 1886 
64174 30535 33371 30491 
64175 1676 33015 1677 
64176 30087 33167 30088 
64177 30859 33017 29779 
64178 30490 33330 30489 
64179 29955 33165 29863 
64180 29862 33165 30146 
64181 28044 33166 28045 
64182 32975 32988 28232 
64183 32992 33279 30024 
64184 30528 33265 1937 
64185 30016 33016 30065 
64186 2049 33191 2050 
64187 32495 33164 31995 
64188 30406 33042 28288 
64189 26357 33150 1638 
64190 30181 33157 26410 
64191 30541 33168 30561 
64192 1913 33193 1914 
64193 30223 33411 2134 
64194 30204 33252 30205 
64195 32227 33142 32832 
64196 29563 33129 30177 
64197 32019 33365 26334 
64198 30770 33036 32904 
64199 29479 33018 29480 
64200 30512 33086 30513 
64201 26304 33477 30175 
64202 32930 33128 30299 
64203 30281 33300 30282 
64204 30607 33262 29867 
64205 28411 33175 31057 
64206 29836 33175 31293 
64207 31667 33174 31647 
64208 30314 33126 30312 
64209 32919 33413 29610 
64210 26486 33403 32781 
64211 26329 33159 1812 
64212 1813 33159 26491 
64213 1857 33152 26455 
64214 30458 33397 30459 
64215 29842 33120 32888 
64216 30390 33492 30553 
64217 29493 33020 29494 
64218 30553 33492 29555 
64219 32928 33077 28835 
64220 30114 32981 32972 
64221 1846 33173 26372 
64222 29559 33019 32572 
64223 26466 33173 1845 
64224 26493 33243 32806 
64225 1912 33211 1913 
64226 1663 33021 1664 
64227 26499 33040 32811 
64228 26326 33022 1838 
64229 27663 33182 28210 
64230 28849 33023 28850 
64231 27256 33182 27257 
64232 30269 33183 29915 
64233 26312 33215 1975 
64234 1546 33026 26508 
64235 31323 33025 29931 
64236 31994 33187 28847 
64237 30562 33318 29934 
64238 32017 33187 30126 
64239 30499 33097 30498 
64240 26513 33152 1856 
64241 26404 33027 1918 
64242 32338 33183 31861 
64243 31027 33196 27318 
64244 32794 33104 26353 
64245 30082 33194 31427 
64246 29475 33028 31804 
64247 30272 33199 29906 
64248 32850 33370 2026 
64249 1911 33222 26399 
64250 26448 33171 1822 
64251 1767 33253 30146 
64252 29888 33202 30171 
64253 26408 33228 30536 
64254 29144 33029 30789 
64255 30609 33195 26491 
64256 32605 33194 30083 
64257 33091 33167 26471 
64258 1588 33177 26355 
64259 30159 33273 30161 
64260 29933 33387 29934 
64261 32340 33199 31871 
64262 32234 33201 32233 
64263 26451 33204 1549 
64264 26436 33178 1641 
64265 30280 33036 28882 
64266 30504 33232 30506 
64267 32795 33220 26356 
64268 32905 33351 30321 
64269 30105 33207 29564 
64270 30363 33402 26293 
64271 29610 33203 29558 
64272 26421 33180 1719 
64273 32795 33237 33220 
64274 26350 33208 32909 
64275 31645 33208 31667 
64276 32936 33233 1789 
64277 26438 33184 1662 
64278 29934 33387 32681 
64279 30258 32988 32975 
64280 32897 33192 1692 
64281 26438 33343 32169 
64282 30638 33266 30637 
64283 1714 33188 26332 
64284 31824 33212 29530 
64285 26441 33030 1635 
64286 30536 33435 33023 
64287 26346 33190 1604 
64288 32301 33212 31824 
64289 32739 33169 29907 
64290 1693 33192 26350 
64291 30582 33302 32726 
64292 30310 33296 26290 
64293 1919 33246 1920 
64294 26382 33041 30557 
64295 30356 33079 32860 
64296 26303 33082 33014 
64297 29501 33031 29502 
64298 26491 33195 1814 
64299 1815 33195 26439 
64300 31764 33218 31766 
64301 29185 33032 31243 
64302 26496 33197 1674 
64303 1675 33197 26435 
64304 1726 33033 1727 
64305 30071 33219 30070 
64306 26409 33251 2126 
64307 29831 33213 30192 
64308 29500 33158 29499 
64309 26277 33376 30198 
64310 32424 33218 31765 
64311 30086 33270 26455 
64312 30860 33098 30042 
64313 2139 33348 13 
64314 28613 33221 28398 
64315 30125 33213 29829 
64316 26371 33423 32742 
64317 30156 33486 30123 
64318 30270 33034 30264 
64319 26355 33177 32771 
64320 1622 33035 1623 
64321 2050 33261 2051 
64322 29860 33328 30147 
64323 32425 33288 32424 
64324 30127 33321 26358 
64325 30336 33227 30340 
64326 31868 33099 32315 
64327 29778 33226 32392 
64328 1938 33265 26276 
64329 30013 33037 29476 
64330 1828 33038 1829 
64331 13 33348 2140 
64332 32837 33177 1587 
64333 31858 33039 32371 
64334 32897 33174 31667 
64335 26483 33209 1771 
64336 1772 33209 26422 
64337 1642 33178 32825 
64338 31537 33231 32060 
64339 31320 33168 29148 
64340 32078 33248 32838 
64341 32315 33099 30067 
64342 1550 33204 32761 
64343 26400 33272 1989 
64344 29845 33236 30093 
64345 29599 33214 30097 
64346 26422 33216 1773 
64347 29787 33238 29839 
64348 32780 33350 30093 
64349 1566 33504 32757 
64350 26484 33256 30145 
64351 26294 33279 1921 
64352 30599 33325 26360 
64353 29720 33240 31794 
64354 30103 33040 32428 
64355 1996 33281 1997 
64356 30503 33331 32717 
64357 29857 33243 30158 
64358 30447 33249 30451 
64359 30475 33287 30478 
64360 31667 33192 32897 
64361 32837 33337 29953 
64362 31083 33355 30533 
64363 2058 33290 2059 
64364 26350 33225 1694 
64365 33016 33409 30377 
64366 14 33342 1876 
64367 30032 33370 32850 
64368 30072 33255 29846 
64369 2054 33297 26374 
64370 30064 33259 29849 
64371 30001 33293 30003 
64372 30386 33189 33185 
64373 29635 33264 31274 
64374 32092 33259 32093 
64375 29861 33263 30104 
64376 30330 33453 33044 
64377 1598 33043 1599 
64378 1790 33233 26347 
64379 32986 33425 27841 
64380 1603 33235 26346 
64381 26498 33235 1602 
64382 29894 33268 31927 
64383 26346 33235 32205 
64384 27399 33044 28044 
64385 32870 33137 26338 
64386 1705 33045 1706 
64387 29882 33316 30607 
64388 32444 33283 29158 
64389 31784 33269 30145 
64390 32220 33250 32132 
64391 30226 33073 30075 
64392 1844 33260 26466 
64393 1875 33342 14 
64394 30160 33273 30159 
64395 1834 33046 1835 
64396 32705 33440 26463 
64397 26362 33260 1843 
64398 29797 33047 29594 
64399 32056 33201 32525 
64400 28880 33275 28545 
64401 1728 33244 26319 
64402 30373 33420 32776 
64403 31080 33048 29510 
64404 30020 33438 32900 
64405 1797 33248 26341 
64406 26317 33324 30488 
64407 33236 33496 32799 
64408 33047 33291 30516 
64409 1811 33250 26329 
64410 33084 33205 32104 
64411 26419 33253 1766 
64412 2070 33329 2071 
64413 32584 33050 29766 
64414 1696 33257 26428 
64415 2136 33049 2137 
64416 28868 33052 29461 
64417 30233 33080 30206 
64418 30055 33476 33022 
64419 29980 33058 30115 
64420 28894 33292 28613 
64421 30092 33440 30629 
64422 30039 33440 32705 
64423 32061 33051 29944 
64424 32717 33331 29484 
64425 31639 33295 31668 
64426 26314 33053 2063 
64427 29902 33373 29901 
64428 32814 33343 26438 
64429 30048 33057 29605 
64430 1774 33216 31427 
64431 30019 33499 31826 
64432 30429 33054 30430 
64433 2121 33339 2122 
64434 26286 33372 31121 
64435 30278 33298 29853 
64436 30367 33335 31274 
64437 1948 33055 1949 
64438 32140 33299 32141 
64439 29937 33233 32936 
64440 1864 33282 26360 
64441 26415 33336 30577 
64442 32700 33299 32026 
64443 29091 33355 30691 
64444 26366 33457 2133 
64445 32836 33164 26418 
64446 26465 33282 1863 
64447 30368 33309 30372 
64448 1737 33058 26426 
64449 31819 33306 31818 
64450 29487 33059 29485 
64451 30088 33273 32571 
64452 29947 33162 29528 
64453 30209 33112 30063 
64454 33009 33024 28236 
64455 1760 33060 1761 
64456 26417 33278 1745 
64457 31429 33256 32779 
64458 28222 33313 28615 
64459 29930 33062 30033 
64460 31759 33061 31760 
64461 30027 33315 29886 
64462 2119 33362 26410 
64463 2035 33063 2036 
64464 2134 33411 2135 
64465 1634 33284 26441 
64466 2129 33064 2130 
64467 31327 33318 28054 
64468 2027 33370 26284 
64469 26361 33242 32380 
64470 30169 33131 32500 
64471 26340 33285 1611 
64472 1612 33285 26501 
64473 26416 33286 1752 
64474 29934 33318 29150 
64475 32794 33396 33104 
64476 30192 33310 29874 
64477 1991 33477 26304 
64478 2098 33376 26277 
64479 2113 33377 26407 
64480 32801 33269 26419 
64481 30647 33392 30467 
64482 2048 33383 26376 
64483 1651 33288 1652 
64484 29878 33326 30053 
64485 32838 33248 1796 
64486 33097 33271 30500 
64487 32380 33487 32378 
64488 1950 33460 26287 
64489 29868 33327 31799 
64490 30412 33221 30414 
64491 2062 33416 26314 
64492 26458 33416 2061 
64493 1976 33417 1977 
64494 32409 33327 29870 
64495 32776 33420 27850 
64496 1658 33065 1659 
64497 30196 33422 30277 
64498 26368 33304 2155 
64499 2120 33157 2121 
64500 1712 33066 1713 
64501 2149 33067 2150 
64502 32968 33485 30530 
64503 30097 33304 30059 
64504 31777 33500 26345 
64505 31820 33347 30101 
64506 30531 33106 30308 
64507 32942 33120 26411 
64508 32169 33343 32168 
64509 26360 33325 1865 
64510 28438 33351 28437 
64511 1866 33325 26464 
64512 29909 33352 30128 
64513 30115 33352 29908 
64514 29096 33314 29938 
64515 30738 33070 29673 
64516 30616 33068 30215 
64517 29613 33355 31083 
64518 32546 33491 32771 
64519 30035 33353 31330 
64520 30066 33354 29940 
64521 32237 33069 32238 
64522 1816 33317 1817 
64523 28862 33341 32279 
64524 29551 33502 29550 
64525 32909 33225 26350 
64526 1720 33319 1721 
64527 28628 33495 27795 
64528 27797 33495 28612 
64529 26358 33321 1825 
64530 31775 33500 31777 
64531 32900 33438 26294 
64532 32141 33500 31776 
64533 29496 33499 30019 
64534 29835 33488 29836 
64535 1850 33071 1851 
64536 30760 33372 30091 
64537 31432 33364 29903 
64538 32756 33326 31434 
64539 26446 33326 32756 
64540 29471 33085 29960 
64541 1898 33072 1899 
64542 32104 33205 31399 
64543 32378 33487 29426 
64544 30395 33312 30394 
64545 33114 33388 26480 
64546 32994 33034 28287 
64547 32826 33284 1633 
64548 31429 33378 29912 
64549 26318 33123 32481 
64550 29148 33391 28878 
64551 30421 33465 30424 
64552 29944 33388 29900 
64553 26407 33073 2114 
64554 29961 33142 29521 
64555 29499 33499 32453 
64556 30044 33095 29956 
64557 30171 33421 30755 
64558 29948 33467 29959 
64559 2124 33074 2125 
64560 26471 33336 1793 
64561 1794 33336 26415 
64562 30285 33082 26303 
64563 28210 33443 27665 
64564 28203 33412 27673 
64565 30374 33409 30376 
64566 30031 33439 29182 
64567 30413 33407 30412 
64568 1722 33075 1723 
64569 28470 33424 29058 
64570 30151 33442 31405 
64571 1569 33338 1570 
64572 30335 33446 30338 
64573 30030 33418 31997 
64574 29070 33487 29591 
64575 32771 33491 26355 
64576 30091 33372 32686 
64577 1852 33398 1853 
64578 30168 33131 30169 
64579 32406 33464 30010 
64580 27388 33309 32776 
64581 33100 33242 26361 
64582 30399 33401 30405 
64583 29943 33430 32004 
64584 32717 33391 30542 
64585 30450 33363 30453 
64586 29945 33382 32527 
64587 2060 33109 26458 
64588 29969 33406 30055 
64589 30414 33292 30647 
64590 28438 33224 30322 
64591 28089 33079 28091 
64592 29560 33078 29089 
64593 26446 33504 1565 
64594 26312 33488 30228 
64595 31817 33464 32682 
64596 26363 33454 32819 
64597 32682 33464 26436 
64598 26430 33393 33039 
64599 30206 33080 29885 
64600 30390 33433 30384 
64601 2144 33081 2145 
64602 1840 33476 26469 
64603 32798 33084 26437 
64604 29484 33391 32717 
64605 26331 33366 1561 
64606 1562 33366 26487 
64607 26334 33365 1618 
64608 1619 33365 26489 
64609 26413 33449 31744 
64610 33285 33486 26501 
64611 32813 33311 26500 
64612 26487 33366 32698 
64613 29472 33083 29894 
64614 33019 33136 28810 
64615 32920 33084 32105 
64616 28848 33086 30814 
64617 26345 33384 1672 
64618 1673 33384 26496 
64619 30501 33098 26311 
64620 1615 33473 1616 
64621 26424 33472 1809 
64622 1826 33321 32836 
64623 26288 33085 30470 
64624 26332 33461 1715 
64625 1716 33461 26492 
64626 1579 33087 1580 
64627 26470 33449 1786 
64628 1787 33449 26413 
64629 1650 33445 26327 
64630 30110 33203 33064 
64631 30400 33088 30397 
64632 30401 33143 30403 
64633 32776 33309 30370 
64634 32756 33504 26446 
64635 33137 33217 26338 
64636 32425 33447 1652 
64637 1609 33089 1610 
64638 33243 33414 32806 
64639 26506 33237 32795 
64640 1791 33091 1792 
64641 26512 33302 32851 
64642 1613 33092 1614 
64643 30148 33179 32605 
64644 15 33369 1545 
64645 30477 33094 30480 
64646 33029 33346 28837 
64647 31629 33462 31631 
64648 28543 33093 28541 
64649 29604 33090 32568 
64650 26429 33083 32802 
64651 30089 33344 29891 
64652 26370 33293 32705 
64653 32786 33354 26485 
64654 29892 33494 30661 
64655 1854 33429 1855 
64656 31452 33096 31453 
64657 33044 33453 28044 
64658 26295 33387 32899 
64659 29514 33097 32908 
64660 30387 33185 33042 
64661 30405 33143 30401 
64662 31087 33200 29091 
64663 32842 33445 1649 
64664 29492 33371 33023 
64665 31861 33496 33236 
64666 32705 33293 30039 
64667 26506 33277 33237 
64668 31766 33445 32842 
64669 2161 33369 15 
64670 29885 33468 29884 
64671 30174 33298 26489 
64672 30265 33024 33009 
64673 1554 33100 1555 
64674 30278 33332 26443 
64675 30231 33452 33076 
64676 30417 33425 32986 
64677 26334 33245 32018 
64678 33005 33180 26421 
64679 32927 33454 26363 
64680 32778 33095 26483 
64681 27307 33102 27305 
64682 29503 33101 29505 
64683 31459 33103 31457 
64684 29575 33104 29919 
64685 26437 33084 32920 
64686 32995 33247 32080 
64687 29521 33142 32227 
64688 29920 33105 30799 
64689 32814 33497 33343 
64690 29918 33475 29917 
64691 29917 33107 32447 
64692 30380 33267 30381 
64693 26321 33212 32301 
64694 32447 33107 30143 
64695 1823 33171 33004 
64696 33052 33068 30616 
64697 30139 33109 30141 
64698 30324 33224 30327 
64699 26434 33099 32829 
64700 29795 33110 30034 
64701 27838 33111 27837 
64702 33098 33258 30495 
64703 32565 33154 26465 
64704 26411 33280 1995 
64705 32824 33347 26349 
64706 30380 33488 26312 
64707 32965 33418 30030 
64708 33093 33275 30219 
64709 29533 33223 31432 
64710 32428 33474 31538 
64711 1582 33114 1583 
64712 30210 33112 30209 
64713 1848 33115 1849 
64714 30012 33113 32521 
64715 32199 33116 32015 
64716 32908 33097 30499 
64717 33156 33367 26331 
64718 33210 33361 26375 
64719 33078 33413 29463 
64720 30394 33312 30392 
64721 30162 33297 30163 
64722 30166 33120 32942 
64723 28399 33249 33013 
64724 32970 33376 2097 
64725 31177 33117 28830 
64726 2108 33118 2109 
64727 30222 33399 30170 
64728 1663 33184 33021 
64729 26302 33481 33006 
64730 29526 33119 31743 
64731 33099 33385 30067 
64732 2035 33181 33063 
64733 31994 33340 33187 
64734 32059 33332 30278 
64735 30404 33383 33006 
64736 33104 33396 29919 
64737 29848 33427 32884 
64738 32821 33277 26506 
64739 28394 33404 32055 
64740 27837 33121 27822 
64741 30500 33271 26400 
64742 32984 33410 26476 
64743 30636 33123 30052 
64744 2082 33124 2083 
64745 33030 33373 29902 
64746 30320 33386 32905 
64747 30379 33267 30380 
64748 30495 33258 30497 
64749 1637 33125 26357 
64750 30903 33485 32968 
64751 32821 33305 33277 
64752 31682 33122 32699 
64753 1733 33127 1734 
64754 30578 33322 30342 
64755 1848 33134 33115 
64756 30299 33128 30297 
64757 33205 33334 31399 
64758 26410 33157 2120 
64759 28797 33130 30730 
64760 30100 33303 33040 
64761 32835 33380 32278 
64762 28906 33132 30904 
64763 30153 33497 26503 
64764 30161 33167 33091 
64765 29947 33380 33162 
64766 30358 33230 30355 
64767 1818 33239 26323 
64768 29926 33274 31030 
64769 33250 33472 32132 
64770 32056 33404 33201 
64771 27402 33133 27396 
64772 1847 33134 1848 
64773 32968 33329 30054 
64774 32818 33379 30104 
64775 29567 33256 31429 
64776 32757 33504 32756 
64777 32906 33448 26376 
64778 1563 33135 1564 
64779 26290 33296 33181 
64780 32522 33190 32022 
64781 30205 33136 30203 
64782 32784 33131 26488 
64783 32888 33120 30166 
64784 29578 33137 29580 
64785 30038 33484 29976 
64786 30512 33356 33086 
64787 32972 33455 32234 
64788 29977 33410 32984 
64789 33066 33188 1713 
64790 26404 33307 33027 
64791 32905 33386 30660 
64792 30065 33460 33055 
64793 2111 33138 2112 
64794 26402 33479 33055 
64795 32984 33436 30011 
64796 30350 33505 30347 
64797 32858 33274 29926 
64798 30061 33139 29525 
64799 33006 33383 2047 
64800 33033 33244 1727 
64801 30510 33463 29576 
64802 28933 33140 29130 
64803 29560 33206 33078 
64804 30347 33505 30578 
64805 26338 33217 32790 
64806 30203 33136 33019 
64807 30136 33286 30135 
64808 29528 33162 29609 
64809 30365 33264 30363 
64810 26455 33270 1858 
64811 26515 33398 33108 
64812 28547 33141 28880 
64813 31274 33335 27849 
64814 29952 33337 33051 
64815 29514 33271 33097 
64816 32296 33241 32011 
64817 29898 33227 30855 
64818 31026 33143 28422 
64819 26470 33226 30273 
64820 30093 33350 30094 
64821 28617 33144 32028 
64822 27408 33446 33044 
64823 32011 33241 32913 
64824 28835 33145 31060 
64825 30147 33179 30148 
64826 32807 33247 32995 
64827 26473 33236 32799 
64828 30098 33154 30591 
64829 29980 33306 33058 
64830 29797 33291 33047 
64831 2117 33146 2118 
64832 30487 33346 33029 
64833 33023 33371 30536 
64834 29922 33450 30061 
64835 32832 33142 26324 
64836 26434 33385 33099 
64837 33058 33306 26426 
64838 1617 33245 26334 
64839 1859 33270 30207 
64840 29949 33471 30077 
64841 26321 33368 33212 
64842 32471 33147 29571 
64843 29493 33430 33020 
64844 32020 33473 33039 
64845 30482 33249 30447 
64846 30183 33418 32965 
64847 28178 33148 28862 
64848 30099 33503 33303 
64849 30516 33291 26317 
64850 2106 33149 2107 
64851 1856 33152 1857 
64852 1638 33150 1639 
64853 27851 33151 27854 
64854 32223 33388 33114 
64855 28407 33153 28404 
64856 32973 33193 30038 
64857 26337 33289 1568 
64858 33126 33442 30151 
64859 30598 33262 26464 
64860 2065 33155 26398 
64861 33053 33475 29918 
64862 33106 33494 29892 
64863 30392 33312 32680 
64864 30184 33157 30181 
64865 30229 33215 30228 
64866 29961 33395 33142 
64867 1616 33245 1617 
64868 28543 33275 33093 
64869 33048 33261 30043 
64870 29907 33156 29512 
64871 26387 33329 32968 
64872 26364 33305 32821 
64873 30013 33479 33037 
64874 29610 33300 33203 
64875 28501 33407 32986 
64876 31400 33469 26339 
64877 32009 33278 32008 
64878 1812 33159 1813 
64879 33217 33308 32790 
64880 26318 33456 33123 
64881 28203 33375 30437 
64882 30167 33242 33100 
64883 29929 33160 29925 
64884 33055 33460 1949 
64885 33206 33457 26366 
64886 26478 33263 32793 
64887 32816 33328 26363 
64888 2116 33161 26292 
64889 29609 33162 32926 
64890 33143 33408 30403 
64891 28628 33442 30314 
64892 30146 33253 30096 
64893 32913 33241 26330 
64894 2099 33163 2100 
64895 30427 33301 30429 
64896 31995 33164 31994 
64897 29578 33217 33137 
64898 29863 33165 29862 
64899 30104 33379 31742 
64900 30107 33441 30130 
64901 29881 33169 32739 
64902 28045 33166 28048 
64903 26364 33345 33305 
64904 31452 33311 33096 
64905 32080 33247 31793 
64906 29856 33402 31213 
64907 30044 33489 33095 
64908 33006 33481 30402 
64909 29555 33492 30552 
64910 33013 33249 30482 
64911 32798 33205 33084 
64912 30542 33168 30541 
64913 30048 33108 33057 
64914 32926 33162 26440 
64915 31854 33223 29533 
64916 26325 33493 30178 
64917 32777 33226 26470 
64918 31677 33478 26351 
64919 30076 33358 32969 
64920 33086 33356 30814 
64921 26308 33170 2069 
64922 1822 33171 1823 
64923 31652 33172 31655 
64924 32800 33436 32984 
64925 1845 33173 1846 
64926 31647 33174 31650 
64927 31293 33175 28411 
64928 1817 33239 1818 
64929 29916 33302 30582 
64930 31652 33176 33172 
64931 33174 33176 31650 
64932 30322 33224 30324 
64933 33131 33390 32500 
64934 33095 33489 26483 
64935 33077 33145 28835 
64936 32583 33468 26450 
64937 31650 33176 31652 
64938 33061 33454 31760 
64939 31427 33216 31426 
64940 29932 33465 33062 
64941 26405 33202 30546 
64942 1587 33177 1588 
64943 30355 33230 30356 
64944 1641 33178 1642 
64945 33202 33466 30546 
64946 33172 33186 31655 
64947 32875 33402 29856 
64948 31399 33334 31398 
64949 30099 33303 30100 
64950 30400 33481 33088 
64951 26363 33328 32927 
64952 1719 33180 1720 
64953 2034 33181 2035 
64954 30282 33413 33078 
64955 27257 33182 27663 
64956 30145 33256 29567 
64957 1662 33184 1663 
64958 28288 33185 30906 
64959 32836 33340 33164 
64960 29915 33183 32338 
64961 31655 33186 31657 
64962 33185 33189 30906 
64963 28847 33187 32017 
64964 1713 33188 1714 
64965 33169 33367 29907 
64966 30906 33189 28623 
64967 1604 33190 1605 
64968 32791 33179 26479 
64969 33186 33198 31657 
64970 26376 33191 2049 
64971 1692 33192 1693 
64972 29920 33405 33105 
64973 29889 33466 33202 
64974 26489 33298 32804 
64975 1914 33193 26300 
64976 1858 33270 1859 
64977 30083 33194 30082 
64978 27318 33196 31320 
64979 1814 33195 1815 
64980 32199 33415 33116 
64981 33149 33344 26380 
64982 1674 33197 1675 
64983 31657 33198 31659 
64984 33040 33303 32811 
64985 29906 33199 32340 
64986 30221 33399 30222 
64987 30533 33200 30532 
64988 33041 33386 30320 
64989 33247 33459 31793 
64990 29889 33202 29888 
64991 32233 33201 32136 
64992 32686 33372 26286 
64993 1568 33289 1569 
64994 1549 33204 1550 
64995 32817 33345 26364 
64996 29558 33203 30110 
64997 30433 33301 30427 
64998 26297 33450 30170 
64999 29872 33333 29871 
65000 26300 33193 32973 
65001 33303 33503 26427 
65002 30006 33381 32996 
65003 26462 33266 32886 
65004 29953 33337 29952 
65005 30223 33206 29560 
65006 32817 33374 33345 
65007 29564 33207 29723 
65008 29871 33333 30032 
65009 33123 33456 30052 
65010 31742 33379 33110 
65011 33198 33220 31659 
65012 33138 33377 2112 
65013 31643 33208 31645 
65014 29597 33214 29599 
65015 33108 33429 26515 
65016 1771 33209 1772 
65017 29896 33210 29898 
65018 26416 33415 32773 
65019 30860 33258 33098 
65020 32810 33415 26416 
65021 1652 33447 1653 
65022 26399 33211 1912 
65023 26323 33239 33069 
65024 32806 33414 26431 
65025 29551 33444 30442 
65026 26475 33205 32798 
65027 29530 33212 29964 
65028 26503 33497 32814 
65029 29829 33213 29831 
65030 1975 33215 1976 
65031 1773 33216 1774 
65032 32986 33407 30417 
65033 29577 33217 29578 
65034 33132 33485 30904 
65035 30517 33228 26408 
65036 33146 33362 2118 
65037 31765 33218 31764 
65038 33341 33434 29951 
65039 31659 33220 31661 
65040 32397 33219 30071 
65041 33139 33280 26411 
65042 33055 33479 30015 
65043 27849 33335 33008 
65044 30005 33381 30006 
65045 28398 33221 28501 
65046 29591 33242 30167 
65047 32809 33483 26417 
65048 1910 33222 1911 
65049 33162 33380 26440 
65050 31062 33224 28438 
65051 1694 33225 1695 
65052 32886 33266 30037 
65053 30273 33226 29778 
65054 30094 33350 33050 
65055 33044 33446 30333 
65056 30337 33227 30336 
65057 30552 33492 30390 
65058 32680 33312 30398 
65059 33220 33237 31661 
65060 32974 33357 30226 
65061 33051 33337 26447 
65062 1995 33280 1996 
65063 26357 33382 33150 
65064 31026 33408 33143 
65065 33043 33364 26433 
65066 33142 33395 26324 
65067 33163 33421 30545 
65068 30438 33234 30440 
65069 30122 33486 33285 
65070 33039 33473 26430 
65071 31538 33231 31537 
65072 26284 33232 30504 
65073 29576 33463 30030 
65074 29694 33287 33003 
65075 32812 33223 26498 
65076 1789 33233 1790 
65077 29180 33234 30858 
65078 1602 33235 1603 
65079 29966 33368 32825 
65080 30455 33267 30379 
65081 30473 33346 30487 
65082 31861 33236 29845 
65083 29867 33262 30598 
65084 31661 33237 31663 
65085 33060 33378 26342 
65086 29789 33238 29787 
65087 26355 33491 32993 
65088 32790 33308 26502 
65089 28880 33419 33275 
65090 29939 33240 29720 
65091 30342 33322 26316 
65092 32055 33404 32056 
65093 29859 33243 29857 
65094 1727 33244 1728 
65095 32018 33245 32020 
65096 27256 33401 33182 
65097 1920 33246 26294 
65098 1796 33248 1797 
65099 26511 33229 32649 
65100 33225 33257 1695 
65101 32784 33390 33131 
65102 32272 33180 33005 
65103 1810 33250 1811 
65104 2126 33251 2127 
65105 1766 33253 1767 
65106 26464 33262 32499 
65107 33070 33276 29674 
65108 30453 33254 30454 
65109 32397 33483 33219 
65110 26330 33241 32788 
65111 29846 33255 29848 
65112 30037 33266 30638 
65113 1695 33257 1696 
65114 29577 33308 33217 
65115 33237 33277 31663 
65116 29058 33258 30860 
65117 26417 33483 32938 
65118 29849 33259 32092 
65119 1843 33260 1844 
65120 26282 33274 32858 
65121 2051 33261 26309 
65122 26457 33300 30281 
65123 30207 33270 30086 
65124 33037 33392 29478 
65125 31213 33264 29635 
65126 26490 33247 32807 
65127 31871 33263 29861 
65128 1937 33265 1938 
65129 26472 33374 32817 
65130 26475 33334 33205 
65131 26490 33459 33247 
65132 28838 33363 33153 
65133 26309 33261 33048 
65134 32828 33320 26322 
65135 30011 33436 33113 
65136 33334 33469 31398 
65137 31758 33269 31784 
65138 31927 33268 32425 
65139 32779 33256 26484 
65140 33106 33431 26301 
65141 33308 33389 26502 
65142 30492 33276 30493 
65143 30051 33271 29514 
65144 1989 33272 1990 
65145 26472 33426 33374 
65146 30433 33444 33301 
65147 30023 33356 30514 
65148 30178 33493 32271 
65149 26294 33438 33279 
65150 29158 33283 30655 
65151 28545 33275 28543 
65152 31663 33277 31665 
65153 1745 33278 1746 
65154 32571 33273 30160 
65155 1921 33279 1922 
65156 29907 33367 33156 
65157 29896 33361 33210 
65158 31819 33458 33306 
65159 30489 33330 26391 
65160 29891 33344 30288 
65161 28837 33346 32444 
65162 33201 33404 32136 
65163 1997 33281 26297 
65164 33211 33484 30038 
65165 1863 33282 1864 
65166 32444 33346 30473 
65167 1633 33284 1634 
65168 33212 33368 29964 
65169 33103 33289 26337 
65170 33046 33294 26497 
65171 1611 33285 1612 
65172 1752 33286 1753 
65173 32996 33381 26453 
65174 26292 33357 31271 
65175 32278 33380 29947 
65176 26367 33316 32961 
65177 26450 33468 33080 
65178 30039 33293 30001 
65179 1853 33482 16 
65180 26299 33287 30475 
65181 26327 33288 1651 
65182 26315 33290 2058 
65183 30069 33291 29797 
65184 1545 33369 33026 
65185 33277 33305 31665 
65186 29478 33292 28894 
65187 31637 33295 31639 
65188 30150 33296 30151 
65189 30459 33307 26404 
65190 31398 33469 31400 
65191 30438 33375 33234 
65192 33062 33465 30423 
65193 2134 33457 30223 
65194 2053 33297 2054 
65195 29853 33298 30174 
65196 30276 33348 2139 
65197 26343 33474 32789 
65198 32026 33299 32140 
65199 31795 33332 32059 
65200 33234 33375 30858 
65201 33229 33470 33422 
65202 33187 33340 30127 
65203 30578 33505 33322 
65204 32785 33427 26333 
65205 33042 33185 28288 
65206 2155 33304 2156 
65207 33238 33400 29839 
65208 31665 33305 31669 
65209 31818 33306 29980 
65210 27850 33420 33151 
65211 30370 33309 30368 
65212 31834 33308 29577 
65213 26491 33501 30609 
65214 30502 33331 30503 
65215 32787 33395 30070 
65216 31637 33323 33295 
65217 31458 33311 31452 
65218 29874 33310 29876 
65219 30195 33422 30196 
65220 29884 33316 29882 
65221 30398 33312 30395 
65222 1876 33342 26514 
65223 28224 33313 28222 
65224 33059 33320 31867 
65225 32993 33491 31330 
65226 33228 33435 30536 
65227 32500 33390 32715 
65228 29859 33414 33243 
65229 29886 33315 31087 
65230 30514 33356 30512 
65231 26439 33317 1816 
65232 29979 33314 29096 
65233 30609 33501 29943 
65234 32811 33303 26427 
65235 32792 33426 26472 
65236 26395 33434 30359 
65237 29150 33318 31327 
65238 33088 33437 30398 
65239 1721 33319 26325 
65240 1825 33321 1826 
65241 32715 33390 26341 
65242 27841 33425 33111 
65243 30488 33324 30490 
65244 32792 33478 33426 
65245 31635 33323 31637 
65246 33272 33477 1990 
65247 1865 33325 1866 
65248 32726 33302 26512 
65249 31434 33326 29878 
65250 33008 33335 30372 
65251 30442 33444 30433 
65252 30513 33359 30469 
65253 30070 33395 29961 
65254 33305 33345 31669 
65255 29870 33327 29868 
65256 2071 33329 26387 
65257 33310 33349 29876 
65258 32271 33493 32272 
65259 26483 33489 33209 
65260 16 33482 1854 
65261 26375 33361 32970 
65262 31076 33432 29935 
65263 30338 33428 30337 
65264 29484 33331 32893 
65265 1810 33472 33250 
65266 33003 33287 26299 
65267 30372 33335 30367 
65268 32927 33328 29860 
65269 1793 33336 1794 
65270 26476 33410 33089 
65271 32969 33358 30025 
65272 1653 33447 26429 
65273 31428 33489 30044 
65274 33240 33451 31794 
65275 1570 33338 26445 
65276 26502 33389 32815 
65277 33160 33394 29924 
65278 2122 33339 26298 
65279 32893 33331 30502 
65280 30219 33419 30217 
65281 31635 33360 33323 
65282 26443 33332 33035 
65283 31834 33389 33308 
65284 30429 33301 33144 
65285 31271 33357 32974 
65286 32168 33343 30155 
65287 33067 33456 26318 
65288 32279 33341 29951 
65289 33389 33480 32815 
65290 31669 33345 31671 
65291 31821 33347 31820 
65292 28044 33453 33166 
65293 32825 33368 26321 
65294 28437 33351 28908 
65295 29876 33349 29967 
65296 30661 33494 33132 
65297 30566 33399 30221 
65298 32782 33334 26475 
65299 33181 33296 30150 
65300 29908 33352 29909 
65301 32961 33316 29884 
65302 29905 33364 33043 
65303 26447 33337 32837 
65304 30584 33363 30450 
65305 30034 33353 30035 
65306 33050 33350 26336 
65307 29940 33354 29939 
65308 30691 33355 29613 
65309 29979 33423 33314 
65310 33345 33374 31671 
65311 30061 33450 33281 
65312 30814 33356 30023 
65313 30544 33437 30408 
65314 26511 33470 33229 
65315 32976 33342 1875 
65316 29895 33361 29896 
65317 31633 33360 31635 
65318 33124 33432 26382 
65319 2118 33362 2119 
65320 26336 33350 32780 
65321 30067 33385 30066 
65322 30527 33394 26394 
65323 30546 33466 30289 
65324 33164 33340 31994 
65325 29903 33364 29905 
65326 33189 33433 30553 
65327 1618 33365 1619 
65328 1561 33366 1562 
65329 33081 33381 30005 
65330 2140 33348 32998 
65331 26293 33402 32875 
65332 29964 33368 29966 
65333 2026 33370 2027 
65334 33301 33444 32028 
65335 30536 33371 30535 
65336 29914 33378 33060 
65337 31121 33372 30760 
65338 30437 33375 30438 
65339 33349 33406 29967 
65340 29919 33396 33061 
65341 30858 33375 28203 
65342 31671 33374 31673 
65343 29723 33505 30350 
65344 33183 33496 31861 
65345 30226 33357 33161 
65346 2097 33376 2098 
65347 30157 33393 30156 
65348 2112 33377 2113 
65349 26497 33294 32981 
65350 29912 33378 29914 
65351 31633 33403 33360 
65352 26351 33478 32792 
65353 26450 33490 32678 
65354 33343 33497 30155 
65355 26509 33398 1852 
65356 33110 33379 26365 
65357 29946 33382 29945 
65358 29901 33373 32894 
65359 30170 33450 29922 
65360 2047 33383 2048 
65361 1672 33384 1673 
65362 30467 33392 30468 
65363 26453 33381 33081 
65364 27775 33428 33133 
65365 31793 33459 30064 
65366 30660 33386 29618 
65367 30457 33397 30458 
65368 30109 33441 30107 
65369 29900 33388 32223 
65370 29893 33389 31834 
65371 28878 33391 29484 
65372 33105 33466 29889 
65373 29976 33484 32977 
65374 30403 33408 32906 
65375 32906 33408 29975 
65376 30396 33401 30399 
65377 33374 33426 31673 
65378 33069 33239 32238 
65379 29893 33480 33389 
65380 2135 33411 26449 
65381 33092 33393 26430 
65382 32681 33387 26295 
65383 31631 33403 31633 
65384 29921 33405 29920 
65385 30356 33230 33148 
65386 32136 33404 28394 
65387 29975 33408 31026 
65388 30417 33407 30413 
65389 26365 33379 32818 
65390 29967 33406 29969 
65391 29951 33471 29949 
65392 29618 33386 33041 
65393 26440 33380 32835 
65394 30377 33409 30374 
65395 32983 33385 26434 
65396 27673 33412 27675 
65397 30116 33410 29977 
65398 30468 33392 33037 
65399 26322 33320 33059 
65400 32773 33415 32199 
65401 2061 33416 2062 
65402 29565 33498 33119 
65403 32251 33414 29859 
65404 32894 33373 26441 
65405 31997 33418 28857 
65406 1977 33417 26460 
65407 32725 33369 2161 
65408 30755 33421 30134 
65409 30376 33420 30373 
65410 26341 33390 32784 
65411 30101 33503 30099 
65412 30629 33440 30039 
65413 28513 33424 28470 
65414 30418 33425 30417 
65415 31673 33426 31675 
65416 26324 33395 32787 
65417 30052 33456 30092 
65418 26505 33396 32794 
65419 33026 33369 32725 
65420 32004 33430 29493 
65421 30384 33433 30386 
65422 30130 33441 33141 
65423 31258 33435 29855 
65424 32805 33400 26423 
65425 30024 33438 30020 
65426 29182 33439 31239 
65427 31405 33442 28628 
65428 32632 33423 29979 
65429 27665 33443 27667 
65430 1649 33445 1650 
65431 30333 33446 30335 
65432 32028 33444 29551 
65433 1786 33449 1787 
65434 2133 33457 2134 
65435 33426 33478 31675 
65436 30328 33453 30330 
65437 32525 33455 32526 
65438 32893 33431 29892 
65439 1949 33460 1950 
65440 1715 33461 1716 
65441 26298 33463 30510 
65442 33203 33300 26457 
65443 30423 33465 30421 
65444 30010 33464 31817 
65445 30493 33276 33070 
65446 32186 33467 29948 
65447 26376 33448 33191 
65448 1809 33472 1810 
65449 26430 33473 1615 
65450 32698 33367 33169 
65451 1839 33476 1840 
65452 32938 33483 32397 
65453 1990 33477 1991 
65454 31675 33478 31677 
65455 30015 33479 30013 
65456 30402 33481 30400 
65457 32526 33294 33046 
65458 32775 33480 29893 
65459 30904 33485 30903 
65460 30228 33488 29835 
65461 27795 33495 27797 
65462 30155 33497 30153 
65463 31776 33500 31775 
65464 1565 33504 1566 
65465 29550 33502 30105 
65466 32815 33480 26420 
65467 26420 33480 32775 
65468 32781 33462 26344 
65469 29426 33487 29070 
65470 32453 33499 29496 
65471 31330 33491 32546 
65472 32782 33469 33334 
65473 26514 33342 32976 
65474 26427 33503 33087 
65475 1855 33429 26513 
65476 26442 33436 32800 
65477 32978 33459 26490 
65478 32827 33451 26328 
65479 32970 33361 29895 
65480 26426 33458 32833 
65481 33035 33332 31795 
65482 26413 33498 32936 
65483 26339 33469 32782 
65484 32526 33455 33294 
65485 32799 33496 26414 
65486 30288 33344 33149 
65487 29463 33413 32919 
65488 32998 33348 30276 
65489 33148 33230 28862 
65490 33150 33382 29946 
65491 33113 33436 26442 
65492 30066 33385 32983 
65493 31459 33289 33103 
65494 33232 33333 29872 
65495 33107 33475 26314 
65496 30064 33459 32978 
65497 31760 33454 32927 
65498 32977 33484 26399 
65499 30408 33437 33088 
65500 30061 33280 33139 
65501 33076 33452 26510 
65502 26441 33373 33030 
65503 30134 33421 33163 
65504 33089 33410 30116 
65505 26510 33452 32976 
65506 30092 33456 33067 
65507 33153 33363 30584 
65508 30314 33442 33126 
65509 33111 33425 30418 
65510 26316 33322 33207 
65511 33144 33301 32028 
65512 33182 33401 30396 
65513 33080 33490 26450 
65514 29935 33432 33124 
65515 26314 33475 33053 
65516 30386 33433 33189 
65517 33133 33428 30338 
65518 32998 33470 26511 
65519 33061 33396 26505 
65520 30156 33393 33092 
65521 33231 33474 26343 
65522 33151 33420 30376 
65523 29892 33431 33106 
65524 33119 33498 26413 
65525 33322 33505 29723 
65526 26333 33427 33255 
65527 33229 33422 30195 
65528 33087 33503 30101 
65529 30233 33490 33080 
65530 33132 33494 30531 
65531 33207 33322 29723 
65532 33275 33419 30219 
65533 30289 33466 33105 
65534 33080 33468 29885 
65535 33161 33357 26292 
65536 26394 33394 33160 
65537 26284 33333 33232 
65538 29917 33475 33107 
65539 33166 33453 30328 
65540 33209 33489 31428 
65541 30531 33494 33106 
65542 26429 33447 33268 
65543 32272 33493 33319 
65544 26423 33400 33238 
65545 33279 33438 30024 
65546 33422 33470 30277 
65547 30223 33457 33206 
65548 33306 33458 26426 
65549 29855 33435 33228 
65550 26414 33496 33183 
65551 26328 33451 33240 
65552 33255 33427 29848 
65553 26399 33484 33211 
65554 31538 33474 33231 
65555 33268 33447 32425 
65556 33281 33450 26297 
65557 33434 33471 29951 
65558 33403 33462 32781 
65559 33319 33493 26325 
65560 31631 33462 33403 
65561 26395 33471 33434 
$EndElements
