$MeshFormat
4.1 0 8
$EndMeshFormat
$PhysicalNames
15
1 1 "r1"
1 2 "ground"
1 3 "flare"
1 4 "pipewall"
1 5 "x2"
1 6 "symmetry"
1 7 "r2"
1 8 "symmetry2"
1 9 "ground2"
1 11 "r3"
1 12 "ground3"
1 14 "symmetry3"
2 7 "domain1"
2 10 "domain2"
2 15 "domain3"
$EndPhysicalNames
$Entities
22 34 8 0
1 0 112.6386730104765 0 0 
2 0 0 0 0 
3 102.8838524839103 -45.85175629820566 0 0 
4 12.23606797749979 -0.5278640450004204 0 0 
5 10 -5 0 0 
6 5 -5 0 0 
7 5 -10 0 0 
8 0 -10 0 0 
9 0 216.5723331942687 0 0 
10 195.8926206788413 -92.35614039567119 0 0 
11 0 310.5354291862002 0 0 
12 279.9513938489505 -134.3855269807258 0 0 
13 0 392.6009975037909 0 0 
14 353.3605965891838 -171.0901283508425 0 0 
15 0 459.3033881724511 0 0 
16 413.0251646066029 -200.922412359552 0 0 
17 0 500 0 0 
18 449.4273022386378 -219.1234811755695 0 0 
19 0 600 0 0 
20 538.8737483541204 -263.8467042333107 0 0 
21 0 1250 0 0 
22 1120.261112419707 -554.5403862661042 0 0 
1 0 -45.85175629820567 0 112.6089131571392 112.6386730104765 0 0 2 1 -3 
2 12.23606797749979 -45.85175629820566 0 102.8838524839103 -0.5278640450004204 0 0 2 3 -4 
3 4.999999999999998 -5 0 12.23606797749979 -0.0003334422902803169 0 0 2 4 -6 
4 5 -10 0 5 -5 0 0 2 6 -7 
5 0 -10 0 5 -10 0 0 2 7 -8 
6 0 -10 0 0 112.6386730104765 0 0 2 8 -1 
7 0 -92.35614039567122 0 216.5678850820005 216.5723331942687 0 0 2 9 -10 
8 0 112.6386730104765 0 0 216.5723331942687 0 0 2 1 -9 
9 102.8838524839103 -92.35614039567119 0 195.8926206788413 -45.85175629820566 0 0 2 10 -3 
10 7.105427357601002e-15 -45.85175629820567 0 112.6089131571392 112.6386730104766 0 0 2 3 -1 
11 0 -134.3855269807258 0 310.5352816582471 310.5354291862002 0 1 11 2 11 -12 
12 195.8926206788413 -134.3855269807258 0 279.9513938489505 -92.35614039567119 0 1 12 2 12 -10 
13 2.842170943040401e-14 -92.35614039567128 0 216.5678850820006 216.5723331942687 0 1 7 2 10 -9 
14 0 216.5723331942687 0 0 310.5354291862002 0 1 14 2 9 -11 
15 0 -171.0901283508425 0 392.6004674455814 392.6009975037909 0 0 2 13 -14 
16 279.9513938489505 -171.0901283508425 0 353.3605965891838 -134.3855269807258 0 0 2 14 -12 
17 -2.842170943040401e-14 -134.3855269807258 0 310.5352816582472 310.5354291862003 0 0 2 12 -11 
18 0 310.5354291862002 0 0 392.6009975037909 0 0 2 11 -13 
19 0 -200.9224123595521 0 459.3012069728937 459.3033881724511 0 0 2 15 -16 
20 353.3605965891838 -200.922412359552 0 413.0251646066029 -171.0901283508425 0 0 2 16 -14 
21 1.70530256582424e-13 -171.0901283508425 0 392.6004674455816 392.6009975037911 0 0 2 14 -13 
22 0 392.6009975037909 0 0 459.3033881724511 0 0 2 13 -15 
23 0 -219.1234811755694 0 499.9964448012176 500 0 0 2 17 -18 
24 413.0251646066029 -219.1234811755695 0 449.4273022386378 -200.922412359552 0 0 2 18 -16 
25 -2.273736754432321e-13 -200.9224123595521 0 459.3012069728938 459.303388172451 0 0 2 16 -15 
26 0 459.3033881724511 0 0 500 0 0 2 15 -17 
27 0 -263.8467042333107 0 599.9922964533503 600 0 0 2 19 -20 
28 449.4273022386378 -263.8467042333107 0 538.8737483541204 -219.1234811755695 0 0 2 20 -18 
29 0 -219.1234811755695 0 499.9964448012176 500.0000000000001 0 0 2 18 -17 
30 0 500 0 0 600 0 0 2 17 -19 
31 0 -554.5403862661042 0 1249.955502078688 1250 0 0 2 21 -22 
32 538.8737483541204 -554.5403862661042 0 1120.261112419707 -263.8467042333107 0 0 2 22 -20 
33 0 -263.8467042333108 0 599.9922964533504 600.0000000000001 0 0 2 20 -19 
34 0 600 0 0 1250 0 0 2 19 -21 
2 0 -45.85175629820567 0 112.6089131571392 112.6386730104765 0 0 6 -2 -1 -6 -5 -4 -3 
3 0 -92.35614039567122 0 216.5678850820005 216.5723331942687 0 0 4 -10 -9 -7 -8 
4 0 -134.3855269807258 0 310.5352816582471 310.5354291862002 0 1 15 4 -14 -13 -12 -11 
5 -2.842170943040401e-14 -171.0901283508425 0 392.6004674455814 392.6009975037909 0 0 4 -18 -17 -16 -15 
6 0 -200.9224123595521 0 459.3012069728937 459.3033881724511 0 0 4 -22 -21 -20 -19 
7 -2.273736754432321e-13 -219.1234811755694 0 499.9964448012176 500 0 0 4 -26 -25 -24 -23 
8 0 -263.8467042333107 0 599.9922964533503 600 0 0 4 -30 -29 -28 -27 
9 0 -554.5403862661042 0 1249.955502078688 1250 0 0 4 -34 -33 -32 -31 
$EndEntities
$Nodes
9 6744 9 18920
0 9 0 1
9
0 216.5723331942687 0
0 10 0 1
10
195.8926206788413 -92.35614039567119 0
0 11 0 1
11
0 310.5354291862002 0
0 12 0 1
12
279.9513938489505 -134.3855269807258 0
1 11 0 208
604
605
606
607
608
609
610
611
612
613
614
615
616
617
618
619
620
621
622
623
624
625
626
627
628
629
630
631
632
633
634
635
636
637
638
639
640
641
642
643
644
645
646
647
648
649
650
651
652
653
654
655
656
657
658
659
660
661
662
663
664
665
666
667
668
669
670
671
672
673
674
675
676
677
678
679
680
681
682
683
684
685
686
687
688
689
690
691
692
693
694
695
696
697
698
699
700
701
702
703
704
705
706
707
708
709
710
711
712
713
714
715
716
717
718
719
720
721
722
723
724
725
726
727
728
729
730
731
732
733
734
735
736
737
738
739
740
741
742
743
744
745
746
747
748
749
750
751
752
753
754
755
756
757
758
759
760
761
762
763
764
765
766
767
768
769
770
771
772
773
774
775
776
777
778
779
780
781
782
783
784
785
786
787
788
789
790
791
792
793
794
795
796
797
798
799
800
801
802
803
804
805
806
807
808
809
810
811
2.998837148440222 310.5209489802817 0
5.997394626425509 310.477509712946 0
8.995392789606017 310.4051154353264 0
11.99255204576295 310.3037728988922 0
14.98859288110212 310.1734915548106 0
17.98323588571083 310.0142835530913 0
20.9762017806906 309.8261637414009 0
23.96721144358783 309.6091496636944 0
26.95598593404635 309.3632615586102 0
29.9422465184085 309.0885223577357 0
32.92571470025338 308.7849576830696 0
35.90611224410777 308.4525958447604 0
38.88316119897348 308.0914678387447 0
41.85658392858574 307.7016073433592 0
44.826103128612 307.2830507173486 0
47.79144186361104 306.8358369950529 0
50.75232358664061 306.3600078835593 0
53.70847216727535 305.8556077584889 0
56.65961191680992 305.3226836599176 0
59.60546761434153 304.7612852879008 0
62.54576453128962 304.1714649980403 0
65.48022845404941 303.5532777972643 0
68.40858571447089 302.9067813377632 0
71.33056321646546 302.2320359112836 0
74.24588845958745 301.5291044438399 0
77.15428956170149 300.7980524905151 0
80.05549528670808 300.0389482288215 0
82.94923506826854 299.2518624527619 0
85.83523903778661 298.4368685655035 0
88.7132380459923 297.5940425735245 0
91.58296368863105 296.7234630794546 0
94.44414833839852 295.8252112726232 0
97.29652516542426 294.8993709226785 0
100.1398281556879 293.9460283739294 0
102.9737921467584 292.9652725337489 0
105.798152846112 291.9571948663165 0
108.6126468506174 290.9218893860698 0
111.4170116807623 289.8594526455649 0
114.2109858021975 288.7699837274432 0
116.9943086529654 287.6535842340093 0
119.7667206626719 286.5103582797088 0
122.5279632770786 285.3404124813526 0
125.277778980112 284.143855949179 0
128.0159113263772 282.9208002730353 0
130.742104958934 281.6713595145318 0
133.456105629828 280.3956501980332 0
136.1576602369892 279.0937912936191 0
138.8465168374224 277.7659042106733 0
141.5224246680213 276.4121127880285 0
144.1851341743945 275.0325432798261 0
146.834397031572 273.6273243450519 0
149.4699661701487 272.1965870339894 0
152.0915957987306 270.7404647762376 0
154.6990414252739 269.2590933691172 0
157.2920598819792 267.7526109638176 0
159.8704093425496 266.2211580556722 0
162.4338493497637 264.664877468235 0
164.9821408359433 263.0839143411216 0
167.5150461508073 261.4784161129758 0
170.0323290827555 259.8485325079807 0
172.5337548668037 258.1944155310476 0
175.0190902231602 256.5162194429719 0
177.4881033668104 254.8141007540792 0
179.9405640359105 253.0882182052258 0
182.3762435209437 251.3387327473563 0
184.7949146707537 249.5658075371833 0
187.1963519162904 247.7696079205234 0
189.5803313049815 245.9503014069124 0
191.9466305092931 244.1080576629672 0
194.2950288488404 242.2430484956913 0
196.625307308608 240.3554478385149 0
198.9372485689885 238.445431727383 0
201.2306370191841 236.5131782897328 0
203.505258778731 234.5588677267592 0
205.7609017173748 232.5826822966629 0
207.9973554747039 230.5848062977855 0
210.214411480718 228.5654260505577 0
212.4118629741268 226.5247298811288 0
214.5895050216841 224.4629081037804 0
216.747134536991 222.3801530035023 0
218.8845503005934 220.2766588169627 0
221.0015529779229 218.1526217151743 0
223.0979451387508 216.0082397843298 0
225.1735312696078 213.8437130135758 0
227.2281178044473 211.6592432635669 0
229.2615131395133 209.455034250405 0
231.273527635164 207.2312915441213 0
233.2639736516 204.9882225302791 0
235.2326655596552 202.7260363977874 0
237.1794197582478 200.4449441193229 0
239.1040547002237 198.1451584212191 0
241.0063908922017 195.8268937837009 0
242.8862509242442 193.4903664057274 0
244.7434594792201 191.1357941935547 0
246.577843354643 188.7633967336643 0
248.3892314787774 186.3733952720719 0
250.1774549195607 183.9660127029684 0
251.9423469125097 181.5414735317365 0
253.6837428631629 179.100003871564 0
255.4014803641792 176.6418314206558 0
257.0953992257338 174.16718541912 0
258.7653414722268 171.6762966533804 0
260.4111513645262 169.1693974241778 0
262.0326754163494 166.6467215219299 0
263.629762394764 164.1085042267398 0
265.2022633635876 161.5549822403751 0
266.7500316723145 158.9863937029731 0
268.2729229804231 156.4029781538625 0
269.7707952616301 153.8049765247056 0
271.2435088213706 151.1926311105427 0
272.6909263229003 148.5661855235441 0
274.112912774582 145.9258847158105 0
275.5093355647213 143.2719749167415 0
276.8800644607434 140.604703634239 0
278.2249716341853 137.9243196068568 0
279.5439316552171 135.2310728146489 0
280.8368215181309 132.5252144289949 0
282.1035206515962 129.8069967907433 0
283.343910922401 127.076673402541 0
284.5578766514792 124.3344988949533 0
285.7453046263088 121.5807289987834 0
286.9060841064658 118.8156205326185 0
288.0401068381121 116.0394313694553 0
289.1472670638581 113.2524204128084 0
290.2274615297883 110.4548475796009 0
291.2805894970405 107.6469737712778 0
292.3065527510746 104.8290608497511 0
293.3052556112847 102.0013716116434 0
294.276604938716 99.16416976711112 0
295.2205101459706 96.31771991181303 0
296.1368832050086 93.46228750400162 0
297.0256386552767 90.59813884005884 0
297.8866936123507 87.72554102745141 0
298.7199677740066 84.84476196533294 0
299.5253834291093 81.95607031515503 0
300.3028654658495 79.05973547171428 0
301.0523413759403 76.15602754819787 0
301.7737412632847 73.24521734432683 0
302.4669978504934 70.32757632086584 0
303.1320464850137 67.40337657465726 0
303.7688251446007 64.47289081564909 0
304.3772744428235 61.53639234319532 0
304.9573376367354 58.59415501030568 0
305.5089606297886 55.64645320920189 0
306.0320919777355 52.69356184192155 0
306.5266828936471 49.73575629338637 0
306.9926872521182 46.77331240761897 0
307.4300615937405 43.80650646110121 0
307.8387651291319 40.83561513714193 0
308.2187597427604 37.86091549992035 0
308.5700099964889 34.88268496868225 0
308.8924831328658 31.90120129195503 0
309.1861490781997 28.91674252143316 0
309.4509804452613 25.92958698714903 0
309.6869525357214 22.94001327365348 0
309.894043343256 19.94830018386966 0
310.0722335548731 16.95472671999801 0
310.2215065523781 13.95957206473006 0
310.3418484143659 10.9631155522643 0
310.4332479183535 7.9656366173513 0
310.495696540162 4.967414810263176 0
310.5291884558563 1.968729743995402 0
310.5337205419923 -1.030138925297212 0
310.509292375908 -4.02891152427655 0
310.4559062357636 -7.027308388589335 0
310.3735671003234 -10.02504988908475 0
310.2622826485068 -13.02185645734492 0
310.1220632586593 -16.017448612364 0
309.9529220075869 -19.0115469864067 0
309.7548746693297 -22.00387235114396 0
309.5279397136824 -24.99414564374135 0
309.2721383045653 -27.98208799177548 0
308.9874942979203 -30.96742074100266 0
308.6740342394971 -33.9498654809024 0
308.3317873624321 -36.92914407003699 0
307.9607855844736 -39.90497866246098 0
307.5610635052535 -42.87709173177453 0
307.1326584026743 -45.84520610013395 0
306.6756102296827 -48.80904496206929 0
306.1899616102215 -51.76833191236364 0
305.6757578355815 -54.72279096958143 0
305.1330468604718 -57.67214660044024 0
304.5618792988935 -60.61612374429593 0
303.9623084160557 -63.55444785567891 0
303.3343901278375 -66.48684490657126 0
302.6781829943563 -69.41304141940843 0
301.9937482129053 -72.33276449976135 0
301.2811496141705 -75.24574185308703 0
300.5404536539268 -78.15170181991849 0
299.7717294091566 -81.05037339149631 0
298.9750485711333 -83.94148623741464 0
298.1504854383429 -86.82477073242434 0
297.2981169090776 -89.69995798312304 0
296.4180224750255 -92.56677985029451 0
295.5102842133105 -95.42496897576677 0
294.5749867791475 -98.27425880627469 0
293.6122173973479 -101.1143836200868 0
292.6220658555071 -103.9450785478219 0
291.6046244945536 -106.7660796004423 0
290.5599882018164 -109.5771236892897 0
289.4882544011587 -112.3779486537622 0
288.3895230394902 -115.1682932968659 0
287.2638965833488 -117.947897393759 0
286.1114800131414 -120.7165017077094 0
284.9323807981291 -123.4738480511867 0
283.7267089008865 -126.2196792743873 0
282.4945767614564 -128.9537393029889 0
281.2360992887442 -131.6757731578182 0
1 12 0 31
812
813
814
815
816
817
818
819
820
821
822
823
824
825
826
827
828
829
830
831
832
833
834
835
836
837
838
839
840
841
842
277.324557187436 -133.0721086499686 0
274.697720525866 -131.7586903191836 0
272.0708838642627 -130.4452719883819 0
269.4440472026616 -129.1318536575814 0
266.8172105411194 -127.8184353268102 0
264.190373879596 -126.5050169960485 0
261.5635372180726 -125.1915986652869 0
258.936700556506 -123.8781803345035 0
256.3098638949126 -122.5647620037069 0
253.6830272333493 -121.2513436729252 0
251.0561905717904 -119.9379253421457 0
248.4293539102315 -118.6245070113663 0
245.8025172486726 -117.3110886805868 0
243.1756805871137 -115.9976703498074 0
240.5488439255548 -114.6842520190279 0
237.9220072639959 -113.3708336882485 0
235.2951706024348 -112.0574153574679 0
232.6683339408492 -110.7439970266752 0
230.0414972792848 -109.4305786958929 0
227.4146606177203 -108.1171603651107 0
224.7878239561292 -106.8037420343151 0
222.1609872945648 -105.4903237035329 0
219.5341506330014 -104.1769053727512 0
216.907313971417 -102.863487041959 0
214.2804773098547 -101.5500687111779 0
211.6536406482825 -100.2366503803918 0
209.0268039866958 -98.92323204959844 0
206.3999673251358 -97.60981371881843 0
203.7731306635625 -96.29639538803175 0
201.1462940019758 -94.98297705723843 0
198.5194573404169 -93.66955872645897 0
1 13 0 145
843
844
845
846
847
848
849
850
851
852
853
854
855
856
857
858
859
860
861
862
863
864
865
866
867
868
869
870
871
872
873
874
875
876
877
878
879
880
881
882
883
884
885
886
887
888
889
890
891
892
893
894
895
896
897
898
899
900
901
902
903
904
905
906
907
908
909
910
911
912
913
914
915
916
917
918
919
920
921
922
923
924
925
926
927
928
929
930
931
932
933
934
935
936
937
938
939
940
941
942
943
944
945
946
947
948
949
950
951
952
953
954
955
956
957
958
959
960
961
962
963
964
965
966
967
968
969
970
971
972
973
974
975
976
977
978
979
980
981
982
983
984
985
986
987
197.1463270221956 -89.64876600861211 0
198.3626176972348 -86.92437751005215 0
199.5412618666095 -84.18349195590871 0
200.6820358400331 -81.42662952811594 0
201.7847231141938 -78.65431344139679 0
202.8491144137577 -75.86706984432459 0
203.8750077315719 -73.06542771831882 0
204.8622083673216 -70.24991877627674 0
205.8105289636884 -67.42107736380467 0
206.7197895417347 -64.57944035860237 0
207.5898175391819 -61.72554705515815 0
208.4204478342311 -58.85993909092932 0
209.2115227854986 -55.98316031613578 0
209.9628922578039 -53.09575670378209 0
210.674413651014 -50.19827624541305 0
211.3459519285124 -47.29126884151335 0
211.9773796409906 -44.37528620469614 0
212.568576952031 -41.45088174934087 0
213.1194316608926 -38.5186104856794 0
213.6298392231899 -35.57902891709369 0
214.099702770669 -32.63269493499667 0
214.528933129571 -29.68016771343166 0
214.9174488376795 -26.72200760258821 0
215.2651761596741 -23.7587760239 0
215.5720491029523 -20.79103534612188 0
215.8380094258001 -17.81934881856198 0
216.0630066528714 -14.84428042481717 0
216.2469980827558 -11.86639479395433 0
216.3899487969476 -8.886257078418778 0
216.4918316649649 -5.904432873517302 0
216.552627350834 -2.921488090029818 0
216.5723243164437 0.06201114806239852 0
216.5509188236292 3.045498621135119 0
216.4884149347543 6.028408102228318 0
216.3848245122396 9.010173473170708 0
216.2401672161095 11.99022883678071 0
216.0544705002882 14.96800862003555 0
215.827769607633 17.94294767879149 0
215.560107562771 20.91448141207382 0
215.2515351641927 23.88204586436554 0
214.9021109742976 26.84507783561189 0
214.5119013103633 29.80301497201796 0
214.0809802281271 32.75529590422938 0
213.6094295106911 35.70136032879508 0
213.0973386512254 38.64064912723834 0
212.5448048391272 41.57260445421581 0
211.9519329353306 44.4966698774919 0
211.3188354596976 47.41229044421499 0
210.6456325646785 50.31891281253817 0
209.9324520182359 53.21598533166927 0
209.1794291685227 56.10295819241927 0
208.3867069321813 58.97928347454319 0
207.5544357558794 61.8444152957073 0
206.6827735905574 64.69780990206532 0
205.7718858677135 67.53892575140674 0
204.8219454628085 70.36722363458492 0
203.8331326629551 73.18216677589893 0
202.8056351266185 75.98322095106437 0
201.7396478571575 78.76985456175127 0
200.6353731717811 81.54153872370509 0
199.4930206412567 84.29774742326454 0
198.3128070687514 87.03795756864668 0
197.0949564476708 89.76164909414325 0
195.8396999049377 92.46830509073537 0
194.5472756708927 95.15741187234472 0
193.2179290288929 97.82845908525329 0
191.8519122700633 100.4809398021799 0
190.4494846517199 103.1143506070017 0
189.0109123321114 105.7281917209987 0
187.5364683305405 108.3219670764778 0
186.0264324772466 110.8951844085115 0
184.4810913558683 113.4473553563817 0
182.9007382556406 115.9779955454957 0
181.2856731100711 118.4866246891936 0
179.6362024380437 120.9727666826197 0
177.9526392711565 123.4359497133594 0
176.2353031215703 125.87570630927 0
174.4845199386052 128.2915734060653 0
172.7006219911458 130.6830925142221 0
170.8839478339232 133.0498097627439 0
169.0348422386962 135.3912759912856 0
167.1536561469216 137.7070468128849 0
165.2407465880845 139.9966827186337 0
163.2964766003529 142.2597491742473 0
161.321215178988 144.495816681259 0
159.3153372046676 146.70446086119 0
157.2792233568885 148.8852625529583 0
155.2132600525593 151.0378078795702 0
153.1178394149939 153.1616882842883 0
150.993359117148 155.2565006939462 0
148.8402223556778 157.3218475429326 0
146.6588377551773 159.3573368675253 0
144.4496193135714 161.3625823584069 0
142.2129863164617 163.3372034417243 0
139.9493632289623 165.2808253761377 0
137.6591796707765 167.1930792753643 0
135.3428703008301 169.073602209044 0
133.0008747186367 170.9220372839233 0
130.6336373953227 172.7380336986523 0
128.2416075866605 174.5212468119522 0
125.8252392802746 176.2713381842635 0
123.3849910758811 177.9879756680605 0
120.9213260936484 179.6708334732238 0
118.4347118947128 181.3195922222023 0
115.9256204124854 182.933938997633 0
113.3945278189411 184.5135674304975 0
110.8419145108117 186.0581777100573 0
108.2682649303568 187.5674766961997 0
105.6740675195725 189.0411779456481 0
103.0598146316804 190.4790017647431 0
100.426002392182 191.880675287364 0
97.77313067340181 193.2459324889692 0
95.10170294890179 194.5745142649165 0
92.41222621331964 195.8661684709935 0
89.70521092090756 197.1206499554139 0
86.98117080892514 198.3377206431443 0
84.24062287008212 199.5171495477769 0
81.484087216663 200.6587128327016 0
78.7120869892738 201.762193849597 0
75.92514828828712 202.8273831675865 0
73.12380004509048 203.8540786253122 0
70.3085739099817 204.8420853729868 0
67.48000416218188 205.7912159045698 0
64.63862761519506 206.7012900908785 0
61.78498354472018 207.5721352050607 0
58.91961355647167 208.4035859661858 0
56.04306140982595 209.1954845904276 0
53.15587305799645 209.9476807794064 0
50.25859644789612 210.6600317770243 0
47.35178144551947 211.3324023881457 0
44.43597974800007 211.9646650011381 0
41.51174471119106 212.5566996268108 0
38.57963129160886 213.108393909327 0
35.64019598635522 213.6196431400061 0
32.69399666367885 214.0903502901631 0
29.74159246832372 214.5204260266549 0
26.78354372352332 214.9097887273157 0
23.8204118331584 215.258364495571 0
20.85275917134319 215.5660871754908 0
17.8811489454254 215.8328983672343 0
14.90614509854369 216.0587474357623 0
11.9283122705413 216.2435915156466 0
8.948215608371909 216.3873955262539 0
5.966420702546481 216.49013217514 0
2.983493474551674 216.5517819642606 0
1 14 0 31
988
989
990
991
992
993
994
995
996
997
998
999
1000
1001
1002
1003
1004
1005
1006
1007
1008
1009
1010
1011
1012
1013
1014
1015
1016
1017
1018
0 219.50867994401 0
0 222.4450266937512 0
0 225.3813734434925 0
0 228.3177201932338 0
0 231.254066942975 0
0 234.1904136927163 0
0 237.1267604424576 0
0 240.0631071921933 0
0 242.999453941929 0
0 245.9358006916703 0
0 248.8721474414115 0
0 251.8084941911528 0
0 254.7448409408941 0
0 257.6811876906353 0
0 260.6175344403766 0
0 263.5538811901179 0
0 266.4902279398592 0
0 269.4265746896226 0
0 272.3629214393639 0
0 275.2992681891496 0
0 278.235614938902 0
0 281.1719616886543 0
0 284.1083084384178 0
0 287.0446551881591 0
0 289.9810019379225 0
0 292.9173486876749 0
0 295.8536954374273 0
0 298.7900421871907 0
0 301.726388936932 0
0 304.6627356866955 0
0 307.5990824364368 0
2 4 0 6325
12596
12597
12598
12599
12600
12601
12602
12603
12604
12605
12606
12607
12608
12609
12610
12611
12612
12613
12614
12615
12616
12617
12618
12619
12620
12621
12622
12623
12624
12625
12626
12627
12628
12629
12630
12631
12632
12633
12634
12635
12636
12637
12638
12639
12640
12641
12642
12643
12644
12645
12646
12647
12648
12649
12650
12651
12652
12653
12654
12655
12656
12657
12658
12659
12660
12661
12662
12663
12664
12665
12666
12667
12668
12669
12670
12671
12672
12673
12674
12675
12676
12677
12678
12679
12680
12681
12682
12683
12684
12685
12686
12687
12688
12689
12690
12691
12692
12693
12694
12695
12696
12697
12698
12699
12700
12701
12702
12703
12704
12705
12706
12707
12708
12709
12710
12711
12712
12713
12714
12715
12716
12717
12718
12719
12720
12721
12722
12723
12724
12725
12726
12727
12728
12729
12730
12731
12732
12733
12734
12735
12736
12737
12738
12739
12740
12741
12742
12743
12744
12745
12746
12747
12748
12749
12750
12751
12752
12753
12754
12755
12756
12757
12758
12759
12760
12761
12762
12763
12764
12765
12766
12767
12768
12769
12770
12771
12772
12773
12774
12775
12776
12777
12778
12779
12780
12781
12782
12783
12784
12785
12786
12787
12788
12789
12790
12791
12792
12793
12794
12795
12796
12797
12798
12799
12800
12801
12802
12803
12804
12805
12806
12807
12808
12809
12810
12811
12812
12813
12814
12815
12816
12817
12818
12819
12820
12821
12822
12823
12824
12825
12826
12827
12828
12829
12830
12831
12832
12833
12834
12835
12836
12837
12838
12839
12840
12841
12842
12843
12844
12845
12846
12847
12848
12849
12850
12851
12852
12853
12854
12855
12856
12857
12858
12859
12860
12861
12862
12863
12864
12865
12866
12867
12868
12869
12870
12871
12872
12873
12874
12875
12876
12877
12878
12879
12880
12881
12882
12883
12884
12885
12886
12887
12888
12889
12890
12891
12892
12893
12894
12895
12896
12897
12898
12899
12900
12901
12902
12903
12904
12905
12906
12907
12908
12909
12910
12911
12912
12913
12914
12915
12916
12917
12918
12919
12920
12921
12922
12923
12924
12925
12926
12927
12928
12929
12930
12931
12932
12933
12934
12935
12936
12937
12938
12939
12940
12941
12942
12943
12944
12945
12946
12947
12948
12949
12950
12951
12952
12953
12954
12955
12956
12957
12958
12959
12960
12961
12962
12963
12964
12965
12966
12967
12968
12969
12970
12971
12972
12973
12974
12975
12976
12977
12978
12979
12980
12981
12982
12983
12984
12985
12986
12987
12988
12989
12990
12991
12992
12993
12994
12995
12996
12997
12998
12999
13000
13001
13002
13003
13004
13005
13006
13007
13008
13009
13010
13011
13012
13013
13014
13015
13016
13017
13018
13019
13020
13021
13022
13023
13024
13025
13026
13027
13028
13029
13030
13031
13032
13033
13034
13035
13036
13037
13038
13039
13040
13041
13042
13043
13044
13045
13046
13047
13048
13049
13050
13051
13052
13053
13054
13055
13056
13057
13058
13059
13060
13061
13062
13063
13064
13065
13066
13067
13068
13069
13070
13071
13072
13073
13074
13075
13076
13077
13078
13079
13080
13081
13082
13083
13084
13085
13086
13087
13088
13089
13090
13091
13092
13093
13094
13095
13096
13097
13098
13099
13100
13101
13102
13103
13104
13105
13106
13107
13108
13109
13110
13111
13112
13113
13114
13115
13116
13117
13118
13119
13120
13121
13122
13123
13124
13125
13126
13127
13128
13129
13130
13131
13132
13133
13134
13135
13136
13137
13138
13139
13140
13141
13142
13143
13144
13145
13146
13147
13148
13149
13150
13151
13152
13153
13154
13155
13156
13157
13158
13159
13160
13161
13162
13163
13164
13165
13166
13167
13168
13169
13170
13171
13172
13173
13174
13175
13176
13177
13178
13179
13180
13181
13182
13183
13184
13185
13186
13187
13188
13189
13190
13191
13192
13193
13194
13195
13196
13197
13198
13199
13200
13201
13202
13203
13204
13205
13206
13207
13208
13209
13210
13211
13212
13213
13214
13215
13216
13217
13218
13219
13220
13221
13222
13223
13224
13225
13226
13227
13228
13229
13230
13231
13232
13233
13234
13235
13236
13237
13238
13239
13240
13241
13242
13243
13244
13245
13246
13247
13248
13249
13250
13251
13252
13253
13254
13255
13256
13257
13258
13259
13260
13261
13262
13263
13264
13265
13266
13267
13268
13269
13270
13271
13272
13273
13274
13275
13276
13277
13278
13279
13280
13281
13282
13283
13284
13285
13286
13287
13288
13289
13290
13291
13292
13293
13294
13295
13296
13297
13298
13299
13300
13301
13302
13303
13304
13305
13306
13307
13308
13309
13310
13311
13312
13313
13314
13315
13316
13317
13318
13319
13320
13321
13322
13323
13324
13325
13326
13327
13328
13329
13330
13331
13332
13333
13334
13335
13336
13337
13338
13339
13340
13341
13342
13343
13344
13345
13346
13347
13348
13349
13350
13351
13352
13353
13354
13355
13356
13357
13358
13359
13360
13361
13362
13363
13364
13365
13366
13367
13368
13369
13370
13371
13372
13373
13374
13375
13376
13377
13378
13379
13380
13381
13382
13383
13384
13385
13386
13387
13388
13389
13390
13391
13392
13393
13394
13395
13396
13397
13398
13399
13400
13401
13402
13403
13404
13405
13406
13407
13408
13409
13410
13411
13412
13413
13414
13415
13416
13417
13418
13419
13420
13421
13422
13423
13424
13425
13426
13427
13428
13429
13430
13431
13432
13433
13434
13435
13436
13437
13438
13439
13440
13441
13442
13443
13444
13445
13446
13447
13448
13449
13450
13451
13452
13453
13454
13455
13456
13457
13458
13459
13460
13461
13462
13463
13464
13465
13466
13467
13468
13469
13470
13471
13472
13473
13474
13475
13476
13477
13478
13479
13480
13481
13482
13483
13484
13485
13486
13487
13488
13489
13490
13491
13492
13493
13494
13495
13496
13497
13498
13499
13500
13501
13502
13503
13504
13505
13506
13507
13508
13509
13510
13511
13512
13513
13514
13515
13516
13517
13518
13519
13520
13521
13522
13523
13524
13525
13526
13527
13528
13529
13530
13531
13532
13533
13534
13535
13536
13537
13538
13539
13540
13541
13542
13543
13544
13545
13546
13547
13548
13549
13550
13551
13552
13553
13554
13555
13556
13557
13558
13559
13560
13561
13562
13563
13564
13565
13566
13567
13568
13569
13570
13571
13572
13573
13574
13575
13576
13577
13578
13579
13580
13581
13582
13583
13584
13585
13586
13587
13588
13589
13590
13591
13592
13593
13594
13595
13596
13597
13598
13599
13600
13601
13602
13603
13604
13605
13606
13607
13608
13609
13610
13611
13612
13613
13614
13615
13616
13617
13618
13619
13620
13621
13622
13623
13624
13625
13626
13627
13628
13629
13630
13631
13632
13633
13634
13635
13636
13637
13638
13639
13640
13641
13642
13643
13644
13645
13646
13647
13648
13649
13650
13651
13652
13653
13654
13655
13656
13657
13658
13659
13660
13661
13662
13663
13664
13665
13666
13667
13668
13669
13670
13671
13672
13673
13674
13675
13676
13677
13678
13679
13680
13681
13682
13683
13684
13685
13686
13687
13688
13689
13690
13691
13692
13693
13694
13695
13696
13697
13698
13699
13700
13701
13702
13703
13704
13705
13706
13707
13708
13709
13710
13711
13712
13713
13714
13715
13716
13717
13718
13719
13720
13721
13722
13723
13724
13725
13726
13727
13728
13729
13730
13731
13732
13733
13734
13735
13736
13737
13738
13739
13740
13741
13742
13743
13744
13745
13746
13747
13748
13749
13750
13751
13752
13753
13754
13755
13756
13757
13758
13759
13760
13761
13762
13763
13764
13765
13766
13767
13768
13769
13770
13771
13772
13773
13774
13775
13776
13777
13778
13779
13780
13781
13782
13783
13784
13785
13786
13787
13788
13789
13790
13791
13792
13793
13794
13795
13796
13797
13798
13799
13800
13801
13802
13803
13804
13805
13806
13807
13808
13809
13810
13811
13812
13813
13814
13815
13816
13817
13818
13819
13820
13821
13822
13823
13824
13825
13826
13827
13828
13829
13830
13831
13832
13833
13834
13835
13836
13837
13838
13839
13840
13841
13842
13843
13844
13845
13846
13847
13848
13849
13850
13851
13852
13853
13854
13855
13856
13857
13858
13859
13860
13861
13862
13863
13864
13865
13866
13867
13868
13869
13870
13871
13872
13873
13874
13875
13876
13877
13878
13879
13880
13881
13882
13883
13884
13885
13886
13887
13888
13889
13890
13891
13892
13893
13894
13895
13896
13897
13898
13899
13900
13901
13902
13903
13904
13905
13906
13907
13908
13909
13910
13911
13912
13913
13914
13915
13916
13917
13918
13919
13920
13921
13922
13923
13924
13925
13926
13927
13928
13929
13930
13931
13932
13933
13934
13935
13936
13937
13938
13939
13940
13941
13942
13943
13944
13945
13946
13947
13948
13949
13950
13951
13952
13953
13954
13955
13956
13957
13958
13959
13960
13961
13962
13963
13964
13965
13966
13967
13968
13969
13970
13971
13972
13973
13974
13975
13976
13977
13978
13979
13980
13981
13982
13983
13984
13985
13986
13987
13988
13989
13990
13991
13992
13993
13994
13995
13996
13997
13998
13999
14000
14001
14002
14003
14004
14005
14006
14007
14008
14009
14010
14011
14012
14013
14014
14015
14016
14017
14018
14019
14020
14021
14022
14023
14024
14025
14026
14027
14028
14029
14030
14031
14032
14033
14034
14035
14036
14037
14038
14039
14040
14041
14042
14043
14044
14045
14046
14047
14048
14049
14050
14051
14052
14053
14054
14055
14056
14057
14058
14059
14060
14061
14062
14063
14064
14065
14066
14067
14068
14069
14070
14071
14072
14073
14074
14075
14076
14077
14078
14079
14080
14081
14082
14083
14084
14085
14086
14087
14088
14089
14090
14091
14092
14093
14094
14095
14096
14097
14098
14099
14100
14101
14102
14103
14104
14105
14106
14107
14108
14109
14110
14111
14112
14113
14114
14115
14116
14117
14118
14119
14120
14121
14122
14123
14124
14125
14126
14127
14128
14129
14130
14131
14132
14133
14134
14135
14136
14137
14138
14139
14140
14141
14142
14143
14144
14145
14146
14147
14148
14149
14150
14151
14152
14153
14154
14155
14156
14157
14158
14159
14160
14161
14162
14163
14164
14165
14166
14167
14168
14169
14170
14171
14172
14173
14174
14175
14176
14177
14178
14179
14180
14181
14182
14183
14184
14185
14186
14187
14188
14189
14190
14191
14192
14193
14194
14195
14196
14197
14198
14199
14200
14201
14202
14203
14204
14205
14206
14207
14208
14209
14210
14211
14212
14213
14214
14215
14216
14217
14218
14219
14220
14221
14222
14223
14224
14225
14226
14227
14228
14229
14230
14231
14232
14233
14234
14235
14236
14237
14238
14239
14240
14241
14242
14243
14244
14245
14246
14247
14248
14249
14250
14251
14252
14253
14254
14255
14256
14257
14258
14259
14260
14261
14262
14263
14264
14265
14266
14267
14268
14269
14270
14271
14272
14273
14274
14275
14276
14277
14278
14279
14280
14281
14282
14283
14284
14285
14286
14287
14288
14289
14290
14291
14292
14293
14294
14295
14296
14297
14298
14299
14300
14301
14302
14303
14304
14305
14306
14307
14308
14309
14310
14311
14312
14313
14314
14315
14316
14317
14318
14319
14320
14321
14322
14323
14324
14325
14326
14327
14328
14329
14330
14331
14332
14333
14334
14335
14336
14337
14338
14339
14340
14341
14342
14343
14344
14345
14346
14347
14348
14349
14350
14351
14352
14353
14354
14355
14356
14357
14358
14359
14360
14361
14362
14363
14364
14365
14366
14367
14368
14369
14370
14371
14372
14373
14374
14375
14376
14377
14378
14379
14380
14381
14382
14383
14384
14385
14386
14387
14388
14389
14390
14391
14392
14393
14394
14395
14396
14397
14398
14399
14400
14401
14402
14403
14404
14405
14406
14407
14408
14409
14410
14411
14412
14413
14414
14415
14416
14417
14418
14419
14420
14421
14422
14423
14424
14425
14426
14427
14428
14429
14430
14431
14432
14433
14434
14435
14436
14437
14438
14439
14440
14441
14442
14443
14444
14445
14446
14447
14448
14449
14450
14451
14452
14453
14454
14455
14456
14457
14458
14459
14460
14461
14462
14463
14464
14465
14466
14467
14468
14469
14470
14471
14472
14473
14474
14475
14476
14477
14478
14479
14480
14481
14482
14483
14484
14485
14486
14487
14488
14489
14490
14491
14492
14493
14494
14495
14496
14497
14498
14499
14500
14501
14502
14503
14504
14505
14506
14507
14508
14509
14510
14511
14512
14513
14514
14515
14516
14517
14518
14519
14520
14521
14522
14523
14524
14525
14526
14527
14528
14529
14530
14531
14532
14533
14534
14535
14536
14537
14538
14539
14540
14541
14542
14543
14544
14545
14546
14547
14548
14549
14550
14551
14552
14553
14554
14555
14556
14557
14558
14559
14560
14561
14562
14563
14564
14565
14566
14567
14568
14569
14570
14571
14572
14573
14574
14575
14576
14577
14578
14579
14580
14581
14582
14583
14584
14585
14586
14587
14588
14589
14590
14591
14592
14593
14594
14595
14596
14597
14598
14599
14600
14601
14602
14603
14604
14605
14606
14607
14608
14609
14610
14611
14612
14613
14614
14615
14616
14617
14618
14619
14620
14621
14622
14623
14624
14625
14626
14627
14628
14629
14630
14631
14632
14633
14634
14635
14636
14637
14638
14639
14640
14641
14642
14643
14644
14645
14646
14647
14648
14649
14650
14651
14652
14653
14654
14655
14656
14657
14658
14659
14660
14661
14662
14663
14664
14665
14666
14667
14668
14669
14670
14671
14672
14673
14674
14675
14676
14677
14678
14679
14680
14681
14682
14683
14684
14685
14686
14687
14688
14689
14690
14691
14692
14693
14694
14695
14696
14697
14698
14699
14700
14701
14702
14703
14704
14705
14706
14707
14708
14709
14710
14711
14712
14713
14714
14715
14716
14717
14718
14719
14720
14721
14722
14723
14724
14725
14726
14727
14728
14729
14730
14731
14732
14733
14734
14735
14736
14737
14738
14739
14740
14741
14742
14743
14744
14745
14746
14747
14748
14749
14750
14751
14752
14753
14754
14755
14756
14757
14758
14759
14760
14761
14762
14763
14764
14765
14766
14767
14768
14769
14770
14771
14772
14773
14774
14775
14776
14777
14778
14779
14780
14781
14782
14783
14784
14785
14786
14787
14788
14789
14790
14791
14792
14793
14794
14795
14796
14797
14798
14799
14800
14801
14802
14803
14804
14805
14806
14807
14808
14809
14810
14811
14812
14813
14814
14815
14816
14817
14818
14819
14820
14821
14822
14823
14824
14825
14826
14827
14828
14829
14830
14831
14832
14833
14834
14835
14836
14837
14838
14839
14840
14841
14842
14843
14844
14845
14846
14847
14848
14849
14850
14851
14852
14853
14854
14855
14856
14857
14858
14859
14860
14861
14862
14863
14864
14865
14866
14867
14868
14869
14870
14871
14872
14873
14874
14875
14876
14877
14878
14879
14880
14881
14882
14883
14884
14885
14886
14887
14888
14889
14890
14891
14892
14893
14894
14895
14896
14897
14898
14899
14900
14901
14902
14903
14904
14905
14906
14907
14908
14909
14910
14911
14912
14913
14914
14915
14916
14917
14918
14919
14920
14921
14922
14923
14924
14925
14926
14927
14928
14929
14930
14931
14932
14933
14934
14935
14936
14937
14938
14939
14940
14941
14942
14943
14944
14945
14946
14947
14948
14949
14950
14951
14952
14953
14954
14955
14956
14957
14958
14959
14960
14961
14962
14963
14964
14965
14966
14967
14968
14969
14970
14971
14972
14973
14974
14975
14976
14977
14978
14979
14980
14981
14982
14983
14984
14985
14986
14987
14988
14989
14990
14991
14992
14993
14994
14995
14996
14997
14998
14999
15000
15001
15002
15003
15004
15005
15006
15007
15008
15009
15010
15011
15012
15013
15014
15015
15016
15017
15018
15019
15020
15021
15022
15023
15024
15025
15026
15027
15028
15029
15030
15031
15032
15033
15034
15035
15036
15037
15038
15039
15040
15041
15042
15043
15044
15045
15046
15047
15048
15049
15050
15051
15052
15053
15054
15055
15056
15057
15058
15059
15060
15061
15062
15063
15064
15065
15066
15067
15068
15069
15070
15071
15072
15073
15074
15075
15076
15077
15078
15079
15080
15081
15082
15083
15084
15085
15086
15087
15088
15089
15090
15091
15092
15093
15094
15095
15096
15097
15098
15099
15100
15101
15102
15103
15104
15105
15106
15107
15108
15109
15110
15111
15112
15113
15114
15115
15116
15117
15118
15119
15120
15121
15122
15123
15124
15125
15126
15127
15128
15129
15130
15131
15132
15133
15134
15135
15136
15137
15138
15139
15140
15141
15142
15143
15144
15145
15146
15147
15148
15149
15150
15151
15152
15153
15154
15155
15156
15157
15158
15159
15160
15161
15162
15163
15164
15165
15166
15167
15168
15169
15170
15171
15172
15173
15174
15175
15176
15177
15178
15179
15180
15181
15182
15183
15184
15185
15186
15187
15188
15189
15190
15191
15192
15193
15194
15195
15196
15197
15198
15199
15200
15201
15202
15203
15204
15205
15206
15207
15208
15209
15210
15211
15212
15213
15214
15215
15216
15217
15218
15219
15220
15221
15222
15223
15224
15225
15226
15227
15228
15229
15230
15231
15232
15233
15234
15235
15236
15237
15238
15239
15240
15241
15242
15243
15244
15245
15246
15247
15248
15249
15250
15251
15252
15253
15254
15255
15256
15257
15258
15259
15260
15261
15262
15263
15264
15265
15266
15267
15268
15269
15270
15271
15272
15273
15274
15275
15276
15277
15278
15279
15280
15281
15282
15283
15284
15285
15286
15287
15288
15289
15290
15291
15292
15293
15294
15295
15296
15297
15298
15299
15300
15301
15302
15303
15304
15305
15306
15307
15308
15309
15310
15311
15312
15313
15314
15315
15316
15317
15318
15319
15320
15321
15322
15323
15324
15325
15326
15327
15328
15329
15330
15331
15332
15333
15334
15335
15336
15337
15338
15339
15340
15341
15342
15343
15344
15345
15346
15347
15348
15349
15350
15351
15352
15353
15354
15355
15356
15357
15358
15359
15360
15361
15362
15363
15364
15365
15366
15367
15368
15369
15370
15371
15372
15373
15374
15375
15376
15377
15378
15379
15380
15381
15382
15383
15384
15385
15386
15387
15388
15389
15390
15391
15392
15393
15394
15395
15396
15397
15398
15399
15400
15401
15402
15403
15404
15405
15406
15407
15408
15409
15410
15411
15412
15413
15414
15415
15416
15417
15418
15419
15420
15421
15422
15423
15424
15425
15426
15427
15428
15429
15430
15431
15432
15433
15434
15435
15436
15437
15438
15439
15440
15441
15442
15443
15444
15445
15446
15447
15448
15449
15450
15451
15452
15453
15454
15455
15456
15457
15458
15459
15460
15461
15462
15463
15464
15465
15466
15467
15468
15469
15470
15471
15472
15473
15474
15475
15476
15477
15478
15479
15480
15481
15482
15483
15484
15485
15486
15487
15488
15489
15490
15491
15492
15493
15494
15495
15496
15497
15498
15499
15500
15501
15502
15503
15504
15505
15506
15507
15508
15509
15510
15511
15512
15513
15514
15515
15516
15517
15518
15519
15520
15521
15522
15523
15524
15525
15526
15527
15528
15529
15530
15531
15532
15533
15534
15535
15536
15537
15538
15539
15540
15541
15542
15543
15544
15545
15546
15547
15548
15549
15550
15551
15552
15553
15554
15555
15556
15557
15558
15559
15560
15561
15562
15563
15564
15565
15566
15567
15568
15569
15570
15571
15572
15573
15574
15575
15576
15577
15578
15579
15580
15581
15582
15583
15584
15585
15586
15587
15588
15589
15590
15591
15592
15593
15594
15595
15596
15597
15598
15599
15600
15601
15602
15603
15604
15605
15606
15607
15608
15609
15610
15611
15612
15613
15614
15615
15616
15617
15618
15619
15620
15621
15622
15623
15624
15625
15626
15627
15628
15629
15630
15631
15632
15633
15634
15635
15636
15637
15638
15639
15640
15641
15642
15643
15644
15645
15646
15647
15648
15649
15650
15651
15652
15653
15654
15655
15656
15657
15658
15659
15660
15661
15662
15663
15664
15665
15666
15667
15668
15669
15670
15671
15672
15673
15674
15675
15676
15677
15678
15679
15680
15681
15682
15683
15684
15685
15686
15687
15688
15689
15690
15691
15692
15693
15694
15695
15696
15697
15698
15699
15700
15701
15702
15703
15704
15705
15706
15707
15708
15709
15710
15711
15712
15713
15714
15715
15716
15717
15718
15719
15720
15721
15722
15723
15724
15725
15726
15727
15728
15729
15730
15731
15732
15733
15734
15735
15736
15737
15738
15739
15740
15741
15742
15743
15744
15745
15746
15747
15748
15749
15750
15751
15752
15753
15754
15755
15756
15757
15758
15759
15760
15761
15762
15763
15764
15765
15766
15767
15768
15769
15770
15771
15772
15773
15774
15775
15776
15777
15778
15779
15780
15781
15782
15783
15784
15785
15786
15787
15788
15789
15790
15791
15792
15793
15794
15795
15796
15797
15798
15799
15800
15801
15802
15803
15804
15805
15806
15807
15808
15809
15810
15811
15812
15813
15814
15815
15816
15817
15818
15819
15820
15821
15822
15823
15824
15825
15826
15827
15828
15829
15830
15831
15832
15833
15834
15835
15836
15837
15838
15839
15840
15841
15842
15843
15844
15845
15846
15847
15848
15849
15850
15851
15852
15853
15854
15855
15856
15857
15858
15859
15860
15861
15862
15863
15864
15865
15866
15867
15868
15869
15870
15871
15872
15873
15874
15875
15876
15877
15878
15879
15880
15881
15882
15883
15884
15885
15886
15887
15888
15889
15890
15891
15892
15893
15894
15895
15896
15897
15898
15899
15900
15901
15902
15903
15904
15905
15906
15907
15908
15909
15910
15911
15912
15913
15914
15915
15916
15917
15918
15919
15920
15921
15922
15923
15924
15925
15926
15927
15928
15929
15930
15931
15932
15933
15934
15935
15936
15937
15938
15939
15940
15941
15942
15943
15944
15945
15946
15947
15948
15949
15950
15951
15952
15953
15954
15955
15956
15957
15958
15959
15960
15961
15962
15963
15964
15965
15966
15967
15968
15969
15970
15971
15972
15973
15974
15975
15976
15977
15978
15979
15980
15981
15982
15983
15984
15985
15986
15987
15988
15989
15990
15991
15992
15993
15994
15995
15996
15997
15998
15999
16000
16001
16002
16003
16004
16005
16006
16007
16008
16009
16010
16011
16012
16013
16014
16015
16016
16017
16018
16019
16020
16021
16022
16023
16024
16025
16026
16027
16028
16029
16030
16031
16032
16033
16034
16035
16036
16037
16038
16039
16040
16041
16042
16043
16044
16045
16046
16047
16048
16049
16050
16051
16052
16053
16054
16055
16056
16057
16058
16059
16060
16061
16062
16063
16064
16065
16066
16067
16068
16069
16070
16071
16072
16073
16074
16075
16076
16077
16078
16079
16080
16081
16082
16083
16084
16085
16086
16087
16088
16089
16090
16091
16092
16093
16094
16095
16096
16097
16098
16099
16100
16101
16102
16103
16104
16105
16106
16107
16108
16109
16110
16111
16112
16113
16114
16115
16116
16117
16118
16119
16120
16121
16122
16123
16124
16125
16126
16127
16128
16129
16130
16131
16132
16133
16134
16135
16136
16137
16138
16139
16140
16141
16142
16143
16144
16145
16146
16147
16148
16149
16150
16151
16152
16153
16154
16155
16156
16157
16158
16159
16160
16161
16162
16163
16164
16165
16166
16167
16168
16169
16170
16171
16172
16173
16174
16175
16176
16177
16178
16179
16180
16181
16182
16183
16184
16185
16186
16187
16188
16189
16190
16191
16192
16193
16194
16195
16196
16197
16198
16199
16200
16201
16202
16203
16204
16205
16206
16207
16208
16209
16210
16211
16212
16213
16214
16215
16216
16217
16218
16219
16220
16221
16222
16223
16224
16225
16226
16227
16228
16229
16230
16231
16232
16233
16234
16235
16236
16237
16238
16239
16240
16241
16242
16243
16244
16245
16246
16247
16248
16249
16250
16251
16252
16253
16254
16255
16256
16257
16258
16259
16260
16261
16262
16263
16264
16265
16266
16267
16268
16269
16270
16271
16272
16273
16274
16275
16276
16277
16278
16279
16280
16281
16282
16283
16284
16285
16286
16287
16288
16289
16290
16291
16292
16293
16294
16295
16296
16297
16298
16299
16300
16301
16302
16303
16304
16305
16306
16307
16308
16309
16310
16311
16312
16313
16314
16315
16316
16317
16318
16319
16320
16321
16322
16323
16324
16325
16326
16327
16328
16329
16330
16331
16332
16333
16334
16335
16336
16337
16338
16339
16340
16341
16342
16343
16344
16345
16346
16347
16348
16349
16350
16351
16352
16353
16354
16355
16356
16357
16358
16359
16360
16361
16362
16363
16364
16365
16366
16367
16368
16369
16370
16371
16372
16373
16374
16375
16376
16377
16378
16379
16380
16381
16382
16383
16384
16385
16386
16387
16388
16389
16390
16391
16392
16393
16394
16395
16396
16397
16398
16399
16400
16401
16402
16403
16404
16405
16406
16407
16408
16409
16410
16411
16412
16413
16414
16415
16416
16417
16418
16419
16420
16421
16422
16423
16424
16425
16426
16427
16428
16429
16430
16431
16432
16433
16434
16435
16436
16437
16438
16439
16440
16441
16442
16443
16444
16445
16446
16447
16448
16449
16450
16451
16452
16453
16454
16455
16456
16457
16458
16459
16460
16461
16462
16463
16464
16465
16466
16467
16468
16469
16470
16471
16472
16473
16474
16475
16476
16477
16478
16479
16480
16481
16482
16483
16484
16485
16486
16487
16488
16489
16490
16491
16492
16493
16494
16495
16496
16497
16498
16499
16500
16501
16502
16503
16504
16505
16506
16507
16508
16509
16510
16511
16512
16513
16514
16515
16516
16517
16518
16519
16520
16521
16522
16523
16524
16525
16526
16527
16528
16529
16530
16531
16532
16533
16534
16535
16536
16537
16538
16539
16540
16541
16542
16543
16544
16545
16546
16547
16548
16549
16550
16551
16552
16553
16554
16555
16556
16557
16558
16559
16560
16561
16562
16563
16564
16565
16566
16567
16568
16569
16570
16571
16572
16573
16574
16575
16576
16577
16578
16579
16580
16581
16582
16583
16584
16585
16586
16587
16588
16589
16590
16591
16592
16593
16594
16595
16596
16597
16598
16599
16600
16601
16602
16603
16604
16605
16606
16607
16608
16609
16610
16611
16612
16613
16614
16615
16616
16617
16618
16619
16620
16621
16622
16623
16624
16625
16626
16627
16628
16629
16630
16631
16632
16633
16634
16635
16636
16637
16638
16639
16640
16641
16642
16643
16644
16645
16646
16647
16648
16649
16650
16651
16652
16653
16654
16655
16656
16657
16658
16659
16660
16661
16662
16663
16664
16665
16666
16667
16668
16669
16670
16671
16672
16673
16674
16675
16676
16677
16678
16679
16680
16681
16682
16683
16684
16685
16686
16687
16688
16689
16690
16691
16692
16693
16694
16695
16696
16697
16698
16699
16700
16701
16702
16703
16704
16705
16706
16707
16708
16709
16710
16711
16712
16713
16714
16715
16716
16717
16718
16719
16720
16721
16722
16723
16724
16725
16726
16727
16728
16729
16730
16731
16732
16733
16734
16735
16736
16737
16738
16739
16740
16741
16742
16743
16744
16745
16746
16747
16748
16749
16750
16751
16752
16753
16754
16755
16756
16757
16758
16759
16760
16761
16762
16763
16764
16765
16766
16767
16768
16769
16770
16771
16772
16773
16774
16775
16776
16777
16778
16779
16780
16781
16782
16783
16784
16785
16786
16787
16788
16789
16790
16791
16792
16793
16794
16795
16796
16797
16798
16799
16800
16801
16802
16803
16804
16805
16806
16807
16808
16809
16810
16811
16812
16813
16814
16815
16816
16817
16818
16819
16820
16821
16822
16823
16824
16825
16826
16827
16828
16829
16830
16831
16832
16833
16834
16835
16836
16837
16838
16839
16840
16841
16842
16843
16844
16845
16846
16847
16848
16849
16850
16851
16852
16853
16854
16855
16856
16857
16858
16859
16860
16861
16862
16863
16864
16865
16866
16867
16868
16869
16870
16871
16872
16873
16874
16875
16876
16877
16878
16879
16880
16881
16882
16883
16884
16885
16886
16887
16888
16889
16890
16891
16892
16893
16894
16895
16896
16897
16898
16899
16900
16901
16902
16903
16904
16905
16906
16907
16908
16909
16910
16911
16912
16913
16914
16915
16916
16917
16918
16919
16920
16921
16922
16923
16924
16925
16926
16927
16928
16929
16930
16931
16932
16933
16934
16935
16936
16937
16938
16939
16940
16941
16942
16943
16944
16945
16946
16947
16948
16949
16950
16951
16952
16953
16954
16955
16956
16957
16958
16959
16960
16961
16962
16963
16964
16965
16966
16967
16968
16969
16970
16971
16972
16973
16974
16975
16976
16977
16978
16979
16980
16981
16982
16983
16984
16985
16986
16987
16988
16989
16990
16991
16992
16993
16994
16995
16996
16997
16998
16999
17000
17001
17002
17003
17004
17005
17006
17007
17008
17009
17010
17011
17012
17013
17014
17015
17016
17017
17018
17019
17020
17021
17022
17023
17024
17025
17026
17027
17028
17029
17030
17031
17032
17033
17034
17035
17036
17037
17038
17039
17040
17041
17042
17043
17044
17045
17046
17047
17048
17049
17050
17051
17052
17053
17054
17055
17056
17057
17058
17059
17060
17061
17062
17063
17064
17065
17066
17067
17068
17069
17070
17071
17072
17073
17074
17075
17076
17077
17078
17079
17080
17081
17082
17083
17084
17085
17086
17087
17088
17089
17090
17091
17092
17093
17094
17095
17096
17097
17098
17099
17100
17101
17102
17103
17104
17105
17106
17107
17108
17109
17110
17111
17112
17113
17114
17115
17116
17117
17118
17119
17120
17121
17122
17123
17124
17125
17126
17127
17128
17129
17130
17131
17132
17133
17134
17135
17136
17137
17138
17139
17140
17141
17142
17143
17144
17145
17146
17147
17148
17149
17150
17151
17152
17153
17154
17155
17156
17157
17158
17159
17160
17161
17162
17163
17164
17165
17166
17167
17168
17169
17170
17171
17172
17173
17174
17175
17176
17177
17178
17179
17180
17181
17182
17183
17184
17185
17186
17187
17188
17189
17190
17191
17192
17193
17194
17195
17196
17197
17198
17199
17200
17201
17202
17203
17204
17205
17206
17207
17208
17209
17210
17211
17212
17213
17214
17215
17216
17217
17218
17219
17220
17221
17222
17223
17224
17225
17226
17227
17228
17229
17230
17231
17232
17233
17234
17235
17236
17237
17238
17239
17240
17241
17242
17243
17244
17245
17246
17247
17248
17249
17250
17251
17252
17253
17254
17255
17256
17257
17258
17259
17260
17261
17262
17263
17264
17265
17266
17267
17268
17269
17270
17271
17272
17273
17274
17275
17276
17277
17278
17279
17280
17281
17282
17283
17284
17285
17286
17287
17288
17289
17290
17291
17292
17293
17294
17295
17296
17297
17298
17299
17300
17301
17302
17303
17304
17305
17306
17307
17308
17309
17310
17311
17312
17313
17314
17315
17316
17317
17318
17319
17320
17321
17322
17323
17324
17325
17326
17327
17328
17329
17330
17331
17332
17333
17334
17335
17336
17337
17338
17339
17340
17341
17342
17343
17344
17345
17346
17347
17348
17349
17350
17351
17352
17353
17354
17355
17356
17357
17358
17359
17360
17361
17362
17363
17364
17365
17366
17367
17368
17369
17370
17371
17372
17373
17374
17375
17376
17377
17378
17379
17380
17381
17382
17383
17384
17385
17386
17387
17388
17389
17390
17391
17392
17393
17394
17395
17396
17397
17398
17399
17400
17401
17402
17403
17404
17405
17406
17407
17408
17409
17410
17411
17412
17413
17414
17415
17416
17417
17418
17419
17420
17421
17422
17423
17424
17425
17426
17427
17428
17429
17430
17431
17432
17433
17434
17435
17436
17437
17438
17439
17440
17441
17442
17443
17444
17445
17446
17447
17448
17449
17450
17451
17452
17453
17454
17455
17456
17457
17458
17459
17460
17461
17462
17463
17464
17465
17466
17467
17468
17469
17470
17471
17472
17473
17474
17475
17476
17477
17478
17479
17480
17481
17482
17483
17484
17485
17486
17487
17488
17489
17490
17491
17492
17493
17494
17495
17496
17497
17498
17499
17500
17501
17502
17503
17504
17505
17506
17507
17508
17509
17510
17511
17512
17513
17514
17515
17516
17517
17518
17519
17520
17521
17522
17523
17524
17525
17526
17527
17528
17529
17530
17531
17532
17533
17534
17535
17536
17537
17538
17539
17540
17541
17542
17543
17544
17545
17546
17547
17548
17549
17550
17551
17552
17553
17554
17555
17556
17557
17558
17559
17560
17561
17562
17563
17564
17565
17566
17567
17568
17569
17570
17571
17572
17573
17574
17575
17576
17577
17578
17579
17580
17581
17582
17583
17584
17585
17586
17587
17588
17589
17590
17591
17592
17593
17594
17595
17596
17597
17598
17599
17600
17601
17602
17603
17604
17605
17606
17607
17608
17609
17610
17611
17612
17613
17614
17615
17616
17617
17618
17619
17620
17621
17622
17623
17624
17625
17626
17627
17628
17629
17630
17631
17632
17633
17634
17635
17636
17637
17638
17639
17640
17641
17642
17643
17644
17645
17646
17647
17648
17649
17650
17651
17652
17653
17654
17655
17656
17657
17658
17659
17660
17661
17662
17663
17664
17665
17666
17667
17668
17669
17670
17671
17672
17673
17674
17675
17676
17677
17678
17679
17680
17681
17682
17683
17684
17685
17686
17687
17688
17689
17690
17691
17692
17693
17694
17695
17696
17697
17698
17699
17700
17701
17702
17703
17704
17705
17706
17707
17708
17709
17710
17711
17712
17713
17714
17715
17716
17717
17718
17719
17720
17721
17722
17723
17724
17725
17726
17727
17728
17729
17730
17731
17732
17733
17734
17735
17736
17737
17738
17739
17740
17741
17742
17743
17744
17745
17746
17747
17748
17749
17750
17751
17752
17753
17754
17755
17756
17757
17758
17759
17760
17761
17762
17763
17764
17765
17766
17767
17768
17769
17770
17771
17772
17773
17774
17775
17776
17777
17778
17779
17780
17781
17782
17783
17784
17785
17786
17787
17788
17789
17790
17791
17792
17793
17794
17795
17796
17797
17798
17799
17800
17801
17802
17803
17804
17805
17806
17807
17808
17809
17810
17811
17812
17813
17814
17815
17816
17817
17818
17819
17820
17821
17822
17823
17824
17825
17826
17827
17828
17829
17830
17831
17832
17833
17834
17835
17836
17837
17838
17839
17840
17841
17842
17843
17844
17845
17846
17847
17848
17849
17850
17851
17852
17853
17854
17855
17856
17857
17858
17859
17860
17861
17862
17863
17864
17865
17866
17867
17868
17869
17870
17871
17872
17873
17874
17875
17876
17877
17878
17879
17880
17881
17882
17883
17884
17885
17886
17887
17888
17889
17890
17891
17892
17893
17894
17895
17896
17897
17898
17899
17900
17901
17902
17903
17904
17905
17906
17907
17908
17909
17910
17911
17912
17913
17914
17915
17916
17917
17918
17919
17920
17921
17922
17923
17924
17925
17926
17927
17928
17929
17930
17931
17932
17933
17934
17935
17936
17937
17938
17939
17940
17941
17942
17943
17944
17945
17946
17947
17948
17949
17950
17951
17952
17953
17954
17955
17956
17957
17958
17959
17960
17961
17962
17963
17964
17965
17966
17967
17968
17969
17970
17971
17972
17973
17974
17975
17976
17977
17978
17979
17980
17981
17982
17983
17984
17985
17986
17987
17988
17989
17990
17991
17992
17993
17994
17995
17996
17997
17998
17999
18000
18001
18002
18003
18004
18005
18006
18007
18008
18009
18010
18011
18012
18013
18014
18015
18016
18017
18018
18019
18020
18021
18022
18023
18024
18025
18026
18027
18028
18029
18030
18031
18032
18033
18034
18035
18036
18037
18038
18039
18040
18041
18042
18043
18044
18045
18046
18047
18048
18049
18050
18051
18052
18053
18054
18055
18056
18057
18058
18059
18060
18061
18062
18063
18064
18065
18066
18067
18068
18069
18070
18071
18072
18073
18074
18075
18076
18077
18078
18079
18080
18081
18082
18083
18084
18085
18086
18087
18088
18089
18090
18091
18092
18093
18094
18095
18096
18097
18098
18099
18100
18101
18102
18103
18104
18105
18106
18107
18108
18109
18110
18111
18112
18113
18114
18115
18116
18117
18118
18119
18120
18121
18122
18123
18124
18125
18126
18127
18128
18129
18130
18131
18132
18133
18134
18135
18136
18137
18138
18139
18140
18141
18142
18143
18144
18145
18146
18147
18148
18149
18150
18151
18152
18153
18154
18155
18156
18157
18158
18159
18160
18161
18162
18163
18164
18165
18166
18167
18168
18169
18170
18171
18172
18173
18174
18175
18176
18177
18178
18179
18180
18181
18182
18183
18184
18185
18186
18187
18188
18189
18190
18191
18192
18193
18194
18195
18196
18197
18198
18199
18200
18201
18202
18203
18204
18205
18206
18207
18208
18209
18210
18211
18212
18213
18214
18215
18216
18217
18218
18219
18220
18221
18222
18223
18224
18225
18226
18227
18228
18229
18230
18231
18232
18233
18234
18235
18236
18237
18238
18239
18240
18241
18242
18243
18244
18245
18246
18247
18248
18249
18250
18251
18252
18253
18254
18255
18256
18257
18258
18259
18260
18261
18262
18263
18264
18265
18266
18267
18268
18269
18270
18271
18272
18273
18274
18275
18276
18277
18278
18279
18280
18281
18282
18283
18284
18285
18286
18287
18288
18289
18290
18291
18292
18293
18294
18295
18296
18297
18298
18299
18300
18301
18302
18303
18304
18305
18306
18307
18308
18309
18310
18311
18312
18313
18314
18315
18316
18317
18318
18319
18320
18321
18322
18323
18324
18325
18326
18327
18328
18329
18330
18331
18332
18333
18334
18335
18336
18337
18338
18339
18340
18341
18342
18343
18344
18345
18346
18347
18348
18349
18350
18351
18352
18353
18354
18355
18356
18357
18358
18359
18360
18361
18362
18363
18364
18365
18366
18367
18368
18369
18370
18371
18372
18373
18374
18375
18376
18377
18378
18379
18380
18381
18382
18383
18384
18385
18386
18387
18388
18389
18390
18391
18392
18393
18394
18395
18396
18397
18398
18399
18400
18401
18402
18403
18404
18405
18406
18407
18408
18409
18410
18411
18412
18413
18414
18415
18416
18417
18418
18419
18420
18421
18422
18423
18424
18425
18426
18427
18428
18429
18430
18431
18432
18433
18434
18435
18436
18437
18438
18439
18440
18441
18442
18443
18444
18445
18446
18447
18448
18449
18450
18451
18452
18453
18454
18455
18456
18457
18458
18459
18460
18461
18462
18463
18464
18465
18466
18467
18468
18469
18470
18471
18472
18473
18474
18475
18476
18477
18478
18479
18480
18481
18482
18483
18484
18485
18486
18487
18488
18489
18490
18491
18492
18493
18494
18495
18496
18497
18498
18499
18500
18501
18502
18503
18504
18505
18506
18507
18508
18509
18510
18511
18512
18513
18514
18515
18516
18517
18518
18519
18520
18521
18522
18523
18524
18525
18526
18527
18528
18529
18530
18531
18532
18533
18534
18535
18536
18537
18538
18539
18540
18541
18542
18543
18544
18545
18546
18547
18548
18549
18550
18551
18552
18553
18554
18555
18556
18557
18558
18559
18560
18561
18562
18563
18564
18565
18566
18567
18568
18569
18570
18571
18572
18573
18574
18575
18576
18577
18578
18579
18580
18581
18582
18583
18584
18585
18586
18587
18588
18589
18590
18591
18592
18593
18594
18595
18596
18597
18598
18599
18600
18601
18602
18603
18604
18605
18606
18607
18608
18609
18610
18611
18612
18613
18614
18615
18616
18617
18618
18619
18620
18621
18622
18623
18624
18625
18626
18627
18628
18629
18630
18631
18632
18633
18634
18635
18636
18637
18638
18639
18640
18641
18642
18643
18644
18645
18646
18647
18648
18649
18650
18651
18652
18653
18654
18655
18656
18657
18658
18659
18660
18661
18662
18663
18664
18665
18666
18667
18668
18669
18670
18671
18672
18673
18674
18675
18676
18677
18678
18679
18680
18681
18682
18683
18684
18685
18686
18687
18688
18689
18690
18691
18692
18693
18694
18695
18696
18697
18698
18699
18700
18701
18702
18703
18704
18705
18706
18707
18708
18709
18710
18711
18712
18713
18714
18715
18716
18717
18718
18719
18720
18721
18722
18723
18724
18725
18726
18727
18728
18729
18730
18731
18732
18733
18734
18735
18736
18737
18738
18739
18740
18741
18742
18743
18744
18745
18746
18747
18748
18749
18750
18751
18752
18753
18754
18755
18756
18757
18758
18759
18760
18761
18762
18763
18764
18765
18766
18767
18768
18769
18770
18771
18772
18773
18774
18775
18776
18777
18778
18779
18780
18781
18782
18783
18784
18785
18786
18787
18788
18789
18790
18791
18792
18793
18794
18795
18796
18797
18798
18799
18800
18801
18802
18803
18804
18805
18806
18807
18808
18809
18810
18811
18812
18813
18814
18815
18816
18817
18818
18819
18820
18821
18822
18823
18824
18825
18826
18827
18828
18829
18830
18831
18832
18833
18834
18835
18836
18837
18838
18839
18840
18841
18842
18843
18844
18845
18846
18847
18848
18849
18850
18851
18852
18853
18854
18855
18856
18857
18858
18859
18860
18861
18862
18863
18864
18865
18866
18867
18868
18869
18870
18871
18872
18873
18874
18875
18876
18877
18878
18879
18880
18881
18882
18883
18884
18885
18886
18887
18888
18889
18890
18891
18892
18893
18894
18895
18896
18897
18898
18899
18900
18901
18902
18903
18904
18905
18906
18907
18908
18909
18910
18911
18912
18913
18914
18915
18916
18917
18918
18919
18920
2.374491745884706 259.1761422754102 0
217.6155879109126 25.91394318309979 0
108.4037040809114 190.9608178575986 0
89.22210570119013 200.2423325532164 0
219.0977440236015 4.602384173752391 0
214.1208611798741 46.53738033096502 0
126.1361263297817 179.0742954443571 0
69.67670657212913 207.7521459381304 0
218.5232198328793 -16.53236989240235 0
208.6216913978298 66.87961650071271 0
142.9653615546787 166.7939747176914 0
49.37045479937829 213.4129639560073 0
215.8218452704967 -37.56835970126087 0
201.3945844801457 86.71687658629868 0
158.1104006260175 151.7507119073273 0
191.8541975796915 105.5767827223935 0
171.699981733677 135.7631497690316 0
180.8976784542234 123.2539871411862 0
212.669438565445 -52.11860738810518 0
138.9101506382666 274.7214997161875 0
307.185959989622 21.32735339236309 0
303.7016106973368 50.86596992775241 0
165.327256195568 259.9990298155101 0
112.0248766876444 286.8956169181236 0
307.9617890902541 -8.518014811808516 0
297.6099139667087 79.81194453733374 0
188.9585294920337 243.5107032065571 0
83.65943901303726 296.0372373707478 0
305.56913811949 -38.09576440175464 0
288.3334352396577 108.647611497034 0
211.3488298547058 223.5109165788808 0
276.2916691954238 135.5305011312989 0
232.3947325594234 202.1984713482659 0
262.1709421213314 161.4933191338378 0
58.01286109815728 302.2156054185694 0
235.1192059118948 -109.1257989115658 0
301.3260266862008 -64.54095593004094 0
248.9601884031121 181.225301817858 0
297.5172864708945 -81.76497050820667 0
34.55179981426386 216.4206078004028 0
269.9388534155083 148.7897754562002 0
282.7667559539777 121.9292711560811 0
221.9776669011847 213.0566999170994 0
307.2160752673217 -23.7458546765093 0
293.3106381495525 93.98126594590032 0
200.6337451715485 233.4959653842012 0
307.9310560182194 6.456898318045224 0
177.2196755701052 251.8272662384297 0
305.5631616509986 36.44519972671074 0
97.89255779483068 291.9603270280794 0
300.7701308019707 65.35613538097007 0
151.6422195363812 267.5578007434142 0
125.3545573659554 281.3502877339669 0
42.94568572031177 305.1716451036815 0
292.5697362060369 -95.94179928689906 0
208.7178273225426 -66.83505007099116 0
2.829491247706351 273.6485168087395 0
248.4167521389641 -115.7582310831831 0
2.49948562610036 244.2610165849468 0
224.7167853531561 -103.8974090569588 0
31.04045479968983 306.0954209638387 0
255.7731974004725 171.4755286283527 0
242.0220608334928 190.7340889238371 0
303.4385391393532 -52.94995745655542 0
69.42220026685659 300.2690655478833 0
287.9914803773716 -107.2107739578006 0
22.53344521080807 217.9594805943521 0
2.648011650980022 285.5264053109584 0
258.502524247701 -121.1158469857627 0
213.8005350625068 -98.25707860087076 0
205.7099755400384 -75.39591293322381 0
61.09247997009974 210.4697329594346 0
115.983231268593 185.8709063113343 0
97.49279147729982 195.9887500115779 0
133.3190752572143 173.7530938825219 0
217.8013555707049 -25.53205451988231 0
151.6295864603922 158.0424429288276 0
204.9461240443049 78.29481988647187 0
196.1263048671443 97.69068815387129 0
187.4640067889312 113.5095745490853 0
166.2577222379234 142.8689689855489 0
212.0484648252082 55.32138890932828 0
218.7108098433108 17.13871985530758 0
219.3198067356816 -7.638380802280636 0
216.363671771305 34.65520737727267 0
80.966478210777 203.6058031577576 0
19.08053674451639 307.1311801492512 0
2.47034593193996 235.8639817641272 0
266.3996042713773 -124.7341487382363 0
285.5953153575996 -115.447928722197 0
298.9076432551187 -73.35563228236578 0
2.764598024013911 294.2965725433911 0
13.5686700863047 218.7266132094262 0
202.5010833194703 -83.7816843089317 0
10.32217029488782 308.1059918797012 0
282.0466527663363 -123.7048230143234 0
2.723787549158981 226.8401156787206 0
205.9120084759825 -94.64627610090923 0
40.7132571243429 215.7634332804773 0
28.7024707456426 217.2438309689375 0
210.4680201091131 -61.02964536701734 0
177.3315434554624 128.7445955373147 0
214.1632209581983 -46.37486614844324 0
206.7659457006331 72.49355541949342 0
216.871281528802 -31.52815571901763 0
198.8032989757237 91.98745358078943 0
218.8127854720397 10.47012626956761 0
184.2446148123312 118.2954037979475 0
121.1694375795983 182.6615821125312 0
75.54643603894692 205.646560617193 0
102.9072654776511 193.3426093551777 0
55.58394799432816 212.4876495789701 0
210.3578290405108 61.18484023512659 0
214.8127703727843 40.54286444160416 0
219.2747903318229 -1.437155868559424 0
162.2310181595687 147.3372800538776 0
147.2924876885671 162.2170530465727 0
138.1882764150628 169.966666975188 0
229.6381008735467 -106.2648319896097 0
240.6474063906137 -111.9881670596502 0
2.746491248554101 252.9791274499141 0
2.576513372114679 265.2819813471221 0
253.3941180720055 -118.6075099483006 0
219.3192310431161 -101.2741942967077 0
2.791118234289183 280.1794959974877 0
2.850886041382892 299.8830929846255 0
271.8949191737187 -127.5136555424682 0
36.94417989672836 305.8594945627094 0
25.24206885481848 306.836293013866 0
290.4083713860471 -101.3456816172701 0
294.5983587262031 -90.15627256828625 0
48.85980262675956 304.0337236498577 0
302.400701200324 -58.53938100602438 0
258.6716104855951 166.4726271060152 0
273.9360864575207 140.7671705103869 0
228.4255654929891 206.3871084591198 0
265.2716880437371 156.4597711991961 0
194.0353663658135 239.3647788856513 0
279.2875927302275 130.0185599769031 0
236.3270181220618 197.7017134383653 0
286.1117290169341 113.5628119869982 0
216.1907561157845 219.3777853842942 0
89.57531530074233 294.6333318766797 0
207.3745325515084 227.9494980141654 0
290.572245414211 102.509646233898 0
304.776398509886 -43.99013921404712 0
306.2918858013028 -32.28254121520038 0
78.20179675013964 297.5802718679261 0
298.9492024654222 74.13488285382557 0
307.7534692659158 15.28245178491475 0
169.6199922191184 256.7518160459444 0
184.553878174927 246.2417302671189 0
106.0942656534892 289.2191705702884 0
295.8284347983184 85.83173865920202 0
307.6556308155714 -14.42177603113027 0
307.7511234179851 -2.841839656328322 0
117.2945371498876 284.851956064093 0
159.8410967011311 263.4059848567481 0
144.4278889009328 271.9239742118752 0
304.5335078392222 45.20971011097715 0
302.6329809333982 57.07425877430674 0
133.3364515049896 277.7023096990912 0
306.6994572115523 26.86816860350817 0
252.4705201299746 176.422987362202 0
245.5851281508914 186.0206000273587 0
63.40214429216766 301.1687967571755 0
7.590973983143694 219.009886757049 0
200.1124605822812 -89.19212020118789 0
4.383958237957769 307.953600463929 0
279.6688367791212 -129.4742886650024 0
2.713748468739709 221.2603821467085 0
201.3190739024142 -86.53825783946299 0
204.2888240655176 -86.16673224655079 0
205.4522681939272 -83.39727662845058 0
207.2568418040646 -85.76849184146941 0
208.3977667821902 -83.02450701748874 0
210.2011302722295 -85.38036054623269 0
211.3337697633807 -82.60951198151602 0
213.1402753231599 -84.99004244595554 0
214.2731863994967 -82.21909949282082 0
216.0801125313387 -84.60319578487938 0
217.2130891747279 -81.83224253310789 0
219.0201256001039 -84.21769704418496 0
220.1532427310495 -81.44698475333858 0
221.960817468674 -83.83797207225072 0
223.0768744400328 -81.11107222168869 0
224.9023194234992 -83.45648532075494 0
225.9553677624762 -80.67898791886137 0
227.8431895184199 -83.0719420577244 0
228.9072529574725 -80.26960533581685 0
230.7953072891472 -82.70276000298252 0
231.9013556050496 -79.8521526501587 0
233.7346630226826 -82.30388098069407 0
234.8527952892487 -79.45883667780738 0
236.6712764290184 -81.90123223614506 0
237.8086872355198 -79.15531185246039 0
239.6172288787209 -81.53012569435256 0
240.758304555104 -78.79983567578616 0
242.5644192209102 -81.1496528847845 0
243.7061572556006 -78.41934396088863 0
245.512878993523 -80.76705087527091 0
246.6530600719169 -78.02024865949596 0
244.7849444124036 -75.6801054503498 0
247.7838730596198 -75.27389079091358 0
245.9110645541093 -72.91834262496367 0
248.9213694640765 -72.52296656161187 0
247.0775077019682 -70.12055249222108 0
250.0670199179899 -69.76441183342459 0
248.1436340922408 -67.3006207959457 0
251.1976044762263 -67.00012830644741 0
249.3217156040353 -64.58783065863713 0
252.344557069163 -64.25202794708892 0
250.5265862723199 -61.88403359059632 0
253.502177783839 -61.50998596885945 0
251.684900544623 -59.1414581435094 0
254.6475525274318 -58.75685886602271 0
252.8304672289369 -56.38784023314246 0
255.7922026831241 -56.00201603597373 0
253.9744213043048 -53.63218432935177 0
256.9366215842723 -53.24604592255498 0
255.1221389946579 -50.87743717765935 0
258.0818272251764 -50.48974593950314 0
256.2671983637379 -48.12031913437151 0
259.226835345779 -47.73221436846212 0
257.4107499923458 -45.36196049930061 0
260.3717269236429 -44.97404503642684 0
258.5551968583159 -42.60329000304098 0
261.516866791171 -42.21533774819369 0
259.6997053363928 -39.84392971615536 0
262.6621908462246 -39.45609191906858 0
260.8446970178147 -37.084261426849 0
263.8077258489114 -36.69638648545219 0
261.9899862664345 -34.32419693720202 0
248.461231269295 -80.37947201385782 0
264.9494140971058 -33.93934216291034 0
263.1347642076564 -31.56419648149825 0
266.0801617708211 -31.17340081975823 0
264.2779674819543 -28.80268244024152 0
253.031519117648 -69.38419174757408 0
261.3166704233571 -29.19117697135095 0
262.4623997093075 -26.43028293821744 0
265.4264869232298 -26.04189952506264 0
263.6084800147734 -23.66907901384699 0
266.5729321547967 -23.28066861500276 0
264.7543197434997 -20.90753719450791 0
261.7899064199269 -21.29614677982832 0
262.9354869072417 -18.53444207815306 0
265.9000375289548 -18.14591181715413 0
264.0810906236911 -15.772603385326 0
267.0459404895655 -15.38401515855888 0
265.2268544343762 -13.01067848070029 0
262.2620287171495 -13.39939125955397 0
263.4076560528549 -10.6374874992929 0
266.3726752129803 -10.24854448269841 0
264.553368278707 -7.875179585214463 0
267.518551606444 -7.486115470274687 0
265.6989589105332 -5.112651605073936 0
262.7337494623563 -5.501446262465336 0
263.879329597488 -2.739168887319752 0
266.8445200426956 -2.350086938909769 0
265.0248442116718 0.0234061975344234 0
262.0596821157785 -0.3658327312412207 0
263.2050970501238 2.396740399900871 0
266.1704526319941 2.786111784883567 0
264.3505124850986 5.159566770030715 0
267.3160905242438 5.549077865117721 0
265.4959282915534 7.922609772592901 0
262.5305976960286 7.532851108354327 0
263.6757738498144 10.29606743630725 0
266.6412946398415 10.68570543091605 0
264.8172673911181 13.05629036329482 0
261.8549333911838 12.66888002005871 0
262.9999594644652 15.43193986204708 0
265.9626303113611 15.84220882301407 0
264.1435534221119 18.19600455694371 0
261.1306430838329 17.84085230745578 0
262.3166500565506 20.57499515924519 0
265.2545541596584 21.00519955628461 0
263.4562549844925 23.34112348464365 0
260.4520397914818 22.97959036198672 0
261.6384429608182 25.71334287763556 0
264.592891708715 26.13275700705025 0
262.7851216830619 28.47372379474728 0
259.7378895428677 28.15366668947343 0
260.9088831390017 30.88872613863153 0
263.9251213255778 31.26455495552267 0
262.101347522829 33.6160732241984 0
259.1185982422146 33.24730492605394 0
260.29682363458 35.98561468521357 0
263.2356618344004 36.37806871054751 0
261.4369470577265 38.74512314411875 0
258.4757715815921 38.35184192004228 0
259.619444380077 41.11599601117647 0
262.5851281308368 41.50688717184727 0
260.76424488775 43.87953489999084 0
257.7987423425256 43.48855508758307 0
258.9430516423916 46.25226393550342 0
255.9860738202008 45.85777688817858 0
257.1315736066234 48.62089481894539 0
260.0853411766303 49.01262316270985 0
258.2670975761147 51.38750921988611 0
255.3001756886119 50.9976215094001 0
256.4443648320641 53.76132054539801 0
259.4101547590599 54.15243262678655 0
257.5882008760759 56.52530674973987 0
254.6225910396978 56.13413569465197 0
255.7663761082336 58.89796940693861 0
252.8010131006099 58.50663252105801 0
253.9446930491231 61.27047616881192 0
256.9101193700753 61.6618216209773 0
255.0884127520827 64.03438719561348 0
252.1228989776361 63.64287493518061 0
253.266469973357 66.40690666819992 0
256.2320898862803 66.79841661173111 0
254.4100746783844 69.17092777303651 0
251.4445186385142 68.77932878326652 0
252.5880084082384 71.54330644954756 0
249.6226542889956 71.15145979641903 0
250.7659968325495 73.91548876925768 0
253.7315743171345 74.3073846346559 0
251.9092880821544 76.67964438790213 0
248.9439766166777 76.28756707722306 0
250.0870537734967 79.05178937652991 0
247.1219021599152 78.65980064095469 0
248.2650104722595 81.42392022570473 0
245.29981615311 81.03206157131982 0
246.442867122874 83.79606977637971 0
249.4082913639716 84.18800961663354 0
247.586021573336 86.56008386495 0
244.6206987959394 86.16809485042462 0
245.7637538102676 88.93205078153832 0
242.7986135068481 88.53983398209891 0
243.9415105784011 91.30387435973928 0
246.9068858905146 91.69615068172689 0
245.0844836443987 94.06814828017082 0
242.119206572555 93.67563549243971 0
243.2620198686336 96.43998355257402 0
240.2968528021409 96.04754141897547 0
241.4396063704304 98.81172466266253 0
238.4745064431056 98.41945041404348 0
239.6171587698987 101.1835584296184 0
242.5824941029205 101.5758950358954 0
240.7599341490875 103.9477024136761 0
237.7946733558246 103.5553070524977 0
238.9373594053918 106.3194237654137 0
235.9722587109127 105.9268890202043 0
237.1148400342706 108.691008487556 0
234.1498554709379 108.298481720973 0
235.2923829041602 111.0625107670481 0
232.3274681927397 110.6700046189289 0
233.4699738656209 113.4340248246234 0
236.4350703816451 113.8266037517958 0
234.6079386753945 116.1947424433155 0
231.6466579831591 115.8049722148275 0
232.7871625374794 118.5677523219411 0
229.8280498260395 118.1796080927796 0
230.962736150943 120.9378015152473 0
228.005866065044 120.5513437593278 0
229.1398644555352 123.3089447180004 0
226.1795835566954 122.9198391266261 0
227.3166542891768 125.6797238232601 0
224.3563508904894 125.2904456890182 0
225.4984852575729 128.0542534563043 0
222.5345359860692 127.6621204728449 0
223.6768706949061 130.426047492325 0
220.712458918718 130.0334594136743 0
221.8546481963934 132.7973829568736 0
224.8194887167688 133.1901272736922 0
222.9968799466087 135.5614727444081 0
220.0320347963189 135.1687150475379 0
221.1741906467945 137.9327764440283 0
218.2092901188918 137.5399916224803 0
219.3466282376772 140.3002747593491 0
216.3868497806758 139.9113122473495 0
217.5231831753288 142.6708555095738 0
214.5641291286705 142.282418047023 0
215.7002952655063 145.0418162641764 0
212.7413554590758 144.6534533293162 0
213.8776086349097 147.4128896107007 0
210.9187716115289 147.0245823896585 0
212.0548917417346 149.7839008927486 0
209.0952492676642 149.3949516902304 0
210.2321330936265 152.1548483847308 0
207.2733628849828 151.7665567953176 0
208.407332941403 154.5242038555425 0
205.4505496301061 154.1374307703687 0
206.5843604450195 156.8949484275477 0
203.6270243022585 156.5077454417908 0
204.7614795539021 159.2657557115113 0
201.8050555366096 158.8792533107212 0
202.9389723378821 161.6368509602113 0
199.9826045208547 161.2503949730634 0
201.1163401370977 164.0078586894831 0
198.1592460164988 163.6208509007182 0
199.2936371710974 166.3788278209136 0
196.3372651005697 165.9923860309233 0
197.4710327042131 168.7498967486401 0
194.5147672977064 168.3635515692577 0
195.6484615975698 171.1210226548183 0
192.6921490953824 170.7346589535256 0
193.8257464378336 173.4920749271788 0
190.8694973640192 173.1057806938422 0
192.0081142674096 175.8670684996795 0
189.0469437093961 175.477024485121 0
190.1812778935832 178.2350572334425 0
187.224274113783 177.8482383015603 0
188.3577617828821 180.6056523185908 0
185.4014159887393 180.2193706040544 0
186.5348998837929 182.9768172112245 0
183.5785994625241 182.590607529777 0
184.7119946701353 185.3480255025222 0
181.7557630753918 184.9619097324822 0
182.8891877228716 187.7193931478957 0
179.9132273769893 187.3418958394149 0
181.0629454612769 190.092166171112 0
178.0695729446272 189.7139836564461 0
179.236054471825 192.4640087945598 0
176.2614928239581 192.0765084417876 0
177.4148050981621 194.8340361547104 0
174.4581310227271 194.4473635176392 0
175.5953937720067 197.2053105756984 0
172.6389437613855 196.8188212531453 0
173.7734625123856 199.5768275608831 0
170.8166582831877 199.1904684815935 0
171.9507084283627 201.9485868444407 0
168.9936756795613 201.5622411763583 0
170.1275032461912 204.3203434912017 0
167.1704562447673 203.93408735811 0
168.304297579511 206.6922914076168 0
165.3471508273842 206.3060379988431 0
166.4808720569505 209.0642259396777 0
163.5236524665839 208.6780824829003 0
164.6574922878444 211.4363598541821 0
161.700173162598 211.0502176045394 0
207.7354838614175 159.6657756530186 0
215.0257929416838 150.1815128809947 0
200.4453067731553 169.1500785456861 0
162.8429572386502 213.8154768194711 0
159.8783213017083 213.4234250881716 0
158.7358919376647 210.6585727179009 0
156.913012473706 213.0308048608764 0
158.0554648821137 215.7959514287962 0
155.0894004979809 215.4028499949846 0
232.1095708405053 123.7053511632425 0
191.3323930315385 181.0059756206666 0
156.2319861196952 218.168061613708 0
153.2659493286872 217.7747618220449 0
152.123487992788 215.0097048948257 0
150.3001491967634 217.3814331061857 0
151.4423740333895 220.1466774045014 0
148.4763762252057 219.7532074912605 0
222.2837550253662 140.7457559647118 0
149.6186156580843 222.5186400877889 0
146.6526319022163 222.1250583054845 0
145.5104363332417 219.3597629316914 0
143.6866744886337 221.7315311508528 0
144.8287768820065 224.4966635180134 0
141.8629468903896 224.103056732682 0
140.7209673664728 221.3380087396526 0
138.8972510739544 223.7093973774979 0
140.0390906565381 226.4745646131628 0
137.0733358897566 226.080831136625 0
138.2151723773342 228.8462467569539 0
135.2493702080374 228.4522909565786 0
134.1072015513072 225.6871863403013 0
132.2834375834668 228.0584204058744 0
133.425266933083 230.8236495562404 0
130.4595522366216 230.4296467207327 0
129.3179038879243 227.6644657720992 0
127.4940454554955 230.0355157516375 0
128.6354893663665 232.8008697328895 0
125.6698605499915 232.4066525855258 0
126.8112338570667 235.1722118798724 0
123.8454954307642 234.7778489977158 0
122.704545611597 232.0120834020823 0
120.8799698290611 234.3831886456045 0
122.0087534131646 237.2415244541626 0
119.0533754982297 236.7699083570833 0
117.914164267154 233.9911610813033 0
116.0895121270977 236.3627891608588 0
117.1733483393253 239.1960694505011 0
114.2435909933571 238.7338481482903 0
113.1208754629019 235.9660917280097 0
111.295623598501 238.3366700322983 0
112.3663354146549 241.1606505264047 0
109.4497627980384 240.7073926157257 0
108.3280359365604 237.9412728256875 0
106.5043427077045 240.3120739874798 0
107.5746009842723 243.1359153783415 0
104.6589592867164 242.6828350060327 0
103.5381824459514 239.9172429681017 0
101.7139113446013 242.2875577758201 0
102.8426110859326 245.0437060400164 0
99.89064354881526 244.6564255300247 0
98.7521780345382 241.8921078235936 0
96.92798622544049 244.2624298375381 0
98.06907216300993 247.0283925214103 0
95.10370438685504 246.6330088415869 0
93.96339493971341 243.8673480968142 0
92.13856056637295 246.2375553169438 0
90.99860645435007 243.4719882001595 0
89.17359497255677 245.8420496171165 0
90.31344700359159 248.6076599470821 0
87.34844308182996 248.2120551199197 0
86.20887722902023 245.4463430092223 0
84.38368397612911 247.8161912633068 0
85.52291514495755 250.5816675992969 0
82.558373490035 250.1859388519546 0
81.41912213866475 247.4204549748364 0
79.59410080553739 249.789931963087 0
80.73326113918826 252.5552165214011 0
77.76911365095593 252.1588477034776 0
76.63011218728016 249.3943205171915 0
74.80544111138757 251.7625791251996 0
73.66718371039481 248.9990623032069 0
71.84336399672736 251.3666975251103 0
72.98131069496901 254.1291921363168 0
70.02026297603248 253.7325109843448 0
68.88314266553718 250.9715248357516 0
67.06060621163716 253.3362666873743 0
65.92421667473909 250.5776192332534 0
64.10231104900998 252.9405797776087 0
65.23874290004116 255.6991829632969 0
62.28206021124004 255.3028065841681 0
61.1469060710356 252.5456759217194 0
59.32678011161202 254.9067952881714 0
58.19204692803564 252.1505241011317 0
56.37312260929738 254.5109100041802 0
57.50734338947026 257.2660988041465 0
54.55480121275415 256.8701040013982 0
53.42247674504635 254.117220132933 0
51.60390316733451 256.4741439595786 0
50.47329686831132 253.7158545860941 0
48.65244143544993 256.072329100538 0
49.79586401446407 258.7553118155133 0
46.83902115451905 258.4213503451335 0
45.69490996636796 255.6530515373009 0
257.6077913664233 -58.37123288207005 0
243.7254687873226 104.3402828243958 0
47.96903759491079 261.18503674907 0
45.02168465548761 260.7880565952712 0
184.0416350115042 190.491476350065 0
166.0301578193443 201.1709550684961 0
262.1880210846257 -47.3449115494259 0
256.7376110298164 -40.23254810375288 0
46.0987753586897 263.5621078021568 0
43.19691921846122 263.1481475027024 0
176.750239454737 199.9779868565675 0
173.2836806742975 191.6820392518548 0
266.7536837419107 -36.2889532867701 0
169.4579950373393 209.4657625821827 0
44.31264436255864 265.8883368990677 0
41.38481343011839 265.4990443072679 0
252.1607092012698 -51.26194163043834 0
182.4375852770161 179.8273161274836 0
47.15283789866426 266.452663641212 0
42.42727327833759 268.3297234031778 0
39.54419701085467 267.8558121629831 0
38.43882021065109 265.1057703651671 0
231.1850899460243 107.9062108767086 0
225.0113683488517 120.1617133238229 0
247.5154275896383 -62.23648928502375 0
211.5993297815035 141.8895745571087 0
191.5511045875468 167.9715109432049 0
36.6246604150963 267.4584620861366 0
35.50077117709007 264.7118723177811 0
37.75942889332251 270.2052945671951 0
202.4865610793561 153.7451216365936 0
34.81583080027792 269.8097770592174 0
35.93139127556638 272.5460107627977 0
229.9143912216745 -77.30988818203741 0
32.99958370359449 272.1600345204206 0
34.11346098513189 274.8944231505341 0
247.3209618613359 -83.12607107485408 0
250.2665843340778 -82.7421338433152 0
249.1282569188785 -85.4863758727238 0
252.0751866041538 -85.10196629488554 0
219.5703256666127 127.2698620389995 0
197.0188966125603 160.8582930342933 0
237.3319084122511 95.65547788706218 0
244.1570252934903 78.26751409605031 0
254.8750789314415 77.07141879469964 0
237.5477743294416 116.637781417134 0
36.92790192729291 275.5064590071984 0
31.16725231361006 274.4759819019218 0
30.04963625385933 271.6794024919299 0
32.30740399461122 277.2508266672719 0
250.9361206125845 -87.84613270186794 0
253.8814603806914 -87.46294267999207 0
29.35447707612953 276.7842230345582 0
252.7438947350688 -90.20644603760223 0
255.6911607380519 -89.8211982720577 0
256.8227243329129 -87.06663214517391 0
258.6390569466058 -89.43577427598065 0
259.7822383339551 -86.68965236337797 0
261.5926263641788 -89.06160603657818 0
262.734708189371 -86.29973525320197 0
260.4485318645836 -91.80107600350668 0
264.5458337700879 -88.67860145480336 0
265.6889423666092 -85.91355292863624 0
30.48313700078019 279.5841007148456 0
267.4987119886804 -88.28432083471272 0
268.6436000100284 -85.53112584539679 0
27.55666713407544 279.1596978925442 0
28.68485519614956 281.9475486699071 0
31.54709333425024 282.3619259075255 0
249.7981636685891 -90.59007382116536 0
25.74371146844682 281.5566497693741 0
24.61174006519482 278.7763684611218 0
235.565064544294 -84.68909802227952 0
251.6168383744006 -92.95162771777242 0
270.4544102573585 -87.89890265269409 0
269.3097477940235 -90.65203514248087 0
271.5994220122825 -85.14550392102679 0
269.7871707270695 -82.77776250602119 0
272.7429376405044 -82.39063306485322 0
270.9301055956436 -80.0225666808432 0
273.8877559233937 -79.63505298435173 0
272.0792559599342 -77.26773838359127 0
275.0330259612902 -76.87819525603069 0
273.2249007293372 -74.51038214502071 0
276.1794228401465 -74.12078524014106 0
274.3648062662488 -71.74974610840883 0
277.3239512874353 -71.36110343517697 0
275.5100313004426 -68.98962464144867 0
278.4696505281372 -68.60092851045067 0
276.6558919885191 -66.22903590982042 0
279.6185718748395 -65.84137064281835 0
277.8026969796839 -63.46799986519055 0
280.7634399240381 -63.07892625821211 0
278.9492754174808 -60.70606123437715 0
248.0501006184974 94.46056704661365 0
281.9097164557838 -60.31641581266092 0
280.096180272223 -57.94347945397557 0
26.87353008557122 284.3080420600257 0
23.93224298371607 283.9171595488618 0
283.0605279017383 -57.55523574819684 0
281.2441277240475 -55.18084557328948 0
284.2055588028506 -54.79083579659349 0
282.3913813958791 -52.41717633382362 0
285.3587235809316 -52.02932730854043 0
283.5401888714387 -49.65356414507951 0
248.6639220064259 -93.33199643050492 0
244.0256557585827 -70.45380776974346 0
272.2666772482344 -90.26690686347031 0
271.1218159561097 -93.02186947552539 0
221.1416630514739 -78.61726659178018 0
250.4798547921351 -95.69118337815043 0
276.8441941606269 -79.2406522056676 0
25.06139692795556 286.6629260086311 0
22.1184695292157 286.2696287747935 0
286.5079819441129 -49.26571167160379 0
284.6883325359267 -46.88932989567333 0
280.2800584475193 -70.96113806099973 0
287.656550491149 -46.50147480285704 0
285.8364650078613 -44.12438210582206 0
271.4012675657009 -72.13096049294741 0
275.9846909565221 -61.0939444733005 0
280.5727858620356 -50.04160870311294 0
274.0799014622527 -92.63576879050788 0
272.9344281712926 -95.39172193690865 0
226.7528697387193 -85.85134318453845 0
23.24795853474847 289.0151780398828 0
26.19334589445824 289.4102857221831 0
20.305668812108 288.6183654119341 0
19.17734965430924 285.8755378833536 0
247.5291174141897 -96.07025900863147 0
288.8052653757908 -43.73659362639646 0
286.9848556421986 -41.35958401726602 0
284.0162658833396 -41.7474059752256 0
285.1643785549065 -38.98249100225169 0
288.1331748585886 -38.5945478675124 0
286.3124913106765 -36.2173275204125 0
289.2815541571575 -35.82924045962945 0
287.4607138577887 -33.4521210593761 0
284.4918431170875 -33.8403089980425 0
285.6394887519444 -31.0748833291383 0
288.6088189433767 -30.68668847545132 0
286.7873876142991 -28.309321870552 0
289.7570138524865 -27.92097143242338 0
287.935740491843 -25.54388775752249 0
284.9666124081401 -25.93259440651367 0
286.1143187289547 -23.16627773404932 0
289.0837035349633 -22.778128713633 0
287.2622821514846 -20.40071326766087 0
290.2317113248374 -20.01220277248823 0
288.4102257898527 -17.63498079722506 0
285.440935531351 -18.02369679843812 0
286.5886611733447 -15.25792676075849 0
289.5580737504218 -14.86895822685863 0
287.736333933444 -12.49181294954108 0
290.7059459796446 -12.10266287300257 0
288.8840251464459 -9.725567936540802 0
285.9144558868089 -10.11425804773206 0
287.0620627742521 -7.348285030109128 0
290.0315656968284 -6.959202520229586 0
288.2096077371298 -4.582172941909831 0
285.2402232560031 -4.971410674925067 0
286.3875691484213 -2.205294619751076 0
289.3570693013614 -1.815828198038264 0
287.5348658661173 0.5611359252216946 0
290.5045476834326 0.9507706706663861 0
288.6821765954903 3.327688725433588 0
285.71254416483 2.937973581500961 0
286.877708244293 5.697109033981524 0
289.8321092394888 6.09294710289506 0
288.0103417777867 8.469687869414606 0
285.0726236398925 8.03996441715003 0
286.1943985201499 10.84341859527466 0
289.1560803210427 11.23683494698732 0
287.3333678050126 13.61359621566742 0
284.3675075385262 13.22624368554962 0
285.5087293466159 15.99100992321546 0
288.4786046169124 16.38111029275903 0
286.6554360457498 18.75786815938636 0
289.6250795907191 19.14818287813559 0
287.8022114571471 21.52489632117413 0
284.8327225133179 21.13381547297077 0
285.9793018159345 23.90136204171143 0
288.9488977085458 24.29194682662794 0
287.1258643215167 26.66851741472866 0
284.1561189211696 26.27743961368101 0
285.3026373013876 29.0449916903009 0
288.271725814816 29.43516978890698 0
286.4488248184447 31.81183440560905 0
283.4794571397814 31.42142776230314 0
284.6257219112892 34.1884902278542 0
287.5953439646062 34.57856412155668 0
285.7720638060187 36.95547141285347 0
282.8024489359701 36.56487775222571 0
283.9486268301529 39.33191127134359 0
286.918338822079 39.72285385045357 0
285.0947266196808 42.09907138230238 0
282.1252269697278 41.70804435880365 0
283.2711642670521 44.47513899841199 0
280.3018553416721 44.0839107049315 0
281.4476644298476 46.85100025751288 0
284.417011422653 47.24227470417166 0
282.5934687566335 49.61821096607969 0
279.6241046545836 49.22685425081885 0
280.7697791736047 51.99414011457146 0
283.7392905556117 52.38550497207173 0
281.9154436858232 54.76135588420034 0
278.9461168058056 54.36994028364835 0
280.091636462178 57.13708278309357 0
277.1224805702769 56.74549911620839 0
278.2679461959243 59.51265835968422 0
281.2370297218348 59.90469042187187 0
279.4132446165023 62.27999100251534 0
276.4440416604223 61.88817401611368 0
277.6120599639713 64.64610414432353 0
280.5619493068405 65.04665643151831 0
278.7386303134431 67.42135901585817 0
275.7652920809023 67.03095494961883 0
276.9111372728029 69.79817341014282 0
279.8798023354891 70.19043932891751 0
278.05563085202 72.56591154426485 0
275.0864277412599 72.17369460413114 0
276.2312523052435 74.94142590040467 0
279.1988581619572 75.33379014495154 0
277.3753912465143 77.70884829575797 0
274.4067226518171 77.31689869396999 0
275.5512650601312 80.08434467038161 0
272.5823310234909 79.69233715697092 0
273.7268254316966 82.45956817305392 0
270.7824730242256 82.05738137241192 0
271.9066875832754 84.83305653899471 0
268.9338722031322 84.44264655285271 0
270.0792215279715 87.20969849859127 0
273.048353026713 87.60138102331933 0
271.2232319459553 89.97751710044415 0
268.2501899545637 89.55154539374149 0
269.4017622306923 92.34984140717722 0
272.368486218393 92.74468883167066 0
270.5438526691047 95.11972422697835 0
267.578442922971 94.7299104835563 0
268.7193729294484 97.49555656015174 0
265.7503514565107 97.10302384257324 0
266.8940784719621 99.8704221028664 0
269.8629966372837 100.2629890346982 0
268.0382096882817 102.6380675674894 0
265.0690579153965 102.2452808633718 0
266.2133278216881 105.0129796459486 0
263.2443002031649 104.6199718821249 0
264.388456035434 107.3877733610072 0
267.3575003884562 107.780742758096 0
265.5325152101146 110.1556824116244 0
262.5635530551993 109.7624677908994 0
263.7073778305094 112.5304436444406 0
260.7385559456672 112.137334504202 0
261.8824036968408 114.9053038223474 0
258.9137190078872 114.5121626641134 0
260.0573828399588 117.2798561697071 0
257.0889026605018 116.884909555779 0
258.2329155329252 119.6542320588749 0
261.2016384169602 120.04783341872 0
259.3755068752001 122.4230138513217 0
256.4087219614584 122.0285043479712 0
257.5511542692763 124.7969615130508 0
254.5836121958762 124.4030684661022 0
255.7260448602101 127.1714807632059 0
252.7575973782388 126.7783241030299 0
253.9009124763866 129.5459808174782 0
250.9323865996698 129.1530140615286 0
252.0761155245049 131.9206359063718 0
249.1074480255278 131.5276447405265 0
250.2511660329292 134.295038482876 0
247.2825738240837 133.9020475330661 0
248.4263447973043 136.6694014741093 0
245.4578391945348 136.2760825751144 0
246.6014851829175 139.0436032897456 0
249.570256765455 139.4369909574712 0
247.7451633164954 141.8113994392574 0
244.7765404116166 141.4177714258626 0
245.9200378902705 144.1857386497431 0
242.951423495308 143.7921435640762 0
244.0947532918027 146.5599237273634 0
241.1264228074194 146.1664669666011 0
242.2696374316756 148.9341597292805 0
239.3013522324057 148.5407813214668 0
240.4444396167385 151.3082825014718 0
237.4760619085113 150.9151287517137 0
238.6193341254977 153.6824609140867 0
235.6514755056141 153.289061233575 0
236.7942455363169 156.0564530805538 0
233.8265610902788 155.6631374573853 0
234.9692586504582 158.4305241992154 0
232.0017532356462 158.0371783695958 0
233.1441793898287 160.8044789231849 0
230.1768243577025 160.4112302879007 0
231.3192183381325 163.1785136092834 0
228.347852905068 162.7828676717851 0
229.4934659647899 165.5520365857778 0
226.5221309652121 165.1564232335761 0
227.6682783426368 167.9259002667397 0
224.7003587835002 167.5341572330346 0
225.843677247741 170.3003810658258 0
222.8760332933485 169.9088749670042 0
224.0189235052571 172.6745924713181 0
221.0512737791562 172.2829129851755 0
222.193870815795 175.0484897371393 0
219.2263730444527 174.656913669731 0
220.3689486124329 177.4224878355918 0
217.4014812267391 177.0308048520771 0
218.5437287156477 179.7962466105731 0
215.5765167465233 179.4047654140923 0
216.7196481099687 182.1707261583556 0
213.7517332829707 181.7787547161134 0
214.8939517316155 184.5443200608743 0
211.9266843419044 184.1527275517725 0
213.0686867609062 186.9181699555534 0
210.1016637846508 186.5266468995898 0
211.2436721837529 189.292214446738 0
208.2771504015505 188.9001428618486 0
209.4185361771908 191.6660616648374 0
206.4518148827532 191.2740409423544 0
207.5934611420118 194.0401468858164 0
204.6266161397403 193.6486628913724 0
205.7680910296795 196.4141790103113 0
202.8016298473824 196.022836120089 0
203.9443700445673 198.7893625784044 0
200.976612342539 198.3972127953064 0
202.1180840097733 201.1628078271081 0
199.1512896853077 200.7713773320755 0
200.2925313935876 203.5368262276037 0
197.3260206344225 203.145552932207 0
198.4688595904675 205.9122503878214 0
195.5012256339841 205.5199848252582 0
196.642331222968 208.2857007510214 0
193.6756258049738 207.894287983551 0
194.816524056703 210.6597970183193 0
191.8501596693189 210.2686965800977 0
192.9929261795211 213.0356034032696 0
190.0250567573718 212.6433843397959 0
191.1659994921269 215.4090759883546 0
188.1994128096515 215.0178433447101 0
221.5054817589419 180.1968017293763 0
189.3400323219141 217.7833567783346 0
186.3738072098864 217.3923852729582 0
228.8078686406696 170.6991376438121 0
236.1098907393203 161.2016110185791 0
216.0289473842976 187.3198895676177 0
187.5165395094392 220.1595832621635 0
184.5485720584529 219.7673773464288 0
208.7260070540396 196.8173338062976 0
243.4118590540995 151.7035971029051 0
185.6892551930987 222.5331265545558 0
182.7227324629797 222.1419922231733 0
255.0427749017823 132.3141263702424 0
203.2489316943955 203.9412081365696 0
250.7141510603306 142.2050075709051 0
183.8666628852868 224.9103579634839 0
180.8975234881746 224.5172688574484 0
182.0416096438784 227.2858285926876 0
179.0720562816888 226.8923232895461 0
260.5188558755654 125.1938856433464 0
278.5205793905548 80.47454924829005 0
197.7708624320435 211.0685338594953 0
266.6758811388489 112.9261062327332 0
180.2160638440621 229.6610148386367 0
177.2463414823295 229.267344484548 0
176.102443469042 226.4988532201146 0
174.2766162864548 228.8737491708418 0
175.420553918814 231.6422910037761 0
172.4507905562735 231.2486097301566 0
173.5947135474479 234.0171846154263 0
170.6250674648349 233.6233685872545 0
169.4812537159373 230.8549186263957 0
167.6554243686327 233.2295825873026 0
168.7991670551968 235.9981235834736 0
165.8294924419567 235.6042618093647 0
166.9732259023219 238.3728698112825 0
164.0036448013035 237.9788675957189 0
162.8600298948319 235.2103742230358 0
161.0340654101412 237.5848852474903 0
162.1776117957299 240.3534755168199 0
159.2079934086661 239.9594164325054 0
160.3515332006614 242.7280788589562 0
157.3820000503338 242.3338889614809 0
156.2385770943657 239.5653297493531 0
154.4203769288316 241.9456712530303 0
155.5571697781602 244.709403627018 0
152.5956874055164 244.3212461980077 0
153.7313613421886 247.0843435157274 0
150.7619167605129 246.6899310143723 0
149.6527682698169 243.8819245361749 0
147.7969293561963 246.2880325777485 0
148.9350676623892 249.0619867718935 0
145.9655909367968 248.6671193786823 0
144.8226372319262 245.8984582226757 0
142.9954999498866 248.273294245897 0
144.1379705810287 251.0423514968857 0
141.1686672909069 250.6477071150697 0
142.3113646058756 253.4166694952255 0
139.3419658624054 253.0219100847921 0
138.1991355882091 250.2529840455863 0
136.3839274432201 252.6357987153976 0
137.517244870889 255.3969465109848 0
134.5481916212754 255.0024945251326 0
133.403341886949 252.2321382556428 0
131.614477951271 254.5293641881487 0
132.7262554551748 257.3621542475681 0
129.7552653980368 256.9692226750653 0
128.6574500548348 254.1530965706496 0
126.789854249163 256.5733110875766 0
127.9255883639666 259.350039837491 0
124.9538345471179 258.9584248786292 0
126.0966818493932 261.7270542894173 0
123.1268813674515 261.332150601881 0
121.9844669767344 258.5631958464602 0
120.1575879848602 260.9368004703793 0
119.0155435244289 258.167886594583 0
117.1886041028526 260.5413689980797 0
118.3305214816325 263.3103518005195 0
115.3615133196358 262.9148945181461 0
114.2195421264285 260.1458957943453 0
112.4053979196718 262.5292249888272 0
113.5363571956071 265.2898620274795 0
110.5678856460634 264.8945664251501 0
109.486631582345 262.057585013051 0
107.6074020754527 264.486231122333 0
108.7400937183997 267.2642600671529 0
105.771414060655 266.8680511210019 0
104.648580103835 264.1134059905165 0
102.8229233239067 266.4902813042985 0
103.9454508358259 269.245234783901 0
100.9773628220559 268.8502421329035 0
99.92361984706804 266.0288297371121 0
98.02909305329834 268.4502213965612 0
99.14557692874341 271.2202734425063 0
96.18091020290746 270.8239188588652 0
95.07744261713361 268.0172540007575 0
93.21569672372944 270.4215547509214 0
94.35118152925152 273.1959390739913 0
91.38205934791614 272.7992804592483 0
90.24099414668628 270.0303642190055 0
88.41249989940911 272.4035595492289 0
87.27143079759146 269.6349801966971 0
85.44376874776344 272.0073607356515 0
86.58455389622472 274.7762135197044 0
83.61631608275184 274.3796531142807 0
82.47569864147536 271.611113926886 0
80.64864641537794 273.9828233378086 0
79.50834446722425 271.2155708976863 0
77.68150696991673 273.5869406486428 0
78.82140360171624 276.3539649940797 0
75.85480390289017 275.9569022533678 0
74.71379157649 273.1913755991721 0
72.88884142317293 275.5605338287634 0
74.02831034650582 278.3267503468043 0
71.06297644900135 277.9297974500636 0
69.92397865132071 275.1644275353092 0
68.0985702836024 277.5327468573656 0
66.96006414441052 274.7685055157011 0
65.13607778121776 277.1356929864705 0
66.27324691508852 279.9003578671126 0
63.31074203411745 279.5036974806397 0
64.44785370093676 282.2677023172645 0
61.48492044493015 281.8717179443446 0
63.99862885752962 274.3719085190136 0
239.9825778604961 143.3990217417421 0
283.7189986228818 -62.67336665711221 0
208.9565308402486 183.7604633643753 0
192.2926024745971 218.1932394944442 0
249.3268250438992 -98.42188251187419 0
260.9083732671714 -83.90797136853234 0
230.8584911847854 155.2690309957125 0
223.5442811292155 164.7695776485308 0
216.2558269016411 174.264853613132 0
199.8334646774688 195.6292813886458 0
192.532585399791 205.1264679528113 0
185.2308768721016 214.6245475097329 0
62.62262476536878 284.6353474617495 0
59.65978216306632 284.2381649289318 0
58.5220103468036 281.4754743244978 0
56.69773990243608 283.8408661227139 0
55.56064327665673 281.0786332119943 0
53.73676854810614 283.4438217269793 0
65.58619344185429 285.0324457360454 0
54.8731572339145 286.2060382952437 0
51.91233039984206 285.8089617446595 0
65.82158783238697 272.0054678443234 0
62.86050941377808 271.6097899751405 0
52.6011831299879 280.6821334745281 0
269.6341735985635 79.2527980870083 0
17.36537684755738 288.2235070922676 0
18.49272724323517 290.9659950502296 0
247.9627859764373 128.7614917083066 0
275.8935070776618 -95.00531247506635 0
274.7475943215451 -97.76088845390191 0
271.7893338213626 -98.14682983692114 0
273.6013992806114 -100.5145130656124 0
270.6460463890904 -100.8998687447771 0
272.4556838112393 -103.2655747852521 0
269.5031049335885 -103.6505840221951 0
271.3066971006546 -106.0117801333387 0
268.3609327919208 -106.3956016261192 0
277.039353946738 -92.24893742930401 0
270.158460812642 -108.7539181089152 0
266.5557859785079 -104.0367391164586 0
265.4157885192161 -106.7792178514553 0
186.8209400666876 225.3153809226676 0
257.769478477157 111.7446178307688 0
53.04879856287023 288.5714521127666 0
50.08773339157956 288.1741369619461 0
287.1709046011497 -54.39847218347295 0
263.6116898517734 -104.4230328360993 0
246.3919006348093 -98.8038943215433 0
244.5919161753704 -96.45494664405695 0
16.22187742327735 285.4395857054251 0
274.25770801898 -105.6308884135222 0
248.2186242248747 -101.2010468603724 0
262.4749332699279 -107.1628979128029 0
290.6257155142457 -46.11396179784684 0
63.76026600854424 287.4012819355095 0
66.72572779027439 287.798479698208 0
278.8544452243962 -94.62013677122617 0
280.0010189300478 -91.86138482489015 0
15.55329026517706 290.5705981677528 0
16.67938925182069 293.3125118072737 0
64.69675018938791 269.2539447353022 0
61.79296983542933 268.7685437899751 0
243.4581065758023 -99.18727937155387 0
241.6592221739079 -96.84093549289683 0
51.22427915519871 290.9370390661985 0
48.26303064282892 290.5386256899402 0
47.12692298728858 287.7770009132566 0
45.30255706948382 290.1408611360249 0
44.16707731276603 287.379839853273 0
42.34352728583929 289.7430849739771 0
217.8986047806693 -86.98216962303292 0
54.18634844633417 291.3350740609747 0
252.3119637680621 -98.09685881321309 0
241.4365616143193 -83.9060100952661 0
54.42337525577805 278.3179963356062 0
51.4659399823753 277.9216719154263 0
264.2761432620838 -109.5161386597072 0
42.07468550479363 260.3954558154193 0
78.90826579809598 254.9240036389705 0
71.15708635760973 256.49364011859 0
276.5598153354887 -100.131045066507 0
84.75692625016445 277.1486751859228 0
75.49076362097539 246.6306979650184 0
72.52868627093368 246.2358727964171 0
74.35148285625058 243.8681335175673 0
71.39006546538519 243.4730433201188 0
73.2131891926924 241.1054739415659 0
70.25252322445479 240.71149346818 0
72.07464737867892 238.3436960406631 0
69.11515238130468 237.9516112504789 0
70.93590411694228 235.5831785709427 0
67.97641243779319 235.1901805502814 0
69.79754154695492 232.82203963168 0
72.75759671555062 233.2166104651445 0
66.83741363163537 232.4274806001593 0
65.0176144104833 234.8002159849676 0
63.87824966344224 232.0340819642342 0
62.05645888268633 234.3978539728865 0
71.619337692919 230.4553843888527 0
74.57913779964338 230.8498805817492 0
60.9194731521589 231.6386357631005 0
59.09872750072117 234.0023882565388 0
73.44131067685271 228.089152671185 0
76.40105891806218 228.4834745011383 0
57.96180634756358 231.2442048370066 0
56.14141116178419 233.6076981579781 0
55.0050344624463 230.8500397496045 0
53.18512590822937 233.2123743558482 0
75.26336101397787 225.7228649036895 0
78.22355783329587 226.1174927752604 0
52.04922841547801 230.4557361083351 0
50.23019441331009 232.8180729140524 0
62.74006709760367 229.2737823766139 0
79.36408079186583 228.8750988732884 0
81.18461803337496 226.5106464696171 0
80.04547170638401 223.7508166293779 0
83.00618887350151 224.1451812493115 0
84.14822152074271 226.9014239164829 0
85.96706558297807 224.5399476144776 0
84.82798523644712 221.7786345015875 0
87.78884841463851 222.172950587961 0
88.92790557830571 224.9309925165572 0
90.74928543834332 222.5662377091081 0
89.61041721727555 219.8057584796598 0
92.57172215633706 220.2000800396187 0
93.71007039548216 222.957704572441 0
95.53211534408075 220.5930517705328 0
94.39558758371113 217.8303729898722 0
97.35570142906681 218.2247790462511 0
98.49339104993362 220.9838560328681 0
100.3153531360483 218.6190867311445 0
99.17691811783786 215.8580355524951 0
102.1375667451172 216.252446748026 0
103.277013137982 219.0104698293616 0
105.0988680975288 216.6458384540852 0
103.9597027621549 213.8845502663289 0
106.920643065358 214.2783266389101 0
108.0603596094899 217.0399346148973 0
109.8819995821628 214.6720495877192 0
108.7419324268279 211.9106326038668 0
111.7035403347857 212.3039381961865 0
112.8436018540036 215.0655331030958 0
114.6650995612154 212.6972874505314 0
113.5249788101648 209.9358003254362 0
116.4864513839625 210.32903298087 0
115.3461330028401 207.5678200337921 0
118.3076015550151 207.9608938222437 0
119.447978628194 210.7221852409205 0
121.2693097066666 208.3539151134512 0
120.1288164583795 205.5925476607441 0
123.0904731020894 205.9855189334234 0
124.230993200551 208.7469200181474 0
126.0521894117999 206.3783907999635 0
124.9115726325846 203.6170471009756 0
127.8732291128872 204.009841715901 0
126.7325830602709 201.2486357017803 0
129.6942289244797 201.6413667766255 0
130.8349975143892 204.402706336124 0
132.6558907825386 202.03392899604 0
131.51509052892 199.272644138188 0
134.4767020219394 199.6651908797372 0
133.3360188860294 196.9041454699846 0
136.2975537459399 197.2966961441533 0
135.1568302671446 194.5356938735823 0
138.1183657236567 194.9280987220338 0
139.2592300234793 197.6893251687967 0
141.0799650103688 195.3205960536758 0
139.9390652313008 192.5594795428597 0
142.9006007058417 192.9518849041291 0
141.759587367166 190.1909427738278 0
144.7211990701527 190.5832348989485 0
145.862325853336 193.3443411323859 0
147.6828457677852 190.975363185116 0
146.5416734349018 188.2142927479763 0
149.5033365410832 188.6064269731309 0
148.3622480149499 185.8455392710062 0
151.3236651876022 186.2375350495151 0
150.1826265629599 183.4770497333357 0
153.1439755459969 183.8688335836032 0
152.0029904889311 181.1084721241551 0
154.9641132400994 181.5001157461248 0
153.8233540367463 178.7396821737629 0
156.7844869554885 179.1316146829161 0
155.6435859978901 176.3712648158394 0
158.6044435722272 176.763035646686 0
156.108301844238 184.2583320399353 0
148.8251668552762 193.7358931346488 0
133.7966941355864 204.7954167579147 0
157.4618049561775 174.0033989498528 0
160.4245612320881 174.3952211798833 0
161.5679528836451 177.1525853382496 0
163.3866560344133 174.7855855721478 0
162.2450794566923 172.0264256751663 0
165.2059932703603 172.4175358259896 0
164.0650561819416 169.6579867005189 0
167.02620862092 170.0491914762284 0
165.8851439659212 167.2894758143079 0
168.845902492572 167.6804433058139 0
167.7051224210546 164.9210179235077 0
170.6656683202951 165.3117668996409 0
169.5250767323046 162.5525159893683 0
172.4855665473624 162.9432419661974 0
171.345270577163 160.1834013556344 0
174.3053764220925 160.5745682134097 0
173.1649550292795 157.8156621179174 0
176.1252026115058 158.2062253791473 0
174.9848047331576 155.4474075733902 0
177.9448965734793 155.8377609297682 0
176.804628676826 153.0791820987609 0
179.7646985985953 153.4694150086583 0
178.6244651274583 150.7108821842969 0
181.5843550361908 151.1009758115526 0
180.4442511434898 148.3426892459894 0
183.404862123552 148.733038721775 0
182.2641729907045 145.9744845390255 0
185.2239883566817 146.3644081016491 0
184.0838645385234 143.6062987099732 0
187.0434445475804 143.9959305141459 0
185.9035856878554 141.238007951041 0
188.8631703471318 141.6276220603881 0
187.7208138450503 138.8665232794086 0
190.6823736600744 139.2586892327205 0
189.540081071692 136.4975994508266 0
192.5019917652759 136.8901950642268 0
191.3624466509053 134.1313071718678 0
194.3220241828488 134.5220645385647 0
193.1831939215052 131.763128788327 0
196.1420541915219 132.1538071549471 0
195.0031219269679 129.3951980042395 0
197.961775468739 129.7854056989478 0
196.8229776348291 127.0264974591559 0
199.7816402845762 127.4169757087557 0
198.6428456762528 124.6580291988826 0
201.6013562705479 125.0484090513598 0
200.4626132162686 122.2895906399253 0
203.4212460029395 122.6799494870819 0
202.2825053370867 119.9211056772423 0
205.2401101270798 120.3106252880577 0
204.101963637656 117.5526371017101 0
207.0618989298486 117.9435673791421 0
205.9223264278767 115.1842100080245 0
208.880242139101 115.5736356417757 0
207.7421619200385 112.8153091662245 0
210.7033104050742 113.2072493716865 0
209.5626573486847 110.4470834612726 0
212.5240161247575 110.8389900301787 0
211.3829222539807 108.0783370297534 0
51.36559618386811 235.5738421292024 0
48.41155146657559 235.1793118797757 0
47.27613258329524 232.4242739180004 0
45.45817676481858 234.784636059824 0
44.32359504256381 232.0311078677859 0
42.50717208398332 234.3911804609331 0
43.64087330850053 237.1457061918697 0
40.69014418810322 236.7496917524836 0
39.55502597102314 233.9933591240381 0
37.7388467348809 236.3508246077202 0
38.87486885080395 239.1050694380546 0
35.92874162270738 238.709557072809 0
34.79647356148978 235.9638048885448 0
32.9869020954934 238.3187372144953 0
34.11640970514125 241.0702394479595 0
31.17413424948131 240.6783375240695 0
30.04040208347131 237.9148079629317 0
28.2257187596377 240.2669656889067 0
29.35939606760604 243.027117468059 0
26.41125870784249 242.6139408419885 0
25.26076344236935 239.8508349281294 0
27.54990397891336 245.3667876981182 0
24.59089170929116 244.9456534647276 0
25.74369502797143 247.7077493358426 0
22.80858481553845 247.3148392103727 0
23.94405271840911 250.0581512113214 0
20.99705236107944 249.6558507353048 0
22.1369897528775 252.3996629822804 0
19.84355474639604 246.8897362305357 0
28.68575020982364 248.1168753486589 0
195.4737167387686 137.2694817914536 0
214.3443470605104 108.4703569387845 0
213.2030641949343 105.7095805537921 0
175.4533432090627 163.328154034768 0
166.3514725343658 175.174463128277 0
19.19230781021233 251.99878646498 0
20.33263058236756 254.741671252134 0
202.7539713500412 127.7936138195613 0
216.1646247096449 106.101518969124 0
215.0231890095818 103.3407441490674 0
212.0618207884702 102.9489020808331 0
213.8823160896688 100.5765390496767 0
216.8432946664663 100.9712852096928 0
215.7018460770102 98.20458802958451 0
218.6632744606781 98.60181940914801 0
217.5212453784439 95.83865048655083 0
220.4833148694345 96.23324841581298 0
219.3416033809228 93.47267158601505 0
216.378942600672 93.07575118355636 0
218.1998632769911 90.71180731284187 0
221.1907898891357 91.12553456809928 0
220.0247283760511 88.34726187166059 0
223.0164042026004 88.76092946044209 0
221.8463571757879 85.97964019880369 0
224.803204096457 86.36751645477639 0
223.6610124228348 83.60666738265559 0
226.6476530634833 83.95940861672591 0
225.4787846898544 81.22623791337298 0
222.5181178367073 80.84351210550743 0
224.3376998658238 78.47382926606375 0
227.3248140193449 78.8264916130253 0
226.1561236029596 76.09538912963868 0
223.1953354009541 75.71160309441247 0
225.0149945782612 73.34377071294392 0
227.9767458207671 73.73737836433193 0
226.8346372918222 70.97645102165953 0
229.790962221611 71.36384516239838 0
228.6532327195677 68.60645505699605 0
231.6090028457476 68.99316771866695 0
230.4724551186893 66.23671379077234 0
233.4596755180308 66.5853904105455 0
232.2910256518793 63.85608988024961 0
229.3309429979917 63.47471364295798 0
231.1506461523124 61.1051664101189 0
234.1377034017844 61.45308836113993 0
232.9683089400687 58.72522730739445 0
230.0083918021183 58.34458127593224 0
231.8276727442361 55.9749356190937 0
234.7832705664065 56.36096762084345 0
233.6462244330808 53.60607063044968 0
236.6428033278294 53.982717835616 0
235.5067048003149 51.22077023019604 0
232.5113174971899 50.84409651478791 0
234.3317578822114 48.4741456452806 0
237.3308690726606 48.83218246884409 0
236.1518951125725 46.10113663366386 0
233.1831482859149 45.71520881571501 0
235.000223890724 43.34741358495087 0
237.9637084282845 43.73665149495869 0
236.8191819470924 40.97734099960625 0
239.7816593381452 41.3674125883912 0
238.6382434791068 38.60713500627395 0
235.676230646758 38.2166776562778 0
237.495061814106 35.84683230723986 0
234.5332361681447 35.45692588501009 0
236.3517211108779 33.08736504878704 0
239.3138068471729 33.47692373777968 0
238.1704441057869 30.7171240527041 0
241.1327212781202 31.1067809652469 0
239.9894104084323 28.34654952618417 0
237.0270016517311 27.95761549320507 0
238.8460338455507 25.58656554744134 0
235.8837543488527 25.19831214705571 0
237.7027541400036 22.82672447021919 0
240.6646177145508 23.21624673682363 0
239.5212977584952 20.45632327785086 0
236.557724221246 20.06890197276272 0
238.3765907430195 17.69800708436633 0
241.3389384207987 18.0865587911909 0
240.1962157429986 15.32612092589622 0
237.2327866199658 14.9397552805336 0
239.0525967488489 12.56645203956629 0
242.0143146323133 12.95623874560573 0
240.8707035881221 10.19617704989803 0
237.9089238171959 9.806488625655335 0
239.7269536210451 7.436305957246579 0
242.6888663709155 7.825718042899376 0
241.5449219872706 5.066015019236501 0
238.5831973758991 4.676737356552001 0
240.4009975406568 2.306473024099081 0
237.4394406286028 1.917500484167783 0
239.2571037212206 -0.452760839674978 0
242.21867666483 -0.06379878753506625 0
241.0747438932372 -2.823127478714092 0
238.1131300520177 -3.212346794782063 0
239.9306993638406 -5.582570597571671 0
242.8923929474894 -5.193547558925887 0
241.7482078178292 -7.952808076223804 0
238.7867117813123 -8.341698670344577 0
240.6040638660493 -10.71189537821334 0
237.6427668026712 -11.10046448530923 0
239.4599479995127 -13.47066085133184 0
242.4573945675938 -13.09712159724605 0
241.2830729096863 -15.84341186309985 0
238.3169120312821 -16.22980261264409 0
240.1340187773117 -18.600023846481 0
237.1718726404274 -18.98805182536591 0
238.9889307229676 -21.35807313906848 0
241.9499580744743 -20.9697149981625 0
240.8417355361393 -23.74303657618981 0
237.8507377330413 -24.11875272375353 0
239.7044870246056 -26.50411362058658 0
236.7089339440815 -26.87781270268592 0
238.512873577808 -29.24239560640157 0
235.5575116019042 -29.63260854687604 0
237.3596465636166 -31.99627430630139 0
234.4109618127254 -32.38915421685952 0
236.2264735538313 -34.75816684507342 0
241.5126417007996 -28.91833637315252 0
233.2686513710597 -35.14711305422192 0
235.0846303872901 -37.51613803393438 0
232.1256789107209 -37.90428848910567 0
233.9415350390164 -40.2730945519116 0
236.9007508975868 -39.88535925490487 0
235.744087381063 -42.6364577064422 0
232.7958156723938 -43.02856503206489 0
234.5978646245102 -45.39170010905097 0
231.6516913671482 -45.7845016646295 0
233.4667331755352 -48.15280310676065 0
230.5107764897334 -48.54142185255782 0
232.3254446175153 -50.90920300083694 0
229.368535145559 -51.29723008211812 0
231.1833679443128 -53.66495529367847 0
228.2260013933646 -54.05251400803369 0
230.0395354722133 -56.41963847531375 0
227.0837087161408 -56.80669093303081 0
228.8975844884856 -59.17258859962124 0
235.3140838856131 -50.57942932098464 0
225.9417698506895 -59.56030921412911 0
233.7404550847743 -27.26289469320195 0
223.8727944153094 70.58415187612073 0
238.7202485766794 -42.31842028528443 0
147.2204049103046 183.0852180100537 0
231.8522602770909 -58.78602735098759 0
230.7107424604851 -61.5379794831155 0
188.1936337619804 146.7454190307619 0
182.7337429516549 153.8521973523965 0
53.86835085604791 228.0929546068332 0
132.1946583618051 194.1433995976986 0
206.6014074797325 110.0554210561816 0
17.40309830682052 254.3519756619033 0
18.53244670547534 257.0858184573571 0
21.46226280028754 257.4766592107795 0
19.65018371656252 259.8115436958302 0
217.0584622643444 87.9526022518837 0
60.23534899745962 236.76136555862 0
228.6948660635916 -46.17330983590564 0
72.30328528036972 225.328306709643 0
16.72845852601039 259.4269443832626 0
17.84523507312444 262.1511399497909 0
201.1415193385347 117.1613775274874 0
164.742700826913 164.5298743083639 0
210.921256400045 100.184275391735 0
233.6647697069705 -61.15128662310693 0
232.5229181894179 -63.90288818294898 0
22.56356277692541 260.2440856829162 0
211.8674811508285 115.9611527423979 0
217.3062096358504 108.8625387516718 0
230.3098590286255 -35.53560337726429 0
152.6825277572817 175.9791515858223 0
232.7583389501757 71.75943542838785 0
226.042509448886 89.1057289776216 0
170.2022942919735 157.4246397531445 0
221.625041203851 98.99465550453482 0
49.54697641678624 237.9345113975109 0
16.2378610398332 251.5739604263003 0
229.5682676865607 -64.28860071510471 0
81.33554476770203 268.8432480843917 0
78.36837138688678 268.4472015035201 0
278.2782754583682 -55.56901663044776 0
251.6166266425981 124.0093366434948 0
50.91242592713236 227.6988632986792 0
215.244523664734 137.1471504503655 0
273.6927979383113 -66.61688383745242 0
234.5080175029769 150.5210403485098 0
244.3141099734327 133.5087742934514 0
207.9541999043068 146.631859144247 0
227.2063685561981 160.0098244383273 0
219.90538411659 169.5170826427485 0
187.9057969677774 172.713746188043 0
243.7665572751601 -23.33976608113773 0
212.6062197968057 179.0126284810842 0
205.3067202972861 188.5081225332116 0
178.749193999606 184.5913235191065 0
232.7144388224472 37.82650704684968 0
231.5716969784692 35.06671219419847 0
229.7532944165987 37.43596441511119 0
228.610696424405 34.67695998723295 0
197.501755977683 121.898391484264 0
196.1831169119504 200.3777800878796 0
169.676470508076 196.4275350193932 0
89.09870152511496 267.2628913476506 0
188.8818448533193 209.8753769068801 0
162.3512621738462 205.9213546426585 0
120.8420927588429 255.7944887876085 0
181.5796646887838 219.374003842036 0
92.82348293309515 241.1020856560847 0
89.85887543837893 240.7066552537103 0
91.68345445670062 238.3373028729729 0
248.4792571771725 68.3878873270195 0
112.384892362681 207.1747031852672 0
254.8349424956015 43.09723131192335 0
251.6572814114485 55.74316026095367 0
241.6556662190324 85.77626251710339 0
123.7712255079122 200.8559486334689 0
138.7981021053095 189.7987662510395 0
244.7100273270153 -7.564093951113202 0
234.8296043157249 103.1628448766582 0
279.1561156529257 41.31697572934215 0
275.9770914782953 53.9787053913667 0
264.6267715372183 94.29167417121522 0
262.100178002677 101.8523052382259 0
228.6532507429619 115.441206506437 0
161.103960118429 169.26567087213 0
235.6217388353336 4.28752673795714 0
124.2690514101701 264.1015634746162 0
127.238957536992 264.4969849583908 0
125.4113652894018 266.8714937805802 0
242.9517586975063 28.73642718488639 0
244.0951931636807 31.49710756400926 0
245.9145505575864 29.12627358295385 0
247.0581155764351 31.88760171281504 0
244.5070085165539 5.455146645939777 0
235.8255643775331 -8.730557478913632 0
234.6816971158651 -11.48895677454271 0
232.864822802636 -9.119345507705514 0
231.7210708549505 -11.87743141050222 0
259.0268933685964 -34.71229642537851 0
117.8735783175951 255.3992647960807 0
119.6999216910115 253.0262196040785 0
116.7319269773502 252.6311182068332 0
96.24407014032118 249.3991263998186 0
234.4782893179839 1.528195369662463 0
232.660866117968 3.898185243568417 0
231.5175199077951 1.139252040986107 0
74.12494155521314 222.962287524765 0
71.1653065219372 222.5676336905993 0
72.98671794321035 220.2019726167792 0
277.3329786070556 43.69262136202432 0
276.1874035376856 40.92611398958076 0
274.3643563966638 43.30219790777182 0
288.0645460038957 42.49033710997726 0
252.9983173379325 45.51455595925987 0
114.2058257205658 204.806946372226 0
111.2451106539191 204.4139235487164 0
113.0657595964256 202.0465436558781 0
249.8360015985062 58.11523454009555 0
248.6924495575156 55.35217545972743 0
274.1538142037669 56.35386696020799 0
273.0085261643598 53.58749433599057 0
271.1854932428296 55.96227759546875 0
239.2581639609764 -34.41029360334157 0
284.8850201650728 55.15305530292071 0
115.8054618352635 215.4590367469977 0
254.4480653157686 -45.74777165767902 0
92.52149666309934 275.569906876242 0
273.512912867535 95.5127262900929 0
271.0076257333322 103.0309509644786 0
244.3430983322171 -15.54034489257389 0
246.87118860808 57.72457078783418 0
249.8647540749493 -56.76939042472068 0
226.4098401750767 -51.68502350868037 0
173.132932339578 226.1054024837103 0
166.5214969127408 230.4686255974536 0
155.756285411715 210.264963272239 0
159.9195383138384 234.7354705721878 0
225.96204739352 135.9543938883135 0
149.1580195901712 214.6164456682582 0
153.2694268342524 239.1711260787687 0
137.755033578159 220.9446616273797 0
139.5788474914717 218.573351565089 0
136.6134929268778 218.1800856167068 0
138.4372058520594 215.8090027204956 0
141.8526981074836 245.5048576165401 0
143.6786758790132 243.1311448243283 0
140.7098713549674 242.7369004493657 0
142.566363411121 240.280098482473 0
228.8663839592405 55.58608166848326 0
227.0473668260564 57.95622386504095 0
225.9053458637435 55.19642402896506 0
224.0866072132727 57.56513683655257 0
269.1245431068722 -77.63648603884754 0
126.3528278721169 227.2704092530578 0
128.1763778827457 224.8996647605283 0
125.2121187412245 224.5060608259896 0
127.0255033582698 222.1347439668497 0
257.3759592629638 69.56259465500088 0
127.1928848584286 209.1400872959827 0
283.4184721869961 -2.594924436355093 0
282.2712540044914 -5.360559764431144 0
280.4498671360677 -2.984556628848124 0
282.5404643857747 15.60082508953028 0
281.4087643148695 12.81561120963415 0
279.5735653800937 15.20728761597827 0
283.619676827622 -15.64707824407883 0
282.4720944761227 -18.4123322641406 0
280.651226720596 -16.03623592792615 0
279.5038675643394 -18.80104153823762 0
250.551650328707 86.95212396948381 0
260.4431107126377 -11.02583309189011 0
259.2975909254641 -13.78818057031995 0
257.4787954527744 -11.41469665171435 0
256.33348535612 -14.17672534517762 0
260.2400741205417 2.007305815473011 0
259.0947753010904 -0.7548904531330021 0
257.2753711731447 1.618005009392044 0
256.1301859472632 -1.143851057147653 0
81.87261534860043 255.3204087602702 0
142.2209833665051 198.0820088725774 0
259.4991863661318 -26.81880054127443 0
282.6707638839444 -31.46351476379811 0
281.523347739961 -34.22816039473695 0
279.7031546500151 -31.8523028003665 0
163.3211991165037 243.1223863614382 0
161.4950600274869 245.4972757562405 0
159.1981639632208 218.5614642473984 0
157.3745167293501 220.9337927822577 0
169.942771438111 238.7668472030919 0
176.5644057719669 234.4111356293551 0
95.49104950782515 275.9661611748882 0
93.66279219300192 278.3396874349766 0
96.63248228747575 278.7360834735279 0
99.20998482975678 249.7945454019982 0
97.38437004032882 252.1656534113184 0
100.3509845954227 252.5609967433849 0
292.053216176139 -22.38983422754332 0
129.7772092330333 235.5664818467326 0
127.9526894901068 237.9381531709884 0
275.3377134439403 93.13734185399537 0
276.4826411247242 95.90567573071817 0
278.3077317657853 93.52976486843068 0
145.2810641124515 253.8114355725546 0
143.4542414722283 256.1861255800666 0
146.4244613966083 256.5808447436302 0
144.5972223144441 258.9559489633673 0
141.1811605246118 229.24003146855 0
292.527835652945 -14.47991544471292 0
293.6759476023468 -11.71329271582641 0
259.1981540696941 67.1898732977607 0
260.3422549657042 69.95449869254588 0
262.1647617096578 67.58117449890827 0
291.4481865497066 16.77121816051707 0
292.5952093354445 19.53878602280666 0
294.4185083913669 17.16128494499718 0
291.5782379532116 -30.29838340877299 0
286.70912317509 52.77679994883951 0
287.8550622614193 55.54487224405568 0
289.6794218460691 53.16806958321352 0
290.8255594126905 55.93642195838333 0
245.6509994079587 8.215325868673283 0
292.3269522828155 -1.426431049486991 0
293.4746048800466 1.340612929926207 0
289.888257791077 40.11378590184676 0
291.0345068384031 42.88143794336299 0
292.8587631704459 40.50451570740754 0
240.9248577779283 44.12808361258124 0
113.9837135892606 217.8275876029656 0
76.17635399381692 241.4972323140329 0
291.1015104727764 -38.20692389617999 0
240.0800500229736 109.0836704730387 0
152.4669610267069 188.9969499308347 0
247.0629817224907 146.9542756811985 0
228.4126531681335 128.5143369615403 0
239.7608233393452 156.4526604703325 0
171.8104682621509 168.0695151815582 0
218.671070420871 145.4392994345393 0
232.458897564334 165.9503924632427 0
179.0936019414627 158.5901260821483 0
225.1569480554136 175.4478919952942 0
211.3806063714873 154.92365977408 0
212.3777387811564 192.0683381138317 0
204.0903945948662 164.4079021376712 0
183.1860178695547 230.0546968377296 0
196.8001862621458 173.892342909706 0
180.3960317091968 195.2345877090226 0
187.6870822687313 185.7486155432641 0
173.1042346047106 204.7217001345591 0
165.7586820630643 214.2189881086917 0
191.8337544528098 142.0074248880244 0
289.0009901698655 58.31337059636733 0
199.1138799645128 132.5316530836781 0
206.3850999050634 123.0740568088258 0
264.4793052108294 -41.82788731725155 0
251.3964379123021 -79.98266771430762 0
259.8974635974701 -52.85949741086272 0
242.7440927240762 41.75775238041821 0
255.3190776191703 -63.87970543077995 0
60.01149825914015 249.7892803751445 0
57.05698711021996 249.394520565155 0
24.37666008352318 291.764917943131 0
27.32635676642138 292.1606982575006 0
55.68795370813035 259.6249385420692 0
25.07047249865838 252.8033277281072 0
215.2700091897542 -79.33490539882206 0
236.0742112435636 -76.73858750563051 0
88.71945085535964 237.9419225592908 0
53.28691850636432 275.5589998096004 0
14.9262466384589 261.7666162763959 0
16.05102496613081 264.4977011525184 0
18.95823127419994 264.8874541020843 0
17.17755085655685 267.2310224562444 0
14.24989977817837 266.8366376432929 0
15.37403588909223 269.5701962894972 0
164.4650748532933 245.891641458993 0
70.02748720088267 219.8073480209243 0
52.73168526437853 225.3360045341738 0
49.77557258410576 224.9419494491405 0
295.2973087205791 -1.037058316323467 0
13.80228115053092 259.0380024402792 0
278.5556414071373 -34.61612530104157 0
279.319858864297 -5.756884275378387 0
268.3916423866059 -25.65383615921304 0
278.4280121298419 12.43815131666654 0
269.3381434712711 -9.859819967241268 0
269.1362579200011 3.175305964417488 0
295.5657497666151 19.92943529310134 0
263.7303047907703 44.2705413761261 0
260.5537342541095 56.91651810965638 0
173.8419395586357 152.688462530142 0
184.7516842123966 138.4796925745006 0
295.4981916319798 -14.09096857544484 0
279.4528525910703 96.29861821096898 0
177.4814201525301 147.9521223077799 0
296.4451452792591 1.730601901245675 0
281.278216598637 93.92244929385382 0
193.8620764585943 126.6352391591293 0
43.4781941444311 292.5047415186979 0
40.53637563926689 292.1197756031046 0
25.5075544550491 294.5185300511466 0
28.45888202724784 294.9158161744856 0
162.6386263725162 248.2669263543992 0
224.1281119751903 -57.19450832388414 0
222.985500313945 -59.94772928499705 0
188.4018086080408 133.7331539480826 0
222.9447645946381 54.80584763130827 0
224.7632387959277 52.43738431906997 0
296.6461419963515 -11.32409564271477 0
128.3816977924066 267.2668795327444 0
226.7926189473013 37.04584150504089 0
94.80407693681867 281.1098777000142 0
181.1208128760845 143.2158585677525 0
261.3382836176792 -109.8979614968191 0
259.5382820083037 -107.5482637281565 0
240.5272484940612 -99.57055477503528 0
238.7292648304517 -97.22576929836785 0
13.74074184836898 292.916387515649 0
14.86733536577355 295.6599358919987 0
294.0051745688518 43.27224767049962 0
126.5541100552964 269.6416570883998 0
123.5835022044686 269.2461637060169 0
235.4768401519617 -63.51615368136315 0
236.619062116308 -60.76440921344761 0
292.6501336100446 53.55949775467788 0
98.52517731862005 254.9323613028245 0
95.55849347254252 254.5368651464989 0
118.5580926680632 250.2582797107817 0
12.61935609114519 290.1463633776645 0
160.3410885261944 221.3272693426645 0
158.5171473711492 223.7000062391517 0
97.77408287210505 281.506458663424 0
99.6025310077975 279.132369059205 0
18.30213838470267 269.9629317219916 0
16.49771864988749 272.3028005248485 0
13.56990337404585 271.910061490383 0
14.69311096110241 274.6418446486969 0
248.8777414640343 29.51650587413585 0
247.7339709856959 26.75503412427003 0
231.3808859653182 -66.65306850450327 0
228.4285345267789 -67.04010600060066 0
263.3054097273663 70.34373100921451 0
245.8543320809873 -4.804462249372135 0
229.9043496538598 -9.508065056411493 0
228.7608257289455 -12.26503466862416 0
212.004741207631 -87.73435844075571 0
64.89844714511888 290.168553524329 0
67.86485001962586 290.5661613921982 0
69.69246441091957 288.1952047736374 0
291.9718325091604 58.70504438846227 0
290.1470585504665 61.08212139483376 0
264.7492030562522 -101.6800997689859 0
281.8170633661583 -94.23443441333251 0
282.9644090160541 -91.47489708612211 0
295.8297074050956 40.89558202889641 0
294.6829113195618 38.12701513538565 0
239.8611938583638 -94.49485651399267 0
236.9303135049124 -94.88061913298948 0
235.798787441436 -97.61056284560017 0
234.0004264223552 -95.26652932960843 0
280.1328995662698 91.15345292918008 0
283.1036322953097 91.54606880657226 0
125.3715283095419 211.508966418396 0
90.54353973296836 235.573046004047 0
93.50733510931022 235.9679748036117 0
52.36137109181206 293.701115951905 0
110.105580484965 201.6533966394531 0
108.2848692901449 204.0205103513948 0
281.1474449783046 -89.10140901150898 0
284.1116618536681 -88.71454742236683 0
270.0404446389883 53.19620224690571 0
273.2189818179896 40.53539217413365 0
275.0415934666456 38.16020100601575 0
269.5378925750904 -22.89211785027903 0
276.6024931943566 14.82047975032123 0
277.7487476481547 17.58594248349786 0
263.1373743252245 -112.2489592108251 0
265.1276735031997 67.96975212225898 0
63.41705398991806 258.0601045999306 0
229.700175375958 3.509044404634813 0
230.8434943418443 6.267433701188929 0
130.9191616019118 238.3324551999586 0
129.0065141699829 240.7407850788377 0
80.04749054781065 257.6897577888515 0
83.0605535086746 258.126784666573 0
271.3458264351293 -25.25689652952045 0
277.6778460383093 -16.46851907404197 0
277.4816264534256 -3.373951530464366 0
278.6284018299525 -0.608960381031705 0
41.20960333736356 286.9827144490249 0
43.03160234569538 284.6210313752276 0
247.7125092030472 -7.221209354678579 0
247.469523253133 5.844283787532608 0
248.6136086209248 8.604990287842348 0
225.6503657222923 34.2869153666154 0
227.468078770778 31.91825592566385 0
30.27883729455414 292.555725019075 0
31.41266801321346 295.3127542455377 0
242.3240849348279 -101.9153051772957 0
297.3893243532017 17.55166873837101 0
296.2418221051578 14.7834775848218 0
261.8078807482908 -102.0682935721825 0
270.2820893179451 5.938699998640683 0
128.3339290472805 211.9021646992503 0
58.8759496371682 247.033709102174 0
55.9191065817722 246.6318644663502 0
50.33049183011218 275.1630589958314 0
116.9460779765873 218.2211766875374 0
115.1238187563443 220.5902355966222 0
41.7322803659081 294.8398743793738 0
111.9259461304426 199.2866030614946 0
12.00234892036411 261.3763753983405 0
71.84872942690778 217.4418962580133 0
74.80787876419653 217.8363687387127 0
221.126267404585 57.17427913635238 0
222.2678896070686 59.93335372121224 0
68.88975679236034 217.0474623942513 0
67.06855950764206 219.4125941168648 0
101.4919111088874 255.327952727342 0
103.3178212962886 252.9562478917753 0
115.590330104213 249.8633631506801 0
113.7643062664664 252.2356140871446 0
284.248993631445 94.31517532136891 0
228.5570350307053 0.7508503251233352 0
11.91620320967876 295.1943440734229 0
13.06835460797031 298.0114768337131 0
16.00015550151353 298.4070348312458 0
232.8699149248779 -97.99541696601085 0
231.071924495445 -95.65208152204345 0
221.172494572219 -57.58237307087984 0
220.0426805621923 -60.32655064530616 0
250.0215094899409 32.27805752395861 0
147.5677574066883 259.3507582192705 0
149.3950123070562 256.9754441728804 0
145.7404679035732 261.7260946835977 0
142.7696544215473 261.3310303550155 0
243.8803763969011 44.51349754984908 0
251.8035924209477 42.7650579196095 0
237.7541049956221 56.72240258929759 0
245.7280864828876 54.96121812135673 0
70.83215521132485 290.9636825657183 0
72.66015796572754 288.5919461326873 0
139.3570241724995 231.6120486610885 0
142.3236473280776 232.0058737592785 0
298.26813570975 -0.647448784034269 0
96.69927789633076 257.3037819251811 0
93.73252955552888 256.9082545056477 0
258.4036186715019 -110.2799962238216 0
256.6056366469591 -107.9337580639384 0
11.76653934826855 274.2487827334202 0
10.64545409299114 271.5149895756376 0
12.88908162423837 276.9795786884933 0
238.4307955096103 -63.12977171662025 0
239.5736443591679 -60.37772919644401 0
237.2886359831399 -65.88092238239147 0
250.6974401838153 27.14522571665882 0
249.5527004000199 24.38401970368351 0
10.87864193462219 258.6494018365936 0
55.31971931771566 294.0963894037403 0
26.63798639275753 297.2750191348456 0
51.59499419845361 222.5786866458967 0
54.55141424117244 222.972869564385 0
48.63882200102027 222.1848729230122 0
165.6091227223763 248.6612324433586 0
18.04786614800689 283.1338238470909 0
48.51025706033062 277.5248483637395 0
68.43037781640082 243.0833941748407 0
232.2021136256557 -92.9225067669978 0
229.2730576240291 -93.30936206402738 0
221.84529370211 -62.69911279874886 0
218.8680021387554 -63.03096817633289 0
220.6990791828177 -65.44310303601497 0
217.7091295047358 -65.78276800046559 0
219.5538289631189 -68.19269962959331 0
216.6012725790968 -68.58008262535513 0
274.7809260340231 17.19581802747735 0
275.9269779532121 19.9610991752041 0
46.81969997335473 224.547738561646 0
52.50053390611423 238.3291712197112 0
50.68088201524972 240.6985942756615 0
67.64650406494142 269.6403860883073 0
66.52189571845406 266.8894801103468 0
69.46964978115258 267.2743850107183 0
268.1657370821827 -93.41307758280576 0
114.8864115509781 199.6790195325977 0
113.7461428625807 196.9196664914816 0
209.1009822637975 102.5560729697884 0
207.9600382205256 99.79614957526223 0
206.1403859703196 102.1645895491331 0
174.9583934374181 223.7308138386908 0
171.9988082525438 223.3445776066902 0
173.8160108325008 220.9644190999492 0
227.9349625423766 39.80475414460515 0
224.974690469497 39.41447318500186 0
226.1168623678801 42.17336003299767 0
121.5258764609218 250.6533164376568 0
120.3840319086949 247.8858185887073 0
123.351643852717 248.2806975201424 0
125.5919637002056 198.4879286733255 0
122.630929817411 198.0953961413691 0
124.4513289344342 195.727593334752 0
121.4898742493712 195.3357819742008 0
123.3109961216884 192.9676990290585 0
246.6576602990984 70.75955720362818 0
245.5144363358972 67.99647021641147 0
243.6931328583941 70.36775029724379 0
242.5500738200852 67.60492045816827 0
140.6185716680251 187.4305079098511 0
137.6575228606973 187.0383475023763 0
139.4775852864123 184.6704180736196 0
136.5174467396424 184.2781755681126 0
138.3369560747708 181.9107792366029 0
134.6951011525614 186.6474042191922 0
239.8338332758432 88.14758999427178 0
238.6910658079944 85.38445917764932 0
236.8695242598855 87.7554003565638 0
235.7270035659924 84.99252436269558 0
237.5482522571703 82.62170293001523 0
209.7827197484684 97.4160847348295 0
260.2756246181335 104.226839911621 0
259.1316688291271 101.4596163778686 0
257.3073854982118 103.8338287713901 0
256.1775213005955 101.0159270664607 0
254.3394459964324 103.4410986801426 0
257.9576386612988 98.52472801657684 0
230.5773210561635 -14.63507612878283 0
227.6173961683022 -15.02347168370147 0
229.4336841609689 -17.3927235864895 0
217.7482825710813 129.6407466156866 0
216.6063696452465 126.8774956828164 0
214.7361116958338 129.2750997958754 0
218.428115567648 124.5068990277842 0
242.4896486489066 135.8826331675899 0
241.3460292854195 133.1159639517966 0
239.5218321526119 135.4893889211445 0
238.378619110956 132.7229206256115 0
240.2024764865653 130.3496877129387 0
236.5545582898592 135.0961572533979 0
229.1664788738439 -38.29236685140452 0
227.3507835968747 -35.92387060902908 0
226.2073035557795 -38.68049484862087 0
228.4933070559354 -33.16425520009626 0
91.83462440645037 280.713008007459 0
92.9756040277033 283.4836175737344 0
90.00627045675395 283.0861694901112 0
246.8573636018917 -90.97798575624213 0
92.36744164379394 233.2041758380036 0
95.33065461823902 233.5990286767926 0
223.4431208386806 96.64295432265489 0
224.5872053113962 99.38699995355671 0
226.4052882575975 97.03761207841667 0
130.209189871548 264.8922229079152 0
131.3521462621534 267.6622714566889 0
133.1797581382538 265.2872756350088 0
261.4820053583776 72.71514032546077 0
277.6274865447621 98.67420931396035 0
280.5979577520917 99.06763604750581 0
278.7725196956924 101.4435137905581 0
252.3740945611114 84.57981609286183 0
253.5176852283352 87.34439019516404 0
255.3404447394774 84.97157821368941 0
256.4847603324959 87.73210889078101 0
258.3072983534653 85.3627177961111 0
254.6534842202169 90.09747703261681 0
245.5480762175308 101.9682964240567 0
75.71877223091721 233.6080488281935 0
140.4000313056331 200.450990423506 0
143.3623329982426 200.8437725788756 0
141.54098972427 203.2130760448923 0
144.5038532772489 203.6058567300211 0
142.6818291443952 205.9753222220291 0
146.3254064672713 201.2361018965545 0
147.4670791037385 203.9986755981722 0
149.2888525769591 201.6287490977941 0
167.4354390695998 246.285811804951 0
222.7490450887223 101.742548708568 0
252.5394851310508 139.8301426747728 0
253.6836030941994 142.5985966238572 0
255.5092376164038 140.2232056874291 0
256.6535451351626 142.9919364212837 0
258.4792463121108 140.616374717406 0
254.827703951584 145.3673047826829 0
257.7980228160489 145.7609530881359 0
255.9717895077167 148.1367903182262 0
258.9425835881402 148.530329908507 0
257.1162863310861 150.906278647162 0
260.7688376274925 146.154318300038 0
254.1454148137514 150.5127132086267 0
255.289895285448 153.2821848966884 0
252.3191575582636 152.8885257366591 0
253.4635356204296 155.6580247045425 0
250.4929113140674 155.2642546962697 0
251.6371863460666 158.0337983013374 0
248.6666222986231 157.6400354941755 0
249.8108881606835 160.4095601936462 0
246.8403509208134 160.0158007081145 0
247.9845545346161 162.7852850302145 0
263.9866851258992 65.20688389487206 0
266.9503283855668 65.59579311604072 0
245.014090574971 162.3915356555565 0
246.1583236777354 165.1609920232207 0
243.1878633434752 164.7672437563547 0
244.3320852788823 167.5366692209932 0
281.9582304258766 88.7769220879388 0
284.9291156604293 89.16952963903459 0
283.783625240511 86.40028167684459 0
241.3616499208429 167.142923524315 0
242.5058610852515 169.9123233751499 0
239.5354501752756 169.5185814016805 0
240.6796527961833 172.2879604947127 0
237.7092599014484 171.8942207681404 0
238.8534570285897 174.6635849650046 0
235.8830877269575 174.2697728509505 0
237.027204838695 177.0392086319769 0
239.9978809929322 177.4330546227899 0
238.171419101944 179.8088983309823 0
235.200643137625 179.4149782409734 0
236.3448924383908 182.1847466244135 0
233.3740814226104 181.7908776282864 0
234.5183335674238 184.5605892265061 0
231.5474950020807 184.166614885522 0
232.6917664503453 186.936407137703 0
229.7209375692126 186.5425604829366 0
230.8651993138679 189.312260815799 0
227.8943605571193 188.9184167608634 0
229.0386259194047 191.6881128928062 0
226.0677778367032 191.2942300353452 0
227.2120440981082 194.0639660186586 0
224.2411775083887 193.6700791734511 0
225.3854531039993 196.4398418988909 0
222.4145579893913 196.0459500951495 0
223.55883418909 198.8157265861165 0
220.5879152004819 198.4218447556571 0
221.7321904535555 201.1916512772665 0
218.7611203004576 200.7974576345753 0
219.9055418043812 203.5675874556939 0
216.9345525391504 203.1736309142542 0
44.62726311326043 295.2627859268559 0
243.6502705505042 172.681572952336 0
87.58007186078198 235.1779957855134 0
85.75614279106476 237.5464022393658 0
247.5488253661477 52.58960930839022 0
226.5138838755997 -17.79767381830249 0
228.2967745330208 -20.15288068744229 0
282.2942457447016 -86.3406340465111 0
285.2589949389464 -85.95357666094544 0
283.4411998532354 -83.57924146843762 0
286.4064340903721 -83.19218300203457 0
284.5883456257077 -80.81739374339637 0
287.5544144395236 -80.42999164342089 0
248.2017164854709 34.64882813366037 0
224.923544535047 188.5247732798447 0
285.7357493141928 -78.05456186798281 0
288.7025298847304 -77.66718806165306 0
286.8833930307221 -75.29125632589533 0
289.8508838834076 -74.9037822372747 0
288.0313582962049 -72.52732116375253 0
290.9994650371858 -72.13973430644805 0
227.8832212560305 5.878327778149028 0
229.0262734687075 8.636302791181123 0
289.1795410269802 -69.76270184288143 0
292.1482058685421 -69.37520888671101 0
290.3279790562093 -66.99764321024161 0
52.15087676588458 272.8014551362155 0
299.4161777115201 2.120495979258677 0
297.592853048692 4.498329659372128 0
215.4644650999336 124.1146196601589 0
217.2858677880569 121.7444326527445 0
272.0736635601112 37.76965985976911 0
273.8958626996512 35.39484071115707 0
266.2760584814836 70.73845450757038 0
204.9996730694146 99.40524568003784 0
203.2012810518542 101.7887954155358 0
276.7360204388827 -32.24055303561497 0
275.5886610285953 -35.0040147081498 0
277.4079666350742 -37.37932037846656 0
277.8977741397708 -29.48194920082283 0
221.8029649164657 52.04683126776214 0
274.441392868468 -37.76691844778335 0
276.2602882977911 -40.14207677903934 0
273.2942572444989 -40.52967502757255 0
275.1128677176931 -42.90446011081832 0
272.1473071883544 -43.29205909388993 0
273.9656232327026 -45.66643789562086 0
271.0005301416003 -46.05398067724477 0
272.8185497708793 -48.428015476856 0
269.8539486003275 -48.81544291425505 0
271.6716404795882 -51.18901444820428 0
268.7075983389711 -51.57641075010841 0
270.5249406224365 -53.94952460862719 0
267.5614816556433 -54.3368503727649 0
269.3784432326242 -56.70947892481703 0
266.4156407068839 -57.09672065617949 0
268.2321772718111 -59.46880657569817 0
265.2700829318226 -59.85594170723058 0
267.0861449879823 -62.22744303671022 0
264.1248623206874 -62.61447445506114 0
265.940417733101 -64.98531860675368 0
262.979979427922 -65.37223937981419 0
264.7949684485447 -67.74239138419706 0
261.8354925323427 -68.12917661803081 0
263.6498639001848 -70.49854388790811 0
260.6913323005258 -70.88526160619367 0
262.5035900335487 -73.25300153909544 0
259.5475917210518 -73.64005629702544 0
298.5368132713816 20.31992663849966 0
296.7129572321005 22.69784576412717 0
265.7867503998904 62.84222233755697 0
298.4689421050815 -13.70205369753078 0
297.3204411870183 -16.46964169427823 0
150.5385658551399 259.7456470261594 0
152.36585001873 257.3701109211408 0
132.0355503048742 241.0965077021506 0
130.1293950295752 243.5132546270032 0
133.8724546217608 238.7177665388983 0
247.3026862671585 167.9304980287878 0
218.0788876980189 205.9436136572928 0
215.1078289592512 205.5497540689825 0
216.2521616856959 208.3196180613744 0
213.2811733311723 207.9255696177129 0
212.1369162923114 205.1558595025642 0
210.3103183253635 207.5315961913113 0
211.4544840220792 210.3013525353969 0
208.4836491724728 209.9072900150804 0
209.6277232842891 212.6770591888428 0
206.6569031983735 212.282997860634 0
207.8010037859151 215.0528333473781 0
204.8301227635041 214.6587522981792 0
205.9742476206575 217.4286480229853 0
203.0033217660809 217.0345053143369 0
107.14551210294 201.2605061265612 0
105.325214969032 203.627056543032 0
228.1437541944347 -96.03786460567875 0
226.3449668784411 -93.69634614710949 0
124.7263182957526 272.016559197203 0
121.7555558781068 271.6210006085979 0
246.6913394773979 104.7328129846191 0
286.7547409105783 86.79290687544326 0
285.6091852269153 84.02348639046215 0
73.66999558368417 215.0764987427798 0
76.62896116818979 215.4709044189409 0
163.7822692270307 251.0368755374839 0
160.8118866558605 250.6421202486467 0
225.3782631592547 -20.55829794289983 0
227.155679223159 -22.9110944156452 0
168.57999876775 249.0555072284628 0
170.4053407850958 246.6800691422802 0
100.7443537691789 281.9029942329752 0
102.5718880651767 279.5283459709099 0
40.07594529667755 284.2244303439791 0
38.25397693732625 286.4074574645733 0
41.89914467360531 281.8623332735211 0
219.3225548039076 59.55385447428024 0
220.4517483584473 62.30322012474134 0
281.7432746289703 101.8369171213497 0
279.9176565885963 104.2134216118817 0
204.14743149902 219.8044671500869 0
201.1763075668845 219.4104114848404 0
202.3205871996295 222.1804501896078 0
199.3494323566349 221.7862887408286 0
224.5080672244243 31.52847160416162 0
226.3256211182396 29.15983768899829 0
200.4937038600106 224.556456320062 0
197.5223941001465 224.1623308453689 0
224.3917604935161 -36.31208727573842 0
223.2484478552343 -39.06866739381507 0
91.1471233034876 285.857519868915 0
88.1772459538201 285.4602726874878 0
234.6671632790698 -100.3370841715778 0
255.4731666886722 -110.6631562922742 0
253.6761975052821 -108.3178929940553 0
250.9552719148564 163.1791337038887 0
135.3772768892799 181.5185905665807 0
299.6165991791361 -10.93552085903677 0
293.1181970280168 61.47393227412478 0
291.2932389414198 63.85105834561947 0
299.2130213887271 15.17377676611882 0
225.9175465272817 -12.70065567570734 0
261.9136452993553 148.9240673704586 0
68.39857955964838 264.4347822643633 0
71.31553194442853 264.9034517710563 0
233.8361293128728 189.706261846977 0
297.6541641537989 38.51816180261406 0
296.5072038059026 35.74932094042715 0
223.1567843983177 41.78299761957369 0
218.4173104352782 -70.94999252407338 0
215.4678386763004 -71.33860435859869 0
221.374767776393 -70.56400622472799 0
66.03705385495282 292.9368505366695 0
81.18123744611958 260.4518582512339 0
78.22180332684722 260.0593385271929 0
94.8724281881846 259.7173108194015 0
91.9338951733732 259.2753505718966 0
122.1837550680144 245.5241768335736 0
285.9286448811459 -91.08822821085127 0
293.2973925499277 -66.60987766253496 0
291.4767291676996 -64.23194468521052 0
53.41455480290281 220.2151907425728 0
56.3705409889974 220.6086947501567 0
45.68306509933466 221.7912154585334 0
43.86449660317335 224.1548967093953 0
134.3228272426913 268.0576322520987 0
254.5146883986964 -11.80360970861815 0
253.3696300982594 -14.56513847041087 0
255.187919533036 -16.937625638693 0
252.2246515710125 -17.32587363965671 0
254.0424638041607 -19.69773864614324 0
53.32769092272201 296.3244105235532 0
250.4683605689762 6.218710902271132 0
251.6187052821251 8.977100491711777 0
249.7646689530583 11.36315657640945 0
252.7652450527385 11.73734817655489 0
250.9103998765252 14.12380533959047 0
249.3299893617658 3.45616514668133 0
254.6079656762849 158.4276538661 0
47.37533384508596 274.7681677898414 0
230.2395459591189 -69.40280673711567 0
254.659376256772 9.296980481437236 0
252.5160982728257 24.77498320244694 0
14.20942864362062 300.7502929184221 0
10.88697056752438 300.6448212596379 0
240.7290662794668 69.97610905102904 0
161.4748261157895 224.0862319670638 0
163.3064521452816 221.7193514613367 0
159.6489068656487 226.4581396381999 0
156.6910861112477 226.0712282840518 0
133.1248600158316 243.8827310727578 0
84.13504981028652 261.0298792513137 0
170.8614925525476 220.5297467993002 0
172.6828742486477 218.1964519702916 0
296.9765198065094 43.66414482795182 0
104.4508972930866 255.7835046470263 0
233.9056914071002 87.36331762348934 0
218.2306403102542 -57.95935913472789 0
219.4117644366015 -55.23689114671777 0
112.6707504846097 249.4484977579467 0
300.2917637790993 -16.08056017682144 0
299.1432033782751 -18.84842511924094 0
19.42758975702765 272.6962818254539 0
21.23360864359503 270.3546009927265 0
237.2353923573683 129.9568587203461 0
239.0591109894611 127.583754937159 0
120.3137854011201 192.5503014149249 0
299.6842932957205 23.08843387392279 0
297.8595683801265 25.46585030249046 0
9.963981573231226 276.5867243809636 0
11.08583946384401 279.3162358864203 0
253.2332054734176 100.562762785856 0
259.4517992097925 88.12356646189406 0
251.1575563371429 35.03385096490793 0
254.8079189436555 -105.5883416049189 0
244.580884144462 52.22796939113762 0
253.9103184060225 14.49846277047296 0
234.584550036974 82.22990084810677 0
236.4058620794221 79.85789269812203 0
227.5485026559079 99.75524515130974 0
229.3973032847449 97.39072837179228 0
248.8165811216436 -4.415368636483864 0
251.0905989372854 -20.07761321739268 0
252.8997120156137 -22.45727282107424 0
294.9430583536662 59.09664888298315 0
275.4671634914388 12.01838696033302 0
277.3149568406982 9.586487770358595 0
104.1860448912126 200.8673738694485 0
102.365739937433 203.2337741235803 0
289.3730590133135 -82.80529453862118 0
238.0625444652439 -92.14893576542153 0
262.9426916945761 -99.32593848366038 0
260.0041526484106 -99.71601712711427 0
261.3589808055553 -76.00684098594861 0
135.4607064589786 215.4213930335705 0
137.2926269107616 213.0539620098307 0
140.2593491274041 213.4427807229465 0
118.0865328847522 220.9836012035489 0
116.2640843221802 223.352921067129 0
113.3010985284347 222.9594084060914 0
114.4414224345346 225.7223788483637 0
111.4788567427907 225.3250035619478 0
119.9079292886514 218.6141370794149 0
57.73917096902003 244.2738545611432 0
150.4317516094408 204.3830116325517 0
152.2526917165098 202.0197845889016 0
55.10718308184568 273.1965277286955 0
53.98727356720326 270.3263633163115 0
65.99816134127214 216.7047625919578 0
217.6170472173377 198.0271632758245 0
117.4053635938535 226.1164703986388 0
223.6214355376524 49.6770316602034 0
221.270496087006 193.276248210119 0
230.4035003244085 181.3970320997689 0
278.8431384669544 -13.69531583799763 0
143.9134632192254 264.1013368179118 0
133.6236422924323 217.7931287212435 0
244.371160081454 65.23370917544212 0
241.4072070898216 64.84230258792105 0
271.8632124389042 50.8215426913807 0
268.9070369148641 50.38796949311652 0
230.3738365610944 -1.618409531104288 0
227.4137566317731 -2.00707083191809 0
255.6593733361412 -9.040348624249598 0
270.9283077221734 35.00411149323749 0
272.7503885248354 32.62938188174547 0
69.34374886022657 224.9332422958088 0
64.12120979621592 219.0265127048846 0
103.5042375805953 205.9937670146712 0
100.5451356482144 205.6001554349747 0
275.7180186137404 33.01916709674852 0
274.572397705258 30.25460525558278 0
271.6049107129351 29.86405867876069 0
273.4272065088529 27.48734010780267 0
276.3955044189237 27.87315860166956 0
229.2856653566434 29.54960067481868 0
228.143075713579 26.79118760512161 0
225.1830506984987 26.40151102498438 0
227.0004179606388 24.03293289333489 0
224.045138533136 23.64685105673667 0
225.8630972414383 21.27886731903877 0
228.8186667361762 21.66502546031534 0
227.676594403556 18.90412516173014 0
60.6953241913092 244.6717433827294 0
90.79746064398628 256.5071915429799 0
237.7612572259234 -58.01170002271245 0
240.716723934631 -57.62485017757419 0
288.322216652852 63.45903985324796 0
289.4682389177885 66.22804987824465 0
292.4554220480202 66.64705253418899 0
290.6132207447948 69.00326527175937 0
287.6429665194798 68.60585088450453 0
288.7888139559172 71.37530559096987 0
84.61701083686273 234.7829444050552 0
82.79243286743979 237.1516369791788 0
291.5036945746912 50.79137041715799 0
294.4746668985889 51.1823344543614 0
297.1200152659902 -3.414767885667639 0
300.0911591922346 -3.025689432062178 0
57.50726639122927 223.3638027881514 0
270.4842163270296 -7.096937017438098 0
298.0648123325122 12.40577834762704 0
301.0361204152816 12.79681878397212 0
136.149982460616 265.6822541814062 0
274.554861267164 -84.75596365019267 0
252.0552061908819 16.88427757289435 0
249.0857310056801 16.49586784613844 0
72.20195496352412 280.6957128987182 0
75.16912660972267 281.0901824941592 0
272.5032716849251 -22.50327745006026 0
57.14969509483215 291.7318004567404 0
58.26581409761105 294.5188645033432 0
94.19094946914221 230.8355349361541 0
97.15407977152474 231.2302968055887 0
98.29457188079459 233.9935085259312 0
100.1174727873068 231.6249096218994 0
98.97726631086444 228.8615036542384 0
101.9406309972065 229.2559965420749 0
103.080784032144 232.0194704062413 0
112.6222433533537 228.080632076525 0
73.81061231902549 291.2840029735337 0
75.63046955421689 288.9759839540082 0
126.5119171379738 214.271134449363 0
258.4044979506647 -76.39418870465171 0
148.6264764461379 206.7363369053672 0
104.900681765801 229.6519940793349 0
103.7620325331125 226.887786907353 0
23.68932840578736 296.8667891641212 0
273.7841920672385 -32.63486766810703 0
272.959039482088 19.57331558933097 0
271.4113130885888 42.87258674817753 0
268.2039956964131 55.50639720291868 0
268.7381755256399 63.25272361224272 0
261.2708837033337 85.75176403483431 0
260.1296336861042 82.98952692507133 0
288.58041873917 84.41611075234877 0
287.4330745840598 81.6473409671834 0
272.3002652733237 -9.473995375005316 0
221.0500326755711 206.337650608696 0
300.5643236871179 4.88813045793025 0
272.085084920796 3.571766991778675 0
122.1296544673998 190.1778046147393 0
125.1237360411946 190.5955450035909 0
127.6971251867107 272.4120927188615 0
161.9553083699059 253.4126103464339 0
158.9851932242629 253.0170181940402 0
98.91578457083627 284.2773174963502 0
122.8984038000576 274.3916121714147 0
119.927543515831 273.9959475603749 0
118.7849376481352 271.2253236485063 0
116.9568178385324 273.6001565623557 0
118.0993846323038 276.3708720571694 0
115.1285882793906 275.9750163238781 0
113.9862743820956 273.2042184046456 0
112.1579225228243 275.5789937014844 0
113.3003359027341 278.3498620605571 0
110.3305647091171 277.9534467044674 0
109.1871187314363 275.1831086602184 0
225.2158906680368 -96.42405254490862 0
223.4167633989048 -94.08319783694941 0
291.7564239025987 71.76919478291146 0
289.9345637793585 74.14242351267762 0
286.9637429921422 73.75126333398819 0
103.7126291428007 282.2995908237152 0
302.3877666197284 2.510336433435392 0
258.260796798149 153.6760295093025 0
9.079616873155308 260.9857057165358 0
226.1474369224456 8.232159150479982 0
227.2228214176474 11.00254767778063 0
230.1704384393971 11.39761962062414 0
294.4466510885564 -63.84406555989315 0
292.625727633425 -61.46575415484265 0
289.7260522478782 87.18571494266907 0
99.40625314331528 202.8405583562482 0
97.58584975928665 205.206806050188 0
98.72467854365546 207.9664158257107 0
95.76228919504831 207.5747900919514 0
96.44705156393616 202.4473483926866 0
212.5986180888863 213.0712393386579 0
217.5070609198991 61.9240885084082 0
218.634197100231 64.67174567669497 0
33.16013259630871 292.9816954361084 0
34.3263965457574 295.7266376464157 0
32.54055421046949 298.0750311187282 0
35.42229296171812 298.5044070175466 0
32.08614388098574 290.2000561239228 0
106.2359004464057 253.3812175877216 0
257.2682487615411 -113.0077043973825 0
160.1291084197443 255.787216109028 0
225.672237243797 0.3308594150806688 0
137.1966274505225 179.1516030313838 0
140.1561827766221 179.5435158931066 0
215.6746971618627 64.28111705608117 0
216.8136784826391 67.03774794917464 0
24.82097383371863 299.6243504493681 0
290.4036045696471 82.04160119901607 0
42.83168549585555 297.6149890562101 0
241.1424236437811 180.2028561547154 0
237.4890773693445 184.9545432099192 0
295.5960230253037 -61.07787114636169 0
293.7748007974156 -58.69919921264833 0
198.6667504097452 226.9325423543121 0
195.6954608084143 226.5384031851098 0
220.7803087650205 49.37927914895978 0
219.0278113316047 51.7602978962348 0
137.2923886144578 268.4530236196806 0
222.0147411982292 39.02452415238939 0
302.1147453954156 -18.45936847096813 0
300.9658478456921 -21.22751116113021 0
224.3371017166937 -23.19195389600045 0
226.0296694180747 -25.64772685916713 0
153.509666696059 260.140514560254 0
291.6702679958879 -77.28014347810887 0
45.76020229530755 298.0284350062827 0
17.13569341330905 301.1568526333251 0
263.7400962136736 146.5476437249264 0
38.94355874880563 281.4675355520495 0
75.48798748877002 212.7340595779674 0
78.44644572823259 213.132162929419 0
79.58775540205249 215.8694869639814 0
81.40841382422565 213.5048086402347 0
80.42168182884825 210.9074865146605 0
83.28049182196273 211.1799537587095 0
84.37720934172364 213.9017368556568 0
86.19907934973199 211.536964836295 0
85.05082221376564 208.7686635424371 0
88.01130414732884 209.1640282079093 0
89.15362269335364 211.9213975213261 0
76.78151467606045 291.6665795910463 0
78.5978678637079 289.3694721264426 0
71.92132914936204 293.594141023562 0
86.78195374839738 206.3173646104541 0
42.72797657921542 221.3976708719889 0
40.90997719436206 223.7609890918955 0
39.77382568093062 221.0042802999474 0
37.94329324521151 223.4651655923405 0
39.09392868443774 226.1410064081587 0
36.1402255096958 225.7475289512257 0
34.98991894504786 223.0814281270488 0
33.18644447568043 225.3542928752025 0
34.32459759275496 228.0904327147254 0
31.37365017188134 227.692827230992 0
30.23889053512925 224.9441758631642 0
28.42510983881892 227.296178329889 0
27.38813553228583 224.6236606741409 0
25.59154489170433 226.9927537996568 0
26.63505106391344 229.663904062398 0
23.68608122120995 229.2749878229229 0
22.53676789102057 226.0745287926916 0
20.7236866600548 228.8171458730016 0
21.85105578223321 231.6024776040833 0
18.91193990004975 231.2085295597383 0
17.52250791665497 228.3066783650904 0
15.97427576339189 230.8297344687733 0
17.1038301542531 233.5641031964029 0
14.2451484542542 233.233548231923 0
15.31223378025943 235.9199938716475 0
12.83772770757546 230.4665525257904 0
12.44249132076239 235.5784362469618 0
13.51305421734178 238.2647604118016 0
16.42951567199293 238.6451291607677 0
14.62788392599934 240.9860510798767 0
11.70181211229432 240.5972809270224 0
12.82508432049672 243.3237486433992 0
9.90040190820919 242.9338888824965 0
11.02441368376286 245.6608682709258 0
8.775431227374247 240.2083591243444 0
110.8163822103158 196.5500532223916 0
112.6047890504683 194.2150680150551 0
65.41320851750025 264.04287725871 0
67.7495760247875 214.5243560954129 0
139.0158653411833 176.7846087338533 0
141.9752807325096 177.176460699351 0
97.83768447278104 260.1146685159532 0
107.4086016121276 256.1939760635802 0
240.2421052647221 -65.49482251591324 0
239.1294415327346 -68.2769917527919 0
119.2382126253239 245.1203417465021 0
230.1829991976182 194.4579653839654 0
164.4516310847163 224.4868036857476 0
251.5509601667601 -12.19275915189429 0
208.9408047873368 217.8194034699658 0
224.7300927180748 18.50879840069491 0
292.9057519035449 74.53615734828905 0
15.81616387795692 277.3739140785484 0
231.7419362115411 -100.7213192223027 0
249.9072065381193 -22.78893019285391 0
251.7482945848599 -25.20904273013085 0
248.7898941187727 -25.60580589530521 0
250.6063189252038 -27.97568656312288 0
247.645299814665 -28.36519441678579 0
249.4623198376853 -30.73579581785375 0
252.4242293158646 -30.34948529207886 0
251.2792749108342 -33.10725472475544 0
248.3178280515895 -33.49494348053958 0
250.134535038699 -35.86568276159039 0
247.1800496934715 -36.24849591201557 0
248.9909299232279 -38.62308317813446 0
246.0146479668933 -38.97945813069903 0
247.8430037141164 -41.37626168766288 0
244.8598800370461 -41.73706500842324 0
246.6962549633809 -44.13285840448056 0
243.672090152388 -44.49387103901527 0
245.5442803793503 -46.88950842453457 0
242.51978579902 -47.25059240204266 0
244.3974794967204 -49.64583990948805 0
241.4335703548301 -49.99654373259476 0
196.8397464699012 229.3086816117265 0
193.8683843303536 228.9145414911631 0
195.012698803352 231.6848661524272 0
192.0465119543051 231.2778999001787 0
255.0100534599087 17.27854764570355 0
253.661112141148 27.53567921641021 0
22.3564234046824 273.1310955880227 0
131.3780390586261 246.2385057999605 0
157.8236583809697 228.8307085207655 0
154.8591164758878 228.5020023281928 0
140.4884577681686 234.3700835166825 0
143.4124158404991 234.8379013225155 0
145.281772520244 232.4105133858141 0
146.4331361804137 235.1662033796151 0
148.2294726677257 232.806337938818 0
92.98067998793252 262.2081119120544 0
209.4284506364889 -80.21127498949284 0
233.4422287736877 79.46740746029516 0
15.34078865946584 303.5042312609448 0
62.8684107011911 215.7994035903291 0
299.4787021307586 36.1404496988613 0
298.3315364600856 33.37231353502064 0
295.360012163655 32.98096391027359 0
300.6257249116487 38.90958895482991 0
226.5297444167841 199.2095193931229 0
44.44558609350424 219.1838234926425 0
245.7054648751969 42.14735387870316 0
246.8460345770883 44.87362360571673 0
251.870700463171 -105.9693477241541 0
250.7465543231383 -108.7004462339374 0
248.950568875929 -106.3581095004909 0
247.8207862488964 -109.0833421630817 0
246.0258614635296 -106.7431489807871 0
282.8887892031087 104.6065033679603 0
281.062797364024 106.9832636948915 0
278.0919204707256 106.5898386870034 0
279.2367513172065 109.3598682001753 0
276.2658284677959 108.9665104730787 0
277.4107121985752 111.7364125174603 0
274.4396910921722 111.3432602158355 0
275.584659697343 114.1129559304582 0
278.5558023121823 114.5061300861122 0
276.7297316800383 116.8827839509038 0
273.7585802656099 116.4893588096649 0
274.9035395040922 119.2592657313197 0
271.9324567841021 118.8658998347339 0
273.0773689847982 121.635666982123 0
270.1063966296857 121.2424034795984 0
271.2512732122587 124.0119983025585 0
268.2804102365976 123.6187517456534 0
269.4252481863003 126.3882375134759 0
274.2223319740492 124.4053892695445 0
243.8751211479157 57.37416505171838 0
245.3154597090021 -33.84521730630802 0
89.31842547077676 288.2317250344942 0
86.34925342547531 287.834438523636 0
85.20996201728934 285.0588145457824 0
92.28881206306653 288.6286062500784 0
230.4025907442905 -90.57797429019577 0
123.9826393798774 187.8355864747041 0
126.9501302327771 188.2337425157343 0
17.55363358195139 241.374629062724 0
24.15409489051306 270.7582436932146 0
19.35665288013513 239.0333363320911 0
214.7426070276433 -66.13473831800164 0
13.9486328320901 246.050736152301 0
12.15031873713297 248.3910479933555 0
9.226362695168886 247.9977896771316 0
10.3571059701503 250.7366841932151 0
134.3038321920166 212.6663711717151 0
217.2816416778351 -73.70349107256126 0
214.3338568055582 -74.09178197295253 0
212.5196533538792 -71.72903758781227 0
194.5511574804994 223.7683520727265 0
200.032251387974 216.640509338813 0
32.51100992739945 230.4402987881746 0
205.5130443040874 209.5132666489395 0
45.55516715352721 277.1292351443126 0
44.42195693133165 274.373214752858 0
46.68923654431209 279.8846580918572 0
227.2892981417716 -69.78925744767596 0
276.9312717024197 -45.27917443250839 0
89.81527637391142 206.7827876774283 0
224.545973481716 -91.3545745083658 0
221.5962486117251 -91.72732176713602 0
220.4858837582204 -94.46792799638339 0
218.6564110328666 -92.11963189166177 0
239.3942171143473 -102.2972695923137 0
241.2106495895937 -104.6646045256949 0
246.1878486747254 -85.87961410997937 0
268.9615817378231 118.4728665047599 0
136.1104601807707 210.3047973469914 0
37.31282135281654 262.3600737957607 0
34.37187032800416 261.9664717111942 0
36.18293243311174 259.616784708325 0
33.23898646374749 259.2068285721886 0
35.04149014495796 256.8212105585137 0
31.4316644371087 261.5692207293335 0
30.29557547002513 258.7934026994121 0
28.49294694087742 261.1718468665022 0
29.62175231091918 263.9173602591667 0
26.68475028594167 263.5251988316206 0
14.45153288406637 253.9292928986002 0
61.03661639179323 273.9787142820605 0
47.72921510152457 240.2951600171245 0
48.85851636947118 243.0608342416687 0
45.91276531227379 242.6543306051816 0
47.04504892970492 245.4076710411152 0
44.09745395925998 245.0124713281754 0
45.23081858834725 247.7629060768022 0
42.28306602251096 247.3690873222849 0
43.41568784710481 250.1179996426575 0
40.46949215133485 249.7237176468057 0
39.33733072058662 246.9766812862428 0
37.52453860641337 249.3301428347883 0
41.60000609643161 252.4821322421274 0
48.17953582791858 248.1574231053202 0
36.3907378446274 246.5794802553046 0
34.58138289993128 248.936090846948 0
266.0733663650401 -111.8687255125708 0
264.9359203173216 -114.6012718001475 0
267.8688505672425 -114.2203312569164 0
266.7331733037656 -116.9527845487711 0
269.6667044524929 -116.57114642136 0
262.0008169660305 -114.9795815457259 0
248.5164059718111 -46.50756695756852 0
10.20245141360335 263.7116313010033 0
221.5915042263009 65.06248947997761 0
265.4692914566873 -72.86638265895901 0
230.1075005964431 -22.52001790662519 0
289.656516669483 -61.85332801209876 0
250.8093084565447 -40.99830796147288 0
236.1512981085333 -68.63630961754151 0
238.0488501005235 -71.16641623797466 0
235.213137952393 -71.54728168574167 0
7.968686875332239 258.2560619818884 0
286.2120817578961 -70.15099177955545 0
253.0965824750114 -35.47896150655039 0
267.7554500131818 -67.35604594121791 0
204.3244871499042 104.5346809540364 0
201.3861060441801 104.1592752065422 0
175.6413570278962 218.5894729865842 0
174.4979103683364 215.8222636890872 0
86.13056810825435 266.8667787860153 0
120.810217471946 200.4629789341782 0
241.871865173217 72.73876842760814 0
238.9064387700508 72.34769440688828 0
282.7702875331501 -78.442538622895 0
235.0477610301614 90.12663745358697 0
232.0842665287624 89.73394937837247 0
263.0954966555668 83.38018210063095 0
261.9529052355535 80.61603597211773 0
255.4831797555679 106.2075818916083 0
54.09963383988237 248.9944128775168 0
281.3244281605234 -21.17711258633305 0
157.546701631156 207.8996452064395 0
106.1441391172803 198.4028537793467 0
218.3941802898006 56.76962381473073 0
83.93012915796183 239.9163560039415 0
237.6975969897871 137.8624967307157 0
234.7352527420287 137.4729926766938 0
233.5847366015132 134.6640298004266 0
222.6904198103989 33.89717967983615 0
221.5483650151132 31.13887125561497 0
114.4570227624627 247.0927287833281 0
150.9819981200929 212.2451700913456 0
284.4634043738692 81.25420852097852 0
242.0262021745624 127.9764922995066 0
240.8837830820883 125.2088911359128 0
258.3536403726832 -29.57927154925385 0
225.0638507868736 -41.4370017891024 0
222.1051715565405 -41.82507029821822 0
223.9205906784252 -44.19343903636393 0
221.1024103316717 -44.47370092484082 0
222.8005216844569 -46.93159608695843 0
219.4830739744925 -47.0512447865847 0
155.1059279539522 236.8048448526047 0
281.126787649839 -8.126943226099396 0
255.8619345704193 -22.07186326921599 0
257.9491831605673 -3.516544941768319 0
254.9347498509252 -3.868368993512974 0
235.4790715910366 98.05849407359109 0
234.3190684232887 95.30597426122014 0
229.3630306940141 110.2773932817803 0
228.1902216876435 107.5065884470024 0
226.326870285619 109.9143624403434 0
129.9980349104922 222.5289542827845 0
128.8257506669182 219.7688287666511 0
177.4643680014858 216.2153244664478 0
176.3200807233679 213.448230947334 0
179.2881309718837 213.8414441742097 0
178.1445878041332 211.074657940663 0
181.1124365551147 211.4677623436231 0
179.9689993073347 208.7010787594454 0
182.9367436299466 209.0941561887456 0
181.7933550203577 206.3275626557431 0
145.5038374696377 240.7576432389914 0
275.5095937205181 46.06897986753245 0
184.7609613360953 206.7205916119561 0
183.6176460456788 203.9541117137111 0
186.5852140757371 204.3471219709001 0
185.4418948790896 201.5807351043021 0
234.0083351884804 -6.361006248245748 0
270.0482767007458 -61.84082906509349 0
65.24934180675368 221.7789643543609 0
248.0142658085069 60.48811528722077 0
202.5063711986284 106.9028988322084 0
199.6426602894526 106.5847680526089 0
200.6999499541775 109.2799401422279 0
197.8374865288789 108.9689801431948 0
198.1940530320724 103.8816846144671 0
198.8851921354798 111.65150637966 0
195.9257025751289 111.266106907409 0
123.388464411016 226.8766502516812 0
188.4092681196967 201.9736959780489 0
187.2660668525051 199.207420716876 0
190.2333548882497 199.6003707852397 0
189.0901988339075 196.8341748141874 0
96.90345011952169 210.332943152941 0
240.0483902086138 75.1110692244412 0
226.5823097796405 50.06526188244166 0
258.42059331542 4.380152928186196 0
192.0573490379549 197.2270672937409 0
190.9142756149088 194.4609806616062 0
193.881353550413 194.8538628662825 0
192.7383159816675 192.0878483535636 0
278.8948133244767 20.35126043296185 0
197.0512504936491 114.0075670142303 0
194.0845320966141 113.6087179520287 0
195.2260617799195 116.3687085288887 0
252.5154598453989 105.8147356597191 0
253.6590573060204 108.5811070065438 0
250.691542956535 108.1882636777605 0
251.8350796584911 110.954526281867 0
248.8718166407757 110.5649222132935 0
250.0115680804806 113.3281573070998 0
247.0447142139257 112.93572314068 0
248.1872550771069 115.7010231447708 0
245.2474573173165 115.2971970629695 0
246.363592809705 118.0742592996084 0
249.3323617757798 118.4690953452096 0
272.3419620544906 -56.32259077621262 0
274.6363069101344 -50.80192514685612 0
195.7052601844023 192.480669836112 0
194.5623054272362 189.7147596233762 0
197.5291875282349 190.1075726392694 0
196.3862659651157 187.34172422784 0
199.353018336529 187.7344731944281 0
198.2102337062233 184.9686552630785 0
230.6351394104797 19.29563603020105 0
243.3965565449439 117.6814562654486 0
244.5392605649222 120.4525487967384 0
241.5837906487361 120.0084527295001 0
106.0438216626718 232.4140634394393 0
278.9876768481093 88.38435572302849 0
246.5898830395164 23.99406049214572 0
235.8742398669871 140.2361079137904 0
232.9090782116331 139.844418744837 0
234.0499286051243 142.6089045348351 0
231.0877403777999 142.2194482243846 0
232.2261742636367 144.9820509606094 0
229.2594295716028 144.5889835723235 0
239.9514561282964 -39.58767933511454 0
110.3383965106504 222.5647713320178 0
294.8889415845929 25.07520681896285 0
243.8519159264135 125.6021201848507 0
201.1770558107917 185.3615680691504 0
200.03404926925 182.5957884194036 0
203.0007157094904 182.98849325678 0
201.8579976235991 180.2227852567608 0
198.8912017580803 179.8299892332078 0
266.4547670013587 125.9949063469167 0
267.5991412982232 128.7645584046138 0
270.5702172143909 129.1577928933359 0
268.74403746475 131.5341253700847 0
265.7729934076908 131.1406879179079 0
266.9171703156389 133.908370541031 0
263.9471766421071 133.5138147574026 0
265.0920560677567 136.2743053139589 0
269.9219183178112 134.3240339236132 0
262.8022152692046 130.7470683632231 0
105.1166774794593 250.5959374552436 0
135.0072055582663 262.9123836093517 0
295.0940870635762 12.01573572319379 0
262.594997658623 143.7781488016623 0
265.5665827846418 144.171178401442 0
297.994565412015 -21.61604020656504 0
299.8169417981784 -23.99546050550596 0
296.8457359509441 -24.38278372974166 0
298.6682204237634 -26.76307192615613 0
301.639729917662 -26.37447622989117 0
300.4905764904291 -29.14252819059722 0
297.5194170889735 -29.53070174396133 0
299.3414383955731 -31.91037174463816 0
296.3700370710956 -32.29661928191932 0
298.1925004521821 -34.67768366091026 0
101.4303920560547 276.7583068760871 0
125.995433463997 240.4685490678623 0
151.2214368853873 254.6002948858161 0
151.1104398402799 199.2586083512967 0
154.0742872053302 199.6506405849731 0
152.932238019038 196.8882941222617 0
155.8960509877344 197.2804317803956 0
157.0380402708927 200.0434057338757 0
158.8593512500128 197.6725063153493 0
157.717761580366 194.9098596161129 0
160.6809662676298 195.3018733381492 0
159.5393937548683 192.5394176947073 0
162.5025165237661 192.9313555624607 0
161.3610625568977 190.1690371372877 0
164.324043198653 190.5609477143717 0
163.1826326097761 187.7987324374572 0
166.1454756392987 188.1906023646608 0
165.0041371550682 185.4285081038057 0
167.9668507345363 185.8203399623642 0
166.8255805721201 183.0583602747285 0
169.7887562315748 183.4506034373512 0
162.0409344184934 185.0363993394375 0
244.8683508449904 107.1052769317932 0
260.9752954298929 133.1133996988174 0
280.6699237725347 -96.99351228213546 0
283.6328705216211 -96.60788511938982 0
282.485759449494 -99.3682008525835 0
147.1083164281108 230.0310639593922 0
181.3601610090398 232.4301049922267 0
184.3304585479158 232.8238475321012 0
182.5043491725876 235.1996705784437 0
185.4751211431718 235.5934710962105 0
183.64858472886 237.9695505971199 0
180.6779685383764 237.5753003002928 0
181.8220133549338 240.345729369534 0
178.8510391607541 239.9514355484272 0
180.0577662378707 242.7700834293683 0
177.0347611166188 242.3358693802065 0
178.2431092969622 245.1558466180374 0
268.8347203429134 -98.54121890202669 0
244.9374836749169 -20.6006879640186 0
246.615940578325 -10.0167772328167 0
204.8244421647603 180.6154728270426 0
203.681838860808 177.8498981130435 0
206.6482325465134 178.2425642196158 0
205.5056578657343 175.4770364489883 0
270.9319582916538 0.8075151132314893 0
271.1576717048943 -12.23427826187135 0
102.5970605543957 258.1658064338422 0
131.9754960941414 207.1642247971341 0
132.4949947931641 270.4327853917791 0
295.6212940838786 53.95109623666767 0
297.4461642502805 51.57367371403703 0
252.984086076371 32.66749030345413 0
283.5691015025983 99.46031309874085 0
90.03667895922561 261.7697832381975 0
66.37398620202707 258.4577785553761 0
242.9689891859776 177.8266418944649 0
268.8648829356861 -17.75737559736022 0
239.3956311589044 114.2604064902062 0
84.89244136753604 255.7714440901466 0
227.7848138609758 133.5826337730782 0
291.7745649838585 -43.34863373668213 0
293.5954401279143 -45.72643272708875 0
292.4462704194618 -48.49225882220196 0
294.7445691512252 -42.96025269027974 0
295.4166011631523 -48.10478250968462 0
294.2670594195499 -50.87131596019154 0
297.2379752536727 -50.48361486520123 0
298.3858895172631 -47.71790449953008 0
230.4012794300896 147.3542435081417 0
227.4345937340659 146.9611889355348 0
228.5771658878115 149.7269855235859 0
225.6104835551035 149.3339079231311 0
208.4719323088201 175.8696269367555 0
207.3294580411283 173.104194758461 0
210.2956938635487 173.4967693283366 0
209.1532426638135 170.7313699443968 0
228.2539218528166 94.63613502404482 0
174.7378112081068 236.7862970494129 0
262.3758783263146 54.54372039216044 0
58.64104030445391 260.0213943102964 0
56.6748583860117 262.4198326809984 0
53.60366367754094 261.8469651148885 0
219.1265129311302 106.4934661695886 0
220.2999490293244 109.2417720968878 0
218.4529007272297 111.6220063629967 0
221.447926472491 112.0009855430601 0
219.5891030184152 114.3862660692558 0
246.9984668138959 -2.044608374888001 0
212.119364672639 171.1238679495118 0
210.9770141913435 168.3585578194462 0
213.943108240532 168.751041326338 0
212.8007769198057 165.9857537588229 0
168.646885691138 180.6890077507364 0
171.6101676699799 181.0805777104698 0
172.7522372313313 183.843079079644 0
174.5731173800917 181.4722794225749 0
173.4315265128394 178.710062244631 0
176.3943848977622 179.1017613117896 0
175.2528642881956 176.3397380701221 0
178.2156498510014 176.7313649584551 0
177.0741715082541 173.9694155186413 0
180.0368896326751 174.3610310439543 0
178.8953208047939 171.5991635744658 0
181.8580644990902 171.9907423071585 0
180.7166660680745 169.2289126511394 0
183.6795986369264 169.620753597576 0
182.5378379462161 166.8587505862286 0
185.5004487803822 167.2503433136423 0
184.3590241691154 164.4885700272751 0
187.3215035117569 164.8801257605491 0
186.1801610907522 162.1184462406506 0
189.1425968832041 162.5099873491102 0
188.0012764758667 159.7483456679173 0
190.963655649735 160.139858119449 0
189.8223754464911 157.3782629740834 0
192.7850982973686 157.7700486707744 0
191.6432706791413 155.008230552006 0
194.6058075115265 155.3997375366339 0
193.4645329908177 152.6381433969923 0
196.4268017395033 153.0296076458328 0
195.2853352549855 150.2681003383706 0
188.6802381533952 154.6165344371553 0
198.2482312162298 150.6598529019734 0
197.1066258646106 147.8979980231414 0
200.0689401763324 148.2895284433822 0
198.9276621146523 145.527893503357 0
201.8898945176475 145.9193893664817 0
200.7486961996285 143.157812793221 0
203.7113870702244 143.5496716887231 0
202.5698272471872 140.7877939977047 0
205.5320858004611 141.1792917743718 0
204.3908480530692 138.4176605532593 0
207.3530587567336 138.8091026377509 0
206.2119085029679 136.0475216777646 0
209.1741570114578 136.4389720234905 0
208.0330066857181 133.6773707413355 0
210.9952381587302 134.0687803909303 0
209.8541264901516 131.3071810434932 0
172.289700395144 175.9477358872372 0
289.2103270672584 45.25745473404955 0
226.7530464374162 152.0996737485737 0
223.7864733046143 151.7067078219758 0
224.9290694345536 154.4724355678214 0
221.9625357848701 154.0795229343484 0
137.5310692989241 233.9823444267462 0
123.5498567305904 213.8777022301375 0
294.8234013414827 -8.947011194740396 0
273.2944634906127 108.5739963512935 0
215.7667625929578 166.3781561604229 0
214.6244152628011 163.612933310277 0
217.5904827586384 164.0053365323748 0
216.4552649556422 161.2330735218555 0
72.43315239863794 267.666922464279 0
244.5623996253827 39.38755524817741 0
74.25648536443501 265.2993656724497 0
73.23008115859929 262.4405200363639 0
262.8384929092242 62.44435683351941 0
86.44069589098413 232.4155444637067 0
223.1045214761992 156.8447240247161 0
220.1385755872404 156.452157386736 0
221.2815631091632 159.2182032668866 0
20.54282751994372 275.5725571606807 0
249.3491027149836 152.4946790795229 0
250.738087637611 -74.88191395604997 0
265.5520824010231 41.89707104584733 0
250.0086265679196 -1.703513484425743 0
221.5822569983741 -49.65436592547547 0
218.6363158242325 -50.17741256161618 0
37.99424136224143 257.2670005823095 0
158.3974809173821 189.777413186692 0
124.6909748412535 216.6332530362261 0
245.6968333954727 157.2460398849897 0
77.45709598387478 286.6141323474085 0
24.39721026033634 257.9156130066002 0
242.0445423427213 161.9974841327158 0
233.3336168754771 -90.19096924527196 0
238.3923264066655 166.7488029182799 0
81.6542065741401 234.3889012280983 0
79.82610349142934 236.7575019496797 0
27.77235436462124 300.0332744220451 0
230.0106932102046 105.147823424183 0
240.9938409386631 -91.76182693969015 0
239.1957342579295 -89.41402249789039 0
222.1156639803202 106.8270082947458 0
91.22466602707762 230.4412570538684 0
234.7401538645816 171.5000126735558 0
232.9139292581055 173.8756424801381 0
177.7531745576116 168.8383202743042 0
181.3956855950968 164.0981885828542 0
185.0379875434101 159.3581702803833 0
257.3322620559505 137.8489536854901 0
235.2667524591966 77.09949489921009 0
160.0174314122502 200.4268863940666 0
163.6453471528695 195.6946743630131 0
280.4774927182821 -83.96972157580682 0
194.1432826817976 147.5082498417555 0
167.2882544833383 190.9537498638693 0
125.8088725614878 185.4738574559137 0
128.7714965782664 185.8652881668726 0
129.9095144924847 188.6260779626193 0
197.7856638771503 142.7682465452808 0
201.4277374225692 138.0283267901406 0
186.1565702008587 230.4480475241661 0
270.8076737928402 -113.8400253662398 0
272.6104223783778 -116.195797465831 0
273.7522362218382 -113.4554690754336 0
275.5519481139142 -115.8173137546084 0
276.7026768023895 -113.0903843215758 0
274.4124351938351 -118.5588452659827 0
277.3565404865059 -118.1802143258157 0
276.2141239159847 -120.9210440829554 0
273.2696308571676 -121.3003622829315 0
205.0698166114657 133.2882895841686 0
206.1075283984133 -88.53133041611645 0
209.1691960871856 204.760847845056 0
210.9931213320966 202.3864021809165 0
300.8310905023859 25.85562022278071 0
242.0964573525628 46.85815840014752 0
170.1693772359315 225.7157319447116 0
249.3406865860487 37.40765842017764 0
253.6891901232974 40.33495236000308 0
296.0353102524609 -53.22228318249785 0
202.0149717341208 98.88764999155299 0
203.8546608399927 96.62551368052694 0
161.7377883973758 232.400291551086 0
139.7204137589567 205.5749224050332 0
111.4721468682599 280.7247621187044 0
138.8921483132766 245.0619722740049 0
171.5506648091024 249.4500963569846 0
268.5296178456825 -119.3044826818737 0
265.5958390288359 -119.6815372589729 0
238.9036801624288 -55.25820153996901 0
243.2031103412551 -52.32250131504134 0
246.2136337525425 -52.00550650916811 0
245.0834225895402 -54.77663929679476 0
278.3563692152701 -21.56573702457776 0
280.1922463660343 -23.94837173070144 0
138.6100201638758 236.8070183335877 0
278.2025957692866 -8.563563791210379 0
214.3198182595228 121.3737891519263 0
212.5009611999097 123.7256416478559 0
271.8322615346474 16.79846131063623 0
270.4798265098716 27.09027473582253 0
222.5521126660072 114.7785969077714 0
269.892286599071 66.03251215327541 0
42.61298730231541 276.7492240336222 0
192.2654928944353 115.9757263992268 0
193.4059083030257 118.7346262484275 0
190.4616570839158 118.3543360235559 0
191.5892283574429 121.1033038491538 0
224.5682545115372 5.271697440384801 0
262.389726828852 88.52743053359502 0
260.5557503261205 90.93554533151814 0
256.59387114394 -74.04820234513183 0
22.99494152264304 268.0245025370128 0
27.78496079300114 266.1957188697473 0
148.0032665956016 211.8513323045628 0
146.1908878060998 214.2229829056028 0
145.0187652126502 211.4728626338123 0
258.8790549508665 -68.53997185557321 0
33.66877348720877 300.8409739958221 0
293.1060169109296 -53.61917511387909 0
146.8840089998184 264.4966315115435 0
261.1661057021025 -63.02782255437422 0
237.9206894131331 124.821374855166 0
228.1154189010194 141.8222166272177 0
263.4547112924381 -57.51243790113844 0
224.4728411033632 146.5718483688394 0
220.8250900131379 151.3175769168663 0
265.7446318306443 -51.99435296975925 0
268.0356677292958 -46.47397872487213 0
270.1846656103679 -27.99251507608198 0
270.3276077574807 -40.95159858729548 0
274.3096696917019 -24.83120704886299 0
224.4900145222538 -2.410693205575956 0
226.2764754080213 -4.767003399845795 0
201.6167147125493 227.3356072058708 0
219.3848441491798 -42.02643087756704 0
213.4903616491733 160.8520991008367 0
215.3052065078561 158.4747289280319 0
222.6440018070988 -20.79934163102935 0
209.841801153873 165.5989584526008 0
206.1943459084647 170.3446497956396 0
202.5468250258599 175.0903916640458 0
297.2219283291424 -58.22697035110362 0
227.0366428365293 -98.75170452502984 0
193.427552914807 186.9552267508326 0
189.7796039184192 191.7014238441997 0
186.1314727519049 196.4478254101475 0
182.4831342167782 201.1944643930737 0
178.8345618778114 205.9413730964058 0
175.1857394737818 210.6885546354019 0
171.5337862035368 215.3812603567533 0
264.652315110613 60.07375932684774 0
272.3565465472237 58.69483280941191 0
216.0748130605452 119.0300984288967 0
219.0360896243192 119.3856702492479 0
269.0947416389959 37.31973983081052 0
222.8051108801104 -25.77570520197314 0
224.85981709094 -28.42134687594893 0
227.8235210005938 -28.03028793118143 0
296.0896599748675 61.86589446331685 0
295.1038820988564 -68.98191060161335 0
301.4841733067995 20.72031406257747 0
59.7376632122016 262.7741684668325 0
57.68262295941728 265.2591528833989 0
211.4028090705025 -74.46089084315381 0
266.6783924645484 44.69741814051012 0
264.8494720285163 47.07518389974118 0
233.5277622588275 -102.9802033800672 0
301.0602544037277 -34.24654149206297 0
299.9934732956098 -37.04865464347884 0
297.0375564254992 -37.4398459928578 0
298.8600033657314 -39.82017721364909 0
285.4502973497831 -98.98202454831285 0
284.3018022538768 -101.7426915982089 0
281.3373653565783 -102.1284809586649 0
283.1528771031838 -104.5022955547091 0
280.1903239361219 -104.887873152645 0
282.0046110366454 -107.2603808046436 0
286.5983555999125 -96.22049836540408 0
279.0427054668265 -107.6458204075964 0
280.846209569669 -110.0074571030245 0
283.6619350299877 -109.5671310761318 0
221.4631630208568 -36.67704877581443 0
222.4484061986035 -33.88296489771612 0
46.28735139528198 271.8997837167192 0
8.162869735274592 278.923283131455 0
9.28348715817307 281.6519114861659 0
7.424221360257128 250.3648866059679 0
302.1408118308611 15.58231257615249 0
55.24351313407809 217.8583419403476 0
164.9263664437881 253.8071587252741 0
79.7353537366036 292.1406554745332 0
192.5903057398772 110.5025419927473 0
221.9006692266408 -28.80963386183098 0
205.2982116481453 222.5260787457972 0
79.18824524370805 263.0619157606968 0
301.233842834416 33.79142114601611 0
121.1144756918087 242.698619405407 0
279.6792632483339 117.2591448328277 0
155.9128616441488 231.4195844906287 0
125.1476990078963 245.8040105651723 0
126.3191997608027 248.6755339014222 0
275.1155590075878 -123.624768058657 0
282.2080925120894 109.753059191178 0
242.548703500843 -60.06603067225377 0
229.0985258494139 -72.15056320856621 0
226.1500187104148 -72.53693884366866 0
297.9131375034204 59.48907232015043 0
254.3332027350258 -113.3249051240496 0
239.5120339037365 -47.56997735678408 0
249.2617384444623 -17.71439389247575 0
250.7524459621524 -6.937712056077304 0
252.3693056969188 3.775061592313731 0
256.9443689832719 14.79690099506313 0
223.8993327060508 10.56174948218903 0
255.5113967391467 25.12007967937111 0
239.6888998798565 54.29605917064116 0
72.06288366388883 212.241219716745 0
140.8138710225838 174.0745633700812 0
143.794307308709 174.8094724596228 0
144.934860279026 177.5679832572692 0
146.7538749867895 175.201088998406 0
145.6901062055231 172.5011861332369 0
148.5855696976535 172.8436308724128 0
147.4473127501786 170.0865903451119 0
150.3962671811793 170.470140928562 0
149.2522123264147 167.7279022382399 0
152.2115438051703 168.1034791224084 0
151.0620971507927 165.426036697329 0
154.0161452314965 165.8404985114577 0
155.1682238421576 168.5088082102245 0
156.986460536421 166.1448665625323 0
155.8883817191032 163.4571764841219 0
158.8081426269779 163.756745317585 0
157.7289169201346 160.9905904479838 0
160.6369367837042 161.3880051077538 0
159.4981520361801 158.6292928559777 0
162.4465927459119 159.021975035019 0
161.3273411868687 156.2787945050763 0
164.267960011824 156.6572102757832 0
163.1483066814468 153.9147823975417 0
166.0870399068894 154.2906515977685 0
231.5798264431853 81.86421627079807 0
186.5705930752954 238.3255144078653 0
188.430217303281 235.9867393595695 0
165.0088942599366 151.5801298533516 0
167.9131302440845 151.929331774698 0
166.8357934182931 149.2194240088372 0
169.7342886552674 149.5642029375728 0
134.2952659489364 178.8233959747722 0
132.4277348014674 181.1368718336642 0
12.18300321474892 282.1052008902543 0
10.39510413858762 284.3886779240452 0
188.6877947938322 120.7559123773878 0
189.7780629061883 123.476179902594 0
186.8776739350652 123.1295649366359 0
187.9618773825544 125.8451423883307 0
25.2778070063576 273.5421898110459 0
121.1670335102644 187.5145836540291 0
34.83501084486929 290.790213260478 0
33.78518888643657 287.9037138072285 0
51.02042767325575 270.0422787786315 0
52.83552487180832 267.682915989689 0
8.578202795564495 253.1524198332649 0
253.0005450013819 -103.2379934336388 0
264.7741202019943 149.2326002961846 0
262.979913286773 151.6338293266495 0
238.3029305785497 -104.9990300716961 0
224.2864118297288 -99.01905485057723 0
228.8819438534708 136.4415914648649 0
193.1130912200912 233.9828374986297 0
20.48277830973014 241.7661220139647 0
149.3320069852706 235.6621458385865 0
137.772727461699 242.2232595613739 0
134.258781705 246.7697699247656 0
244.1206299874833 112.4571671487577 0
222.6821384165277 -88.97090681940111 0
111.5247789637166 246.6108733320011 0
35.71244640613244 251.6810849029027 0
32.77119898603605 251.2879676352657 0
214.0501770447363 66.5665746022926 0
215.1664325562907 69.33387898062959 0
217.9821805065541 69.7840325285799 0
216.1689476706053 72.14942873195758 0
212.9192408201903 71.43689788980433 0
214.3016391047285 74.48937446089953 0
217.279038893167 74.91301094953668 0
215.4559100268945 77.28114717111367 0
212.5173228456161 76.90685366517005 0
213.6421755936585 79.65712179158892 0
210.6834780721204 79.26731345282761 0
211.8207634703995 82.02461785302565 0
208.8619733642702 81.63360127990171 0
210.0022023034876 84.39194282688034 0
207.0430610975686 84.0006635152415 0
208.1837340762042 86.75915510869 0
214.7800558884284 82.41862445037063 0
211.1431464057329 87.15047487303983 0
209.323067672774 89.51850304986381 0
206.3671363538777 89.12831615688387 0
207.5042591397721 91.89015576433928 0
210.4644212244028 92.27735022342259 0
204.59741706618 91.54975987685094 0
7.59395209035359 284.077574738645 0
8.618208852308793 286.7324823611814 0
151.6195945812154 262.4678974323202 0
154.8088331611469 263.1031380170156 0
231.5289910834682 -87.84728318977673 0
230.5749099044875 100.1151144802483 0
211.3068128063711 121.0076781143835 0
226.9195105685056 104.7857640206475 0
267.985241564276 34.52497803652299 0
230.9011837827078 86.99701143210203 0
232.2998014999905 76.7055434292928 0
237.7218509371701 69.61265978705768 0
261.1332615472213 -96.95841407890114 0
258.1917532908403 -97.34856791946284 0
260.2204272677611 -78.76629759605653 0
263.1786463625804 -78.37592189248788 0
257.2667909447358 -79.14920288793147 0
203.0328966363161 148.682294563043 0
197.5697326363045 155.7924247941613 0
192.1065585446839 162.9026882139282 0
254.1293199256434 35.43054005362933 0
273.2419466739425 6.326742006850473 0
271.405013600964 8.729535554079408 0
275.0365957041993 3.974192634299229 0
183.0010130732231 174.7536970535782 0
273.445370000946 -6.691193991500083 0
153.3949808217557 204.7793041287159 0
52.95406796472709 246.2302648109356 0
53.63393657029159 241.0952597850953 0
33.438833485796 246.1818475803269 0
41.46995171936153 273.9775188787112 0
129.4753238195031 214.6579214926614 0
59.5566867988683 241.9057344805991 0
62.51464194674621 242.3081788787296 0
63.65059226170936 245.0646235709437 0
217.5544392438935 -94.804097571353 0
215.7497589974343 -92.51448666143729 0
35.4553142801601 230.8343200611905 0
121.0500027562972 221.3773621093295 0
145.0565618238973 266.8710512247308 0
38.19891430343087 244.2182450245972 0
56.95143976870463 270.6970110142524 0
264.0788229266074 -96.57959272788591 0
93.94219640730191 209.940746357002 0
225.3363361178839 13.36415588207348 0
42.96065915914279 242.2606476263099 0
229.4927160477245 16.53573015595071 0
103.2763460396834 198.0556730700995 0
272.2854939359635 24.71828450400435 0
269.3371160504398 24.29760828192762 0
277.0729976988262 22.72657628191591 0
225.4729982419725 -67.42681518189565 0
222.4999350113193 46.92993805823676 0
219.2190708217062 46.8637952751965 0
58.18504634034597 218.282585514265 0
67.74523849154797 248.2118270155409 0
62.28890780175003 221.3826683336223 0
63.42561379524753 224.1448794083164 0
200.4987017065463 190.4993531011293 0
115.5655026512056 194.5621958264459 0
114.4262537171644 191.7940389559126 0
30.75739879019736 266.6465020056877 0
165.4075404392805 159.4122740479105 0
95.08271432392135 212.6991875893515 0
74.11090053344958 256.9573963684298 0
232.4525266627652 16.92648173301283 0
259.8322626268082 130.3497905566621 0
218.416526413137 77.68253089838805 0
243.2344829125574 62.47617375489907 0
240.2378753010243 62.09135997502379 0
238.3955840554318 64.48130301963475 0
270.7427242351423 48.01352233139582 0
256.5350554231466 -27.20627089798302 0
45.00211776085006 226.9130104235696 0
265.3106665535988 123.2228172928289 0
7.15859770002325 276.1464822175245 0
55.45579385110064 238.7265000433594 0
279.2267660281022 -39.7546947935553 0
231.1034417264883 27.18092682327408 0
165.6812733325206 180.2987689806857 0
201.8250897596025 112.0283167464589 0
147.895703306371 177.9594918289808 0
239.3703184589189 80.2483197059143 0
280.0409950342728 23.1177140207626 0
127.4127539468232 196.1197006712422 0
142.4389690641993 185.0620405154348 0
229.0771600068796 42.56370404816024 0
227.2590368723565 44.93239118763401 0
215.8688742879618 132.0422747557878 0
255.9395516874706 -102.8542550931505 0
252.9776486376745 113.7207608682247 0
232.3936425566014 -17.00452254069658 0
134.0146936890922 191.7755151671759 0
259.9706787682503 -18.92277413677618 0
262.7436932199501 96.67094308672831 0
235.1918534846722 145.3766260641277 0
125.7006885076891 253.7825870573178 0
232.2465191398828 29.93931796781606 0
87.72527103093998 277.545577175793 0
85.89739939278368 279.9179741939948 0
82.92908335662946 279.5181947489112 0
19.61919068497653 293.7099385348076 0
152.5846653292125 222.9121394205602 0
150.760868152036 225.2837531129603 0
156.6995332105509 247.4776404377566 0
154.8728288823445 249.8521354650736 0
99.86221879736132 210.7272454302663 0
256.6970932804711 74.69900818444805 0
272.8325213077026 100.6557976114787 0
273.9771541399039 103.4250980434254 0
249.8724465515397 92.08845355309271 0
251.0159106879999 94.8530431298901 0
249.1893612642657 97.22224641393947 0
168.1168646784321 241.1419279701361 0
171.0858921505603 241.5359823556996 0
147.0043640186894 196.1053635993253 0
293.2016871616178 -19.62388857168549 0
163.9788402697406 216.5836790381814 0
166.8338097851103 217.0905995505152 0
231.7782478637613 22.05254061127294 0
257.8411725839806 77.46202719372275 0
104.222532655181 234.7824983923904 0
254.1965228077885 82.20672880452136 0
216.6275787090335 113.9679294815962 0
242.1261238232316 -89.02498667859227 0
208.0280870582607 201.9834085189556 0
271.6300294005645 -4.333340204396256 0
292.7267071575403 -27.53369399386592 0
244.9305650395596 -109.4410092381591 0
30.93594542249579 287.4600000048907 0
235.9391732850253 -55.6539622401127 0
293.3280029072423 48.41409672386071 0
298.9427371808252 -5.792886497378058 0
301.9144695464706 -5.403590157943501 0
271.4688105300681 110.9502562876677 0
296.9172344720832 9.638162995175877 0
293.9463239951501 9.249028570473271 0
137.9767888094762 263.3076342050282 0
136.8327869712859 260.5381431633839 0
154.1920404515087 254.9948017450943 0
150.0522700388317 230.4731896754824 0
292.2495759771068 -35.44417420135616 0
142.0872498475059 266.4740004353883 0
248.4087394257633 21.62325073351991 0
245.4454447416284 21.23436757209448 0
296.0359755550231 27.84358485673216 0
293.0650197884737 27.45122979376358 0
175.2125429739227 244.7132660470308 0
47.57722816211483 295.6645418759921 0
48.65226288620924 298.3819998345321 0
190.906771130124 228.5084734113654 0
253.191894802133 19.64660339946247 0
256.1772173132453 19.98319330289634 0
300.1434357204898 31.00142559264067 0
303.4797608324577 31.38134146910571 0
71.51846655084026 285.8252670664659 0
104.3994290255654 277.154815102629 0
103.255643993301 274.3852229843768 0
61.93430704349982 289.7679455885495 0
108.5034797054575 280.3266584919589 0
260.2982625444638 138.2448906280908 0
286.2858736682775 78.88115575781418 0
283.3155343045723 78.48874544854894 0
291.0805872383515 76.90846764155846 0
93.03936656154931 228.0762267154867 0
80.41994146167033 287.0160865378396 0
79.27996612748376 284.2470525589736 0
264.4184023292621 141.4054034206914 0
267.3923201595219 141.7975339515539 0
108.5204280116285 224.925627875919 0
107.3804026117943 222.163884297462 0
107.8611714386355 230.0466785822641 0
109.0081244795751 232.8091401145684 0
274.896200420623 -110.7250653201858 0
140.8858462848312 208.3382223772438 0
220.2766475631727 41.45389114419486 0
18.94214765087356 298.8031959102217 0
20.083180379645 301.5549788610068 0
158.1831137382021 202.7955236313408 0
302.9702617801349 -2.597570414278469 0
7.349698558826533 263.3729942039463 0
8.414457473688952 266.0529825447642 0
156.7949143975619 158.4031570887231 0
209.6094211275363 -72.07433354915516 0
243.9381241464817 180.576803714459 0
274.1062477964686 -11.82037095468321 0
272.9592041366873 -14.59952992002798 0
245.7085344050008 178.3015404912238 0
169.6218321579937 251.7471872873174 0
275.6674790953782 -1.038226571370189 0
270.0278524264116 19.14269186435535 0
268.6930383341829 29.41502946474594 0
271.7324765267443 63.70906009712886 0
29.07875285016298 222.2147160207064 0
26.06601664608862 222.4411063639712 0
264.9004908078426 81.05072261574792 0
263.750059793328 78.25615346805307 0
216.5057634137435 -55.70631728996279 0
215.1889787788239 -58.30337257682461 0
6.184848479181232 247.6603538821504 0
294.6656867454057 72.14453734200933 0
248.5143367472567 102.3602952917169 0
52.4062558486778 217.5896216257639 0
131.4587172848006 178.3606203085132 0
246.3204341726796 49.89822486997262 0
249.3342682231213 50.25610800882873 0
7.090039103341811 242.6546545954165 0
5.44646363925193 240.0603313120028 0
7.61677566800459 237.1341851796507 0
195.785164835561 234.5569408539772 0
223.4564021853334 -5.213484413073847 0
225.1525330800353 -7.532356180652117 0
168.6861336801075 146.8767283154268 0
171.5586099571537 147.2015310923107 0
170.454286463721 144.4709125886114 0
173.3696543229115 144.8286941629116 0
172.3303799027296 142.1480787859278 0
175.1965606543536 142.4680825416011 0
156.5129001112807 260.3747445566872 0
219.1889372177546 38.65765606366734 0
36.64139948149319 301.1344776306955 0
172.2057521056142 252.3618590688002 0
209.6473284477657 76.61095378194533 0
166.2058275747648 222.2400670407164 0
281.3967286179903 114.7989879901622 0
242.0915887547519 182.9461905892194 0
185.0918271123548 125.5218167909367 0
186.1488205280157 128.2164577955354 0
183.2252273748326 127.8519685106769 0
184.3225541991408 130.5775825474819 0
189.0892369848737 128.5938965446609 0
109.7170711388002 248.9192208375034 0
109.1950818183611 253.8998319453082 0
110.3641658173958 256.6134322899165 0
222.2319736049005 13.32620414199675 0
222.3420973518899 25.96378984138 0
221.2115708428395 23.15527438748049 0
298.5006858380692 54.35560404019608 0
200.8993423774794 96.25492629176817 0
249.6003354720901 -111.2987253275313 0
87.37851782783923 290.5204089708912 0
84.50288911559608 290.1868132181517 0
114.3889213798683 281.0461008308042 0
298.5769102934868 -60.7723926919869 0
44.14061787112636 300.3794858962717 0
109.5355376901578 283.0112009334988 0
303.1646659650434 -15.76688464350501 0
304.9824226968317 -18.09059639808027 0
174.1715078083748 139.7984100127162 0
177.0201764381065 140.1049727152739 0
175.9946828731607 137.4349716298968 0
178.8403527279519 137.7392368817411 0
177.7007621886283 134.9815761162386 0
180.6502369807396 135.3458768563633 0
179.62596432216 132.6589755525085 0
25.77036878991166 302.2641278000194 0
303.4305436377805 5.197948665678166 0
305.2023487175491 2.831112291520128 0
301.6943126856983 7.64136877130171 0
303.462498428941 -28.75378213020671 0
303.8027632042599 13.24493283188842 0
38.80721289427022 294.2684775350453 0
38.37513493074645 299.0691871843818 0
39.60661332922496 301.6302953453691 0
176.3741071217576 247.3581833128588 0
179.2967672312838 247.7924770448493 0
240.3262509098019 -107.2761397192009 0
282.5345248033598 117.0827395390364 0
279.0227903053836 -120.4817123155989 0
280.1595530823509 -117.7517435393268 0
268.5382021648495 144.5646792709751 0
299.1185244466942 -53.10790423125651 0
189.5913988606877 238.7572195681679 0
305.0407266579169 -4.820814348915952 0
303.5970677703768 -7.680960637819751 0
282.4919930513697 -112.3065199913526 0
74.11207363649025 209.9940113455053 0
127.6103960411207 183.2764550866431 0
28.78445498501527 303.2081803152032 0
137.7512049150538 174.1983230532857 0
214.9860673047995 61.89696822753689 0
148.0771849186974 267.237926263472 0
293.8474510519254 77.37060953809642 0
302.213072885748 -39.62798852065942 0
300.6873331941759 -42.20500053991348 0
176.5624876128723 132.1753523842283 0
265.7846648670835 151.7587911571518 0
286.1179366407806 -104.1180098742623 0
219.4727795041886 -96.99422527736004 0
161.9470640524969 151.0861669457311 0
213.6438571021846 -56.08328349974595 0
4.477377085668572 250.0606376228092 0
281.7357409561669 -120.194858892127 0
88.71612998097963 203.5054703488026 0
91.65103569311557 204.4319151798982 0
85.81899794931957 203.7722319505228 0
56.88051298790235 215.5692210433072 0
219.3949476023104 -34.19383020242637 0
256.2228289229066 -115.5490136410686 0
98.24376322526338 200.2578645026772 0
95.3341704416904 199.8442777121963 0
171.2553370414545 139.3390452532092 0
222.4053842954222 0.08848424323631945 0
85.52038184903802 292.9767630823374 0
285.409292099048 -111.9853241208934 0
288.4473742348564 -98.75286591443401 0
144.6328419448531 169.7572293810076 0
305.0838176058397 7.835466188100573 0
182.9666078570836 243.1160399534035 0
270.5195857088402 142.218639172424 0
269.1887366368783 139.4283568752244 0
165.7107367043116 146.359215667135 0
271.8806522643507 -124.3252348097531 0
299.0614792902985 62.25785920968346 0
297.378259242539 64.7404010744585 0
298.4809724361436 67.79918278429443 0
300.7047621197999 59.7039862235188 0
124.562672325508 182.9682729740085 0
304.6678227406511 -25.94690835058738 0
87.95747248383725 264.4950206249935 0
91.03405300689479 264.7357533461099 0
214.6388612946111 -95.24563580134549 0
212.841434236371 -92.90670672425259 0
211.8651187296492 -95.60435174246663 0
210.0353928959398 -93.15863424223478 0
109.7655858363396 193.8802776581413 0
213.2762075395287 -76.86938918756206 0
147.4736868416533 238.1073849567312 0
219.2750924200924 33.58008772358804 0
218.9843784290958 30.72349502204434 0
227.9832539487886 -74.90576122533197 0
225.0547184616907 -75.35650855838226 0
300.7072720439904 51.96374998158355 0
299.2389509748878 49.13610541528036 0
60.91012350278666 265.5345427685009 0
242.0690719560412 -67.87905765835259 0
243.1900155358807 -65.11455473233241 0
64.49323198625719 260.8848665129368 0
67.4745973871014 261.2857106905811 0
85.11636512451886 263.9394113783261 0
72.21152763003988 259.4994792995308 0
245.7666559970542 -25.9035699854113 0
108.6323092737474 245.9673147130122 0
231.1072248200225 -74.5137205855029 0
118.1876041680655 242.1837086630197 0
187.4070604053671 118.2617889980734 0
160.8029855265578 229.2333834145759 0
254.311070623963 1.22870306250934 0
80.25206969908248 265.9457556417354 0
77.65550005349894 294.3716220631264 0
108.5180439012822 259.004224702716 0
132.4605590422602 249.1141304133523 0
94.05085821636951 265.059437921505 0
113.4167516398167 244.0741072217396 0
144.4097273895195 237.8870435467324 0
148.5728738361807 240.9800574139078 0
212.3389583851744 158.0818775233195 0
11.50464239974175 287.1953505575647 0
5.796798046364227 286.3614885261895 0
6.820708863319077 289.0586898021778 0
4.034622543719331 288.7150062979792 0
4.991077859337037 291.5145329604942 0
7.888736613635317 291.8194209870416 0
6.083738001916382 294.2580323295441 0
4.545732231139702 296.9222868140083 0
7.363649410560541 296.9875824035126 0
6.013336733336023 299.5185079814366 0
5.017108361727749 302.2643627909955 0
7.9015818778884 301.6991088352748 0
6.931710078958291 304.2301156358483 0
9.754267070660855 303.6740624566967 0
76.21910273761478 262.7663872709918 0
210.652933445411 -69.23086803233494 0
245.098321319093 -67.60690337090446 0
240.9803444204376 -70.77367909952382 0
239.9644579106037 -73.71184529170907 0
227.085839087765 138.7658934785653 0
95.95130545349106 262.6148823957489 0
98.85477483888772 263.1132037094936 0
224.467232745078 112.3469511121539 0
252.1395979449176 97.64151168328523 0
253.9433864183191 95.21244984815486 0
238.3795558730023 -50.29256805727654 0
261.6198119946023 93.76168872483483 0
263.480366621131 91.41138079517819 0
258.6563922137708 93.26741064025859 0
128.2529453995722 245.9917247224361 0
244.6263474736709 -28.69963310229794 0
256.641435494221 27.90516005116852 0
129.4756494846316 248.7843483304361 0
241.8042663894861 -42.06113293191677 0
242.9543519491756 -39.25613776418166 0
230.6275161118025 -103.365709972591 0
246.77062787342 -22.99288355479773 0
240.8141452044196 57.04926468173315 0
255.9497582541713 33.05862076636982 0
237.1335423704847 61.7845872772117 0
222.2975779776639 -7.79165774810897 0
242.9288949491722 -73.27798560569873 0
248.6889935949479 42.50049124021942 0
249.9388835396551 45.17663811042765 0
205.9834432995131 81.23142026624612 0
204.6702245554453 83.39455150526176 0
235.9222207349882 71.97425295522839 0
226.9875229523003 -77.83009074434365 0
229.1028704394826 89.36041570333563 0
230.2173954420716 92.16074832964833 0
295.5291315214884 67.16431905102125 0
232.4051693506126 97.75134267545425 0
225.5763666695172 115.1197144532564 0
244.1693697875735 -104.3214220383767 0
241.156542638116 -36.8661511002724 0
213.8995461803681 -90.14531709287553 0
210.4432731730199 -77.3401582225157 0
209.5003226953535 123.3590631710266 0
210.6659003812452 126.1017065548973 0
9.740432213996266 255.9017299454172 0
276.1975463622672 6.735641797165615 0
278.0056946301036 4.373905696269187 0
279.1608733059905 7.141122118397218 0
280.9890853731622 4.801835942104121 0
280.3133683078692 9.937128524105788 0
254.1273014351913 -100.4887045995171 0
15.07488324935646 248.7840432275865 0
6.922485167761708 255.492701122811 0
5.782097932860674 252.8348059188745 0
80.59387192281385 295.009065721241 0
75.48395946152006 296.2150964819377 0
212.8473073356228 131.6813408245769 0
212.1384690517092 136.831968056085 0
208.4961722395673 141.5721442147899 0
203.1219494600515 -88.90585465208892 0
205.2074230235668 -91.62106760105591 0
201.5251447421164 -91.90403238657876 0
207.9398015643204 -90.85575366631107 0
183.9304967018504 123.1320161417932 0
18.68517868101091 244.1139278298903 0
188.4643950040327 167.6429717667019 0
228.5953107836791 -88.22892070196073 0
35.18999700212635 303.4491855790366 0
243.1394207493619 -107.0239627042153 0
179.3586186174995 179.4944245866567 0
126.9088098841685 243.2906410236348 0
175.7262645998656 184.2285184118048 0
173.8941415962657 186.6061034428175 0
11.5053339227436 253.5051124194755 0
33.90300496235754 254.0389773071596 0
30.96190786889687 253.6397004642398 0
36.84582071094491 254.4514508082941 0
247.10886372252 -103.960750555638 0
22.29367728271848 239.4293825346586 0
21.16192180176362 236.6913312968821 0
24.10738245381764 237.0878476739265 0
233.0761228589942 -77.0228862298347 0
27.06651771075616 237.4882412495516 0
28.89615704759408 235.1530288912952 0
25.93362281244535 234.7465640252715 0
231.3031774619677 94.95685850632671 0
10.5546264165574 218.8911485361397 0
9.16458622594166 221.5418460938083 0
6.125423720069739 221.6146388878802 0
7.71542841895434 224.1658370152385 0
10.75287141177034 224.047071987627 0
9.324963871806105 226.6492031145721 0
12.48589002855115 227.0454549099626 0
13.76810346657011 223.9900507544814 0
6.212932502238169 226.7807834657196 0
7.922428088449635 229.2635045843015 0
5.022459690503307 229.4169271293736 0
6.634532110719073 231.9060329757661 0
3.561593808507292 231.7140019431505 0
9.668136286858278 231.3677223417847 0
4.582008425760776 224.0958262104816 0
15.30333397102822 226.4275518374309 0
16.713409548295 223.6547579505042 0
8.497241103210007 233.9512946223476 0
25.62201442848936 217.5778749378586 0
31.62237369361677 216.8536821787445 0
33.37930260624086 218.5935390001866 0
35.8200891326828 218.6106069310698 0
37.38354646820191 215.9488333920474 0
16.5934113379399 218.5222002357572 0
19.59837510140753 218.2702472008241 0
21.2910676788736 220.6780052426564 0
18.2676313180057 220.9568777032914 0
19.8437463992312 223.7956155414568 0
23.10698869998561 222.9771868557465 0
204.6927771410917 -78.26306256895096 0
209.6357187383504 -63.89313932765941 0
212.5732180174039 -63.37740500199605 0
211.6597729697393 -66.32558174269228 0
215.7189121469833 -63.23317961177339 0
44.54734147539252 252.8664837807848 0
259.0771196231756 -81.51674208369397 0
256.1243372693599 -81.9058755866761 0
43.48657925534802 214.7931441424876 0
46.49870878602668 214.1030910264231 0
48.45293520891753 216.0866290364745 0
156.0443937898179 153.9034342133568 0
153.8710996811305 155.9764871812977 0
179.298929444704 125.7752915960924 0
66.86906039927118 208.7004583907228 0
69.32638503750005 210.4802367696277 0
64.01047166030101 209.6176691597378 0
63.25672746616238 212.538626684261 0
60.5276388626678 213.3168507692596 0
213.498114520557 49.43129344832835 0
216.2899956898516 48.26238706282585 0
216.0603681962724 51.38458436048128 0
218.1838657321419 22.74594229389758 0
220.0838881127818 20.27383361363028 0
110.9149036321709 188.9376060230123 0
218.7317419754834 -13.53927012826732 0
221.6629780070087 -15.3648925736015 0
221.4414962539318 -12.25843297851135 0
190.5552827099443 108.2811346825887 0
189.08082390709 110.8853497388103 0
190.9766310624468 113.2441374860324 0
218.1529581262949 -19.52551064681582 0
193.3325114570414 102.9574994957358 0
194.9522185303378 105.5298667314294 0
216.4309121141166 -34.55112411602246 0
220.1974164893491 -31.32358931277407 0
218.1820002434405 -28.81222340463371 0
92.26194712542328 199.1856618135101 0
215.260342475629 -40.44679813124509 0
214.6368320706327 -43.39349442093574 0
216.7086880287716 -45.30386836175484 0
113.3870998166239 187.3541411847806 0
115.9549124596698 189.110906397141 0
213.4736238171038 -49.29598588454884 0
215.6271564084766 -51.11367759658008 0
194.7284153301694 100.296840005073 0
197.3669904482865 100.6274874202597 0
52.36355970597261 212.8242955852334 0
105.4823736911336 192.0694397811414 0
105.0943761878589 195.3591918605979 0
118.4252969520396 184.1866088911984 0
140.4603319002531 168.2203094606824 0
140.9375749179073 171.1748333370392 0
100.1976619085049 194.6720756510423 0
78.25757710607114 204.6787351078828 0
80.42619229314866 206.4385079748481 0
77.81285971419402 207.3140530944951 0
197.9098331287952 95.03951006940576 0
200.1539188863882 89.26945164175248 0
218.9943335654982 7.584636928753477 0
221.6441376448347 6.17197606376021 0
221.7948109436169 3.283031627336843 0
209.5276031091752 64.10240777993415 0
219.0526695512361 -4.428738657173245 0
216.0877504186058 37.86779848763541 0
72.85474662418413 207.1144582635325 0
207.7343040730535 69.73584657601303 0
210.5223113049506 69.13816635972087 0
209.7024609291226 71.90695218062261 0
215.1821267025377 43.45001653219641 0
205.7416647609237 75.15457803581116 0
211.1223335455839 58.19990576437269 0
213.8669286165126 57.31266960403421 0
214.7115041168485 54.44306245274566 0
145.2181747594245 164.3468168331709 0
217.8629072383584 -22.53184169730072 0
220.1813124496557 -24.22940391977611 0
218.899348405673 -10.50012488604103 0
219.0140571065166 13.54433548768522 0
168.2061283191912 139.9516091019376 0
149.4598151644545 160.1477256783524 0
152.2252243680024 160.7120269373196 0
42.73962977624038 255.2479000560663 0
219.2826621224227 1.607375657493941 0
212.8160893736334 52.35253788584849 0
251.1941001573398 -100.8760405845267 0
221.3187202581768 8.983843316091466 0
32.09883756340467 256.4145690410742 0
29.1536663686266 256.0107603023771 0
5.567235378256003 265.7193833442409 0
6.620710537663919 268.3939064691961 0
3.884607033526465 268.159255084023 0
4.859976914656484 270.9493622404567 0
27.35150642746459 258.3882145364748 0
131.3032444376368 212.2901017062453 0
58.22418339294284 211.2760070430676 0
181.4707752737109 130.2752811115587 0
182.5024455248739 132.9528638617163 0
146.3070518564876 269.3723165434237 0
66.5506745885841 211.8484744582553 0
27.08951677783995 271.2161006350308 0
262.2697584692773 -94.21132357886947 0
219.4270555501197 161.6195942138874 0
220.7874896759824 -18.61896037772654 0
240.511079059776 -44.76722309940391 0
21.63671812150206 244.5314975011624 0
29.82651662024246 250.8807128823821 0
124.0489137637168 221.7480157249426 0
75.186956111505 259.89545621681 0
203.6197522914342 -81.03286848059528 0
257.9370490571767 -84.27285456238273 0
262.0463939152568 -81.14416801856842 0
265.006094173038 -80.74101550827693 0
211.6481088530783 -57.95102411682066 0
255.2556362638331 -97.73347325287813 0
253.4366743715469 -95.34315547509171 0
279.6446888759801 -112.716123880216 0
87.09263226621147 261.506616256778 0
86.01362804802586 258.5678488023786 0
127.6652482309612 251.3067956271049 0
27.7536335345244 232.3992667621258 0
218.296609141323 158.8428342608955 0
217.1719891379167 156.0592482479756 0
47.5082345393223 253.295753196358 0
49.33940578548065 250.9474273684799 0
259.7268462438314 96.1287810241828 0
229.6925264243133 -85.47195987083718 0
61.37840639799987 239.5477469988015 0
64.33608151127439 239.9430187611708 0
33.65404881095547 233.2004059899141 0
15.10787554686789 282.6916084920703 0
16.92272916381257 280.3713866719442 0
19.85703202349388 280.7861288954324 0
18.73200407037062 277.9913555698678 0
248.0412650318912 -54.3899704249731 0
246.8418491336312 -57.11417165966779 0
234.4547873852205 -87.45453273396996 0
220.5582546117617 164.3990994693722 0
40.78911825956689 279.1164319459871 0
37.81054817463732 278.7125165940512 0
36.04409197122973 280.9009495820413 0
263.8697916646589 -83.52880851161184 0
270.3313564588012 -121.6836190661172 0
202.8355050416332 93.97286426267355 0
205.7002788531556 94.28462946745532 0
181.7813859919796 138.105453136321 0
216.9107401861512 169.1447032415297 0
211.7099564556677 128.9177914692164 0
208.726157754104 128.5391029758505 0
178.1355411533088 142.8440117340915 0
213.2632390242986 173.890339113174 0
13.29617263388048 251.1533568597555 0
209.8484477913933 199.6175562485971 0
212.8221382923923 200.008413002898 0
240.3283852711856 -86.6759389734931 0
174.4984066868085 147.5780470568526 0
289.5722269093833 -95.93733050826339 0
209.6157174455479 178.6360527764054 0
266.1482806547884 -77.99387399380933 0
9.528947439070556 268.784192306676 0
44.8572702130368 282.2561123466349 0
63.19782949831961 237.1747461583815 0
56.58907496176247 241.4797188272181 0
54.77413729134815 243.8684262595552 0
205.9681511124316 183.3818684525733 0
170.8612125987858 152.3121977734829 0
93.5512923104362 202.1237618528162 0
239.7448932314321 122.4329753791661 0
236.7727243662267 122.0523445869034 0
183.6169062024692 135.7175894818298 0
83.54465559606409 205.7048875481563 0
242.7696319731355 -26.18630925210269 0
243.2376774059734 -31.39108015401656 0
21.66719682651648 278.396811120408 0
23.47854332831308 275.9802035333744 0
26.41642292862512 276.3254446233978 0
259.058145043504 -115.3526078611912 0
258.1136287997231 -118.1807446850571 0
238.6341216502803 119.5558984113786 0
249.1852559924459 -51.63381403492225 0
196.8506645454832 195.2458552745998 0
261.6581403250847 127.9766639143292 0
223.575693031687 15.74200567505212 0
236.4593648309441 -102.6787017002058 0
235.0852621642421 -105.7809681074674 0
161.7700756643615 164.1470379652127 0
92.1202543548319 212.3082394199219 0
231.3102147710349 14.16681291201383 0
58.07630741014359 273.5647047735923 0
36.59984429239328 233.593222627932 0
38.41839870563879 231.2386014492519 0
278.3748915659059 -102.5152368795843 0
193.2031015524101 199.9921787702472 0
271.1510379924944 21.94249604323407 0
129.0078926346673 180.607134735398 0
228.8417366192062 -101.0762885223203 0
227.7829972009132 -103.6571390534397 0
130.5179342548487 183.5047761348536 0
18.02565639310513 249.2213995647775 0
227.194572498015 91.8746321148422 0
224.1665943215483 91.51537964546175 0
242.7138861494479 122.8228999487476 0
245.6792705313608 123.2293140055302 0
247.5072401013579 120.8502891176116 0
192.7272156397722 123.8602851669316 0
158.1300442001179 168.8832386008651 0
208.6463637429651 94.64758346201828 0
211.6064027784907 95.03587568437784 0
263.8007498724873 -117.331372289473 0
262.7628092630123 -119.8987592843313 0
264.5053132996213 -122.2000987061301 0
261.0489940148912 -117.5926861043547 0
278.2185444004255 25.49367226029544 0
78.68365997173566 233.999481093415 0
223.2021843422235 -72.93057545926391 0
222.1422897901187 -75.79249062771723 0
222.4026826627785 161.9983219225861 0
75.39357982549089 268.0615576998019 0
189.5541219801437 204.7395399261936 0
196.3648455460374 119.1285187038195 0
221.3388144396388 44.15098189589045 0
218.4136314628344 43.85975745865375 0
267.407290747418 -121.8961427937572 0
14.41821907399818 287.7817232234981 0
277.2214747938478 -105.2577592132474 0
226.068912042388 157.240218179719 0
222.3303713187574 -96.76914067918484 0
251.1370970286364 47.88612014673852 0
252.540888178664 -111.0128050308356 0
251.0451468092333 -113.9300460955359 0
185.9055541928301 209.4867863219136 0
226.6772049940124 -30.79188247565321 0
229.6355508289921 -30.40263958182278 0
269.977257472136 -95.784552510346 0
250.4778335486095 121.2369483130053 0
252.2985679224237 118.8623943368066 0
214.9423114538562 -87.34842025366132 0
210.9648991937052 -90.4864721577857 0
39.78312651398857 254.8803644669327 0
40.94339952367736 257.6207387839252 0
10.783423506552 292.3151851345509 0
8.862672768588777 273.849454320639 0
5.918250281146108 273.4696201375872 0
229.7194439495738 152.4944925469347 0
131.7202518401577 186.2578612441927 0
246.6822926704893 -111.6411883592093 0
243.763596935313 -111.8618166363265 0
46.13986490787654 229.6687179165083 0
223.6560265894757 -65.06159074345013 0
8.111545843033738 245.292459094515 0
233.2278257900492 -69.04531234451416 0
223.7767275650191 -10.49735021377301 0
15.60299278592222 256.6985807790651 0
257.6806938048854 -24.44577049190017 0
117.3853407908239 192.1866750170761 0
119.2266385964378 189.7693769337342 0
182.2565451865818 214.2344050966405 0
118.5215931766678 194.9417429315561 0
228.0925816306862 -7.13740740158809 0
43.18699471135949 229.2762877645838 0
31.88794471999606 269.3884548817783 0
220.8360803214696 -86.59125107530215 0
219.751592745563 -89.37055102311169 0
223.8012981251718 -86.22235927031394 0
260.6719457662098 -104.8095318604583 0
280.0039629198596 -10.91407813399003 0
6.388250510184251 260.719983593071 0
247.9945635143926 -88.2352844602413 0
244.3799548183803 -83.5199852791884 0
246.1936355751849 62.86228028239848 0
273.6904241959119 48.43875014587232 0
131.8033254198728 220.1593354675787 0
272.151796617242 105.8004631751293 0
220.2557086747946 -73.33593222936095 0
219.1895551606359 -76.12316676102378 0
216.2802189414425 -76.51058581339257 0
28.02314003010706 253.246981773901 0
42.04886062956006 226.5211496979542 0
143.2194179880604 213.8415026423971 0
43.36289506052863 271.4478322438509 0
205.4624750221744 107.292945565924 0
43.88661990352632 258.0269483629769 0
31.62953917051916 248.5282563240124 0
250.0416670714929 -103.6049557100764 0
222.5158385747708 -67.81252795222393 0
226.6117948508248 -64.67452987188918 0
178.6072872089977 218.9822794946556 0
46.59343794329173 237.5393060384837 0
44.77486101748666 239.898298148186 0
41.82412439704152 239.5069198248731 0
256.7958281963214 -6.271808651646792 0
253.7594096583814 -6.603246468135549 0
252.6948629520603 -9.428917519246887 0
249.6525277977487 -9.730043878456708 0
248.5154128370017 -12.49037084846544 0
245.460738411023 -12.78877271509751 0
247.2993632003541 -15.26225500929038 0
258.6222747145949 -8.650973111191927 0
218.207963041514 -78.9775253085775 0
238.5027820782246 -84.29474253517934 0
243.014061716 75.5032849786068 0
224.5885025465806 -49.3059898995141 0
223.4429872086449 -52.06239360033024 0
47.95738522704452 227.305409457715 0
40.25989275450314 262.748894079496 0
59.91362694922555 271.1787709939853 0
59.21480247680861 276.3452391380922 0
58.85625235260759 268.1395550128259 0
55.73925936660971 267.8463668074675 0
54.12244267991717 264.9732026283274 0
51.81332732180724 263.5819942663197 0
25.54140523349219 260.7580791753299 0
23.68303320519775 263.0028149441283 0
278.0132570457026 -123.2841926442346 0
276.5377219636104 -125.9213893636044 0
255.3899597267803 -29.96664121902851 0
37.13020071950206 283.5934236474471 0
237.5960076650517 -99.95332373051676 0
29.13743684625367 289.8074905021118 0
256.6266854884229 108.9745742806671 0
236.1818414399062 92.89760116810665 0
245.7260210584529 -93.72013014936644 0
37.06155123467782 241.4589503099281 0
35.25108505205907 243.8276229327442 0
40.01181976516735 241.861728564882 0
32.30223523022819 243.4252014339419 0
83.2302334104923 266.3320798664316 0
245.0520856727344 60.11068320253845 0
12.44838903322728 269.1752068418503 0
229.9509848803391 -98.37244589389763 0
51.81223188609781 243.4607061323913 0
39.40640231693872 289.2418721561716 0
238.8407045178459 140.6297683988761 0
255.4595154471571 -76.80721487404695 0
49.20430172118826 272.3874433049477 0
48.11655192213233 269.549374313144 0
254.7155470259435 -24.83004991555325 0
37.28133065837507 228.4889756186918 0
257.2074214456246 -32.33846374682314 0
57.38509703381405 278.7138313208455 0
220.8724170888641 36.26691240244499 0
13.12567755712018 264.1040209195277 0
266.3561330232583 -91.04701666960689 0
244.9933929025824 128.3693193721599 0
52.70377803477229 259.1183619834567 0
116.3415978459385 244.5671560839466 0
48.95165530399865 285.4124928037959 0
50.77731126954653 283.0469912192156 0
47.81844422282894 282.6502476889161 0
43.73382069106061 279.4996658059891 0
257.7371297218766 -71.30219813313175 0
93.25719795146404 215.0689458012662 0
55.23989736557838 251.7564345708561 0
260.0231938997717 -65.79273098375498 0
262.3108545360209 -60.27965695721606 0
245.2784916467346 -101.5649497207966 0
84.31454074554648 269.2159269326788 0
225.3777002161096 162.3873617673373 0
186.5800610195308 136.1033664502413 0
258.8254031933197 -21.68417085591246 0
69.56829069468077 245.843766917719 0
272.5696464757829 45.65475005754596 0
271.4714851673363 -118.94160430932 0
220.144913235571 28.03139660150265 0
264.599904446678 -54.763582539547 0
226.8791716159263 -43.80519744432747 0
168.3498346222087 228.09569438669 0
165.3686667094382 227.6930962568844 0
84.06931305270086 282.2842320890815 0
279.3306803358299 -86.73063157458049 0
278.1846080976733 -89.49200707973452 0
266.8901412730116 -49.24497061226385 0
281.6243340839947 -81.20848330885084 0
33.69116962330006 267.0547663046543 0
71.74709151626118 272.7961676491758 0
232.2488365575672 -71.82063605655199 0
269.1813729067254 -43.72419766485781 0
249.1576332623532 63.25116259556155 0
279.5232488360144 -99.754560445365 0
5.112157377058039 234.4745245201323 0
283.3438886661244 -36.60512967326359 0
260.2010812309135 -112.6278017892942 0
242.3348633653475 80.64038828961763 0
241.1921667583436 77.87513560187125 0
282.1957577749953 -39.36943859364968 0
281.0476884414539 -42.13392496356273 0
282.8681335628738 -44.51193724950353 0
281.7200854917301 -47.27663795234325 0
278.7525350109049 -47.66429780950048 0
277.6059052456794 -50.42966861225014 0
234.34140069807 -66.27244245221043 0
209.079157073394 -88.12612784477849 0
234.2705901974643 14.5561768019868 0
238.2275492786644 77.48296563179832 0
276.6557228371803 48.83497326440406 0
227.4820182032785 112.6901634505298 0
223.2885409461477 109.5680084377514 0
225.1006519204013 107.1479944215719 0
279.8999244423649 -44.89865714463917 0
230.7798512293751 -27.64686457643109 0
267.971852445714 -80.40234631028207 0
267.2891217104602 -75.24955285605537 0
153.9448777731682 212.6376921822921 0
152.7747715278717 209.8715700068718 0
269.8167344463917 32.20574485607585 0
260.1711428667964 -31.95153464471609 0
256.0617000440683 -35.0974421267166 0
272.6391291742501 -35.39873198196569 0
270.8456670608778 -33.07643912050113 0
271.4916895321979 -38.18493882134179 0
234.0642263275954 27.57047017289981 0
5.984716171524477 281.4468730705775 0
101.2593963631824 200.5059658904621 0
164.691052776616 232.8364322030461 0
288.5086808585296 -64.6250508710994 0
287.3602177080857 -67.39242968297746 0
284.3893659638381 -67.79637952165163 0
285.0651241664262 -72.91993050600152 0
283.9174872202441 -75.6844893268013 0
280.9500498972255 -76.08382972099798 0
207.9259557498101 78.96836078299273 0
158.0713094530285 237.1786950394772 0
156.9805274907064 234.2882383302645 0
153.9759841919479 233.9946089100557 0
152.9797764122064 231.0578857777978 0
122.8507341728653 185.0826525015781 0
83.47512392815574 232.0233066374975 0
88.03403422145128 243.0763189046104 0
85.06931892643298 242.6810505104969 0
83.24410531579065 245.0509220791527 0
80.27926468973327 244.6560215532567 0
82.10451468604872 242.2863973876582 0
79.14034709419391 241.8913308623007 0
80.96392293217963 239.5227033168011 0
77.99930434170291 239.1289691746345 0
75.03503817492519 238.7369647459113 0
78.45440248089787 247.0257324720366 0
163.8619376113593 182.6671638170751 0
160.898165877361 182.2752642529423 0
159.0783328278002 184.6437724736128 0
186.8590821102599 156.9883465874142 0
185.7177857220692 154.2246475820813 0
187.5349773076962 151.8577102707436 0
190.5002600337957 152.2488802431403 0
192.3218775867073 149.8789440065667 0
191.1809454241753 147.1141498616548 0
179.5744785141621 166.4685527890805 0
178.4331191157589 163.7049266507418 0
183.2168379272535 161.7285394188917 0
182.0755144433369 158.9647535306472 0
12.67845502380137 256.3102279053357 0
212.7426792156469 97.8035793676393 0
283.147946365443 -23.55537348594079 0
282.0003917162282 -26.32131293880661 0
279.047685180635 -26.71563359699493 0
283.8191287624696 -28.69834602315551 0
187.9583691134567 194.0766944021731 0
184.9801648349603 193.6752048805234 0
184.3101870896652 198.8232480243959 0
181.3316202311466 198.4215780474936 0
191.6063601140707 189.3303633290845 0
188.6284908491374 188.9290465535453 0
180.6617820451402 203.5700567604077 0
177.682828419248 203.168199818204 0
195.9644504773715 145.1389169934847 0
194.823345699754 142.3741812443009 0
177.0131400669555 208.3171422387354 0
174.0337771598494 207.9151041409868 0
249.7881347600416 126.3874256376938 0
200.7243577990854 177.4642263060773 0
197.7484990467229 177.0643623317036 0
195.9250943825425 179.4366328443296 0
226.3100770995271 144.1357416192362 0
223.3685461067771 143.6774554360519 0
222.6505994671156 148.9460523192605 0
219.6773068929476 148.5479537919292 0
204.3732187894561 172.7194560065818 0
201.3962480389889 172.318688096495 0
219.0020146447869 153.6910859320128 0
216.0295985914404 153.2935362869808 0
173.3519721299079 213.0553582167996 0
170.419246705147 212.5570082262182 0
208.0206686141338 167.9737166604347 0
205.0438909524193 167.5730723451945 0
211.6682390523455 163.2278121494726 0
208.6914502544141 162.8274813552609 0
199.6065760914963 140.3990542701649 0
198.4654008767129 137.6340271127109 0
243.8708195079088 159.6217594554588 0
240.9031873231833 159.2245707467534 0
247.5230759015438 154.8703660902437 0
244.5547458717245 154.4743146029349 0
203.2486336162188 135.6591490688986 0
202.1074726373508 132.8937689190003 0
267.1362940952993 120.8486022937456 0
265.9914663434128 118.0787048787604 0
267.816470987377 115.7041700300429 0
240.2186210347076 164.373115562696 0
237.2517072659009 163.9747650391134 0
236.5664829924152 169.1243562127563 0
233.6002662760849 168.724835078035 0
136.170476949507 176.5355236340807 0
273.6396842096754 14.4234484299446 0
270.6987377816646 13.98166237241279 0
272.5278427140886 11.54772969504507 0
276.5439021617893 -19.23492047338647 0
206.8913645509995 130.9151525602036 0
205.7620047026863 128.1594002425793 0
230.3919569561579 79.13361969779424 0
212.6334302897656 63.47481369946857 0
123.8231532237132 256.182167638905 0
223.097102754658 190.9004936623116 0
221.9550335042635 188.1303073656785 0
223.7791325066305 185.7554939995514 0
220.8118868270103 185.3573484928589 0
222.6348991772008 182.9869322960703 0
225.6077883206232 183.3787213052858 0
220.1290376522503 190.5057276541652 0
218.3027380922333 192.8811292743833 0
217.1672007629925 190.100200526276 0
95.78815297251484 241.4971880383316 0
97.61247446384849 239.1271173269989 0
100.5755719272498 239.5223298520714 0
70.61115068980425 214.8675587178898 0
235.4110834552385 132.3235115528582 0
234.2732070512538 129.5667787804742 0
232.4331368774226 131.8469580469859 0
228.1893300198541 60.71544866472915 0
226.3700175963013 63.08556149236376 0
227.5116747533835 65.84554853031889 0
225.6923646396746 68.21544540657027 0
222.7316248342718 67.82191511471652 0
243.4775569511288 83.40437999359531 0
236.098535259962 127.1957279609117 0
233.1256503267531 126.7985053859203 0
270.2402405422359 40.06869411436909 0
246.4341553820977 -31.08864404630027 0
136.9771862488086 192.1674020584268 0
230.2201167416075 45.3239883197523 0
228.4012864490971 47.69437912656365 0
232.0388784966856 42.95516116559248 0
142.5447250023043 218.9664414965733 0
277.1313346551222 -58.33161829353392 0
274.1652605433632 -58.71597563912409 0
273.0189381180896 -61.47704444343209 0
275.3122173310422 -55.95518213573593 0
276.4582767193957 -53.18960284345263 0
274.8383078810137 -63.85499467532124 0
271.872529726404 -64.23596400732525 0
270.7271191847472 -66.99567475664195 0
272.5469844635057 -69.37483517121152 0
269.5725421708666 -69.74075303004476 0
279.4251254009009 -52.80465311606276 0
89.40374269241568 232.8094745325879 0
88.25754809365029 230.049266461015 0
171.4997147345882 194.0559427914535 0
170.3427253995296 191.296021319792 0
146.2687748288126 167.2943314008301 0
154.4985999234473 173.6127388093447 0
167.8533945619583 198.7991760729609 0
166.7115303503436 196.0346449312707 0
96.00853625710029 228.4680947883717 0
97.823777457999 226.1023156835599 0
100.7938500973879 226.4939282547106 0
102.6047962559031 224.1294728112022 0
110.5635252374331 209.5426668347309 0
107.6026123087221 209.1490010798569 0
105.7814825011153 211.5166977823865 0
158.329065067212 155.6934262359773 0
164.1842573480365 203.5513375814126 0
163.0287865097901 200.7959818341925 0
219.4443685476577 195.6515484109283 0
216.4762709376669 195.2563049793972 0
214.6499813097038 197.6314648817064 0
213.5153448437801 194.8495307549418 0
215.7908203932175 200.4028083922788 0
290.8044590402088 -59.08742803257213 0
287.8321582942731 -59.4935692751442 0
253.4773999107848 53.37982532454215 0
280.9793343984023 38.94097610771989 0
279.8331280804964 36.17430459339052 0
281.6563614336793 33.79778869565791 0
280.510109221922 31.03101840425768 0
282.3330760534306 28.65349266498491 0
250.3010716035202 66.01552265136635 0
223.2103433951387 122.5284554152299 0
221.9945462533832 119.7723071344794 0
221.3914644250409 124.8990737042057 0
192.7294549057571 226.145103490725 0
191.5955215035043 223.3554070525736 0
193.4231125481201 220.9810669774264 0
196.3840049673885 221.3919919200833 0
198.2094970410164 219.0187979955322 0
197.0751498657386 216.2293846413388 0
198.9027914754212 213.8547123536538 0
263.9189227707629 99.47099951206943 0
231.0486036323764 -6.748907853770723 0
232.1912424488794 -3.990365373705806 0
236.6515938489016 100.7999703923694 0
130.3744426609325 196.5117140117807 0
129.2321795971553 193.7517752033314 0
174.1106751040394 173.5786225456332 0
171.1459436766122 173.1872444255544 0
169.3269225361681 175.5554161828757 0
175.9319581845748 171.2087065083784 0
174.7905075444431 168.4450995947187 0
277.8007117224992 51.60287056406031 0
145.4006270318346 185.4535728544019 0
144.2579746290039 182.6939637076142 0
150.862179920903 178.3475878654331 0
210.2415491309383 105.3177740954568 0
242.7180238328563 54.61944809999995 0
241.5507003787383 51.90791539462678 0
238.4969739826516 51.56488734250272 0
160.5311298235437 208.2874198691117 0
139.6706549817244 239.7021467155273 0
104.6426403607605 208.7548760207698 0
156.5758871275956 192.1476346811997 0
155.4343839016291 189.3846469335661 0
116.0596063173626 257.7824443999617 0
235.1520539052208 -3.601563972855047 0
267.0595450505429 52.72399122072549 0
265.9557812025133 49.86870004701007 0
220.1238570792844 54.4010286840581 0
168.3843180195055 159.7916191841281 0
195.2526900079553 184.5832637161908 0
192.2766172185704 184.1830678158728 0
197.0770061912074 182.2103520968415 0
235.3549359322561 -16.61743997792075 0
234.2109708179538 -19.37572605742469 0
236.7654211583867 7.046883800986727 0
234.9472746306319 9.418466010135688 0
236.0903143175639 12.17864903114064 0
160.2189998886421 187.4067372131213 0
236.4989384160254 -13.85903674461882 0
217.0331918346124 134.793378000413 0
174.7814989132974 135.1210549247211 0
154.7541281775636 194.5180907353026 0
151.7908957359897 194.1251955011394 0
274.952976219266 -29.89562916656323 0
10.69288545958 237.9055162370642 0
206.1316491893198 149.0029653039877 0
271.4410818130079 76.91704568800844 0
268.4575093256011 76.45279304902776 0
270.2953719572706 74.14573465349062 0
267.330278714231 73.7303473077655 0
245.9170273917668 110.128071932857 0
253.1660968989122 -1.532766776294057 0
109.0240572598893 198.9042549766164 0
231.3637183017919 48.08586444165392 0
177.9281954269062 224.1237651231785 0
117.1669184744252 205.1998352209287 0
118.9878853652997 202.8317238377043 0
207.3431506805458 207.1362503712525 0
204.369264396036 206.7437236535208 0
202.5429346323871 209.1188203865476 0
291.2953213516907 -51.25446535735268 0
233.0066011434892 105.5389454550417 0
200.6640147299659 156.116181706659 0
239.5711249880519 67.22311116172844 0
236.484717826025 66.91587394061621 0
236.3323623412493 148.1479249187411 0
282.950529716497 -10.50736157060742 0
232.7497612861222 84.60918238047087 0
229.670048730229 84.29459773862153 0
190.2236778934128 131.3679468413104 0
236.2957499971281 -0.8419874887250746 0
251.175187581365 150.1188370809442 0
248.206308839915 149.7238200074289 0
253.0016648896556 147.742949347323 0
281.8631634757892 20.74126816459432 0
247.8006921573752 73.52325372268379 0
201.864493025513 214.2642603204502 0
203.6899980506986 211.8910215116048 0
226.7399339979316 3.120617055889607 0
204.7047506930498 86.16331291814748 0
257.5064883323007 -92.19823441573331 0
259.3044274137126 -94.54556825431879 0
263.406808706679 -91.4549224767444 0
224.8345506894659 -15.41487553082585 0
232.2300277663334 179.0213281669801 0
229.2609784403992 178.6269422263418 0
227.4351980599132 181.0024316009023 0
226.2969421723524 178.2247051916135 0
231.0880151254939 176.2509633642726 0
135.8353495702632 189.4075952770769 0
92.59743743856559 254.1402098038949 0
89.63226325001416 253.7502566775477 0
94.41936376068874 251.7696894690241 0
195.196318551021 163.2293531117193 0
261.1162377900142 -16.16105568062371 0
70.48134676825833 227.6940855173099 0
67.52128514138145 227.2999932900861 0
68.65926473632729 230.0610429164465 0
229.5447004351252 50.45566416718444 0
230.6867271403168 53.21578249300879 0
240.9764647461448 90.91129523816511 0
239.1530349761393 93.28433710031739 0
144.3698766235574 216.5938378777088 0
186.0830963640597 175.0849010450361 0
202.9612956631501 114.7931271279495 0
228.5774902484387 183.7727373111373 0
203.4836628710889 190.8809298449325 0
121.9499588886091 203.2243585312104 0
117.8485347746521 200.0705710177231 0
223.8325422060971 36.65597438188811 0
220.6997190684805 83.21483831522083 0
219.5567783999839 80.45268041458758 0
218.8807578507918 85.58479451828974 0
215.9170246609056 85.19238415141758 0
260.9465737181372 99.0599233978192 0
261.4194646168224 106.9943798492117 0
236.0289785330935 -21.74663247092805 0
234.8861550904542 -24.50492866569231 0
233.0672950133875 -22.13297384475002 0
274.1077481093603 22.33727629447691 0
275.2512491787253 25.10605134169414 0
279.363681847369 28.26323389842961 0
77.08493715063352 223.356697720563 0
78.90635290479207 220.9905537168981 0
81.86714004605399 221.3845787910951 0
83.68830743830461 219.0184197978299 0
86.6495191363485 219.4121567197696 0
88.47036649668087 217.0457839800753 0
91.43295576861465 217.4384266486306 0
175.883059164727 239.5576670083451 0
272.6140157317304 113.7195192127351 0
270.7877968280496 116.0959533190747 0
117.4282146524494 247.4646146773243 0
225.7384031385979 -46.55810989907159 0
229.8380259358275 -43.41662833560804 0
170.468281330315 178.3189016814587 0
74.48719014448679 286.2196629800901 0
135.9309456129403 223.3159771813872 0
284.7680136187308 -12.88159907485001 0
258.1518334295654 -16.54933702491427 0
283.0097334957608 23.50925684051349 0
282.6380499364776 83.63158203101355 0
280.8126843005729 86.00856680766231 0
277.8416765119219 85.61743068614904 0
236.4607734879818 -47.82744298769968 0
243.6329819014455 138.6498973480398 0
212.3696933022589 -79.75006571222558 0
281.4916274256007 80.86404445102394 0
255.4314386102192 4.048010799549305 0
256.6010517812103 6.752514238822704 0
251.2858102738082 1.00483922122211 0
284.5835133667782 0.1638882442473709 0
171.3101341260639 228.4823510570843 0
264.6289493897938 128.3707558895472 0
256.6627644226712 40.7311334689107 0
269.3537644972976 58.23049899017735 0
232.5965805677863 -30.02010193003537 0
124.5288817476257 229.6412844857551 0
121.5644471166363 229.2470568122598 0
120.4232808651688 226.4818476730678 0
119.7398213075412 231.6184381183157 0
116.7582671896367 231.2282641281088 0
114.9383538392466 233.5959909522049 0
111.9668027375305 233.202927903858 0
110.1507088687639 235.5718415345513 0
120.6132330959405 268.8504034257944 0
117.6439326667769 268.4541200883247 0
115.8151767908012 270.8289965148683 0
112.8462471420146 270.4321467582897 0
111.0167801459439 272.8073847052092 0
108.0480969159571 272.4102426254917 0
293.5361320699252 35.35834929369626 0
292.3885185188034 32.59160928980361 0
109.4242162164302 206.7812368082791 0
278.4786532651428 46.45972328453735 0
260.9140617907283 -3.127754291212164 0
122.4415122909447 266.4757627131775 0
250.9793618530607 60.87915531091416 0
247.9417946127705 13.73592558886917 0
246.1206400269853 16.10619125381136 0
140.0387862359361 247.8794657057047 0
277.1627093731775 90.76107960730192 0
94.63085041783944 204.8290890478293 0
112.1614824233518 220.1961845307765 0
132.9613265805928 222.9228221584621 0
134.7812944018125 220.5526684621263 0
287.1764364978806 60.69017360263351 0
285.3515676066169 63.06687494866006 0
286.4974230864431 65.83585048757558 0
284.6724077353022 68.21093166590775 0
285.8178637235349 70.98090782619303 0
283.9924951061307 73.35328150504156 0
261.0195778902055 64.81684355946496 0
234.0571513088683 176.6453156225486 0
229.9486994837894 173.4747157842411 0
132.0364063970222 262.5178150932677 0
224.3020350234772 44.54512095149093 0
77.06993200816291 257.3419953634241 0
257.8816429850084 -37.4721198852328 0
254.9174197349791 -37.85658722414769 0
253.7745874905652 -40.61773433382766 0
223.3420191072894 28.70397966944032 0
246.7966756753016 10.97535237422944 0
261.3854301833974 4.769868844030391 0
59.78178538528684 228.8804530980383 0
61.6031944919996 226.5131753658945 0
64.56229983578358 226.9061137938787 0
65.69976335102892 229.6670824902365 0
251.0036690856882 -54.01358374507184 0
250.351162141798 -48.88425012892198 0
267.2147944626003 -109.1340848144916 0
278.6866176100683 33.40862647287895 0
278.010150945216 38.55065529054316 0
244.7707346574963 26.36563090781301 0
215.2378464342406 90.31428314275907 0
293.7421624108627 22.30654609798032 0
237.0863983129342 74.72996147528838 0
94.64754071828573 238.7323262023693 0
281.8039007487459 -13.27767205866278 0
250.3702927196417 -14.92513183536557 0
291.712298726735 37.73619590923121 0
286.0305100487218 57.92157660998743 0
281.6202043132997 -0.2466248415490802 0
222.0534087587118 72.9493480050607 0
102.1720977555969 250.1916927251354 0
114.9681432653463 254.9957070613358 0
92.11962437265476 267.5878759309916 0
146.6476247925063 243.5256839174274 0
293.2710883402203 14.39397403716813 0
106.479575216664 261.7053690188399 0
103.6295746131121 261.1722642155913 0
105.5420884398855 258.8041330078341 0
233.8042872639406 6.657363785053087 0
68.2065697915161 222.1728934550547 0
260.6447199386762 -24.05780484424395 0
99.43615422530846 236.7573814534045 0
88.48839069400793 250.9778927952294 0
98.46025466269887 276.3625056497283 0
275.3260950236188 59.10576716364324 0
57.27740999630227 236.3646678334999 0
122.6808680457202 253.4144726691214 0
226.7501575942144 186.1489907009139 0
41.14820732168309 244.6164768587487 0
233.3348436801672 -1.23123665902344 0
105.3646185977453 237.5467258569424 0
236.9693206126175 -5.97171524382822 0
128.5535124806671 198.8804996892908 0
116.0268892470577 202.4391066061763 0
148.2510137738416 254.2060315452521 0
224.3341842979244 -70.17668685157601 0
234.7394305193065 22.44034324175881 0
69.23703392878365 280.2972297403831 0
260.7104434489225 9.906163559989452 0
258.8837378204385 12.2930196436867 0
257.7201218570375 9.574517281927132 0
253.5494299959288 6.517748288652172 0
259.9555922860326 15.10971341777631 0
255.8138613960468 12.03287155819034 0
233.1286858294583 11.79435276498053 0
225.2283978397567 60.3246554790819 0
258.6308112853782 25.36042995336389 0
259.2070342617944 20.29442111411194 0
179.7537384027138 221.7492940640841 0
144.1450930850164 229.6362057486357 0
126.2701748577357 193.3591817807263 0
143.5801078153354 187.8226264364491 0
141.4015703474762 216.2044861708684 0
226.9340940309712 -9.940144866126033 0
273.953667349263 69.3609474964145 0
272.1172473339646 71.78152151705376 0
271.0017767736277 68.92059800085519 0
273.2630173004272 74.54605350950978 0
101.0000423693929 213.4892501708494 0
5.299342082623952 278.1651443113057 0
3.630860383276566 282.7838542657881 0
2.623640286228786 276.840453918418 0
260.8037659192196 77.85525126396044 0
251.8580296542283 144.9735171502574 0
245.9790247748863 75.89513886225754 0
45.99216206426906 285.016120830184 0
238.01040995468 90.52047688516861 0
75.94628966718372 220.5964269184964 0
220.4281815825021 -39.31613529083437 0
255.5934165643836 -42.99059409228921 0
223.603099133693 -31.13081978332983 0
213.9642296347365 202.7794780103157 0
141.2972122751204 182.3026634387234 0
230.4903999469623 113.0529608161878 0
267.1162764285913 86.76672345961376 0
61.15190732079193 218.6231166957321 0
249.6614829236172 -43.75283157905222 0
213.613960746306 126.5020591351367 0
254.3642042059961 137.4556573595695 0
208.4219588262368 107.6862335455258 0
60.46514291660849 223.754748181244 0
218.8749151008476 132.4126594649955 0
81.78877969192567 276.7509617582363 0
79.96134510363443 279.1181256243952 0
70.70598430497029 248.6047918989576 0
225.4940935787725 -33.53431337359382 0
225.4443397789238 47.30735381109506 0
251.9538938531712 -38.24005949428724 0
138.5791862198676 202.81858426898 0
231.452485110854 -32.77647789338335 0
66.38485700891424 224.5388421906851 0
155.340584017731 257.7386320990005 0
68.55138452589567 285.4293601072325 0
259.5948044982391 109.3689919404133 0
121.0703574708171 276.7667836918338 0
119.2419708358104 279.1419578556155 0
124.0626821340832 277.0015348169286 0
242.4825657850206 20.84601267378324 0
116.5033538662861 265.6841101258652 0
141.6276652901555 258.560105855652 0
111.7072570097644 267.6617894036868 0
120.1306751502393 239.6914574803414 0
123.0529851333109 240.3023189621875 0
288.5330230731495 50.40066791544934 0
259.5613730470027 7.1526779935517 0
294.6218906917371 4.107171393485993 0
106.9109240645235 269.6393058914467 0
246.3320228591399 3.081792332215022 0
277.8491047264455 119.6328776774779 0
227.5518205931899 -48.92684751297461 0
246.2267972643471 96.83190628350185 0
86.89465856510823 240.3114509119026 0
106.2393076352632 219.4030663565779 0
206.8213997730818 97.03348421865127 0
147.3342909625065 216.9879449967846 0
132.8708652237179 189.0162722672077 0
231.2516446130626 -19.76314077057137 0
283.912645165033 107.2828410955253 0
285.7817488011375 104.8963511783777 0
285.262739584988 110.0955509712151 0
245.2385133840847 34.2575320794512 0
228.3467717494792 13.76535409643466 0
248.6973585697343 -59.51474560152326 0
245.5783285262183 -59.77301379201689 0
132.7409183259664 235.9592163472887 0
219.1042539947588 72.54971833492615 0
233.537934321977 -14.24707726284398 0
133.5426242796595 183.8906132610993 0
243.5993954279726 -10.35524482511843 0
240.5129538432654 83.01258543564917 0
294.1492535271681 -3.803580753300958 0
271.7208002267172 131.9308672967932 0
273.5082726625145 129.5657263049675 0
273.0100169607455 134.8164572587415 0
229.2327493854718 -4.378194065322131 0
266.6087063292965 -70.1124388518007 0
118.7671759459164 215.8523438395856 0
257.1633132125567 82.59824158262396 0
276.0172731779596 87.99344614614984 0
247.3359308848649 65.62473568862816 0
217.9847383367776 103.7324914329965 0
267.6954574934607 -101.2912618719434 0
122.648550938811 279.650640535037 0
120.4202752795043 281.3760720491766 0
250.5081971291472 52.99240478575141 0
222.3128984994692 93.89170967020527 0
243.363949667006 2.695155208783865 0
274.8326148061917 51.21072273217911 0
62.96719899595172 250.1833218376327 0
57.83455752563977 286.6038701759966 0
227.724784328999 52.82609975985887 0
121.2996556081898 263.7058502569376 0
49.0945195875248 230.0620908060004 0
183.4050311987531 217.0000278033702 0
77.76690968505675 218.2306811932607 0
241.8080092241532 25.97620558509784 0
240.4569775912056 36.23698473897104 0
147.7947926028725 224.8900191781096 0
93.27870447087217 249.0032520974358 0
151.9040621342394 249.4574324543279 0
238.0963362610162 -37.17063136210686 0
241.8082211238343 141.0240655713512 0
228.9694414268037 -25.2741147863031 0
246.1383212335099 131.1352908896021 0
136.3908062206687 231.2175529822882 0
286.2406682139463 44.86627631222827 0
229.9608375947388 24.42247705381271 0
56.82458165408688 228.4870516514399 0
140.485005910709 255.7908335929627 0
230.981651578759 -40.6606361600566 0
283.0608587532835 57.52865510381084 0
261.9006605150739 46.64680489871004 0
124.5405874764687 251.0189005354609 0
50.61784922732735 219.9499170880852 0
268.9012147440173 -64.59877451360818 0
230.4287803618977 32.30813991546224 0
258.7316997891839 59.28911158736932 0
226.5263673447342 16.13669489532267 0
284.0942188813152 -7.7381363856507 0
224.5510603043198 65.45386138642328 0
49.64493509419454 280.2841103473078 0
131.1407137327548 225.2935856200083 0
280.7178501020761 17.97550496646582 0
271.6881910128959 97.8879036560692 0
255.5537480744105 71.93499484638728 0
119.6677662022425 197.703088209974 0
269.182493350554 105.4061169225653 0
117.6267016053272 213.0905489133476 0
184.7358252106378 240.6955170857013 0
185.9961986181796 243.3159345537871 0
181.4056394651142 245.7149463072998 0
271.1946358084566 -59.08193889439305 0
233.1922517210263 92.53029484954352 0
124.9444317980684 237.6501010887981 0
241.6003085235226 38.99733551004621 0
225.2693877846537 -54.43982923886965 0
296.293894734243 48.79588022301634 0
248.7292937583963 89.32418104831602 0
280.3602444419042 112.1128405955022 0
244.8360728298285 73.13129224867136 0
276.0441970709813 122.0257322102157 0
277.1976164690169 124.762784921212 0
251.230517493426 81.81564036782291 0
291.6520709485605 3.717154391586573 0
129.0139216990771 206.7714091594799 0
261.5879683880401 -8.263260336900016 0
214.4254610684151 210.6954864774019 0
215.5698532266205 213.4657529341955 0
213.6201680452185 215.7509448948696 0
216.7142360591641 216.2363970250311 0
218.7219726362039 213.4585693614034 0
274.1929611976897 90.36924242714686 0
272.3907895947618 126.7839641923622 0
230.8960058570953 40.19527552399816 0
258.4510894061654 106.6005773867309 0
68.78409965485669 272.4011951464278 0
290.7719846448166 21.91541458834551 0
155.2165617013625 202.4106161653706 0
165.1472102948401 240.7476857523027 0
158.5256968437363 245.1030709808545 0
223.4101029886991 62.69385694730002 0
241.8988064477011 106.7090619603055 0
99.64673206743387 257.708500378428 0
171.7685081345232 236.3919596696981 0
178.3903354505651 232.0360380953919 0
254.8024282330149 111.3473944973286 0
284.2936675689799 -20.78925102276045 0
144.0418263798357 195.7131465458305 0
244.4048535247295 99.20403270926789 0
176.783182602421 221.3565437883171 0
147.1077446803034 251.4367974430063 0
97.31932787588961 273.5929323335326 0
180.4315268811313 216.6082820021969 0
137.4384101288564 200.0577238068965 0
244.0364488130664 -2.43407561973129 0
219.7771991309395 67.42760058845445 0
161.0196594807595 216.1891281418321 0
291.8536154960723 -9.336303735826711 0
101.0311036790182 247.4222229459864 0
154.4084036428475 220.5400795781083 0
258.0539381702927 64.42570681035303 0
248.8887711112786 144.5796585742344 0
243.8329785475505 10.58600369022911 0
285.5629777009402 50.00954412573971 0
238.2527784446237 111.4589870929633 0
128.0893359698492 190.9915836998319 0
184.0812001780243 211.8604261779594 0
131.6008950715341 233.1947669566676 0
228.0225648453858 -41.04879574341244 0
251.3950026192337 137.0626068165057 0
256.4343601583516 156.0519277330743 0
259.3563570420308 156.4083528585572 0
261.2061622158685 51.78527370286739 0
290.094825067427 27.05897829536313 0
264.3951830044447 39.13824165016339 0
288.7420346214564 37.3456395060697 0
294.3106514593919 64.29044295712163 0
252.7816066340191 160.8034681014718 0
255.7524757641094 161.1975829304338 0
273.4886980092964 -53.56239378734785 0
249.1289651397686 165.5548870163526 0
252.0995802280964 165.9488993880179 0
224.1259727982769 138.3380467449563 0
275.7834088615194 -48.04065686517058 0
129.0665377968879 262.1221532739141 0
239.2832285043999 182.5743286507031 0
239.1216090300864 46.46764859421461 0
290.3017136329516 14.00403944151206 0
245.4764194846432 170.3060433824105 0
248.4471727744718 170.6998912832152 0
170.9314171246214 186.2025364888459 0
116.7059918697211 197.3127140016297 0
226.6144798977344 130.835355740232 0
241.8238481439261 175.0572843409406 0
122.4097563328028 211.1154626660337 0
240.6651642224052 138.2563750229529 0
220.2244045089311 122.1394730306153 0
268.4541367606485 8.313948997780075 0
280.3752168776581 -36.9916699074324 0
111.0219687280995 217.4337889724437 0
143.1161620002091 179.9349535660738 0
235.6626224674827 187.330390666299 0
236.7197383230378 190.1366216646281 0
234.8860049222258 192.4209984313531 0
237.4970624670927 192.7785786773991 0
266.6407493765767 146.8867683153405 0
231.9937586722844 192.0729622591897 0
302.6508531806255 -23.53898700098536 0
243.1675711182025 -18.26604364331746 0
197.9841431706309 232.0790635272314 0
129.5245802935037 270.0371568904444 0
222.8766537722234 203.9615308005492 0
223.8891820161171 206.7850500429684 0
222.2316043393711 209.6267523031247 0
225.9438341205974 204.5447155803324 0
251.8411951612477 29.9066793848453 0
291.1791877321167 -4.192814677646568 0
207.2819730605618 104.9253827799774 0
228.3563391873325 196.8337587107972 0
231.3275222211161 197.2281570270161 0
187.296751033706 233.2189225403363 0
287.900181387653 89.56229069583176 0
290.7856898289468 89.88947409145302 0
288.9445068831527 92.25451172168715 0
292.9715403851633 87.26275702698345 0
293.8518902783312 90.58392655251069 0
203.6462737027563 109.6638467657911 0
267.9862389528319 0.4135001530462493 0
277.7080890946067 -97.37757591570031 0
298.8011727500544 41.28696979121601 0
299.8566308968456 43.98527629130604 0
219.1945997935743 208.7733348491574 0
278.078641720666 -42.51701033166609 0
210.7464790544585 215.4280738595324 0
95.94552680332602 283.8804612036489 0
97.09237422345362 286.6125226949687 0
100.0637042033267 287.0031444760843 0
148.7008683311694 262.1131346089305 0
293.7966237791643 56.32807096030893 0
302.2467113266374 -31.49429905890514 0
268.1919870778844 -12.62214926619385 0
116.262181783056 278.7334738645498 0
268.6642903604156 -4.723467471320555 0
207.1188078479025 220.189989371542 0
208.3136169482748 222.9203415180031 0
166.7361322776725 251.4182982937522 0
282.423265696435 96.69141058540686 0
203.4475676465099 224.9043791086285 0
200.1708241493749 230.2362649247496 0
202.8619086510377 229.7165043527789 0
274.7478470939452 132.4225913788162 0
273.7165655989756 137.7533147497524 0
215.486721148744 111.2269181160935 0
300.349153084156 17.94673352127949 0
185.0048066868485 227.682550185981 0
243.170088676012 130.7425880865759 0
143.0046622175826 226.8686499447193 0
231.9867423289966 9.028589778860582 0
162.9713449654228 256.0843671710488 0
161.1207862362974 258.4414211465965 0
166.0188288725629 256.7207744555582 0
260.0741205253532 151.2900969409873 0
286.057605101094 91.92587898218704 0
259.6237035228456 143.3853006778757 0
204.7830924921928 112.4233718117716 0
291.5516381320976 84.80877779906976 0
293.2356132806702 82.3469467230253 0
41.59162051383313 218.6423568870646 0
125.872782968668 274.7602778319026 0
128.8131965928473 275.1571489106847 0
89.55301674176432 275.1728614582646 0
145.648900251013 206.3558328819205 0
217.3870754899733 211.0059168257271 0
135.4671907968018 270.7882178622812 0
133.5362758087987 273.022774095995 0
138.8157662554234 271.5140008085287 0
301.224118182982 -0.2512780004999055 0
267.2230759015413 -28.40274592973758 0
101.8870989960594 284.6664885694425 0
104.8754512272034 284.900021235114 0
103.4451501114044 287.5063691389202 0
101.4499003189366 289.7500446898306 0
284.6736876894394 102.2240496847019 0
286.540617034301 99.85305704429393 0
291.3798606299384 -17.24615791135402 0
295.9895729435852 75.06193518231571 0
112.4942289130977 283.759203245346 0
247.3710923141757 -49.26497071213854 0
83.70678399205475 252.9602210789901 0
130.8956496545664 259.7441142170256 0
303.8136756503853 -20.75094236108104 0
267.7190122397086 -20.51901940224034 0
302.6280539667871 23.49025074638417 0
303.7080486931197 26.22667721337208 0
305.4035171517144 23.89544231771557 0
302.4502028678841 36.53165304754606 0
303.5959452729484 39.16146032365213 0
301.4233337486214 -13.32574086901977 0
304.7928240023786 -13.04462039073905 0
290.9049711501511 -25.15558996638536 0
284.2063842624042 60.29733102252732 0
219.8018741426042 101.3611942522211 0
47.6938571728269 219.0927633631937 0
242.275698132443 33.8669169656417 0
290.5653327860583 34.9687113535898 0
103.9329171741766 247.8292189850417 0
80.72729290895569 218.6254148822087 0
77.31475454756419 244.2619370887385 0
221.3763623106839 78.08104806155245 0
290.4291434160418 -33.06466412892594 0
58.41408186647028 239.1240458434735 0
90.69393642151137 277.9428490542642 0
296.1722765729949 -19.23650977709562 0
90.29957426613134 291.4588649239893 0
93.50091685642123 291.258342794802 0
15.23717407040327 221.1920102631301 0
276.9471921778805 103.8197096874907 0
224.7192759651871 201.6170406918107 0
289.9537148584701 -40.97168911113836 0
148.1467697995814 198.8668774704596 0
255.9450989341673 114.11551957641 0
290.9775449812747 8.859838880034038 0
187.0560714634694 212.2510902741645 0
46.37017067726102 250.5246655284004 0
283.6863463981678 18.36644601223234 0
233.3900255012076 32.69799274304347 0
283.5279060925953 65.44132842726266 0
275.4118288010122 -102.8858362372876 0
38.65590508087429 252.0914821503084 0
244.9772903703161 13.34596991865577 0
102.115191271231 271.6166486330719 0
289.4765824311074 -48.87833322574651 0
15.75204200769075 243.7149824763912 0
133.8645066329011 260.1406062614539 0
75.9408272995035 254.5456690559697 0
149.0409515706901 180.7173722088793 0
265.6094959534699 -39.06096092555001 0
179.5343697943031 234.8054568597573 0
233.8573008575844 40.58556232367021 0
296.5644966051199 -45.33936065497802 0
106.4639651209475 206.3877413030006 0
237.0163476714064 143.0031758444627 0
276.8642285693029 35.78463252845565 0
155.5504092671291 223.3057499776469 0
159.668884795225 247.8721382436746 0
297.3605856772765 -63.4364495488134 0
213.6656622690004 113.5953648166814 0
280.8501282002617 -29.08844883012441 0
55.68773356715452 225.7295367008463 0
241.3738653132145 -62.76706338867541 0
288.3275137541244 -51.64224065172595 0
275.1213925606934 106.1959360695701 0
263.3329426167992 -44.58640729311617 0
300.1259620799361 -50.02788727445185 0
301.2936400405736 -47.35634688226406 0
303.2469354150718 -49.79813897348019 0
20.98808039288799 283.5281556668374 0
281.0226423745883 72.95934995781687 0
232.9216563967905 24.81084500834567 0
295.0234878269409 -22.00268003099253 0
261.0419238383172 -50.10222414609294 0
261.4458239775986 141.0117246099549 0
200.0080448173246 114.400177223073 0
60.79714176176324 287.0019295140977 0
244.7565280442295 175.4642575244836 0
247.5004670943571 175.9569818425133 0
7.723213615872389 271.1301268787012 0
187.7303980785455 207.1126891825753 0
85.51007041693762 216.6538445708142 0
63.0725518252059 292.5363639275681 0
64.21006273339533 295.3071356297763 0
67.09067859577665 295.6398024225529 0
65.34729417312681 298.0785158086848 0
62.33126587103607 297.8525062215367 0
60.38158478566467 300.1891565930176 0
59.46771422016724 297.3023557508795 0
149.9683123781424 196.4967053631885 0
274.6575397877102 98.28077927950636 0
216.5988533762261 80.04821047731529 0
227.7542350111637 -61.92428985732069 0
258.5193980717934 72.32647206148235 0
301.7244805881033 41.55763395865998 0
293.951410766555 -71.74566355987646 0
117.5076687927699 281.8217583691452 0
253.2198280919042 134.6881641303162 0
166.2910924194465 243.5166255702237 0
257.5562192548816 158.8043400313539 0
258.8219062943223 161.5127406963794 0
256.9890842118095 163.925703040729 0
251.6937082259739 89.71455443894445 0
287.3867824528193 47.6335100441545 0
253.9413414621201 163.5663340186545 0
245.1820765840343 0.3247923396948993 0
96.47145516929774 236.3628894981847 0
285.3948697028505 97.08415327769609 0
288.372227020186 97.42483483717581 0
250.2733211047387 168.3244283100843 0
251.1536598019113 171.189512787268 0
162.1625104930071 218.9547504723711 0
94.1180506803893 286.24807434204 0
257.0067055497919 -19.31058492860919 0
259.767177618768 -5.888631265864092 0
130.1557688386967 209.5321120399238 0
54.32097850123313 235.9690422899332 0
134.5662512128088 233.5887280983808 0
130.6548916125204 272.793370036735 0
258.7516757009008 -55.61539464197921 0
190.7068704812777 207.5024588155523 0
238.1590191786673 145.7725107313923 0
149.7131967990808 175.5925756917266 0
145.1831757090084 198.4746135127439 0
295.6972631193464 -27.14977327573462 0
261.114133400169 153.9796657544165 0
253.0525047584523 79.44348610539224 0
76.99466123820704 278.7217153781299 0
149.8548152405812 264.8917787806922 0
256.4623305813351 -61.12554758934154 0
296.7507611582193 56.72249235876829 0
68.19701606410014 256.0956691560783 0
167.8972043470963 254.2018285406169 0
217.7382555591814 82.82204032075197 0
198.1858396882948 116.7658960005493 0
234.8051015482887 -58.40029927624245 0
120.5883838378517 213.4840247584441 0
243.6268758603943 23.60542066129299 0
270.326280583829 108.1751064971226 0
254.7997120413762 30.28745715497844 0
119.4720348349617 266.0800997351031 0
157.842481011859 250.2467356362844 0
283.3533796933821 112.5225855879256 0
20.08397137486109 267.6287119375135 0
235.208322972847 30.32831424640926 0
288.2245214808755 -85.56688817570368 0
291.1917668057887 -85.18141130616509 0
290.0014233150073 -87.92604930762059 0
292.2328270062432 -82.50109691768108 0
293.973612337826 -84.97128625993868 0
292.8374825587103 -87.68345693035434 0
294.3497390925965 -16.85722170425004 0
270.0081562712302 -14.99440524797198 0
88.86591559860439 280.3149907394551 0
91.45493443629002 251.374826798369 0
135.617238577343 202.4260887267999 0
60.46130356169777 257.6623929973402 0
275.3546628600536 127.1658522537571 0
296.1678014057487 -66.18149873313322 0
297.8935801134924 -68.32905868001535 0
254.1740952851001 -66.63202150627399 0
69.00403214710094 293.3342799755097 0
304.0745194135262 0.1662686344698429 0
307.3851336709141 0.3599369329395304 0
282.3819029460877 62.67201544820028 0
293.0013789575817 -6.569873382967465 0
254.566682775351 -92.59072013261641 0
177.7081089397057 237.1812153992651 0
153.7249574994885 225.687152546608 0
2.462118557344767 256.2303726975657 0
238.458602308369 187.7106031039797 0
240.2313317894548 185.3212972126896 0
243.1573387269752 15.71610785918983 0
251.8870015555911 -72.13418581658448 0
237.6917388897184 -110.6183572853498 0
233.1046092464479 194.8153362025174 0
90.29368756267316 214.6781657687644 0
2.366389234827096 262.0831550851924 0
279.5694979268665 122.524583462942 0
280.2171174364701 125.3929186502464 0
232.4923692503202 -107.8123805807774 0
199.3233161543034 119.529027005797 0
151.5349171732412 173.2255942534502 0
229.4468445007791 199.562034741545 0
270.6800347241013 -20.13326379319913 0
82.5498415553666 216.262285285121 0
2.515780100756392 241.4484736593491 0
2.818415919625863 247.4331628122824 0
2.542950879591 238.594933817326 0
291.9186385341197 24.68322040350722 0
150.6455390548892 191.3666158553218 0
32.56243777776992 264.3110322213029 0
259.8750535336954 62.05299924533617 0
294.5479369996295 -29.91442481220398 0
87.8503159745014 256.1265324993754 0
268.5011513697214 110.5503329232826 0
191.3781449479462 202.3656120403911 0
250.0321572998222 147.3488429735644 0
292.8160295911335 -74.51536767063007 0
294.6333376969451 -76.85469034869143 0
150.0776216428758 251.8312861293981 0
73.89555548916772 235.9762957771394 0
252.6321526229551 -43.37797854537258 0
100.2877311313198 273.9893149865505 0
210.1333265425719 220.5842253059037 0
213.2901529901204 220.8873442486157 0
290.5037958973613 -80.05649898033687 0
292.9227938399932 -40.58381926216624 0
145.9697664952579 227.2628708010015 0
26.87692740985667 250.4488311841386 0
269.8016138020882 -1.962142906910255 0
247.3660811997445 99.59328824931102 0
295.2210302634924 -35.06352221301925 0
292.1244730557026 11.62657526656144 0
269.644740959385 113.3256301236251 0
221.8175273870875 -102.592781706954 0
227.6743988388726 201.9791005134769 0
109.2003195864415 219.8002716840292 0
290.1432481281354 -54.0099774825228 0
153.3521121487071 170.8593289078978 0
135.688735761091 257.7690272381266 0
249.5912814246434 -77.62841793577346 0
250.8937218729168 -117.0395140107353 0
194.3574447790475 202.7541138518153 0
273.4107535300265 -87.51282612091788 0
87.03781636242763 282.6868379400976 0
212.9607917860761 84.7844654943502 0
243.4190623737648 36.62727440239667 0
31.96555421467115 222.7562419971783 0
275.8024022756086 101.0498512877366 0
277.5151938214473 -84.35965838713582 0
281.187024958738 25.88580154977784 0
169.2604636145434 243.9107320322861 0
220.9343092581601 104.1022332707453 0
216.6201559199528 -100.0330271742637 0
153.6119356146583 191.7571287107068 0
255.2654745229293 119.2599737467305 0
127.0399217950237 277.3268092485479 0
130.075749848645 277.5587926451863 0
252.8266356532669 92.47105427465077 0
56.24894729412571 275.949549851072 0
165.0560688111326 219.4050962461729 0
246.5704585234152 173.0961692697479 0
222.3196506567082 -54.82923686935595 0
284.7810911637289 -93.84802027590828 0
287.0694286700746 -88.32515095581917 0
101.6835638162305 208.3607429548887 0
233.3672568307506 147.7485496900933 0
67.41181269308839 282.6645763787699 0
95.17821509285801 288.8528595070088 0
194.5453272516223 121.4941719265234 0
214.0994252014887 87.55774071938329 0
256.0189282259436 79.83489581862608 0
256.1870329865166 135.0817830427659 0
245.2377236670698 149.329302583437 0
159.2815467616932 171.6363798901622 0
303.0982444453959 18.44460394066636 0
279.8051605309372 -78.84538440184386 0
287.2008163327774 94.68404697897461 0
195.0272423247887 197.6182594671333 0
136.7587546238981 205.1795939698149 0
86.68218507051196 253.3613357900977 0
195.6841587205206 124.2657163545401 0
248.1894987434273 0.6865778634166029 0
274.8726009813506 85.22598407286783 0
289.4181836729997 32.20170173965363 0
234.1310984741409 -53.29756458235003 0
231.5430737156303 150.1222261550318 0
198.0078196205092 198.0060179113421 0
264.8502170163306 115.2995474529701 0
101.2581914369253 234.3880759335963 0
246.380469341556 152.0993465777454 0
154.2865585913254 186.628067380578 0
18.23335683316714 236.3014198197991 0
253.5547485367847 169.1094737515845 0
255.2840461400007 166.3029937150123 0
257.0035083163234 168.8208371084664 0
287.2784613422855 -101.4037391218377 0
263.0252366585088 117.674220999189 0
261.6949605867082 59.68060063868703 0
23.26263877820817 255.1447491662912 0
290.3568779578663 48.02424973303829 0
271.8062103271474 -17.36456223534846 0
265.2174757926637 -93.82235465522393 0
159.9477084815069 166.5146849535208 0
238.9554655209205 -76.47705711644521 0
102.8216084345026 211.1222271042482 0
153.047424883211 252.2258853180374 0
46.99297506573784 300.8536449391218 0
50.06819135343692 300.9879381621288 0
45.38583532414864 303.8432056806384 0
51.81677110373011 303.4652997413796 0
52.95499214809654 300.7883641206741 0
220.541689879732 -52.49113942724111 0
275.2238782352825 -89.88157092550384 0
114.6752987653129 268.0579145617927 0
213.6073463420117 -68.88981877746582 0
264.1673819261826 120.4484843265879 0
135.6846795571836 236.3541697373564 0
90.96741864527411 209.5556427339866 0
172.9122202835448 239.16194330729 0
277.5410549028802 30.64163495492785 0
148.9316022297544 227.664823147197 0
157.2551965598643 187.0174792329546 0
232.6852166229769 152.8947194164138 0
61.83116830594832 247.4276072672363 0
46.44133159687425 292.9019262398249 0
231.925116406873 -24.89029907883394 0
17.62038550166763 275.0353145592687 0
162.9219061722905 166.9002761237259 0
190.9067137412746 126.2259579045002 0
121.728739159867 216.2443305267277 0
198.674142258913 192.8718211161795 0
263.4859369970836 125.5990623085079 0
227.4725771490495 -90.96556247688258 0
293.875230230177 -24.7690592040439 0
258.9854896312626 80.22682623809617 0
281.7045286588562 67.81572109027002 0
295.9715573300663 -6.181016095453991 0
56.01064498800856 288.9688670159285 0
14.00535150760111 279.758822931234 0
292.1806770180492 45.6481648549578 0
87.33221230091979 214.2886638705012 0
276.6965598097687 82.85074677831849 0
201.6580153110699 193.2581419241925 0
284.9662232791221 -106.875895582267 0
289.3371566827576 -104.1315604532391 0
192.0450073416986 129.0008527483351 0
16.88832465160823 246.4624709135803 0
92.79484445541512 207.1858285146826 0
76.54090725940156 270.8228909793188 0
253.5699008336331 -27.58952943631623 0
70.6079062767472 270.0343014789539 0
263.506714380475 57.31169050258495 0
66.60931522962852 245.4538359775409 0
58.64495073439426 226.1214612976024 0
174.0594380455832 241.9347839081664 0
241.5867553280823 154.0787139791666 0
131.0514191391309 191.3838399115523 0
292.799883506521 6.483190800143593 0
232.9917561668453 -56.03707453644748 0
163.5897814515317 161.7783324386338 0
246.381061569706 37.01783365361591 0
60.34844379502927 279.1088615478461 0
249.254350968599 173.6053321254268 0
151.8847651347008 228.1114677647064 0
227.8943239343499 154.8671864856049 0
156.0165933625896 252.6206959237632 0
102.3992085480602 237.1523757427511 0
132.4566076383373 215.0421990908723 0
297.7938428209295 -8.5581964672418 0
251.1526656997003 116.0925226656036 0
258.6930629484972 127.5664414348207 0
166.5636236738972 162.1635445320306 0
127.6601451887762 217.0148980419196 0
202.3215699185969 188.1250738683499 0
138.6588936131068 258.1647941696543 0
122.2431726804185 224.1160033020278 0
157.9267827337546 181.8897116353542 0
283.2435620648133 -70.56091740706006 0
29.59158355968335 297.67185750049 0
256.8671581440768 129.9406858886685 0
242.728994841944 156.8500455975571 0
22.80000062670934 281.1602122436725 0
146.0776761159341 180.3264970964785 0
119.225742753864 223.745262368929 0
187.2697824318235 130.9627229946736 0
229.0352860621098 157.640846625762 0
295.1512842017087 46.03744398442484 0
279.6668628958161 83.24115333374289 0
235.1320668062453 -92.53564098486677 0
224.7980026273877 -62.31139485651067 0
204.1454341284469 185.7520929829772 0
159.747113781695 179.5211444856438 0
109.8781326303367 270.035170809101 0
133.1307814670224 209.9188898733877 0
247.519885153461 39.76654888438919 0
242.7923817535358 -94.10796504433968 0
69.27460545263789 259.0065194365664 0
134.9458824156969 207.5449570378479 0
98.04093782186341 213.0940368165131 0
115.589903350576 228.4778698692125 0
254.2431946530306 -32.72304143599215 0
11.32830378248144 266.4441119261857 0
167.2252595070387 157.0438457897494 0
269.2530745055695 -126.2160497310104 0
61.56687346003648 260.4193922882078 0
143.850685090929 208.7231300758179 0
185.4489263309798 133.3412132140042 0
293.355324122488 -79.71031006921652 0
39.12799548852397 260.0014912942059 0
207.1330531443292 186.1366530094108 0
259.6625094648874 75.08977483764531 0
300.7418173348977 -8.153023175809953 0
149.8247933598595 209.4821880195046 0
162.7141910654728 179.9091049840384 0
156.3689792221201 205.1495710135788 0
9.705846054450355 289.5445820366968 0
286.6847174820555 -62.26786540605126 0
118.5965814022222 228.8558474486678 0
295.7693611829155 6.873004462386625 0
62.17522704062716 276.7396935481794 0
169.0444248997681 154.6771113901921 0
237.9358881785975 158.8279826969929 0
282.8482899889835 70.58510522902444 0
244.3014552121786 18.47574652190939 0
140.9451979564776 263.7047196147979 0
41.3711392229577 231.6352074094525 0
246.8198101454391 125.9955886958281 0
139.8018760900707 260.9340637097611 0
298.737291277769 7.261361040097513 0
233.5955508994346 19.68299201216737 0
161.170710988408 203.1764045998393 0
207.7929096129081 181.0059134450069 0
172.0234443341789 155.0593062618134 0
298.1009440042087 46.40655973872311 0
257.7394063191103 -105.1989927752434 0
96.21877820421588 215.4611308813536 0
167.5044851766206 177.9306103128022 0
302.5861875116482 -10.54698443543984 0
21.43429804036239 291.3628959153856 0
210.7829318517258 181.3891742915917 0
239.0773061474052 161.5999215328084 0
291.2417183622405 29.82597235370485 0
67.2938565798259 240.3241437592225 0
161.8444829922413 198.0538433598768 0
139.1186843574147 266.0786235363395 0
172.232712465722 244.3084863959278 0
295.7951329269609 -74.0512233537471 0
298.0289357341815 -76.55627037338564 0
107.1863070334162 235.1775903605965 0
164.8815687389041 198.4132901423127 0
280.3440970252774 78.09984052335705 0
172.6809476361256 149.9432273735534 0
299.884964608719 10.02756506695915 0
287.7475451194706 -93.47753758857846 0
290.7136266118486 -93.06953221361645 0
165.4735812523029 193.3178822153111 0
235.4142948906492 17.31205248080494 0
168.5240723352013 193.6715019035805 0
77.27964237620299 265.5970305915326 0
211.4403750758714 176.2596634284298 0
18.21677050854058 303.9897826809454 0
21.18829297402544 304.3301982869162 0
15.98768568150078 306.2165109989465 0
13.70048580727761 305.3548699862872 0
176.8777140888192 186.9801138416596 0
266.8279085645196 -83.14910193503749 0
274.8523250280161 -128.5789554791968 0
105.0821684142546 272.0123681570578 0
175.6631577208528 150.32334577758 0
77.54356721689533 231.2410890922867 0
262.5974096839735 75.48995821794135 0
220.9202436067576 70.18612774130972 0
169.1113602755217 188.5761790933262 0
168.169129584231 172.8055762698166 0
234.2850830555414 163.5771327749438 0
214.4327283482224 176.6417984327765 0
101.457622321786 221.372002444954 0
49.40027021262253 293.3009838437948 0
69.82568037072058 295.8471042296003 0
157.1611488065104 255.386530404851 0
247.2649058422514 18.86511090287486 0
177.5597338026807 181.8523049532892 0
294.2120373109235 30.21714521473815 0
180.6070177981209 182.2064201373667 0
181.1874324764254 177.1169501948039 0
96.67457414819621 223.3459578524573 0
80.50745453846812 231.6320257429552 0
248.6458055950688 123.6209475601861 0
184.2645524985527 177.4593126551507 0
64.78683916607847 247.8221428863946 0
293.3993269467629 -32.68029800769961 0
184.818563254013 172.3806421395451 0
169.989401639048 170.4370797729783 0
91.89128970529556 225.3197754499774 0
186.6396373531375 170.010363008324 0
176.3133227720218 145.2082068801064 0
22.56110979379147 294.1115793771369 0
302.8875745422034 10.39286703699887 0
189.7328121107369 170.3459598401373 0
66.15743782500999 237.5641007879383 0
140.260498455955 268.850109161736 0
250.2291088676942 19.2548799105379 0
235.4257939268236 166.3500474143952 0
297.1818219991952 30.60787842038945 0
85.29799629156217 229.657576356042 0
215.0864684920376 171.5138012531632 0
190.2935888855562 165.2652054476031 0
290.5202787737004 94.98150027796318 0
291.2639238535423 97.99663977579623 0
122.8745013566422 218.9994857545944 0
172.9678995883067 170.8216175425075 0
193.3782276834284 165.6038876345829 0
179.3027668321168 145.5875077314485 0
28.00275683264292 287.0590014344345 0
251.372391537285 22.01512124734657 0
193.9236595781185 160.529533865795 0
70.37653363842685 283.0612025799452 0
299.0033323653255 28.23187681792356 0
218.0824484352726 171.8945027176375 0
158.2927871081448 258.0484152338144 0
296.6584634393159 69.9371616550996 0
195.744621130914 158.1593730086679 0
20.03598671059862 233.9546250610034 0
198.8462563130662 158.4909232096497 0
254.3357905028814 22.38353145104409 0
253.4446138355546 121.6316830931552 0
40.23564882317768 228.8807077901226 0
179.9584325019547 140.4748986047938 0
199.3865015279735 153.4190819938515 0
220.2374876285688 75.31454322397941 0
230.6340197345701 168.3260298271386 0
301.9412325912643 28.55886589046225 0
218.7337043141546 166.7676727942727 0
73.57273814217145 270.4288693117835 0
201.207425486214 151.0489438150619 0
58.97209204865922 289.3669403218393 0
173.6279416668742 165.6992745486103 0
17.80501897481494 296.0548390224925 0
258.8731028620641 -102.4598063008379 0
182.9332943014657 140.853368257397 0
204.3142814397783 151.3780298926953 0
76.31413802284052 283.8531770014617 0
288.8458182718768 -90.68435543899014 0
221.7257746467036 167.1483470071149 0
173.3820506655134 247.0594291068996 0
231.7741562096335 171.1000622478201 0
204.8492770639333 146.3086461772833 0
176.6103878022145 166.0822179892148 0
254.1205426417192 116.4876111489219 0
206.6702101929044 143.9384777684116 0
107.3651491334397 277.5551431401631 0
174.7528865246259 250.1888345173191 0
253.3031516255988 -48.50224237267743 0
65.46967095986929 242.7003765042414 0
209.7824030856272 144.2650702733946 0
225.6416946158105 -88.59894449357708 0
265.8864008287941 -98.93511818039843 0
210.3258420096231 139.1927109800114 0
106.2226229023842 274.7829432325316 0
105.5384297806193 279.9272149760632 0
76.85973894997966 236.3678769281622 0
236.262820920321 -89.8016919028267 0
177.2699019177398 160.9604706563733 0
226.9833156539217 173.075135497107 0
213.4279200810273 139.5229960142591 0
50.43650204339221 295.9850382189443 0
276.3699958812372 -87.12210962301086 0
213.971577541775 134.4497294631271 0
224.2402913438061 159.6164422665954 0
180.2526547218095 161.3431078515401 0
156.3153886387168 171.2506488947245 0
73.3445683216402 283.45753417014 0
23.44601459557561 242.1895718807718 0
30.70343604697802 300.5045915523508 0
251.4776804798457 -46.12532585047273 0
262.3433311074318 122.8225161402188 0
269.0118552554476 -111.4884205907794 0
59.32813529328718 221.0026027105285 0
294.0671135741426 -37.82213549565906 0
228.1228528224944 175.85121187048 0
225.1602884633992 209.4977651287922 0
83.37931115879587 287.4218470170244 0
180.9096422362347 156.222658118842 0
301.4426839325068 46.54978943343603 0
143.2715457870574 269.0794058976804 0
51.12754893286954 248.575240520346 0
164.5343385045064 177.5418530527001 0
29.80402123858716 284.7050837131501 0
271.0169115367399 137.1344400451017 0
304.222205551015 -46.76298196591883 0
61.24258069795068 294.9415318666669 0
223.3324482558667 177.8242617086507 0
183.8948293203269 156.6041185828649 0
106.6634016105448 282.6534498573414 0
282.1670691971856 75.72639728842151 0
78.13674958956312 281.4846503271336 0
237.3849290761958 -87.05500444427317 0
224.4724981202647 180.6051937628887 0
22.96882463204012 234.3487092914544 0
184.551210005586 151.4833605199358 0
82.32958251736159 229.2666796659805 0
186.372309869599 149.1151606474427 0
60.10617346795981 292.1439077774512 0
212.2767359556761 89.91351895358753 0
257.0652496979683 -100.1001373821601 0
214.5571516223962 95.43628068550589 0
305.609696584926 11.17119573222503 0
285.1392914959278 76.11842148482489 0
295.8898222895704 -40.20077934926135 0
24.80471150772774 232.0059849280426 0
189.3569091346724 149.4961403574868 0
275.6978089312951 -82.00030664731381 0
264.32465183727 -75.62426232105929 0
288.1100082968799 76.51117531022658 0
207.6593168367531 125.7570703565844 0
219.6795095698478 182.5659687615732 0
32.00664945120418 303.271492038023 0
28.02509968104091 306.5392392118545 0
289.2549872169989 79.27604817789609 0
87.10875541545514 227.291769518328 0
31.84758100913853 235.558658480587 0
297.7122084809414 -42.58033273879911 0
52.28370992286143 251.3510983427043 0
32.64377999877794 285.1448160071328 0
299.6279493830596 57.05115029219144 0
190.0085225231088 144.3783065412537 0
292.1041273729416 79.69381217984915 0
217.8550588664338 184.9404295172234 0
193.0001226262638 144.7569328030728 0
218.9922091047854 187.7275695077233 0
29.56832616539412 230.0489401849866 0
243.9258931309101 -91.37073651128333 0
213.417544821473 92.67405921608486 0
299.4752597577126 -44.99632682983385 0
193.6480614268989 139.640554337118 0
245.059627609686 -88.63152449946931 0
214.2049281131424 189.6969118660945 0
196.6421309257296 140.0181183819314 0
215.3407035884952 192.4754025858207 0
291.4918070386726 -98.62340421045539 0
258.0044226773196 132.7116959121253 0
197.2876820352816 134.9028783605424 0
266.2382398210055 139.0365744096168 0
278.6606973744305 -81.60403442110311 0
81.10280233026606 281.8830295914194 0
200.2840184698903 135.2793268890586 0
210.5537867115508 194.4455269752029 0
268.0625054493051 136.6843468514244 0
82.24354935803436 284.6518437233534 0
200.9273187151324 130.16508589686 0
211.691632271126 197.2317506254926 0
81.55375139568996 289.7867193468779 0
259.1495406207271 135.4786745802811 0
243.2530836352547 -86.27300993933142 0
90.07492189688892 227.6848812858721 0
203.9259307426411 130.5404491876366 0
267.0267357408828 -96.17931909311444 0
262.1211372020965 135.8772469567433 0
263.2689869903638 138.6416908898427 0
204.5971658446718 125.4187499609987 0
203.3003592174996 88.89206330387876 0
206.9002613718617 199.1814341996193 0
30.709178704615 232.8007774207333 0
94.85793575427041 225.711679177049 0
277.9893047638586 -76.48262457005906 0
205.0757208937616 201.5557451758636 0
107.7443391026522 285.1365131311673 0
206.2114256904924 204.3588913532151 0
7.423975120254917 308.0549420770459 0
280.7534405116367 -126.9527089998057 0
99.64133522186764 223.7379221799587 0
201.4214271445751 206.313260932705 0
199.5964842337947 208.7010996454115 0
104.42079563778 221.7675529342021 0
277.8360640524186 132.6261106146527 0
255.0070307396848 -84.69624485077055 0
82.59428117212977 292.6895423689814 0
200.7279273083097 211.4830746795272 0
271.9515120812579 -111.1073529438949 0
206.522033217889 -80.65800774170846 0
22.2812022313569 307.0920185405348 0
20.74575897811414 296.4553808336817 0
195.9465506944397 213.4334270559506 0
279.1333226246949 -73.7243529138026 0
105.5656318639517 224.5264218656548 0
106.7099678922274 227.2869654743957 0
253.20068271444 -82.33974604500348 0
109.6647248936776 227.6827420781188 0
194.1210983168051 215.8230281669327 0
30.49427635714773 245.7743476421861 0
110.8133329981402 230.4435885624843 0
195.2509108689443 218.6062515326262 0
207.7259926005879 -69.71457343264017 0
293.5631830318365 69.39863548865915 0
282.0982674034872 -73.32244298927719 0
12.17433861292458 221.3981234741021 0
190.4684018362742 220.5573668268811 0
254.3287290015313 -79.56213219366722 0
208.2022344261829 120.6850009409657 0
210.0436067291562 118.3183625774054 0
302.9820761406454 -36.29584020004211 0
305.1684525504384 -41.18534905546373 0
305.897629398341 -35.20093145991744 0
188.6442011161012 222.9479270234167 0
214.8641018423095 116.3162506412904 0
26.2097723939002 255.5849410856252 0
281.4233782954278 -68.20244827300337 0
283.2476325396044 10.39055662024509 0
40.03516551962804 304.8806149601231 0
189.7730338230763 225.7268210922048 0
272.8503415644568 66.54355574507852 0
268.0697254220659 68.44417888652966 0
269.1761034447159 71.34954967412642 0
273.1035334840071 -108.3689466562714 0
266.0365618620051 83.85766141296207 0
267.8054790105762 47.54587620938325 0
264.4253704579356 73.11159391702415 0
264.191181505973 86.20978039088118 0
276.0549132148402 -107.9897975537516 0
263.0107283385514 49.4355434014185 0
266.4519954825032 91.97702520625489 0
49.99615831846484 245.8153566419628 0
265.048485164756 34.06530636367612 0
268.1959852718857 21.45479950728379 0
265.752400593934 28.92418715515756 0
282.1302371988457 7.596803002918532 0
209.3563502972461 225.754105117893 0
250.767601418299 178.8617203233303 0
260.3859968206953 164.0266026209385 0
301.4961665377132 -61.3892917185516 0
247.4003169371002 183.6372017687005 0
234.4635618775276 199.971396411935 0
263.6712961682125 159.0541607742821 0
230.4634072733418 204.4423971838708 0
191.2580007515498 241.0916766956443 0
288.8670160636842 105.4898971046735 0
298.3488703190408 77.03076229983549 0
296.2143639378679 82.80577755019638 0
307.728649918723 -11.51637807551992 0
114.7133933639592 285.8956309321375 0
307.936125777606 -5.651531802204186 0
162.3817197228319 261.2170624062455 0
307.5306484569402 18.12849877822955 0
141.5910460982603 273.4344722268779 0
304.1610017041059 48.05975098340869 0
303.2673203013936 53.84225572711757 0
136.3653305282218 276.3232810448976 0
254.1290334665661 173.9537545115051 0
302.9870727356987 -55.75247013048805 0
300.0865011650949 -56.29064884377616 0
243.8323309363518 188.3993329334551 0
172.4307558104786 255.2874918652119 0
306.4061523636032 -29.06867491090918 0
157.3573742669058 264.8808844694337 0
154.7082295146396 266.2584823968791 0
299.4832966399188 70.88472625873422 0
306.4853825326747 30.14492604570293 0
306.1777599765976 33.1157615649163 0
304.7956499605077 41.95719661859849 0
72.21338331293285 299.5708977707635 0
271.0567771208473 145.752441272326 0
306.9057827977251 -20.54840219651645 0
274.3590782805665 9.157420630638693 0
257.5927559068389 90.49888404290868 0
267.0906714231328 18.66833494940737 0
226.8395328144773 117.806180991639 0
113.7814839114139 230.8382122487322 0
267.7708418043691 13.46587083187823 0
272.7526457643683 -1.586978093112692 0
255.0434469757274 98.07110252896173 0
269.5829778835961 11.1207421470186 0
250.3064388868465 100.0745034439314 0
274.5703017469917 -3.894433569161779 0
275.2543185230721 -9.066800806470525 0
251.3960506914771 103.0669162394796 0
249.572388899844 105.4407089951847 0
247.7560513688555 107.7702766535127 0
273.6225427597083 -19.74832201104837 0
268.4382632472385 -72.50136463739847 0
275.4413286145656 -22.06793389627752 0
282.571042783859 -65.44068501420253 0
243.0196584350199 109.4825224561896 0
241.2096799934195 111.9026660064727 0
240.4955945716887 117.1653836492264 0
267.8914071155704 -33.50758578421992 0
270.2595587199238 -74.88274742564344 0
277.8554246023816 -110.3559756275931 0
225.7238702228836 102.087458407734 0
285.5388372365416 -65.03262952551574 0
211.8178164049203 218.0930737407656 0
196.3067511954202 237.4820620964394 0
231.8491343391297 102.7943021245136 0
222.95643661645 20.82569030215835 0
195.1926152812836 108.4298945820658 0
233.6552857181737 100.4393417430444 0
21.87247488259424 299.2074858239954 0
235.7091295006433 119.0536033281787 0
256.390705223455 -94.99115600205454 0
233.8982619651648 121.3668752825396 0
234.9771614218026 124.4470950864046 0
230.2541733421224 126.093130042108 0
231.3271030256187 129.1292279329065 0
208.8609064591163 -95.88868597782388 0
231.7833978962379 137.0434472847778 0
284.8671781384343 -59.91028159722441 0
229.9707403957979 139.4415367130951 0
125.8542981959294 219.3832042151972 0
225.233640070652 141.1595850732207 0
214.2324496128816 155.675751868433 0
220.4540974832579 143.1719933661745 0
232.6285566248543 -85.07825246675665 0
286.0139528733202 -57.15127225382048 0
221.5360028755464 146.1620793385464 0
130.6351786755105 217.4016147970828 0
216.8152729624636 147.8240195929532 0
217.8873045989795 150.909281993139 0
213.1691497198883 152.5654870593684 0
288.9872816592419 -56.75068806599619 0
227.8244300858353 86.69610589990286 0
278.4884606774279 -115.4427525826391 0
54.71323150702277 302.907657399391 0
55.81445682219803 300.1286309749786 0
228.5155139837091 81.55076197505633 0
22.97409437049701 301.9406011955047 0
229.1758786585835 76.43365951503678 0
56.33702646589455 297.2256117215485 0
230.9665260780918 74.08167639498002 0
291.9589670183644 -56.3634091684446 0
234.1217801777412 74.37143347100127 0
252.5263753055279 -77.2230039695922 0
294.9439185034554 -55.94941682626843 0
187.9579863458551 228.0899991827411 0
135.9455359433021 172.0255743862328 0
189.0952423360635 230.8609632415487 0
137.9222545497915 207.9439512992869 0
281.3228834665229 -115.0267180757961 0
234.584643932925 69.34195659363716 0
190.2260641764174 233.6209838297119 0
139.1014215902238 210.710230033231 0
142.0616762821171 211.0956281529917 0
191.3198207959666 236.3533048846844 0
235.3170414706059 64.1793888148996 0
235.9490160994776 59.0662711603684 0
242.0972666668018 59.73967199113612 0
244.2029592668836 -36.57921370642613 0
221.8237796800956 17.96529376121373 0
146.8288144926985 209.1036138034975 0
151.5864525719725 207.1111653855495 0
30.913143480322 219.8262172653881 0
154.5633784376888 207.5078423747491 0
245.0964328679952 47.2082217359164 0
254.1466510287996 48.25654150739285 0
252.3199754603576 50.63786816845915 0
159.3586495962127 205.5383198271614 0
209.5090838474037 157.3223097741555 0
210.5636574391789 160.4479747877139 0
205.8632881716064 162.0645414469656 0
206.9167187260709 165.1936745102896 0
202.2175194593135 166.8068170499465 0
203.2698088324748 169.9393498187762 0
151.482214329335 241.5318809037978 0
250.5507726585617 40.09011994871582 0
198.5717039874664 171.5491380999638 0
199.6227829385745 174.6850481500035 0
252.3637515021464 37.73021094680005 0
253.651735103034 -74.47369376992106 0
194.9232633391019 176.2701579806215 0
193.0999848811548 178.6635152273096 0
255.5584956129337 37.99822412273598 0
257.3161038754484 35.65260860385382 0
194.1518560409379 181.804229580794 0
189.4567719379166 183.4053735744061 0
190.5049947161739 186.5499888150916 0
257.7914475349809 30.62001256824682 0
185.8105476539433 188.1481261898337 0
186.8576145734039 191.296245031502 0
128.6263328227494 177.3953673732034 0
255.7469977447047 92.83608526867108 0
254.7917742138782 -71.72409093070338 0
172.0857313635179 188.9222317174033 0
182.1635167036421 192.8912948745788 0
183.2100309132934 196.042732769779 0
175.0619834676328 189.3186495461506 0
178.5171204353843 197.6343421782747 0
179.5622784437363 200.7894591097883 0
100.036456801889 197.7169155857998 0
174.8706912818659 202.3778101031028 0
175.914306492063 205.536479745969 0
96.98118233770805 265.5473048601964 0
255.9369173603096 -68.97001302576911 0
171.2236594085479 207.1216224355166 0
172.2709966517234 210.2298782705357 0
167.569980004734 211.8373600309577 0
257.3457233738445 22.70811247168486 0
169.7270234252211 217.6873619228822 0
258.0708182313476 17.55060479716784 0
257.0760694130624 -66.21853031864791 0
20.75626726891318 262.5681330316285 0
169.0661643945411 222.9114240065643 0
167.256074745155 225.3170229725323 0
53.96762134538672 215.2419032891971 0
162.5661277535324 226.8875961331734 0
163.6057588613624 230.0417569149628 0
216.8163708651262 -89.74676275763008 0
258.2222372994651 -63.46249520921878 0
234.3782809306103 -74.3060603317432 0
158.8996327289103 231.6554734642248 0
216.333928042782 -48.27083170366563 0
259.3618837344374 -60.70914201911985 0
4.958996157387367 257.9216941413717 0
246.3163727320542 -18.02277675970227 0
251.8146673928076 -4.125642575512655 0
260.5090323350259 -57.95138241393535 0
24.77738986139877 265.7089097409341 0
152.184619870289 236.3478499345265 0
261.6491009950677 -55.19647563061915 0
4.365154641317576 305.0703121513886 0
141.540933407656 237.2516515484075 0
262.7970768950868 -52.43729466123064 0
243.6482996281331 -57.31112333781797 0
241.9727505607163 -54.97796467928173 0
21.86470150823088 265.3058035534943 0
25.96953470317694 268.4793737741462 0
248.0860270338987 -20.38268209985031 0
237.0304344339645 -52.94342743139994 0
136.7621164349375 239.2077896931119 0
134.9256082083582 241.5431483177397 0
263.9375187307336 -49.68105102865437 0
240.3932519559674 -31.69362306036178 0
246.1284160750576 -64.80011183515543 0
237.5910145056245 -45.08520359077754 0
137.1107605008679 247.4536344476414 0
135.2992125269223 249.8670103370087 0
265.0862385302281 -46.92060987158894 0
245.5401498390221 -114.2719070656323 0
266.2238303099805 -44.16433807911064 0
28.92316533967846 268.9342587763866 0
267.3747886858372 -41.40118485203017 0
241.8497041006341 -76.06102885014626 0
268.5498750762225 -38.61714570504986 0
216.8870942717684 -60.54301210724288 0
284.5240055519934 -118.8128795819603 0
115.3012959472625 241.5921453240165 0
269.6952419501715 -35.84563244997474 0
110.4940898457077 243.6093756312041 0
296.8733104373974 -71.29053149763661 0
269.0439266319667 -30.7405657031262 0
105.720852609675 245.4982283956178 0
272.0015534391218 -30.31243378444195 0
113.1550569845779 257.4361514402041 0
273.1578260053426 -27.57127502153567 0
276.141610345582 -27.14029315242565 0
111.3495172176609 259.6821830646185 0
100.72279827568 260.6776635271482 0
108.8792491504837 287.7474045925638 0
66.52744123006588 300.7328346784308 0
277.263559531796 -24.37546841611062 0
28.2258520594036 274.003890416314 0
223.9238418398321 104.4488345206688 0
63.65349406878653 266.3464691615292 0
62.63980047043754 263.2258210090239 0
244.389126090142 -62.45954395090961 0
82.20116735107072 263.3739664459506 0
148.1483181637641 165.0043616854817 0
242.3673693920331 -34.16640500407477 0
70.2763109697417 262.0647835869129 0
274.721344590755 -16.93821629973467 0
225.2960660446878 94.26640380927093 0
275.9026512971997 -14.14127097440999 0
277.068145116964 -11.35512113365482 0
49.91489836483815 267.2797213072944 0
206.723895549596 -72.54423588834591 0
39.73593234888713 276.1583197102879 0
45.2765923195839 268.9279523695286 0
40.57807789125353 270.7134342908474 0
38.76870608045415 273.0391649453624 0
276.3790118930032 -6.224471327364252 0
260.5214261792216 159.0918849021239 0
240.3357695975135 49.20706839352311 0
216.3497833407019 59.20110553937456 0
273.8348958905328 1.232664826767398 0
189.212589297747 115.7686912341937 0
4.589967629214989 218.9385099691885 0
276.8223171965896 1.651746551455882 0
283.9388489167977 5.262868364008055 0
279.819433037145 2.079237862273595 0
282.7983067718385 2.500909196181978 0
19.60878053847106 226.5706990002121 0
293.5867940793589 -93.06776312099225 0
35.13067436496635 277.7286191949763 0
33.30109203530471 280.0686378187103 0
268.8971658802644 16.31653835861734 0
287.7939632357045 -110.5341739590105 0
10.21550449535143 297.6908184414787 0
37.63817349844913 291.5058052234385 0
266.4084604499646 23.81492303084328 0
213.0794389747888 118.6678886093834 0
267.5439556078513 26.61246327925786 0
266.8701702381863 31.73330013861685 0
217.7952835988204 116.6391081254877 0
266.1372041149045 36.82264207865624 0
220.756604612515 117.0275286317436 0
267.2685588545535 39.58333722208542 0
226.0789922433587 -101.2888400700553 0
268.4750090948037 42.39192843591922 0
269.6137607282403 45.19601365382198 0
223.7509589942449 117.42540990774 0
77.37631582721633 210.1027773867417 0
130.6177123965583 251.488999368969 0
204.5307038661411 227.5818462721214 0
101.7670451670816 263.59927474736 0
264.1365170913145 52.2243994525203 0
265.2724413217024 55.00982586138971 0
266.3966431760431 57.76720982837905 0
228.7711034835198 102.4476179347727 0
13.30512029953695 284.9336911321429 0
267.5534633272256 60.51888922380148 0
274.6942467735374 64.20891058668153 0
273.5414715487688 61.43060374008785 0
270.5404953294234 60.96779280349141 0
213.446105703293 -60.52671391435248 0
221.6201514722162 -3.204932514114431 0
160.5724355228084 153.7447763983307 0
304.1970319423407 21.1788646514796 0
5.218352571813011 245.002274346168 0
265.4732463297419 75.93526727465277 0
200.2117119815919 101.2670799144275 0
267.8143486825614 81.55922884501936 0
266.6507473781759 78.73487554874156 0
265.313289470269 89.07398096321073 0
224.0597394096821 -78.23106944379555 0
86.79592783845371 295.4973764099225 0
211.3883416566942 74.24966911386348 0
281.1449955961009 119.6413544726354 0
208.5717597871491 -74.97243136694446 0
123.9748633556605 243.1082375863783 0
238.9746606918843 59.39247700118413 0
285.3000758147334 116.6045414434647 0
130.9541199598491 175.525349606646 0
12.52147264689616 303.2067268887549 0
242.3109249289594 114.7940461038468 0
151.1256883610452 233.3903363458778 0
243.3301130856586 49.551259697554 0
150.3858047828301 238.6334075210531 0
88.99721705313897 258.9180060320469 0
248.1121917348626 47.54982274626676 0
92.35100414929408 293.8885531231288 0
300.632440571981 -67.43256703423509 0
287.6231097380821 102.5439844353932 0
256.8457847096087 95.67342622113432 0
207.5613782492795 -77.8068079704727 0
229.4636347029028 131.2996110864322 0
230.6309716099281 134.1187779974698 0
182.0528388894418 248.5167823300176 0
131.7899845590066 275.2553767141865 0
307.9667596894278 3.574673155977687 0
278.3672223513929 127.3565607937898 0
261.4894218144489 -122.3578922744884 0
276.4573946240848 129.9076593833687 0
128.2806731194255 279.9133144190855 0
240.1902549793024 -52.61546911142223 0
108.0299525998745 196.1123910271028 0
218.6556469012097 -36.94919381528475 0
296.1351008822646 -79.434190807253 0
98.22556149400449 289.5849258524567 0
4.817394016875884 237.2318030088653 0
221.3949220918425 -99.60020690411363 0
277.1886399145049 -130.4024818107064 0
59.72444631892283 215.9295384930946 0
242.1236245407156 -109.577593864737 0
305.436005195666 -9.730867798038965 0
136.2363426689585 273.6112730708862 0
86.66702998537494 201.1741416776969 0
34.11671502374396 306.2160633097936 0
223.6368612024017 -18.09234031239759 0
262.2963266228625 156.5303238752822 0
122.6522496641269 282.6700958774466 0
219.9756754598526 211.2238216854531 0
291.6906064555442 -90.32759553391162 0
2.26214376501142 291.214671836073 0
167.9583977572196 219.9773825943585 0
2.261568209633916 229.5085663774907 0
168.5853407351887 214.7519085311493 0
237.7232346794826 -107.8978505110237 0
217.1589513528548 28.57317357140521 0
301.9612907157401 62.18010652382151 0
305.0486772452829 16.18865559175368 0
10.61627431306319 229.0113215400268 0
9.041875872949069 294.7108972282584 0
185.9516834859809 115.8768015801962 0
273.0269395253023 143.5872221175377 0
198.5994308204507 235.7173401709353 0
238.2489011469382 195.4429024729008 0
206.4119783447344 225.2101397109169 0
136.0141477008389 244.4890859330472 0
307.6414904710624 -17.34546584915862 0
174.9515959784937 253.7765390817066 0
149.4094042235595 269.6183258052877 0
221.0712626533021 15.54331178425108 0
111.4817928637604 191.6539568703687 0
106.7553521959265 248.3240100899317 0
108.0172180748904 251.1404113216053 0
110.9748277858082 251.6984077881802 0
112.1682181571515 254.486080923781 0
289.4893238190293 99.98893589860606 0
71.64788065062061 209.6796258551245 0
23.92976353308418 304.5211740674937 0
159.7766086799279 149.1527764642169 0
216.69263681783 -97.38284272796412 0
307.9029207121943 9.397751680451291 0
255.9495825613404 -119.919591797362 0
75.11000541451206 298.8809022041287 0
307.9444690735394 12.48407753251682 0
150.09654874916 162.8560371242302 0
297.4812365393695 -55.35944468698051 0
2.407535398252429 303.2664907889689 0
299.8566383299898 -70.42485064330451 0
268.495582334817 151.3068253553481 0
203.5128001814408 -93.89014970676283 0
274.0562354874568 -125.9928006507359 0
82.16522702310478 208.5964767097766 0
217.6677656500622 -53.04732272697223 0
154.9133792746434 160.9106156975605 0
49.35919577107707 264.1545901368527 0
302.2079907082019 -44.77901566351835 0
2.18644289678668 270.5538603490155 0
203.2756270601463 81.1265776018778 0
23.97492073660843 220.2661536361724 0
187.568512067339 240.9175236329739 0
211.3053447426315 66.29936538325055 0
103.9522522153401 290.2796103598209 0
159.3920793831302 260.6157986727653 0
167.7026905041624 258.9597137875939 0
216.6451371713608 45.7946673319675 0
253.5798987616876 -116.0431668868425 0
201.6764039788301 91.60600261859182 0
118.5644647324173 186.9516708977387 0
27.392886481219 219.9283165321723 0
237.1057339431024 -73.99120802820738 0
45.64645224073027 216.7253843974417 0
38.67055636569968 218.5294238358421 0
287.7708488747943 111.1646173852651 0
179.7866030150224 250.371993476732 0
307.4180256779648 -26.34753431470454 0
295.6145324885731 -87.50115262987975 0
220.1740896741104 -26.63180418161926 0
83.50224116166194 202.4353319728523 0
295.5128395458881 88.40042042124128 0
294.8353159503384 80.10643959007331 0
81.04705251084965 297.5763718874115 0
185.5483530852718 120.7366711010912 0
195.7148377595815 102.658675653393 0
94.81152137260713 197.2256371822724 0
220.0135092115189 215.7927254935387 0
95.2080152585101 293.3217767909078 0
303.8188167340081 34.28899547547536 0
50.94984300057217 261.2172351776194 0
263.9147084475786 154.1678593313986 0
217.4094070120637 54.09550676300211 0
34.22404612433365 282.9230948287941 0
198.8639126905196 97.89423982547099 0
164.3467013189214 149.1164433057865 0
74.73153726334675 293.8909690081565 0
35.37930460848266 285.7088569809079 0
152.4498488161507 264.9973668184765 0
72.81208665716035 296.6026023856667 0
35.94031735048047 293.593983191204 0
36.51592652204979 288.5407749184601 0
217.7244116049592 -39.64630085580488 0
51.57612541186263 298.5285386703518 0
224.2347169630242 2.454603176749257 0
37.19260411039136 296.3679657759571 0
40.12409784013234 297.009346418038 0
41.26587918126438 299.7133103249174 0
42.22996615761735 302.6030928851668 0
2.054969489762828 297.3218688123096 0
232.2742021317478 -105.2408188061025 0
65.24152416013995 214.2443966793961 0
123.5436954959606 180.5841895227837 0
4.750924895667727 263.1437289548938 0
2.033270820693789 250.3403208162824 0
241.116273571033 188.1394138800941 0
51.11858812236465 215.4763333921156 0
223.515576408609 7.844285090581097 0
2.000729895403719 223.9132000686222 0
218.3558599793928 36.21681629415933 0
11.40888993298189 233.3047590057589 0
152.9712266843817 163.2953498689317 0
205.293152394496 230.1176920696248 0
239.3778950754924 190.400968761786 0
182.5905031002986 120.8129115923052 0
280.6638728184175 127.9303419228447 0
298.795792831846 -65.49306955261568 0
133.6316896832357 176.2019911779669 0
242.9417808976638 185.6394904688715 0
216.5640411993535 32.01805070011619 0
91.0537318385324 201.9327390130169 0
143.0820079249084 172.2421952432354 0
284.181872083719 119.3167953029158 0
244.7421342289414 183.3413465316906 0
163.7634337762289 144.6642061124136 0
304.4627763722138 28.63599584443023 0
240.173093556577 193.1122998375586 0
301.7985264803442 49.25716941132312 0
305.4443529880954 -1.946803770422674 0
217.5736397399126 41.22451292822079 0
36.74099927420676 221.2070322244463 0
217.6670635231908 19.60644453373973 0
235.6408032722031 194.9713317241004 0
296.5647030638553 -84.70984083332871 0
2.224023718091993 306.4777598165814 0
193.7602452301643 236.6397775624408 0
306.069378179122 39.09796930400024 0
214.6991162051368 -53.77547566003629 0
300.8748340265109 68.42774601506088 0
208.5091621179015 74.43710982447605 0
269.0820135801899 -123.7729703112134 0
300.9683170788765 54.8437285816106 0
271.675577187791 139.4603842705779 0
266.8375948699765 154.2691336190198 0
246.4984571761912 181.1670072975097 0
141.5377449074224 270.9785824793817 0
115.2797499199166 283.4749298883052 0
37.68347104584018 303.3908136155868 0
303.7413384957272 -33.46153464267072 0
67.95556271246849 298.106509459773 0
291.4826007827367 92.33813571790287 0
218.5609209329968 217.9672376870002 0
297.1680703366241 72.36188965863235 0
13.48804270098778 307.9191103988656 0
8.473497523449511 299.3210665191422 0
182.3819577080836 125.5155657249671 0
248.2752612001207 178.8297337578597 0
233.7751304071073 197.2912293349541 0
302.4439679228225 43.90322406889874 0
14.78013479118884 228.7093973597892 0
301.420683063706 -53.9844117993628 0
4.605780459595066 242.7119991076969 0
168.1957330898323 144.5431027781713 0
58.09421754883785 299.471302195526 0
220.2831788110029 -21.45719230124567 0
211.1208617076667 -97.8744991164027 0
4.543809939358048 254.9590628784797 0
60.73762322430121 302.5849820408802 0
197.163806732405 106.6790388247532 0
198.8203092429598 -91.32195217063348 0
224.1624525147939 211.6737998152169 0
231.8968675882704 199.6479923071076 0
102.3024212831175 195.8292931045435 0
24.93161971088949 224.61139120656 0
305.6428290982134 -15.75586208801225 0
250.0303147015438 176.4595483792126 0
113.2329924978779 189.770129886243 0
221.0416479472292 -5.828007183540433 0
202.217351278485 84.02325084103182 0
223.5415544740498 -13.3334782106805 0
180.4561390003709 128.0791548077379 0
177.5863594217948 249.4884684555542 0
212.8260189454786 60.18640652174471 0
219.9201683402148 25.20974578087736 0
4.78187170046213 275.6142262747747 0
200.4086046962248 93.82708613063434 0
169.7604946129704 142.1606686326474 0
170.2910688058252 254.1043988651076 0
248.2569353859598 -113.3800195862184 0
119.859812786688 283.956484579328 0
211.4976769695223 -54.95184730641992 0
187.284026483835 245.4077068398496 0
154.2610994029164 158.3555203867863 0
305.8751376494675 5.183760218158981 0
291.7814707273566 100.332152657411 0
179.0893819329153 130.3866718786696 0
2.159745426238635 218.7042378840926 0
216.9624203251994 -42.40468944689519 0
107.3551984792236 193.6764236369164 0
294.8769022835806 -82.28045392023277 0
251.7964852043581 174.0536023262325 0
305.9495128806155 -7.078248436906719 0
8.673999877368075 306.0302612964501 0
43.17669904555171 217.0216284400227 0
229.9940920262826 201.9655183145087 0
169.4699890959881 137.6304253856698 0
110.1356463088072 285.3099877641399 0
278.9512574143674 -131.4521177542685 0
221.1448043763629 -9.853089493526671 0
282.2486941638152 124.184578635578 0
202.8052355341523 232.1786644582513 0
267.4102183445939 149.1086575984306 0
87.96422228518777 292.8634665278024 0
10.10774821170268 235.6500755326042 0
226.867471558483 -105.8628570614469 0
226.441585986649 207.3671087302775 0
299.5685015072069 -62.88233196884387 0
174.846769622044 130.5613650668657 0
54.00943211570451 298.6502311826574 0
173.5806016739929 137.491326317915 0
157.6265201358478 262.5173489721013 0
214.1759670098158 218.0884506657066 0
173.4579199971527 132.8979919052152 0
75.56775551602983 208.0327000904753 0
302.9876801777156 -42.43139379968193 0
239.8140196226889 -109.5868089708621 0
5.24593582984389 284.1263618863817 0
300.0439225923853 -58.95937438319544 0
307.7720995336377 24.24500506509717 0
304.4602349494259 -30.7908974325424 0
26.2695523894237 304.6590865617785 0
1.663010664436578 288.5128285630397 0
218.4157451725771 49.44613849849094 0
212.8694883142213 68.66836584811766 0
228.20422526824 204.1094756638558 0
58.15089480231653 213.5321866903938 0
283.9796731108822 -121.4356732648287 0
282.8205883985422 -116.9360897323623 0
286.3164422345902 107.2277350237121 0
11.30940579496507 305.6975594313773 0
292.9603212056766 96.37118213087722 0
207.7225322660878 -93.05453826121135 0
253.4139027839373 171.8730927217808 0
223.8093796206188 -101.3314444120061 0
120.5588730498962 185.2655792093521 0
135.5329017564156 174.2995888084849 0
296.1729000276378 77.93825781201518 0
293.7787134362052 84.629780851823 0
279.9530332766772 -122.5901161223594 0
2.084205629904758 233.5168103980411 0
305.3822427937253 19.19522344917095 0
95.80961041233893 291.1805672196811 0
279.156874686031 -125.088660023491 0
263.6056869487805 -124.3530566980342 0
304.9222956621722 -22.86544699668315 0
283.737950109468 114.7826446294766 0
69.44596264719699 212.8739191001365 0
277.7789661412403 -127.9539792897488 0
192.8644497380458 107.7084925018695 0
163.4747136838147 258.3622621287841 0
100.0925684122869 291.7350153515439 0
17.51641338217799 225.8312918677306 0
125.3129976369062 278.9690255325221 0
142.2884064218282 169.4408277122411 0
220.9685702191607 11.34666229058173 0
16.40015937751212 308.4808679460378 0
51.60334455284102 265.6337459682471 0
134.252877013995 275.1830029250113 0
303.0852724949473 59.7533751699123 0
79.6404553373024 208.6718603361044 0
147.3596356449442 271.4583683130746 0
283.5280144746165 -114.3405161285203 0
156.0615160987315 156.1867922512125 0
138.890623181236 172.1981543570961 0
298.6144190613681 -79.19218790471334 0
255.5903741580376 -117.8080125013653 0
191.7666912650893 238.5483678599003 0
97.13009072787277 198.2380669482564 0
131.2482889814424 279.4905254925062 0
287.4648967775995 -113.1927191320065 0
242.6481684940901 -113.8536119742381 0
1.597787919388921 267.9646431325215 0
285.9083937036687 -109.0517182507749 0
106.1314160846259 286.833900876039 0
276.0234369822679 138.5431555513278 0
260.494279699752 -119.8189310282978 0
216.0481284348545 56.40535794186237 0
218.7287539394005 -99.22060710600552 0
126.3535668953403 181.3773441500828 0
50.15070182585499 217.7025868600173 0
1.921363820897997 308.6173641766858 0
4.053130305845849 260.6175344403766 0
222.0704035686274 -23.0380955348255 0
218.8461139337415 -44.32341893963957 0
306.0602199827757 13.79457744879315 0
301.4718124516829 -51.87668387857292 0
70.44578266402777 298.0792358787373 0
268.7986071073427 146.7665434475451 0
207.4333872708863 76.77205603056383 0
1.570285862722116 282.6697763788012 0
6.04296920108954 306.3518406338137 0
33.84968042637272 220.9792764788573 0
$EndNodes
$Elements
5 13486 614 35244
1 11 1 209
614 11 604 
615 604 605 
616 605 606 
617 606 607 
618 607 608 
619 608 609 
620 609 610 
621 610 611 
622 611 612 
623 612 613 
624 613 614 
625 614 615 
626 615 616 
627 616 617 
628 617 618 
629 618 619 
630 619 620 
631 620 621 
632 621 622 
633 622 623 
634 623 624 
635 624 625 
636 625 626 
637 626 627 
638 627 628 
639 628 629 
640 629 630 
641 630 631 
642 631 632 
643 632 633 
644 633 634 
645 634 635 
646 635 636 
647 636 637 
648 637 638 
649 638 639 
650 639 640 
651 640 641 
652 641 642 
653 642 643 
654 643 644 
655 644 645 
656 645 646 
657 646 647 
658 647 648 
659 648 649 
660 649 650 
661 650 651 
662 651 652 
663 652 653 
664 653 654 
665 654 655 
666 655 656 
667 656 657 
668 657 658 
669 658 659 
670 659 660 
671 660 661 
672 661 662 
673 662 663 
674 663 664 
675 664 665 
676 665 666 
677 666 667 
678 667 668 
679 668 669 
680 669 670 
681 670 671 
682 671 672 
683 672 673 
684 673 674 
685 674 675 
686 675 676 
687 676 677 
688 677 678 
689 678 679 
690 679 680 
691 680 681 
692 681 682 
693 682 683 
694 683 684 
695 684 685 
696 685 686 
697 686 687 
698 687 688 
699 688 689 
700 689 690 
701 690 691 
702 691 692 
703 692 693 
704 693 694 
705 694 695 
706 695 696 
707 696 697 
708 697 698 
709 698 699 
710 699 700 
711 700 701 
712 701 702 
713 702 703 
714 703 704 
715 704 705 
716 705 706 
717 706 707 
718 707 708 
719 708 709 
720 709 710 
721 710 711 
722 711 712 
723 712 713 
724 713 714 
725 714 715 
726 715 716 
727 716 717 
728 717 718 
729 718 719 
730 719 720 
731 720 721 
732 721 722 
733 722 723 
734 723 724 
735 724 725 
736 725 726 
737 726 727 
738 727 728 
739 728 729 
740 729 730 
741 730 731 
742 731 732 
743 732 733 
744 733 734 
745 734 735 
746 735 736 
747 736 737 
748 737 738 
749 738 739 
750 739 740 
751 740 741 
752 741 742 
753 742 743 
754 743 744 
755 744 745 
756 745 746 
757 746 747 
758 747 748 
759 748 749 
760 749 750 
761 750 751 
762 751 752 
763 752 753 
764 753 754 
765 754 755 
766 755 756 
767 756 757 
768 757 758 
769 758 759 
770 759 760 
771 760 761 
772 761 762 
773 762 763 
774 763 764 
775 764 765 
776 765 766 
777 766 767 
778 767 768 
779 768 769 
780 769 770 
781 770 771 
782 771 772 
783 772 773 
784 773 774 
785 774 775 
786 775 776 
787 776 777 
788 777 778 
789 778 779 
790 779 780 
791 780 781 
792 781 782 
793 782 783 
794 783 784 
795 784 785 
796 785 786 
797 786 787 
798 787 788 
799 788 789 
800 789 790 
801 790 791 
802 791 792 
803 792 793 
804 793 794 
805 794 795 
806 795 796 
807 796 797 
808 797 798 
809 798 799 
810 799 800 
811 800 801 
812 801 802 
813 802 803 
814 803 804 
815 804 805 
816 805 806 
817 806 807 
818 807 808 
819 808 809 
820 809 810 
821 810 811 
822 811 12 
1 12 1 32
823 12 812 
824 812 813 
825 813 814 
826 814 815 
827 815 816 
828 816 817 
829 817 818 
830 818 819 
831 819 820 
832 820 821 
833 821 822 
834 822 823 
835 823 824 
836 824 825 
837 825 826 
838 826 827 
839 827 828 
840 828 829 
841 829 830 
842 830 831 
843 831 832 
844 832 833 
845 833 834 
846 834 835 
847 835 836 
848 836 837 
849 837 838 
850 838 839 
851 839 840 
852 840 841 
853 841 842 
854 842 10 
1 13 1 146
855 10 843 
856 843 844 
857 844 845 
858 845 846 
859 846 847 
860 847 848 
861 848 849 
862 849 850 
863 850 851 
864 851 852 
865 852 853 
866 853 854 
867 854 855 
868 855 856 
869 856 857 
870 857 858 
871 858 859 
872 859 860 
873 860 861 
874 861 862 
875 862 863 
876 863 864 
877 864 865 
878 865 866 
879 866 867 
880 867 868 
881 868 869 
882 869 870 
883 870 871 
884 871 872 
885 872 873 
886 873 874 
887 874 875 
888 875 876 
889 876 877 
890 877 878 
891 878 879 
892 879 880 
893 880 881 
894 881 882 
895 882 883 
896 883 884 
897 884 885 
898 885 886 
899 886 887 
900 887 888 
901 888 889 
902 889 890 
903 890 891 
904 891 892 
905 892 893 
906 893 894 
907 894 895 
908 895 896 
909 896 897 
910 897 898 
911 898 899 
912 899 900 
913 900 901 
914 901 902 
915 902 903 
916 903 904 
917 904 905 
918 905 906 
919 906 907 
920 907 908 
921 908 909 
922 909 910 
923 910 911 
924 911 912 
925 912 913 
926 913 914 
927 914 915 
928 915 916 
929 916 917 
930 917 918 
931 918 919 
932 919 920 
933 920 921 
934 921 922 
935 922 923 
936 923 924 
937 924 925 
938 925 926 
939 926 927 
940 927 928 
941 928 929 
942 929 930 
943 930 931 
944 931 932 
945 932 933 
946 933 934 
947 934 935 
948 935 936 
949 936 937 
950 937 938 
951 938 939 
952 939 940 
953 940 941 
954 941 942 
955 942 943 
956 943 944 
957 944 945 
958 945 946 
959 946 947 
960 947 948 
961 948 949 
962 949 950 
963 950 951 
964 951 952 
965 952 953 
966 953 954 
967 954 955 
968 955 956 
969 956 957 
970 957 958 
971 958 959 
972 959 960 
973 960 961 
974 961 962 
975 962 963 
976 963 964 
977 964 965 
978 965 966 
979 966 967 
980 967 968 
981 968 969 
982 969 970 
983 970 971 
984 971 972 
985 972 973 
986 973 974 
987 974 975 
988 975 976 
989 976 977 
990 977 978 
991 978 979 
992 979 980 
993 980 981 
994 981 982 
995 982 983 
996 983 984 
997 984 985 
998 985 986 
999 986 987 
1000 987 9 
1 14 1 32
1001 9 988 
1002 988 989 
1003 989 990 
1004 990 991 
1005 991 992 
1006 992 993 
1007 993 994 
1008 994 995 
1009 995 996 
1010 996 997 
1011 997 998 
1012 998 999 
1013 999 1000 
1014 1000 1001 
1015 1001 1002 
1016 1002 1003 
1017 1003 1004 
1018 1004 1005 
1019 1005 1006 
1020 1006 1007 
1021 1007 1008 
1022 1008 1009 
1023 1009 1010 
1024 1010 1011 
1025 1011 1012 
1026 1012 1013 
1027 1013 1014 
1028 1014 1015 
1029 1015 1016 
1030 1016 1017 
1031 1017 1018 
1032 1018 11 
2 4 2 13067
22178 16178 17689 12647 
22179 16175 18159 12656 
22180 16116 18748 16448 
22181 16448 18748 12709 
22182 12656 18160 16175 
22183 16795 17254 12720 
22184 12623 18219 16200 
22185 16357 16369 12766 
22186 16261 16263 12721 
22187 16246 16323 12743 
22188 16184 17886 12661 
22189 12720 17253 16795 
22190 16323 18692 12743 
22191 12678 18388 16407 
22192 682 17766 683 
22193 18569 18703 15674 
22194 864 16420 865 
22195 12640 17499 734 
22196 16199 16467 12710 
22197 15173 16402 16401 
22198 12610 16952 16395 
22199 16363 16365 12692 
22200 12610 18565 16952 
22201 15757 16693 15532 
22202 16258 16260 12687 
22203 12609 18797 17059 
22204 18483 18563 16388 
22205 16568 17741 12631 
22206 17522 18829 12641 
22207 15944 16433 15310 
22208 18123 18834 689 
22209 12686 17990 791 
22210 12647 18640 16178 
22211 12761 17647 17646 
22212 15777 17264 16419 
22213 14831 16267 16265 
22214 17549 18286 12615 
22215 688 18123 689 
22216 12606 16941 16203 
22217 16190 18615 12599 
22218 16410 18617 17063 
22219 612 18160 613 
22220 12755 18287 18126 
22221 17748 18567 16096 
22222 17851 18717 16141 
22223 18277 18671 16169 
22224 841 16330 842 
22225 16476 16626 12652 
22226 16382 16383 15095 
22227 17835 17837 12657 
22228 16407 18750 12678 
22229 16430 18703 18569 
22230 618 17851 619 
22231 12692 16369 16363 
22232 15786 16413 16412 
22233 12661 17887 16184 
22234 12721 18718 16261 
22235 16373 18680 18670 
22236 12622 18671 18277 
22237 12729 17836 17662 
22238 16218 16220 12665 
22239 16444 16445 15702 
22240 12643 18639 18094 
22241 12644 17570 17569 
22242 17747 17749 16104 
22243 17327 17524 12627 
22244 12646 16211 16210 
22245 18126 18777 12755 
22246 16188 16322 12716 
22247 15288 18681 15287 
22248 12700 16418 16194 
22249 12599 18739 16190 
22250 16194 16419 12700 
22251 16240 18448 16759 
22252 12638 18620 17487 
22253 18670 18680 16091 
22254 17487 18789 12638 
22255 16445 16467 16199 
22256 791 17990 792 
22257 765 17724 766 
22258 865 16420 12671 
22259 15072 16554 15078 
22260 16180 18244 12624 
22261 18522 18801 16456 
22262 16361 18778 15104 
22263 15104 18630 16361 
22264 12729 17837 17836 
22265 16187 16497 16095 
22266 17059 18203 12609 
22267 17483 17522 12641 
22268 16663 18516 15778 
22269 16202 17838 12725 
22270 12624 18243 16180 
22271 12761 17648 17647 
22272 16497 18563 16095 
22273 15218 16388 16386 
22274 16177 18801 18522 
22275 782 17629 783 
22276 16170 18283 12751 
22277 779 18244 780 
22278 16323 18219 12623 
22279 16487 18617 16410 
22280 16193 18443 12707 
22281 17950 18818 18606 
22282 15944 18791 16433 
22283 16205 17383 12747 
22284 16160 18717 18251 
22285 16188 17748 16096 
22286 18159 18616 12656 
22287 14894 16692 15938 
22288 16330 18788 842 
22289 16105 16763 16372 
22290 734 17499 735 
22291 18606 18818 12634 
22292 16186 18565 12610 
22293 18094 18639 16118 
22294 16206 18303 16167 
22295 12687 18622 16258 
22296 16386 16387 15218 
22297 15095 18530 16382 
22298 17587 18589 12738 
22299 16168 18657 18292 
22300 12646 16212 16211 
22301 15786 16414 16413 
22302 18292 18779 16168 
22303 683 17766 12737 
22304 16209 17946 12722 
22305 12610 18650 16186 
22306 17523 18829 17522 
22307 16445 18713 15702 
22308 12716 18723 16188 
22309 12627 17525 17327 
22310 16747 18627 12597 
22311 12653 17783 16613 
22312 16424 18450 15329 
22313 13152 18516 16663 
22314 17534 17693 12746 
22315 12750 18281 17572 
22316 18003 18004 12682 
22317 12626 17766 682 
22318 18658 18753 1017 
22319 12652 18668 16476 
22320 12751 18747 16170 
22321 16692 16693 15757 
22322 17989 17990 12686 
22323 16095 18563 18483 
22324 17662 18271 12729 
22325 18627 18738 884 
22326 16206 18633 18303 
22327 17059 18797 16299 
22328 12637 18828 17739 
22329 16200 18574 12623 
22330 645 18808 18619 
22331 17549 18764 18286 
22332 12644 18755 17570 
22333 15878 16452 16451 
22334 14831 18582 16267 
22335 16237 18508 17939 
22336 12649 18717 17851 
22337 16369 18727 12766 
22338 16212 18298 18063 
22339 16231 16691 15757 
22340 12727 17851 17849 
22341 13657 16691 16231 
22342 15173 18611 16402 
22343 16458 16941 12606 
22344 18693 18733 12703 
22345 16156 18295 16215 
22346 16417 18694 15364 
22347 12602 18419 16578 
22348 16263 16264 12721 
22349 18299 18300 16051 
22350 16332 18733 18693 
22351 16220 18784 12665 
22352 15826 18730 18665 
22353 12597 18802 16747 
22354 16234 16235 15116 
22355 15116 16235 14790 
22356 15364 18787 16417 
22357 15777 16419 16194 
22358 12707 18854 16193 
22359 17849 17851 16141 
22360 16419 17264 15787 
22361 15081 18749 18683 
22362 16245 18505 16710 
22363 16336 18616 18159 
22364 12725 18182 16202 
22365 12724 18160 612 
22366 14724 16339 14393 
22367 18619 18808 17337 
22368 613 18160 12656 
22369 712 18762 18660 
22370 801 17887 802 
22371 16260 16261 12687 
22372 12747 17384 16205 
22373 17661 18271 17662 
22374 15787 16420 16419 
22375 17849 17850 12727 
22376 12708 18801 16893 
22377 16105 18608 16763 
22378 13072 17387 17296 
22379 16245 18001 15789 
22380 12700 16420 864 
22381 17404 18696 17403 
22382 18536 18631 14435 
22383 992 18624 16367 
22384 16239 18487 15871 
22385 705 17837 706 
22386 15532 16693 15533 
22387 16250 18485 16729 
22388 18696 18770 17403 
22389 16186 18650 12711 
22390 18524 18632 12675 
22391 18459 18753 18658 
22392 15607 18508 16237 
22393 12649 17851 618 
22394 619 17851 12727 
22395 16453 18748 16605 
22396 16388 18563 16386 
22397 16367 18868 992 
22398 18576 18741 12637 
22399 17518 17765 12626 
22400 12766 18525 16357 
22401 18302 18708 18654 
22402 16999 18460 14159 
22403 12710 18564 16199 
22404 12789 16350 12787 
22405 16269 17857 16387 
22406 12711 18704 16186 
22407 16226 18738 18627 
22408 15505 16217 16216 
22409 15169 16217 15505 
22410 15789 16268 14801 
22411 16203 18882 12606 
22412 17838 17887 12725 
22413 15789 18001 16268 
22414 766 17724 12751 
22415 13555 17209 16247 
22416 17739 18576 12637 
22417 18615 18689 959 
22418 12631 18626 16568 
22419 12730 18633 16206 
22420 16350 18448 16240 
22421 16426 16638 15957 
22422 17404 18620 12638 
22423 16806 18449 14148 
22424 15789 18505 16245 
22425 17836 17837 17835 
22426 16241 17295 15791 
22427 13076 17295 16241 
22428 12738 18831 17587 
22429 18683 18749 16376 
22430 12641 18634 17483 
22431 12642 18652 16204 
22432 16104 18780 17747 
22433 16242 18632 18524 
22434 18448 18681 15288 
22435 13539 18551 13536 
22436 13135 18699 18666 
22437 16568 18719 17741 
22438 17646 18498 12761 
22439 13563 18431 16275 
22440 12746 18675 17534 
22441 15167 16251 15165 
22442 15072 18663 16554 
22443 15169 16249 16217 
22444 12736 17703 17313 
22445 18295 18686 16215 
22446 12640 18769 17499 
22447 12654 18567 17748 
22448 12638 18696 17404 
22449 16213 18167 12756 
22450 18665 18730 16465 
22451 13084 18487 16239 
22452 13080 18485 16250 
22453 16806 16807 15793 
22454 16368 18630 15104 
22455 783 17629 12659 
22456 16599 18573 16228 
22457 16206 18761 12730 
22458 15486 17384 15488 
22459 16399 18648 15811 
22460 16164 18741 18576 
22461 16212 18757 18298 
22462 16275 18431 16274 
22463 12617 18288 16229 
22464 17799 18597 12757 
22465 13166 16301 12785 
22466 16227 16301 13166 
22467 15689 18460 16999 
22468 16382 18880 16371 
22469 12648 18619 17336 
22470 15811 18875 16399 
22471 18660 18762 16183 
22472 16381 16382 16371 
22473 18537 18710 16715 
22474 15329 18450 15619 
22475 16413 16414 12675 
22476 16197 16550 16421 
22477 16131 18641 16462 
22478 16462 18883 16131 
22479 15793 18449 16806 
22480 15794 16283 15795 
22481 15938 16692 16691 
22482 12806 18472 12804 
22483 16224 16252 15350 
22484 15104 18729 16368 
22485 15856 16692 14894 
22486 18669 18797 902 
22487 12624 18244 779 
22488 780 18244 12741 
22489 16613 18807 12653 
22490 16519 18462 17317 
22491 12680 18738 16225 
22492 16339 18578 15451 
22493 12614 18809 18756 
22494 16283 16286 15795 
22495 18515 18518 15927 
22496 14134 18507 18471 
22497 16401 18720 15173 
22498 13179 18518 18515 
22499 15078 16554 16192 
22500 15451 18578 17296 
22501 12598 18642 16222 
22502 12708 16893 16446 
22503 18278 18857 17312 
22504 16224 16251 15167 
22505 15350 16251 16224 
22506 18756 18809 16187 
22507 18635 18745 695 
22508 16289 16580 12714 
22509 12625 18684 17313 
22510 14276 16659 16223 
22511 16268 16492 14801 
22512 16368 18729 16372 
22513 15149 16488 15151 
22514 12682 18005 18003 
22515 17524 18217 12627 
22516 12804 16270 12802 
22517 16387 17857 15218 
22518 17534 18675 12618 
22519 18251 18766 16160 
22520 16404 18676 15950 
22521 12697 18814 16182 
22522 17312 18591 18278 
22523 13166 16240 16227 
22524 12785 16301 12783 
22525 17336 18881 12648 
22526 765 18598 17724 
22527 777 18245 778 
22528 16599 16658 13242 
22529 16255 16257 12663 
22530 782 18132 17629 
22531 17483 18634 16106 
22532 16430 18569 15364 
22533 16182 18836 12697 
22534 15803 18473 17124 
22535 18749 18920 16376 
22536 18729 18832 16372 
22537 15736 18846 18292 
22538 15950 18851 16404 
22539 12657 18861 17835 
22540 15207 16920 16556 
22541 16269 16387 12651 
22542 16214 16809 12704 
22543 12757 18897 17799 
22544 15961 17177 16492 
22545 16232 16271 13239 
22546 16893 18801 16177 
22547 16237 16492 15607 
22548 16759 18448 15288 
22549 17313 18857 12625 
22550 18531 18621 17997 
22551 15787 18688 16420 
22552 12804 18472 16270 
22553 16216 16501 15505 
22554 18281 18613 17572 
22555 13239 16270 16232 
22556 15510 16502 14395 
22557 16376 18920 16375 
22558 17209 17211 16247 
22559 12802 16270 13239 
22560 678 18829 18731 
22561 12676 18805 18781 
22562 16463 18805 12676 
22563 16524 18532 16523 
22564 17886 18901 12661 
22565 16857 18350 16856 
22566 18251 18717 12649 
22567 17765 17766 12626 
22568 16524 18533 18532 
22569 17313 18684 12736 
22570 18009 18876 16698 
22571 15364 18694 16430 
22572 16426 16639 16638 
22573 12618 18878 17534 
22574 18004 18223 12682 
22575 15334 18454 16675 
22576 18292 18657 15736 
22577 17482 18453 14141 
22578 15121 17211 14842 
22579 17567 17568 12758 
22580 17498 18866 12749 
22581 18502 18503 15116 
22582 17317 18462 15798 
22583 16231 18503 18502 
22584 16173 18648 16449 
22585 12871 18438 17236 
22586 13242 18573 16599 
22587 16808 17906 15163 
22588 14838 16501 16236 
22589 12693 18860 16329 
22590 16279 17124 14010 
22591 15803 17124 16279 
22592 17846 18481 16272 
22593 16299 18797 18669 
22594 16414 18524 12675 
22595 16363 16369 16358 
22596 12875 18436 17241 
22597 16578 18907 12602 
22598 16358 16369 16357 
22599 16210 18628 12646 
22600 14393 16339 15451 
22601 14014 16287 15416 
22602 16283 16339 14724 
22603 12756 18887 16213 
22604 16691 16692 15757 
22605 16562 18326 15406 
22606 17740 18828 722 
22607 16698 18662 18009 
22608 16550 18739 16421 
22609 15993 17366 16503 
22610 16365 18624 12692 
22611 15927 18517 16663 
22612 15498 17211 17210 
22613 12629 18271 17661 
22614 12749 18690 17498 
22615 15927 18518 18517 
22616 13047 18350 16857 
22617 13072 17296 17295 
22618 17296 17387 15451 
22619 12880 18416 12879 
22620 16208 18743 12676 
22621 15133 16290 15135 
22622 722 18734 17740 
22623 12726 18621 18531 
22624 17560 18282 12619 
22625 802 17887 12661 
22626 15778 18516 16719 
22627 12650 17997 16540 
22628 12725 17887 801 
22629 16192 18689 18615 
22630 16135 18703 16441 
22631 16262 18631 18536 
22632 1007 17255 1008 
22633 15491 16678 16677 
22634 16223 17126 14276 
22635 15491 16677 14402 
22636 16807 16808 15793 
22637 15805 16676 16675 
22638 16287 16288 15416 
22639 12800 16295 12798 
22640 17210 18553 18496 
22641 18296 18297 15900 
22642 12743 16324 16246 
22643 16244 17128 15806 
22644 17129 17234 14828 
22645 18731 18829 17523 
22646 13178 18326 16562 
22647 18666 18699 16694 
22648 13239 16295 12800 
22649 17233 17236 15807 
22650 16238 16290 14063 
22651 15135 16290 16238 
22652 12676 18781 16208 
22653 16209 18759 17946 
22654 17564 18304 16144 
22655 18530 18880 16382 
22656 16184 17887 17838 
22657 706 17837 12729 
22658 12657 17837 705 
22659 16605 18676 16453 
22660 12666 18593 18577 
22661 16215 18686 12639 
22662 12787 16350 13166 
22663 14858 18312 14533 
22664 17739 18828 17740 
22665 14277 16350 12789 
22666 16285 17240 12879 
22667 15809 17240 16285 
22668 14402 16677 15805 
22669 16501 18587 15505 
22670 18005 18772 18006 
22671 12626 18269 17518 
22672 762 18655 18652 
22673 14481 16388 14483 
22674 16658 16682 13242 
22675 14483 16388 15218 
22676 15805 16677 16676 
22677 17555 18673 638 
22678 18496 18553 16275 
22679 13179 18515 16523 
22680 15991 17094 16509 
22681 15967 18384 16293 
22682 16540 18182 12650 
22683 15908 18379 17044 
22684 15170 17126 16310 
22685 12678 18641 18388 
22686 16329 18661 12693 
22687 16675 18454 15805 
22688 16189 18867 12691 
22689 14125 16297 14448 
22690 14448 16297 16296 
22691 16449 18842 16173 
22692 12691 18855 16189 
22693 16202 18182 16540 
22694 17236 18438 15807 
22695 17241 18436 16049 
22696 12609 18203 16442 
22697 16523 18532 13179 
22698 15810 16996 16995 
22699 16272 18481 16295 
22700 16291 16995 15206 
22701 15810 16995 16291 
22702 13521 17207 16252 
22703 18312 18592 14535 
22704 16451 18852 15878 
22705 12879 18416 16285 
22706 16277 18312 14858 
22707 16280 16281 14093 
22708 15704 16281 16280 
22709 13567 17206 16249 
22710 15836 18365 16892 
22711 16503 18551 13539 
22712 18474 18637 15679 
22713 15906 18361 17048 
22714 12709 18748 16453 
22715 18005 18884 18772 
22716 14276 16682 16659 
22717 16433 18604 15310 
22718 689 18834 12731 
22719 12650 18531 17997 
22720 18654 18708 16324 
22721 16517 17869 15613 
22722 18441 18623 14839 
22723 16205 17384 15486 
22724 15488 17384 16162 
22725 18437 18625 15744 
22726 17557 18647 18591 
22727 12704 18721 16214 
22728 17250 18253 17248 
22729 16488 18473 15803 
22730 15613 16557 16517 
22731 17939 18508 16235 
22732 12748 18673 17554 
22733 16663 18517 13152 
22734 16198 18824 12612 
22735 17661 18520 12629 
22736 17554 18902 12748 
22737 12639 18873 16215 
22738 13151 18513 16719 
22739 16265 18773 14831 
22740 17749 18608 16104 
22741 16293 18384 13917 
22742 16751 18445 18444 
22743 18444 18445 16243 
22744 17044 18379 13913 
22745 12686 18488 17989 
22746 16249 17206 16217 
22747 16719 18516 13151 
22748 12615 18614 17549 
22749 17295 17296 15791 
22750 12612 18838 16198 
22751 17689 18707 12647 
22752 15853 18710 18537 
22753 14853 16639 14988 
22754 12722 18662 16209 
22755 17006 18258 14907 
22756 16851 18434 18433 
22757 17541 18683 12694 
22758 18433 18434 13146 
22759 15335 16305 15336 
22760 16303 16354 15528 
22761 16252 17207 15350 
22762 17478 18745 18635 
22763 18391 18920 17789 
22764 16847 18430 18429 
22765 18666 18885 18513 
22766 16607 18558 13645 
22767 18429 18430 14259 
22768 15696 18253 17250 
22769 16892 18365 13903 
22770 15287 18681 16272 
22771 16843 18427 18426 
22772 17048 18361 13899 
22773 18426 18427 13143 
22774 799 18182 800 
22775 16556 16920 16284 
22776 16841 18424 18423 
22777 18423 18424 14257 
22778 16845 18418 18417 
22779 16441 18804 16135 
22780 18417 18418 13137 
22781 638 18879 17555 
22782 18457 18584 16807 
22783 15120 16274 14802 
22784 17010 18415 18414 
22785 18414 18415 14258 
22786 16710 18505 16236 
22787 17564 18873 18304 
22788 15339 16779 16276 
22789 16306 16779 14095 
22790 16855 18413 18410 
22791 16276 16779 16306 
22792 16371 17589 16381 
22793 16502 18587 16501 
22794 18410 18413 13040 
22795 15151 16488 15803 
22796 16630 18612 12715 
22797 16051 18744 18299 
22798 16287 16488 15149 
22799 15851 16558 15160 
22800 14063 16555 16238 
22801 16192 18615 16190 
22802 17521 18636 18552 
22803 16861 18406 18405 
22804 18599 18601 17718 
22805 15287 16271 15123 
22806 18405 18406 14256 
22807 18492 18495 16130 
22808 18131 18190 15433 
22809 16130 18495 16247 
22810 16867 18402 18401 
22811 18401 18402 13032 
22812 16457 16468 16405 
22813 15760 18258 17006 
22814 16231 18502 13657 
22815 15491 16679 16678 
22816 16869 18400 18399 
22817 17648 18786 12630 
22818 18399 18400 14254 
22819 15871 18487 16250 
22820 18474 18475 15868 
22821 16729 18485 16241 
22822 16253 18398 18397 
22823 15868 18475 16248 
22824 13204 16559 13199 
22825 18397 18398 13030 
22826 13984 16555 13982 
22827 17570 18301 17655 
22828 18590 18659 789 
22829 16679 17322 13975 
22830 15867 18468 16999 
22831 16204 18812 12642 
22832 15867 18469 18468 
22833 14819 17235 14820 
22834 14824 17824 17130 
22835 14822 17237 14863 
22836 15878 18575 16452 
22837 14159 18460 16251 
22838 12630 18782 17648 
22839 16208 18704 12711 
22840 16284 16555 13991 
22841 12684 16606 16594 
22842 16201 18890 12685 
22843 12742 18245 777 
22844 15961 16492 16237 
22845 14828 17235 17129 
22846 15806 17130 16244 
22847 18346 18595 15315 
22848 12685 18898 16201 
22849 12625 18857 18278 
22850 18351 18359 16863 
22851 16308 18507 14134 
22852 14148 18449 15676 
22853 17533 18878 18284 
22854 942 18581 18419 
22855 14535 18592 16509 
22856 15807 17237 17233 
22857 18441 18442 16120 
22858 16120 18442 15126 
22859 16310 17126 16223 
22860 16492 17177 14801 
22861 13924 16997 13923 
22862 18471 18507 16556 
22863 16888 18305 14872 
22864 12711 18743 16208 
22865 16235 18508 14790 
22866 16225 18728 12680 
22867 15116 18503 16234 
22868 719 18217 720 
22869 15123 16271 16232 
22870 778 18245 12624 
22871 14141 18453 16680 
22872 17031 17130 15617 
22873 13895 16584 13893 
22874 14252 18359 18351 
22875 18301 18777 17655 
22876 17128 17235 15806 
22877 13185 18500 13180 
22878 18577 18593 16310 
22879 17234 17237 14828 
22880 15510 17755 16502 
22881 16102 18588 16611 
22882 18300 18698 16051 
22883 16624 17958 14339 
22884 16855 18409 16854 
22885 14842 17211 15498 
22886 16855 18410 18409 
22887 16247 17211 15121 
22888 16178 18640 16482 
22889 16578 18419 16100 
22890 16314 16316 14873 
22891 16222 18817 12598 
22892 14395 16502 14838 
22893 16659 16682 16658 
22894 18325 18583 15509 
22895 16037 17906 16808 
22896 15535 16780 15537 
22897 16259 17958 16624 
22898 16305 16354 15336 
22899 13151 18666 18513 
22900 16158 18715 18714 
22901 15793 16808 15163 
22902 16254 16607 14339 
22903 16458 18506 16941 
22904 16418 18605 16194 
22905 12652 17255 1007 
22906 16503 17366 15795 
22907 15794 16339 16283 
22908 16221 16621 16331 
22909 18714 18715 16159 
22910 16859 18358 18357 
22911 12694 18822 17541 
22912 15810 16997 16996 
22913 15993 16503 13539 
22914 15919 18305 16888 
22915 14339 17958 16254 
22916 18357 18358 13031 
22917 16280 16282 15704 
22918 16857 18355 18352 
22919 18352 18355 14248 
22920 14252 18351 16253 
22921 15674 18703 16135 
22922 15804 17199 16680 
22923 15683 18603 18467 
22924 13991 16556 16284 
22925 17648 17649 17647 
22926 12779 16682 12777 
22927 16204 18652 18149 
22928 13157 18504 18472 
22929 18263 18572 13367 
22930 15528 16354 14867 
22931 18737 18742 12760 
22932 16918 18344 18343 
22933 15781 16322 16188 
22934 18343 18344 14245 
22935 15145 16288 15147 
22936 16236 18505 14838 
22937 16514 17881 16515 
22938 16248 18475 13535 
22939 15126 18442 16751 
22940 18724 18732 17731 
22941 12775 17126 12773 
22942 16362 18238 17589 
22943 15161 16286 16283 
22944 16243 18445 15676 
22945 16248 16286 15161 
22946 14936 17450 16304 
22947 14134 17354 16308 
22948 16552 18342 18341 
22949 16122 18742 18737 
22950 18341 18342 13039 
22951 16251 18460 15165 
22952 16247 18495 13555 
22953 17317 18504 13157 
22954 15676 18449 16243 
22955 16751 18444 15126 
22956 16271 16295 13239 
22957 15845 17881 16514 
22958 13146 18434 16865 
22959 16229 18746 12617 
22960 16241 18485 13076 
22961 13157 18472 12806 
22962 16250 18487 13080 
22963 17210 18496 15498 
22964 16239 18490 13084 
22965 14259 18430 16851 
22966 16225 18738 16226 
22967 16999 18468 15689 
22968 16865 18435 13146 
22969 16473 16475 12717 
22970 16891 18202 18157 
22971 13143 18427 16847 
22972 16851 18433 14259 
22973 14257 18424 16843 
22974 16847 18429 13143 
22975 18203 18678 16442 
22976 13137 18418 16841 
22977 16843 18426 14257 
22978 1008 17255 12720 
22979 15131 16517 16515 
22980 16316 16318 14873 
22981 16515 17881 15131 
22982 14258 18415 16845 
22983 16841 18423 13137 
22984 16509 17094 14535 
22985 12651 18235 16269 
22986 15147 16288 16287 
22987 16212 16304 16211 
22988 15120 16275 16274 
22989 16845 18417 14258 
22990 13040 18413 17010 
22991 15607 16492 16268 
22992 12673 16804 16298 
22993 17010 18414 13040 
22994 14256 18406 16854 
22995 13536 18551 13535 
22996 15966 18579 18386 
22997 15339 16781 15338 
22998 13535 18551 16248 
22999 16854 18409 14256 
23000 13032 18402 16861 
23001 16163 16337 15242 
23002 15991 16509 16280 
23003 17588 18589 17587 
23004 15131 17869 16517 
23005 15528 18510 16583 
23006 15613 16558 16557 
23007 15619 18450 16428 
23008 16861 18405 13032 
23009 14254 18400 16867 
23010 16856 18350 15717 
23011 18407 18411 15672 
23012 18346 18348 15863 
23013 17572 18793 12750 
23014 16477 18248 16472 
23015 16867 18401 14254 
23016 15863 18348 16273 
23017 13030 18398 16869 
23018 15917 18411 18407 
23019 16375 18920 18391 
23020 15528 16583 16303 
23021 16869 18399 13030 
23022 17657 18808 12752 
23023 13166 16350 16240 
23024 16781 18501 15904 
23025 16090 18391 17789 
23026 16253 18397 14252 
23027 16621 16775 16331 
23028 18280 18866 17540 
23029 17019 18110 15985 
23030 14014 16488 16287 
23031 16531 17271 14541 
23032 16302 16583 14044 
23033 15242 16337 16307 
23034 16325 16531 14541 
23035 15985 16325 14541 
23036 16552 18339 16562 
23037 16552 18341 18339 
23038 14858 18317 18314 
23039 15632 18557 18334 
23040 16408 18642 12598 
23041 18314 18317 16098 
23042 16307 16337 15186 
23043 15985 18110 16325 
23044 15686 18462 16519 
23045 14802 16274 15169 
23046 16236 16501 16216 
23047 15186 16346 16307 
23048 15684 18463 15686 
23049 12658 18732 18724 
23050 15686 18463 18462 
23051 16580 18833 12714 
23052 13156 18549 18308 
23053 16412 18877 15786 
23054 15866 18584 18457 
23055 16276 16780 15339 
23056 16620 18446 13666 
23057 13031 18358 16863 
23058 15338 16781 15904 
23059 15904 18501 18330 
23060 16863 18359 13031 
23061 14248 18355 16859 
23062 15406 18326 15404 
23063 15490 18466 18453 
23064 16859 18357 14248 
23065 17589 18238 12688 
23066 17210 17211 17209 
23067 16406 16407 16133 
23068 15851 16559 16558 
23069 15870 16646 15238 
23070 16273 18348 15717 
23071 16857 18352 13047 
23072 15869 18324 17030 
23073 16645 16646 15870 
23074 15869 18325 18324 
23075 16638 16639 14853 
23076 15717 18350 16273 
23077 18318 18319 14747 
23078 14988 16639 15852 
23079 14039 18539 18242 
23080 14747 18319 15472 
23081 18317 18318 16098 
23082 18267 18541 12881 
23083 16263 16265 16264 
23084 16381 17589 16378 
23085 16383 18792 15095 
23086 16098 18318 14747 
23087 13039 18342 16918 
23088 16477 16695 15625 
23089 16918 18343 13039 
23090 18871 18876 18212 
23091 14533 18312 14535 
23092 16228 18573 16301 
23093 17250 18255 18254 
23094 17568 18847 12758 
23095 15625 16695 14038 
23096 16562 18339 13178 
23097 16290 18466 15490 
23098 12629 18520 18275 
23099 18254 18255 14681 
23100 16260 16262 16261 
23101 15160 16558 15613 
23102 14043 18371 18369 
23103 16558 16559 13204 
23104 15857 16342 16313 
23105 15490 18453 17482 
23106 17031 18454 15334 
23107 18369 18371 15907 
23108 17241 18438 12871 
23109 15287 16272 16271 
23110 14295 16318 14175 
23111 17240 18436 12875 
23112 13199 16559 13185 
23113 16313 16321 15857 
23114 16318 18268 18250 
23115 16304 17450 16211 
23116 16275 18553 13563 
23117 15917 18412 18411 
23118 17268 18257 13363 
23119 12883 18416 12880 
23120 14958 18133 17649 
23121 17268 18260 18257 
23122 16292 18412 15917 
23123 18404 18407 15672 
23124 14448 18404 15672 
23125 12707 18443 16431 
23126 841 18661 16330 
23127 14048 16535 16320 
23128 13600 16469 13668 
23129 16254 18558 16607 
23130 15472 18319 17030 
23131 18310 18534 12869 
23132 12619 18825 17560 
23133 15625 18248 16477 
23134 14125 16611 16297 
23135 17030 18324 15472 
23136 12715 18899 16630 
23137 14867 16354 16305 
23138 13668 16469 16319 
23139 12768 16328 15665 
23140 800 18182 12725 
23141 14858 18314 16277 
23142 12650 18182 799 
23143 16328 16330 16329 
23144 13647 16469 13600 
23145 17044 18384 15967 
23146 13991 16555 13984 
23147 13982 16555 14063 
23148 16300 18379 15908 
23149 18266 18307 16087 
23150 14141 16679 13975 
23151 15491 17322 16679 
23152 15169 16274 16249 
23153 15806 17235 14819 
23154 14828 17237 14822 
23155 16583 18510 16584 
23156 16309 16620 14356 
23157 14820 17235 14828 
23158 16556 18507 15207 
23159 14863 17237 15807 
23160 17248 18253 13349 
23161 17130 17824 15617 
23162 13009 18007 14066 
23163 14824 17130 15806 
23164 16207 18190 18131 
23165 16281 18263 14093 
23166 621 18363 622 
23167 16892 18367 15907 
23168 18652 18655 18149 
23169 17048 18365 15836 
23170 18367 18369 15907 
23171 16302 18361 15906 
23172 14066 18007 16340 
23173 18705 18708 15077 
23174 13927 16997 13924 
23175 13923 16997 15810 
23176 16584 17339 13893 
23177 12873 18307 18266 
23178 18285 18629 12745 
23179 13871 17889 16333 
23180 14356 16621 16309 
23181 17649 18133 17647 
23182 15256 16535 14048 
23183 15902 18337 18334 
23184 12665 18651 16218 
23185 16305 18337 15902 
23186 17327 18131 15433 
23187 15255 16696 16695 
23188 16120 18623 18441 
23189 15868 18637 18474 
23190 13867 16489 13865 
23191 14907 18258 15968 
23192 13865 18115 13862 
23193 16611 18588 16297 
23194 14681 18255 17029 
23195 16308 17354 15416 
23196 18316 18519 15922 
23197 14873 16318 14295 
23198 16311 18157 14264 
23199 17029 18259 14681 
23200 18403 18586 14151 
23201 16015 18625 18437 
23202 18157 18202 14264 
23203 14044 16584 13895 
23204 16300 18371 14043 
23205 16097 18236 18063 
23206 12744 18279 17559 
23207 17250 18254 15696 
23208 16559 18500 13185 
23209 16342 16535 15256 
23210 15857 16322 15781 
23211 18212 18876 12765 
23212 16953 17973 16954 
23213 15635 16780 15535 
23214 16489 18115 13865 
23215 15537 16780 16276 
23216 16335 16510 13257 
23217 16092 18571 18570 
23218 18570 18571 13620 
23219 16238 16555 16284 
23220 13257 16510 12784 
23221 16311 18241 15903 
23222 17727 18340 17060 
23223 15206 18386 16291 
23224 16397 18799 12697 
23225 16954 17973 15644 
23226 16419 16420 12700 
23227 16531 16532 16312 
23228 16319 16498 13668 
23229 18241 18242 15903 
23230 12627 18217 719 
23231 720 18217 12734 
23232 13878 16582 13869 
23233 16312 17271 16531 
23234 13647 16667 16469 
23235 18250 18268 13303 
23236 12703 18632 16242 
23237 17337 18808 17657 
23238 15238 16646 15240 
23239 14010 18467 16279 
23240 12883 18412 16292 
23241 16362 17589 16371 
23242 18284 18878 12618 
23243 17525 18131 17327 
23244 18591 18647 12740 
23245 16347 16349 13863 
23246 13917 18385 16293 
23247 16400 16483 16401 
23248 16292 18416 12883 
23249 18520 18618 18275 
23250 13913 18384 17044 
23251 15798 18504 17317 
23252 14043 18379 16300 
23253 15335 18337 16305 
23254 18063 18236 16304 
23255 16049 18438 17241 
23256 16411 16461 16409 
23257 16405 16468 16403 
23258 17006 18262 15760 
23259 15252 16477 16472 
23260 13903 18367 16892 
23261 13899 18365 17048 
23262 13242 16682 12779 
23263 16680 17199 16678 
23264 15252 16472 16471 
23265 14044 18361 16302 
23266 12777 16682 14276 
23267 15669 18585 18521 
23268 15617 18454 17031 
23269 15133 18466 16290 
23270 15252 16471 15249 
23271 14095 18308 16306 
23272 16296 18404 14448 
23273 18284 18674 17533 
23274 14276 17126 12775 
23275 12773 17126 15170 
23276 18419 18581 16100 
23277 967 16400 12667 
23278 932 16396 12672 
23279 913 16413 12675 
23280 15809 18436 17240 
23281 16252 18403 13521 
23282 14356 16775 16621 
23283 16244 17130 17031 
23284 16887 18313 16888 
23285 16343 16345 15250 
23286 18310 18313 16887 
23287 16328 16329 15665 
23288 17129 17235 17128 
23289 16128 18645 18644 
23290 17063 18798 16410 
23291 12786 18353 12788 
23292 18644 18645 16129 
23293 15250 16345 15620 
23294 14264 18241 16311 
23295 14872 18305 14873 
23296 18297 18707 15900 
23297 17233 17237 17234 
23298 16346 16667 13647 
23299 15870 16647 16645 
23300 15256 16834 16342 
23301 16274 18431 16249 
23302 16320 16582 14048 
23303 12694 16377 975 
23304 16421 18739 12599 
23305 15863 18595 18346 
23306 16309 18446 16620 
23307 16286 16503 15795 
23308 16249 18431 13567 
23309 12608 18605 16418 
23310 15774 18329 16500 
23311 16295 18481 12798 
23312 16288 16308 15416 
23313 15707 18479 18465 
23314 16647 18098 13257 
23315 16182 18841 18836 
23316 12767 16328 12768 
23317 18799 18814 12697 
23318 13013 18425 13011 
23319 16400 16401 12667 
23320 17776 18609 12719 
23321 15707 18465 18456 
23322 14977 18548 18547 
23323 18547 18548 15759 
23324 18311 18315 16086 
23325 16086 18315 14398 
23326 18465 18479 16484 
23327 16333 16489 13871 
23328 13257 18098 16335 
23329 13243 16499 13206 
23330 16532 18157 16312 
23331 12784 16510 12786 
23332 16582 17889 13871 
23333 13871 16489 13867 
23334 16163 18612 16337 
23335 15249 16471 15250 
23336 18100 18107 13158 
23337 16326 18107 18100 
23338 16349 16351 13863 
23339 15382 16414 15786 
23340 15250 16471 16343 
23341 15698 16414 15382 
23342 15184 16346 15186 
23343 18321 18328 13252 
23344 18092 18097 14059 
23345 14881 17910 15223 
23346 13860 16351 13859 
23347 16327 18097 18092 
23348 16476 18668 16475 
23349 18640 18889 16482 
23350 14055 18110 17019 
23351 18538 18540 12877 
23352 16342 16834 16313 
23353 16888 18313 15919 
23354 15223 17910 16478 
23355 14873 18305 16314 
23356 15946 18540 18538 
23357 17852 18363 621 
23358 18552 18636 12739 
23359 17383 18810 12747 
23360 18077 18083 13163 
23361 12763 16328 12767 
23362 15914 18083 18077 
23363 18368 18782 18364 
23364 14481 18483 16388 
23365 15869 18583 18325 
23366 12734 18601 18599 
23367 16383 18670 16091 
23368 14055 18107 16326 
23369 12763 12767 844 
23370 17025 18089 14059 
23371 16493 18222 16384 
23372 17020 18841 16182 
23373 16998 18396 14076 
23374 16385 16387 16386 
23375 18089 18092 14059 
23376 16346 16739 16307 
23377 16326 18110 14055 
23378 18064 18066 13174 
23379 15282 18155 16785 
23380 13158 18097 16327 
23381 16355 16356 12762 
23382 15915 18066 18064 
23383 13647 16739 16346 
23384 16354 17386 15336 
23385 16891 18157 16532 
23386 16199 18713 16445 
23387 12769 16493 12689 
23388 16889 18322 15687 
23389 985 16355 12762 
23390 16327 18100 13158 
23391 17042 18071 13163 
23392 18304 18873 12639 
23393 18320 18322 16889 
23394 16780 16781 15339 
23395 17576 18682 16394 
23396 18071 18077 13163 
23397 16303 17386 16354 
23398 17025 18083 15914 
23399 15708 18389 17955 
23400 14147 18392 15309 
23401 18049 18054 13159 
23402 16257 18850 12663 
23403 16353 16504 16352 
23404 16304 18236 14936 
23405 16384 18593 12666 
23406 15916 18054 18049 
23407 620 17852 621 
23408 15914 18089 17025 
23409 15856 16693 16692 
23410 16281 18572 18263 
23411 17073 18058 13174 
23412 16379 16381 16378 
23413 17042 18066 15915 
23414 18037 18041 14062 
23415 18058 18064 13174 
23416 12689 16493 846 
23417 15909 17061 15910 
23418 16334 18041 18037 
23419 18278 18591 12740 
23420 17540 18691 18280 
23421 13190 16494 13188 
23422 15915 18071 17042 
23423 12662 16380 16379 
23424 12662 16379 981 
23425 15707 18456 15255 
23426 16622 17602 15269 
23427 17073 18054 15916 
23428 13132 16665 16466 
23429 980 16373 12662 
23430 18027 18031 13150 
23431 15921 18031 18027 
23432 975 16377 976 
23433 15916 18058 17073 
23434 12635 16375 16374 
23435 17083 18034 14062 
23436 12635 16374 977 
23437 13159 18041 16334 
23438 16508 17597 15270 
23439 18034 18037 14062 
23440 16258 18622 16257 
23441 12651 16387 16385 
23442 18024 18026 14066 
23443 12651 16385 852 
23444 16338 18026 18024 
23445 16321 16322 15857 
23446 16334 18049 13159 
23447 13132 16466 16389 
23448 13601 16495 16390 
23449 17083 18031 15921 
23450 16345 16622 15620 
23451 16389 16507 13132 
23452 13205 18139 16683 
23453 13601 16494 13190 
23454 15870 18098 16647 
23455 14435 18631 16624 
23456 12600 16467 16445 
23457 16438 16440 12705 
23458 16450 16452 12699 
23459 12677 16468 16457 
23460 16500 18329 15659 
23461 16133 18802 16406 
23462 15921 18034 17083 
23463 16390 16494 13601 
23464 15222 16342 15857 
23465 16510 18353 12786 
23466 13150 18026 16338 
23467 15957 18795 16426 
23468 867 16459 16415 
23469 16409 16461 870 
23470 971 16431 12607 
23471 964 16449 12603 
23472 936 16458 12606 
23473 889 16453 12601 
23474 896 16446 12605 
23475 919 16397 12697 
23476 863 16418 12700 
23477 16403 16468 891 
23478 934 16464 12712 
23479 954 16437 12669 
23480 907 16441 12674 
23481 947 16434 12668 
23482 900 16454 12673 
23483 16402 16479 12667 
23484 13011 18007 13009 
23485 16338 18027 13150 
23486 16466 16665 16623 
23487 16351 16353 16352 
23488 13863 16351 13860 
23489 17998 18000 16944 
23490 17720 18659 18590 
23491 16520 18139 13205 
23492 15648 18000 17998 
23493 14048 16582 13878 
23494 12897 18395 18394 
23495 16340 18024 14066 
23496 16480 16481 16151 
23497 15307 18165 18128 
23498 15184 16667 16346 
23499 13869 16582 13871 
23500 17986 17992 16954 
23501 16151 16481 16150 
23502 15645 17992 17986 
23503 16542 16784 14164 
23504 15731 16506 16505 
23505 16940 18000 15648 
23506 16695 16696 14038 
23507 18467 18603 16279 
23508 15925 16714 14490 
23509 15731 16505 15603 
23510 16301 18573 12783 
23511 18386 18579 16291 
23512 16655 18356 14903 
23513 15648 18015 16940 
23514 16944 17992 15645 
23515 18334 18557 15902 
23516 13191 17062 13194 
23517 16303 16583 16302 
23518 16507 17597 16508 
23519 14076 17973 16953 
23520 15645 17998 16944 
23521 18308 18549 16306 
23522 16666 18232 15926 
23523 16660 17770 16490 
23524 16499 18340 17727 
23525 15222 16535 16342 
23526 16316 18268 16318 
23527 13862 18115 13863 
23528 15644 17986 16954 
23529 16421 18695 16197 
23530 13669 16683 16538 
23531 15858 16667 15182 
23532 16444 16470 16443 
23533 16483 18875 15117 
23534 16242 18693 12703 
23535 17765 18332 17766 
23536 16280 16509 16282 
23537 16351 16352 13859 
23538 18242 18539 15903 
23539 16525 18008 16496 
23540 14275 17770 16660 
23541 16626 18803 12652 
23542 14168 18349 15341 
23543 16088 18541 18267 
23544 18511 18512 16082 
23545 15603 16505 16486 
23546 14901 18512 18511 
23547 15145 18387 16288 
23548 16486 16505 15612 
23549 13872 16666 16490 
23550 12613 18774 16397 
23551 16481 16553 16150 
23552 16485 17061 15909 
23553 16593 18600 16594 
23554 15329 18912 16424 
23555 13669 18196 16652 
23556 16428 18664 15619 
23557 16683 18139 16538 
23558 966 16400 967 
23559 931 16396 932 
23560 912 16413 913 
23561 16498 18147 15910 
23562 12688 18238 16355 
23563 16490 17770 13872 
23564 13668 16499 13243 
23565 16318 18250 14175 
23566 16496 16784 16542 
23567 13857 16709 13858 
23568 18521 18585 16996 
23569 16310 18593 15170 
23570 16504 18152 15093 
23571 16785 18155 16542 
23572 13863 18115 16347 
23573 12727 17852 620 
23574 16499 17727 13206 
23575 13193 17061 16485 
23576 16288 18387 16308 
23577 622 18363 12630 
23578 15924 16547 14416 
23579 17755 17822 17071 
23580 16887 18534 18310 
23581 12755 18777 18301 
23582 16399 18875 16483 
23583 15612 16600 16486 
23584 15255 18456 16696 
23585 16415 16487 12604 
23586 15866 18586 16224 
23587 16374 18391 12695 
23588 18285 18869 18629 
23589 16353 18152 16504 
23590 14416 16547 14890 
23591 15223 17936 15245 
23592 12749 18866 18280 
23593 17936 17940 15245 
23594 14890 16547 16546 
23595 13180 18500 13181 
23596 610 18223 611 
23597 15911 16495 15912 
23598 17383 18671 12622 
23599 13673 17951 16623 
23600 14903 17910 14881 
23601 14890 16546 15929 
23602 16485 17062 13193 
23603 16496 18008 16784 
23604 16345 17602 16622 
23605 16529 16553 14302 
23606 17142 18309 17141 
23607 16319 18147 16498 
23608 12730 18761 17525 
23609 16538 18196 13669 
23610 16478 17936 15223 
23611 16272 16295 16271 
23612 16269 18235 16080 
23613 12810 17316 12808 
23614 16680 18453 15804 
23615 16466 16622 15269 
23616 16390 16495 15911 
23617 17649 18368 14958 
23618 16226 18627 16747 
23619 16546 17584 15929 
23620 12780 16647 12782 
23621 16262 16263 16261 
23622 14141 16680 16679 
23623 16554 18663 16439 
23624 15690 18519 18316 
23625 16521 16600 13603 
23626 13852 16573 13851 
23627 13691 16545 13693 
23628 17139 17926 17918 
23629 13129 16507 13128 
23630 17918 17926 15935 
23631 16557 16558 13204 
23632 17942 17960 17141 
23633 12754 18127 16482 
23634 12607 16394 16393 
23635 16219 16621 16221 
23636 13132 16507 13129 
23637 16973 18252 18246 
23638 15926 16707 15271 
23639 18128 18264 15924 
23640 13872 18232 16666 
23641 16389 17597 16507 
23642 12614 16428 16427 
23643 16580 18546 12655 
23644 12698 16424 16423 
23645 16398 16400 966 
23646 13195 16525 13192 
23647 15929 17584 16511 
23648 16395 16396 931 
23649 16412 16413 912 
23650 15935 18052 16491 
23651 15271 16707 15937 
23652 12600 16444 16443 
23653 12681 16439 16438 
23654 16443 16470 12702 
23655 16416 16417 12611 
23656 12605 16451 16450 
23657 16432 16433 12706 
23658 16435 16436 12713 
23659 12668 16426 16425 
23660 12674 16430 16429 
23661 12677 16456 16455 
23662 15292 17329 16935 
23663 16491 17918 15935 
23664 18482 18486 13145 
23665 14490 16714 15259 
23666 18246 18252 13637 
23667 12712 18506 16458 
23668 14897 17960 17942 
23669 13193 17062 13191 
23670 14494 18199 16617 
23671 12763 16330 16328 
23672 15292 16935 16933 
23673 16329 16331 15665 
23674 16977 18234 18231 
23675 16543 17640 16474 
23676 16223 16659 15225 
23677 16785 18328 18321 
23678 16547 16714 15925 
23679 16309 16621 16219 
23680 16265 16266 16264 
23681 15270 18128 16508 
23682 14137 18117 18095 
23683 16793 18486 18482 
23684 15182 16667 15184 
23685 15896 16528 16527 
23686 16561 16595 16560 
23687 12690 18858 18772 
23688 15894 16528 15896 
23689 13011 18425 18007 
23690 16518 16519 14143 
23691 13194 17062 16726 
23692 15697 16733 16522 
23693 18231 18234 13599 
23694 15937 16707 16706 
23695 18774 18799 16397 
23696 16511 17584 14028 
23697 17139 17960 14897 
23698 13645 18558 16514 
23699 16356 16357 12762 
23700 17060 18340 17061 
23701 14897 17926 17139 
23702 16560 16595 15278 
23703 14529 17307 16590 
23704 17062 17844 16726 
23705 17039 18220 18215 
23706 13429 16741 13427 
23707 16476 17640 16626 
23708 983 16378 12688 
23709 18128 18165 16508 
23710 14028 16545 16511 
23711 16391 18218 16494 
23712 16320 17889 16582 
23713 848 16384 12666 
23714 15279 17561 17189 
23715 13693 16545 14028 
23716 16590 16591 14529 
23717 16469 16667 15858 
23718 17955 18389 14971 
23719 16933 17368 15292 
23720 18215 18220 13493 
23721 16212 18063 16304 
23722 16932 17368 16933 
23723 14461 17640 16543 
23724 18229 18240 14266 
23725 13858 16709 13861 
23726 844 12767 845 
23727 14076 18396 17973 
23728 16519 17317 17316 
23729 15681 16606 16526 
23730 18094 18800 12643 
23731 15224 16659 16658 
23732 984 16355 985 
23733 17959 18331 16798 
23734 976 16377 12635 
23735 16513 16573 13855 
23736 16707 16709 13857 
23737 15309 18392 17957 
23738 13666 18446 16646 
23739 17730 18452 12596 
23740 16481 17949 16553 
23741 16391 18229 18218 
23742 16726 17844 14494 
23743 846 16493 847 
23744 16526 16746 15681 
23745 15357 16932 16928 
23746 14798 16657 16598 
23747 16378 17589 12688 
23748 14035 16835 13884 
23749 16891 18198 13880 
23750 16598 16657 16599 
23751 981 16379 982 
23752 979 16373 980 
23753 15357 17368 16932 
23754 974 16392 12694 
23755 15938 16691 16689 
23756 18377 18381 15245 
23757 16150 16553 16529 
23758 977 16374 978 
23759 852 16385 853 
23760 16401 16402 12667 
23761 16399 16483 16398 
23762 16495 16525 16496 
23763 16877 18188 14263 
23764 16071 18381 18377 
23765 973 16393 16392 
23766 16645 16647 12780 
23767 15023 17890 17162 
23768 12782 16647 13257 
23769 15084 16721 15087 
23770 13855 16573 13852 
23771 16553 17949 16742 
23772 13816 16742 13818 
23773 16495 16496 15912 
23774 15510 17822 17755 
23775 854 16497 855 
23776 16550 17162 16191 
23777 15220 16535 15222 
23778 965 16398 966 
23779 866 16459 867 
23780 12607 16393 972 
23781 869 16409 870 
23782 970 16431 971 
23783 963 16449 964 
23784 935 16458 936 
23785 888 16453 889 
23786 895 16446 896 
23787 918 16397 919 
23788 862 16418 863 
23789 930 16395 931 
23790 890 16403 891 
23791 911 16412 912 
23792 933 16464 934 
23793 953 16437 954 
23794 906 16441 907 
23795 946 16434 947 
23796 899 16454 900 
23797 15630 18103 16597 
23798 15612 18111 16600 
23799 860 16423 16422 
23800 16871 18180 13873 
23801 861 16422 12608 
23802 969 16479 12707 
23803 12667 16479 968 
23804 868 16415 12604 
23805 12698 16423 859 
23806 13204 17924 16557 
23807 16282 18306 15704 
23808 875 16467 12600 
23809 12614 16427 857 
23810 882 16406 12597 
23811 957 16421 12599 
23812 950 16408 12598 
23813 12600 16443 876 
23814 12598 16432 951 
23815 12606 16435 937 
23816 12609 16442 904 
23817 12605 16450 897 
23818 910 16416 12611 
23819 858 16427 12698 
23820 12710 16467 874 
23821 871 16461 12679 
23822 12731 18834 17488 
23823 949 16425 16408 
23824 877 16443 12702 
23825 952 16432 12706 
23826 938 16435 12713 
23827 905 16442 12701 
23828 898 16450 12699 
23829 909 16429 16416 
23830 925 16463 12676 
23831 962 16438 12705 
23832 873 16447 12710 
23833 12668 16425 948 
23834 12702 16462 878 
23835 887 16448 12709 
23836 892 16468 12677 
23837 894 16455 12708 
23838 12674 16429 908 
23839 12681 16438 961 
23840 12679 16447 872 
23841 879 16462 12678 
23842 12680 16448 886 
23843 12677 16455 893 
23844 15233 16732 16544 
23845 16792 18491 18489 
23846 15225 16659 15224 
23847 18235 18514 16080 
23848 12814 17188 12812 
23849 13880 18198 18192 
23850 16572 16689 15257 
23851 16573 16574 13851 
23852 16380 16381 16379 
23853 13192 16525 13601 
23854 16706 16708 15937 
23855 16320 16535 15220 
23856 12788 18353 13205 
23857 15894 16590 16528 
23858 16849 18171 14261 
23859 14931 17755 17071 
23860 16091 18792 16383 
23861 17162 17890 16191 
23862 16608 17601 13646 
23863 16522 16733 14762 
23864 16947 18213 16948 
23865 15938 16689 16572 
23866 15773 18329 15774 
23867 14263 18188 18184 
23868 15224 16658 16657 
23869 16927 17385 16928 
23870 16590 17307 16528 
23871 16693 16694 15533 
23872 14798 17229 16668 
23873 16829 18153 14018 
23874 14838 16502 16501 
23875 16623 17951 15620 
23876 16928 17385 15357 
23877 12808 17316 13157 
23878 18489 18491 15723 
23879 16598 17229 14798 
23880 14903 18356 17910 
23881 15934 16574 16573 
23882 17270 17763 15285 
23883 16349 16353 16351 
23884 13855 18163 16513 
23885 16623 16665 13673 
23886 13203 17924 13204 
23887 16543 16712 14461 
23888 16600 18111 16741 
23889 13873 18180 18177 
23890 14143 17316 12810 
23891 14164 16785 16542 
23892 16575 17601 16608 
23893 13603 18086 16521 
23894 14143 17188 16518 
23895 15278 16765 16560 
23896 15129 17371 14929 
23897 16566 17371 15129 
23898 15406 16585 16551 
23899 13480 18193 16536 
23900 13691 18042 16545 
23901 16498 16499 13668 
23902 15934 16721 16574 
23903 18163 18205 16513 
23904 16594 18872 12684 
23905 12635 16376 16375 
23906 15394 16587 15393 
23907 16945 18206 16946 
23908 16927 16929 15395 
23909 14302 18082 16529 
23910 16474 17640 16476 
23911 15307 18128 15924 
23912 17189 17561 16563 
23913 16551 16562 15406 
23914 14261 18171 18168 
23915 14061 18061 16530 
23916 16973 18239 16974 
23917 15241 16567 15861 
23918 16472 18248 16660 
23919 15395 17385 16927 
23920 16252 18586 18403 
23921 16825 18135 14019 
23922 16486 16600 16521 
23923 15924 18264 16714 
23924 14053 18030 16618 
23925 15924 16714 16547 
23926 16544 16733 15233 
23927 13485 18210 17038 
23928 16521 18086 18075 
23929 16977 18225 16978 
23930 16973 18246 18239 
23931 14323 18055 16533 
23932 13849 16673 13850 
23933 13601 16525 16495 
23934 13604 18018 16534 
23935 15341 18349 17915 
23936 16507 16508 13128 
23937 15285 17763 17180 
23938 16591 16835 14529 
23939 14976 16577 16087 
23940 16825 18142 16826 
23941 16466 16623 16622 
23942 16563 17188 13149 
23943 16570 17737 15074 
23944 15405 16586 16585 
23945 17920 18237 16801 
23946 17039 18214 17038 
23947 16833 18112 14250 
23948 16723 17801 16690 
23949 15636 18197 16061 
23950 16391 18240 18229 
23951 16166 18378 18362 
23952 16331 16775 15665 
23953 16977 18231 18225 
23954 16529 18082 18070 
23955 16530 18061 18048 
23956 14240 16818 16816 
23957 14018 18153 18144 
23958 17180 17281 15285 
23959 17853 18364 18363 
23960 14305 18011 16539 
23961 15229 18205 18173 
23962 13603 16741 13429 
23963 13427 16741 14060 
23964 14064 17982 16541 
23965 16460 18688 15750 
23966 18142 18144 16826 
23967 16022 18204 16536 
23968 16597 18103 14576 
23969 17039 18215 18214 
23970 15405 16587 16586 
23971 16567 16568 15861 
23972 17238 17531 17015 
23973 16930 17453 16929 
23974 18208 18210 13485 
23975 16248 18551 16286 
23976 13149 17189 16563 
23977 16929 17453 15395 
23978 16356 16358 16357 
23979 16494 18218 13188 
23980 17179 17281 17180 
23981 15942 17222 16708 
23982 12769 18222 16493 
23983 16831 18090 13876 
23984 15926 18232 16709 
23985 16533 18055 18038 
23986 16579 16713 15737 
23987 16022 18208 18204 
23988 16534 18018 18002 
23989 16536 18193 16537 
23990 15396 16930 16773 
23991 13472 18140 16899 
23992 14019 18135 18125 
23993 15958 16757 16644 
23994 15665 16775 12770 
23995 14301 17975 16549 
23996 13598 17952 16548 
23997 14920 17100 14921 
23998 14921 17100 16596 
23999 15953 18120 17269 
24000 16136 16613 16612 
24001 18075 18086 14061 
24002 15241 16701 16567 
24003 18561 18562 15746 
24004 15761 16568 16567 
24005 16578 16581 16174 
24006 16428 18450 16427 
24007 13477 18172 16903 
24008 14253 18181 16958 
24009 12698 18450 16424 
24010 16174 16581 15650 
24011 15291 17179 16790 
24012 18192 18198 16877 
24013 13880 18202 16891 
24014 16735 17737 16570 
24015 15278 16595 16592 
24016 13195 18008 16525 
24017 16530 18075 14061 
24018 16712 17944 14284 
24019 15393 16587 15405 
24020 16541 17982 17974 
24021 14263 18192 16877 
24022 16539 18011 17994 
24023 18184 18188 16871 
24024 16989 18053 14247 
24025 16668 17229 15948 
24026 16575 16762 13676 
24027 18048 18061 13604 
24028 14762 16733 16544 
24029 15396 17453 16930 
24030 15087 16721 15934 
24031 14529 16835 14035 
24032 13886 18148 13888 
24033 16618 18030 16587 
24034 16632 16668 15948 
24035 15926 16709 16707 
24036 18070 18082 14323 
24037 14250 18112 18105 
24038 17185 17896 17274 
24039 18095 18117 17189 
24040 13873 18184 16871 
24041 15278 16592 15274 
24042 15277 16746 15656 
24043 18177 18180 16849 
24044 16657 16658 16599 
24045 15291 17281 17179 
24046 13884 16835 13886 
24047 16534 18048 13604 
24048 15950 16605 16604 
24049 14302 16742 13816 
24050 13818 16742 14316 
24051 15950 16604 15949 
24052 16533 18070 14323 
24053 14261 18177 16849 
24054 18002 18018 14064 
24055 15257 16690 16572 
24056 851 18235 12651 
24057 15322 16585 15419 
24058 17086 17885 15955 
24059 18179 18181 14253 
24060 18168 18171 16829 
24061 18038 18055 14305 
24062 16604 17176 15949 
24063 18189 18193 13480 
24064 17008 17914 15959 
24065 16548 17952 17933 
24066 810 12765 811 
24067 15373 17196 15300 
24068 13687 18042 13691 
24069 16519 17316 14143 
24070 17108 17737 16735 
24071 14049 16669 14351 
24072 17086 17916 14065 
24073 16592 16595 16593 
24074 14387 16765 15278 
24075 604 12764 605 
24076 17038 18210 17037 
24077 15394 16618 16587 
24078 16690 17801 16572 
24079 16407 18335 16133 
24080 15083 16721 15084 
24081 16549 17975 17963 
24082 17141 18309 17942 
24083 17008 17945 14045 
24084 16581 16628 15650 
24085 17791 18109 16753 
24086 16541 18002 14064 
24087 16722 17943 16790 
24088 17844 18199 14494 
24089 12812 17188 14143 
24090 13876 18090 18079 
24091 14811 16661 15080 
24092 16898 18158 16899 
24093 16966 17862 17101 
24094 14018 18168 16829 
24095 16634 16759 15288 
24096 12682 18223 610 
24097 16539 18038 14305 
24098 18170 18172 13477 
24099 17974 17982 13598 
24100 13850 16673 13853 
24101 15681 16746 15277 
24102 16312 18157 16311 
24103 13491 17874 16565 
24104 16890 18198 16891 
24105 14251 18122 17067 
24106 16987 17979 13877 
24107 15005 16610 15862 
24108 17916 17933 14065 
24109 17994 18011 14301 
24110 14240 16819 16818 
24111 16551 16585 15322 
24112 16673 16708 13853 
24113 17818 18186 16756 
24114 13149 17188 12814 
24115 16127 17888 17049 
24116 17945 17963 14045 
24117 16898 18170 18158 
24118 13605 17829 16564 
24119 16548 17974 13598 
24120 16732 17259 16544 
24121 611 18223 12724 
24122 16136 16612 15183 
24123 13621 16607 13645 
24124 18144 18153 16826 
24125 14019 18142 16825 
24126 15890 17694 17093 
24127 14034 17870 16569 
24128 12679 18827 16294 
24129 16876 18188 16877 
24130 15777 17279 17264 
24131 17933 17952 14065 
24132 16549 17994 14301 
24133 15663 16209 15796 
24134 16772 17457 16773 
24135 17264 17279 16615 
24136 13082 17991 17144 
24137 15963 17913 16565 
24138 14494 16617 13241 
24139 18125 18135 16833 
24140 14898 17280 15374 
24141 17202 18529 18528 
24142 14247 18053 18035 
24143 17069 17309 14523 
24144 16543 17944 16712 
24145 15955 17885 17873 
24146 13853 16708 16706 
24147 13475 18088 17174 
24148 14316 17927 17049 
24149 13723 17978 13724 
24150 13950 17999 13953 
24151 17963 17975 14045 
24152 16987 18016 16986 
24153 16360 16363 16358 
24154 16935 18321 13252 
24155 16773 17457 15396 
24156 16615 17279 14552 
24157 15260 16672 15258 
24158 14250 18125 16833 
24159 14051 17891 16601 
24160 17185 17274 15954 
24161 16870 18180 16871 
24162 14552 16616 16615 
24163 15963 17922 17913 
24164 15374 17280 16923 
24165 15959 17914 17902 
24166 16352 18205 18163 
24167 15940 17890 15023 
24168 15016 17238 16571 
24169 12694 18683 16377 
24170 16899 18140 16900 
24171 13676 17601 16575 
24172 14552 17283 16616 
24173 14865 16777 15979 
24174 16772 16782 15235 
24175 14072 17784 16576 
24176 14477 18096 17985 
24177 17787 17812 15891 
24178 14929 17371 15943 
24179 16570 17860 15940 
24180 18105 18112 16831 
24181 14316 17949 17927 
24182 16828 18153 16829 
24183 16672 16673 13849 
24184 18016 18035 16986 
24185 15955 17916 17086 
24186 15972 16626 16625 
24187 18134 18140 13472 
24188 14523 17309 16628 
24189 16405 18851 15051 
24190 17904 17962 13592 
24191 17874 18118 15971 
24192 16848 18171 16849 
24193 15972 16625 14856 
24194 17582 18072 13905 
24195 16588 17823 14308 
24196 15660 15663 15662 
24197 15943 17315 16571 
24198 13876 18105 16831 
24199 14976 17099 16577 
24200 15954 17186 17185 
24201 13784 18113 17816 
24202 13723 17108 16735 
24203 12776 16620 13666 
24204 14096 17816 16589 
24205 17860 17890 15940 
24206 15969 17892 16699 
24207 16958 18181 16956 
24208 17099 17100 15945 
24209 17873 17885 13605 
24210 14328 16624 14339 
24211 16380 16382 16381 
24212 16903 18172 16901 
24213 15959 17945 17008 
24214 14249 18045 16884 
24215 15183 16612 14781 
24216 16776 17016 13953 
24217 16564 17829 17820 
24218 16628 17321 14523 
24219 15080 16661 15083 
24220 16708 17222 15937 
24221 15943 17371 17315 
24222 13183 16651 13202 
24223 15964 17582 17091 
24224 16790 17943 15291 
24225 16923 17078 15374 
24226 14512 16641 14853 
24227 17093 17812 17787 
24228 15942 16708 16673 
24229 16439 16440 16438 
24230 12681 16554 16439 
24231 16398 16483 16400 
24232 12600 16445 16444 
24233 15093 18173 16504 
24234 16577 17099 15945 
24235 843 12763 844 
24236 14853 16641 16638 
24237 15231 16733 15697 
24238 12677 16457 16456 
24239 17797 18091 13389 
24240 16451 16452 16450 
24241 15016 17531 17238 
24242 18079 18090 16989 
24243 16644 16757 13164 
24244 16636 16834 15256 
24245 16571 17315 15016 
24246 15405 16585 15406 
24247 12767 12768 12689 
24248 16096 16633 15221 
24249 16679 16680 16678 
24250 17902 17914 14034 
24251 16596 17101 14921 
24252 16652 18196 15243 
24253 16364 16365 16363 
24254 17871 17888 16127 
24255 16564 17873 13605 
24256 16823 17864 13781 
24257 16569 17870 17845 
24258 14788 17247 16635 
24259 12683 18868 16763 
24260 15945 17100 14920 
24261 15942 16672 15260 
24262 17203 18014 14013 
24263 13606 17681 16602 
24264 18387 18507 16308 
24265 15954 17284 17186 
24266 13494 17775 16880 
24267 14247 18079 16989 
24268 16626 17640 16625 
24269 15233 17374 16732 
24270 15286 16634 15288 
24271 12768 15665 12770 
24272 15006 16610 15005 
24273 17093 17787 15890 
24274 16360 16364 16363 
24275 16565 17913 13491 
24276 15663 16526 16209 
24277 15074 17860 16570 
24278 15235 17457 16772 
24279 14023 16636 15256 
24280 15663 16746 16526 
24281 14051 18001 16245 
24282 17820 17829 14072 
24283 17143 17144 16069 
24284 13202 16651 14556 
24285 16690 17904 16723 
24286 14351 16669 15948 
24287 18106 18122 14251 
24288 17652 17694 15890 
24289 18124 18191 15210 
24290 16603 17742 14071 
24291 15448 18033 17773 
24292 15312 16817 14941 
24293 16818 18103 15630 
24294 17274 17896 14946 
24295 16569 17902 14034 
24296 13709 18029 18012 
24297 15276 15682 15681 
24298 18035 18053 16986 
24299 17049 17927 16127 
24300 16824 18135 16825 
24301 13476 17983 16882 
24302 17067 18122 17065 
24303 14355 17247 14788 
24304 845 12767 12689 
24305 14687 17621 16838 
24306 14011 17932 17653 
24307 18394 18395 16611 
24308 16576 17784 17757 
24309 16581 17321 16628 
24310 17850 17852 12727 
24311 16776 17238 17016 
24312 17016 17238 17015 
24313 16545 18042 16512 
24314 15979 16777 16767 
24315 16838 17621 16837 
24316 16769 17506 16782 
24317 16609 17928 14060 
24318 13669 16652 12794 
24319 15474 17502 16762 
24320 17091 17694 17652 
24321 15233 16733 15231 
24322 16576 17820 14072 
24323 15976 18129 17979 
24324 13493 18220 16978 
24325 16553 16742 14302 
24326 16585 16586 15419 
24327 15737 16713 14743 
24328 14053 18068 13395 
24329 14308 17888 17871 
24330 17845 17870 14096 
24331 14870 16720 15332 
24332 18073 18088 13475 
24333 16730 17259 16732 
24334 17839 17858 13391 
24335 18141 18152 16353 
24336 15221 16633 15112 
24337 16815 16817 15312 
24338 16732 17374 16731 
24339 16832 18112 16833 
24340 16518 17188 16563 
24341 16583 16584 14044 
24342 15258 16672 16671 
24343 15332 16720 16637 
24344 17150 17935 17149 
24345 14674 16718 15855 
24346 13786 17956 17934 
24347 985 12762 986 
24348 17811 17823 16588 
24349 16777 17196 15373 
24350 17176 17280 15949 
24351 17763 18117 14137 
24352 13241 16617 13256 
24353 13877 18016 16987 
24354 17097 17868 14012 
24355 17091 17652 15964 
24356 16616 17283 17136 
24357 17186 17284 17076 
24358 15635 16781 16780 
24359 17757 17784 13606 
24360 16744 17278 15952 
24361 15300 17196 16300 
24362 14075 17596 16614 
24363 16823 17919 16822 
24364 16879 17830 16880 
24365 16589 17845 14096 
24366 13154 16688 13148 
24367 16762 17502 13676 
24368 17985 18096 16512 
24369 12768 12770 12769 
24370 12688 16355 984 
24371 17023 18494 18493 
24372 16718 16719 15855 
24373 16359 16360 16358 
24374 15286 16774 16634 
24375 16810 18143 18047 
24376 16592 16593 15682 
24377 15274 16592 15276 
24378 16631 16643 15970 
24379 14123 16745 14977 
24380 14142 16711 15206 
24381 17174 18088 15638 
24382 14308 17871 16588 
24383 14435 16624 14328 
24384 14326 16701 15241 
24385 13630 13632 13631 
24386 14049 17653 16669 
24387 17968 18069 16643 
24388 16830 18090 16831 
24389 16699 17892 15139 
24390 15970 16661 14811 
24391 14901 17198 16649 
24392 16814 17581 16816 
24393 15281 17373 16915 
24394 606 12690 607 
24395 14246 17923 16873 
24396 15134 16720 14870 
24397 15948 16669 16632 
24398 15970 16687 16631 
24399 18457 18586 15866 
24400 16627 17865 13602 
24401 15643 16777 14865 
24402 17101 17862 14921 
24403 16879 17839 17830 
24404 16022 18210 18208 
24405 16816 16818 16817 
24406 808 12691 809 
24407 15663 15796 15662 
24408 14461 16712 14346 
24409 14328 14339 13654 
24410 14951 18109 17791 
24411 15185 16629 16136 
24412 16602 17757 13606 
24413 15276 16592 15682 
24414 14071 17823 17811 
24415 16567 16701 14779 
24416 13599 18234 16974 
24417 16602 17681 17641 
24418 17919 17934 16822 
24419 16812 16815 15312 
24420 14856 16625 14460 
24421 16685 16686 14144 
24422 14042 17743 16942 
24423 16879 17858 17839 
24424 16366 16367 16365 
24425 15949 17280 14898 
24426 16536 18204 13480 
24427 13583 18076 17891 
24428 17403 18770 12737 
24429 17171 17965 17170 
24430 17269 18120 15951 
24431 15977 17538 17084 
24432 16735 17978 13723 
24433 16575 16608 15770 
24434 14273 16702 14407 
24435 16993 17609 15978 
24436 14941 16817 15630 
24437 14060 18111 16609 
24438 18017 18045 14249 
24439 13628 13630 13629 
24440 15132 16713 16579 
24441 15246 16688 13154 
24442 16783 17136 14012 
24443 12794 16652 12796 
24444 13262 16705 13644 
24445 16782 17506 15235 
24446 15656 16746 15660 
24447 16686 17389 14144 
24448 17038 18214 13485 
24449 13231 17924 13203 
24450 17002 17796 14243 
24451 13635 13636 13632 
24452 16618 18068 14053 
24453 16903 18181 18179 
24454 13648 14324 13672 
24455 15210 17786 14778 
24456 16988 18053 16989 
24457 16898 18172 18170 
24458 14779 16701 14369 
24459 16593 16594 15682 
24460 16637 16743 15332 
24461 16816 17581 14240 
24462 16884 18045 16883 
24463 13597 18331 17959 
24464 14780 15802 15034 
24465 14024 16636 14023 
24466 16661 18069 15083 
24467 13654 16607 13621 
24468 16608 18261 15773 
24469 16674 16675 14910 
24470 16993 17683 14042 
24471 14387 15278 15274 
24472 17641 17681 14075 
24473 14512 17379 16641 
24474 16903 18179 13477 
24475 16512 18042 17985 
24476 16616 17136 16783 
24477 13945 17632 17230 
24478 16253 18351 15731 
24479 13621 13645 13261 
24480 17695 17742 16603 
24481 17189 18117 15279 
24482 15932 16185 15239 
24483 14438 16713 15132 
24484 16649 17198 17046 
24485 13814 18082 14302 
24486 16560 16765 15034 
24487 14071 17811 16603 
24488 13431 18086 13603 
24489 13176 16767 16684 
24490 15778 16719 16718 
24491 13238 16705 13262 
24492 17743 17780 16942 
24493 16684 16767 15373 
24494 16690 17962 17904 
24495 13260 13261 13246 
24496 18012 18029 16597 
24497 13953 17999 16776 
24498 13579 17891 14051 
24499 16484 18479 13181 
24500 15034 16765 14458 
24501 13607 17347 16640 
24502 14144 17303 16685 
24503 15097 15098 15096 
24504 16490 16666 15873 
24505 17934 17956 16822 
24506 16662 17246 14883 
24507 15103 15105 15102 
24508 13642 13648 13636 
24509 15802 16195 15034 
24510 16364 16366 16365 
24511 14021 17899 15989 
24512 16967 17792 13317 
24513 14325 14458 14324 
24514 14324 16765 14387 
24515 847 16493 16384 
24516 805 12685 806 
24517 12772 14356 12774 
24518 14324 14387 13672 
24519 14152 17165 14154 
24520 16307 16739 14409 
24521 16899 18158 13472 
24522 17907 17928 16609 
24523 13632 13634 13631 
24524 13205 16683 12790 
24525 16978 18225 13493 
24526 13171 16651 13183 
24527 14033 17636 17084 
24528 16600 16741 13603 
24529 16757 17752 13161 
24530 13613 16731 13619 
24531 16496 16542 15912 
24532 16882 17983 16881 
24533 17144 17991 16069 
24534 16025 16630 16629 
24535 17230 17632 16016 
24536 13260 13621 13261 
24537 17082 17246 16662 
24538 15063 16700 16524 
24539 16366 16763 16367 
24540 17148 17856 17147 
24541 15005 15862 15737 
24542 12768 12769 12689 
24543 15974 16769 16768 
24544 14422 16725 15280 
24545 14459 14780 14458 
24546 16744 17895 14477 
24547 13810 18055 14323 
24548 16685 17303 17113 
24549 13666 16646 16645 
24550 16656 17625 15599 
24551 16675 16676 14910 
24552 14798 16668 14484 
24553 13435 18061 14061 
24554 14780 15034 14458 
24555 14356 16620 12774 
24556 14033 17742 17695 
24557 17115 17979 16987 
24558 14813 16676 15127 
24559 17067 18140 18134 
24560 14409 16739 13658 
24561 13202 13238 13206 
24562 13632 17190 13634 
24563 17121 17930 17127 
24564 15101 15102 15100 
24565 14182 16681 14184 
24566 12770 12772 12771 
24567 15013 16650 15289 
24568 13238 13262 13243 
24569 15992 17682 17045 
24570 13626 13628 13627 
24571 16614 17641 14075 
24572 15768 16762 16575 
24573 13262 13643 13600 
24574 15094 15097 15096 
24575 16612 16613 15802 
24576 15132 16289 15761 
24577 15005 15737 14743 
24578 13648 13672 13636 
24579 13630 13635 13632 
24580 16958 18189 14253 
24581 15132 15761 14779 
24582 17046 17198 17118 
24583 16880 17830 13494 
24584 16925 17246 17082 
24585 15359 16711 14142 
24586 15241 15861 15242 
24587 16795 17253 15779 
24588 13645 16514 14475 
24589 14438 15132 14779 
24590 17066 17085 16900 
24591 14576 18012 16597 
24592 17022 17650 13782 
24593 16835 18148 13886 
24594 13648 16648 14325 
24595 15258 16671 14047 
24596 13630 13631 13629 
24597 14280 16725 14422 
24598 13481 17832 16875 
24599 17653 17932 16669 
24600 17067 18134 14251 
24601 14326 15241 14409 
24602 13086 17909 17224 
24603 16958 18193 18189 
24604 15942 16673 16672 
24605 15770 16608 15773 
24606 17017 17864 16823 
24607 15861 16163 15242 
24608 15779 15972 14856 
24609 15359 16761 16653 
24610 17756 17775 13494 
24611 17683 17743 14042 
24612 13259 16702 14273 
24613 16614 17596 17440 
24614 13643 16739 13647 
24615 13626 15489 13628 
24616 15083 18069 16721 
24617 13203 13204 13199 
24618 16352 18163 13859 
24619 14015 17925 17609 
24620 13806 18011 14305 
24621 12776 13666 12778 
24622 13183 13202 13186 
24623 13943 16794 13945 
24624 13643 13647 13600 
24625 16256 16257 16255 
24626 15185 16136 15183 
24627 17964 17983 13476 
24628 15111 16103 15113 
24629 13262 13600 13243 
24630 13439 18018 13604 
24631 16025 16629 15185 
24632 15302 17260 16704 
24633 13672 17190 13636 
24634 14438 14779 14369 
24635 16298 18669 12673 
24636 845 12689 846 
24637 13238 13243 13206 
24638 13684 16819 13682 
24639 15273 17190 13672 
24640 16873 17923 16872 
24641 12635 16377 16376 
24642 15958 17752 16757 
24643 15098 15101 15100 
24644 14354 16980 16642 
24645 609 12682 610 
24646 16964 17616 17191 
24647 983 12688 984 
24648 13781 17864 17833 
24649 13630 17335 13635 
24650 15241 15242 14409 
24651 15990 17674 16743 
24652 17033 17078 16923 
24653 15974 17506 16769 
24654 14033 17695 17636 
24655 14460 16625 14461 
24656 17174 18106 13475 
24657 14760 16700 15063 
24658 15981 17244 16984 
24659 14326 14409 13658 
24660 13679 17278 16744 
24661 15897 16795 15780 
24662 17773 18033 16038 
24663 17440 17596 13607 
24664 15650 16628 15651 
24665 12770 12771 12769 
24666 15351 16745 14123 
24667 16245 16710 14050 
24668 15184 15185 15183 
24669 15351 16778 16654 
24670 15489 17335 13628 
24671 13202 13206 13186 
24672 16966 17101 16967 
24673 13781 17919 16823 
24674 982 16379 16378 
24675 16219 16220 16218 
24676 16653 16711 15359 
24677 16974 18239 13599 
24678 15442 17876 17685 
24679 15961 17608 17177 
24680 13929 17033 16922 
24681 14460 14461 14346 
24682 15101 15103 15102 
24683 15982 17266 16992 
24684 15989 17309 17069 
24685 16031 17699 15599 
24686 13802 17975 14301 
24687 16752 17786 15210 
24688 15182 15183 14781 
24689 17088 17227 14495 
24690 14012 17868 16783 
24691 15781 16188 16096 
24692 13635 17335 14362 
24693 16915 17373 16914 
24694 15768 16575 15770 
24695 13682 16819 14240 
24696 17113 17303 14029 
24697 13443 17982 14064 
24698 16749 17113 14029 
24699 12720 17255 17253 
24700 15113 17024 15109 
24701 15873 16666 15272 
24702 15186 16025 15185 
24703 13131 16665 13132 
24704 13274 16839 13272 
24705 14354 17247 14355 
24706 12774 16620 12776 
24707 14781 16612 14780 
24708 16684 17258 13176 
24709 14422 15013 14468 
24710 15455 17650 17022 
24711 16884 18088 18073 
24712 14339 16607 13654 
24713 15110 15111 15109 
24714 17174 18122 18106 
24715 16105 17024 15113 
24716 15239 16610 15006 
24717 16103 16104 15113 
24718 16619 18068 16618 
24719 15094 15096 15095 
24720 16642 17247 14354 
24721 16969 17470 16970 
24722 15102 15104 15100 
24723 16671 16672 13849 
24724 15103 15106 15105 
24725 14417 16718 14674 
24726 14280 14422 14291 
24727 848 12666 849 
24728 17828 17865 16627 
24729 13148 16688 13142 
24730 15910 18147 14879 
24731 13123 16736 13122 
24732 16664 17273 14022 
24733 17109 17728 15485 
24734 12853 17675 17399 
24735 16930 16936 16773 
24736 17252 17847 13731 
24737 15979 16767 16766 
24738 13169 15243 13171 
24739 17013 17310 17098 
24740 13644 13658 13643 
24741 14484 16668 14482 
24742 17052 17758 17051 
24743 14422 14468 14291 
24744 15013 15289 14468 
24745 16485 17844 17062 
24746 15898 16255 15897 
24747 13635 13642 13636 
24748 16689 16691 13657 
24749 15093 15094 15092 
24750 13659 14326 13658 
24751 15111 15113 15109 
24752 15098 15100 15099 
24753 16981 17223 14908 
24754 17076 17187 17186 
24755 17219 17584 15973 
24756 17036 17227 17088 
24757 13180 13181 13167 
24758 14910 16676 14813 
24759 16948 18213 18019 
24760 15964 18072 17582 
24761 16622 16623 15620 
24762 16654 16745 15351 
24763 14057 17808 17045 
24764 16601 18001 14051 
24765 16349 18141 16353 
24766 16313 16834 14468 
24767 16077 16650 15013 
24768 16884 18073 14249 
24769 15243 16651 13171 
24770 13666 16645 12778 
24771 16957 16959 16537 
24772 13491 18118 17874 
24773 16922 17033 16923 
24774 13447 17952 13598 
24775 16970 17470 15748 
24776 15240 15932 15239 
24777 15660 16746 15663 
24778 12695 16373 979 
24779 16703 17287 13638 
24780 16031 17775 17756 
24781 13244 18186 17818 
24782 16579 16580 16289 
24783 15978 17683 16993 
24784 16794 17632 13945 
24785 16880 17775 17111 
24786 14023 15256 14048 
24787 15933 16218 15932 
24788 15781 16096 15221 
24789 14280 14291 14031 
24790 13929 16924 13930 
24791 14078 17242 16670 
24792 16980 17328 16642 
24793 13642 16648 13648 
24794 15599 17625 15191 
24795 15770 15773 15771 
24796 17049 17888 13822 
24797 16836 16837 13277 
24798 15780 16795 15779 
24799 13648 14325 14324 
24800 611 12724 612 
24801 17177 17608 13674 
24802 14468 16834 14291 
24803 13126 16736 13123 
24804 13796 17914 17008 
24805 14060 17928 13425 
24806 16764 17472 16768 
24807 16380 16383 16382 
24808 15032 16026 15854 
24809 18335 18388 15129 
24810 14903 17165 16655 
24811 17084 17636 15977 
24812 12792 16683 13669 
24813 15768 15770 15769 
24814 982 16378 983 
24815 13602 17928 17907 
24816 14857 15779 14856 
24817 16704 17260 17081 
24818 13160 13161 13154 
24819 16767 16777 15373 
24820 16344 16660 16490 
24821 16565 17874 17133 
24822 847 16384 848 
24823 14910 16681 16674 
24824 17060 17061 13193 
24825 16643 16661 15970 
24826 16676 16677 15127 
24827 14370 14438 14369 
24828 15253 16695 16477 
24829 16640 17440 13607 
24830 15108 15109 15106 
24831 15112 16633 15111 
24832 17000 17614 16950 
24833 14227 17754 16024 
24834 16195 16561 16560 
24835 16474 16475 16473 
24836 14244 17758 17052 
24837 16875 17832 16874 
24838 13153 13154 13148 
24839 16981 17328 16980 
24840 14117 17223 14115 
24841 14023 14048 13878 
24842 14325 14459 14458 
24843 16716 17355 13596 
24844 14647 17265 16959 
24845 16990 17341 16778 
24846 13869 13871 13867 
24847 17071 17715 17070 
24848 14744 15005 14743 
24849 13628 13629 13627 
24850 13618 16689 13657 
24851 16003 17847 17252 
24852 13167 16644 13164 
24853 15316 16724 16225 
24854 16031 17756 17699 
24855 13645 14475 13261 
24856 13846 16671 13849 
24857 13940 17705 13943 
24858 15981 16984 16983 
24859 16905 17667 17215 
24860 17300 17935 17150 
24861 13849 13850 13848 
24862 15982 16992 16991 
24863 16925 17082 13050 
24864 14462 14856 14460 
24865 13272 16839 14193 
24866 15222 15781 15221 
24867 13313 17120 17054 
24868 13853 13854 13852 
24869 14078 17426 17347 
24870 14715 16734 15705 
24871 14184 16681 14910 
24872 16768 17472 15974 
24873 17001 17796 17002 
24874 16812 17305 16811 
24875 13864 13865 13862 
24876 980 12662 981 
24877 16915 17429 15281 
24878 13792 17870 14034 
24879 16619 18091 17797 
24880 14400 14760 14401 
24881 16882 18045 18017 
24882 12772 12774 12773 
24883 17098 17310 15283 
24884 13278 16836 13277 
24885 13153 13160 13154 
24886 13857 13858 13856 
24887 13206 17727 13186 
24888 13861 13862 13860 
24889 16731 17374 13619 
24890 13189 17060 13193 
24891 14796 16657 14798 
24892 14459 14781 14780 
24893 17500 17538 15977 
24894 15394 16619 16618 
24895 14743 16713 14439 
24896 13862 13863 13860 
24897 16688 17951 13673 
24898 15973 17584 16546 
24899 14760 15063 14762 
24900 17833 17864 17002 
24901 12796 16652 13169 
24902 14022 17538 17500 
24903 17129 17298 17234 
24904 16250 16729 15318 
24905 978 16374 12695 
24906 17347 17426 16640 
24907 15063 16523 16522 
24908 17804 17854 14845 
24909 14780 16612 15802 
24910 13665 14400 13664 
24911 13453 17885 17086 
24912 16922 16924 13929 
24913 802 12661 803 
24914 17117 17165 14152 
24915 16710 16740 14050 
24916 15087 15229 15088 
24917 16078 16473 16077 
24918 13866 13867 13865 
24919 16067 17778 15417 
24920 12782 13257 12784 
24921 15280 16077 15013 
24922 17093 17694 17092 
24923 14465 16774 15286 
24924 13602 17865 13421 
24925 14387 15274 15273 
24926 16024 17754 17685 
24927 16968 17333 16761 
24928 16574 17968 13851 
24929 16706 16707 13857 
24930 15268 15272 15271 
24931 17107 17883 17737 
24932 15298 17087 17036 
24933 14711 16737 15711 
24934 14347 14460 14346 
24935 14054 17346 16687 
24936 13850 13852 13851 
24937 13602 17907 16627 
24938 15697 15927 15232 
24939 13663 13664 13662 
24940 13879 14023 13878 
24941 14154 17165 14903 
24942 15774 16500 16172 
24943 15087 15088 15086 
24944 13616 16731 13613 
24945 15272 16666 15926 
24946 14970 16717 15913 
24947 16722 16790 14110 
24948 12790 16683 12792 
24949 17898 17923 14246 
24950 13870 13878 13869 
24951 14057 17828 17808 
24952 13846 13848 13847 
24953 17046 17118 13289 
24954 16228 16301 16227 
24955 13868 13869 13867 
24956 13164 16757 13160 
24957 17224 17909 16018 
24958 17219 17677 13701 
24959 13854 13856 13855 
24960 13858 13860 13859 
24961 613 12656 614 
24962 16882 18017 13476 
24963 14407 16702 15032 
24964 17036 17088 15298 
24965 16730 16731 13616 
24966 14647 16959 14645 
24967 13967 17050 17004 
24968 14713 16734 14715 
24969 15266 15268 15267 
24970 17077 17187 17076 
24971 17685 17876 16024 
24972 17146 17701 17145 
24973 15846 15897 15780 
24974 13256 13626 13625 
24975 14032 14280 14031 
24976 17816 18113 16589 
24977 15251 15253 15252 
24978 14308 17823 13826 
24979 15220 15221 15112 
24980 13854 16706 13857 
24981 14663 16802 15301 
24982 14707 16738 15715 
24983 15238 15239 15006 
24984 17054 17120 15980 
24985 978 12695 979 
24986 16634 16774 14350 
24987 15312 17305 16812 
24988 13127 13129 13128 
24989 16928 16932 16931 
24990 12778 16645 12780 
24991 13142 13673 13136 
24992 16802 16803 15301 
24993 13457 17829 13605 
24994 14368 14369 14327 
24995 13623 17357 16727 
24996 16773 16936 13254 
24997 15110 15112 15111 
24998 16686 17854 17804 
24999 15182 15184 15183 
25000 13662 17259 16730 
25001 15409 17698 16041 
25002 15988 17013 17012 
25003 15108 15110 15109 
25004 17319 18014 17203 
25005 16730 16732 16731 
25006 14346 16712 14285 
25007 14057 17865 17828 
25008 13249 18237 17920 
25009 13246 17630 13231 
25010 16894 17220 15993 
25011 16837 17621 16839 
25012 13121 13123 13122 
25013 16771 16782 16772 
25014 17379 17465 16641 
25015 16766 17323 15979 
25016 16687 17346 16631 
25017 17085 17221 16900 
25018 13653 16754 13633 
25019 17045 17682 13415 
25020 14327 16701 14326 
25021 13074 17140 13071 
25022 17088 17465 17379 
25023 14797 15224 14796 
25024 14657 16756 15646 
25025 14691 16793 15724 
25026 17797 18068 16619 
25027 14284 16725 14281 
25028 15253 16477 15252 
25029 18173 18205 16504 
25030 13662 16730 13640 
25031 14703 16748 15718 
25032 15336 17386 16704 
25033 13998 17114 14000 
25034 17191 17616 14917 
25035 13115 13117 13116 
25036 800 12725 801 
25037 13850 13853 13852 
25038 16753 16754 14379 
25039 17850 17853 17852 
25040 16333 17606 15215 
25041 15232 16663 15778 
25042 13854 13857 13856 
25043 15231 15232 14826 
25044 13858 13861 13860 
25045 13613 13619 13612 
25046 16916 17323 16766 
25047 15255 16695 15253 
25048 14369 16701 14327 
25049 15247 15251 15249 
25050 13619 13671 13670 
25051 14088 17069 14519 
25052 13208 16726 14494 
25053 14350 16774 14037 
25054 12788 13205 12790 
25055 16372 16763 16366 
25056 14761 16700 14760 
25057 15261 15262 15260 
25058 14485 14796 14484 
25059 15305 17877 17256 
25060 17068 17174 15638 
25061 15251 15252 15249 
25062 14400 14401 13664 
25063 15872 15873 15272 
25064 14243 17796 17751 
25065 15111 16633 16103 
25066 14479 14743 14439 
25067 16188 18723 17748 
25068 15090 15093 15092 
25069 13109 13111 13110 
25070 15224 16657 14796 
25071 14185 17119 14183 
25072 16344 16490 15873 
25073 13194 16726 13197 
25074 16043 17750 15418 
25075 16702 18056 16026 
25076 15272 15926 15271 
25077 16514 16515 14475 
25078 16743 17674 15332 
25079 14047 16671 13844 
25080 13671 14417 14279 
25081 14671 16799 15290 
25082 615 12723 616 
25083 13846 13849 13848 
25084 16472 16660 16344 
25085 16778 17341 16654 
25086 15533 16728 14274 
25087 13142 16688 13673 
25088 13222 16931 14056 
25089 15106 17024 15105 
25090 15289 16321 16313 
25091 14760 14762 14401 
25092 15259 15260 15258 
25093 14243 17833 17002 
25094 15609 16938 16937 
25095 16343 16344 15873 
25096 17234 17298 17232 
25097 13943 17705 16794 
25098 14699 16755 15721 
25099 16761 17333 16653 
25100 15572 16828 15647 
25101 13681 16744 14477 
25102 15263 15264 15262 
25103 14031 16636 14024 
25104 13074 17141 17140 
25105 15268 15271 15267 
25106 13596 17355 13411 
25107 15063 16522 14762 
25108 14289 16687 14488 
25109 17018 17320 17012 
25110 13640 16730 13616 
25111 14709 16737 14711 
25112 13611 13612 13610 
25113 13690 17077 13688 
25114 14476 14826 14417 
25115 14401 17259 13664 
25116 14482 16668 16632 
25117 17101 17792 16967 
25118 14400 16715 14761 
25119 16799 16800 15290 
25120 14379 16754 13653 
25121 13202 14556 13238 
25122 14475 17630 13261 
25123 13461 17784 14072 
25124 16699 17943 16722 
25125 15084 15087 15086 
25126 15265 15266 15264 
25127 14071 17742 13830 
25128 13237 16771 13254 
25129 12770 16775 12772 
25130 13060 17164 17117 
25131 15988 17310 17013 
25132 12772 12773 12771 
25133 14531 17094 14094 
25134 13176 17258 12919 
25135 14510 17379 14512 
25136 14412 16648 13642 
25137 16471 16472 16344 
25138 16946 18206 18028 
25139 15032 16702 16026 
25140 13590 13595 13589 
25141 17419 17594 15987 
25142 15184 15186 15185 
25143 13113 13115 13114 
25144 13104 16814 16813 
25145 14182 17399 16681 
25146 16185 16610 15239 
25147 15638 17173 17068 
25148 15437 17774 16033 
25149 16544 17259 14401 
25150 16743 17214 12841 
25151 13256 16617 13626 
25152 14054 16687 14289 
25153 13638 17287 13385 
25154 16628 17309 15651 
25155 13169 13171 13170 
25156 14796 14798 14484 
25157 14483 14484 14482 
25158 12826 17178 12824 
25159 14908 17328 16981 
25160 14695 16760 15722 
25161 17127 17930 13492 
25162 16356 16359 16358 
25163 16132 17181 16747 
25164 15973 17677 17219 
25165 15063 16524 16523 
25166 15083 15084 15082 
25167 16873 17983 17964 
25168 16926 16929 16927 
25169 16820 17581 16814 
25170 14915 17614 17000 
25171 15985 17275 17019 
25172 13197 16726 13208 
25173 798 12650 799 
25174 13108 16820 13105 
25175 13655 14328 13654 
25176 13844 16671 13846 
25177 16516 17630 14475 
25178 13161 15247 15246 
25179 15476 15768 15767 
25180 13119 13121 13120 
25181 13775 17609 16993 
25182 17399 17675 16681 
25183 14345 14346 14285 
25184 15257 16689 13618 
25185 13181 16644 13167 
25186 15800 16227 15799 
25187 13262 13644 13643 
25188 617 12649 618 
25189 15186 16337 16025 
25190 16770 16771 13248 
25191 16790 17179 17178 
25192 14351 14827 14350 
25193 14556 16705 13238 
25194 13183 13186 13184 
25195 17084 17538 13836 
25196 16828 16829 15647 
25197 13788 17816 14096 
25198 17161 17405 17332 
25199 15286 15288 15287 
25200 17249 17251 17028 
25201 13208 14494 13241 
25202 16983 17226 15981 
25203 13678 16820 13108 
25204 15266 15267 15264 
25205 15800 16228 16227 
25206 14705 16738 14707 
25207 16764 16768 13266 
25208 13588 13589 13587 
25209 13171 13183 13172 
25210 16933 16935 16934 
25211 16385 16386 12696 
25212 12741 18132 781 
25213 17979 18129 13877 
25214 13104 16813 13101 
25215 13175 17081 12933 
25216 13622 13654 13621 
25217 14827 16759 16634 
25218 13688 17077 13694 
25219 15286 15287 15123 
25220 14005 17901 17827 
25221 13573 16740 15297 
25222 13125 13127 13126 
25223 15088 15090 15089 
25224 16817 16818 15630 
25225 16931 16932 14056 
25226 13853 16706 13854 
25227 15913 16391 16390 
25228 15927 16663 15232 
25229 796 12726 797 
25230 13258 13260 13246 
25231 13618 13657 13656 
25232 13638 17594 17419 
25233 793 12634 794 
25234 13663 13665 13664 
25235 13595 13618 13617 
25236 16991 17245 15982 
25237 13626 13627 13625 
25238 16637 17214 16743 
25239 976 12635 977 
25240 13465 17681 13606 
25241 14488 16687 15970 
25242 14490 15258 14047 
25243 16648 18081 17977 
25244 15267 17222 15264 
25245 851 12651 852 
25246 14421 17032 15114 
25247 15231 15697 15232 
25248 16670 17426 14078 
25249 15529 17728 17109 
25250 14674 15855 14894 
25251 14908 17223 14117 
25252 15262 15942 15260 
25253 14970 15913 15911 
25254 14481 14482 14480 
25255 17294 17856 17148 
25256 14768 16976 15228 
25257 16801 16802 14665 
25258 16771 16772 13254 
25259 13218 16934 13252 
25260 14110 16789 16722 
25261 14715 14970 14880 
25262 17078 17344 15374 
25263 15262 17222 15942 
25264 13277 16839 13274 
25265 16934 16935 13252 
25266 16720 17892 15969 
25267 14283 14284 14281 
25268 13861 13864 13862 
25269 13844 13846 13845 
25270 13335 16990 16778 
25271 14400 14761 14760 
25272 16959 17265 16537 
25273 14049 14350 14037 
25274 17215 17667 14961 
25275 15450 17764 16054 
25276 15316 17089 16724 
25277 17026 17251 13357 
25278 14022 17500 16664 
25279 15053 17089 14504 
25280 14049 14351 14350 
25281 15908 17044 17043 
25282 13910 16914 16913 
25283 15906 17048 17047 
25284 853 16385 12696 
25285 16391 16494 16390 
25286 15244 17111 15199 
25287 14026 14031 14024 
25288 17220 17366 15993 
25289 15234 15799 14827 
25290 15934 16513 15229 
25291 16813 16815 16812 
25292 17091 17582 13901 
25293 12831 16789 12828 
25294 17068 17173 17064 
25295 15232 15778 14826 
25296 13200 13203 13199 
25297 16729 17112 15318 
25298 12907 16968 16761 
25299 15474 16762 15476 
25300 16779 17267 14095 
25301 13658 16739 13643 
25302 15705 16717 14970 
25303 15554 16988 15639 
25304 13027 16998 14076 
25305 17216 17715 17071 
25306 15937 17222 15267 
25307 14701 16748 14703 
25308 13112 13113 13111 
25309 14465 15286 15123 
25310 14713 14715 14714 
25311 15646 16753 14655 
25312 16988 16989 15639 
25313 13611 13613 13612 
25314 13644 13659 13658 
25315 13619 13670 13612 
25316 16798 16799 14673 
25317 14482 16632 14480 
25318 17449 17578 17200 
25319 15682 16606 15681 
25320 14519 17069 14523 
25321 15688 16838 16837 
25322 16873 17964 14246 
25323 14655 16753 14379 
25324 13588 13590 13589 
25325 14896 16957 16956 
25326 13201 18166 18130 
25327 15330 16807 16806 
25328 781 18132 782 
25329 13160 16757 13161 
25330 13595 15257 13618 
25331 13136 16665 13131 
25332 15421 17011 15424 
25333 14013 16914 13908 
25334 15711 16734 14713 
25335 16976 16977 15228 
25336 14029 17114 16749 
25337 13671 14279 13670 
25338 13910 16913 13912 
25339 15254 15255 15253 
25340 13661 13662 13640 
25341 17164 17165 17117 
25342 13278 17420 16836 
25343 15222 15857 15781 
25344 13665 16715 14400 
25345 13113 13114 13111 
25346 14081 17197 14079 
25347 15301 16756 14659 
25348 13169 16652 15243 
25349 15758 16223 15225 
25350 13864 13866 13865 
25351 15080 15083 15082 
25352 13469 17596 14075 
25353 17600 17725 17167 
25354 14008 14009 14007 
25355 14476 15231 14826 
25356 14490 15259 15258 
25357 14964 16947 14973 
25358 16932 16933 14056 
25359 14689 16793 14691 
25360 13036 16786 14147 
25361 14815 17119 14185 
25362 14417 14674 14279 
25363 15259 15261 15260 
25364 17079 17344 17078 
25365 15234 15800 15799 
25366 16947 16948 14973 
25367 14434 17058 15036 
25368 17615 17682 15992 
25369 15132 16579 16289 
25370 17050 17223 17004 
25371 17012 17320 15988 
25372 15952 18032 17895 
25373 17332 17405 13365 
25374 15084 15086 15085 
25375 16960 16961 15284 
25376 15268 15872 15272 
25377 17045 17808 15992 
25378 13118 13119 13117 
25379 17590 17790 14568 
25380 15247 15249 15248 
25381 13671 14476 14417 
25382 13115 13116 13114 
25383 13109 13110 13108 
25384 14160 17079 13920 
25385 13196 13199 13185 
25386 14507 17112 15124 
25387 13850 13851 13848 
25388 14535 17094 14531 
25389 14495 17465 17088 
25390 15220 15222 15221 
25391 14017 14049 14037 
25392 13224 16931 13222 
25393 14697 16755 14699 
25394 15261 15263 15262 
25395 14271 15307 14416 
25396 14665 16802 14663 
25397 13498 17132 14145 
25398 15989 17899 17309 
25399 17609 17925 15978 
25400 16924 17612 13930 
25401 14000 17114 14029 
25402 16926 16927 13253 
25403 14439 16713 14438 
25404 13100 16812 16811 
25405 13504 16797 14146 
25406 13609 13610 13594 
25407 17373 17414 16912 
25408 16827 16828 15570 
25409 13401 17357 13623 
25410 13087 16906 13086 
25411 17064 17173 14627 
25412 14711 14713 14712 
25413 13679 16744 13681 
25414 13280 17420 13278 
25415 13107 13109 13108 
25416 15761 16567 14779 
25417 13930 17612 13932 
25418 13248 16771 13237 
25419 15913 16390 15911 
25420 14083 17153 14127 
25421 14351 15234 14827 
25422 14797 15225 15224 
25423 16474 16476 16475 
25424 13574 16740 13573 
25425 13510 16805 14148 
25426 15032 15854 15853 
25427 13119 13120 13117 
25428 14970 15911 14880 
25429 13078 17142 13075 
25430 15905 16788 14911 
25431 16704 17081 13175 
25432 13078 17143 17142 
25433 13121 13122 13120 
25434 13724 17978 13727 
25435 14673 16799 14671 
25436 13251 16770 13248 
25437 13843 14047 13844 
25438 13141 13142 13136 
25439 13226 16926 13253 
25440 15424 17011 16855 
25441 17751 17796 17022 
25442 17035 17227 17036 
25443 17244 17439 16984 
25444 13082 17144 13079 
25445 13659 14327 14326 
25446 12824 17178 13140 
25447 13122 16736 14271 
25448 15715 16737 14709 
25449 14715 14880 14714 
25450 16965 16966 13321 
25451 14013 16915 16914 
25452 14458 16765 14324 
25453 17105 17746 17642 
25454 13152 13153 13148 
25455 14017 14037 14036 
25456 15688 16837 16836 
25457 15670 17132 16750 
25458 14492 15116 14790 
25459 13110 13679 13678 
25460 14811 15080 15079 
25461 13147 13148 13142 
25462 16196 16796 15020 
25463 13165 13167 13164 
25464 13114 17278 13111 
25465 16786 16787 14147 
25466 14115 17223 17050 
25467 15426 17133 15425 
25468 13124 13125 13123 
25469 13127 13128 13126 
25470 15263 15265 15264 
25471 15004 17149 15001 
25472 14488 15970 14811 
25473 17891 18076 16601 
25474 15855 15856 14894 
25475 16704 17386 15302 
25476 17034 17423 17242 
25477 12792 13669 12794 
25478 15265 15269 15266 
25479 13474 17347 13607 
25480 16769 16782 16770 
25481 15568 16827 15570 
25482 17273 17491 16994 
25483 14549 17442 17363 
25484 15004 17150 17149 
25485 16359 16361 16360 
25486 17028 17251 17026 
25487 13691 13693 13692 
25488 14009 14017 14016 
25489 14659 16756 14657 
25490 13125 13126 13123 
25491 14407 15032 15028 
25492 15952 17278 13114 
25493 18148 18175 13891 
25494 14693 16760 14695 
25495 14709 14711 14710 
25496 16824 16825 15573 
25497 14122 17192 14091 
25498 16830 16831 15640 
25499 15290 16801 14667 
25500 16298 16804 15886 
25501 13130 13131 13129 
25502 16832 16833 15641 
25503 14022 17273 13840 
25504 13187 17060 13189 
25505 16052 17116 14452 
25506 15107 15108 15106 
25507 15319 16787 16786 
25508 16880 17111 15244 
25509 13866 13868 13867 
25510 13540 16894 15993 
25511 16516 17924 17630 
25512 14281 16725 14280 
25513 15649 16809 16214 
25514 16927 16928 13253 
25515 13322 16965 13321 
25516 13268 16764 13266 
25517 14422 15280 15013 
25518 16256 16258 16257 
25519 13727 17941 17252 
25520 14896 16956 16955 
25521 16791 16793 14689 
25522 16723 17904 13610 
25523 13697 13701 13700 
25524 17631 17965 17171 
25525 17969 18030 16852 
25526 13230 13231 13203 
25527 14488 14811 14810 
25528 13318 16967 13317 
25529 13290 17372 13289 
25530 15307 15924 14416 
25531 15719 16857 16856 
25532 16975 16976 14770 
25533 13162 13164 13160 
25534 12828 16789 14110 
25535 16506 16863 16862 
25536 15720 16859 16858 
25537 15094 15095 15092 
25538 13693 13697 13696 
25539 15009 17170 14939 
25540 17815 17832 13481 
25541 13701 13703 13702 
25542 14441 14480 14315 
25543 16664 17491 17273 
25544 13854 13855 13852 
25545 13953 17016 13954 
25546 15009 17171 17170 
25547 14594 17053 14592 
25548 14285 16712 14284 
25549 17242 17423 16670 
25550 16805 16806 14148 
25551 15718 16738 14705 
25552 15872 16343 15873 
25553 13135 13136 13131 
25554 13584 16758 13583 
25555 13843 13844 13707 
25556 13245 13246 13231 
25557 13661 13663 13662 
25558 13155 17041 12943 
25559 15330 16806 16805 
25560 15758 16310 16223 
25561 15626 16873 16872 
25562 15623 16875 16874 
25563 13131 13132 13129 
25564 13161 15246 13154 
25565 15628 16882 16881 
25566 13323 17578 17449 
25567 15465 17017 15471 
25568 13579 14051 14050 
25569 13168 13180 13167 
25570 13731 16951 13732 
25571 15637 16884 16883 
25572 14375 17197 14081 
25573 17019 17275 12965 
25574 15469 16821 15976 
25575 13870 13879 13878 
25576 13182 13185 13180 
25577 13609 13611 13610 
25578 15570 16828 15572 
25579 14707 14709 14708 
25580 14465 15123 15122 
25581 14483 14485 14484 
25582 15693 16887 16886 
25583 619 12727 620 
25584 13868 13870 13869 
25585 14542 16971 13173 
25586 13173 16971 12959 
25587 15476 16762 15768 
25588 15609 16937 14650 
25589 15297 16740 16710 
25590 13681 14477 13683 
25591 13289 17372 17046 
25592 14271 16736 15307 
25593 14006 14007 14005 
25594 13586 13587 13584 
25595 13720 17108 13723 
25596 15018 16960 15284 
25597 13582 13583 13580 
25598 16772 16773 13254 
25599 14485 14797 14796 
25600 13846 13847 13845 
25601 14370 14439 14438 
25602 15274 15276 15275 
25603 13716 17106 13719 
25604 13646 17601 13629 
25605 13595 13617 13589 
25606 15773 15774 15771 
25607 16895 16896 14662 
25608 13586 13588 13587 
25609 13712 17104 13715 
25610 16904 16905 13090 
25611 15141 16920 15207 
25612 15558 16830 15640 
25613 16677 16678 15127 
25614 15693 16886 14486 
25615 15315 16910 16908 
25616 15347 16850 15742 
25617 15562 16832 15641 
25618 14667 16801 14665 
25619 15353 16846 15741 
25620 17106 17107 13719 
25621 14284 17944 16725 
25622 15566 16824 15573 
25623 13623 16852 13399 
25624 15369 16842 15740 
25625 17104 17105 13715 
25626 14633 17221 17085 
25627 15471 17017 16823 
25628 15377 16840 15739 
25629 13858 13859 13856 
25630 16343 16471 16344 
25631 16914 17373 16913 
25632 15343 16864 15743 
25633 13578 13580 13579 
25634 14705 14707 14706 
25635 15398 16844 15738 
25636 14333 16774 14465 
25637 15090 15092 15091 
25638 14713 14714 14712 
25639 15311 17007 14425 
25640 14127 17153 14378 
25641 12921 16916 16766 
25642 17737 17883 15074 
25643 15257 17962 16690 
25644 15906 17047 14843 
25645 15632 17041 13155 
25646 15989 16921 13759 
25647 16939 16940 13144 
25648 14715 15705 14970 
25649 14711 15711 14713 
25650 14899 16955 16902 
25651 13100 16811 13097 
25652 15719 16856 15521 
25653 13254 16936 13235 
25654 15493 16853 15735 
25655 15720 16858 15593 
25656 16061 18197 18036 
25657 15971 16878 15203 
25658 16908 16910 16909 
25659 15647 16848 15575 
25660 13061 17375 13060 
25661 15908 17043 14832 
25662 15525 16860 15734 
25663 12796 13169 12829 
25664 13582 13584 13583 
25665 14377 17032 14421 
25666 16078 16474 16473 
25667 16577 18266 16087 
25668 16943 16944 14073 
25669 13347 17725 17600 
25670 16506 16862 15611 
25671 14801 17177 14394 
25672 13483 17242 14078 
25673 15652 16870 15579 
25674 15990 16743 12841 
25675 15541 16866 15733 
25676 13967 17225 13968 
25677 13908 16914 13910 
25678 16895 16901 16896 
25679 14027 17093 17092 
25680 14685 16791 14689 
25681 15117 16907 14427 
25682 15118 16885 16176 
25683 16724 17089 15053 
25684 13638 17419 16703 
25685 15315 16908 14548 
25686 16770 16782 16771 
25687 16912 17239 16911 
25688 15284 16798 14807 
25689 16953 16954 13138 
25690 15721 16748 14701 
25691 15601 16868 15730 
25692 15626 16872 14610 
25693 15623 16874 14604 
25694 15653 16876 15583 
25695 17004 17225 13967 
25696 13915 16912 16911 
25697 13679 13681 13680 
25698 16814 16815 16813 
25699 14679 16919 15749 
25700 13998 17363 17114 
25701 16921 17069 14088 
25702 13577 16740 13574 
25703 15599 17699 16656 
25704 15664 16890 15587 
25705 16814 16816 16815 
25706 16598 16599 16228 
25707 13629 17601 13627 
25708 15098 15099 15096 
25709 13618 13656 13617 
25710 15628 16881 14617 
25711 16937 16938 15636 
25712 13703 13843 13707 
25713 13735 16950 16949 
25714 15281 17414 17373 
25715 13596 17682 17615 
25716 15637 16883 14621 
25717 17082 17308 13050 
25718 16945 16946 14963 
25719 13703 13707 13706 
25720 16972 16973 15227 
25721 16678 17199 15127 
25722 14774 16975 14770 
25723 13587 16758 13584 
25724 13671 17374 14476 
25725 17036 17087 13745 
25726 12935 16982 15335 
25727 15138 16920 15141 
25728 14807 16798 14673 
25729 14703 14705 14704 
25730 14770 16976 14768 
25731 12842 17074 15990 
25732 13373 16979 15991 
25733 15898 16256 16255 
25734 16963 16964 13325 
25735 14852 16917 15716 
25736 14291 16636 14031 
25737 15230 17057 17039 
25738 14657 15646 14655 
25739 14857 15780 15779 
25740 15768 15769 15767 
25741 13782 17751 17022 
25742 15656 15660 15658 
25743 16875 17923 17898 
25744 14183 17119 17074 
25745 12737 18840 17403 
25746 14637 16895 14662 
25747 853 12696 854 
25748 14641 16955 14899 
25749 15080 15082 15081 
25750 14383 17192 14122 
25751 13120 17342 13117 
25752 13883 16994 14497 
25753 15770 15771 15769 
25754 15127 17199 14814 
25755 13015 16939 13144 
25756 14368 14370 14369 
25757 13693 14028 13697 
25758 13578 13579 13577 
25759 15000 17148 17147 
25760 14707 15715 14709 
25761 14008 14011 14009 
25762 15280 16078 16077 
25763 15514 17605 17040 
25764 16368 16372 16366 
25765 15722 16755 14697 
25766 14645 16959 14896 
25767 14027 17092 13894 
25768 12774 12776 12775 
25769 17256 17877 16017 
25770 14094 17094 16979 
25771 17054 17598 13313 
25772 15455 17022 17021 
25773 13019 16943 14073 
25774 16227 16240 15799 
25775 14390 17058 14434 
25776 13023 16953 13138 
25777 14028 17219 13697 
25778 13105 16820 13104 
25779 14703 15718 14705 
25780 14736 17057 15230 
25781 13313 17598 13310 
25782 790 12686 791 
25783 14711 14712 14710 
25784 13189 13193 13191 
25785 13920 17079 13922 
25786 13879 14024 14023 
25787 17266 17474 16992 
25788 14030 17075 14913 
25789 16991 16992 14015 
25790 15242 16307 14409 
25791 14504 17089 14321 
25792 13071 17140 13070 
25793 18047 18143 13713 
25794 13104 16820 16814 
25795 13687 13691 13690 
25796 16983 16984 14021 
25797 15124 17112 16729 
25798 13220 16934 13218 
25799 12903 17157 14129 
25800 14032 14281 14280 
25801 16978 17056 15228 
25802 13691 13692 13690 
25803 13957 17015 17014 
25804 14701 14703 14702 
25805 14333 14465 14463 
25806 15049 16972 15227 
25807 13109 13112 13111 
25808 14481 14483 14482 
25809 13641 17779 17624 
25810 13614 17286 13651 
25811 15408 17123 17122 
25812 14684 17023 14975 
25813 13977 17018 17012 
25814 17001 17002 15621 
25815 16969 16970 13156 
25816 15020 16796 14875 
25817 17292 17701 17146 
25818 12933 17081 12931 
25819 14110 17178 12826 
25820 14500 17034 13497 
25821 14663 15301 14659 
25822 14462 14857 14856 
25823 974 12694 975 
25824 13623 17969 16852 
25825 13091 16904 13090 
25826 14938 17169 17168 
25827 14557 16937 15636 
25828 17035 17036 13745 
25829 16041 17698 17291 
25830 14006 14008 14007 
25831 16964 17191 16965 
25832 14310 16715 13665 
25833 16574 18069 17968 
25834 14732 17037 15666 
25835 14960 16945 14963 
25836 16006 17625 16656 
25837 15724 16760 14693 
25838 13755 17226 16983 
25839 16811 17305 14080 
25840 14441 14481 14480 
25841 13769 17245 16991 
25842 13038 16786 13036 
25843 14180 16889 15687 
25844 17121 17127 15320 
25845 13110 17278 13679 
25846 17075 17076 14913 
25847 13915 16911 13916 
25848 13050 17308 13046 
25849 15000 17147 14997 
25850 13029 16998 13027 
25851 14699 15721 14701 
25852 14052 16929 16926 
25853 14206 17072 14114 
25854 14699 14701 14700 
25855 14087 17087 15298 
25856 13060 17375 17164 
25857 15317 17181 14771 
25858 13284 17118 14177 
25859 14650 16937 14374 
25860 17642 17746 15070 
25861 14911 16788 14912 
25862 13735 16949 13736 
25863 13115 13118 13117 
25864 13051 16925 13050 
25865 15517 17040 15713 
25866 14009 14016 14007 
25867 13542 16894 13540 
25868 14709 14710 14708 
25869 14095 17267 12949 
25870 14695 15722 14697 
25871 13506 16797 13504 
25872 17306 17778 16067 
25873 14338 17112 14507 
25874 15408 17122 14614 
25875 13512 16805 13510 
25876 16933 16934 14056 
25877 12871 17236 12868 
25878 14900 17085 17066 
25879 14164 16784 13212 
25880 16955 16956 16902 
25881 12908 16968 12907 
25882 13500 17132 13498 
25883 12835 16789 12831 
25884 15199 17111 15197 
25885 12898 16962 12897 
25886 13101 16813 13100 
25887 16995 16996 14862 
25888 12844 17074 12842 
25889 17102 17261 17103 
25890 14145 17132 15670 
25891 13693 13696 13692 
25892 13759 16921 13760 
25893 15672 17134 14084 
25894 13551 17003 13548 
25895 13326 16963 13325 
25896 16747 17181 15317 
25897 14017 17653 14049 
25898 14697 14699 14698 
25899 12922 16916 12921 
25900 17043 17044 15967 
25901 15039 16893 16177 
25902 13701 13702 13700 
25903 13985 17097 14012 
25904 14975 16791 14685 
25905 13777 16993 14042 
25906 13949 17999 13950 
25907 13771 16991 14015 
25908 13690 17187 17077 
25909 17090 17091 13901 
25910 13757 16983 14021 
25911 17005 17006 14907 
25912 14052 16926 13229 
25913 13336 16990 13335 
25914 14684 14685 14292 
25915 15171 16892 15907 
25916 15552 16988 15554 
25917 13697 13700 13696 
25918 15268 17602 15872 
25919 12936 16982 12935 
25920 15333 17155 14187 
25921 14084 17134 12891 
25922 17047 17048 15836 
25923 13294 17131 14171 
25924 14195 14292 14194 
25925 16957 16958 16956 
25926 13798 17008 14045 
25927 15779 17253 15972 
25928 13587 17409 16758 
25929 15153 15684 15152 
25930 14427 16907 14423 
25931 14051 16245 14050 
25932 14938 17168 14935 
25933 15989 17069 16921 
25934 15461 17001 15621 
25935 13055 17117 14152 
25936 16149 17020 16182 
25937 16971 17470 16969 
25938 15455 17021 15456 
25939 12955 16969 13156 
25940 16768 16769 13265 
25941 14744 15006 15005 
25942 12772 16775 14356 
25943 14187 17155 12857 
25944 14289 14488 14473 
25945 15440 17633 15442 
25946 17230 17972 13949 
25947 14691 15724 14693 
25948 17119 17674 15990 
25949 15289 16313 14468 
25950 13229 16926 13226 
25951 14684 14975 14685 
25952 17232 17298 12863 
25953 14975 16792 16791 
25954 17258 17393 17055 
25955 14193 14195 14194 
25956 15297 16236 16216 
25957 12776 12778 12777 
25958 14195 14684 14292 
25959 13742 17035 13745 
25960 13749 17087 14087 
25961 13579 14050 13577 
25962 17363 17442 17114 
25963 13357 17251 13354 
25964 13374 16979 13373 
25965 14695 14697 14696 
25966 14940 16810 15609 
25967 15402 17011 15421 
25968 13964 17050 13967 
25969 15088 15089 15086 
25970 16763 18868 16367 
25971 12977 17025 14059 
25972 17096 17097 13983 
25973 12983 17042 13163 
25974 13957 17014 13958 
25975 16886 16888 14872 
25976 15544 17115 15545 
25977 14827 16634 14350 
25978 14394 17177 13674 
25979 14270 17342 13120 
25980 14688 17007 15051 
25981 13573 15297 14074 
25982 14707 14708 14706 
25983 16837 16839 13277 
25984 15269 17602 15266 
25985 13698 17075 14030 
25986 12919 17258 12917 
25987 13685 18042 13687 
25988 13617 17409 13589 
25989 15446 17754 15448 
25990 16816 16817 16815 
25991 14193 14194 13271 
25992 17102 17103 13711 
25993 17076 17284 14913 
25994 17081 17260 17080 
25995 13335 17154 13332 
25996 14037 16774 14333 
25997 14450 16995 14862 
25998 12917 17055 12914 
25999 12989 17073 13174 
26000 12999 17083 14062 
26001 13875 16994 13883 
26002 16684 17393 17258 
26003 16979 17094 15991 
26004 16928 16931 13253 
26005 13974 17018 13977 
26006 14004 14005 14003 
26007 12696 16497 854 
26008 14476 17374 15233 
26009 13681 13683 13682 
26010 14486 16886 14385 
26011 14905 17043 15967 
26012 14830 14831 14436 
26013 14425 17007 14317 
26014 16557 17924 16516 
26015 14362 14412 13642 
26016 15151 15153 15152 
26017 14693 14695 14694 
26018 14671 15290 14667 
26019 13121 13124 13123 
26020 16195 16560 15034 
26021 14381 17005 14907 
26022 17053 17257 14592 
26023 14631 17085 14900 
26024 13451 17086 14065 
26025 14811 15079 14810 
26026 14382 16919 14679 
26027 14337 17072 14206 
26028 14864 17047 15836 
26029 17004 17223 16981 
26030 12931 17081 17080 
26031 15893 17059 15889 
26032 13253 16931 13224 
26033 14080 14278 14081 
26034 16977 16978 15228 
26035 15251 15254 15253 
26036 15084 15085 15082 
26037 14705 14706 14704 
26038 14397 16889 14180 
26039 14179 14180 14178 
26040 14026 14032 14031 
26041 15297 16216 14074 
26042 15151 15152 15150 
26043 15213 16809 15649 
26044 15429 17133 15426 
26045 14278 14650 14374 
26046 13980 17096 13983 
26047 14832 17043 14517 
26048 17590 17625 16006 
26049 13898 17090 13901 
26050 13703 13706 13702 
26051 14924 17181 16132 
26052 17224 17991 13082 
26053 14489 14490 14047 
26054 12931 17080 12928 
26055 14189 17031 15334 
26056 14179 14397 14180 
26057 14913 17213 14119 
26058 15018 15284 14807 
26059 15243 18178 16651 
26060 13127 13130 13129 
26061 13096 14080 14079 
26062 15886 16804 15884 
26063 14598 17053 14594 
26064 15643 17196 16777 
26065 14080 14081 14079 
26066 17136 17283 13989 
26067 13983 17097 13985 
26068 14177 14179 14178 
26069 16875 17898 13481 
26070 16217 17206 14074 
26071 14843 17047 14527 
26072 14691 14693 14692 
26073 15228 17056 14740 
26074 16897 17221 14662 
26075 13591 13592 13590 
26076 14158 16999 14159 
26077 14491 17409 13617 
26078 17151 17152 15176 
26079 17179 17180 13140 
26080 14651 14940 14650 
26081 16985 16988 15552 
26082 13576 13577 13574 
26083 14941 15629 14940 
26084 15197 17111 17110 
26085 14074 17206 13571 
26086 14689 14691 14690 
26087 14278 14374 14081 
26088 13497 17034 13490 
26089 14177 14178 13283 
26090 14452 17116 14968 
26091 13090 16906 13087 
26092 14188 17128 16244 
26093 13383 17095 13380 
26094 14173 14293 14172 
26095 15630 16597 15629 
26096 15047 16960 15018 
26097 14685 14689 14686 
26098 14173 14398 14293 
26099 13705 17102 13711 
26100 14374 16937 14557 
26101 13652 17502 15474 
26102 14171 14173 14172 
26103 17098 17868 17097 
26104 14347 14462 14460 
26105 15350 17207 14157 
26106 16949 17153 14083 
26107 13636 17190 13632 
26108 14113 17205 14432 
26109 14133 17135 14978 
26110 13070 17138 17137 
26111 13912 16913 13915 
26112 12943 17041 12941 
26113 14017 14036 14016 
26114 15636 16061 14959 
26115 13679 13680 13678 
26116 17009 17011 15402 
26117 16900 17221 16897 
26118 15969 16699 15323 
26119 13892 17194 14027 
26120 15846 15898 15897 
26121 15149 15151 15150 
26122 13385 17287 13383 
26123 15532 15533 14274 
26124 16825 16826 15573 
26125 15818 16941 15820 
26126 13844 13845 13707 
26127 15326 17113 16749 
26128 14557 15636 14959 
26129 14002 14003 14001 
26130 14519 14521 14520 
26131 16669 17932 16632 
26132 14703 14704 14702 
26133 14521 14783 14522 
26134 14783 15843 15037 
26135 15197 17110 15194 
26136 13779 16942 13784 
26137 17015 17212 17014 
26138 15147 15149 15148 
26139 15463 17017 15465 
26140 17070 17072 14337 
26141 14683 15674 14682 
26142 13075 17142 13074 
26143 14499 14682 14498 
26144 14512 14853 14513 
26145 14548 16908 14546 
26146 14058 17529 17357 
26147 16790 17178 14110 
26148 13100 16813 16812 
26149 15114 16222 15115 
26150 14088 14519 14518 
26151 17624 17779 17040 
26152 14163 14317 14162 
26153 14208 17633 16013 
26154 14749 17121 15320 
26155 14116 17212 14391 
26156 14050 16740 13577 
26157 13074 17142 17141 
26158 15145 15147 15146 
26159 14385 14872 14295 
26160 14131 17218 15746 
26161 13732 16951 13735 
26162 14510 14512 14511 
26163 14171 14172 13293 
26164 13107 13108 13105 
26165 15109 17024 15106 
26166 14778 17786 14555 
26167 14176 14295 14175 
26168 13576 13578 13577 
26169 14497 14498 14035 
26170 17895 18096 14477 
26171 14127 14377 14128 
26172 14385 16886 14872 
26173 17074 17119 15990 
26174 14157 17207 13525 
26175 14161 14162 14160 
26176 13070 17137 13067 
26177 14176 14385 14295 
26178 17287 17408 17095 
26179 16973 16974 15227 
26180 15467 16821 15469 
26181 14087 14510 14509 
26182 14526 14527 14525 
26183 14083 14127 14126 
26184 14167 16491 14168 
26185 16072 16116 15053 
26186 14174 14176 14175 
26187 13906 17203 14013 
26188 14100 17156 14098 
26189 14079 17197 16904 
26190 16225 16226 15317 
26191 13325 16965 13322 
26192 15830 16952 15832 
26193 15143 15145 15144 
26194 14516 14517 14515 
26195 12904 17157 12903 
26196 15296 16864 15343 
26197 14154 14881 14155 
26198 13266 16768 13265 
26199 15087 15934 15229 
26200 13321 16967 13318 
26201 15836 16892 15171 
26202 14321 14405 14070 
26203 14069 14070 14068 
26204 15037 16885 15118 
26205 15345 16850 15347 
26206 13531 17160 13528 
26207 14524 14525 14086 
26208 15335 15336 13175 
26209 15471 16822 16821 
26210 15692 15903 15691 
26211 14165 14167 14166 
26212 15337 15338 13155 
26213 16766 16767 13176 
26214 14152 14154 14153 
26215 14874 15944 15310 
26216 14881 15223 14882 
26217 16896 16898 16897 
26218 15590 16986 16985 
26219 14539 14540 13173 
26220 14514 14515 14082 
26221 15967 16293 15966 
26222 15149 15150 15148 
26223 15981 17226 14509 
26224 13096 14079 13094 
26225 14142 14450 14130 
26226 16890 16891 16532 
26227 13673 16665 13136 
26228 15206 16995 14450 
26229 17178 17179 13140 
26230 15203 16878 15201 
26231 14976 16087 15693 
26232 15349 16846 15353 
26233 14069 14321 14070 
26234 13572 13573 13571 
26235 15297 16710 16236 
26236 16896 16897 14662 
26237 15024 16197 16196 
26238 13122 14271 14270 
26239 16635 17247 16108 
26240 16870 16871 15653 
26241 14150 15708 15319 
26242 15316 15317 14771 
26243 14067 14068 13937 
26244 12959 16971 12957 
26245 13399 16852 13397 
26246 15316 16225 15317 
26247 14377 14421 14128 
26248 14111 17205 14113 
26249 16876 16877 15664 
26250 14163 14425 14317 
26251 14940 15609 14650 
26252 14123 14382 14122 
26253 13272 14193 13271 
26254 14129 14130 14085 
26255 14161 14163 14162 
26256 14067 14069 14068 
26257 13341 17218 14131 
26258 15874 16893 15039 
26259 15359 17157 16761 
26260 15247 15248 15246 
26261 16848 16849 15652 
26262 14878 14879 14412 
26263 17145 17156 14332 
26264 14133 14381 14132 
26265 14795 16072 15053 
26266 14534 14858 14533 
26267 15649 16214 16174 
26268 14127 14128 14126 
26269 15355 16842 15369 
26270 14532 14533 14531 
26271 16132 16133 14926 
26272 15749 15905 14911 
26273 15740 16841 16840 
26274 14121 14122 14091 
26275 15742 16847 16846 
26276 15209 15210 14778 
26277 13628 17335 13630 
26278 15888 16298 15886 
26279 15453 17650 15455 
26280 15738 17010 17009 
26281 14977 16919 14382 
26282 15039 16177 15026 
26283 14125 14448 14084 
26284 15550 16985 15552 
26285 15884 16119 15882 
26286 14545 14546 14544 
26287 15741 16843 16842 
26288 14501 14839 14502 
26289 13573 14074 13571 
26290 14421 15114 14496 
26291 15141 15143 15142 
26292 15739 16845 16844 
26293 14174 14175 13307 
26294 15744 16865 16864 
26295 15629 16810 14940 
26296 16908 16909 14851 
26297 15743 16851 16850 
26298 14978 17005 14381 
26299 14853 14988 14513 
26300 14988 15852 15213 
26301 15816 16203 15818 
26302 15191 17625 15189 
26303 14184 14185 14183 
26304 15909 15910 14879 
26305 14131 14132 14092 
26306 14530 14531 14094 
26307 14687 17023 14684 
26308 14763 15311 14425 
26309 15424 16854 16853 
26310 15735 16861 16860 
26311 13694 17077 17075 
26312 14813 14814 14185 
26313 14512 14513 14511 
26314 15118 16176 15812 
26315 13954 17016 13957 
26316 15991 16280 14093 
26317 16238 16284 15137 
26318 14345 14347 14346 
26319 14543 14544 14058 
26320 14794 17151 15176 
26321 14146 16751 16750 
26322 14167 14168 14166 
26323 13757 14021 13759 
26324 15124 16241 15791 
26325 14056 16934 13220 
26326 14097 17212 14116 
26327 15114 15115 14496 
26328 13755 16983 13757 
26329 13771 14015 13773 
26330 15371 16840 15377 
26331 14976 15693 14486 
26332 14145 14501 14500 
26333 15734 16867 16866 
26334 14509 17226 13751 
26335 14121 14123 14122 
26336 14479 14744 14743 
26337 14113 14431 14338 
26338 15733 16869 16868 
26339 14156 14158 14157 
26340 13777 14042 13779 
26341 13763 14088 13765 
26342 13739 14083 13741 
26343 13769 16991 13771 
26344 13749 14087 13751 
26345 14083 14126 13741 
26346 14111 14113 14112 
26347 14123 14977 14382 
26348 15361 15364 15294 
26349 14510 14511 14509 
26350 14537 17063 14653 
26351 16244 17031 14189 
26352 15674 16135 15675 
26353 15666 16022 15667 
26354 14795 15053 14504 
26355 14142 15206 14450 
26356 15230 17038 17037 
26357 14188 14189 14187 
26358 13775 16993 13777 
26359 13233 14052 13229 
26360 14192 15323 12835 
26361 17013 17098 17096 
26362 15852 16809 15213 
26363 15730 16253 15731 
26364 15382 15786 15366 
26365 15828 16079 15830 
26366 15473 15963 15434 
26367 14688 15051 15050 
26368 14963 16947 14964 
26369 13596 17615 16716 
26370 14516 14832 14517 
26371 15303 15906 14843 
26372 12921 13176 12919 
26373 14404 17182 14232 
26374 16912 17414 17239 
26375 16878 16879 15244 
26376 13289 17118 13286 
26377 14129 14142 14130 
26378 15300 15908 14832 
26379 14332 17156 14100 
26380 17104 17580 17105 
26381 14846 15871 15318 
26382 15884 16804 16119 
26383 13079 17144 13078 
26384 14317 17007 14688 
26385 15379 16844 15398 
26386 13331 14121 14091 
26387 15871 16250 15318 
26388 13919 14161 14160 
26389 14514 14516 14515 
26390 12945 13155 12943 
26391 14521 14522 14520 
26392 14519 14520 14518 
26393 14113 14338 14112 
26394 15888 16299 16298 
26395 16123 16332 15849 
26396 14037 14333 14036 
26397 14677 15691 14678 
26398 14540 14677 14542 
26399 14924 16132 14926 
26400 12935 13175 12933 
26401 14701 14702 14700 
26402 14154 14155 14153 
26403 12927 14086 12925 
26404 14783 15037 14522 
26405 15843 16885 15037 
26406 13547 14111 14077 
26407 12913 14082 12911 
26408 17233 17234 17232 
26409 17249 17250 17248 
26410 14131 14133 14132 
26411 17447 17750 16043 
26412 14405 15316 14771 
26413 15834 16186 15839 
26414 14133 14978 14381 
26415 12893 14125 14084 
26416 15223 15245 14882 
26417 15847 16242 15700 
26418 14087 14509 13751 
26419 14899 16901 16895 
26420 14919 16088 15694 
26421 14111 14112 14077 
26422 12903 14085 12901 
26423 13792 14034 13794 
26424 14091 17192 16963 
26425 15461 15621 15463 
26426 15556 16830 15558 
26427 14881 14882 14155 
26428 12893 14084 12891 
26429 17066 17067 17065 
26430 14021 15989 13759 
26431 15300 16300 15908 
26432 14526 14843 14527 
26433 13286 17118 13284 
26434 15147 15148 15146 
26435 14419 17163 14239 
26436 12941 14090 12939 
26437 14188 16244 14189 
26438 12903 14129 14085 
26439 15459 17001 15461 
26440 16703 17408 17287 
26441 15465 15471 15467 
26442 14900 17065 17064 
26443 12955 13156 12953 
26444 15469 15976 15544 
26445 15841 16208 16109 
26446 13935 14067 13937 
26447 13798 14045 13800 
26448 16113 16198 16145 
26449 15124 15791 14804 
26450 14874 15310 14741 
26451 13409 17125 13406 
26452 13883 14035 13884 
26453 13796 17008 13798 
26454 14524 14526 14525 
26455 15844 16100 15843 
26456 14329 14435 14328 
26457 13683 13685 13684 
26458 13788 14096 13790 
26459 14291 16834 16636 
26460 12913 14514 14082 
26461 14165 14166 13064 
26462 12961 13173 12959 
26463 14953 17159 17158 
26464 13802 14301 13804 
26465 14186 14188 14187 
26466 12951 14095 12949 
26467 15400 17009 15402 
26468 12921 16766 13176 
26469 12957 16969 12955 
26470 13341 14131 14092 
26471 13265 16770 13251 
26472 16902 16903 16901 
26473 13331 14091 13329 
26474 14116 14390 14117 
26475 14184 14813 14185 
26476 14192 15969 15323 
26477 14158 14159 14157 
26478 14679 15749 14911 
26479 15982 17245 14518 
26480 14813 15127 14814 
26481 15548 15590 15550 
26482 14088 14518 13765 
26483 15686 16519 16518 
26484 14097 14116 14115 
26485 13806 14305 13808 
26486 14180 15687 15308 
26487 15024 16196 15020 
26488 15276 15681 15277 
26489 14152 14153 13054 
26490 15560 16832 15562 
26491 13086 17224 13083 
26492 16909 16918 16917 
26493 15303 16302 15906 
26494 14996 17146 17145 
26495 16147 17020 16149 
26496 14499 14683 14682 
26497 13810 14323 13812 
26498 15078 16192 16190 
26499 14517 17043 14905 
26500 15001 17149 15000 
26501 13891 17194 13892 
26502 14905 15967 15966 
26503 15338 15904 15632 
26504 15554 15639 15556 
26505 14546 14851 14547 
26506 14968 17116 15624 
26507 13341 14092 13339 
26508 14182 14184 14183 
26509 14011 17653 14009 
26510 15521 16856 15415 
26511 13926 17033 13929 
26512 14497 14499 14498 
26513 13559 17210 17209 
26514 13361 13620 13359 
26515 14507 15124 14804 
26516 15135 15137 15136 
26517 12973 13158 12971 
26518 16149 16182 16151 
26519 12927 14524 14086 
26520 15392 15869 15390 
26521 12969 14055 12967 
26522 15562 15641 15564 
26523 14864 15836 15171 
26524 13373 14093 13371 
26525 14840 15744 15296 
26526 13814 14302 13816 
26527 15558 15640 15560 
26528 14527 17047 14864 
26529 16203 16941 15818 
26530 14934 17167 17166 
26531 13110 13678 13108 
26532 13099 13100 13097 
26533 14732 15666 14731 
26534 14097 14115 13963 
26535 15353 15741 15355 
26536 15343 15743 15345 
26537 15566 15573 15568 
26538 973 16392 974 
26539 13387 13638 13385 
26540 13379 14094 13377 
26541 15314 15315 14548 
26542 13397 14053 13395 
26543 15347 15742 15349 
26544 15036 16199 15726 
26545 13299 17131 13296 
26546 14518 17245 13765 
26547 15377 15739 15379 
26548 14846 15318 14431 
26549 13698 14030 13704 
26550 14186 14187 12857 
26551 16803 17818 15301 
26552 12935 15335 13175 
26553 15423 16853 15493 
26554 14116 14117 14115 
26555 13401 13623 13399 
26556 13331 17154 14121 
26557 15614 17052 17051 
26558 15593 16858 15523 
26559 15369 15740 15371 
26560 13284 14177 13283 
26561 14826 16718 14417 
26562 14229 17201 14135 
26563 14182 14183 12847 
26564 15716 16552 16551 
26565 16951 17000 16950 
26566 13894 17092 13896 
26567 15564 16824 15566 
26568 12977 14059 12975 
26569 13405 14058 13403 
26570 13060 17117 13057 
26571 13818 14316 13820 
26572 15803 16279 15153 
26573 14150 15319 13043 
26574 15684 15686 15685 
26575 15398 15738 15400 
26576 15337 15339 15338 
26577 16006 17790 17590 
26578 12983 13163 12981 
26579 14211 17161 14213 
26580 15415 15717 15413 
26581 15133 15135 15134 
26582 14042 16942 13779 
26583 14604 16874 14602 
26584 12941 17041 14090 
26585 13547 14077 13545 
26586 14651 14941 14940 
26587 16064 18201 18185 
26588 14527 14864 14528 
26589 13413 13596 13411 
26590 14532 14534 14533 
26591 14221 17172 14223 
26592 14129 17157 15359 
26593 15421 15424 15423 
26594 12979 17025 12977 
26595 13296 17131 13294 
26596 14390 14434 14117 
26597 14931 17071 17070 
26598 14941 15630 15629 
26599 13883 14497 14035 
26600 17138 17139 15367 
26601 14530 14532 14531 
26602 17158 17182 14821 
26603 13237 13254 13235 
26604 15572 15647 15575 
26605 15193 15599 15191 
26606 13925 17078 17033 
26607 16013 17633 17586 
26608 15590 17115 16987 
26609 15595 15720 15593 
26610 15867 16999 14158 
26611 15523 15719 15521 
26612 15145 15146 15144 
26613 14610 16872 14606 
26614 14156 14157 13525 
26615 15493 15735 15495 
26616 15014 15702 14669 
26617 15577 15652 15579 
26618 15201 15244 15199 
26619 13824 14308 13826 
26620 12945 15337 13155 
26621 13419 14057 13417 
26622 13103 13104 13101 
26623 15621 17017 15463 
26624 15525 15734 15527 
26625 15425 15971 15203 
26626 14147 15309 13035 
26627 13905 17203 13906 
26628 12867 17233 17232 
26629 14839 14840 14502 
26630 12985 17042 12983 
26631 13896 17092 17090 
26632 13423 13602 13421 
26633 13373 15991 14093 
26634 13036 14147 13035 
26635 14864 15171 14865 
26636 16505 16506 15611 
26637 15495 16860 15525 
26638 12780 12782 12781 
26639 15171 15907 15643 
26640 14886 17163 14419 
26641 15618 16686 16685 
26642 14953 17158 14823 
26643 15709 15710 15708 
26644 14501 14502 14500 
26645 15514 17040 15517 
26646 14934 17166 14361 
26647 14374 14557 14375 
26648 16778 17154 13335 
26649 13332 17154 13331 
26650 15137 16920 15138 
26651 14004 14006 14005 
26652 13828 14071 13830 
26653 14564 17175 15436 
26654 15541 15733 15543 
26655 15431 15434 15429 
26656 14602 15614 14600 
26657 14151 15330 13515 
26658 16079 16952 15830 
26659 15601 15730 15603 
26660 13431 13603 13429 
26661 15471 16821 15467 
26662 15581 15653 15583 
26663 14148 15676 13509 
26664 13044 14150 13043 
26665 13379 14530 14094 
26666 15611 16862 15595 
26667 12995 13159 12993 
26668 13057 17117 13055 
26669 14606 15623 14604 
26670 13427 14060 13425 
26671 14317 14688 14318 
26672 14816 15804 14869 
26673 15587 16890 15589 
26674 14488 14810 14473 
26675 14612 15626 14610 
26676 13025 16953 13023 
26677 15692 16311 15903 
26678 15585 15664 15587 
26679 13961 14097 13963 
26680 14821 17182 14404 
26681 14617 16881 14612 
26682 13017 16939 13015 
26683 15036 15726 14909 
26684 14146 16750 13503 
26685 14457 17070 14337 
26686 15583 16876 15585 
26687 13832 14033 13834 
26688 17051 17053 14598 
26689 14378 14741 14377 
26690 13694 17075 13698 
26691 13946 17230 13949 
26692 15527 16866 15541 
26693 15579 16870 15581 
26694 13021 16943 13019 
26695 12991 17073 12989 
26696 14517 14905 14904 
26697 14699 14700 14698 
26698 14619 15628 14617 
26699 15575 16848 15577 
26700 14293 15690 15331 
26701 14623 15637 14621 
26702 14720 17712 17586 
26703 14800 14801 14394 
26704 13651 17286 14359 
26705 15589 16532 16531 
26706 12989 13174 12987 
26707 15744 16864 15296 
26708 13435 14061 13433 
26709 13838 14022 13840 
26710 13439 13604 13437 
26711 13498 14145 13497 
26712 14399 16086 14398 
26713 15517 15713 15673 
26714 13294 14171 13293 
26715 16950 17153 16949 
26716 14539 14541 14540 
26717 14677 15692 15691 
26718 13987 17136 13989 
26719 12957 16971 16969 
26720 14688 15050 14898 
26721 14434 15036 14909 
26722 14101 17193 14103 
26723 12999 14062 12997 
26724 15743 16850 15345 
26725 16066 16067 15417 
26726 15193 16031 15599 
26727 15138 15141 15140 
26728 13055 14152 13054 
26729 14076 16953 13025 
26730 15358 17284 15954 
26731 15050 15950 15949 
26732 17096 17098 17097 
26733 14996 17145 14746 
26734 13271 16764 13268 
26735 12778 12780 12779 
26736 13264 13265 13251 
26737 13138 16943 13021 
26738 13919 14160 13920 
26739 14298 17195 14225 
26740 14631 14900 14629 
26741 14213 17161 14371 
26742 14545 14548 14546 
26743 14621 16883 14619 
26744 14145 14500 13497 
26745 14000 14001 13999 
26746 15590 16985 15550 
26747 13504 14146 13503 
26748 15742 16846 15349 
26749 13001 17083 12999 
26750 13447 13598 13445 
26751 13411 17355 13409 
26752 13397 16852 14053 
26753 13005 13150 13003 
26754 13576 17276 13578 
26755 14905 15966 15965 
26756 14814 14816 14815 
26757 15143 15144 15142 
26758 13847 16643 16631 
26759 15485 17728 15483 
26760 13559 17209 13556 
26761 14851 16917 14852 
26762 14543 14545 14544 
26763 13443 14064 13441 
26764 14271 14416 14415 
26765 14073 16939 13017 
26766 15201 16878 15244 
26767 12961 14539 13173 
26768 14371 17161 15408 
26769 15741 16842 15355 
26770 15417 17163 14886 
26771 13510 14148 13509 
26772 15329 15618 15328 
26773 14742 14874 14741 
26774 13222 14056 13220 
26775 13842 16994 13875 
26776 14614 17122 14616 
26777 14816 14869 14817 
26778 15872 17602 16345 
26779 14030 14119 14118 
26780 14223 17172 14608 
26781 15135 16238 15137 
26782 13537 17607 17563 
26783 14106 14107 13973 
26784 14616 17122 17121 
26785 13270 13271 13268 
26786 14637 14662 14635 
26787 15543 16868 15601 
26788 15155 16972 15049 
26789 14235 17200 14237 
26790 13875 13883 13882 
26791 13451 14065 13449 
26792 14546 16908 14851 
26793 14869 15133 14870 
26794 16571 17238 16776 
26795 14106 14108 14107 
26796 13065 14165 13064 
26797 13009 14066 13007 
26798 15123 16232 15122 
26799 13453 17086 13451 
26800 14002 14004 14003 
26801 15080 15081 15079 
26802 15337 17267 16779 
26803 14224 17208 14226 
26804 14450 14862 14652 
26805 12867 17232 12864 
26806 14641 14899 14639 
26807 14738 17057 14736 
26808 14823 17158 14821 
26809 15740 16840 15371 
26810 13620 17027 17026 
26811 14633 17085 14631 
26812 14278 14651 14650 
26813 15545 17115 15548 
26814 12879 17240 12876 
26815 14643 16955 14641 
26816 12945 17267 15337 
26817 14734 17037 14732 
26818 17027 17029 17028 
26819 12967 17019 12965 
26820 14108 14354 14109 
26821 14557 14959 14558 
26822 13888 13891 13890 
26823 12863 17183 12860 
26824 13681 13682 13680 
26825 14677 17271 15692 
26826 12875 17241 12872 
26827 13516 14151 13515 
26828 13600 13668 13243 
26829 15639 16830 15556 
26830 13612 16723 13610 
26831 13015 13144 13013 
26832 14645 14896 14643 
26833 13405 14543 14058 
26834 15739 16844 15379 
26835 13457 13605 13455 
26836 15431 15473 15434 
26837 14283 14285 14284 
26838 13083 17224 13082 
26839 14746 17145 14332 
26840 14852 15716 15322 
26841 14030 14118 13704 
26842 13892 14027 13894 
26843 14108 14109 14107 
26844 14361 17166 14262 
26845 15446 15448 15447 
26846 15997 17277 17276 
26847 14730 14731 14728 
26848 14629 17064 14627 
26849 16022 16536 15667 
26850 14639 16895 14637 
26851 15624 16063 16062 
26852 15679 15867 14158 
26853 13925 17033 13926 
26854 15667 17265 14731 
26855 17166 17201 14262 
26856 13820 17049 13822 
26857 14736 15230 14734 
26858 17213 17284 15358 
26859 14405 14771 14406 
26860 15589 16890 16532 
26861 13317 17120 13314 
26862 14386 14486 14385 
26863 15021 15024 15020 
26864 13078 17144 17143 
26865 14608 17172 15608 
26866 15640 16832 15560 
26867 14428 14895 14427 
26868 14487 17099 14976 
26869 15738 17009 15400 
26870 14697 14698 14696 
26871 14381 14907 14906 
26872 13935 13937 13936 
26873 12939 16982 12936 
26874 14788 17063 14537 
26875 13760 16921 13763 
26876 17180 17263 13140 
26877 13019 14073 13017 
26878 13276 13277 13274 
26879 16047 16972 15155 
26880 13023 13138 13021 
26881 15666 15667 14731 
26882 14202 17217 14204 
26883 15415 16856 15717 
26884 14939 17170 14938 
26885 15694 15946 15945 
26886 15811 16173 15064 
26887 13226 13253 13224 
26888 13465 13606 13463 
26889 13417 17045 13415 
26890 13353 17249 17248 
26891 15456 17021 15459 
26892 16965 17191 16966 
26893 13461 14072 13459 
26894 15692 17271 16312 
26895 13526 14156 13525 
26896 14588 17257 13486 
26897 14354 14355 14109 
26898 13994 13995 13993 
26899 15641 16824 15564 
26900 14541 17271 14540 
26901 15320 16059 16058 
26902 13125 16728 13127 
26903 14205 17204 14207 
26904 16898 16899 16897 
26905 14382 14679 14383 
26906 15585 16876 15664 
26907 13103 13105 13104 
26908 14803 14931 14457 
26909 13308 14174 13307 
26910 14262 17201 14229 
26911 13556 17209 13555 
26912 13898 13901 13900 
26913 14107 17320 17018 
26914 13578 17276 13581 
26915 15424 16853 15423 
26916 13896 17090 13898 
26917 14740 17056 14738 
26918 13685 13687 13686 
26919 13902 13905 13904 
26920 15351 17154 16778 
26921 15523 16858 15719 
26922 14919 15694 14920 
26923 14768 15228 14740 
26924 17056 17057 14738 
26925 14674 14894 14893 
26926 15141 15207 15143 
26927 16537 17265 15667 
26928 14428 14914 14895 
26929 14679 14911 14680 
26930 14189 15334 15333 
26931 13027 14076 13025 
26932 14465 15122 14463 
26933 15238 15240 15239 
26934 15581 16870 15653 
26935 13581 13582 13580 
26936 13469 14075 13467 
26937 13034 13035 13029 
26938 15334 16675 16674 
26939 15230 17037 14734 
26940 12925 16916 12922 
26941 13474 13607 13471 
26942 14600 17051 14598 
26943 14602 16874 15614 
26944 14487 14976 14486 
26945 14355 14788 14537 
26946 15735 16860 15495 
26947 13214 14164 13212 
26948 15049 15227 14774 
26949 15298 17379 14510 
26950 17012 17013 13979 
26951 13570 13571 13568 
26952 13095 13096 13094 
26953 17316 17317 13157 
26954 15577 16848 15652 
26955 14750 15811 15064 
26956 15595 16862 15720 
26957 13906 14013 13908 
26958 14606 16872 15623 
26959 13483 14078 13479 
26960 14432 14846 14431 
26961 14103 17193 14349 
26962 15157 16047 15155 
26963 14914 15173 14895 
26964 16128 16239 15871 
26965 13042 13043 13038 
26966 13971 14106 13973 
26967 15734 16866 15527 
26968 16604 16605 16072 
26969 15440 15442 15441 
26970 14931 17070 14457 
26971 14924 14926 14925 
26972 13998 13999 13997 
26973 13540 15993 13539 
26974 13282 13283 13280 
26975 15390 17030 15388 
26976 14612 16881 15626 
26977 14717 17195 14298 
26978 13845 17346 13707 
26979 13943 13945 13944 
26980 13546 13547 13545 
26981 14896 16955 14643 
26982 17161 17332 15408 
26983 12911 16968 12908 
26984 15941 16131 15808 
26985 13490 17034 13488 
26986 15409 16041 16040 
26987 13496 13497 13490 
26988 13719 17108 13720 
26989 13736 16949 13739 
26990 14503 14504 14321 
26991 13945 17230 13946 
26992 16042 16043 15418 
26993 13049 13050 13046 
26994 13728 17252 13731 
26995 13377 16979 13374 
26996 13053 13054 13051 
26997 17065 17068 17064 
26998 13109 17608 13112 
26999 14968 15624 15076 
27000 16699 16722 15323 
27001 15947 17100 17099 
27002 14316 17049 13820 
27003 16966 16967 13321 
27004 13288 13289 13286 
27005 14899 16895 14639 
27006 15733 16868 15543 
27007 17118 17198 14177 
27008 15015 15808 15014 
27009 13099 13101 13100 
27010 14237 17200 14366 
27011 14619 16883 15628 
27012 13502 13503 13500 
27013 14160 17344 17079 
27014 13088 17579 17432 
27015 13746 17087 13749 
27016 14900 17066 17065 
27017 13715 17106 13716 
27018 13912 13915 13914 
27019 13353 17248 13350 
27020 15066 17580 17348 
27021 14052 16936 16930 
27022 14670 15014 14669 
27023 13916 13919 13918 
27024 14623 15638 15637 
27025 13292 13293 13290 
27026 15730 15731 15603 
27027 16950 17614 17153 
27028 13968 17225 13971 
27029 13735 16951 16950 
27030 15320 17127 16059 
27031 13995 13998 13997 
27032 14505 14795 14504 
27033 13508 13509 13506 
27034 12864 17232 12863 
27035 15437 16033 16032 
27036 14119 14287 14120 
27037 12891 17134 12888 
27038 15424 16855 16854 
27039 12901 16962 12898 
27040 15141 15142 15140 
27041 13059 13060 13057 
27042 14391 14669 14390 
27043 14627 17173 14624 
27044 12876 17240 12875 
27045 12857 17155 12854 
27046 14900 17064 14629 
27047 14214 17228 14216 
27048 14888 15417 14886 
27049 12872 17241 12871 
27050 14218 17243 14454 
27051 13063 13064 13061 
27052 15618 16685 15328 
27053 17137 17138 15367 
27054 14695 14696 14694 
27055 12961 17275 14539 
27056 14030 14913 14119 
27057 14287 14427 14423 
27058 14338 14507 14506 
27059 15953 17269 14914 
27060 14287 14423 14120 
27061 13330 13331 13329 
27062 13298 13299 13296 
27063 13514 13515 13512 
27064 15375 17298 17129 
27065 14899 16902 16901 
27066 16887 16888 16886 
27067 13926 13929 13928 
27068 13566 13567 13564 
27069 16904 17197 16905 
27070 16963 17192 16964 
27071 14226 17208 14411 
27072 13995 13997 13996 
27073 14916 15020 14875 
27074 12847 17074 12844 
27075 15078 16190 15236 
27076 15375 17128 14188 
27077 15590 16987 16986 
27078 14540 14542 13173 
27079 12907 17157 12904 
27080 14207 17204 14430 
27081 13961 13963 13962 
27082 13922 13925 13924 
27083 14055 17019 12967 
27084 14371 15408 14614 
27085 15219 15220 15112 
27086 13992 13993 13990 
27087 13520 13521 13518 
27088 14426 14763 14425 
27089 13834 17084 13836 
27090 12892 12893 12891 
27091 14349 17193 15409 
27092 14421 14496 14495 
27093 17183 17298 15375 
27094 15573 16827 15568 
27095 17131 17202 14171 
27096 13524 13525 13522 
27097 14119 14120 14118 
27098 13094 16904 13091 
27099 13359 17026 13357 
27100 14539 17275 15985 
27101 14507 14804 14508 
27102 15487 17109 15485 
27103 15449 15764 15763 
27104 14168 15341 15340 
27105 13687 13690 13688 
27106 15674 15675 14682 
27107 15450 16054 16053 
27108 14359 16052 14452 
27109 14616 17121 14749 
27110 13985 13987 13986 
27111 16905 16906 13090 
27112 15418 17195 14717 
27113 13302 13303 13300 
27114 17348 17580 17103 
27115 14608 15608 14718 
27116 15027 15039 15026 
27117 14677 14678 14542 
27118 12917 17258 17055 
27119 14204 17217 14343 
27120 13711 17104 13712 
27121 14764 15026 14763 
27122 15040 15874 15039 
27123 14057 17045 13417 
27124 12858 14186 12857 
27125 13739 13741 13740 
27126 13339 16990 13336 
27127 15746 17135 14133 
27128 15115 15957 15956 
27129 14749 15320 14983 
27130 13340 13341 13339 
27131 13932 13935 13934 
27132 14012 17136 13987 
27133 16284 16920 15137 
27134 14033 17084 13834 
27135 15137 15138 15136 
27136 15264 17222 15262 
27137 14498 14529 14035 
27138 12902 12903 12901 
27139 15072 15078 15073 
27140 15147 16287 15149 
27141 15548 17115 15590 
27142 15691 15747 14678 
27143 16108 17247 16642 
27144 15230 17039 17038 
27145 15471 16823 16822 
27146 14546 14547 14544 
27147 16909 16917 14851 
27148 13070 17140 17138 
27149 13992 13994 13993 
27150 13069 13070 13067 
27151 13329 16963 13326 
27152 13073 13074 13071 
27153 17015 17531 17212 
27154 13306 13307 13304 
27155 13530 13531 13528 
27156 13077 13078 13075 
27157 14988 15213 14989 
27158 13977 17012 13979 
27159 13971 13973 13972 
27160 14912 14919 14918 
27161 14434 14909 14908 
27162 14366 17200 17151 
27163 15299 15300 14832 
27164 13350 17248 13349 
27165 14287 14428 14427 
27166 14772 14924 14923 
27167 15614 17051 14600 
27168 14431 17112 14338 
27169 15934 16573 16513 
27170 13534 13535 13532 
27171 16135 16527 15675 
27172 13081 13082 13079 
27173 13727 17252 13728 
27174 15135 15136 15134 
27175 15338 15632 13155 
27176 14159 16251 15350 
27177 14693 14694 14692 
27178 14165 17137 15367 
27179 13312 13313 13310 
27180 15649 16174 15650 
27181 13745 17087 13746 
27182 12912 12913 12911 
27183 14851 14852 14547 
27184 13367 17268 13364 
27185 13316 13317 13314 
27186 15436 16035 16034 
27187 15213 15649 15214 
27188 13989 13992 13990 
27189 14912 16788 14919 
27190 13538 13539 13536 
27191 13096 16811 14080 
27192 15254 15707 15255 
27193 13946 13949 13948 
27194 14635 17221 14633 
27195 14730 14732 14731 
27196 14960 14963 14962 
27197 13749 13751 13750 
27198 14519 14523 14521 
27199 14355 14537 14536 
27200 13940 13943 13942 
27201 13097 16811 13096 
27202 13085 13086 13083 
27203 15327 15328 15326 
27204 14003 14010 14001 
27205 14783 15844 15843 
27206 16964 16965 13325 
27207 13320 13321 13318 
27208 14754 15732 15056 
27209 12848 14182 12847 
27210 14685 14686 14292 
27211 16552 16562 16551 
27212 13593 13594 13592 
27213 14349 15409 14467 
27214 13987 13989 13988 
27215 15726 16107 15727 
27216 15963 16565 15434 
27217 17364 17574 13343 
27218 13558 13559 13556 
27219 13664 17259 13662 
27220 13544 13545 13542 
27221 17436 17603 13955 
27222 15443 15446 15445 
27223 12920 12921 12919 
27224 13954 13957 13956 
27225 15659 18362 16500 
27226 13950 13953 13952 
27227 14964 14973 14972 
27228 15000 17149 17148 
27229 13922 17079 13925 
27230 14771 17181 14772 
27231 13980 13983 13982 
27232 13089 13090 13087 
27233 12918 12919 12917 
27234 15249 15250 15248 
27235 13755 13757 13756 
27236 14855 15418 14717 
27237 13360 13361 13359 
27238 14999 15000 14997 
27239 14895 15117 14427 
27240 17357 17529 16727 
27241 14430 17204 15435 
27242 14156 17160 15679 
27243 15885 15886 15884 
27244 13358 13359 13357 
27245 15336 16704 13175 
27246 12842 15990 12841 
27247 13757 13759 13758 
27248 13615 13616 13613 
27249 16769 16770 13265 
27250 13550 13551 13548 
27251 13987 13988 13986 
27252 13362 13363 13361 
27253 15003 15004 15001 
27254 13974 13977 13976 
27255 15459 17021 17001 
27256 15302 15303 14843 
27257 13554 13555 13552 
27258 13093 13094 13091 
27259 15883 15884 15882 
27260 13324 13325 13322 
27261 13314 17120 13313 
27262 15227 16975 14774 
27263 13968 13971 13970 
27264 14366 17151 14794 
27265 14387 15273 13672 
27266 14995 14996 14746 
27267 15716 16551 15322 
27268 14794 15176 15175 
27269 14090 16982 12939 
27270 15887 15888 15886 
27271 14411 17208 15437 
27272 13983 13985 13984 
27273 14927 15129 14929 
27274 13989 13990 13988 
27275 14875 16796 14874 
27276 17355 17469 17125 
27277 13883 13884 13882 
27278 16020 17526 15536 
27279 15844 16578 16100 
27280 14592 17257 14588 
27281 14537 14653 14538 
27282 14077 17220 16894 
27283 13763 16921 14088 
27284 17051 17758 17053 
27285 13218 13252 13216 
27286 15037 15118 15038 
27287 15869 17030 15390 
27288 12870 12871 12868 
27289 13545 16894 13542 
27290 14000 14002 14001 
27291 12926 12927 12925 
27292 16879 16880 15244 
27293 15024 17162 16550 
27294 12841 17214 12838 
27295 13916 16911 13919 
27296 13687 13688 13686 
27297 13572 13574 13573 
27298 14527 14528 14525 
27299 13958 13961 13960 
27300 14145 15670 14501 
27301 12874 12875 12872 
27302 14691 14692 14690 
27303 12866 12867 12864 
27304 13328 13329 13326 
27305 13977 13979 13978 
27306 13570 13572 13571 
27307 16107 16294 16108 
27308 14411 15437 14948 
27309 12878 12879 12876 
27310 14913 17284 17213 
27311 13562 13563 13560 
27312 12862 12863 12860 
27313 14216 17228 14444 
27314 13364 17268 13363 
27315 14533 14535 14531 
27316 13964 13967 13966 
27317 13488 17242 13483 
27318 13843 14489 14047 
27319 13958 17014 13961 
27320 14848 15440 15055 
27321 13763 13765 13764 
27322 12882 12883 12880 
27323 14430 15435 15033 
27324 15133 15134 14870 
27325 14423 16907 14750 
27326 14150 15709 15708 
27327 14321 17089 14405 
27328 13891 13892 13890 
27329 14741 17032 14377 
27330 12932 12933 12931 
27331 14952 14953 14823 
27332 17106 17642 17107 
27333 17586 17712 16013 
27334 12934 12935 12933 
27335 14772 17181 14924 
27336 13334 13335 13332 
27337 16637 16720 15969 
27338 14087 15298 14510 
27339 16946 16947 14963 
27340 12886 12887 12884 
27341 13112 13675 13113 
27342 15306 15384 14534 
27343 14454 17243 15166 
27344 13372 13373 13371 
27345 13685 13686 13684 
27346 13769 13771 13770 
27347 15894 15896 15893 
27348 12890 12891 12888 
27349 14041 14549 13994 
27350 13979 17096 13980 
27351 13957 17016 17015 
27352 14086 16916 12925 
27353 13771 13773 13772 
27354 14669 17058 14390 
27355 15118 15812 15119 
27356 12856 12857 12854 
27357 13338 13339 13336 
27358 16761 17157 12907 
27359 13656 14492 14491 
27360 13840 17273 13842 
27361 13724 13727 13726 
27362 14094 16979 13377 
27363 13985 13986 13984 
27364 14689 14690 14686 
27365 17052 17832 17815 
27366 13973 17018 13974 
27367 14343 15450 14759 
27368 13568 17206 13567 
27369 13522 17207 13521 
27370 12896 12897 12894 
27371 13585 13586 13584 
27372 13728 13731 13730 
27373 14728 17265 14647 
27374 13732 13735 13734 
27375 13054 16925 13051 
27376 15318 17112 14431 
27377 13736 13739 13738 
27378 14997 17147 14996 
27379 13727 17978 17941 
27380 17107 17108 13719 
27381 15453 15455 15454 
27382 13716 13719 13718 
27383 15358 15953 14914 
27384 14154 14903 14881 
27385 13378 13379 13377 
27386 13720 13723 13722 
27387 13773 13775 13774 
27388 13697 17219 13701 
27389 14840 15296 15295 
27390 12852 12853 12850 
27391 15293 15294 14683 
27392 17105 17106 13715 
27393 700 12633 701 
27394 787 12632 788 
27395 622 12630 623 
27396 708 12629 709 
27397 691 12628 692 
27398 718 12627 719 
27399 681 12626 682 
27400 728 12625 729 
27401 778 12624 779 
27402 631 12623 632 
27403 671 12622 672 
27404 738 12621 739 
27405 768 12620 769 
27406 641 12619 642 
27407 661 12618 662 
27408 748 12617 749 
27409 651 12615 652 
27410 758 12616 759 
27411 12940 12941 12939 
27412 14864 14865 14528 
27413 12900 12901 12898 
27414 14343 17217 15450 
27415 14517 14904 14515 
27416 14861 15182 14781 
27417 13998 14000 13999 
27418 12942 12943 12941 
27419 12888 17134 12887 
27420 15163 17729 14836 
27421 13344 13345 13342 
27422 15151 15803 15153 
27423 15816 15818 15817 
27424 15385 15386 15384 
27425 15171 15643 14865 
27426 15709 16662 15710 
27427 12944 12945 12943 
27428 14786 14934 14361 
27429 17127 17993 16059 
27430 14814 14815 14185 
27431 13683 13684 13682 
27432 13706 14054 14020 
27433 13742 13745 13744 
27434 12854 17155 12853 
27435 14937 14938 14935 
27436 14562 17175 14564 
27437 13034 13036 13035 
27438 15459 15461 15460 
27439 14750 15064 14751 
27440 15069 15072 15071 
27441 15461 15463 15462 
27442 12836 14192 12835 
27443 14127 14378 14377 
27444 13345 17218 13342 
27445 14564 15436 14950 
27446 15192 15193 15191 
27447 14317 14318 14162 
27448 15190 15191 15189 
27449 13348 13349 13346 
27450 15387 15388 15386 
27451 13775 13777 13776 
27452 13384 13385 13383 
27453 13746 13749 13748 
27454 13386 13387 13385 
27455 13496 13498 13497 
27456 14194 16764 13271 
27457 12906 12907 12904 
27458 17167 17574 17166 
27459 13901 13902 13900 
27460 14082 16968 12911 
27461 15463 15465 15464 
27462 17072 17352 14114 
27463 15391 15392 15390 
27464 14816 14817 14815 
27465 13777 13779 13778 
27466 13782 17650 16012 
27467 15389 15390 15388 
27468 14165 15367 14167 
27469 13915 16913 16912 
27470 702 12759 703 
27471 13388 13389 13387 
27472 706 12729 707 
27473 14183 17074 12847 
27474 13043 16786 13038 
27475 15393 15404 15392 
27476 14653 14754 14654 
27477 13548 17003 13547 
27478 15877 15878 15875 
27479 13712 13715 13714 
27480 13515 16805 13512 
27481 15296 15343 15342 
27482 12910 12911 12908 
27483 15818 15820 15819 
27484 13739 16949 14083 
27485 785 12728 786 
27486 14869 14870 14817 
27487 698 12760 699 
27488 13779 13784 13780 
27489 13985 14012 13987 
27490 15200 15201 15199 
27491 624 12761 625 
27492 693 12735 694 
27493 15065 15068 15067 
27494 780 12741 781 
27495 629 12743 630 
27496 13905 13906 13904 
27497 15360 15361 15294 
27498 14006 17389 14008 
27499 15008 15009 14939 
27500 13352 13353 13350 
27501 15465 15467 15466 
27502 15103 15107 15106 
27503 13042 13044 13043 
27504 15198 15199 15197 
27505 710 12732 711 
27506 689 12731 690 
27507 720 12734 721 
27508 683 12737 684 
27509 716 12730 717 
27510 726 12736 727 
27511 673 12733 674 
27512 679 12739 680 
27513 730 12740 731 
27514 776 12742 777 
27515 639 12748 640 
27516 659 12753 660 
27517 663 12746 664 
27518 633 12738 634 
27519 736 12749 737 
27520 643 12752 644 
27521 770 12750 771 
27522 740 12744 741 
27523 669 12747 670 
27524 760 12745 761 
27525 766 12751 767 
27526 756 12758 757 
27527 653 12754 654 
27528 746 12756 747 
27529 750 12755 751 
27530 649 12757 650 
27531 15329 15619 15618 
27532 704 12657 705 
27533 15343 15345 15344 
27534 15202 15203 15201 
27535 13620 17026 13359 
27536 14450 14652 14130 
27537 14814 17199 14816 
27538 15345 15347 15346 
27539 14874 16796 15944 
27540 13356 13357 13354 
27541 13502 13504 13503 
27542 696 12658 697 
27543 783 12659 784 
27544 15820 15822 15821 
27545 626 12660 627 
27546 15405 15406 15404 
27547 13752 13755 13754 
27548 13509 16797 13506 
27549 16546 16547 15925 
27550 14156 15679 14158 
27551 14195 14687 14684 
27552 12952 12953 12951 
27553 15467 15469 15468 
27554 12916 12917 12914 
27555 14444 15452 14722 
27556 15347 15349 15348 
27557 12950 12951 12949 
27558 12846 12847 12844 
27559 14180 15308 14178 
27560 15204 15425 15203 
27561 13394 13395 13393 
27562 15325 15326 15324 
27563 13508 13510 13509 
27564 13396 13397 13395 
27565 713 12636 714 
27566 686 12638 687 
27567 723 12637 724 
27568 676 12641 677 
27569 773 12639 774 
27570 733 12640 734 
27571 743 12646 744 
27572 656 12647 657 
27573 636 12645 637 
27574 666 12643 667 
27575 763 12642 764 
27576 646 12648 647 
27577 753 12644 754 
27578 14179 14901 14397 
27579 15362 15363 15361 
27580 13035 16998 13029 
27581 14085 16962 12901 
27582 15469 15544 15470 
27583 16033 17774 17595 
27584 15881 15882 15879 
27585 15024 16550 16197 
27586 14905 15965 14904 
27587 13963 17050 13964 
27588 15349 15353 15352 
27589 12954 12955 12953 
27590 15056 15750 15057 
27591 13049 13051 13050 
27592 13398 13399 13397 
27593 14550 14551 14549 
27594 15166 15477 15168 
27595 15327 15329 15328 
27596 14938 17170 17169 
27597 13503 17132 13500 
27598 13118 14389 13119 
27599 14381 14906 14132 
27600 15353 15355 15354 
27601 17027 17028 17026 
27602 15826 15828 15827 
27603 14378 14742 14741 
27604 13788 13790 13789 
27605 13400 13401 13399 
27606 15828 15830 15829 
27607 12956 12957 12955 
27608 14173 14399 14398 
27609 14448 15672 14084 
27610 14754 15056 14755 
27611 15355 15369 15368 
27612 15313 15314 14548 
27613 16116 16724 15053 
27614 12924 12925 12922 
27615 15365 15366 15363 
27616 12840 12841 12838 
27617 14126 17227 17035 
27618 13402 13403 13401 
27619 13790 13792 13791 
27620 13366 13367 13364 
27621 12958 12959 12957 
27622 14008 17389 14314 
27623 14079 16904 13094 
27624 14423 14750 14424 
27625 13760 13763 13762 
27626 12868 17236 12867 
27627 16716 17469 17355 
27628 13065 17137 14165 
27629 13053 13055 13054 
27630 13983 13984 13982 
27631 16226 16747 15317 
27632 14688 14898 14318 
27633 15830 15832 15831 
27634 13752 17226 13755 
27635 15430 15431 15429 
27636 15369 15371 15370 
27637 15892 15893 15889 
27638 13404 13405 13403 
27639 14189 15333 14187 
27640 13514 13516 13515 
27641 14405 14406 14070 
27642 16596 17100 15947 
27643 14293 15331 14172 
27644 14444 17228 15452 
27645 14382 14383 14122 
27646 15548 15550 15549 
27647 12960 12961 12959 
27648 13792 13794 13793 
27649 15381 15382 15366 
27650 13915 13916 13914 
27651 17201 17574 17364 
27652 14092 16990 13339 
27653 15865 16333 15215 
27654 15124 16729 16241 
27655 15050 15949 14898 
27656 14742 14875 14874 
27657 13370 13371 13368 
27658 13526 17160 14156 
27659 15371 15377 15376 
27660 15684 15685 15152 
27661 14872 14873 14295 
27662 13705 13711 13710 
27663 15550 15552 15551 
27664 14959 16945 14960 
27665 15383 15698 15382 
27666 12930 12931 12928 
27667 14862 16101 14652 
27668 13794 13796 13795 
27669 13106 13107 13105 
27670 13525 17207 13522 
27671 13059 13061 13060 
27672 15377 15379 15378 
27673 14121 17154 15351 
27674 14374 14375 14081 
27675 17013 17096 13979 
27676 13973 13974 13972 
27677 15832 15834 15833 
27678 14795 17176 16604 
27679 15021 17162 15024 
27680 13520 13522 13521 
27681 13766 13769 13768 
27682 13571 17206 13568 
27683 14582 17684 17593 
27684 14176 14386 14385 
27685 13919 13920 13918 
27686 15675 17307 14682 
27687 15699 15700 15698 
27688 14113 14432 14431 
27689 15552 15554 15553 
27690 15379 15398 15397 
27691 15410 15411 15314 
27692 14091 16963 13329 
27693 13212 16784 13210 
27694 15701 15847 15700 
27695 14584 15453 14892 
27696 15813 15816 15815 
27697 13376 13377 13374 
27698 14500 17423 17034 
27699 13796 13798 13797 
27700 14846 16128 15871 
27701 13547 17003 14111 
27702 14498 17307 14529 
27703 13979 13980 13978 
27704 15320 16058 14983 
27705 14996 17147 17146 
27706 15554 15556 15555 
27707 15848 15849 15847 
27708 13063 13065 13064 
27709 13410 13411 13409 
27710 15334 16674 15333 
27711 15984 17280 17176 
27712 13412 13413 13411 
27713 14052 16930 16929 
27714 13276 13278 13277 
27715 13524 13526 13525 
27716 13382 13383 13380 
27717 15608 15745 14718 
27718 12938 12939 12936 
27719 15398 15400 15399 
27720 15834 15839 15835 
27721 13270 13272 13271 
27722 14916 15021 15020 
27723 15456 15459 15458 
27724 14907 15968 14906 
27725 15412 15413 15411 
27726 14888 16066 15417 
27727 15166 17243 15477 
27728 15750 15787 15751 
27729 13264 13266 13265 
27730 15188 15189 14766 
27731 12966 12967 12965 
27732 13414 13415 13413 
27733 14107 17018 13973 
27734 15687 15688 15308 
27735 13798 13800 13799 
27736 15556 15558 15557 
27737 15414 15415 15413 
27738 15850 16123 15849 
27739 14116 14391 14390 
27740 13929 13930 13928 
27741 15400 15402 15401 
27742 12968 12969 12967 
27743 13925 13926 13924 
27744 14750 16907 15811 
27745 15997 17276 13677 
27746 15839 15841 15840 
27747 13800 13802 13801 
27748 15196 15197 15194 
27749 14935 17168 14934 
27750 14599 14600 14598 
27751 13566 13568 13567 
27752 13416 13417 13415 
27753 14896 16959 16957 
27754 15558 15560 15559 
27755 17159 17603 17158 
27756 14179 17198 14901 
27757 15436 17607 16035 
27758 14041 14550 14549 
27759 15402 15421 15420 
27760 13288 13290 13289 
27761 14601 14602 14600 
27762 12970 12971 12969 
27763 14173 17202 14399 
27764 15520 15521 15415 
27765 13802 13804 13803 
27766 15841 16109 15842 
27767 14186 17183 15375 
27768 13418 13419 13417 
27769 12774 12775 12773 
27770 15421 15423 15422 
27771 13935 13936 13934 
27772 14771 14772 14406 
27773 13530 13532 13531 
27774 15946 16577 15945 
27775 16109 16111 16110 
27776 16124 16125 16123 
27777 15690 16649 15331 
27778 15522 15523 15521 
27779 14115 17050 13963 
27780 16104 16105 15113 
27781 13292 13294 13293 
27782 14603 14604 14602 
27783 16061 16945 14959 
27784 13804 13806 13805 
27785 14679 14680 14383 
27786 15560 15562 15561 
27787 14911 14912 14680 
27788 15694 15945 14920 
27789 13282 13284 13283 
27790 13554 13556 13555 
27791 12972 12973 12971 
27792 13937 13938 13936 
27793 16019 17331 14571 
27794 13187 17727 17060 
27795 13420 13421 13419 
27796 16111 16113 16112 
27797 13298 13300 13299 
27798 13977 13978 13976 
27799 13698 13704 13699 
27800 15423 15493 15492 
27801 14605 14606 14604 
27802 16113 16145 16114 
27803 13392 13393 13390 
27804 13073 13075 13074 
27805 15592 15593 15523 
27806 13971 13972 13970 
27807 14795 16604 16072 
27808 14557 14558 14375 
27809 13806 13808 13807 
27810 16631 17346 13845 
27811 14405 17089 15316 
27812 13534 13536 13535 
27813 14069 14503 14321 
27814 13069 13071 13070 
27815 14607 14610 14606 
27816 15325 17262 15729 
27817 17276 17277 13581 
27818 14919 16788 16088 
27819 16389 16466 15269 
27820 14776 15324 14551 
27821 13233 16936 14052 
27822 13546 13548 13547 
27823 14314 14315 14011 
27824 12833 12835 12831 
27825 15941 16566 16131 
27826 17191 17862 16966 
27827 12948 12949 12946 
27828 12974 12975 12973 
27829 13077 13079 13078 
27830 13383 17287 17095 
27831 13961 17014 14097 
27832 13422 13423 13421 
27833 15562 15564 15563 
27834 14611 14612 14610 
27835 14150 17308 15709 
27836 14386 14487 14486 
27837 15493 15495 15494 
27838 14662 17221 14635 
27839 14153 17246 16925 
27840 15015 15941 15808 
27841 14511 17244 15981 
27842 16126 16480 16125 
27843 14338 14506 14112 
27844 15594 15595 15593 
27845 14108 16980 14354 
27846 13766 17245 13769 
27847 14121 15351 14123 
27848 14355 14536 14109 
27849 13785 13788 13787 
27850 15564 15566 15565 
27851 15326 16749 15324 
27852 17192 17616 16964 
27853 13945 13946 13944 
27854 13538 13540 13539 
27855 14670 15015 15014 
27856 14537 14538 14536 
27857 13963 13964 13962 
27858 15823 15826 15825 
27859 13544 13546 13545 
27860 16994 17491 14497 
27861 15240 15933 15932 
27862 12976 12977 12975 
27863 14613 14617 14612 
27864 13424 13425 13423 
27865 13302 13304 13303 
27866 15325 15327 15326 
27867 15428 15429 15426 
27868 17003 17205 14111 
27869 15538 16020 15536 
27870 15566 15568 15567 
27871 15495 15525 15524 
27872 13550 13552 13551 
27873 14919 14920 14918 
27874 13095 13097 13096 
27875 13808 13810 13809 
27876 13317 17792 17120 
27877 13992 14041 13994 
27878 16905 17215 16906 
27879 16145 16147 16146 
27880 15800 16598 16228 
27881 14186 15375 14188 
27882 12867 17236 17233 
27883 15525 15527 15526 
27884 12978 12979 12977 
27885 14550 14775 14551 
27886 13949 13950 13948 
27887 13354 17251 13353 
27888 13943 13944 13942 
27889 13426 13427 13425 
27890 15610 15611 15595 
27891 13081 13083 13082 
27892 14618 14619 14617 
27893 15545 15548 15547 
27894 15568 15570 15569 
27895 13741 17035 13742 
27896 15409 16040 14467 
27897 13316 13318 13317 
27898 13111 17278 13110 
27899 14391 14670 14669 
27900 15612 16505 15611 
27901 14077 16894 13545 
27902 15356 16981 16980 
27903 13306 13308 13307 
27904 15702 17058 14669 
27905 14775 14776 14551 
27906 13810 13812 13811 
27907 14926 14927 14925 
27908 14434 14908 14117 
27909 13428 13429 13427 
27910 15726 15727 14909 
27911 13562 13564 13563 
27912 15356 16980 14108 
27913 15527 15541 15540 
27914 13957 13958 13956 
27915 14523 17321 14521 
27916 14995 14997 14996 
27917 15570 15572 15571 
27918 12980 12981 12979 
27919 14620 14621 14619 
27920 14174 17598 17376 
27921 14924 14925 14923 
27922 13967 13968 13966 
27923 14653 14654 14538 
27924 14783 17321 15844 
27925 17114 17442 16749 
27926 14999 15001 15000 
27927 13161 17752 15247 
27928 13953 13954 13952 
27929 13430 13431 13429 
27930 17014 17212 14097 
27931 15310 17032 14741 
27932 14106 15356 14108 
27933 12982 12983 12981 
27934 17103 17104 13711 
27935 16147 16149 16148 
27936 13961 13962 13960 
27937 14622 14623 14621 
27938 13812 13814 13813 
27939 13085 13087 13086 
27940 13312 13314 13313 
27941 14855 16042 15418 
27942 15541 15543 15542 
27943 14131 15746 14133 
27944 14959 14960 14558 
27945 14776 15325 15324 
27946 14421 14495 14128 
27947 14934 17168 17167 
27948 13814 13816 13815 
27949 13408 13409 13406 
27950 13093 13095 13094 
27951 13432 13433 13431 
27952 15572 15575 15574 
27953 13320 13322 13321 
27954 14184 14910 14813 
27955 13089 13091 13090 
27956 14168 15340 14166 
27957 16149 16151 16150 
27958 13919 16911 14161 
27959 14129 15359 14142 
27960 15543 15601 15600 
27961 13434 13435 13433 
27962 15750 15751 15057 
27963 12984 12985 12983 
27964 12828 14110 12826 
27965 14086 17323 16916 
27966 14163 14426 14425 
27967 13816 13818 13817 
27968 13558 13560 13559 
27969 14596 14598 14594 
27970 15601 15603 15602 
27971 15575 15577 15576 
27972 13436 13437 13435 
27973 14126 17035 13741 
27974 12964 12965 12962 
27975 15056 15057 14755 
27976 12914 17055 12913 
27977 13330 13332 13331 
27978 12986 12987 12985 
27979 13627 13676 13625 
27980 14628 14629 14627 
27981 13995 13996 13993 
27982 14630 14631 14629 
27983 13995 17363 13998 
27984 15375 17129 17128 
27985 14503 14505 14504 
27986 14159 15350 14157 
27987 13324 13326 13325 
27988 14528 17323 14525 
27989 15577 15579 15578 
27990 16528 17307 15675 
27991 15947 17099 14487 
27992 14505 17176 14795 
27993 13106 13674 13107 
27994 13438 13439 13437 
27995 14507 14508 14506 
27996 12988 12989 12987 
27997 15078 15236 15073 
27998 13169 13170 12829 
27999 13818 13820 13819 
28000 17155 17675 12853 
28001 16190 16191 15236 
28002 17034 17242 13488 
28003 14632 14633 14631 
28004 17563 17607 17175 
28005 15115 15956 14496 
28006 14804 15794 14508 
28007 14516 15299 14832 
28008 14634 14635 14633 
28009 12862 12864 12863 
28010 13328 13330 13329 
28011 17070 17715 17072 
28012 15579 15581 15580 
28013 13925 17079 17078 
28014 972 16393 973 
28015 17169 17600 17168 
28016 12858 17183 14186 
28017 12870 12872 12871 
28018 15933 16219 16218 
28019 14636 14637 14635 
28020 14963 14964 14962 
28021 14171 17202 14173 
28022 12990 12991 12989 
28023 14177 17198 14179 
28024 13479 17347 13474 
28025 14988 14989 14513 
28026 13440 13441 13439 
28027 14754 14755 14654 
28028 12892 12894 12893 
28029 12874 12876 12875 
28030 12949 17267 12946 
28031 13820 13822 13821 
28032 12913 17055 14514 
28033 13694 13698 13695 
28034 17200 17578 17151 
28035 15450 16053 14759 
28036 14153 16925 13054 
28037 15581 15583 15582 
28038 12866 12868 12867 
28039 14511 15981 14509 
28040 13127 16728 13130 
28041 12878 12880 12879 
28042 15437 16032 14948 
28043 12992 12993 12991 
28044 13403 17357 13401 
28045 13442 13443 13441 
28046 16107 16108 15727 
28047 14473 17367 14471 
28048 15996 15997 13677 
28049 14776 17262 15325 
28050 15448 15449 15447 
28051 14638 14639 14637 
28052 14882 14883 14155 
28053 15328 17113 15326 
28054 12856 12858 12857 
28055 14816 17199 15804 
28056 13353 17251 17249 
28057 13334 13336 13335 
28058 15583 15585 15584 
28059 16012 17650 17593 
28060 13444 13445 13443 
28061 12994 12995 12993 
28062 12882 12884 12883 
28063 14562 17458 17175 
28064 16294 16635 16108 
28065 14775 15776 14776 
28066 13822 13824 13823 
28067 15787 17264 15751 
28068 12886 12888 12887 
28069 13283 17420 13280 
28070 13446 13447 13445 
28071 13340 13342 13341 
28072 13293 17372 13290 
28073 13342 17218 13341 
28074 14914 17269 15173 
28075 17197 17667 16905 
28076 12853 17399 12850 
28077 12996 12997 12995 
28078 16054 17764 17604 
28079 13824 13826 13825 
28080 17369 17599 14068 
28081 13338 13340 13339 
28082 15585 15587 15586 
28083 14992 17702 14753 
28084 14640 14641 14639 
28085 15330 16805 13515 
28086 13826 13828 13827 
28087 12890 12892 12891 
28088 14428 15358 14914 
28089 13102 13103 13101 
28090 12852 12854 12853 
28091 13448 13449 13447 
28092 18362 18378 16500 
28093 12928 17080 12927 
28094 12863 17298 17183 
28095 14642 14643 14641 
28096 15442 15443 15441 
28097 13828 13830 13829 
28098 12902 12904 12903 
28099 13741 13742 13740 
28100 15072 15073 15071 
28101 15138 15140 15139 
28102 15436 16034 14950 
28103 13140 17263 12822 
28104 12998 12999 12997 
28105 14082 17333 16968 
28106 14526 15302 14843 
28107 15341 16655 15340 
28108 15587 15589 15588 
28109 14644 14645 14643 
28110 12896 12898 12897 
28111 15064 15065 14751 
28112 13626 16617 15489 
28113 13450 13451 13449 
28114 15676 16797 13509 
28115 14426 14764 14763 
28116 14786 14935 14934 
28117 13344 13346 13345 
28118 15068 15069 15067 
28119 16216 16217 14074 
28120 15319 16786 13043 
28121 14733 14734 14732 
28122 14764 15027 15026 
28123 12927 17080 14524 
28124 13452 13453 13451 
28125 15686 16518 15685 
28126 13684 17762 16819 
28127 13000 13001 12999 
28128 13830 13832 13831 
28129 14646 14647 14645 
28130 15589 16531 16325 
28131 14540 17271 14677 
28132 15888 17059 16299 
28133 15027 15040 15039 
28134 14727 14728 14647 
28135 13454 13455 13453 
28136 12900 12902 12901 
28137 15303 16303 16302 
28138 15709 17308 17082 
28139 14904 17333 14515 
28140 13578 13581 13580 
28141 15889 17059 15888 
28142 13002 13003 13001 
28143 14729 14730 14728 
28144 15751 17264 16615 
28145 14520 15982 14518 
28146 13739 13740 13738 
28147 13380 17095 13379 
28148 14428 17213 15358 
28149 17261 17348 17103 
28150 14589 17272 15642 
28151 14937 14939 14938 
28152 14520 17266 15982 
28153 16750 17132 13503 
28154 15764 15765 15763 
28155 13456 13457 13455 
28156 14626 14627 14624 
28157 15037 15038 14522 
28158 12846 12848 12847 
28159 13358 13360 13359 
28160 15957 16638 15956 
28161 14731 17265 14728 
28162 14532 15306 14534 
28163 13348 13350 13349 
28164 13735 13736 13734 
28165 14423 14424 14120 
28166 13379 17095 14530 
28167 13360 13362 13361 
28168 13727 13728 13726 
28169 12912 12914 12913 
28170 13997 14014 13996 
28171 16974 16975 15227 
28172 13731 13732 13730 
28173 15040 15875 15874 
28174 15299 15373 15300 
28175 13723 13724 13722 
28176 13832 13834 13833 
28177 15446 15447 15445 
28178 13704 17102 13705 
28179 14549 17363 13994 
28180 14579 17282 14577 
28181 15776 17262 14776 
28182 14735 14736 14734 
28183 13064 17375 13061 
28184 13458 13459 13457 
28185 12906 12908 12907 
28186 13004 13005 13003 
28187 14800 15789 14801 
28188 15777 16194 15776 
28189 15193 17110 16031 
28190 13719 13720 13718 
28191 13834 13836 13835 
28192 13362 13364 13363 
28193 15309 16998 13035 
28194 13352 13354 13353 
28195 14852 15322 15321 
28196 15194 17110 15193 
28197 13990 14134 13988 
28198 15150 15279 15148 
28199 14840 15295 14502 
28200 14737 14738 14736 
28201 13006 13007 13005 
28202 15452 16036 14722 
28203 14085 17338 16962 
28204 13751 13752 13750 
28205 13745 13746 13744 
28206 17156 17345 14098 
28207 13460 13461 13459 
28208 13356 13358 13357 
28209 12910 12912 12911 
28210 15213 15214 14989 
28211 15952 17895 16744 
28212 13008 13009 13007 
28213 12918 12920 12919 
28214 13836 13838 13837 
28215 15440 15441 15055 
28216 12920 12922 12921 
28217 15844 17321 16581 
28218 15649 15650 15214 
28219 13098 13099 13097 
28220 13462 13463 13461 
28221 15358 15954 15953 
28222 13528 17160 13526 
28223 13688 13694 13689 
28224 13749 13750 13748 
28225 14318 17344 14162 
28226 13838 13840 13839 
28227 12824 13140 12822 
28228 12820 14137 12818 
28229 15323 16789 12835 
28230 13715 13716 13714 
28231 13757 13758 13756 
28232 13010 13011 13009 
28233 13464 13465 13463 
28234 14192 16637 15969 
28235 12965 17275 12962 
28236 12840 12842 12841 
28237 14652 17338 14130 
28238 13751 17226 13752 
28239 14739 14740 14738 
28240 15477 16037 15168 
28241 15023 17162 15021 
28242 15677 17282 14579 
28243 15337 16779 15339 
28244 15438 16064 15439 
28245 13840 13842 13841 
28246 13842 17273 16994 
28247 16028 17390 14943 
28248 12916 12918 12917 
28249 16911 17239 14161 
28250 13012 13013 13011 
28251 14767 14768 14740 
28252 15325 15729 15327 
28253 14101 17349 17193 
28254 15883 15885 15884 
28255 13759 13760 13758 
28256 13842 13875 13874 
28257 14499 15293 14683 
28258 12926 12928 12927 
28259 13466 13467 13465 
28260 13067 17137 13065 
28261 17432 17579 17204 
28262 12848 17399 14182 
28263 13372 13374 13373 
28264 13389 17594 13387 
28265 14309 14310 13665 
28266 14769 14770 14768 
28267 14092 17341 16990 
28268 13468 13469 13467 
28269 15979 17323 14528 
28270 13014 13015 13013 
28271 14287 17213 14428 
28272 15877 15879 15878 
28273 13755 13756 13754 
28274 13884 13886 13885 
28275 13112 17608 15961 
28276 15885 15887 15886 
28277 14750 14751 14424 
28278 13470 13471 13469 
28279 13016 13017 13015 
28280 14001 17124 13999 
28281 13875 13882 13881 
28282 13980 13982 13981 
28283 14773 14774 14770 
28284 14906 17341 14132 
28285 17593 17684 16012 
28286 13366 13368 13367 
28287 15048 15049 14774 
28288 14118 17261 17102 
28289 16515 16517 16516 
28290 15434 17133 15429 
28291 13378 13380 13379 
28292 14119 17213 14287 
28293 14456 14457 14337 
28294 14163 17239 14426 
28295 13473 13474 13471 
28296 15154 15155 15049 
28297 14089 17322 15491 
28298 12932 12934 12933 
28299 13018 13019 13017 
28300 13370 13372 13371 
28301 15887 15889 15888 
28302 13836 17538 13838 
28303 14118 17102 13704 
28304 12924 12926 12925 
28305 15881 15883 15882 
28306 15305 17256 16093 
28307 13478 13479 13474 
28308 15156 15157 15155 
28309 15727 17328 14909 
28310 17088 17379 15298 
28311 15306 15385 15384 
28312 13765 13766 13764 
28313 15190 15192 15191 
28314 12934 12936 12935 
28315 13020 13021 13019 
28316 15192 15194 15193 
28317 13482 13483 13479 
28318 14192 17214 16637 
28319 14802 14803 14457 
28320 13938 17705 13940 
28321 13711 13712 13710 
28322 13696 13708 13692 
28323 17141 17960 17140 
28324 13487 13488 13483 
28325 15169 15505 14803 
28326 13022 13023 13021 
28327 14545 15313 14548 
28328 13773 17609 13775 
28329 13892 13894 13893 
28330 15118 15119 15038 
28331 16686 17804 17389 
28332 13763 13764 13762 
28333 13771 13772 13770 
28334 13376 13378 13377 
28335 14848 17586 15440 
28336 15455 15456 15454 
28337 13489 13490 13488 
28338 12930 12932 12931 
28339 14492 14790 14493 
28340 13405 17125 14543 
28341 13384 13386 13385 
28342 15385 15387 15386 
28343 15200 15202 15201 
28344 15198 15200 15199 
28345 14597 17537 15438 
28346 13886 13888 13887 
28347 15188 15190 15189 
28348 13024 13025 13023 
28349 15624 16062 15076 
28350 15799 16759 14827 
28351 15090 15091 15089 
28352 13773 13774 13772 
28353 15296 15342 15295 
28354 13026 13027 13025 
28355 13499 13500 13498 
28356 12940 12942 12941 
28357 13386 13388 13387 
28358 15812 15813 15119 
28359 14217 17293 14215 
28360 17075 17077 17076 
28361 15387 15389 15388 
28362 13888 13890 13889 
28363 13706 17346 14054 
28364 15692 16312 16311 
28365 13382 13384 13383 
28366 15389 15391 15390 
28367 14359 17286 16052 
28368 12942 12944 12943 
28369 15438 17635 16064 
28370 15892 15894 15893 
28371 15453 15454 14892 
28372 13388 13390 13389 
28373 15461 15462 15460 
28374 13495 13496 13490 
28375 15391 15393 15392 
28376 13769 13770 13768 
28377 13028 13029 13027 
28378 15202 15204 15203 
28379 13037 13038 13036 
28380 15343 15344 15342 
28381 16826 16827 15573 
28382 13974 13976 13975 
28383 13704 13705 13699 
28384 14539 15985 14541 
28385 12836 17214 14192 
28386 15196 15198 15197 
28387 12944 12946 12945 
28388 14597 15438 15062 
28389 13582 13585 13584 
28390 14161 17239 14163 
28391 16065 16207 16206 
28392 15751 16615 15752 
28393 15463 15464 15462 
28394 12938 12940 12939 
28395 13894 13896 13895 
28396 16536 16537 15667 
28397 15345 15346 15344 
28398 15204 15426 15425 
28399 13765 17245 13766 
28400 14440 14441 14315 
28401 13033 13034 13029 
28402 14587 17272 14589 
28403 15393 15405 15404 
28404 13406 17125 13405 
28405 13775 13776 13774 
28406 13505 13506 13504 
28407 14589 15642 14591 
28408 15347 15348 15346 
28409 15459 15460 15458 
28410 15465 15466 15464 
28411 13501 13502 13500 
28412 13394 13396 13395 
28413 15484 15485 15483 
28414 14775 15777 15776 
28415 14067 17612 17407 
28416 14306 17299 14234 
28417 13896 13898 13897 
28418 13511 13512 13510 
28419 13777 13778 13776 
28420 13396 13398 13397 
28421 13608 13609 13594 
28422 12833 12836 12835 
28423 15349 15352 15348 
28424 14686 17472 14292 
28425 15486 15487 15485 
28426 15816 15817 15815 
28427 15818 15819 15817 
28428 13045 13046 13044 
28429 13779 13780 13778 
28430 15467 15468 15466 
28431 13041 13042 13038 
28432 15353 15354 15352 
28433 13398 13400 13399 
28434 15488 16044 15487 
28435 15293 15360 15294 
28436 13902 13904 13903 
28437 13784 13785 13780 
28438 16653 17333 14904 
28439 12950 12952 12951 
28440 15489 18099 17335 
28441 15430 15432 15431 
28442 13392 13394 13393 
28443 13400 13402 13401 
28444 13507 13508 13506 
28445 15355 15368 15354 
28446 13898 13900 13899 
28447 12952 12954 12953 
28448 15469 15470 15468 
28449 15820 15821 15819 
28450 13906 13908 13907 
28451 15544 15545 15470 
28452 15428 15430 15429 
28453 13402 13404 13403 
28454 13052 13053 13051 
28455 17184 17185 13708 
28456 15369 15370 15368 
28457 12954 12956 12955 
28458 17270 18117 17763 
28459 13517 13518 13516 
28460 15360 15362 15361 
28461 15822 15823 15821 
28462 14446 17293 14217 
28463 16219 16221 16220 
28464 12948 12950 12949 
28465 15331 17372 14172 
28466 13404 13406 13405 
28467 13048 13049 13046 
28468 13513 13514 13512 
28469 14194 17472 16764 
28470 16899 16900 16897 
28471 12956 12958 12957 
28472 15162 15163 14836 
28473 15371 15376 15370 
28474 14054 14289 14288 
28475 13575 13576 13574 
28476 15377 15378 15376 
28477 14105 17340 17301 
28478 15362 15365 15363 
28479 15313 15410 15314 
28480 12958 12960 12959 
28481 13056 13057 13055 
28482 13790 13791 13789 
28483 14614 14616 14615 
28484 15828 15829 15827 
28485 15550 15551 15549 
28486 13116 15952 13114 
28487 15271 15937 15267 
28488 14526 17260 15302 
28489 13523 13524 13522 
28490 17861 17897 16011 
28491 14616 14749 14748 
28492 15146 15285 15144 
28493 15379 15397 15378 
28494 14981 15305 15304 
28495 14371 14614 14372 
28496 13519 13520 13518 
28497 12946 17267 12945 
28498 17080 17260 14524 
28499 13908 13910 13909 
28500 15971 17858 16878 
28501 12960 12962 12961 
28502 15305 16093 16092 
28503 13792 13793 13791 
28504 16685 17113 15328 
28505 15965 16711 16653 
28506 13910 13912 13911 
28507 13410 13412 13411 
28508 13788 13789 13787 
28509 14623 17173 15638 
28510 15830 15831 15829 
28511 14041 14552 14550 
28512 15308 17420 14178 
28513 13968 13970 13969 
28514 16102 17338 14652 
28515 14991 14992 14753 
28516 14561 15528 14867 
28517 15365 15381 15366 
28518 15482 15483 15480 
28519 15208 15209 14778 
28520 15552 15553 15551 
28521 15398 15399 15397 
28522 15548 15549 15547 
28523 15826 15827 15825 
28524 15410 15412 15411 
28525 13062 13063 13061 
28526 13794 13795 13793 
28527 13412 13414 13413 
28528 13527 13528 13526 
28529 14749 14983 14982 
28530 14599 14601 14600 
28531 15381 15383 15382 
28532 15374 17344 14318 
28533 13916 13918 13917 
28534 16137 16138 15209 
28535 13986 13991 13984 
28536 15832 15833 15831 
28537 15554 15555 15553 
28538 15412 15414 15413 
28539 15400 15401 15399 
28540 13058 13059 13057 
28541 13414 13416 13415 
28542 13796 13797 13795 
28543 13700 17184 13696 
28544 13408 13410 13409 
28545 13912 13914 13913 
28546 13920 13922 13921 
28547 14676 17299 14306 
28548 15383 15699 15698 
28549 15032 15853 15028 
28550 14601 14603 14602 
28551 14524 17260 14526 
28552 13066 13067 13065 
28553 14596 14599 14598 
28554 15414 15520 15415 
28555 13416 13418 13417 
28556 15022 15023 15021 
28557 15556 15557 15555 
28558 15402 15420 15401 
28559 15954 17274 15953 
28560 13569 13570 13568 
28561 12966 12968 12967 
28562 14915 14916 14875 
28563 15699 15701 15700 
28564 17092 17694 17090 
28565 13117 17342 13116 
28566 14603 14605 14604 
28567 13418 13420 13419 
28568 15421 15422 15420 
28569 16749 17442 15324 
28570 15520 15522 15521 
28571 12860 17183 12858 
28572 16642 17328 15727 
28573 15558 15559 15557 
28574 14464 17623 15798 
28575 14605 14607 14606 
28576 15834 15835 15833 
28577 13533 13534 13532 
28578 12968 12970 12969 
28579 13798 13799 13797 
28580 13989 17283 13992 
28581 13557 13558 13556 
28582 13588 13591 13590 
28583 15701 15848 15847 
28584 14607 14611 14610 
28585 13235 16936 13233 
28586 14835 14836 14341 
28587 16654 17341 14906 
28588 13926 13928 13927 
28589 13529 13530 13528 
28590 15423 15492 15422 
28591 14336 14337 14206 
28592 17182 17603 17436 
28593 15522 15592 15523 
28594 14608 14718 14609 
28595 14554 14555 14553 
28596 13565 13566 13564 
28597 13420 13422 13421 
28598 12964 12966 12965 
28599 12970 12972 12971 
28600 15839 15840 15835 
28601 13800 13801 13799 
28602 14611 14613 14612 
28603 13537 13538 13536 
28604 12816 13149 12814 
28605 14555 17714 14553 
28606 15560 15561 15559 
28607 15848 15850 15849 
28608 13471 17596 13469 
28609 15968 16745 16654 
28610 13802 13803 13801 
28611 14571 17331 14573 
28612 15493 15494 15492 
28613 13731 17847 16951 
28614 14752 14753 14313 
28615 13930 13932 13931 
28616 15592 15594 15593 
28617 12972 12974 12973 
28618 14581 15677 14579 
28619 13422 13424 13423 
28620 14569 16019 14571 
28621 14613 14618 14617 
28622 13541 13542 13540 
28623 14004 14144 14006 
28624 14573 14981 14980 
28625 13922 13924 13923 
28626 15841 15842 15840 
28627 13619 17374 13671 
28628 17827 17901 16027 
28629 15850 16124 16123 
28630 14213 14371 14307 
28631 15146 17270 15285 
28632 13804 13805 13803 
28633 16109 16110 15842 
28634 13046 17308 13044 
28635 15372 15940 15023 
28636 14274 16728 13125 
28637 15495 15524 15494 
28638 13964 13966 13965 
28639 15562 15563 15561 
28640 15408 17332 17123 
28641 13901 17582 13902 
28642 15594 15610 15595 
28643 13424 13426 13425 
28644 13806 13807 13805 
28645 12974 12976 12975 
28646 15960 16570 15940 
28647 13076 13077 13075 
28648 14618 14620 14619 
28649 15525 15526 15524 
28650 13553 13554 13552 
28651 16111 16112 16110 
28652 14000 14029 14002 
28653 13072 13073 13071 
28654 13639 13640 13616 
28655 13426 13428 13427 
28656 15911 15912 14880 
28657 14584 17593 15453 
28658 14887 14888 14886 
28659 12976 12978 12977 
28660 15564 15565 15563 
28661 13954 13956 13955 
28662 15610 15612 15611 
28663 15189 17590 14766 
28664 14624 17173 14623 
28665 16113 16114 16112 
28666 14998 14999 14997 
28667 15591 17359 14124 
28668 14620 14622 14621 
28669 14138 17585 17544 
28670 13068 13069 13067 
28671 14587 17443 17272 
28672 15527 15540 15526 
28673 16124 16126 16125 
28674 13549 13550 13548 
28675 13808 13809 13807 
28676 15002 15003 15001 
28677 13080 13081 13079 
28678 15142 15291 15140 
28679 15566 15567 15565 
28680 13409 17355 17125 
28681 13958 13960 13959 
28682 13428 13430 13429 
28683 13950 13952 13951 
28684 15984 17176 14505 
28685 13541 17458 13543 
28686 15568 15569 15567 
28687 17201 17364 14135 
28688 13295 13296 13294 
28689 13938 13940 13939 
28690 13279 13280 13278 
28691 12978 12980 12979 
28692 13291 13292 13290 
28693 14682 17307 14498 
28694 13932 13934 13933 
28695 16145 16146 16114 
28696 14622 14624 14623 
28697 14104 17314 14102 
28698 13946 13948 13947 
28699 14912 14918 14917 
28700 13430 13432 13431 
28701 13301 13302 13300 
28702 15541 15542 15540 
28703 15570 15571 15569 
28704 13543 13544 13542 
28705 13698 13699 13695 
28706 14730 14733 14732 
28707 13285 13286 13284 
28708 16126 16481 16480 
28709 14994 14995 14746 
28710 14745 14746 14332 
28711 13996 17354 13993 
28712 12980 12982 12981 
28713 15340 17375 14166 
28714 15164 15596 14453 
28715 13696 17184 13708 
28716 14942 16028 14943 
28717 13297 13298 13296 
28718 14550 17279 14775 
28719 13432 13434 13433 
28720 13810 13811 13809 
28721 14289 14473 14471 
28722 13084 13085 13083 
28723 14772 14923 14922 
28724 12962 17275 12961 
28725 13309 13310 13308 
28726 14777 14778 14555 
28727 14471 17367 14808 
28728 14223 14608 14388 
28729 15543 15600 15542 
28730 13305 13306 13304 
28731 13434 13436 13435 
28732 13940 13942 13941 
28733 13319 13320 13318 
28734 14089 15491 14402 
28735 15936 16039 14902 
28736 14628 14630 14629 
28737 15572 15574 15571 
28738 13124 14274 13125 
28739 14969 15597 14373 
28740 12982 12984 12983 
28741 14349 14467 14466 
28742 14551 17442 14549 
28743 15601 15602 15600 
28744 14775 17279 15777 
28745 13971 17225 14106 
28746 14445 14446 14217 
28747 14630 14632 14631 
28748 13287 13288 13286 
28749 14322 14553 14203 
28750 13103 13106 13105 
28751 13315 13316 13314 
28752 13436 13438 13437 
28753 13812 13813 13811 
28754 13701 17677 13703 
28755 16147 16148 16146 
28756 15678 16056 15003 
28757 13561 13562 13560 
28758 14632 14634 14633 
28759 14634 14636 14635 
28760 12984 12986 12985 
28761 15138 15139 15136 
28762 15751 15752 15057 
28763 15603 16486 15602 
28764 13088 13089 13087 
28765 12812 14143 12810 
28766 13323 13324 13322 
28767 13814 13815 13813 
28768 15575 15576 15574 
28769 14626 14628 14627 
28770 968 16479 969 
28771 860 16422 861 
28772 13438 13440 13439 
28773 13816 13817 13815 
28774 13092 13093 13091 
28775 14230 17297 14942 
28776 12986 12988 12987 
28777 13311 13312 13310 
28778 14762 16544 14401 
28779 14636 14638 14637 
28780 14927 14929 14928 
28781 15577 15578 15576 
28782 16149 16150 16148 
28783 13281 13282 13280 
28784 14854 14855 14717 
28785 13115 17692 13118 
28786 14852 15321 14547 
28787 15380 15947 14487 
28788 13990 17354 14134 
28789 16923 17280 15984 
28790 14544 17529 14058 
28791 15608 17840 15745 
28792 14393 15451 14210 
28793 13273 13274 13272 
28794 15161 16283 14724 
28795 16565 17133 15434 
28796 12988 12990 12989 
28797 13440 13442 13441 
28798 13327 13328 13326 
28799 13818 13819 13817 
28800 14885 14886 14419 
28801 13688 13689 13686 
28802 15747 15748 14678 
28803 15579 15580 15578 
28804 14112 17220 14077 
28805 14366 14794 14793 
28806 14403 17301 14824 
28807 14638 14640 14639 
28808 16153 16155 14986 
28809 14228 17297 14230 
28810 14794 15175 15174 
28811 14521 17321 14783 
28812 13932 17612 13935 
28813 14230 14942 14335 
28814 14755 15283 14654 
28815 13044 17308 14150 
28816 13442 13444 13443 
28817 15175 16050 15790 
28818 12990 12992 12991 
28819 12865 12866 12864 
28820 16722 16789 15323 
28821 15943 16571 15962 
28822 14331 14332 14100 
28823 13153 13162 13160 
28824 15581 15582 15580 
28825 14268 15605 15180 
28826 16615 16616 15752 
28827 15502 16230 16229 
28828 14430 15033 14842 
28829 13444 13446 13445 
28830 14319 15598 14220 
28831 14516 17393 15299 
28832 13333 13334 13332 
28833 15497 16083 16082 
28834 13820 13821 13819 
28835 12992 12994 12993 
28836 14105 17301 14403 
28837 12873 12874 12872 
28838 16094 16095 14844 
28839 12869 12870 12868 
28840 14929 15943 15403 
28841 14640 14642 14641 
28842 12877 12878 12876 
28843 15033 16129 15121 
28844 14403 14824 14819 
28845 15065 15067 15066 
28846 14675 14676 14306 
28847 17055 17393 14514 
28848 13446 13448 13447 
28849 15069 15071 15070 
28850 14103 14349 14348 
28851 13275 13276 13274 
28852 14525 17323 14086 
28853 13099 17216 13102 
28854 15583 15584 15582 
28855 12994 12996 12995 
28856 13337 13338 13336 
28857 14642 14644 14643 
28858 13099 13102 13101 
28859 15980 16596 15947 
28860 12881 12882 12880 
28861 14863 14952 14823 
28862 15158 16048 14952 
28863 14028 17584 17219 
28864 13448 13450 13449 
28865 15760 17365 14299 
28866 13692 17187 13690 
28867 14716 14717 14298 
28868 14822 14823 14821 
28869 14552 17279 14550 
28870 12859 12860 12858 
28871 14644 14646 14645 
28872 12996 12998 12997 
28873 15585 15586 15584 
28874 13822 13823 13821 
28875 12855 12856 12854 
28876 17147 17856 17146 
28877 13450 13452 13451 
28878 12885 12886 12884 
28879 14343 14759 14758 
28880 14562 14564 14563 
28881 17149 17935 17148 
28882 12861 12862 12860 
28883 14936 14937 14935 
28884 13452 13454 13453 
28885 14646 14727 14647 
28886 14727 14729 14728 
28887 14564 14950 14812 
28888 12889 12890 12888 
28889 14080 17305 14278 
28890 13267 13268 13266 
28891 15587 15588 15586 
28892 12998 13000 12999 
28893 13098 17216 13099 
28894 15983 15984 14505 
28895 13454 13456 13455 
28896 13824 13825 13823 
28897 14733 14735 14734 
28898 13826 13827 13825 
28899 14207 14430 14429 
28900 14109 17320 14107 
28901 12895 12896 12894 
28902 17972 17999 13949 
28903 13828 13829 13827 
28904 17052 17815 14244 
28905 16527 16528 15675 
28906 13000 13002 13001 
28907 13937 17599 13938 
28908 13456 13458 13457 
28909 14237 14366 14365 
28910 13343 13344 13342 
28911 14735 14737 14736 
28912 13347 13348 13346 
28913 14661 17314 14104 
28914 14964 14972 14965 
28915 13884 13885 13882 
28916 14860 15671 14661 
28917 14120 17261 14118 
28918 13694 13695 13689 
28919 15589 16325 15588 
28920 13980 13981 13978 
28921 14411 14948 14787 
28922 15007 15008 14939 
28923 13830 13831 13829 
28924 14785 14786 14361 
28925 13351 13352 13350 
28926 12849 12850 12848 
28927 14360 14361 14262 
28928 14538 15988 14536 
28929 17046 17372 15331 
28930 12899 12900 12898 
28931 13002 13004 13003 
28932 15685 17561 15152 
28933 14960 14962 14961 
28934 13458 13460 13459 
28935 13496 13499 13498 
28936 15015 17315 15941 
28937 16632 17932 14480 
28938 14236 15591 14124 
28939 14515 17333 14082 
28940 17376 17598 17054 
28941 13269 13270 13268 
28942 14099 14562 14320 
28943 14297 15496 14987 
28944 17633 17876 15442 
28945 14737 14739 14738 
28946 13460 13462 13461 
28947 16922 16923 15984 
28948 17145 17701 17156 
28949 13004 13006 13005 
28950 14128 17227 14126 
28951 14296 15497 14984 
28952 13832 13833 13831 
28953 14041 17283 14552 
28954 14808 16099 15783 
28955 14351 15948 15234 
28956 15130 16060 15008 
28957 13006 13008 13007 
28958 13355 13356 13354 
28959 14820 14821 14404 
28960 14651 15312 14941 
28961 13462 13464 13463 
28962 13992 17283 14041 
28963 14972 16068 15407 
28964 16064 16065 15439 
28965 12905 12906 12904 
28966 13502 13505 13504 
28967 13034 13037 13036 
28968 13892 13893 13890 
28969 14943 17390 15502 
28970 15046 15047 15018 
28971 12838 17214 12836 
28972 13008 13010 13009 
28973 859 16423 860 
28974 15302 17386 15303 
28975 13677 17276 13576 
28976 14739 14767 14740 
28977 14542 17470 16971 
28978 13508 13511 13510 
28979 16655 17165 17164 
28980 13834 13835 13833 
28981 14868 15539 14353 
28982 17095 17408 14530 
28983 14204 14343 14342 
28984 15918 15919 14413 
28985 14714 15282 14712 
28986 14444 14722 14721 
28987 13974 13975 13972 
28988 13464 13466 13465 
28989 12851 12852 12850 
28990 14767 14769 14768 
28991 13736 13738 13737 
28992 12802 13239 12800 
28993 12909 12910 12908 
28994 14532 17408 15306 
28995 14130 17338 14085 
28996 13724 13726 13725 
28997 15322 15419 15321 
28998 13728 13730 13729 
28999 14294 15723 14396 
29000 13836 13837 13835 
29001 15974 17472 14686 
29002 14155 17246 14153 
29003 13732 13734 13733 
29004 13010 13012 13011 
29005 15438 15439 15062 
29006 13575 13677 13576 
29007 14944 16029 14945 
29008 14442 14661 14104 
29009 13466 13468 13467 
29010 13742 13744 13743 
29011 15844 16581 16578 
29012 14136 17381 17330 
29013 14769 14773 14770 
29014 13468 13470 13469 
29015 16210 16211 15753 
29016 13012 13014 13013 
29017 13042 13045 13044 
29018 13706 14020 13702 
29019 14909 17328 14908 
29020 14870 15332 14817 
29021 14226 14411 14410 
29022 15709 17082 16662 
29023 14231 14262 14229 
29024 15996 16752 15997 
29025 13365 13366 13364 
29026 867 16415 868 
29027 16839 17621 14193 
29028 13838 13839 13837 
29029 12843 12844 12842 
29030 14132 17341 14092 
29031 13720 13722 13721 
29032 14773 15048 14774 
29033 15048 15154 15049 
29034 17282 17427 14577 
29035 13470 13473 13471 
29036 14513 17244 14511 
29037 12915 12916 12914 
29038 14865 15979 14528 
29039 13746 13748 13747 
29040 15759 15760 14299 
29041 15642 16057 14591 
29042 13014 13016 13015 
29043 15154 15156 15155 
29044 14162 17344 14160 
29045 14190 14394 13674 
29046 13514 13517 13516 
29047 15156 15864 15157 
29048 13473 13478 13474 
29049 14013 18014 16915 
29050 14447 15669 14238 
29051 13478 13482 13479 
29052 13670 16723 13612 
29053 13840 13841 13839 
29054 13016 13018 13017 
29055 15295 17423 14502 
29056 15058 16115 15900 
29057 17274 18120 15953 
29058 15142 17281 15291 
29059 13902 13903 13900 
29060 13482 13487 13483 
29061 14216 14444 14443 
29062 13049 13052 13051 
29063 14392 14725 14723 
29064 13842 13874 13841 
29065 13263 13264 13251 
29066 13018 13020 13019 
29067 16836 17420 15308 
29068 13369 13370 13368 
29069 13716 13718 13717 
29070 15922 16023 14947 
29071 13487 13489 13488 
29072 14209 17318 14392 
29073 13875 13881 13874 
29074 15166 15168 15167 
29075 12845 12846 12844 
29076 13520 13523 13522 
29077 13906 13907 13904 
29078 14078 17347 13479 
29079 12923 12924 12922 
29080 13020 13022 13021 
29081 13375 13376 13374 
29082 14489 15925 14490 
29083 13489 13495 13490 
29084 14233 17324 14290 
29085 13982 14063 13981 
29086 15876 15877 15875 
29087 13752 13754 13753 
29088 13053 13056 13055 
29089 13022 13024 13023 
29090 13674 17608 13107 
29091 13524 13527 13526 
29092 13589 17409 13587 
29093 14290 14944 14455 
29094 14567 14568 14566 
29095 13381 13382 13380 
29096 14420 16158 14310 
29097 14765 14766 14568 
29098 14585 14757 14756 
29099 13415 17682 13413 
29100 13554 13557 13556 
29101 13024 13026 13025 
29102 13026 13028 13027 
29103 15965 16653 14904 
29104 14271 14415 14270 
29105 15195 15196 15194 
29106 12929 12930 12928 
29107 15187 15188 14766 
29108 14352 14565 14222 
29109 14791 15607 15606 
29110 13530 13533 13532 
29111 13059 13062 13061 
29112 15994 17599 17369 
29113 13993 17354 13990 
29114 13886 13887 13885 
29115 13499 13501 13500 
29116 16030 16171 16170 
29117 13994 17363 13995 
29118 13534 13537 13536 
29119 870 16461 871 
29120 14070 17369 14068 
29121 14136 17330 14418 
29122 15484 15486 15485 
29123 14418 14889 14884 
29124 17164 17375 15340 
29125 13712 13714 13713 
29126 13028 13033 13029 
29127 14454 15166 15165 
29128 13760 13762 13761 
29129 15880 15881 15879 
29130 13063 13066 13065 
29131 874 16467 875 
29132 16648 17977 14325 
29133 13968 13969 13966 
29134 15356 17004 16981 
29135 14106 17225 15356 
29136 13916 13917 13914 
29137 13707 17346 13706 
29138 16101 16102 14652 
29139 14522 17266 14520 
29140 14720 14848 14847 
29141 929 12610 930 
29142 971 12607 972 
29143 936 12606 937 
29144 922 12612 923 
29145 903 12609 904 
29146 917 12613 918 
29147 950 12598 951 
29148 882 12597 883 
29149 964 12603 965 
29150 957 12599 958 
29151 856 12614 857 
29152 896 12605 897 
29153 868 12604 869 
29154 910 12611 911 
29155 875 12600 876 
29156 861 12608 862 
29157 889 12601 890 
29158 943 12602 944 
29159 15486 15488 15487 
29160 14392 17318 14725 
29161 14304 14566 14212 
29162 14286 14585 14474 
29163 16906 17909 13086 
29164 15488 16161 16044 
29165 16108 16642 15727 
29166 15482 15484 15483 
29167 13037 13041 13038 
29168 13550 13553 13552 
29169 13888 13889 13887 
29170 13505 13507 13506 
29171 13538 13541 13540 
29172 14573 17331 14981 
29173 15416 17354 13996 
29174 14916 15022 15021 
29175 14834 16120 15126 
29176 13130 13135 13131 
29177 857 16427 858 
29178 14742 14915 14875 
29179 13920 13921 13918 
29180 15196 17302 15198 
29181 12937 12938 12936 
29182 14290 17324 14944 
29183 881 16406 882 
29184 13247 13248 13237 
29185 14058 17357 13403 
29186 14414 16478 15928 
29187 13652 15474 14363 
29188 17194 17812 14027 
29189 956 16421 957 
29190 13511 13513 13512 
29191 13894 13895 13893 
29192 15968 16654 14906 
29193 13964 13965 13962 
29194 14710 15292 14708 
29195 15427 15428 15426 
29196 13546 13549 13548 
29197 13391 13392 13390 
29198 13122 14270 13120 
29199 13543 17458 14099 
29200 15703 15704 14859 
29201 13705 13710 13709 
29202 949 16408 950 
29203 14995 14998 14997 
29204 13073 13076 13075 
29205 16006 16656 14140 
29206 13766 13768 13767 
29207 876 16443 877 
29208 919 12697 920 
29209 858 12698 859 
29210 15456 15458 15457 
29211 951 16432 952 
29212 937 16435 938 
29213 897 16450 898 
29214 904 16442 905 
29215 909 16416 910 
29216 14303 14720 14719 
29217 15443 15445 15444 
29218 14572 14574 14570 
29219 12839 12840 12838 
29220 13926 13927 13924 
29221 13896 13897 13895 
29222 14456 14802 14457 
29223 14174 17376 14176 
29224 13930 13931 13928 
29225 12930 17304 12932 
29226 17193 17698 15409 
29227 15356 17225 17004 
29228 13069 13072 13071 
29229 14582 14584 14583 
29230 14999 15002 15001 
29231 13045 13048 13046 
29232 14336 14456 14337 
29233 12837 12838 12836 
29234 15139 17943 16699 
29235 13077 13080 13079 
29236 15449 15763 15762 
29237 14340 14834 14833 
29238 14898 15374 14318 
29239 14584 14892 14891 
29240 13958 13959 13956 
29241 15891 15892 15889 
29242 12603 16398 965 
29243 13236 13237 13235 
29244 924 16463 925 
29245 14499 17491 15293 
29246 948 16425 949 
29247 17071 17822 17216 
29248 969 12707 970 
29249 945 12704 946 
29250 952 12706 953 
29251 863 12700 864 
29252 905 12701 906 
29253 877 12702 878 
29254 938 12713 939 
29255 962 12705 963 
29256 934 12712 935 
29257 873 12710 874 
29258 894 12708 895 
29259 927 12711 928 
29260 898 12699 899 
29261 887 12709 888 
29262 915 12703 916 
29263 891 16468 892 
29264 908 16429 909 
29265 13950 13951 13948 
29266 13250 13251 13248 
29267 13517 13519 13518 
29268 15941 17371 16566 
29269 13562 13565 13564 
29270 14670 15016 15015 
29271 13976 14141 13975 
29272 14010 17124 14001 
29273 15058 17285 16115 
29274 15481 15838 15837 
29275 14616 14748 14615 
29276 15895 16590 15894 
29277 961 16438 962 
29278 872 16447 873 
29279 13954 13955 13952 
29280 878 16462 879 
29281 947 12668 948 
29282 913 12675 914 
29283 900 12673 901 
29284 960 12681 961 
29285 954 12669 955 
29286 907 12674 908 
29287 892 12677 893 
29288 871 12679 872 
29289 865 12671 866 
29290 879 12678 880 
29291 925 12676 926 
29292 885 12680 886 
29293 967 12667 968 
29294 940 12670 941 
29295 932 12672 933 
29296 14416 14890 14415 
29297 886 16448 887 
29298 893 16455 894 
29299 14614 14615 14372 
29300 13572 13575 13574 
29301 15162 15793 15163 
29302 12947 12948 12946 
29303 15778 16718 14826 
29304 12604 16487 16410 
29305 13081 13084 13083 
29306 13675 17692 13113 
29307 14211 17405 17161 
29308 14749 14982 14748 
29309 17120 17792 15980 
29310 13898 13899 13897 
29311 13566 13569 13568 
29312 16008 16009 13227 
29313 14752 14991 14753 
29314 13946 13947 13944 
29315 14835 15162 14836 
29316 14991 15035 14992 
29317 13938 13939 13936 
29318 14578 14582 14580 
29319 14983 15042 14982 
29320 15813 15815 15814 
29321 17125 17469 14543 
29322 14848 15055 15054 
29323 14802 15169 14803 
29324 14912 14917 14680 
29325 14545 17469 15313 
29326 17580 17746 17105 
29327 13171 13172 13170 
29328 15065 15066 14751 
29329 14255 15654 15479 
29330 14674 14893 14279 
29331 17293 17362 14215 
29332 13569 14138 13570 
29333 15305 16092 15304 
29334 14008 14314 14011 
29335 13316 13319 13318 
29336 15057 17356 14755 
29337 13558 13561 13560 
29338 14656 14657 14655 
29339 14371 14372 14307 
29340 13095 13098 13097 
29341 14772 14922 14406 
29342 13089 13092 13091 
29343 13085 13088 13087 
29344 14418 17330 14889 
29345 14747 15472 13134 
29346 13056 13058 13057 
29347 17807 17847 16003 
29348 16656 17380 14140 
29349 14981 15304 14980 
29350 16984 17899 14021 
29351 14067 17407 14069 
29352 15609 18047 16938 
29353 15299 17393 16684 
29354 13298 13301 13300 
29355 13527 13529 13528 
29356 13407 13408 13406 
29357 13306 13309 13308 
29358 13467 17681 13465 
29359 14920 14921 14918 
29360 14506 17220 14112 
29361 13908 13909 13907 
29362 14730 17400 14733 
29363 13320 13323 13322 
29364 12820 17263 14137 
29365 14569 17396 16019 
29366 13302 13305 13304 
29367 14581 16071 15677 
29368 14424 17261 14120 
29369 16616 16783 15752 
29370 14927 14928 14925 
29371 13910 13911 13909 
29372 13970 14089 13969 
29373 15069 15070 15067 
29374 13312 13315 13314 
29375 13785 13787 13786 
29376 15545 15547 15546 
29377 13324 13327 13326 
29378 13292 13295 13294 
29379 13912 13913 13911 
29380 13330 13333 13332 
29381 14004 17303 14144 
29382 14595 14596 14594 
29383 15794 15795 14508 
29384 14386 15380 14487 
29385 13066 13068 13067 
29386 14172 17372 13293 
29387 15596 17358 14453 
29388 14593 14594 14592 
29389 13288 13291 13290 
29390 17133 17874 15425 
29391 14560 14586 14046 
29392 13334 13337 13336 
29393 15073 15074 15071 
29394 14389 17717 13119 
29395 15148 17270 15146 
29396 14496 17465 14495 
29397 14445 14902 14446 
29398 14718 14979 14609 
29399 12604 16409 869 
29400 15150 17561 15279 
29401 12862 12865 12864 
29402 14166 17375 13064 
29403 15443 17685 15446 
29404 12874 12877 12876 
29405 15017 15018 14807 
29406 12963 12964 12962 
29407 15859 15860 14789 
29408 17314 17577 14102 
29409 15823 15825 15824 
29410 15022 15372 15023 
29411 12870 12873 12872 
29412 14786 14936 14935 
29413 17496 17497 17495 
29414 15164 15689 15596 
29415 12671 16459 866 
29416 12878 12881 12880 
29417 13922 13923 13921 
29418 14590 14592 14588 
29419 13541 13543 13542 
29420 14608 14609 14388 
29421 15783 16193 15951 
29422 12882 12885 12884 
29423 15537 15538 15536 
29424 12866 12869 12868 
29425 12886 12889 12888 
29426 13344 13347 13346 
29427 12892 12895 12894 
29428 15960 16735 16570 
29429 13543 14098 13544 
29430 16319 16469 15858 
29431 12856 12859 12858 
29432 16410 16411 16409 
29433 14333 14463 14334 
29434 14654 17310 14538 
29435 14937 15007 14939 
29436 15372 15960 15940 
29437 13340 13343 13342 
29438 13348 13351 13350 
29439 14745 14994 14746 
29440 16036 17285 14722 
29441 15535 15536 14040 
29442 12613 16397 918 
29443 12608 16418 862 
29444 13282 13285 13284 
29445 14994 17288 14995 
29446 12852 12855 12854 
29447 15765 16181 16180 
29448 12896 12899 12898 
29449 17401 17404 17403 
29450 12707 16431 970 
29451 13106 14190 13674 
29452 15752 17356 15057 
29453 15002 15678 15003 
29454 13121 17717 13124 
29455 12610 16395 930 
29456 12601 16403 890 
29457 12611 16412 911 
29458 14054 14288 14020 
29459 14029 17303 14002 
29460 14514 17393 14516 
29461 14331 14745 14332 
29462 13352 13355 13354 
29463 13932 13933 13931 
29464 13356 13492 13358 
29465 14503 15983 14505 
29466 14221 17434 17172 
29467 12902 12905 12904 
29468 14969 15622 15597 
29469 13960 14105 13959 
29470 12705 16449 963 
29471 14322 14554 14553 
29472 17172 17753 15608 
29473 12712 16458 935 
29474 12709 16453 888 
29475 12708 16446 895 
29476 17605 17624 17040 
29477 12846 12849 12848 
29478 15863 16273 14149 
29479 13276 13279 13278 
29480 14942 14943 14335 
29481 12782 12784 12783 
29482 13940 13941 13939 
29483 15472 17415 13134 
29484 15144 17281 15142 
29485 15678 16142 16056 
29486 13549 17292 13550 
29487 14467 14829 14466 
29488 13362 13365 13364 
29489 12906 12909 12908 
29490 13519 17353 13520 
29491 14380 14655 14379 
29492 14824 15806 14819 
29493 14625 14626 14624 
29494 13942 14101 13941 
29495 17544 17585 15995 
29496 14178 17420 13283 
29497 13092 14114 13093 
29498 13553 17294 13554 
29499 15306 17408 16703 
29500 12912 12915 12914 
29501 16655 17164 15340 
29502 13682 14240 13680 
29503 17407 17612 16924 
29504 14755 17356 15283 
29505 14002 17303 14004 
29506 12706 16437 953 
29507 12701 16441 906 
29508 12704 16434 946 
29509 12699 16454 899 
29510 13529 17362 13530 
29511 12672 16464 933 
29512 14706 15357 14704 
29513 13882 17334 13881 
29514 13048 17351 13049 
29515 13372 13375 13374 
29516 14883 17246 14155 
29517 14536 17320 14109 
29518 14193 17621 14195 
29519 17021 17796 17001 
29520 16649 17046 15331 
29521 14530 17408 14532 
29522 14349 14466 14348 
29523 13366 13369 13368 
29524 14495 17227 14128 
29525 13072 17295 13073 
29526 17185 17186 13708 
29527 13058 17358 13059 
29528 13890 17339 13889 
29529 13309 13311 13310 
29530 15514 15517 15516 
29531 12920 12923 12922 
29532 13742 13743 13740 
29533 14885 14887 14886 
29534 14887 14966 14888 
29535 15188 15797 15190 
29536 13378 13381 13380 
29537 16081 16122 15044 
29538 14964 14965 14962 
29539 14854 15668 14855 
29540 13736 13737 13734 
29541 14564 14812 14563 
29542 16153 16204 16155 
29543 13295 13297 13296 
29544 12832 12833 12831 
29545 14014 15416 13996 
29546 14950 15052 14812 
29547 15517 15673 15518 
29548 15192 15195 15194 
29549 13586 17231 13588 
29550 14430 14842 14429 
29551 13135 13141 13136 
29552 14702 15395 14700 
29553 14502 17423 14500 
29554 14850 15706 15216 
29555 15299 16684 15373 
29556 16913 17373 16912 
29557 15033 15121 14842 
29558 16571 16776 15962 
29559 12671 16460 16459 
29560 14562 14563 14320 
29561 14716 14854 14717 
29562 14625 15507 15044 
29563 14960 14961 14558 
29564 15200 15205 15202 
29565 14794 15174 14793 
29566 15507 16084 16081 
29567 15175 15790 15174 
29568 13327 14124 13328 
29569 15134 17892 16720 
29570 14923 15975 14922 
29571 14292 17472 14194 
29572 14806 14807 14673 
29573 12926 12929 12928 
29574 16050 16051 15790 
29575 16681 17675 16674 
29576 16129 16130 15121 
29577 13746 13747 13744 
29578 15943 15962 15403 
29579 16670 17423 15295 
29580 13496 17418 13499 
29581 13732 13733 13730 
29582 15204 15427 15426 
29583 14366 14793 14365 
29584 14989 17244 14513 
29585 14675 14986 14676 
29586 13382 13494 13384 
29587 14863 15158 14952 
29588 14822 14863 14823 
29589 15208 16137 15209 
29590 13948 17291 13947 
29591 13557 17300 13558 
29592 14929 15403 14928 
29593 15158 16049 16048 
29594 15306 16703 15385 
29595 12840 12843 12842 
29596 14764 15281 15027 
29597 15428 15433 15430 
29598 13752 13753 13750 
29599 13724 13725 13722 
29600 13728 13729 13726 
29601 15283 17310 14654 
29602 13388 13391 13390 
29603 13270 13273 13272 
29604 16638 16641 15956 
29605 13502 17417 13505 
29606 14868 15617 15539 
29607 13034 17430 13037 
29608 12830 12831 12828 
29609 13285 13287 13286 
29610 12934 12937 12936 
29611 13508 17412 13511 
29612 14759 15010 14758 
29613 15303 17386 16303 
29614 17299 17397 14234 
29615 15130 16179 16060 
29616 13068 17387 13069 
29617 13234 13235 13233 
29618 14820 14822 14821 
29619 13337 14135 13338 
29620 15342 16670 15295 
29621 14268 17388 15605 
29622 13392 13491 13394 
29623 15387 15987 15389 
29624 15010 17552 14758 
29625 14678 17470 14542 
29626 13760 13761 13758 
29627 15251 17752 15254 
29628 13315 17447 13316 
29629 14360 14785 14361 
29630 15007 15130 15008 
29631 15380 15980 15947 
29632 15324 17442 14551 
29633 15040 15876 15875 
29634 14995 17288 14998 
29635 13398 13484 13400 
29636 13649 15514 15513 
29637 15650 15651 15214 
29638 15391 15394 15393 
29639 13279 13281 13280 
29640 13720 13721 13718 
29641 15346 16640 15344 
29642 13972 17322 13970 
29643 14357 16055 13650 
29644 13141 13147 13142 
29645 12944 12947 12946 
29646 14722 15058 14721 
29647 12940 14242 12942 
29648 13042 17433 13045 
29649 15456 15457 15454 
29650 13183 13184 13172 
29651 17163 17473 14239 
29652 15783 15951 14809 
29653 14231 14360 14262 
29654 14278 17305 14651 
29655 13766 13767 13764 
29656 12808 13157 12806 
29657 13514 17413 13517 
29658 13716 13717 13714 
29659 15038 17266 14522 
29660 15877 15880 15879 
29661 14554 14777 14555 
29662 17212 17531 14391 
29663 12827 12828 12826 
29664 15352 16614 15348 
29665 14343 14758 14342 
29666 13550 17292 13553 
29667 14442 14860 14661 
29668 14364 14379 13653 
29669 12603 16399 16398 
29670 15462 15645 15460 
29671 13297 17397 13298 
29672 13554 17294 13557 
29673 14808 15783 14809 
29674 14543 17469 14545 
29675 14444 14721 14443 
29676 13404 13407 13406 
29677 12859 12861 12860 
29678 15368 16602 15354 
29679 16065 16206 16167 
29680 13594 17904 13592 
29681 15883 15890 15885 
29682 12889 14299 12890 
29683 13830 17742 13832 
29684 14948 14949 14787 
29685 13978 17482 13976 
29686 14601 14825 14603 
29687 13588 17231 13591 
29688 15731 18351 16506 
29689 14593 14597 14595 
29690 13311 17410 13312 
29691 13976 17482 14141 
29692 12952 13039 12954 
29693 15688 16836 15308 
29694 14596 15012 14599 
29695 14672 14673 14671 
29696 17195 17410 14225 
29697 14411 14787 14410 
29698 14729 17400 14730 
29699 13073 17295 13076 
29700 13414 13481 13416 
29701 16232 16270 16233 
29702 13407 14587 13486 
29703 13934 17388 13933 
29704 13772 14243 13770 
29705 15466 15648 15464 
29706 13232 13233 13229 
29707 15983 16922 15984 
29708 13410 14244 13412 
29709 12899 14300 12900 
29710 15261 15270 15263 
29711 14698 15396 14696 
29712 13678 17581 16820 
29713 14538 17310 15988 
29714 14605 14782 14607 
29715 15376 16576 15370 
29716 15887 15891 15889 
29717 15417 17778 17163 
29718 15313 16716 15410 
29719 17485 17488 17486 
29720 12909 14169 12910 
29721 15397 16564 15378 
29722 14765 15187 14766 
29723 14497 17491 14499 
29724 14777 15208 14778 
29725 14597 15062 14789 
29726 14658 14659 14657 
29727 12825 12826 12824 
29728 14567 14765 14568 
29729 15683 16027 14932 
29730 14611 14726 14613 
29731 13776 13781 13774 
29732 13264 13267 13266 
29733 14758 17552 14993 
29734 15892 15895 15894 
29735 15813 15814 15119 
29736 12960 12963 12962 
29737 13369 14139 13370 
29738 12963 15511 14149 
29739 12915 13177 12916 
29740 12956 14245 12958 
29741 17257 17435 13486 
29742 14589 14591 14590 
29743 15168 15866 15167 
29744 13785 13786 13780 
29745 15427 17326 17325 
29746 15412 15992 15414 
29747 15195 16121 15792 
29748 14587 14589 14588 
29749 15545 15546 15470 
29750 13375 14140 13376 
29751 13524 17424 13527 
29752 15401 15955 15399 
29753 15187 17311 15188 
29754 14757 15680 14756 
29755 15234 17229 15800 
29756 15502 17390 16230 
29757 14618 14649 14620 
29758 13700 17361 17184 
29759 13418 14246 13420 
29760 15187 17312 17311 
29761 13287 17431 13288 
29762 13422 13476 13424 
29763 14622 14625 14624 
29764 14304 14567 14566 
29765 12966 13047 12968 
29766 14585 14756 14474 
29767 15551 16338 15549 
29768 15451 17387 14210 
29769 16404 16405 16403 
29770 13375 16005 14140 
29771 15166 15167 15165 
29772 15522 16627 15592 
29773 15597 17468 14373 
29774 15988 17320 14536 
29775 15492 16548 15422 
29776 14785 17450 14786 
29777 12947 15509 13178 
29778 15195 15792 15196 
29779 16068 16069 15407 
29780 13738 14136 13737 
29781 15680 16085 14756 
29782 13495 17418 13496 
29783 14567 15504 14765 
29784 13513 17413 13514 
29785 13430 13475 13432 
29786 14628 15045 14630 
29787 13507 17412 13508 
29788 15293 16664 15360 
29789 12849 12851 12850 
29790 12833 12837 12836 
29791 12923 14181 12924 
29792 13369 14211 14139 
29793 15555 15921 15553 
29794 13501 17417 13502 
29795 13970 17322 14089 
29796 13426 14249 13428 
29797 13789 13877 13787 
29798 14972 15407 14965 
29799 14632 14792 14634 
29800 17288 17289 14998 
29801 12974 13031 12976 
29802 14255 15478 13495 
29803 16340 16341 15546 
29804 14636 15125 14638 
29805 13186 13187 13184 
29806 14640 15178 14642 
29807 14464 15798 14933 
29808 15497 16082 14984 
29809 13712 13713 13710 
29810 15524 16541 15494 
29811 14063 16290 15490 
29812 15594 16609 15610 
29813 17167 17725 17574 
29814 13063 17441 13066 
29815 15540 16534 15526 
29816 12970 14248 12972 
29817 15443 15444 15441 
29818 12929 13227 12930 
29819 14205 17432 17204 
29820 16625 17640 14461 
29821 14690 15974 14686 
29822 15703 16281 15704 
29823 15823 15824 15821 
29824 12937 14575 13134 
29825 13795 14247 13793 
29826 14201 15529 13501 
29827 15481 15482 15480 
29828 14694 15235 14692 
29829 13273 13275 13274 
29830 15561 16334 15559 
29831 13523 17424 13524 
29832 12604 16410 16409 
29833 12929 16007 13227 
29834 14812 15500 14563 
29835 15058 15899 14721 
29836 13365 17405 13366 
29837 13438 13472 13440 
29838 13033 17430 13034 
29839 13530 17362 13533 
29840 13705 13709 13699 
29841 13434 14251 13436 
29842 12861 17471 12862 
29843 15838 16169 15837 
29844 13748 14170 13747 
29845 15007 16097 15130 
29846 17754 18033 15448 
29847 15293 17491 16664 
29848 13444 13477 13446 
29849 13969 17428 13966 
29850 15362 15977 15365 
29851 14737 15128 14739 
29852 15829 16569 15827 
29853 16029 16030 14945 
29854 14200 16010 13507 
29855 14944 14945 14455 
29856 13041 17433 13042 
29857 14733 15025 14735 
29858 14235 17449 17200 
29859 15479 15480 15478 
29860 13558 17300 13561 
29861 15600 16530 15542 
29862 15537 16276 15695 
29863 14889 15935 14884 
29864 12982 13030 12984 
29865 13799 13876 13797 
29866 14834 15126 14833 
29867 16486 16521 15602 
29868 14646 14985 14727 
29869 13966 17428 13965 
29870 17401 17402 15025 
29871 15313 17469 16716 
29872 12850 17399 12848 
29873 12978 14252 12980 
29874 15156 16106 15864 
29875 13656 14491 13617 
29876 12923 14569 14181 
29877 15565 15916 15563 
29878 13520 17353 13523 
29879 13092 14205 14114 
29880 13543 14099 14098 
29881 13566 17425 13569 
29882 12915 16004 13177 
29883 15152 17561 15150 
29884 16065 16167 15439 
29885 14842 15498 14429 
29886 14196 14197 13513 
29887 13052 17530 13053 
29888 13452 13480 13454 
29889 15483 17611 15480 
29890 16008 16278 16277 
29891 12937 13134 12938 
29892 17315 17371 15941 
29893 13754 13783 13753 
29894 13730 17306 13729 
29895 13102 17562 13103 
29896 14767 15788 14769 
29897 14260 16014 13033 
29898 15383 16603 15699 
29899 15016 17315 15015 
29900 13838 17538 14022 
29901 15644 16075 15457 
29902 15833 15959 15831 
29903 15427 17325 15428 
29904 15488 16162 16161 
29905 13062 17441 13063 
29906 15866 16224 15167 
29907 12990 13032 12992 
29908 13458 13485 13460 
29909 15571 15915 15569 
29910 17476 17477 14792 
29911 14553 17585 14203 
29912 14331 14990 14745 
29913 14474 14752 14313 
29914 13962 17340 13960 
29915 14773 15728 15048 
29916 13310 17598 13308 
29917 16008 16277 16009 
29918 13464 13493 13466 
29919 13956 17436 13955 
29920 14751 17348 14424 
29921 12909 14221 14169 
29922 13448 14253 13450 
29923 13565 17425 13566 
29924 14994 17290 17288 
29925 15484 16205 15486 
29926 14286 14313 14197 
29927 15002 16139 15678 
29928 13951 17291 13948 
29929 14476 15233 15231 
29930 14809 14946 14472 
29931 12986 14254 12988 
29932 14664 14665 14663 
29933 16001 16002 13519 
29934 14228 17437 17297 
29935 13803 14250 13801 
29936 13807 14019 13805 
29937 13470 13599 13473 
29938 13482 13637 13487 
29939 13517 16001 13519 
29940 13569 14202 14138 
29941 15701 16588 15848 
29942 13511 14196 13513 
29943 13088 17432 13089 
29944 14752 15784 14991 
29945 13000 13040 13002 
29946 13881 15534 14040 
29947 12994 14256 12996 
29948 13782 16012 13767 
29949 12947 13178 12948 
29950 14360 14871 14785 
29951 14211 14213 14212 
29952 14445 15714 14902 
29953 13527 14214 13529 
29954 14198 14199 13041 
29955 13059 17358 13062 
29956 15842 16549 15840 
29957 14982 15019 14748 
29958 13959 17436 13956 
29959 13499 14201 13501 
29960 13762 14191 13761 
29961 14584 14891 14583 
29962 13333 17437 13334 
29963 13505 14200 13507 
29964 15859 16183 15860 
29965 13489 14255 13495 
29966 15714 15936 14902 
29967 14891 14971 14583 
29968 12905 17434 12906 
29969 14213 14307 14304 
29970 14575 16098 14747 
29971 13931 17460 13928 
29972 12843 12845 12844 
29973 16563 17561 15685 
29974 15578 15914 15576 
29975 13337 14228 14135 
29976 15995 15996 13677 
29977 15850 16127 16124 
29978 14892 15923 14891 
29979 16594 16606 15682 
29980 13008 13137 13010 
29981 16112 16539 16110 
29982 14214 14215 13529 
29983 13049 17351 13052 
29984 14372 14433 14307 
29985 16130 16247 15121 
29986 12899 15530 14300 
29987 14582 14583 14580 
29988 14863 15807 15158 
29989 15458 15644 15457 
29990 14593 14595 14594 
29991 13813 14018 13811 
29992 13407 13486 13408 
29993 13016 13143 13018 
29994 15880 15964 15881 
29995 15419 16727 15321 
29996 15584 16327 15582 
29997 14820 14828 14822 
29998 13575 15995 13677 
29999 14063 15490 13981 
30000 13323 17449 13324 
30001 13544 17345 13546 
30002 13024 13146 13026 
30003 13069 17387 13072 
30004 12895 17446 12896 
30005 14649 17638 17467 
30006 14722 17285 15058 
30007 13768 13782 13767 
30008 13316 17447 13319 
30009 14099 14100 14098 
30010 13004 14258 13006 
30011 14733 17400 15025 
30012 16178 16482 15936 
30013 14105 14232 13959 
30014 12885 17448 12886 
30015 16783 17356 15752 
30016 15999 16000 13048 
30017 13889 14559 14046 
30018 14833 14835 14341 
30019 14340 14341 14199 
30020 14191 14577 13761 
30021 13012 14257 13014 
30022 14443 14445 14217 
30023 13327 14235 14124 
30024 14590 14593 14592 
30025 13928 17460 13927 
30026 14216 14217 14215 
30027 15534 15635 15535 
30028 12889 15616 14299 
30029 12822 17263 12820 
30030 13020 14259 13022 
30031 16146 16533 16114 
30032 14943 15501 14335 
30033 13037 14198 13041 
30034 14218 14453 13058 
30035 14138 17544 13570 
30036 14808 14809 14472 
30037 14089 14402 14353 
30038 13028 14260 13033 
30039 13821 13873 13819 
30040 15588 16326 15586 
30041 15598 17431 14220 
30042 17182 17436 14232 
30043 13066 14209 13068 
30044 14829 15159 14466 
30045 13045 15999 13048 
30046 14668 14671 14667 
30047 14573 14980 14859 
30048 14442 15503 14860 
30049 16273 17456 14149 
30050 15792 17302 15196 
30051 15174 15177 14793 
30052 13817 14261 13815 
30053 14571 14573 14572 
30054 13056 14218 13058 
30055 14569 14571 14570 
30056 16009 17304 13227 
30057 14089 14353 13969 
30058 14835 16243 15162 
30059 13783 15499 13753 
30060 14666 14667 14665 
30061 14320 14331 14100 
30062 13305 17461 13306 
30063 15876 17319 15877 
30064 14979 15696 14609 
30065 15748 17470 14678 
30066 14402 15805 14868 
30067 16150 16529 16148 
30068 13829 13880 13827 
30069 14808 17367 16099 
30070 15449 15762 15447 
30071 14314 14440 14315 
30072 17486 17487 14985 
30073 15497 17713 16083 
30074 13089 17432 13092 
30075 15321 17529 14547 
30076 14205 14206 14114 
30077 14547 17529 14544 
30078 14979 16089 15696 
30079 14867 16305 15902 
30080 14561 14867 14866 
30081 13147 13152 13148 
30082 14559 14561 14560 
30083 13881 17334 15534 
30084 14660 14663 14659 
30085 14716 15755 14854 
30086 14943 15502 15501 
30087 14202 14203 14138 
30088 14454 15164 14453 
30089 13695 14576 13689 
30090 14101 14102 13941 
30091 14098 17345 13544 
30092 13825 14263 13823 
30093 14720 14847 14719 
30094 14625 15044 14626 
30095 13885 17334 13882 
30096 14099 14320 14100 
30097 13611 13615 13613 
30098 14170 14373 13747 
30099 12963 14149 12964 
30100 13893 17339 13890 
30101 14949 15782 14787 
30102 14471 14808 14472 
30103 12823 12824 12822 
30104 14105 14403 14232 
30105 15507 16081 15044 
30106 15547 16340 15546 
30107 14221 14223 14222 
30108 13306 17461 13309 
30109 14871 15801 15753 
30110 13744 17468 13743 
30111 15502 16229 16134 
30112 15801 16213 16210 
30113 13833 14264 13831 
30114 13933 14238 13931 
30115 14099 17458 14562 
30116 13227 17304 12930 
30117 15403 16016 14928 
30118 13309 14224 13311 
30119 16800 17920 15290 
30120 14999 17515 15002 
30121 14223 14388 14352 
30122 14224 17461 17208 
30123 14228 14230 14229 
30124 15815 15978 15814 
30125 13839 14039 13837 
30126 14230 14335 14231 
30127 15895 16591 16590 
30128 17661 17662 17452 
30129 14209 14210 13068 
30130 13267 13269 13268 
30131 13708 17187 13692 
30132 14829 15809 15159 
30133 15800 17229 16598 
30134 13981 17482 13978 
30135 15022 16003 15372 
30136 12851 17516 12852 
30137 14207 14336 14206 
30138 14580 14581 14579 
30139 15058 15900 15899 
30140 15537 15695 15538 
30141 15279 17270 15148 
30142 13944 17349 13942 
30143 13923 14449 13921 
30144 16121 16164 15792 
30145 13881 14040 13874 
30146 14837 15161 14724 
30147 14207 14429 14336 
30148 13734 17473 13733 
30149 14578 14579 14577 
30150 15868 16248 15161 
30151 16137 16200 16138 
30152 14403 14819 14404 
30153 13324 17449 13327 
30154 13298 17397 13301 
30155 14205 14207 14206 
30156 14723 14724 14393 
30157 15983 16924 16922 
30158 14391 17531 14670 
30159 14136 14239 13737 
30160 13228 13229 13226 
30161 15714 16178 15936 
30162 15226 15758 15225 
30163 14202 17425 17217 
30164 13093 17352 13095 
30165 13960 17340 14105 
30166 14395 14800 14394 
30167 17151 17578 17152 
30168 15481 15837 15482 
30169 15660 15662 15661 
30170 13936 17350 13934 
30171 13889 14046 13887 
30172 14101 14103 14102 
30173 15266 17602 15268 
30174 13923 15810 14449 
30175 14392 14393 14210 
30176 15449 17773 15764 
30177 13911 14043 13909 
30178 15680 16118 16085 
30179 15535 15537 15536 
30180 13334 17437 13337 
30181 14214 14216 14215 
30182 14216 14443 14217 
30183 13897 14044 13895 
30184 15418 17750 17195 
30185 13291 17490 13292 
30186 15503 16292 15917 
30187 15975 15994 14922 
30188 13292 17490 13295 
30189 14402 14868 14353 
30190 13585 14954 13586 
30191 13889 17339 14559 
30192 14211 14212 14139 
30193 14235 14236 14124 
30194 14286 14474 14313 
30195 14758 14993 14342 
30196 14871 15753 14785 
30197 15380 17054 15980 
30198 14836 17617 14341 
30199 16005 16006 14140 
30200 15479 15481 15480 
30201 14103 14348 14104 
30202 14597 14789 14595 
30203 14196 14286 14197 
30204 14403 14404 14232 
30205 15062 15859 14789 
30206 13975 17322 13972 
30207 13933 14268 14238 
30208 14228 14229 14135 
30209 15765 16180 15763 
30210 15502 16134 15501 
30211 13312 17410 13315 
30212 14213 14304 14212 
30213 14200 16011 16010 
30214 14589 14590 14588 
30215 14819 14820 14404 
30216 15180 16296 15181 
30217 14235 14237 14236 
30218 17476 17478 17477 
30219 14587 14588 13486 
30220 12855 17501 12856 
30221 14365 14841 14330 
30222 14268 15180 14447 
30223 14237 14330 14236 
30224 15801 16210 15753 
30225 15825 16589 15824 
30226 13301 17595 13302 
30227 14230 14231 14229 
30228 17401 17403 17402 
30229 15668 18074 18060 
30230 14848 15054 14847 
30231 15188 17311 15797 
30232 15285 17281 15144 
30233 14410 14716 14298 
30234 14237 14365 14330 
30235 15809 16285 15159 
30236 14255 15479 15478 
30237 12837 12839 12838 
30238 14414 14969 14373 
30239 14998 17515 14999 
30240 12886 17448 12889 
30241 14753 17618 14313 
30242 14224 14225 13311 
30243 13942 17349 14101 
30244 15503 15917 14860 
30245 16030 16076 14945 
30246 14837 15868 15161 
30247 12784 12786 12785 
30248 13570 17544 13572 
30249 14226 14298 14225 
30250 17498 17499 17496 
30251 14885 14897 14887 
30252 14723 14837 14724 
30253 14221 14222 14169 
30254 14214 17424 17228 
30255 13295 14233 13297 
30256 13328 17359 13330 
30257 16211 17450 15753 
30258 16004 16017 13177 
30259 14103 14104 14102 
30260 13538 17563 13541 
30261 14348 14442 14104 
30262 12859 14297 12861 
30263 13288 17431 13291 
30264 12821 12822 12820 
30265 14218 14454 14453 
30266 12896 17446 12899 
30267 14392 14723 14393 
30268 14569 14570 14181 
30269 14260 16015 16014 
30270 13366 17405 13369 
30271 14454 15165 15164 
30272 14340 14833 14341 
30273 14980 15703 14859 
30274 15616 15759 14299 
30275 15975 16794 15994 
30276 14144 17389 14006 
30277 14575 14747 13134 
30278 14198 14340 14199 
30279 16007 16008 13227 
30280 14388 14681 14352 
30281 14456 15120 14802 
30282 14573 14859 14572 
30283 14651 17305 15312 
30284 14114 17352 13093 
30285 14223 14352 14222 
30286 14209 14392 14210 
30287 14571 14572 14570 
30288 14949 16157 15782 
30289 14675 15011 14986 
30290 17467 17638 15507 
30291 14440 14844 14441 
30292 15539 17428 14353 
30293 15919 17471 14413 
30294 15180 15181 14447 
30295 16296 16297 15181 
30296 15511 15863 14149 
30297 15107 15215 15108 
30298 17153 17614 14378 
30299 13561 17604 13562 
30300 14202 14204 14203 
30301 12906 17434 12909 
30302 14268 14447 14238 
30303 15011 16153 14986 
30304 14925 17360 14923 
30305 14289 14471 14288 
30306 14226 14410 14298 
30307 14224 14226 14225 
30308 15980 17792 16596 
30309 17111 17775 17110 
30310 14418 14419 14239 
30311 13338 17364 13340 
30312 14204 14322 14203 
30313 14233 14234 13297 
30314 14508 17366 14506 
30315 14492 14493 14491 
30316 13847 16631 13845 
30317 12601 16404 16403 
30318 13463 17784 13461 
30319 15407 16018 14965 
30320 14204 14342 14322 
30321 15810 16291 14449 
30322 13733 17306 13730 
30323 15019 17498 17496 
30324 14884 14885 14419 
30325 14786 17450 14936 
30326 14455 14675 14306 
30327 12672 16465 16464 
30328 12845 17514 12846 
30329 15089 17789 15086 
30330 14290 14306 14234 
30331 15445 16156 15444 
30332 16000 17351 13048 
30333 13499 17418 14201 
30334 14297 17501 15496 
30335 15428 17325 15433 
30336 16276 16306 15695 
30337 17360 17632 15975 
30338 17336 17337 17289 
30339 16002 17353 13519 
30340 14578 14580 14579 
30341 15054 16143 14847 
30342 14406 17369 14070 
30343 14968 15076 15075 
30344 12856 17501 12859 
30345 14170 14414 14373 
30346 12890 17365 12892 
30347 14191 14578 14577 
30348 15011 16154 16153 
30349 13197 13208 13207 
30350 13285 14219 13287 
30351 13737 17473 13734 
30352 16122 17459 15044 
30353 14559 14560 14046 
30354 13208 13241 13240 
30355 15534 15535 14040 
30356 12862 17471 12865 
30357 14124 17359 13328 
30358 12849 14296 12851 
30359 14867 15902 14866 
30360 14561 14866 14560 
30361 14136 14418 14239 
30362 13511 17412 14196 
30363 13660 13661 13640 
30364 13505 17417 14200 
30365 13580 17891 13579 
30366 14414 15928 14969 
30367 14190 15510 14395 
30368 15110 15219 15112 
30369 12900 17370 12902 
30370 13037 17430 14198 
30371 14923 17360 15975 
30372 13282 17558 13285 
30373 13965 17340 13962 
30374 13370 17377 13372 
30375 13546 17345 13549 
30376 13591 13593 13592 
30377 17607 17781 16035 
30378 13225 13226 13224 
30379 12843 15508 12845 
30380 13376 17380 13378 
30381 14719 14784 14319 
30382 14218 17530 17243 
30383 13747 17468 13744 
30384 14297 14413 12861 
30385 14418 14884 14419 
30386 14383 17616 17192 
30387 14296 17514 15497 
30388 13905 18072 17203 
30389 14255 17528 15654 
30390 15010 17553 17552 
30391 14219 14220 13287 
30392 14233 14290 14234 
30393 12839 17565 12840 
30394 13902 17582 13905 
30395 14453 17358 13058 
30396 12786 12788 12787 
30397 14777 15211 15208 
30398 14176 17376 14386 
30399 14303 14319 14220 
30400 13517 17413 16001 
30401 17311 17313 15797 
30402 16030 16170 16076 
30403 14290 14455 14306 
30404 15190 17392 15192 
30405 14209 17441 17318 
30406 16156 16215 15444 
30407 17288 17336 17289 
30408 16315 16316 16314 
30409 14297 14987 14413 
30410 14987 15918 14413 
30411 15066 17348 14751 
30412 13276 17573 13279 
30413 17166 17574 17201 
30414 16094 16187 16095 
30415 15877 17319 15880 
30416 15055 17564 15054 
30417 17239 17414 14426 
30418 13045 17433 15999 
30419 15920 16314 15918 
30420 12910 17378 12912 
30421 15198 17394 15200 
30422 15669 17460 14238 
30423 17458 17563 17175 
30424 14135 17364 13338 
30425 14987 15920 15918 
30426 14215 17362 13529 
30427 16315 16317 16316 
30428 15920 16315 16314 
30429 12846 17514 12849 
30430 13250 13263 13251 
30431 13281 17558 13282 
30432 13279 14208 13281 
30433 17290 17336 17288 
30434 16992 17925 14015 
30435 17159 17733 17603 
30436 15202 17406 15204 
30437 15961 16237 13675 
30438 13572 17544 13575 
30439 16023 17516 14947 
30440 13740 17381 13738 
30441 13095 17352 13098 
30442 15002 17515 16139 
30443 12819 12820 12818 
30444 13541 17563 17458 
30445 14294 17551 15723 
30446 17646 17647 17644 
30447 17566 17568 17567 
30448 12924 17391 12926 
30449 13537 17563 13538 
30450 14208 16013 13281 
30451 13527 17424 14214 
30452 12918 17396 12920 
30453 14233 17490 17324 
30454 14586 17575 14046 
30455 15481 17494 15838 
30456 13947 17349 13944 
30457 14069 17407 14503 
30458 14894 15938 14893 
30459 14748 17495 14615 
30460 15385 17419 15387 
30461 14993 17510 17509 
30462 14299 17365 12890 
30463 13939 17350 13936 
30464 17418 17611 14201 
30465 15054 16144 16143 
30466 16518 16563 15685 
30467 17325 17327 15433 
30468 12938 17415 12940 
30469 15344 17426 15342 
30470 13236 13247 13237 
30471 13750 17398 13748 
30472 15265 16389 15269 
30473 13408 17435 13410 
30474 14219 14303 14220 
30475 14599 17444 14601 
30476 14296 14947 12851 
30477 15654 17494 15479 
30478 14603 17451 14605 
30479 14303 14719 14319 
30480 12852 17516 12855 
30481 13247 13250 13248 
30482 15454 17411 14892 
30483 12837 14294 12839 
30484 12776 12777 12775 
30485 12932 17422 12934 
30486 13275 17573 13276 
30487 13387 17594 13638 
30488 15439 17479 15062 
30489 15348 17440 15346 
30490 17204 17579 15435 
30491 14626 17459 14628 
30492 13402 17443 13404 
30493 13261 17630 13246 
30494 15154 17483 15156 
30495 14607 17454 14611 
30496 14300 17370 12900 
30497 14710 17329 15292 
30498 14296 14984 14947 
30499 14139 17377 13370 
30500 14426 17414 14764 
30501 14613 17462 14618 
30502 14670 17531 15016 
30503 13066 17441 14209 
30504 14984 15922 14947 
30505 13933 17388 14268 
30506 14620 17467 14622 
30507 13569 17425 14202 
30508 12830 12832 12831 
30509 17332 17825 17123 
30510 14140 17380 13376 
30511 13764 17421 13762 
30512 12942 17438 12944 
30513 13107 17608 13109 
30514 12832 17551 12833 
30515 13843 17677 14489 
30516 14424 17348 17261 
30517 14644 17485 14646 
30518 13273 14227 13275 
30519 14169 17378 12910 
30520 13758 17427 13756 
30521 15482 17382 15484 
30522 12964 17456 12966 
30523 15027 17429 15040 
30524 17175 17607 15436 
30525 14630 17475 14632 
30526 14353 17428 13969 
30527 13330 17359 13333 
30528 13607 17596 13471 
30529 14634 17480 14636 
30530 14210 17387 13068 
30531 15214 17439 14989 
30532 14815 17674 17119 
30533 15046 15736 15047 
30534 12817 12818 12816 
30535 13738 17381 14136 
30536 12827 12830 12828 
30537 15470 17464 15468 
30538 12958 17466 12960 
30539 14232 17436 13959 
30540 13270 17583 13273 
30541 14190 14395 14394 
30542 14928 17360 14925 
30543 15956 17465 14496 
30544 17350 17388 13934 
30545 14452 14968 14967 
30546 16020 17620 17526 
30547 13053 17530 13056 
30548 12825 12827 12826 
30549 14227 16024 13275 
30550 13092 17432 14205 
30551 17401 17546 17404 
30552 15079 15179 14810 
30553 17103 17580 17104 
30554 14238 17460 13931 
30555 14181 17391 12924 
30556 15478 17418 13495 
30557 17302 17394 15198 
30558 15474 15476 15475 
30559 14638 17492 14640 
30560 15795 17366 14508 
30561 16742 17949 14316 
30562 13340 17364 13343 
30563 13595 17962 15257 
30564 15753 17450 14785 
30565 13748 17398 14170 
30566 16055 17637 13650 
30567 15529 17417 13501 
30568 14068 17599 13937 
30569 14378 17614 14742 
30570 15119 17474 15038 
30571 16727 17529 15321 
30572 16010 17412 13507 
30573 12892 17365 12895 
30574 14471 14472 14288 
30575 14225 17410 13311 
30576 14506 17366 17220 
30577 14197 17413 13513 
30578 16240 16759 15799 
30579 16821 17956 15976 
30580 14568 17790 14566 
30581 13134 17415 12938 
30582 14922 17369 14406 
30583 17977 18081 15986 
30584 16754 17855 13633 
30585 14892 17411 15923 
30586 17409 17893 16758 
30587 16014 17430 13033 
30588 17400 17401 15025 
30589 12902 17370 12905 
30590 13337 17437 14228 
30591 15478 17611 17418 
30592 13308 17598 14174 
30593 13327 17449 14235 
30594 13309 17461 14224 
30595 17895 18032 15931 
30596 15621 17864 17017 
30597 14234 17397 13297 
30598 17304 17422 12932 
30599 13874 17526 13841 
30600 16874 17832 15614 
30601 15360 17500 15362 
30602 14294 14384 12839 
30603 13627 17601 13676 
30604 15490 17482 13981 
30605 14294 14396 14384 
30606 13486 17435 13408 
30607 17433 17617 15999 
30608 13234 13236 13235 
30609 14680 17616 14383 
30610 14199 17433 13041 
30611 15860 17535 14789 
30612 14396 15725 14956 
30613 14727 17505 14729 
30614 14596 17535 15012 
30615 13762 17421 14191 
30616 13631 13646 13629 
30617 13372 17377 13375 
30618 12823 14265 12825 
30619 14433 17668 17520 
30620 14396 14956 14384 
30621 13269 17583 13270 
30622 12823 12825 12824 
30623 13369 17405 14211 
30624 13223 13224 13222 
30625 14735 17507 14737 
30626 17554 17555 17510 
30627 12889 17448 15616 
30628 13378 17380 13381 
30629 17158 17603 17182 
30630 12899 17446 15530 
30631 12912 17378 12915 
30632 14386 17376 15380 
30633 14595 17535 14596 
30634 17532 17533 15035 
30635 12827 13145 12830 
30636 14359 14452 14451 
30637 12833 17551 12837 
30638 15797 17392 15190 
30639 12909 17434 14221 
30640 14336 17416 14456 
30641 17186 17187 13708 
30642 13295 17490 14233 
30643 15044 17459 14626 
30644 14642 17591 14644 
30645 15042 17540 17539 
30646 12840 17565 12843 
30647 13267 14241 13269 
30648 13302 17595 13305 
30649 12815 12816 12814 
30650 14015 17609 13773 
30651 12788 12790 12789 
30652 15192 17392 15195 
30653 15504 17557 17556 
30654 14149 17456 12964 
30655 17413 17618 16001 
30656 15536 17526 14040 
30657 15062 17479 15859 
30658 14413 17471 12861 
30659 15441 17481 15055 
30660 15200 17394 15205 
30661 15837 17382 15482 
30662 14220 17431 13287 
30663 17642 17883 17107 
30664 15205 17406 15202 
30665 12926 17391 12929 
30666 13743 17381 13740 
30667 14739 17517 14767 
30668 13264 17592 13267 
30669 12920 17396 12923 
30670 16062 18191 18124 
30671 15204 17406 15427 
30672 14169 17654 17378 
30673 14241 16038 13269 
30674 15514 15516 15513 
30675 13826 17823 13828 
30676 14625 17467 15507 
30677 17208 17774 15437 
30678 12790 12792 12791 
30679 13393 17797 13390 
30680 14375 17667 17197 
30681 15673 16168 15518 
30682 14003 17827 14010 
30683 14395 14838 14800 
30684 15517 15518 15516 
30685 14769 17521 14773 
30686 17394 17395 15205 
30687 12778 12779 12777 
30688 17840 17894 15745 
30689 15048 17522 15154 
30690 17168 17600 17167 
30691 15284 17959 16798 
30692 17503 17504 14841 
30693 15017 15046 15018 
30694 15498 17416 14429 
30695 14503 17407 15983 
30696 13285 17558 14219 
30697 17169 17878 17600 
30698 16703 17419 15385 
30699 12940 17415 14242 
30700 12934 17422 12937 
30701 13753 17398 13750 
30702 15387 17419 15987 
30703 17503 17655 17504 
30704 17547 17548 15500 
30705 16364 16368 16366 
30706 17477 17480 14792 
30707 14239 17473 13737 
30708 14373 17468 13747 
30709 13487 17528 13489 
30710 15342 17426 16670 
30711 16794 17705 15994 
30712 17553 17554 17552 
30713 16640 17426 15344 
30714 13221 13222 13220 
30715 14817 17674 14815 
30716 14199 17617 17433 
30717 14954 17231 13586 
30718 15012 17444 14599 
30719 14139 17651 17377 
30720 15447 17513 15445 
30721 13263 17592 13264 
30722 17289 17515 14998 
30723 15457 17411 15454 
30724 14993 17552 17510 
30725 14601 17444 14825 
30726 17537 17635 15438 
30727 14825 17451 14603 
30728 13352 17631 13355 
30729 14429 17416 14336 
30730 14195 17621 14687 
30731 12780 12781 12779 
30732 15346 17440 16640 
30733 13410 17435 14244 
30734 15518 15519 15516 
30735 12821 12823 12822 
30736 18057 18067 14829 
30737 12944 17438 12947 
30738 12813 12814 12812 
30739 13113 17692 13115 
30740 13279 17573 14208 
30741 13404 17443 13407 
30742 14605 17451 14782 
30743 17520 17668 15504 
30744 14242 17438 12942 
30745 13767 17421 13764 
30746 16614 17440 15348 
30747 14563 17484 14320 
30748 14764 17414 15281 
30749 17217 17764 15450 
30750 15427 17406 17326 
30751 14766 17590 14568 
30752 13702 17361 13700 
30753 14782 17454 14607 
30754 14720 17586 14848 
30755 17000 17807 14915 
30756 13761 17427 13758 
30757 17326 17524 17325 
30758 13935 17612 14067 
30759 15019 17495 14748 
30760 14466 17489 14348 
30761 12859 17501 14297 
30762 14611 17454 14726 
30763 15281 17429 15027 
30764 15012 17445 17444 
30765 14331 17484 14990 
30766 14947 17516 12851 
30767 14628 17459 15045 
30768 13375 17377 16005 
30769 13162 13165 13164 
30770 15195 17392 16121 
30771 14726 17462 14613 
30772 14197 17618 17413 
30773 14622 17467 14625 
30774 14990 17543 17542 
30775 13562 17604 13565 
30776 15484 17382 16205 
30777 15156 17483 16106 
30778 14618 17462 14649 
30779 16167 17479 15439 
30780 14320 17484 14331 
30781 13232 13234 13233 
30782 14649 17467 14620 
30783 13260 13622 13621 
30784 13407 17443 14587 
30785 14993 17509 17508 
30786 15040 17429 15876 
30787 12966 17456 13047 
30788 14704 17385 14702 
30789 14025 14026 14024 
30790 13593 13608 13594 
30791 15052 17549 17547 
30792 14696 17457 14694 
30793 14009 17653 14017 
30794 14752 17519 15784 
30795 15651 17439 15214 
30796 17487 17505 14985 
30797 14445 17511 15714 
30798 14565 17654 14222 
30799 14825 17452 17451 
30800 14991 17532 15035 
30801 14591 17537 14590 
30802 15479 17494 15481 
30803 16237 17939 13675 
30804 17398 17676 14170 
30805 15045 17475 14630 
30806 12960 17466 12963 
30807 14632 17475 14792 
30808 14636 17480 15125 
30809 14646 17485 14985 
30810 14433 17520 14307 
30811 14474 17519 14752 
30812 14443 17511 14445 
30813 14792 17480 14634 
30814 14245 17466 12958 
30815 13575 17544 15995 
30816 16674 17675 15333 
30817 14782 17455 17454 
30818 14615 17536 14372 
30819 13119 17717 13121 
30820 12963 17466 15511 
30821 14793 17503 14365 
30822 14989 17439 17244 
30823 14566 17651 14212 
30824 13219 13220 13218 
30825 14593 17537 14597 
30826 14582 17593 14584 
30827 17497 17536 17495 
30828 14181 17663 17391 
30829 16265 16267 16266 
30830 15546 17464 15470 
30831 14640 17492 15178 
30832 14307 17520 14304 
30833 13250 13649 13263 
30834 14726 17463 17462 
30835 16641 17465 15956 
30836 15125 17492 14638 
30837 16016 17632 17360 
30838 15042 17539 14982 
30839 12819 12821 12820 
30840 12929 17391 16007 
30841 14020 17361 13702 
30842 17382 17383 16205 
30843 14700 17453 14698 
30844 12947 17438 15509 
30845 15501 17512 14335 
30846 15054 17564 16144 
30847 17569 17570 15177 
30848 14692 17506 14690 
30849 13651 14359 14358 
30850 13459 17829 13457 
30851 14442 17489 15503 
30852 14721 17511 14443 
30853 12915 17378 16004 
30854 15784 17534 17532 
30855 12937 17422 14575 
30856 14286 17659 14585 
30857 12815 14267 12817 
30858 15500 17484 14563 
30859 14348 17489 14442 
30860 14335 17512 14231 
30861 12819 13139 12821 
30862 14231 17512 14360 
30863 12923 17396 14569 
30864 13851 17968 13848 
30865 14737 17507 15128 
30866 17517 17518 15788 
30867 17566 17567 15668 
30868 14365 17503 14841 
30869 14473 17576 17367 
30870 16085 17519 14756 
30871 14322 17508 14554 
30872 15019 17496 17495 
30873 15814 17474 15119 
30874 17475 17476 14792 
30875 13241 13256 13255 
30876 15728 17523 17522 
30877 16341 17464 15546 
30878 13273 17583 14227 
30879 14985 17505 14727 
30880 15125 17493 17492 
30881 15899 17511 14721 
30882 15178 17591 14642 
30883 15025 17507 14735 
30884 14567 17520 15504 
30885 12849 17514 14296 
30886 15513 15515 15512 
30887 14716 17527 15755 
30888 17485 17486 14985 
30889 16075 17411 15457 
30890 15076 15785 15075 
30891 14729 17546 17400 
30892 16511 16545 16512 
30893 15038 17474 17266 
30894 14745 17542 14994 
30895 14790 14791 14493 
30896 15128 17517 14739 
30897 14304 17520 14567 
30898 15445 17513 16156 
30899 15187 17556 17312 
30900 14756 17519 14474 
30901 14574 17663 14570 
30902 13484 17814 17658 
30903 17586 17633 15440 
30904 14767 17517 15788 
30905 13056 17530 14218 
30906 13228 13232 13229 
30907 15189 17625 17590 
30908 14333 14334 14036 
30909 13785 17816 13788 
30910 15410 17615 15412 
30911 16016 17360 14928 
30912 12811 12812 12810 
30913 13209 13210 13198 
30914 16664 17500 15360 
30915 16012 17421 13767 
30916 15788 17521 14769 
30917 15607 16268 15606 
30918 15504 17556 14765 
30919 15728 17522 15048 
30920 13582 17688 13585 
30921 15052 17547 14812 
30922 14773 17521 15728 
30923 15081 17541 15079 
30924 15019 17539 17498 
30925 14414 17676 16478 
30926 13103 17562 13106 
30927 13649 15512 13263 
30928 15333 17675 17155 
30929 14470 14974 14311 
30930 14410 17527 14716 
30931 14993 17508 14342 
30932 14360 17512 14871 
30933 14787 17527 14410 
30934 15362 17500 15977 
30935 14812 17547 15500 
30936 13256 13625 13624 
30937 14340 17672 14834 
30938 14806 15017 14807 
30939 15872 16345 16343 
30940 13118 17692 15506 
30941 15784 17532 14991 
30942 15159 17489 14466 
30943 14384 17565 12839 
30944 17484 17679 14990 
30945 14456 17416 15120 
30946 14342 17508 14322 
30947 13637 17528 13487 
30948 15678 17560 16142 
30949 17228 17761 15452 
30950 13489 17528 14255 
30951 15499 17398 13753 
30952 14580 17545 14581 
30953 14706 17368 15357 
30954 17325 17524 17327 
30955 14990 17542 14745 
30956 14577 17427 13761 
30957 15177 17503 14793 
30958 16097 17559 15130 
30959 14040 17526 13874 
30960 15995 17714 15996 
30961 14994 17542 17290 
30962 14789 17535 14595 
30963 14712 17329 14710 
30964 14372 17536 14433 
30965 17421 17684 14191 
30966 14282 14283 14281 
30967 14007 17901 14005 
30968 15994 17369 14922 
30969 15130 17559 16179 
30970 15964 17652 15881 
30971 14708 17368 14706 
30972 14982 17539 15019 
30973 14203 17585 14138 
30974 13887 17575 13885 
30975 15994 17705 17599 
30976 12817 12819 12818 
30977 14590 17537 14593 
30978 15444 17481 15441 
30979 14558 17667 14375 
30980 14765 17556 15187 
30981 13790 17870 13792 
30982 14702 17385 15395 
30983 16139 17560 15678 
30984 15452 17848 16036 
30985 14971 17545 14583 
30986 15380 17376 17054 
30987 15708 17955 15319 
30988 14585 17793 14757 
30989 16013 17558 13281 
30990 17481 17564 15055 
30991 15983 17407 16924 
30992 15506 16234 14389 
30993 14797 15226 15225 
30994 15782 17527 14787 
30995 16716 17615 15410 
30996 13234 13641 13236 
30997 15412 17615 15992 
30998 14578 17684 14582 
30999 13343 17725 13344 
31000 16232 16233 15122 
31001 14854 17566 15668 
31002 15865 16489 16333 
31003 16234 17947 14389 
31004 14675 17550 15011 
31005 15790 17569 15174 
31006 14583 17545 14580 
31007 17435 17758 14244 
31008 15948 17229 15234 
31009 14845 16094 14844 
31010 17402 17507 15025 
31011 15500 17679 17484 
31012 14455 17550 14675 
31013 13196 13200 13199 
31014 13841 17620 13839 
31015 17400 17546 17401 
31016 14672 14806 14673 
31017 13177 17813 17687 
31018 17511 17689 15714 
31019 16143 17572 17571 
31020 15177 17655 17503 
31021 15501 17691 17512 
31022 13421 17865 13419 
31023 15619 17854 15618 
31024 17716 17821 13783 
31025 15174 17569 15177 
31026 14945 17550 14455 
31027 13635 14362 13642 
31028 13686 17762 13684 
31029 15067 17746 15066 
31030 13649 15513 15512 
31031 15755 17566 14854 
31032 14644 17591 17485 
31033 14303 17712 14720 
31034 12815 12817 12816 
31035 14463 14464 14334 
31036 15154 17522 17483 
31037 13864 13872 13866 
31038 17443 17658 17272 
31039 17515 17657 16139 
31040 13177 17687 12916 
31041 13663 14309 13665 
31042 12807 14269 12809 
31043 14190 17562 15510 
31044 14742 17614 14915 
31045 13351 17631 13352 
31046 17593 17650 15453 
31047 13225 13228 13226 
31048 13165 13168 13167 
31049 17495 17536 14615 
31050 17552 17554 17510 
31051 13941 17577 13939 
31052 16024 17573 13275 
31053 14810 17576 14473 
31054 15762 17513 15447 
31055 17378 17654 16004 
31056 16076 17550 14945 
31057 13955 17733 13952 
31058 14933 15683 14932 
31059 17585 17714 15995 
31060 16602 17641 15354 
31061 12811 13133 12813 
31062 15352 17641 16614 
31063 13649 17605 15514 
31064 15395 17453 14700 
31065 14367 14368 14327 
31066 14890 15929 14930 
31067 12843 17565 15508 
31068 17505 17546 14729 
31069 17519 17693 15784 
31070 14102 17577 13941 
31071 17627 17629 17628 
31072 15883 17652 15890 
31073 15396 17457 14696 
31074 17377 17651 16005 
31075 13217 13218 13216 
31076 17000 17847 17807 
31077 14046 17575 13887 
31078 13267 17592 14241 
31079 15815 17683 15978 
31080 17243 17769 15477 
31081 14668 14672 14671 
31082 14719 17571 14784 
31083 14698 17453 15396 
31084 14440 14845 14844 
31085 15973 16546 15925 
31086 15365 17636 15381 
31087 17485 17591 17488 
31088 14656 14658 14657 
31089 14917 17616 14680 
31090 14834 17802 16120 
31091 17512 17691 14871 
31092 15785 16246 15075 
31093 14694 17457 15235 
31094 13839 17620 14039 
31095 17826 17984 17152 
31096 14690 17506 15974 
31097 15899 17689 17511 
31098 15354 17641 15352 
31099 15929 16511 15930 
31100 12809 12810 12808 
31101 13885 17575 17334 
31102 15211 17588 17587 
31103 12837 17551 14294 
31104 13106 17562 14190 
31105 17535 17686 15012 
31106 13615 13639 13616 
31107 15480 17611 15478 
31108 13492 17930 17884 
31109 15977 17636 15365 
31110 13484 17658 13400 
31111 12813 12815 12814 
31112 15881 17652 15883 
31113 15357 17385 14704 
31114 14380 14656 14655 
31115 15235 17506 14692 
31116 14847 17571 14719 
31117 15785 16323 16246 
31118 13247 17605 13250 
31119 14483 15218 14485 
31120 15046 16140 15736 
31121 15477 17863 16037 
31122 17105 17642 17106 
31123 17391 17663 16007 
31124 16143 17571 14847 
31125 14489 17677 15973 
31126 16215 17481 15444 
31127 14879 18081 14412 
31128 14664 14666 14665 
31129 15613 17869 14849 
31130 17489 17700 15503 
31131 17289 17657 17515 
31132 14666 14668 14667 
31133 17109 17897 17861 
31134 17550 17723 15011 
31135 13754 17716 13783 
31136 15499 17676 17398 
31137 16018 17909 17831 
31138 13703 17677 13843 
31139 14968 15075 14967 
31140 16085 17693 17519 
31141 14240 17581 13680 
31142 14660 14664 14663 
31143 13534 17781 13537 
31144 16057 17635 14591 
31145 14357 17643 16055 
31146 16038 17583 13269 
31147 13223 13225 13224 
31148 17638 17639 16084 
31149 17662 17665 17452 
31150 14167 17918 16491 
31151 13939 17577 17350 
31152 14313 17618 14197 
31153 15159 17700 17489 
31154 12811 12813 12812 
31155 12807 12808 12806 
31156 13225 13597 13228 
31157 13667 14957 14469 
31158 13382 17756 13494 
31159 17252 17941 16003 
31160 14341 17617 14199 
31161 16872 17923 15623 
31162 12799 15615 12801 
31163 14452 14967 14451 
31164 13215 13216 13214 
31165 15031 16159 16117 
31166 17396 17687 16019 
31167 14942 17842 16028 
31168 14658 14660 14659 
31169 14591 17635 17537 
31170 14464 14933 14932 
31171 17526 17620 13841 
31172 15476 15767 15766 
31173 13124 17717 15531 
31174 17170 17965 17169 
31175 15292 17368 14708 
31176 13768 17751 13782 
31177 16012 17684 17421 
31178 13400 17658 13402 
31179 15797 17703 17392 
31180 13413 17682 13596 
31181 14915 17807 14916 
31182 17090 17694 17091 
31183 13609 17343 13611 
31184 17574 17725 13343 
31185 14330 17929 17882 
31186 14075 17681 13467 
31187 17257 17758 17435 
31188 13822 17888 13824 
31189 16753 18109 16754 
31190 16076 17723 17550 
31191 15254 17752 15958 
31192 15208 17587 16137 
31193 17340 17666 17301 
31194 12803 12834 12805 
31195 14946 17622 14472 
31196 13592 17962 13590 
31197 13455 17885 13453 
31198 14464 14932 14334 
31199 13402 17658 17443 
31200 13168 13182 13180 
31201 15383 17695 16603 
31202 13680 17581 13678 
31203 15211 17587 15208 
31204 13052 17769 17530 
31205 13213 13214 13212 
31206 17428 17666 13965 
31207 17412 17659 14196 
31208 17216 17822 13102 
31209 15097 18065 15098 
31210 13333 17664 17437 
31211 15817 17683 15815 
31212 15860 17686 17535 
31213 14478 14479 14439 
31214 12918 17687 17396 
31215 13192 13601 13190 
31216 13585 14955 14954 
31217 13062 17678 17441 
31218 17825 17884 17123 
31219 15507 17638 16084 
31220 13182 13196 13185 
31221 17660 17661 17452 
31222 17445 17660 17444 
31223 15756 15757 15532 
31224 15205 17718 17406 
31225 12809 12811 12810 
31226 12805 12806 12804 
31227 14364 14380 14379 
31228 17452 17665 17451 
31229 14489 15973 15925 
31230 17282 17716 17427 
31231 17444 17660 14825 
31232 15066 17746 17580 
31233 14243 17751 13770 
31234 15512 17592 13263 
31235 17451 17665 14782 
31236 15531 15532 14274 
31237 14961 17831 17215 
31238 17455 17670 17454 
31239 17599 17705 13938 
31240 17430 17672 14198 
31241 13221 13223 13222 
31242 15975 17632 16794 
31243 16090 17789 15089 
31244 17670 17671 17463 
31245 14672 15754 14806 
31246 17603 17733 13955 
31247 12916 17687 12918 
31248 17454 17670 14726 
31249 15247 17752 15251 
31250 15534 17794 15635 
31251 17668 17669 17557 
31252 15332 17674 14817 
31253 16010 17659 17412 
31254 15368 17757 16602 
31255 15591 17664 17359 
31256 14777 17673 15211 
31257 13585 17688 14955 
31258 16576 17757 15370 
31259 17392 17703 16121 
31260 13219 13249 13221 
31261 14648 16045 15060 
31262 14981 17877 15305 
31263 17072 17715 17352 
31264 13219 13221 13220 
31265 16122 17732 17459 
31266 15381 17695 15383 
31267 17122 17930 17121 
31268 13676 17502 13625 
31269 14315 17932 14011 
31270 15282 17329 14712 
31271 15442 17685 15443 
31272 13947 17698 17349 
31273 17352 17715 13098 
31274 15179 17576 14810 
31275 17263 17763 14137 
31276 13794 17914 13796 
31277 13112 15961 13675 
31278 14890 14930 14415 
31279 17345 17701 13549 
31280 16515 16516 14475 
31281 17627 17628 15519 
31282 17427 17716 13756 
31283 17459 17732 15045 
31284 13149 18095 17189 
31285 14212 17651 14139 
31286 14784 17954 17911 
31287 17406 17718 17326 
31288 14961 17667 14558 
31289 16014 17672 17430 
31290 17558 17712 14219 
31291 14222 17654 14169 
31292 17706 17708 17707 
31293 17673 17810 15211 
31294 17184 17896 17185 
31295 17337 17657 17289 
31296 12713 18375 939 
31297 17349 17698 17193 
31298 940 18375 12670 
31299 13624 17502 13652 
31300 14554 17673 14777 
31301 17468 17697 13743 
31302 15597 17697 17468 
31303 14359 14451 14358 
31304 14196 17659 14286 
31305 17139 17918 15367 
31306 13211 13212 13210 
31307 15017 17619 15046 
31308 13208 13240 13207 
31309 14967 15077 14451 
31310 12782 12783 12781 
31311 12807 12809 12808 
31312 14555 17786 17714 
31313 14917 17862 17191 
31314 15079 17541 15179 
31315 15890 17787 15885 
31316 15930 15931 14930 
31317 17410 17750 13315 
31318 17358 17678 13062 
31319 17508 17673 14554 
31320 15887 17787 15891 
31321 15219 16320 15220 
31322 13537 17781 17607 
31323 17437 17664 17297 
31324 14570 17663 14181 
31325 14664 15059 14666 
31326 13965 17666 17340 
31327 15824 17780 15821 
31328 13291 17726 17490 
31329 17570 17655 15177 
31330 14825 17660 17452 
31331 13523 17761 17424 
31332 13581 17688 13582 
31333 13389 18091 17594 
31334 13200 13230 13203 
31335 17658 17814 17272 
31336 14198 17672 14340 
31337 12905 17753 17434 
31338 14344 14345 14285 
31339 17578 17826 17152 
31340 17156 17701 17345 
31341 16027 17696 14932 
31342 13756 17716 13754 
31343 17359 17664 13333 
31344 12797 12798 12795 
31345 12845 17713 17514 
31346 15539 17666 17428 
31347 13217 13219 13218 
31348 14944 17879 16029 
31349 14782 17665 17455 
31350 14658 14876 14660 
31351 14288 17622 14020 
31352 12803 12804 12802 
31353 16044 17897 15487 
31354 15504 17668 17557 
31355 17480 17736 15125 
31356 12805 12807 12806 
31357 16013 17712 17558 
31358 14265 17610 12825 
31359 17501 17771 15496 
31360 13565 17764 17425 
31361 13250 17605 13649 
31362 14726 17670 17463 
31363 14170 17676 14414 
31364 13320 17826 13323 
31365 13832 17742 14033 
31366 16008 17800 16278 
31367 15503 17700 16292 
31368 14878 15909 14879 
31369 13868 14275 13870 
31370 12825 17610 12827 
31371 17291 17698 13947 
31372 14962 17831 14961 
31373 16596 17792 17101 
31374 12827 17610 13145 
31375 17441 17678 17318 
31376 17509 17673 17508 
31377 15513 17613 15515 
31378 14871 17691 15801 
31379 14990 17679 17543 
31380 16335 17875 15212 
31381 14362 14878 14412 
31382 14191 17684 14578 
31383 15596 17678 17358 
31384 17636 17695 15381 
31385 17548 17679 15500 
31386 16511 16512 15930 
31387 15992 17808 15414 
31388 15714 17689 16178 
31389 13098 17715 17216 
31390 17592 17768 14241 
31391 13611 17343 13615 
31392 17477 17736 17480 
31393 13549 17701 17292 
31394 15012 17686 17445 
31395 14668 17656 14672 
31396 17040 17779 15713 
31397 15819 17743 15817 
31398 15474 15475 14363 
31399 13213 13244 13215 
31400 17107 17737 17108 
31401 14407 15028 14408 
31402 16134 17691 15501 
31403 13305 17774 17461 
31404 13770 17751 13768 
31405 13414 17815 13481 
31406 15263 17597 15265 
31407 14384 17745 17565 
31408 14244 17815 13412 
31409 14791 15606 15604 
31410 17180 17763 17263 
31411 15929 15930 14930 
31412 13425 17928 13423 
31413 15519 17613 15516 
31414 14576 17762 13689 
31415 12792 12794 12793 
31416 15178 17777 17591 
31417 13952 17733 13951 
31418 14472 17622 14288 
31419 14575 17772 16098 
31420 17723 17724 16154 
31421 15774 16172 15775 
31422 17304 17772 17422 
31423 14459 14861 14781 
31424 14036 17696 14016 
31425 13670 17801 16723 
31426 13879 14025 14024 
31427 16943 17992 16944 
31428 17685 17754 15446 
31429 17473 17778 13733 
31430 16603 17811 15699 
31431 15701 17811 16588 
31432 15160 15613 14849 
31433 17490 17726 17324 
31434 15516 17613 15513 
31435 12801 12802 12800 
31436 16285 17700 15159 
31437 13639 13660 13640 
31438 16785 18321 15282 
31439 17381 17697 17330 
31440 14463 17623 14464 
31441 14918 17862 14917 
31442 12855 17771 17501 
31443 14020 17622 17361 
31444 12823 17626 14265 
31445 12803 12805 12804 
31446 15784 17693 17534 
31447 15370 17757 15368 
31448 15508 17713 12845 
31449 15646 17791 16753 
31450 15544 17979 17115 
31451 16517 16557 16516 
31452 16564 17820 15378 
31453 15376 17820 16576 
31454 17565 17745 15508 
31455 13362 17825 13365 
31456 13344 17725 13347 
31457 13381 17756 13382 
31458 15283 17868 17098 
31459 13608 17637 13609 
31460 13215 13217 13216 
31461 15022 17807 16003 
31462 13614 13650 13608 
31463 13365 17825 17332 
31464 17848 17908 16036 
31465 17313 17703 15797 
31466 14553 17714 17585 
31467 15250 15620 15248 
31468 13236 17624 13247 
31469 17431 17726 13291 
31470 15122 17623 14463 
31471 15483 17728 17611 
31472 15518 17627 15519 
31473 16656 17699 17380 
31474 17666 17824 17301 
31475 17739 17740 17395 
31476 17687 17813 16019 
31477 13494 17830 13384 
31478 13323 17826 17578 
31479 15512 17768 17592 
31480 14791 15604 14493 
31481 12821 17626 12823 
31482 17509 17810 17673 
31483 12796 12829 12797 
31484 14893 17801 14279 
31485 16954 17992 13138 
31486 17995 18040 14949 
31487 13139 17626 12821 
31488 13593 13614 13608 
31489 15817 17743 17683 
31490 15270 17597 15263 
31491 14219 17712 14303 
31492 15671 17903 14661 
31493 13743 17697 17381 
31494 15011 17723 16154 
31495 17530 17769 17243 
31496 17422 17772 14575 
31497 13651 14358 14357 
31498 12794 12796 12795 
31499 17395 17718 15205 
31500 15606 16601 15604 
31501 15070 17746 15067 
31502 13213 13215 13214 
31503 17659 17793 14585 
31504 14309 14420 14310 
31505 13689 17762 13686 
31506 17514 17713 15497 
31507 17022 17796 17021 
31508 13347 17878 13348 
31509 16939 18000 16940 
31510 15522 17828 16627 
31511 13315 17750 17447 
31512 13625 17502 13624 
31513 13772 17833 14243 
31514 15073 17860 15074 
31515 13781 17833 13774 
31516 15215 17606 15108 
31517 17380 17699 13381 
31518 13118 15506 14389 
31519 13388 17839 13391 
31520 17282 17821 17716 
31521 15539 17824 17666 
31522 15136 17892 15134 
31523 13606 17784 13463 
31524 17672 17802 14834 
31525 14358 14799 14357 
31526 17314 17788 17577 
31527 17053 17758 17257 
31528 15071 17883 15070 
31529 13230 13245 13231 
31530 14032 14282 14281 
31531 15825 17845 16589 
31532 16001 17702 16002 
31533 15821 17780 15819 
31534 13614 13651 13650 
31535 14267 17634 12817 
31536 13207 13209 13198 
31537 13449 17952 13447 
31538 14753 17702 17618 
31539 16168 17627 15518 
31540 12801 12803 12802 
31541 15237 15238 15006 
31542 15938 16572 14893 
31543 15885 17787 15887 
31544 12796 12797 12795 
31545 13651 14357 13650 
31546 14836 17729 17617 
31547 15091 16091 16090 
31548 17434 17753 17172 
31549 13641 17624 13236 
31550 15086 17789 15085 
31551 13245 13258 13246 
31552 17388 17788 15605 
31553 17277 17688 13581 
31554 17195 17750 17410 
31555 17753 17840 15608 
31556 16942 18113 13784 
31557 17171 18137 17631 
31558 17110 17775 16031 
31559 13197 13198 13195 
31560 14586 17794 17575 
31561 15448 17773 15449 
31562 15901 16335 15212 
31563 16586 17969 15419 
31564 15125 17736 17493 
31565 15046 17619 16140 
31566 12819 17634 13139 
31567 16881 17983 15626 
31568 15254 15958 15707 
31569 13211 13213 13212 
31570 17353 17761 13523 
31571 16944 18000 14073 
31572 17707 17709 14876 
31573 13533 17781 13534 
31574 12799 12800 12798 
31575 17863 17906 16037 
31576 15265 17597 16389 
31577 14201 17728 15529 
31578 16569 17845 15827 
31579 14565 18013 17953 
31580 17159 17966 17733 
31581 17190 18119 13634 
31582 18161 18169 15042 
31583 15506 16235 16234 
31584 13247 17624 17605 
31585 17638 17803 17639 
31586 12817 17634 12819 
31587 17543 17799 17798 
31588 15999 17729 16000 
31589 15394 17912 16619 
31590 13241 13255 13240 
31591 15598 17726 17431 
31592 14956 17745 14384 
31593 13194 13195 13192 
31594 14027 17812 17093 
31595 17424 17761 17228 
31596 14334 17696 14036 
31597 15756 16231 15757 
31598 17370 17753 12905 
31599 17351 17769 13052 
31600 17109 17861 15529 
31601 15301 17818 16756 
31602 13170 14266 12829 
31603 17292 17856 13553 
31604 17645 17646 17644 
31605 16010 17793 17659 
31606 12792 12793 12791 
31607 17425 17764 17217 
31608 16018 17831 14965 
31609 12815 17680 14267 
31610 17591 17777 17488 
31611 17575 17794 17334 
31612 17699 17756 13381 
31613 13209 13211 13210 
31614 14363 14364 13653 
31615 13395 18068 13393 
31616 15996 17786 16752 
31617 14566 17790 17651 
31618 15845 15846 15780 
31619 13256 13624 13255 
31620 12799 12801 12800 
31621 16014 17802 17672 
31622 15397 17873 16564 
31623 14957 14958 14469 
31624 13733 17778 17306 
31625 14273 14407 14312 
31626 15955 17873 15399 
31627 13683 17985 13685 
31628 17708 17711 17707 
31629 14279 17801 13670 
31630 15531 15756 15532 
31631 15819 17780 17743 
31632 13390 17797 13389 
31633 17475 17731 17476 
31634 17630 17924 13231 
31635 15108 17606 15110 
31636 13492 17884 13358 
31637 15591 17842 17664 
31638 17163 17778 17473 
31639 17194 18146 17812 
31640 13800 17975 13802 
31641 13124 15531 14274 
31642 17461 17774 17208 
31643 14850 17704 15706 
31644 16588 17871 15848 
31645 12788 12789 12787 
31646 17516 17771 12855 
31647 15850 17871 16127 
31648 17577 17788 17350 
31649 16233 17623 15122 
31650 13187 13189 13188 
31651 17394 17739 17395 
31652 12790 12791 12789 
31653 15110 17606 15219 
31654 15414 17808 15520 
31655 17618 17702 16001 
31656 15045 17731 17475 
31657 16016 17972 17230 
31658 828 12631 829 
31659 17773 18121 15764 
31660 14364 14805 14380 
31661 17600 17878 13347 
31662 17604 17764 13565 
31663 12786 12787 12785 
31664 17662 17836 17665 
31665 14799 17645 17644 
31666 14574 17800 17663 
31667 17831 17909 17215 
31668 12784 12785 12783 
31669 17664 17842 17297 
31670 16005 17790 16006 
31671 17761 17848 15452 
31672 14672 17656 15754 
31673 17493 17744 17492 
31674 13133 17680 12813 
31675 17350 17788 17388 
31676 16362 16370 16361 
31677 17302 17739 17394 
31678 14025 14038 14026 
31679 17595 17774 13305 
31680 14656 17706 14658 
31681 15515 17768 15512 
31682 14330 17882 14236 
31683 13209 14951 13211 
31684 15699 17811 15701 
31685 14200 17861 16011 
31686 17611 17728 14201 
31687 16011 17793 16010 
31688 16019 17813 17331 
31689 17116 18114 18084 
31690 13191 13192 13190 
31691 13614 17809 17286 
31692 15246 17951 16688 
31693 16852 18030 14053 
31694 15764 18151 15765 
31695 12797 12799 12798 
31696 16900 18140 17066 
31697 16009 17772 17304 
31698 17713 17843 16083 
31699 13847 17968 16643 
31700 13412 17815 13414 
31701 17492 17744 15178 
31702 14269 17690 12809 
31703 12811 17690 13133 
31704 12813 17680 12815 
31705 14916 17807 15022 
31706 17651 17790 16005 
31707 13650 17637 13608 
31708 17617 17729 15999 
31709 17439 17899 16984 
31710 13622 13655 13654 
31711 15651 17899 17439 
31712 17517 17765 17518 
31713 17462 17803 14649 
31714 13652 13653 13633 
31715 13301 17900 17595 
31716 13481 17898 13416 
31717 17356 17868 15283 
31718 15140 17943 15139 
31719 16007 17800 16008 
31720 17665 17836 17455 
31721 13418 17898 14246 
31722 16017 17813 13177 
31723 13197 13207 13198 
31724 15128 17765 17517 
31725 16015 17802 16014 
31726 13194 13197 13195 
31727 15597 17872 17697 
31728 827 17735 828 
31729 15045 17732 17731 
31730 17334 17794 15534 
31731 12794 12795 12793 
31732 17146 17856 17292 
31733 829 17741 830 
31734 13191 13194 13192 
31735 1001 12596 1002 
31736 17272 17814 15642 
31737 13445 17982 13443 
31738 17769 17863 15477 
31739 15217 15865 15215 
31740 12807 17721 14269 
31741 15689 17859 15596 
31742 17138 17960 17139 
31743 13784 17816 13785 
31744 17668 17819 17669 
31745 997 17748 998 
31746 15754 17720 17719 
31747 17663 17800 16007 
31748 1000 17730 1001 
31749 15829 17902 16569 
31750 16202 16540 15772 
31751 14932 17696 14334 
31752 14799 17643 14357 
31753 15378 17820 15376 
31754 17984 18025 17152 
31755 13624 13633 13255 
31756 17697 17872 17330 
31757 15959 17902 15831 
31758 17463 17803 17462 
31759 14861 15858 15182 
31760 17788 17903 15605 
31761 13189 13191 13190 
31762 14649 17803 17638 
31763 13491 17913 13394 
31764 16023 17771 17516 
31765 15070 17883 17642 
31766 15274 15275 15273 
31767 14005 17827 14003 
31768 15091 16090 15089 
31769 999 12716 1000 
31770 1002 17738 1003 
31771 13828 17823 14071 
31772 17389 17804 14314 
31773 16627 17907 15592 
31774 12773 15170 12771 
31775 15987 17912 15389 
31776 15594 17907 16609 
31777 15391 17912 15394 
31778 17707 17710 17709 
31779 13652 14363 13653 
31780 826 12715 827 
31781 15476 15766 15475 
31782 16572 17801 14893 
31783 17293 17970 17917 
31784 12809 17690 12811 
31785 13659 14367 14327 
31786 15928 17915 14969 
31787 15401 17916 15955 
31788 17536 17819 14433 
31789 17987 18043 15052 
31790 16078 16543 16474 
31791 17299 17961 17900 
31792 1003 12717 1004 
31793 830 12714 831 
31794 14784 17911 14319 
31795 15765 18164 16181 
31796 14806 17719 15017 
31797 14370 14478 14439 
31798 13398 17922 13484 
31799 12834 17721 12805 
31800 13776 17919 13781 
31801 14440 17804 14845 
31802 13360 17825 13362 
31803 13189 13190 13188 
31804 17678 17859 17318 
31805 996 12654 997 
31806 12791 14277 12789 
31807 995 17747 996 
31808 13891 18175 17194 
31809 15796 16698 16697 
31810 17543 17798 17542 
31811 14072 17829 13459 
31812 16045 16046 15060 
31813 15614 17832 17052 
31814 17714 17786 15996 
31815 15596 17859 17678 
31816 15766 15772 15475 
31817 17726 17879 17324 
31818 15615 17734 12801 
31819 13609 17637 17343 
31820 13639 13667 13660 
31821 15211 17810 17588 
31822 16758 18076 13583 
31823 13005 18026 13150 
31824 15107 15217 15215 
31825 13384 17830 13386 
31826 14066 18026 13007 
31827 14885 17926 14897 
31828 16017 17877 17813 
31829 15769 16184 15767 
31830 13319 17826 13320 
31831 15520 17828 15522 
31832 17301 17824 14824 
31833 15629 18029 16810 
31834 15935 17926 14884 
31835 13774 17833 13772 
31836 16018 17991 17224 
31837 15677 17821 17282 
31838 13150 18031 13003 
31839 13804 18011 13806 
31840 13888 18148 13891 
31841 14283 14344 14285 
31842 17169 17965 17878 
31843 13001 18031 17083 
31844 15754 17719 14806 
31845 15971 18118 17858 
31846 16030 17954 16171 
31847 14270 17866 17342 
31848 13141 13151 13147 
31849 13624 13652 13633 
31850 16159 16160 16117 
31851 16039 17967 14902 
31852 16127 17927 16124 
31853 13186 17727 13187 
31854 15529 17861 17417 
31855 15017 17719 17619 
31856 13667 14376 13660 
31857 13786 17934 13780 
31858 16548 17933 15422 
31859 15059 17760 17759 
31860 17808 17828 15520 
31861 15180 17937 16296 
31862 16883 18045 15628 
31863 12805 17721 12807 
31864 13102 17822 17562 
31865 17542 17798 17290 
31866 15617 17824 15539 
31867 14415 17866 14270 
31868 13386 17839 13388 
31869 14491 17893 17409 
31870 17781 17917 16035 
31871 14451 17722 14358 
31872 1006 12652 1007 
31873 14314 17804 14440 
31874 15598 17879 17726 
31875 12995 18041 13159 
31876 14469 14818 14376 
31877 12803 17734 12834 
31878 13667 14469 14376 
31879 14062 18041 12997 
31880 17882 17929 16028 
31881 17884 17930 17123 
31882 17294 17935 13557 
31883 14799 17644 17643 
31884 12799 17782 15615 
31885 14658 17706 14876 
31886 17497 17819 17536 
31887 16155 17971 14986 
31888 17314 17903 17788 
31889 15226 16269 16080 
31890 17842 17882 16028 
31891 15766 16202 15772 
31892 17709 17767 14876 
31893 13667 17880 14957 
31894 13441 18018 13439 
31895 16951 17847 17000 
31896 13187 13188 13184 
31897 14897 17942 14887 
31898 14965 17831 14962 
31899 15833 17945 15959 
31900 15827 17845 15825 
31901 17813 17877 17331 
31902 15216 16484 15851 
31903 832 12655 833 
31904 17002 17864 15621 
31905 14850 15216 15160 
31906 15163 17906 17729 
31907 17803 17905 17639 
31908 17744 17777 15178 
31909 16878 17858 16879 
31910 16003 17941 15372 
31911 15618 17854 16686 
31912 15236 17860 15073 
31913 14666 17759 14668 
31914 15622 17872 15597 
31915 14025 15625 14038 
31916 17353 17848 17761 
31917 15077 17722 14451 
31918 13159 18054 12993 
31919 833 17776 834 
31920 17148 17935 17294 
31921 12991 18054 17073 
31922 14344 14850 14849 
31923 12829 17782 12797 
31924 823 12653 824 
31925 13492 17993 17127 
31926 17231 17809 13591 
31927 15814 17925 17474 
31928 16784 18008 13210 
31929 14358 17722 14799 
31930 13419 17865 14057 
31931 18130 18166 16026 
31932 834 12719 835 
31933 15059 17759 14666 
31934 16333 17889 17606 
31935 14433 17819 17668 
31936 17527 17817 15755 
31937 14660 17767 14664 
31938 14992 17908 17702 
31939 14668 17759 17656 
31940 17830 17839 13386 
31941 17159 18023 17966 
31942 17545 17948 14581 
31943 15226 16080 15758 
31944 16803 18207 17818 
31945 17351 17863 17769 
31946 14096 17870 13790 
31947 15659 16070 15657 
31948 14664 17767 15059 
31949 835 17795 836 
31950 994 17749 995 
31951 13422 17964 13476 
31952 14246 17964 13420 
31953 14300 17840 17370 
31954 17293 17917 17362 
31955 14485 17857 14797 
31956 14437 16073 15061 
31957 14344 14849 14345 
31958 17370 17840 17753 
31959 13198 18008 13195 
31960 14876 17767 14660 
31961 14799 17722 17645 
31962 17595 17900 16033 
31963 12781 13242 12779 
31964 17297 17842 14942 
31965 14266 17782 12829 
31966 15782 17817 17527 
31967 16549 17963 15840 
31968 836 12665 837 
31969 16017 17953 17256 
31970 14493 17893 14491 
31971 17299 17900 17397 
31972 16985 18053 16988 
31973 15508 17843 17713 
31974 15217 16347 15865 
31975 17150 18010 17300 
31976 15425 17874 15971 
31977 13553 17856 17294 
31978 14347 15131 14462 
31979 12801 17734 12803 
31980 13663 17867 14309 
31981 15848 17871 15850 
31982 17573 17876 14208 
31983 15399 17873 15397 
31984 14367 14877 14368 
31985 12985 18066 17042 
31986 17879 17911 16029 
31987 16705 17938 13644 
31988 14309 14648 14420 
31989 14648 15043 14420 
31990 15492 17974 16548 
31991 14744 15237 15006 
31992 15218 17857 14485 
31993 13174 18066 12987 
31994 14921 17862 14918 
31995 16541 17974 15494 
31996 13661 17867 13663 
31997 14282 17704 14283 
31998 17911 17954 16029 
31999 17474 17925 16992 
32000 13808 18055 13810 
32001 17463 17905 17803 
32002 15101 18065 17834 
32003 12797 17782 12799 
32004 13583 17891 13580 
32005 15774 15775 15771 
32006 13866 17770 13868 
32007 17953 18013 17256 
32008 14797 17857 15226 
32009 17707 17711 17710 
32010 15403 17972 16016 
32011 822 17783 823 
32012 14208 17876 17633 
32013 17706 17806 17708 
32014 13591 17809 13593 
32015 16002 17848 17353 
32016 15217 16348 16347 
32017 15458 17986 15644 
32018 17318 17859 14725 
32019 13360 17884 17825 
32020 1008 12720 1009 
32021 14470 15041 14974 
32022 17706 17707 14876 
32023 13872 17770 13866 
32024 13356 17993 13492 
32025 16071 18382 18381 
32026 17709 17950 17767 
32027 15060 16141 15043 
32028 17562 17822 15510 
32029 12787 13166 12785 
32030 17670 17835 17671 
32031 13605 17885 13455 
32032 15624 18084 16063 
32033 16191 17890 15236 
32034 17417 17861 14200 
32035 13824 17888 14308 
32036 16004 17953 16017 
32037 13437 18061 13435 
32038 14380 17806 14656 
32039 15101 17834 15103 
32040 16783 17868 17356 
32041 14857 15845 15780 
32042 14648 15060 15043 
32043 15645 17986 15460 
32044 13610 17904 13594 
32045 15028 15029 14408 
32046 13870 17841 13879 
32047 16000 17863 17351 
32048 13358 17884 13360 
32049 13533 17917 17781 
32050 14300 17894 17840 
32051 17767 17950 15059 
32052 15931 17866 14930 
32053 14850 15160 14849 
32054 13348 17878 13351 
32055 15236 17890 17860 
32056 14236 17882 15591 
32057 18151 18164 15765 
32058 16027 17901 17696 
32059 16725 17944 15280 
32060 17171 18150 18137 
32061 17900 17961 16033 
32062 17330 17872 14889 
32063 14946 17896 17622 
32064 13163 18083 12981 
32065 12979 18083 17025 
32066 15341 18356 16655 
32067 17696 17901 14016 
32068 16048 18044 14952 
32069 993 12683 994 
32070 15175 18046 16050 
32071 16587 18030 16586 
32072 15462 17998 15645 
32073 14478 15212 14479 
32074 15074 17883 15071 
32075 15487 17897 17109 
32076 15638 18088 15637 
32077 15648 17998 15464 
32078 15139 17892 15136 
32079 821 12718 822 
32080 15419 17969 16727 
32081 17300 18010 13561 
32082 16727 17969 13623 
32083 13593 17809 13614 
32084 14407 14408 14312 
32085 15710 18389 15708 
32086 13416 17898 13418 
32087 15842 17994 16549 
32088 16539 17994 16110 
32089 17324 17879 14944 
32090 15216 15851 15160 
32091 13729 18019 13726 
32092 17331 17877 14981 
32093 16586 18030 17969 
32094 15407 17991 16018 
32095 15639 18090 16830 
32096 15671 17937 17903 
32097 17981 18039 15998 
32098 14016 17901 14007 
32099 17455 17835 17670 
32100 16491 18349 14168 
32101 16534 18002 15526 
32102 15831 17902 15829 
32103 15524 18002 16541 
32104 13207 17785 13209 
32105 17309 17899 15651 
32106 17745 17843 15508 
32107 13209 17785 14951 
32108 14948 17995 14949 
32109 16002 17908 17848 
32110 13725 18028 13722 
32111 17361 17896 17184 
32112 15530 17894 14300 
32113 14364 17805 14805 
32114 15319 17955 16787 
32115 15901 16510 16335 
32116 17917 17970 16035 
32117 15466 18015 15648 
32118 14930 17866 14415 
32119 17967 17970 14446 
32120 15767 17838 15766 
32121 14363 17805 14364 
32122 15226 17857 16269 
32123 17622 17896 17361 
32124 16000 17906 17863 
32125 15547 18024 16340 
32126 15939 16485 15909 
32127 13789 18016 13877 
32128 13695 18012 14576 
32129 16787 18392 14147 
32130 13812 18082 13814 
32131 13721 18036 13718 
32132 13709 18012 13699 
32133 13116 18032 15952 
32134 15290 17920 16801 
32135 14275 17841 13870 
32136 14656 17806 17706 
32137 1010 12663 1011 
32138 13868 17770 14275 
32139 13476 18017 13424 
32140 17733 17966 13951 
32141 17692 17939 15506 
32142 16024 17876 17573 
32143 13426 18017 14249 
32144 16259 16260 16258 
32145 15592 17907 15594 
32146 17455 17836 17835 
32147 16478 17910 15928 
32148 17397 17900 13301 
32149 14950 17987 15052 
32150 14034 17914 13794 
32151 16338 18024 15549 
32152 13879 17841 14025 
32153 17464 18015 15468 
32154 13394 17913 13396 
32155 15623 17923 16875 
32156 12973 18097 13158 
32157 14059 18097 12975 
32158 13433 18086 13431 
32159 15551 18027 16338 
32160 15248 17951 15246 
32161 15389 17912 15391 
32162 15921 18027 15553 
32163 17676 17936 16478 
32164 15367 17918 14167 
32165 14272 18039 17981 
32166 13240 17785 13207 
32167 12777 14276 12775 
32168 14805 17806 14380 
32169 13165 13179 13168 
32170 15420 17916 15401 
32171 14565 17953 17654 
32172 14319 17911 15598 
32173 15555 18034 15921 
32174 13778 17919 13776 
32175 14247 18035 13793 
32176 14969 17915 15622 
32177 16075 17957 17411 
32178 14661 17903 17314 
32179 13259 14272 13258 
32180 17215 17909 16906 
32181 14467 18057 14829 
32182 14283 17704 14344 
32183 16334 18037 15559 
32184 15506 17939 16235 
32185 17429 18014 15876 
32186 15668 18060 14855 
32187 16044 17988 17897 
32188 13396 17922 13398 
32189 14889 18052 15935 
32190 16112 18038 16539 
32191 16533 18038 16114 
32192 13260 17981 13622 
32193 17362 17917 13533 
32194 819 12664 820 
32195 14648 17867 16045 
32196 13655 14329 14328 
32197 15540 18048 16534 
32198 17671 17905 17463 
32199 16530 18048 15542 
32200 15591 17882 17842 
32201 15561 18049 16334 
32202 17123 17930 17122 
32203 15473 18183 15963 
32204 15916 18049 15563 
32205 14480 17932 14315 
32206 15031 16117 15712 
32207 16643 18069 16661 
32208 13423 17928 13602 
32209 14309 17867 14648 
32210 13158 18107 12971 
32211 17065 18122 17068 
32212 12969 18107 14055 
32213 16124 17927 16126 
32214 15029 15030 14408 
32215 13196 13201 13200 
32216 14478 15627 15212 
32217 14884 17926 14885 
32218 14676 17971 17961 
32219 17805 17996 14805 
32220 15846 16254 15898 
32221 15475 17805 14363 
32222 13675 17939 17692 
32223 17913 17922 13396 
32224 16021 16538 15634 
32225 15604 17893 14493 
32226 15237 15870 15238 
32227 16044 18087 17988 
32228 15565 18058 15916 
32229 18133 18145 17643 
32230 14389 17947 17717 
32231 17572 17980 17571 
32232 16028 17929 17390 
32233 13780 17934 13778 
32234 14367 15633 14877 
32235 16034 17970 17967 
32236 15640 18112 16832 
32237 16184 17838 15767 
32238 16117 16336 15712 
32239 18060 18074 16050 
32240 14878 15939 15909 
32241 15422 17933 15420 
32242 14841 17929 14330 
32243 16155 18040 17995 
32244 15627 16520 15901 
32245 17143 18309 17142 
32246 15978 17925 15814 
32247 15915 18064 15569 
32248 15309 18396 16998 
32249 15029 15031 15030 
32250 14974 18039 14311 
32251 15633 15634 14877 
32252 17908 18022 16036 
32253 16915 18014 17429 
32254 18005 18006 15172 
32255 17717 17947 15531 
32256 17966 18023 16041 
32257 15605 17937 15180 
32258 16043 18025 17984 
32259 15420 17933 17916 
32260 13778 17934 17919 
32261 16660 18248 14275 
32262 14887 17942 14966 
32263 13783 17940 15499 
32264 16736 18165 15307 
32265 15291 17943 15140 
32266 15835 17945 15833 
32267 16961 17959 15284 
32268 14137 18095 12818 
32269 13590 17962 13595 
32270 15280 17944 16078 
32271 17821 17940 13783 
32272 16056 18093 15003 
32273 13557 17935 17300 
32274 15633 16021 15634 
32275 13319 17984 17826 
32276 16348 16349 16347 
32277 15031 15712 15030 
32278 14065 17952 13449 
32279 15531 17947 15756 
32280 15372 17941 15960 
32281 13430 18073 13475 
32282 14249 18073 13428 
32283 16126 17949 16481 
32284 15571 18071 15915 
32285 16506 18351 16863 
32286 17961 17971 16032 
32287 14581 17948 16071 
32288 17878 17965 13351 
32289 15598 17911 17879 
32290 16537 18193 16957 
32291 16800 18249 17920 
32292 18102 18136 15010 
32293 18056 18130 16026 
32294 16146 18070 16533 
32295 16822 17956 16821 
32296 16529 18070 16148 
32297 16048 18067 18057 
32298 828 17735 12631 
32299 17702 17908 16002 
32300 12791 17846 14277 
32301 16362 16371 16370 
32302 12631 17741 829 
32303 14992 18022 17908 
32304 16039 18043 17987 
32305 16521 18075 15602 
32306 15276 15277 15275 
32307 15772 17805 15475 
32308 15600 18075 16530 
32309 15606 18001 16601 
32310 12816 18095 13149 
32311 17956 18129 15976 
32312 15986 16319 15858 
32313 14446 17970 17293 
32314 12793 17846 12791 
32315 15914 18077 15576 
32316 15093 18152 15094 
32317 17729 17906 16000 
32318 15627 15901 15212 
32319 17927 17949 16126 
32320 18084 18114 14955 
32321 13644 17938 13659 
32322 17061 18340 15910 
32323 17319 18072 15880 
32324 13795 18079 14247 
32325 13876 18079 13797 
32326 13633 17855 13255 
32327 17194 18175 18146 
32328 14676 17961 17299 
32329 13848 17968 13847 
32330 17834 18065 16348 
32331 15103 17834 15107 
32332 14344 17704 14850 
32333 13615 17880 13639 
32334 14368 17931 14370 
32335 14470 15631 15041 
32336 16940 18422 13144 
32337 17140 17960 17138 
32338 15766 17838 16202 
32339 13255 17855 13240 
32340 16508 18165 13128 
32341 1001 17730 12596 
32342 16033 17961 16032 
32343 14273 14311 14272 
32344 16172 16201 15775 
32345 16034 17987 14950 
32346 16046 17850 17849 
32347 17411 17957 15923 
32348 12596 17738 1002 
32349 15939 17844 16485 
32350 14345 17869 14347 
32351 15499 17936 17676 
32352 14849 17869 14345 
32353 16029 17954 16030 
32354 16741 18111 14060 
32355 12715 17735 827 
32356 14877 17931 14368 
32357 12716 17730 1000 
32358 13245 13259 13258 
32359 15578 18089 15914 
32360 15840 17963 15835 
32361 17343 17880 13615 
32362 14841 17976 17929 
32363 830 17741 12714 
32364 15631 16175 16152 
32365 13420 17964 13422 
32366 15229 18173 15088 
32367 18195 18200 16057 
32368 13259 14273 14272 
32369 14025 17841 15625 
32370 13639 17880 13667 
32371 15631 16152 15041 
32372 15660 15661 15658 
32373 12654 17748 997 
32374 13144 18425 13013 
32375 14312 14470 14311 
32376 1003 17738 12717 
32377 17583 18033 14227 
32378 14861 15986 15858 
32379 16035 17970 16034 
32380 15835 17963 17945 
32381 16327 18092 15582 
32382 15931 18032 17866 
32383 16617 18199 15489 
32384 15641 18135 16824 
32385 17929 17976 17390 
32386 15499 17940 17936 
32387 16046 17849 15060 
32388 13951 17966 17291 
32389 14045 17975 13800 
32390 15219 17889 16320 
32391 15494 17974 15492 
32392 17654 17953 16004 
32393 14902 17967 14446 
32394 996 17747 12654 
32395 17903 17937 15605 
32396 17203 18072 17319 
32397 15644 17973 16075 
32398 14273 14312 14311 
32399 15060 17849 16141 
32400 17954 17980 16171 
32401 15976 17979 15544 
32402 18390 18392 16787 
32403 15035 18022 14992 
32404 15626 17983 16873 
32405 15962 17972 15403 
32406 15772 17996 17805 
32407 17941 17978 15960 
32408 17504 17976 14841 
32409 15107 17834 15217 
32410 16138 18124 15209 
32411 16032 17995 14948 
32412 14479 17875 14744 
32413 15090 18173 15093 
32414 15584 18100 16327 
32415 14986 17971 14676 
32416 16326 18100 15586 
32417 17866 18032 17342 
32418 17291 17966 16041 
32419 18164 18176 16181 
32420 15620 17951 15248 
32421 13799 18105 13876 
32422 14462 17881 14857 
32423 14250 18105 13801 
32424 14227 18033 17754 
32425 13598 17982 13445 
32426 13475 18106 13432 
32427 17893 18076 16758 
32428 14477 17985 13683 
32429 13434 18106 14251 
32430 15824 18113 17780 
32431 13240 17855 17785 
32432 13205 18353 16520 
32433 17606 17889 15219 
32434 14329 14436 14435 
32435 15960 17978 16735 
32436 17150 18101 18010 
32437 14325 17977 14459 
32438 15771 17886 15769 
32439 15059 17950 17760 
32440 13351 17965 17631 
32441 14370 17931 14478 
32442 15212 17875 14479 
32443 16041 18023 16040 
32444 13138 17992 16943 
32445 16256 16259 16258 
32446 18121 18151 15764 
32447 13391 18118 13392 
32448 15460 17986 15458 
32449 13661 18020 17867 
32450 17629 18132 17628 
32451 995 17749 17747 
32452 16609 18111 15610 
32453 17793 17988 14757 
32454 18023 18044 16040 
32455 15588 18110 16326 
32456 17390 17976 16230 
32457 16078 17944 16543 
32458 15933 16309 16219 
32459 13659 17938 14367 
32460 17447 17984 13319 
32461 18047 18162 16938 
32462 14966 18233 18230 
32463 14946 18120 17274 
32464 16359 16362 16361 
32465 18422 18425 13144 
32466 18010 18101 16054 
32467 17231 18059 17809 
32468 16073 16074 15061 
32469 17988 18087 14757 
32470 17571 17980 14784 
32471 12655 17776 833 
32472 1013 12687 1014 
32473 17948 18382 16071 
32474 18050 18051 17669 
32475 15769 17886 16184 
32476 15986 18147 16319 
32477 16110 17994 15842 
32478 16042 18046 18025 
32479 13258 17981 13260 
32480 13355 17993 13356 
32481 15464 17998 15462 
32482 16042 18025 16043 
32483 16069 17991 15407 
32484 17533 18062 15035 
32485 14347 17869 15131 
32486 16039 17987 17967 
32487 17809 18059 17286 
32488 834 17776 12719 
32489 14073 18000 16939 
32490 17760 17990 17989 
32491 14809 18120 14946 
32492 15962 17999 17972 
32493 12719 17795 835 
32494 16482 18127 15936 
32495 17286 18059 16052 
32496 990 12692 991 
32497 13787 18129 13786 
32498 15526 18002 15524 
32499 14301 18011 13804 
32500 16161 18087 16044 
32501 16827 18153 16828 
32502 14376 18020 13660 
32503 16540 17997 17996 
32504 836 17795 12665 
32505 15035 18062 18022 
32506 13803 18125 14250 
32507 14019 18125 13805 
32508 16155 17995 17971 
32509 16776 17999 15962 
32510 16340 18007 16341 
32511 823 17783 12653 
32512 16011 17988 17793 
32513 13699 18012 13695 
32514 16043 17984 17447 
32515 14744 17875 15237 
32516 15468 18015 15466 
32517 16721 18069 16574 
32518 13859 18163 13856 
32519 15930 18096 15931 
32520 13791 18016 13789 
32521 15217 17834 16348 
32522 13561 18010 17604 
32523 14064 18018 13441 
32524 17631 18137 13355 
32525 13726 18019 13725 
32526 17647 18133 17644 
32527 16268 18001 15606 
32528 13424 18017 13426 
32529 15796 16697 15662 
32530 15131 17881 14462 
32531 13622 17981 15998 
32532 14759 18102 15010 
32533 17256 18013 16093 
32534 17780 18113 16942 
32535 14953 18023 17159 
32536 17152 18025 15176 
32537 13438 18134 13472 
32538 14251 18134 13436 
32539 18025 18046 15176 
32540 15876 18014 17319 
32541 15549 18024 15547 
32542 16597 18029 15629 
32543 13007 18026 13005 
32544 17867 18020 16045 
32545 13722 18028 13721 
32546 16204 18040 16155 
32547 12683 17749 994 
32548 15553 18027 15551 
32549 15647 18171 16848 
32550 17985 18042 13685 
32551 14953 18044 18023 
32552 13003 18031 13001 
32553 16161 18094 18087 
32554 16810 18047 15609 
32555 18029 18143 16810 
32556 14857 17881 15845 
32557 16036 18022 17285 
32558 16061 18206 16945 
32559 15557 18034 15555 
32560 13718 18036 13717 
32561 816 12684 817 
32562 13793 18035 13791 
32563 17880 18078 14957 
32564 15987 18091 17912 
32565 14556 18178 18174 
32566 15775 17886 15771 
32567 16938 18197 15636 
32568 16048 18057 18044 
32569 15628 18045 16882 
32570 13210 18008 13198 
32571 13622 15998 13655 
32572 12718 17783 822 
32573 15559 18037 15557 
32574 16946 18213 16947 
32575 17335 18099 14362 
32576 16355 18238 16356 
32577 17955 18390 16787 
32578 16055 18078 17637 
32579 13791 18035 18016 
32580 16114 18038 16112 
32581 16069 18233 17143 
32582 12997 18041 12995 
32583 16540 17996 15772 
32584 17897 17988 16011 
32585 14241 18121 16038 
32586 13660 18020 13661 
32587 16901 18172 16896 
32588 14952 18044 14953 
32589 17858 18118 13391 
32590 13807 18142 14019 
32591 14784 17980 17954 
32592 15176 18046 15175 
32593 15658 15659 15657 
32594 13710 18143 13709 
32595 14478 17931 15627 
32596 15563 18049 15561 
32597 15542 18048 15540 
32598 16986 18053 16985 
32599 15557 18037 18034 
32600 17760 17989 17759 
32601 17604 18010 16054 
32602 15891 18146 15892 
32603 18093 18101 15004 
32604 18354 18360 13641 
32605 14408 17921 14312 
32606 14305 18055 13808 
32607 15604 18076 17893 
32608 12993 18054 12991 
32609 14949 18040 16157 
32610 18154 18186 13244 
32611 16052 18114 17116 
32612 15052 18043 17549 
32613 16961 18354 18347 
32614 17967 17987 16034 
32615 16542 18155 15912 
32616 15473 18195 18183 
32617 15898 17958 16256 
32618 15097 18152 18141 
32619 14459 17977 14861 
32620 18046 18060 16050 
32621 14877 18104 17931 
32622 18059 18114 16052 
32623 13604 18061 13437 
32624 14018 18144 13811 
32625 16040 18057 14467 
32626 16038 18033 17583 
32627 15567 18058 15565 
32628 839 12693 840 
32629 15098 18065 15101 
32630 15931 18096 17895 
32631 14855 18060 16042 
32632 16060 18156 15008 
32633 13259 18056 16702 
32634 17759 17989 17656 
32635 14367 17938 15633 
32636 16038 18121 17773 
32637 15569 18064 15567 
32638 18022 18062 17285 
32639 15656 15658 15657 
32640 14829 18067 15809 
32641 15652 18180 16870 
32642 17285 18062 16115 
32643 12987 18066 12985 
32644 15030 17921 14408 
32645 14312 17921 14470 
32646 16504 18205 16352 
32647 14470 17921 15631 
32648 16961 18347 17959 
32649 14954 18059 17231 
32650 13991 18471 16556 
32651 17343 18078 17880 
32652 15912 18155 14880 
32653 17971 17995 16032 
32654 15567 18064 18058 
32655 14983 18161 15042 
32656 17342 18032 13116 
32657 13393 18068 17797 
32658 14714 18155 15282 
32659 14272 17981 13258 
32660 16347 18115 15865 
32661 13714 18162 13713 
32662 16056 18136 18102 
32663 18081 18147 15986 
32664 15574 18071 15571 
32665 16148 18070 16146 
32666 13428 18073 13430 
32667 815 17946 816 
32668 16049 18067 16048 
32669 16053 18101 18093 
32670 16053 18102 14759 
32671 16050 18074 16051 
32672 14437 15061 14830 
32673 14362 18099 14878 
32674 17812 18146 15891 
32675 15602 18075 15600 
32676 13472 18158 13440 
32677 15880 18072 15964 
32678 15576 18077 15574 
32679 15801 18167 16213 
32680 18226 18237 13249 
32681 17819 18050 17669 
32682 15061 15172 14830 
32683 14323 18082 13812 
32684 13797 18079 13795 
32685 13786 18129 17956 
32686 12981 18083 12979 
32687 17567 18074 15668 
32688 13230 18056 13245 
32689 15637 18088 16884 
32690 15574 18077 18071 
32691 15077 18021 17722 
32692 13444 18170 13477 
32693 17722 18021 17645 
32694 14818 18108 14376 
32695 14061 18086 13433 
32696 13813 18168 14018 
32697 16756 18186 15646 
32698 14261 18168 13815 
32699 16989 18090 15639 
32700 15004 18101 17150 
32701 15662 16165 15661 
32702 14437 14830 14436 
32703 17921 18116 15631 
32704 17116 18084 15624 
32705 13128 18165 13126 
32706 14412 18081 16648 
32707 16442 18678 12701 
32708 16819 18103 16818 
32709 15277 15656 15655 
32710 15279 18117 17270 
32711 17912 18091 16619 
32712 15277 15655 15275 
32713 15622 18052 17872 
32714 16752 18187 15997 
32715 15653 18188 16876 
32716 14376 18108 18020 
32717 15580 18089 15578 
32718 15656 15657 15655 
32719 17497 18050 17819 
32720 15030 18116 17921 
32721 18137 18150 16059 
32722 14757 18087 15680 
32723 16803 18226 18207 
32724 13245 18056 13259 
32725 16601 18076 15604 
32726 14329 14437 14436 
32727 18323 18331 13597 
32728 16254 17958 15898 
32729 15582 18092 15580 
32730 1015 12721 1016 
32731 16165 16189 16166 
32732 14958 18145 18133 
32733 15634 18139 18104 
32734 14954 18114 18059 
32735 17637 18078 17343 
32736 17993 18137 16059 
32737 14805 18085 17806 
32738 17872 18052 14889 
32739 16956 18181 16902 
32740 15003 18093 15004 
32741 12975 18097 12973 
32742 17628 18176 15519 
32743 17594 18091 15987 
32744 15580 18092 18089 
32745 18087 18094 15680 
32746 16165 16166 15661 
32747 18185 18201 15432 
32748 13873 18177 13819 
32749 13817 18177 14261 
32750 14861 17977 15986 
32751 814 12722 815 
32752 13213 18154 13244 
32753 17688 18138 14955 
32754 15680 18094 16118 
32755 13477 18179 13446 
32756 18084 18138 16063 
32757 13448 18179 14253 
32758 12818 18095 12816 
32759 14311 18039 14272 
32760 14437 18080 16073 
32761 13721 18206 18036 
32762 15634 18104 14877 
32763 17643 18145 16055 
32764 15586 18100 15584 
32765 17931 18104 15627 
32766 16054 18101 16053 
32767 14576 18103 17762 
32768 15210 18191 16752 
32769 16056 18102 18093 
32770 16335 18098 17875 
32771 16060 18169 18161 
32772 13801 18105 13799 
32773 17922 18183 13484 
32774 15664 18198 16890 
32775 12971 18107 12969 
32776 17806 18085 17708 
32777 13432 18106 13434 
32778 16800 18323 18249 
32779 16512 18096 15930 
32780 16074 18004 18003 
32781 14951 18154 13211 
32782 17791 18154 14951 
32783 16065 18185 16207 
32784 16055 18145 18078 
32785 16831 18112 15640 
32786 15893 18203 17059 
32787 18044 18057 16040 
32788 988 12766 989 
32789 15662 16697 16165 
32790 16142 18136 16056 
32791 14556 18174 16705 
32792 13821 18184 13873 
32793 16256 17958 16259 
32794 17997 18085 17996 
32795 14263 18184 13823 
32796 16325 18110 15588 
32797 15610 18111 15612 
32798 18020 18108 16045 
32799 16754 18109 17855 
32800 13201 18130 13200 
32801 13709 18143 18029 
32802 13725 18213 18028 
32803 16134 18167 17691 
32804 17762 18103 16819 
32805 18440 18464 14282 
32806 17068 18122 17174 
32807 16752 18191 18187 
32808 17875 18098 15237 
32809 16589 18113 15824 
32810 13452 18189 13480 
32811 14253 18189 13450 
32812 16042 18060 18046 
32813 16062 18194 15076 
32814 15642 18195 16057 
32815 15865 18115 16489 
32816 17855 18109 17785 
32817 15951 18120 14809 
32818 18104 18139 16520 
32819 16074 18003 15061 
32820 13392 18118 13491 
32821 813 18009 814 
32822 14955 18114 14954 
32823 15432 18200 15431 
32824 15237 18098 15870 
32825 17486 18123 17487 
32826 15209 18124 15210 
32827 17996 18085 14805 
32828 13880 18192 13827 
32829 13825 18192 14263 
32830 18493 18494 15725 
32831 13805 18125 13803 
32832 16045 18108 16046 
32833 15936 18127 16039 
32834 14878 18099 15939 
32835 13729 18216 18019 
32836 15627 18104 16520 
32837 13713 18162 18047 
32838 18003 18005 15172 
32839 17037 18210 15666 
32840 16067 18227 18216 
32841 17785 18109 14951 
32842 18162 18197 16938 
32843 16833 18135 15641 
32844 17768 18121 14241 
32845 14879 18147 18081 
32846 15963 18183 17922 
32847 16039 18127 18043 
32848 13877 18129 13787 
32849 15061 18003 15172 
32850 16138 18194 18124 
32851 15273 18119 17190 
32852 13436 18134 13438 
32853 18078 18145 14957 
32854 16591 18175 18148 
32855 15631 18116 16175 
32856 18150 18156 16058 
32857 16059 18150 16058 
32858 13829 18202 13880 
32859 14264 18202 13831 
32860 13480 18204 13454 
32861 15010 18136 17553 
32862 680 18269 681 
32863 17057 18220 17039 
32864 17635 18201 16064 
32865 17066 18140 17067 
32866 15712 18116 15030 
32867 13200 18130 13230 
32868 13458 18208 13485 
32869 14955 18138 18084 
32870 18093 18102 16053 
32871 16200 18219 16138 
32872 16978 18220 17056 
32873 13230 18130 18056 
32874 13809 18142 13807 
32875 16180 18843 18244 
32876 17644 18133 17643 
32877 942 18419 943 
32878 18036 18206 16061 
32879 18174 18178 16021 
32880 16705 18174 17938 
32881 17938 18174 15633 
32882 16591 18148 16835 
32883 17277 18138 17688 
32884 18119 18221 13634 
32885 15998 18080 13655 
32886 13809 18144 18142 
32887 13811 18144 13809 
32888 13485 18214 13460 
32889 16060 18161 18156 
32890 15243 18196 18178 
32891 13655 18080 14329 
32892 13713 18143 13710 
32893 17791 18186 18154 
32894 13244 18207 13215 
32895 15892 18146 15895 
32896 810 18212 12765 
32897 15489 18199 18099 
32898 12764 18211 605 
32899 18028 18213 16946 
32900 17504 18126 17976 
32901 17768 18151 18121 
32902 13464 18215 13493 
32903 15009 18150 17171 
32904 17818 18207 13244 
32905 15009 18156 18150 
32906 16717 18240 15913 
32907 15094 18152 15097 
32908 17976 18126 16230 
32909 16406 18802 12597 
32910 16538 18139 15634 
32911 18138 18187 16063 
32912 15042 18169 17540 
32913 15097 18141 18065 
32914 14957 18145 14958 
32915 16976 18234 16977 
32916 13126 18165 16736 
32917 14880 18155 14714 
32918 18116 18159 16175 
32919 16826 18153 16827 
32920 16651 18178 14556 
32921 15430 18190 15432 
32922 18256 18261 13646 
32923 816 17946 12684 
32924 15008 18156 15009 
32925 15712 18159 18116 
32926 18019 18216 16948 
32927 16801 18237 16802 
32928 17196 18371 16300 
32929 16026 18166 15854 
32930 13355 18137 17993 
32931 13440 18158 13442 
32932 17776 18862 18609 
32933 13856 18163 13855 
32934 16058 18161 14983 
32935 13211 18154 13213 
32936 15270 18264 18128 
32937 15515 18164 18151 
32938 15275 18119 15273 
32939 14972 18228 16068 
32940 13717 18162 13714 
32941 15515 18151 17768 
32942 16974 18234 16975 
32943 13493 18225 13466 
32944 18146 18175 15895 
32945 14329 18080 14437 
32946 13815 18168 13813 
32947 13442 18170 13444 
32948 14966 18230 14888 
32949 18158 18170 13442 
32950 15088 18173 15090 
32951 16829 18171 15647 
32952 15473 18200 18195 
32953 16179 18169 16060 
32954 17613 18164 15515 
32955 18124 18194 16062 
32956 13470 18231 13599 
32957 16138 18219 18194 
32958 16896 18172 16898 
32959 17691 18167 15801 
32960 15433 18190 15430 
32961 15655 18119 15275 
32962 16348 18141 16349 
32963 17249 18255 17250 
32964 16709 18232 13861 
32965 17277 18187 18138 
32966 13219 18226 13249 
32967 16513 18205 15229 
32968 16357 18525 12762 
32969 15808 18883 16470 
32970 14164 18328 16785 
32971 15895 18175 16591 
32972 12771 18222 12769 
32973 16972 18252 16973 
32974 14936 18236 14937 
32975 14175 18250 13307 
32976 13861 18232 13864 
32977 13188 18218 13184 
32978 16336 18159 15712 
32979 16067 18216 17306 
32980 15007 18236 16097 
32981 17029 18255 17028 
32982 12722 17946 815 
32983 13819 18177 13817 
32984 16204 18149 18040 
32985 13304 18250 13303 
32986 13599 18239 13473 
32987 13446 18179 13448 
32988 16070 18221 15657 
32989 13833 18241 14264 
32990 15432 18201 18200 
32991 16180 18243 15763 
32992 18040 18149 16157 
32993 13170 18229 14266 
32994 16849 18180 15652 
32995 13482 18246 13637 
32996 15519 18176 17613 
32997 14039 18242 13837 
32998 16021 18196 16538 
32999 18065 18141 16348 
33000 14093 18263 13371 
33001 17613 18176 18164 
33002 15633 18174 16021 
33003 16902 18181 16903 
33004 13368 18263 13367 
33005 14974 18224 18039 
33006 13156 18308 12953 
33007 12951 18308 14095 
33008 14388 18254 14681 
33009 15696 18254 14609 
33010 16407 18388 18335 
33011 14980 18260 15703 
33012 16714 18264 15259 
33013 14681 18259 14352 
33014 13717 18197 18162 
33015 13823 18184 13821 
33016 12882 18265 12885 
33017 13249 18249 13221 
33018 12895 18262 17446 
33019 12878 18267 12881 
33020 17030 18319 15388 
33021 15997 18187 17277 
33022 15259 18264 15261 
33023 18099 18199 15939 
33024 15760 18262 17365 
33025 14534 18317 14858 
33026 15704 18306 14859 
33027 14572 18306 14574 
33028 12870 18307 12873 
33029 16871 18188 15653 
33030 12866 18310 12869 
33031 18261 18329 15773 
33032 16314 18305 15918 
33033 16064 18185 16065 
33034 13484 18183 17814 
33035 13450 18189 13452 
33036 16277 18314 16009 
33037 814 18009 12722 
33038 16798 18331 16799 
33039 13631 18256 13646 
33040 15632 18334 17041 
33041 17920 18249 13249 
33042 18185 18190 16207 
33043 14984 18316 15922 
33044 13181 18500 16484 
33045 13214 18328 14164 
33046 16063 18191 16062 
33047 18156 18161 16058 
33048 13252 18328 13216 
33049 16957 18193 16958 
33050 15919 18313 17471 
33051 16020 18247 17620 
33052 13827 18192 13825 
33053 18230 18233 16068 
33054 16982 18337 15335 
33055 16070 18256 18221 
33056 606 18211 12690 
33057 15910 18340 16498 
33058 15076 18194 15785 
33059 16437 18428 12669 
33060 12691 18212 809 
33061 15646 18186 17791 
33062 15472 18324 17415 
33063 18528 18529 16317 
33064 16877 18198 15664 
33065 18187 18191 16063 
33066 18183 18195 17814 
33067 18216 18227 16948 
33068 16133 18335 14926 
33069 15655 18221 18119 
33070 13225 18323 13597 
33071 15431 18200 15473 
33072 18306 18420 14574 
33073 12830 18327 12832 
33074 15366 18336 15363 
33075 15716 18342 16552 
33076 14927 18335 15129 
33077 17438 18325 15509 
33078 16918 18342 16917 
33079 16803 18237 18226 
33080 14974 18338 18224 
33081 16909 18344 16918 
33082 14866 18330 14560 
33083 17814 18195 15642 
33084 15896 18203 15893 
33085 13831 18202 13829 
33086 17772 18314 16098 
33087 13454 18204 13456 
33088 15314 18346 15315 
33089 16356 18238 16359 
33090 16057 18201 17635 
33091 17745 18320 17843 
33092 17771 18311 15496 
33093 15717 18348 15413 
33094 13178 18339 12948 
33095 15128 18332 17765 
33096 16066 18228 18227 
33097 12952 18341 13039 
33098 18204 18208 13456 
33099 15939 18199 17844 
33100 13456 18208 13458 
33101 16066 18227 16067 
33102 16859 18355 16858 
33103 13039 18343 12954 
33104 15719 18355 16857 
33105 12956 18343 14245 
33106 838 18345 839 
33107 17402 18332 17507 
33108 13215 18207 13217 
33109 15432 18190 18185 
33110 15720 18358 16859 
33111 16863 18358 16862 
33112 15928 18356 17915 
33113 15666 18210 16022 
33114 18178 18196 16021 
33115 16711 18386 15206 
33116 14275 18248 17841 
33117 18052 18349 16491 
33118 18036 18197 13717 
33119 681 18269 12626 
33120 12739 18269 680 
33121 18194 18219 15785 
33122 18228 18230 16068 
33123 14565 18259 18013 
33124 16646 18446 15240 
33125 13597 18347 13228 
33126 13047 18352 12968 
33127 12970 18352 14248 
33128 16273 18350 17456 
33129 13460 18214 13462 
33130 12974 18357 13031 
33131 14248 18357 12972 
33132 13234 18354 13641 
33133 13031 18359 12976 
33134 12978 18359 14252 
33135 17915 18356 15341 
33136 12624 18245 18243 
33137 18028 18206 13721 
33138 18214 18215 13462 
33139 13462 18215 13464 
33140 13897 18361 14044 
33141 17306 18216 13729 
33142 13900 18365 13899 
33143 17959 18347 13597 
33144 16436 18740 15812 
33145 13904 18367 13903 
33146 16662 18382 15710 
33147 18364 18837 18368 
33148 18291 18292 12728 
33149 18207 18226 13217 
33150 16142 18209 18136 
33151 15622 18349 18052 
33152 18019 18213 13725 
33153 17056 18220 17057 
33154 605 18211 606 
33155 809 18212 810 
33156 14043 18369 13909 
33157 15785 18219 16323 
33158 18200 18201 16057 
33159 13184 18218 13172 
33160 16800 18331 18323 
33161 16520 18353 15901 
33162 15170 18222 12771 
33163 18233 18309 17143 
33164 13466 18225 13468 
33165 14958 18368 14469 
33166 18227 18228 14973 
33167 16948 18227 14973 
33168 17329 18321 16935 
33169 15710 18382 17948 
33170 18136 18209 17553 
33171 15245 18381 14882 
33172 18221 18256 13634 
33173 13217 18226 13219 
33174 14973 18228 14972 
33175 16071 18377 15677 
33176 18080 18224 16073 
33177 18225 18231 13468 
33178 14888 18230 16066 
33179 13637 18374 17528 
33180 13468 18231 13470 
33181 14014 18473 16488 
33182 15041 18338 14974 
33183 13646 18261 16608 
33184 13911 18379 14043 
33185 18218 18229 13172 
33186 16068 18233 16069 
33187 18039 18224 15998 
33188 17135 18559 18556 
33189 13864 18232 13872 
33190 13172 18229 13170 
33191 13914 18384 13913 
33192 15657 18221 15655 
33193 17135 18556 14978 
33194 15966 18386 15965 
33195 16961 18360 18354 
33196 14125 18394 16611 
33197 15143 18387 15145 
33198 13918 18385 13917 
33199 16089 18561 18560 
33200 15998 18224 18080 
33201 16975 18234 16976 
33202 16498 18340 16499 
33203 15658 18362 15659 
33204 16611 18395 16102 
33205 14449 18385 13921 
33206 14266 18372 17782 
33207 18494 18499 15725 
33208 17821 18377 17940 
33209 16802 18237 16803 
33210 17545 18389 17948 
33211 15907 18371 15643 
33212 14937 18236 15007 
33213 850 18235 851 
33214 15913 18240 16391 
33215 16070 18261 18256 
33216 13620 18571 17027 
33217 17027 18568 17029 
33218 13367 18572 17268 
33219 13473 18239 13478 
33220 12723 18251 616 
33221 16696 18440 14038 
33222 15120 18496 16275 
33223 617 18251 12649 
33224 13835 18241 13833 
33225 17940 18377 15245 
33226 14978 18555 17005 
33227 17027 18571 18568 
33228 17005 18554 17006 
33229 18239 18246 13478 
33230 15763 18243 15762 
33231 15747 18542 15748 
33232 16962 18395 12897 
33233 13837 18242 13835 
33234 13478 18246 13482 
33235 13835 18242 18241 
33236 16717 18372 18240 
33237 17028 18255 17249 
33238 16919 18545 15749 
33239 15748 18544 16970 
33240 14977 18547 16919 
33241 18542 18544 15748 
33242 14891 18390 14971 
33243 15659 18329 16070 
33244 13307 18250 13304 
33245 16089 18562 18561 
33246 12893 18394 14125 
33247 17948 18389 15710 
33248 17620 18247 14039 
33249 17005 18555 18554 
33250 15749 18543 15905 
33251 18224 18338 16073 
33252 12897 18394 12894 
33253 16047 18252 16972 
33254 13221 18249 13223 
33255 16359 18238 16362 
33256 15181 18393 14447 
33257 16089 18253 15696 
33258 12666 18514 849 
33259 16102 18395 17338 
33260 16317 18529 18527 
33261 16970 18549 13156 
33262 15730 18398 16253 
33263 13634 18256 13631 
33264 616 18251 617 
33265 16869 18398 16868 
33266 16075 18396 17957 
33267 14609 18254 14388 
33268 16919 18547 18545 
33269 15733 18400 16869 
33270 16867 18400 16866 
33271 16324 18708 18705 
33272 16166 18362 15661 
33273 15759 18258 15760 
33274 16092 18257 15304 
33275 14352 18259 14565 
33276 15749 18545 18543 
33277 15304 18260 14980 
33278 14971 18390 17955 
33279 15041 18366 18338 
33280 18559 18562 14979 
33281 15734 18402 16867 
33282 16861 18402 16860 
33283 13371 18263 13368 
33284 18257 18260 15304 
33285 16047 18376 18374 
33286 17011 18413 16855 
33287 17365 18262 12895 
33288 17841 18248 15625 
33289 15261 18264 15270 
33290 12660 18302 627 
33291 15705 18408 16717 
33292 12982 18397 13030 
33293 14252 18397 12980 
33294 16854 18406 16853 
33295 15735 18406 16861 
33296 12881 18265 12882 
33297 15672 18411 17134 
33298 12633 18270 701 
33299 776 18295 12742 
33300 708 18271 12629 
33301 787 18272 12632 
33302 700 18273 12633 
33303 12628 18274 692 
33304 12629 18275 709 
33305 691 18276 12628 
33306 12622 18277 672 
33307 12619 18282 642 
33308 661 18284 12618 
33309 12616 18285 759 
33310 12617 18287 749 
33311 12615 18286 652 
33312 12625 18278 729 
33313 738 18280 12621 
33314 12621 18279 739 
33315 12620 18281 769 
33316 768 18283 12620 
33317 748 18288 12617 
33318 651 18289 12615 
33319 13521 18403 13518 
33320 15946 18266 16577 
33321 702 18270 12759 
33322 12729 18271 707 
33323 12728 18272 786 
33324 12760 18273 699 
33325 693 18274 12735 
33326 12877 18267 12878 
33327 773 18304 12639 
33328 710 18275 12732 
33329 12731 18276 690 
33330 673 18277 12733 
33331 643 18282 12752 
33332 12753 18284 660 
33333 653 18286 12754 
33334 750 18287 12755 
33335 760 18285 12745 
33336 730 18278 12740 
33337 12749 18280 737 
33338 740 18279 12744 
33339 770 18281 12750 
33340 12751 18283 767 
33341 12756 18288 747 
33342 12757 18289 650 
33343 12759 18290 703 
33344 12755 18301 751 
33345 756 18299 12758 
33346 12744 18298 741 
33347 704 18290 12657 
33348 785 18291 12728 
33349 698 18293 12760 
33350 659 18296 12753 
33351 12746 18294 664 
33352 12659 18291 784 
33353 12658 18293 697 
33354 12636 18303 714 
33355 12644 18300 754 
33356 12647 18297 657 
33357 17957 18396 15309 
33358 627 18302 628 
33359 13516 18403 14151 
33360 15157 18376 16047 
33361 16734 18421 15705 
33362 16317 18268 16316 
33363 13030 18399 12984 
33364 12986 18399 14254 
33365 775 18295 776 
33366 772 18304 773 
33367 701 18270 702 
33368 707 18271 708 
33369 786 18272 787 
33370 699 18273 700 
33371 692 18274 693 
33372 690 18276 691 
33373 709 18275 710 
33374 672 18277 673 
33375 660 18284 661 
33376 642 18282 643 
33377 759 18285 760 
33378 652 18286 653 
33379 749 18287 750 
33380 729 18278 730 
33381 739 18279 740 
33382 737 18280 738 
33383 769 18281 770 
33384 767 18283 768 
33385 650 18289 651 
33386 747 18288 748 
33387 751 18301 752 
33388 755 18299 756 
33389 741 18298 742 
33390 703 18290 704 
33391 658 18296 659 
33392 664 18294 665 
33393 784 18291 785 
33394 697 18293 698 
33395 714 18303 715 
33396 754 18300 755 
33397 657 18297 658 
33398 18544 18549 16970 
33399 15918 18305 15919 
33400 12869 18307 12870 
33401 12990 18401 13032 
33402 14254 18401 12988 
33403 14859 18306 14572 
33404 12953 18308 12951 
33405 16152 18366 15041 
33406 15864 18380 15157 
33407 15282 18321 17329 
33408 12865 18310 12866 
33409 14397 18509 16889 
33410 14397 18511 18509 
33411 16023 18315 18311 
33412 15864 18383 18380 
33413 17010 18413 17009 
33414 16845 18415 16844 
33415 13032 18405 12992 
33416 12994 18405 14256 
33417 18249 18323 13223 
33418 15738 18415 17010 
33419 16278 18312 16277 
33420 17471 18313 12865 
33421 12884 18412 12883 
33422 15917 18407 14860 
33423 12865 18313 18310 
33424 15922 18315 16023 
33425 14256 18409 12996 
33426 16841 18418 16840 
33427 18363 18364 12630 
33428 15739 18418 16845 
33429 13000 18410 13040 
33430 15384 18318 18317 
33431 16082 18316 14984 
33432 14901 18511 14397 
33433 15157 18380 18376 
33434 17464 18422 18015 
33435 986 18525 987 
33436 15384 18317 14534 
33437 16023 18311 17771 
33438 16066 18230 18228 
33439 15386 18319 18318 
33440 15386 18318 15384 
33441 16843 18424 16842 
33442 18327 18489 12832 
33443 16009 18314 17772 
33444 15740 18424 16841 
33445 16737 18439 15711 
33446 13040 18414 13002 
33447 13004 18414 14258 
33448 18523 18526 15920 
33449 15388 18319 15386 
33450 15711 18432 16734 
33451 17942 18309 14966 
33452 16847 18427 16846 
33453 15725 18322 14956 
33454 14978 18556 18555 
33455 13008 18417 13137 
33456 14258 18417 13006 
33457 15741 18427 16843 
33458 14956 18322 18320 
33459 674 18333 675 
33460 16734 18432 18421 
33461 17415 18324 14242 
33462 16282 18420 18306 
33463 16796 18428 15944 
33464 13223 18323 13225 
33465 18324 18325 14242 
33466 14242 18325 17438 
33467 15509 18326 13178 
33468 14956 18320 17745 
33469 16851 18430 16850 
33470 16793 18482 15724 
33471 13012 18423 14257 
33472 13137 18423 13010 
33473 15742 18430 16847 
33474 15904 18557 15632 
33475 16738 18451 15715 
33476 16650 18452 15289 
33477 13181 18479 16644 
33478 16865 18434 16864 
33479 13016 18426 13143 
33480 14257 18426 13014 
33481 13567 18431 13564 
33482 16760 18478 15722 
33483 13145 18327 12830 
33484 15743 18434 16851 
33485 15715 18447 16737 
33486 16748 18458 15718 
33487 16405 18701 16457 
33488 15315 18595 16910 
33489 16755 18470 15721 
33490 13216 18328 13214 
33491 18015 18422 16940 
33492 17700 18416 16292 
33493 13020 18429 14259 
33494 13143 18429 13018 
33495 15724 18480 16760 
33496 15705 18421 18408 
33497 16737 18447 18439 
33498 16799 18331 16800 
33499 14560 18330 14586 
33500 15718 18455 16738 
33501 14840 18437 15744 
33502 16370 18778 16361 
33503 13024 18433 13146 
33504 14259 18433 13022 
33505 16751 18442 16750 
33506 15722 18476 16755 
33507 17569 18698 12644 
33508 18304 18638 16144 
33509 15721 18461 16748 
33510 12733 18333 674 
33511 16910 18595 18594 
33512 17800 18420 16278 
33513 13028 18435 14260 
33514 13146 18435 13026 
33515 14501 18441 14839 
33516 17507 18332 15128 
33517 16181 18843 16180 
33518 17711 18621 12726 
33519 18334 18337 14090 
33520 17041 18334 14090 
33521 17937 18404 16296 
33522 15786 18336 15366 
33523 16760 18480 18478 
33524 16738 18455 18451 
33525 14966 18309 18233 
33526 14926 18335 14927 
33527 18272 18846 16140 
33528 15158 18438 16049 
33529 14090 18337 16982 
33530 15676 18445 16797 
33531 16748 18461 18458 
33532 16755 18476 18470 
33533 16917 18342 15716 
33534 16099 18443 15783 
33535 15711 18439 18432 
33536 14146 18445 16751 
33537 12948 18339 12950 
33538 12950 18341 12952 
33539 16910 18344 16909 
33540 18339 18341 12950 
33541 16717 18408 18372 
33542 15724 18482 18480 
33543 14038 18440 14026 
33544 12954 18343 12956 
33545 16140 18846 15736 
33546 14835 18444 16243 
33547 17711 18687 17710 
33548 15126 18444 14833 
33549 14032 18440 14282 
33550 15794 18578 16339 
33551 15722 18478 18476 
33552 839 18345 12693 
33553 15715 18451 18447 
33554 15411 18348 18346 
33555 18252 18374 13637 
33556 15411 18346 15314 
33557 16243 18449 15162 
33558 15721 18470 18461 
33559 15718 18458 18455 
33560 18240 18372 14266 
33561 15413 18348 15411 
33562 13228 18347 13232 
33563 16073 18338 16074 
33564 16221 18345 16220 
33565 15330 18457 16807 
33566 17456 18350 13047 
33567 14868 18454 15617 
33568 18247 18539 14039 
33569 12968 18352 12970 
33570 18347 18354 13232 
33571 16858 18355 15719 
33572 16089 18560 18253 
33573 16523 18515 16522 
33574 13232 18354 13234 
33575 17915 18349 15622 
33576 12972 18357 12974 
33577 13641 18360 17779 
33578 16092 18570 18257 
33579 16862 18358 15720 
33580 15240 18446 15933 
33581 16447 18564 12710 
33582 16131 18883 15808 
33583 15901 18353 16510 
33584 16070 18329 18261 
33585 18360 18370 17779 
33586 17827 18467 14010 
33587 12976 18359 12978 
33588 16960 18360 16961 
33589 17910 18356 15928 
33590 14869 18466 15133 
33591 15165 18460 15164 
33592 13899 18361 13897 
33593 17853 18363 17852 
33594 15759 18548 18258 
33595 18320 18509 17843 
33596 17160 18474 15679 
33597 16960 18370 18360 
33598 17124 18473 13999 
33599 14134 18471 13988 
33600 13986 18471 13991 
33601 18338 18366 16074 
33602 13997 18473 14014 
33603 13903 18365 13900 
33604 12881 18541 18265 
33605 14723 18469 14837 
33606 13535 18475 13532 
33607 16375 18391 16374 
33608 12877 18540 18267 
33609 16420 18688 12671 
33610 16047 18374 18252 
33611 18370 18373 15713 
33612 13907 18367 13904 
33613 15129 18388 16566 
33614 15946 18538 18266 
33615 15216 18465 16484 
33616 16317 18527 18268 
33617 18067 18436 15809 
33618 17779 18370 15713 
33619 13909 18369 13907 
33620 13907 18369 18367 
33621 15713 18373 15673 
33622 14469 18368 14818 
33623 12869 18534 18307 
33624 15047 18370 16960 
33625 850 18514 18235 
33626 15643 18371 17196 
33627 16584 18510 17339 
33628 15661 18362 15658 
33629 755 18300 18299 
33630 658 18297 18296 
33631 16696 18464 18440 
33632 15047 18373 18370 
33633 16074 18366 18004 
33634 15958 18479 15707 
33635 16792 18486 16791 
33636 14441 18483 14481 
33637 15689 18468 17859 
33638 15509 18583 18326 
33639 12663 18845 16255 
33640 15683 18467 16027 
33641 15922 18519 18315 
33642 17782 18372 15615 
33643 18311 18523 15496 
33644 16095 18483 14844 
33645 17704 18464 15706 
33646 15697 18515 15927 
33647 15736 18373 15047 
33648 13076 18485 13077 
33649 12798 18481 12795 
33650 17528 18374 15654 
33651 939 18375 940 
33652 12653 18477 824 
33653 18374 18376 15654 
33654 16082 18512 18316 
33655 15099 18778 16370 
33656 14883 18382 16662 
33657 16373 18670 12662 
33658 13080 18487 13081 
33659 14975 18491 16792 
33660 13084 18490 13085 
33661 15654 18376 17494 
33662 12793 18481 17846 
33663 15725 18499 18322 
33664 17003 18492 17205 
33665 15754 18488 17720 
33666 17568 18566 12616 
33667 13555 18495 13552 
33668 14277 18448 16350 
33669 18488 18659 17720 
33670 14687 18494 17023 
33671 17551 18489 15723 
33672 16500 18378 16172 
33673 13088 18490 17579 
33674 13913 18379 13911 
33675 16792 18489 18327 
33676 14882 18381 14883 
33677 18376 18380 17494 
33678 18380 18383 15838 
33679 17494 18380 15838 
33680 18381 18382 14883 
33681 14492 18502 15116 
33682 15677 18377 17821 
33683 13657 18502 13656 
33684 15838 18383 16169 
33685 15687 18499 15688 
33686 15690 18512 16649 
33687 13917 18384 13914 
33688 16293 18579 15966 
33689 13145 18486 18327 
33690 16719 18513 15855 
33691 17989 18488 17656 
33692 13921 18385 13918 
33693 15498 18496 17416 
33694 13927 18521 16997 
33695 15965 18386 16711 
33696 18867 18871 12691 
33697 15698 18524 16414 
33698 15820 18506 15822 
33699 18265 18543 12885 
33700 16514 18558 15845 
33701 15207 18387 15143 
33702 18288 18760 16229 
33703 16910 18594 18344 
33704 15635 18501 16781 
33705 14790 18508 14791 
33706 14838 18505 14800 
33707 14561 18510 15528 
33708 17499 18690 735 
33709 17623 18504 15798 
33710 17339 18510 14559 
33711 18160 18849 16175 
33712 14971 18389 17545 
33713 17794 18501 15635 
33714 18372 18408 15615 
33715 16997 18521 16996 
33716 15756 18503 16231 
33717 16427 18450 12698 
33718 14398 18519 14293 
33719 14866 18557 18330 
33720 16484 18500 15851 
33721 12692 18727 16369 
33722 12691 18871 18212 
33723 16234 18503 17947 
33724 17262 18711 15729 
33725 13152 18517 13153 
33726 14763 18522 15311 
33727 15923 18390 14891 
33728 16177 18522 15026 
33729 16448 18728 16116 
33730 16020 18542 18247 
33731 15923 18392 18390 
33732 15862 18546 15737 
33733 12622 18810 17383 
33734 18262 18554 17446 
33735 14447 18393 15669 
33736 16101 18588 16102 
33737 16242 18524 15700 
33738 17460 18521 13927 
33739 13151 18516 13147 
33740 17131 18529 17202 
33741 18668 18900 16475 
33742 17660 18520 17661 
33743 14449 18579 18385 
33744 14987 18523 15920 
33745 15181 18588 18393 
33746 17338 18395 16962 
33747 13303 18527 13300 
33748 12894 18394 12893 
33749 17724 18598 16154 
33750 17957 18392 15923 
33751 16404 18851 16405 
33752 16889 18509 18320 
33753 13165 18518 13179 
33754 15096 18530 15095 
33755 16868 18398 15730 
33756 18456 18465 15706 
33757 12980 18397 12982 
33758 18275 18618 12732 
33759 17973 18396 16075 
33760 16086 18523 18311 
33761 16866 18400 15733 
33762 16087 18534 15693 
33763 12984 18399 12986 
33764 16860 18402 15734 
33765 806 18484 807 
33766 12988 18401 12990 
33767 941 18581 942 
33768 15671 18407 18404 
33769 14310 18537 16715 
33770 16853 18406 15735 
33771 13518 18403 13516 
33772 12992 18405 12994 
33773 18269 18636 17518 
33774 14860 18407 15671 
33775 13179 18532 13168 
33776 12739 18636 18269 
33777 12996 18409 12998 
33778 18327 18486 16792 
33779 12998 18410 13000 
33780 13196 18533 13201 
33781 18411 18412 12887 
33782 16449 18648 12603 
33783 17134 18411 12887 
33784 18409 18410 12998 
33785 15615 18408 17734 
33786 14436 18536 14435 
33787 16579 18546 16580 
33788 15671 18404 17937 
33789 15968 18548 16745 
33790 12887 18412 12884 
33791 17009 18413 17011 
33792 15905 18541 16788 
33793 18260 18572 15703 
33794 16844 18415 15738 
33795 14396 18493 15725 
33796 15691 18539 15747 
33797 16088 18540 15694 
33798 13002 18414 13004 
33799 12873 18538 12874 
33800 641 18497 12619 
33801 12761 18498 625 
33802 626 18498 12660 
33803 12748 18497 640 
33804 16840 18418 15739 
33805 13006 18417 13008 
33806 16411 18798 16635 
33807 16285 18416 17700 
33808 17783 18677 16613 
33809 943 18419 12602 
33810 16842 18424 15740 
33811 15706 18464 18456 
33812 18316 18512 15690 
33813 13010 18423 13012 
33814 16341 18422 17464 
33815 18322 18499 15687 
33816 16341 18425 18422 
33817 16630 18477 16629 
33818 18408 18421 17734 
33819 14574 18420 17800 
33820 17734 18421 12834 
33821 15905 18543 18265 
33822 16846 18427 15741 
33823 13014 18426 13016 
33824 16173 18550 15064 
33825 18247 18542 15747 
33826 15065 18550 15068 
33827 18421 18432 12834 
33828 16196 18428 16796 
33829 16850 18430 15742 
33830 13559 18553 17210 
33831 13018 18429 13020 
33832 13563 18553 13560 
33833 15744 18625 16865 
33834 12695 18680 16373 
33835 17521 18552 15728 
33836 13564 18431 13563 
33837 18007 18425 16341 
33838 18330 18501 14586 
33839 16864 18434 15743 
33840 13022 18433 13024 
33841 16633 18567 16103 
33842 12723 18616 16336 
33843 18315 18519 14398 
33844 18259 18568 18013 
33845 12834 18432 17721 
33846 17006 18554 18262 
33847 13026 18435 13028 
33848 17218 18561 15746 
33849 14839 18437 14840 
33850 13349 18560 13346 
33851 14718 18559 14979 
33852 18330 18557 15904 
33853 798 18531 12650 
33854 12726 18531 797 
33855 15807 18438 15158 
33856 16278 18592 18312 
33857 14026 18440 14032 
33858 16750 18442 15670 
33859 12696 18563 16497 
33860 18268 18527 13303 
33861 16808 18584 16037 
33862 15670 18442 18441 
33863 15670 18441 14501 
33864 18432 18439 17721 
33865 17721 18439 14269 
33866 16952 18565 15832 
33867 16266 18459 16264 
33868 15845 18558 15846 
33869 15783 18443 16193 
33870 16199 18564 15726 
33871 15834 18565 16186 
33872 18439 18447 14269 
33873 18453 18466 15804 
33874 16465 18656 16464 
33875 16049 18436 18067 
33876 16797 18445 14146 
33877 14833 18444 14835 
33878 18772 18858 18006 
33879 12685 18890 18856 
33880 18307 18534 16087 
33881 15170 18593 18222 
33882 15364 18569 15294 
33883 14683 18569 15674 
33884 13363 18570 13361 
33885 15732 18617 16487 
33886 14269 18447 17690 
33887 17566 18566 17568 
33888 15162 18449 15793 
33889 17817 18566 15755 
33890 12666 18577 18514 
33891 15207 18507 18387 
33892 803 18535 804 
33893 17525 18761 18131 
33894 15933 18446 16309 
33895 15289 18452 16321 
33896 16807 18584 16808 
33897 15179 18682 17576 
33898 15747 18539 18247 
33899 18258 18548 15968 
33900 17268 18572 18260 
33901 17690 18451 13133 
33902 16261 18718 12687 
33903 18447 18451 17690 
33904 16119 18575 15882 
33905 18451 18455 13133 
33906 18267 18540 16088 
33907 18266 18538 12873 
33908 18265 18541 15905 
33909 15879 18575 15878 
33910 15805 18454 14868 
33911 16392 18822 12694 
33912 15758 18577 16310 
33913 16164 18576 15792 
33914 12783 18573 12781 
33915 14804 18578 15794 
33916 14151 18457 15330 
33917 18492 18646 17205 
33918 17302 18576 17739 
33919 13133 18455 17680 
33920 16461 18827 12679 
33921 18385 18579 16293 
33922 17029 18568 18259 
33923 14830 18582 14831 
33924 16644 18479 15958 
33925 16453 18676 12601 
33926 17680 18458 14267 
33927 15404 18583 15392 
33928 18455 18458 17680 
33929 18393 18585 15669 
33930 15920 18526 16315 
33931 18458 18461 14267 
33932 18526 18528 16315 
33933 14862 18585 16101 
33934 15164 18460 15689 
33935 16037 18584 15168 
33936 16315 18528 16317 
33937 16224 18586 16252 
33938 16441 18703 12674 
33939 18006 18582 15172 
33940 15505 18587 14803 
33941 15798 18462 14933 
33942 14933 18463 15683 
33943 18462 18463 14933 
33944 18469 18637 14837 
33945 18393 18588 16101 
33946 14267 18461 17634 
33947 18490 18643 17579 
33948 15723 18493 14396 
33949 15804 18466 14869 
33950 18435 18625 14260 
33951 18253 18560 13349 
33952 15706 18465 15216 
33953 15750 18688 15787 
33954 14282 18464 17704 
33955 15679 18637 15867 
33956 18468 18469 14725 
33957 13988 18471 13986 
33958 14725 18469 14723 
33959 16027 18467 17827 
33960 15702 18726 16444 
33961 16270 18472 16233 
33962 13531 18474 17160 
33963 13999 18473 13997 
33964 13531 18475 18474 
33965 17634 18470 13139 
33966 12646 18757 16212 
33967 17859 18468 14725 
33968 18461 18470 17634 
33969 15851 18500 16559 
33970 17557 18591 17556 
33971 18470 18476 13139 
33972 12685 18856 18484 
33973 12747 18596 17384 
33974 18222 18593 16384 
33975 13532 18475 13531 
33976 824 18477 825 
33977 12623 18692 16323 
33978 16475 18900 12717 
33979 13139 18476 17626 
33980 12743 18654 16324 
33981 18257 18570 13363 
33982 17626 18478 14265 
33983 18476 18478 17626 
33984 18478 18480 14265 
33985 16086 18526 18523 
33986 18622 18850 16257 
33987 12761 18786 17648 
33988 14265 18480 17610 
33989 12795 18481 12793 
33990 12685 18484 806 
33991 14245 18594 17466 
33992 16394 18908 17576 
33993 16522 18515 15697 
33994 17610 18482 13145 
33995 958 18615 959 
33996 18480 18482 17610 
33997 12623 18574 632 
33998 633 18574 12738 
33999 14844 18483 14441 
34000 16791 18486 16793 
34001 13077 18485 13080 
34002 16393 18682 16392 
34003 12686 18659 18488 
34004 13081 18487 13084 
34005 16838 18494 14687 
34006 16838 18499 18494 
34007 17656 18488 15754 
34008 12726 18687 17711 
34009 13085 18490 13088 
34010 12832 18489 17551 
34011 18472 18504 16233 
34012 725 18580 726 
34013 18050 18769 12640 
34014 17023 18491 14975 
34015 17543 18597 17799 
34016 16128 18643 16239 
34017 16128 18644 18643 
34018 13551 18492 17003 
34019 13551 18495 18492 
34020 17548 18597 17679 
34021 13552 18495 13551 
34022 18645 18646 16129 
34023 18326 18583 15404 
34024 883 18627 884 
34025 16129 18646 16130 
34026 634 18589 635 
34027 17395 18599 17718 
34028 788 18590 789 
34029 640 18497 641 
34030 625 18498 626 
34031 17416 18496 15120 
34032 12605 18672 16451 
34033 15688 18499 16838 
34034 15153 18603 15684 
34035 15310 18604 17032 
34036 18687 18752 17710 
34037 16175 18849 16152 
34038 17718 18601 17326 
34039 15114 18604 16222 
34040 13656 18502 14492 
34041 17135 18562 18559 
34042 17269 18611 15173 
34043 14839 18623 18437 
34044 14586 18501 17794 
34045 16185 18609 16610 
34046 17990 18893 792 
34047 15776 18605 17262 
34048 18456 18464 16696 
34049 16649 18512 14901 
34050 819 18600 12664 
34051 915 18632 12703 
34052 12675 18632 914 
34053 17755 18587 16502 
34054 14800 18505 15789 
34055 14931 18587 17755 
34056 17947 18503 15756 
34057 16233 18504 17623 
34058 16941 18506 15820 
34059 14791 18508 15607 
34060 18509 18511 16083 
34061 14559 18510 14561 
34062 18711 18816 15729 
34063 16083 18511 16082 
34064 17555 18607 17510 
34065 17950 18606 17760 
34066 17843 18509 16083 
34067 18287 18746 18126 
34068 16487 18783 15732 
34069 16025 18612 16630 
34070 15855 18513 15856 
34071 16372 18832 16105 
34072 17509 18607 17810 
34073 18344 18594 14245 
34074 16329 18860 16331 
34075 669 18596 12747 
34076 849 18514 850 
34077 13147 18516 13152 
34078 16101 18585 18393 
34079 13153 18517 13162 
34080 14293 18519 15690 
34081 12642 18598 764 
34082 13162 18518 13165 
34083 16561 18653 12664 
34084 15026 18522 14763 
34085 15669 18521 17460 
34086 17445 18520 17660 
34087 18517 18518 13162 
34088 14979 18562 16089 
34089 16568 18626 15861 
34090 15496 18523 14987 
34091 15700 18524 15698 
34092 17063 18617 14653 
34093 17384 18596 16162 
34094 18051 18859 732 
34095 14754 18617 15732 
34096 12762 18525 986 
34097 929 18650 12610 
34098 12711 18650 928 
34099 18618 18700 12732 
34100 14399 18526 16086 
34101 647 18602 648 
34102 18527 18529 13299 
34103 13299 18529 17131 
34104 13300 18527 13299 
34105 17336 18619 17337 
34106 14399 18528 18526 
34107 17202 18528 14399 
34108 812 18610 813 
34109 16324 18705 16246 
34110 18004 18649 18223 
34111 16700 18702 16524 
34112 17546 18620 17404 
34113 17487 18620 17505 
34114 15099 18530 15096 
34115 16865 18625 18435 
34116 797 18531 798 
34117 13168 18532 13182 
34118 16479 18854 12707 
34119 17708 18621 17711 
34120 17572 18613 17980 
34121 18123 18789 17487 
34122 18223 18649 12724 
34123 12613 18733 16332 
34124 16463 18824 16198 
34125 16361 18630 16360 
34126 16193 18611 15951 
34127 13182 18533 13196 
34128 18589 18697 635 
34129 18532 18533 13182 
34130 16416 18694 16417 
34131 16430 18694 16429 
34132 15693 18534 16887 
34133 16015 18623 17802 
34134 15051 18701 16405 
34135 16157 18629 15782 
34136 1013 18622 12687 
34137 16415 18783 16487 
34138 16286 18551 16503 
34139 14761 18706 16700 
34140 16364 18630 16368 
34141 12661 18535 803 
34142 15867 18637 18469 
34143 16795 18845 17254 
34144 12656 18616 614 
34145 16700 18706 18702 
34146 16715 18710 14761 
34147 18463 18603 15683 
34148 615 18616 12723 
34149 16103 18780 16104 
34150 18678 18804 12701 
34151 14761 18710 18706 
34152 15737 18546 16579 
34153 16118 18639 18294 
34154 14831 18536 14436 
34155 15788 18636 17521 
34156 16130 18646 18492 
34157 17547 18614 17548 
34158 16158 18537 14310 
34159 17254 18845 12663 
34160 15903 18539 15691 
34161 12874 18538 12877 
34162 16694 18885 18666 
34163 16239 18643 18490 
34164 15694 18540 15946 
34165 645 18619 646 
34166 15115 18642 15957 
34167 12673 18669 901 
34168 14151 18586 18457 
34169 16788 18541 16088 
34170 18533 18702 13201 
34171 17724 18747 12751 
34172 18491 18493 15723 
34173 15033 18644 16129 
34174 12753 18674 18284 
34175 14846 18645 16128 
34176 16745 18548 14977 
34177 17997 18621 18085 
34178 17669 18647 17557 
34179 16198 18805 16463 
34180 17296 18578 15791 
34181 15538 18542 16020 
34182 15538 18544 18542 
34183 12885 18543 17448 
34184 15695 18544 15538 
34185 18600 18872 16594 
34186 18543 18545 17448 
34187 17448 18545 15616 
34188 18545 18547 15616 
34189 15616 18547 15759 
34190 15695 18549 18544 
34191 16306 18549 15695 
34192 17254 18918 12720 
34193 12646 18628 744 
34194 18280 18691 12621 
34195 15064 18550 15065 
34196 12663 18918 17254 
34197 15728 18552 17523 
34198 12627 18903 17525 
34199 17525 18903 12730 
34200 16209 18662 15796 
34201 13560 18553 13559 
34202 18132 18667 17628 
34203 16554 18689 16192 
34204 716 18633 12730 
34205 1017 18753 1018 
34206 18715 18716 16159 
34207 15673 18657 16168 
34208 676 18634 12641 
34209 17446 18554 15530 
34210 821 18653 12718 
34211 18554 18555 15530 
34212 694 18635 695 
34213 12713 18892 18375 
34214 12664 18653 820 
34215 16159 18716 16160 
34216 17524 18601 18217 
34217 18217 18601 12734 
34218 15619 18664 17854 
34219 15530 18555 17894 
34220 16509 18592 16282 
34221 15684 18603 18463 
34222 12750 18638 771 
34223 18556 18559 15745 
34224 12699 18758 16454 
34225 12607 18725 16394 
34226 16158 18714 18709 
34227 15902 18557 14866 
34228 666 18639 12643 
34229 656 18640 12647 
34230 15068 18663 15069 
34231 12741 18667 18132 
34232 15745 18559 14718 
34233 15750 18911 16460 
34234 18560 18561 13345 
34235 13346 18560 13345 
34236 17894 18556 15745 
34237 13345 18561 17218 
34238 15846 18558 16254 
34239 15932 18651 16185 
34240 17023 18493 18491 
34241 18555 18556 17894 
34242 15746 18562 17135 
34243 12681 18689 16554 
34244 15826 18665 15828 
34245 959 18689 960 
34246 18677 18894 16195 
34247 16386 18563 12696 
34248 13135 18666 13141 
34249 15726 18564 16107 
34250 12655 18833 16580 
34251 15832 18565 15834 
34252 14845 18664 16094 
34253 762 18652 763 
34254 16096 18567 16633 
34255 956 18695 16421 
34256 12669 18695 955 
34257 629 18654 12743 
34258 16460 18783 16459 
34259 12620 18613 18281 
34260 761 18655 762 
34261 15755 18566 17566 
34262 16169 18671 15837 
34263 17382 18671 17383 
34264 1006 18668 12652 
34265 18514 18577 16080 
34266 18333 18634 675 
34267 15294 18569 14683 
34268 13361 18570 13620 
34269 15896 18678 18203 
34270 18568 18571 16093 
34271 16187 18809 16497 
34272 16093 18571 16092 
34273 18437 18623 16015 
34274 18303 18633 715 
34275 725 18741 18580 
34276 16106 18634 18333 
34277 18602 18897 648 
34278 15802 18677 16195 
34279 18013 18568 16093 
34280 789 18659 790 
34281 16332 18774 12613 
34282 712 18660 713 
34283 15703 18572 16281 
34284 16763 18608 12683 
34285 16264 18658 12721 
34286 772 18638 18304 
34287 17488 18853 12731 
34288 18664 18756 16094 
34289 840 18661 841 
34290 16406 18750 16407 
34291 18294 18639 665 
34292 12781 18573 13242 
34293 16497 18809 855 
34294 632 18574 633 
34295 15882 18575 15879 
34296 17735 18626 12631 
34297 16336 18766 12723 
34298 18062 18674 16115 
34299 1016 18658 1017 
34300 15792 18576 17302 
34301 12598 18817 16432 
34302 12705 18842 16449 
34303 16080 18577 15758 
34304 15791 18578 14804 
34305 16465 18730 18656 
34306 15900 18839 18296 
34307 12702 18883 16462 
34308 12606 18882 16435 
34309 12714 18719 16289 
34310 18302 18915 18708 
34311 15761 18719 16568 
34312 638 18673 639 
34313 16291 18579 14449 
34314 12618 18675 662 
34315 663 18675 12746 
34316 726 18580 12736 
34317 18302 18654 628 
34318 12602 18721 944 
34319 945 18721 12704 
34320 12670 18581 941 
34321 10 18788 843 
34322 15847 18693 16242 
34323 16332 18693 15849 
34324 12683 18608 17749 
34325 842 18788 10 
34326 16694 18699 15533 
34327 15392 18583 15869 
34328 15172 18582 14830 
34329 16380 18670 16383 
34330 15168 18584 15866 
34331 17693 18806 12746 
34332 16996 18585 14862 
34333 15533 18699 16728 
34334 14803 18587 14931 
34335 15311 18701 17007 
34336 12738 18589 634 
34337 16297 18588 15181 
34338 16051 18698 15790 
34339 16183 18700 15860 
34340 18176 18667 16181 
34341 12632 18590 788 
34342 17445 18618 18520 
34343 16426 18795 16425 
34344 13130 18699 13135 
34345 18375 18892 16176 
34346 17556 18591 17312 
34347 12763 18788 16330 
34348 16456 18801 16455 
34349 16186 18704 15839 
34350 15841 18704 16208 
34351 17735 18844 18626 
34352 17649 18782 18368 
34353 12640 18859 18050 
34354 728 18684 12625 
34355 12736 18684 727 
34356 16246 18705 15075 
34357 18428 18791 15944 
34358 796 18687 12726 
34359 16424 18816 16423 
34360 14967 18705 15077 
34361 12643 18685 667 
34362 18420 18592 16278 
34363 12664 18904 16561 
34364 12639 18686 774 
34365 16330 18661 16329 
34366 917 18733 12613 
34367 12703 18733 916 
34368 15900 18707 15899 
34369 15853 18709 15028 
34370 884 18738 885 
34371 15812 18892 16436 
34372 15702 18713 17058 
34373 735 18690 736 
34374 15036 18713 16199 
34375 631 18692 12623 
34376 12743 18692 630 
34377 16526 18759 16209 
34378 17850 18712 17853 
34379 16282 18592 18420 
34380 15031 18714 16159 
34381 16046 18712 17850 
34382 927 18743 12711 
34383 12676 18743 926 
34384 991 18624 992 
34385 16426 18679 16639 
34386 14420 18715 16158 
34387 17466 18594 15511 
34388 16077 18722 16650 
34389 881 18750 16406 
34390 12678 18750 880 
34391 18594 18595 15511 
34392 686 18696 12638 
34393 636 18697 12645 
34394 15173 18720 14895 
34395 16179 18691 18169 
34396 15511 18595 15863 
34397 16152 18649 18366 
34398 16524 18702 18533 
34399 17570 18755 18301 
34400 12668 18679 16426 
34401 12748 18902 18497 
34402 16190 18739 16191 
34403 17588 18697 18589 
34404 12687 18718 1014 
34405 14818 18712 18108 
34406 17748 18723 998 
34407 999 18723 12716 
34408 12692 18624 991 
34409 1015 18718 12721 
34410 15102 18729 15104 
34411 18388 18641 16566 
34412 16561 18904 16595 
34413 16724 18728 16225 
34414 775 18686 18295 
34415 12673 18917 16804 
34416 16635 18827 16411 
34417 16158 18709 18537 
34418 668 18596 669 
34419 15823 18730 15826 
34420 17679 18597 17543 
34421 16433 18791 12706 
34422 764 18598 765 
34423 811 18826 12 
34424 12742 18767 18245 
34425 17731 18732 17476 
34426 12752 18765 17657 
34427 15816 18740 16203 
34428 12672 18811 16465 
34429 15812 18740 15813 
34430 12 18826 812 
34431 16182 18814 16151 
34432 17720 18735 17719 
34433 15081 18683 17541 
34434 17799 18602 17798 
34435 17740 18599 17395 
34436 990 18727 12692 
34437 16122 18737 17732 
34438 16072 18748 16116 
34439 16230 18746 16229 
34440 15082 18749 15081 
34441 18336 18787 15363 
34442 12612 18841 17020 
34443 16170 18747 16076 
34444 902 18797 903 
34445 12766 18727 989 
34446 12602 18907 18721 
34447 17478 18751 17477 
34448 12682 18884 18005 
34449 17723 18747 17724 
34450 818 18600 819 
34451 16193 18854 18611 
34452 18345 18860 12693 
34453 16437 18791 18428 
34454 15736 18657 18373 
34455 856 18809 12614 
34456 17326 18601 17524 
34457 16417 18877 12611 
34458 12648 18602 647 
34459 17639 18775 16084 
34460 18535 18898 804 
34461 16279 18603 15153 
34462 16136 18807 16613 
34463 16221 18860 18345 
34464 17905 18794 17639 
34465 679 18731 12739 
34466 17032 18604 15114 
34467 18294 18806 16118 
34468 12612 18824 923 
34469 924 18824 16463 
34470 17730 18785 18452 
34471 18074 18744 16051 
34472 17499 18769 17496 
34473 12697 18836 920 
34474 838 18784 18345 
34475 922 18841 12612 
34476 16117 18766 16336 
34477 12637 18741 724 
34478 16454 18917 12673 
34479 16194 18605 15776 
34480 16123 18774 16332 
34481 17559 18771 12744 
34482 18497 18902 18209 
34483 16084 18763 16081 
34484 16482 18889 12754 
34485 18043 18764 17549 
34486 15100 18778 15099 
34487 17497 18769 18050 
34488 18021 18768 17645 
34489 16106 18754 15864 
34490 12760 18742 18273 
34491 12634 18752 794 
34492 12734 18734 721 
34493 17760 18606 17990 
34494 16174 18907 16578 
34495 16635 18798 14788 
34496 16208 18781 16109 
34497 16483 18720 16401 
34498 17403 18840 17402 
34499 18580 18741 16164 
34500 18245 18767 18243 
34501 17799 18897 18602 
34502 17510 18607 17509 
34503 16417 18787 18336 
34504 753 18755 12644 
34505 743 18757 12646 
34506 16104 18608 16105 
34507 15361 18787 15364 
34508 17255 18803 17253 
34509 12690 18772 607 
34510 17504 18777 18126 
34511 16470 18726 15808 
34512 12616 18847 17568 
34513 17253 18803 15972 
34514 17020 18838 12612 
34515 17549 18614 17547 
34516 18607 18870 17810 
34517 711 18762 712 
34518 12665 18784 837 
34519 16747 18802 16132 
34520 15095 18792 15092 
34521 16143 18793 17572 
34522 15091 18792 16091 
34523 12717 18722 16473 
34524 12737 18770 684 
34525 16610 18609 15862 
34526 16113 18805 16198 
34527 18484 18855 807 
34528 18596 18685 16162 
34529 18336 18877 16417 
34530 16118 18806 16085 
34531 18574 18831 12738 
34532 18243 18767 15762 
34533 16105 18832 17024 
34534 15897 18845 16795 
34535 16153 18812 16204 
34536 18345 18784 16220 
34537 16624 18631 16259 
34538 17905 18819 18794 
34539 15056 18911 15750 
34540 15951 18611 17269 
34541 16213 18628 16210 
34542 15327 18912 15329 
34543 16161 18800 18094 
34544 16337 18612 16025 
34545 813 18610 18009 
34546 18333 18754 16106 
34547 15859 18830 16183 
34548 16198 18838 16145 
34549 16147 18838 17020 
34550 17560 18825 16142 
34551 17576 18908 17367 
34552 17587 18831 16137 
34553 16447 18796 18564 
34554 16434 18679 12668 
34555 17488 18834 17486 
34556 15050 18851 15950 
34557 12720 18918 1009 
34558 16260 18631 16262 
34559 16907 18875 15811 
34560 17709 18818 17950 
34561 15878 18852 15875 
34562 1010 18918 12663 
34563 12661 18901 18535 
34564 12714 18833 831 
34565 12630 18786 623 
34566 624 18786 12761 
34567 12599 18615 958 
34568 832 18833 12655 
34569 17311 18857 17313 
34570 17290 18881 17336 
34571 18506 18656 15822 
34572 17980 18613 16171 
34573 687 18789 688 
34574 16140 18835 18272 
34575 16121 18874 16164 
34576 18498 18768 12660 
34577 17534 18878 17532 
34578 15950 18676 16605 
34579 17539 18866 17498 
34580 12717 18900 1004 
34581 16215 18873 17481 
34582 826 18899 12715 
34583 992 18868 993 
34584 987 18815 9 
34585 18672 18852 16451 
34586 17553 18902 17554 
34587 18301 18755 752 
34588 12663 18850 1011 
34589 614 18616 615 
34590 18298 18757 742 
34591 14653 18617 14754 
34592 18537 18709 15853 
34593 16201 18901 15775 
34594 688 18789 18123 
34595 17686 18618 17445 
34596 9 18815 988 
34597 16165 18867 16189 
34598 17555 18879 18607 
34599 644 18808 645 
34600 12684 18872 817 
34601 671 18810 12622 
34602 12747 18810 670 
34603 646 18619 12648 
34604 808 18855 12691 
34605 17505 18620 17546 
34606 805 18898 12685 
34607 18610 18876 18009 
34608 12634 18818 18752 
34609 609 18884 12682 
34610 16172 18890 16201 
34611 18626 18844 16163 
34612 722 18828 723 
34613 16566 18641 16131 
34614 677 18829 678 
34615 16201 18898 18535 
34616 1012 18622 1013 
34617 16259 18631 16260 
34618 18740 18882 16203 
34619 16367 18624 16365 
34620 793 18893 12634 
34621 15861 18626 16163 
34622 16893 18672 16446 
34623 758 18847 12616 
34624 12758 18847 757 
34625 17802 18623 16120 
34626 12658 18724 18293 
34627 18279 18865 17559 
34628 718 18903 12627 
34629 12730 18903 717 
34630 649 18897 12757 
34631 14260 18625 16015 
34632 12754 18889 654 
34633 746 18887 12756 
34634 732 18859 733 
34635 12597 18627 883 
34636 637 18879 638 
34637 16464 18656 12712 
34638 18550 18888 15068 
34639 18085 18621 17708 
34640 18289 18614 12615 
34641 17766 18840 12737 
34642 15811 18648 16173 
34643 16462 18641 12678 
34644 16084 18775 18763 
34645 16189 18855 18484 
34646 12728 18846 18272 
34647 695 18745 696 
34648 16183 18762 18700 
34649 744 18628 745 
34650 18364 18782 12630 
34651 16360 18630 16364 
34652 17671 18819 17905 
34653 15782 18629 17817 
34654 16100 18736 15843 
34655 12754 18764 18127 
34656 18391 18680 12695 
34657 12653 18807 18477 
34658 914 18632 915 
34659 12742 18848 18767 
34660 15808 18726 15014 
34661 715 18633 716 
34662 675 18634 676 
34663 12735 18635 694 
34664 17518 18636 15788 
34665 12718 18894 18677 
34666 14837 18637 15868 
34667 16370 18880 15099 
34668 18286 18764 12754 
34669 771 18638 772 
34670 17646 18768 18498 
34671 17738 18722 12717 
34672 17639 18794 18775 
34673 665 18639 666 
34674 18428 18896 12669 
34675 655 18640 656 
34676 15786 18877 18336 
34677 18298 18771 18063 
34678 17835 18861 17671 
34679 16410 18798 16411 
34680 16630 18899 18477 
34681 18291 18779 18292 
34682 16218 18651 15932 
34683 16222 18642 15115 
34684 12739 18731 18552 
34685 16196 18896 18428 
34686 18643 18644 15435 
34687 15435 18644 15033 
34688 17579 18643 15435 
34689 16446 18672 12605 
34690 14432 18645 14846 
34691 17205 18646 14432 
34692 14432 18646 18645 
34693 17554 18673 17555 
34694 18051 18647 17669 
34695 15117 18720 16483 
34696 12603 18648 16399 
34697 16299 18669 16298 
34698 12721 18658 1016 
34699 18590 18735 17720 
34700 12620 18820 18613 
34701 668 18685 18596 
34702 928 18650 929 
34703 16200 18831 18574 
34704 763 18652 12642 
34705 17795 18651 12665 
34706 820 18653 821 
34707 16424 18912 18816 
34708 12712 18656 18506 
34709 18535 18901 16201 
34710 628 18654 629 
34711 12745 18655 761 
34712 12680 18728 16448 
34713 18477 18899 825 
34714 16189 18856 16166 
34715 12693 18661 840 
34716 16272 18681 17846 
34717 18609 18862 15862 
34718 18050 18859 18051 
34719 18368 18837 14818 
34720 12723 18766 18251 
34721 12671 18688 16460 
34722 18611 18854 16402 
34723 12701 18804 16441 
34724 17559 18865 16179 
34725 16229 18760 16134 
34726 18477 18807 16629 
34727 18651 18906 16185 
34728 16428 18756 18664 
34729 790 18659 12686 
34730 713 18660 12636 
34731 16097 18771 17559 
34732 16173 18842 18550 
34733 732 18813 18051 
34734 16164 18874 18580 
34735 15069 18663 15072 
34736 16294 18796 12679 
34737 15796 18662 16698 
34738 17686 18700 18618 
34739 17854 18664 14845 
34740 16440 18888 18550 
34741 18366 18649 18004 
34742 12662 18670 16380 
34743 18758 18917 16454 
34744 16115 18839 15900 
34745 17741 18719 12714 
34746 18009 18662 12722 
34747 16099 18725 18443 
34748 18452 18785 16321 
34749 15828 18665 16079 
34750 17657 18765 16139 
34751 13141 18666 13151 
34752 18599 18734 12734 
34753 18564 18796 16107 
34754 12645 18870 18607 
34755 18373 18657 15673 
34756 18629 18869 17817 
34757 17671 18861 18819 
34758 17628 18667 18176 
34759 16207 18761 16206 
34760 1005 18668 1006 
34761 16527 18678 15896 
34762 15874 18672 16893 
34763 901 18669 902 
34764 16460 18911 18783 
34765 16322 18785 12716 
34766 15837 18671 17382 
34767 639 18673 12748 
34768 662 18675 663 
34769 12601 18676 16404 
34770 17533 18674 18062 
34771 17846 18681 14277 
34772 12652 18803 17255 
34773 18635 18751 17478 
34774 16119 18758 18575 
34775 16639 18679 15852 
34776 18484 18856 16189 
34777 16465 18811 18665 
34778 16650 18910 18452 
34779 12634 18893 18606 
34780 16613 18677 15802 
34781 14831 18773 18536 
34782 18607 18879 12645 
34783 12647 18707 18297 
34784 12758 18744 17567 
34785 18459 18658 16264 
34786 12718 18677 17783 
34787 18725 18908 16394 
34788 18581 18736 16100 
34789 16394 18682 16393 
34790 18614 18886 17548 
34791 16091 18680 16090 
34792 16429 18694 16416 
34793 16377 18683 16376 
34794 18443 18725 16431 
34795 16163 18844 18612 
34796 12733 18754 18333 
34797 17560 18765 18282 
34798 18602 18881 17798 
34799 12617 18746 18287 
34800 727 18684 728 
34801 18332 18840 17766 
34802 18006 18858 18582 
34803 17498 18690 17499 
34804 16262 18773 16263 
34805 667 18685 668 
34806 774 18686 775 
34807 12648 18881 18602 
34808 16090 18680 18391 
34809 795 18687 796 
34810 16183 18830 18660 
34811 960 18689 12681 
34812 736 18690 12749 
34813 18149 18913 16157 
34814 14277 18681 18448 
34815 630 18692 631 
34816 15849 18693 15847 
34817 15311 18905 18701 
34818 818 18872 18600 
34819 16156 18848 18295 
34820 18550 18842 16440 
34821 18452 18910 12596 
34822 12735 18776 18751 
34823 18169 18691 17540 
34824 16422 18711 12608 
34825 955 18695 956 
34826 16176 18892 15812 
34827 16294 18827 16635 
34828 12740 18813 731 
34829 18613 18820 16171 
34830 685 18696 686 
34831 16728 18699 13130 
34832 635 18697 636 
34833 15790 18698 17569 
34834 15860 18700 17686 
34835 16331 18860 16221 
34836 17007 18701 15051 
34837 12674 18703 16430 
34838 12684 18759 16606 
34839 18656 18730 15822 
34840 18497 18825 12619 
34841 12642 18812 18598 
34842 15839 18704 15841 
34843 16431 18725 12607 
34844 13201 18702 18166 
34845 15075 18705 14967 
34846 18702 18706 18166 
34847 17747 18780 12654 
34848 18605 18711 17262 
34849 16444 18726 16470 
34850 1012 18850 18622 
34851 17946 18759 12684 
34852 16213 18887 18628 
34853 12644 18698 18300 
34854 15899 18707 17689 
34855 18706 18710 15854 
34856 15028 18709 15029 
34857 15854 18710 15853 
34858 18721 18907 16214 
34859 15077 18708 18021 
34860 15014 18726 15702 
34861 18166 18706 15854 
34862 18709 18714 15029 
34863 18604 18817 16222 
34864 17058 18713 15036 
34865 16094 18756 16187 
34866 18274 18790 18776 
34867 18108 18712 16046 
34868 18274 18776 12735 
34869 15029 18714 15031 
34870 18682 18822 16392 
34871 15043 18715 14420 
34872 15043 18716 18715 
34873 16289 18719 15761 
34874 16141 18716 15043 
34875 1014 18718 1015 
34876 18299 18744 12758 
34877 18628 18887 745 
34878 15843 18736 16885 
34879 17629 18914 12659 
34880 14895 18720 15117 
34881 944 18721 945 
34882 18575 18758 16452 
34883 604 18909 12764 
34884 16473 18722 16077 
34885 998 18723 999 
34886 17795 18906 18651 
34887 16134 18760 18167 
34888 16139 18765 17560 
34889 655 18889 18640 
34890 18209 18825 18497 
34891 16422 18816 18711 
34892 16452 18758 12699 
34893 18522 18905 15311 
34894 12744 18771 18298 
34895 12746 18806 18294 
34896 795 18752 18687 
34897 16527 18804 18678 
34898 18536 18773 16262 
34899 14818 18837 18712 
34900 18167 18760 12756 
34901 18722 18910 16650 
34902 18552 18731 17523 
34903 12679 18796 16447 
34904 12716 18785 17730 
34905 18582 18858 16267 
34906 696 18745 12658 
34907 18811 18891 16079 
34908 16191 18739 16550 
34909 17732 18724 17731 
34910 16169 18895 18277 
34911 1005 18900 18668 
34912 15874 18852 18672 
34913 989 18727 990 
34914 15105 18729 15102 
34915 16116 18728 16724 
34916 18289 18886 18614 
34917 685 18770 18696 
34918 18674 18839 16115 
34919 18736 18864 16885 
34920 15822 18730 15823 
34921 678 18731 679 
34922 721 18734 722 
34923 916 18733 917 
34924 17476 18732 17478 
34925 12750 18793 18638 
34926 12736 18874 17703 
34927 17719 18735 17619 
34928 885 18738 12680 
34929 18600 18904 12664 
34930 16170 18820 18283 
34931 12733 18895 18754 
34932 15813 18740 15816 
34933 18525 18815 987 
34934 724 18741 725 
34935 16081 18742 16122 
34936 16459 18783 16415 
34937 926 18743 927 
34938 18700 18762 12732 
34939 12724 18849 18160 
34940 15856 18885 16693 
34941 12632 18835 18735 
34942 16436 18882 18740 
34943 16396 18891 18811 
34944 18708 18915 18021 
34945 17567 18744 18074 
34946 16396 18811 12672 
34947 18293 18737 12760 
34948 16411 18827 16461 
34949 16263 18773 16265 
34950 12655 18862 17776 
34951 16605 18748 16072 
34952 16076 18747 17723 
34953 15085 18749 15082 
34954 880 18750 881 
34955 12669 18896 18695 
34956 12628 18790 18274 
34957 794 18752 795 
34958 12616 18869 18285 
34959 17477 18751 17736 
34960 18126 18746 16230 
34961 17648 18782 17649 
34962 12654 18780 18567 
34963 16606 18759 16526 
34964 12614 18756 16428 
34965 16693 18885 16694 
34966 12628 18823 18790 
34967 12670 18864 18736 
34968 752 18755 753 
34969 18752 18818 17710 
34970 16809 18863 12704 
34971 18021 18915 18768 
34972 742 18757 743 
34973 16698 18876 18871 
34974 16185 18906 18609 
34975 18598 18812 16154 
34976 16179 18865 18691 
34977 18642 18795 15957 
34978 17548 18886 18597 
34979 12704 18863 16434 
34980 731 18813 732 
34981 16456 18905 18522 
34982 12732 18762 711 
34983 18273 18763 12633 
34984 18131 18761 16207 
34985 12735 18751 18635 
34986 18751 18776 17736 
34987 16160 18766 16117 
34988 18127 18764 18043 
34989 15762 18767 17513 
34990 17627 18914 17629 
34991 17496 18769 17497 
34992 17645 18768 17646 
34993 684 18770 685 
34994 18655 18913 18149 
34995 12632 18735 18590 
34996 18063 18771 16097 
34997 12756 18760 18288 
34998 16151 18814 16480 
34999 15105 18832 18729 
35000 607 18772 608 
35001 12643 18800 18685 
35002 16434 18863 18679 
35003 16125 18774 16123 
35004 18567 18780 16103 
35005 15864 18754 18383 
35006 15068 18888 18663 
35007 16321 18785 16322 
35008 18282 18765 12752 
35009 16425 18795 16408 
35010 15104 18778 15100 
35011 18295 18848 12742 
35012 17655 18777 17504 
35013 17736 18776 17493 
35014 18735 18835 17619 
35015 16109 18781 16111 
35016 16440 18842 12705 
35017 16455 18801 12708 
35018 12608 18711 18605 
35019 17853 18837 18364 
35020 18276 18853 18823 
35021 18276 18823 12628 
35022 18647 18813 12740 
35023 18776 18790 17493 
35024 16433 18817 18604 
35025 843 18788 12763 
35026 837 18784 838 
35027 16125 18799 18774 
35028 12633 18775 18270 
35029 16267 18821 16266 
35030 16480 18814 18799 
35031 12764 18753 18459 
35032 18606 18893 17990 
35033 16168 18914 17627 
35034 18283 18820 12620 
35035 18244 18843 12741 
35036 16402 18854 16479 
35037 623 18786 624 
35038 15363 18787 15361 
35039 12659 18779 18291 
35040 12638 18789 687 
35041 16423 18816 16422 
35042 18781 18805 16111 
35043 18277 18895 12733 
35044 18763 18775 12633 
35045 17493 18790 17744 
35046 15085 18920 18749 
35047 12706 18791 16437 
35048 11 18909 604 
35049 15092 18792 15091 
35050 18767 18848 17513 
35051 16144 18793 16143 
35052 16107 18796 16294 
35053 16157 18913 18629 
35054 18830 18916 12636 
35055 18566 18869 12616 
35056 903 18797 12609 
35057 812 18826 18610 
35058 18546 18862 12655 
35059 14788 18798 17063 
35060 15972 18803 16626 
35061 16480 18799 16125 
35062 16162 18800 16161 
35063 16629 18807 16136 
35064 16132 18802 16133 
35065 16135 18804 16527 
35066 16111 18805 16113 
35067 16085 18806 17693 
35068 18790 18823 17744 
35069 12670 18736 18581 
35070 12752 18808 644 
35071 855 18809 856 
35072 12766 18815 18525 
35073 16432 18817 16433 
35074 670 18810 671 
35075 12765 18826 811 
35076 18794 18819 12759 
35077 18270 18794 12759 
35078 18836 18841 921 
35079 16154 18812 16153 
35080 16952 18891 16395 
35081 15099 18880 18530 
35082 18272 18835 12632 
35083 18772 18884 608 
35084 18375 18864 12670 
35085 1018 18909 11 
35086 17710 18818 17709 
35087 16171 18820 16170 
35088 18679 18863 15852 
35089 988 18815 12766 
35090 923 18824 924 
35091 17541 18822 15179 
35092 17744 18823 17777 
35093 723 18828 12637 
35094 17740 18734 18599 
35095 12641 18829 677 
35096 17479 18830 15859 
35097 17024 18832 15105 
35098 16137 18831 16200 
35099 17810 18870 17588 
35100 831 18833 832 
35101 16195 18894 16561 
35102 16593 18904 18600 
35103 920 18836 921 
35104 17619 18835 16140 
35105 18211 18821 12690 
35106 18701 18905 16457 
35107 16145 18838 16147 
35108 15862 18862 18546 
35109 12731 18853 18276 
35110 18775 18794 18270 
35111 18823 18853 17777 
35112 16255 18845 15897 
35113 921 18841 922 
35114 16142 18825 18209 
35115 17402 18840 18332 
35116 17486 18834 18123 
35117 18716 18717 16160 
35118 16141 18717 18716 
35119 757 18847 758 
35120 16885 18864 16176 
35121 12715 18844 17735 
35122 12759 18819 18290 
35123 18754 18895 18383 
35124 17513 18848 16156 
35125 15051 18851 15050 
35126 18697 18870 12645 
35127 1011 18850 1012 
35128 18292 18846 12728 
35129 18667 18843 16181 
35130 15875 18852 15874 
35131 807 18855 808 
35132 17777 18853 17488 
35133 17479 18916 18830 
35134 17312 18857 17311 
35135 733 18859 12640 
35136 16435 18882 16436 
35137 16470 18883 12702 
35138 15852 18863 16809 
35139 18653 18894 12718 
35140 18303 18916 16167 
35141 17817 18869 18566 
35142 18821 18919 16266 
35143 16395 18891 16396 
35144 17540 18866 17539 
35145 18580 18874 12736 
35146 16436 18892 12713 
35147 16595 18904 16593 
35148 993 18868 12683 
35149 18296 18839 12753 
35150 18638 18793 16144 
35151 15117 18875 16907 
35152 817 18872 818 
35153 17481 18873 17564 
35154 16079 18891 16952 
35155 17703 18874 16121 
35156 16697 18867 16165 
35157 12645 18879 637 
35158 12611 18877 16412 
35159 17532 18878 17533 
35160 608 18884 609 
35161 16439 18888 16440 
35162 16371 18880 16370 
35163 16698 18871 16697 
35164 17798 18881 17290 
35165 745 18887 746 
35166 654 18889 655 
35167 18597 18886 12757 
35168 12636 18916 18303 
35169 792 18893 793 
35170 16697 18871 18867 
35171 16197 18896 16196 
35172 804 18898 805 
35173 648 18897 649 
35174 825 18899 826 
35175 1004 18900 1005 
35176 16457 18905 16456 
35177 717 18903 718 
35178 16214 18907 16174 
35179 18856 18890 18378 
35180 15732 18911 15056 
35181 17367 18908 16099 
35182 15729 18912 15327 
35183 16804 18917 16119 
35184 15775 18901 17886 
35185 16167 18916 17479 
35186 1009 18918 1010 
35187 12719 18906 17795 
35188 17789 18920 15085 
35189 18290 18861 12657 
35190 12596 18910 17738 
35191 12621 18865 18279 
35192 16176 18864 18375 
35193 12764 18919 18211 
35194 18209 18902 17553 
35195 12757 18886 18289 
35196 16166 18856 18378 
35197 18609 18906 12719 
35198 18211 18919 18821 
35199 16152 18849 18649 
35200 12660 18915 18302 
35201 12753 18839 18674 
35202 18819 18861 18290 
35203 18378 18890 16172 
35204 18383 18895 16169 
35205 16266 18919 18459 
35206 16099 18908 18725 
35207 12764 18909 18753 
35208 18459 18919 12764 
35209 16408 18795 18642 
35210 18712 18837 17853 
35211 16119 18917 18758 
35212 18660 18830 12636 
35213 18513 18885 15856 
35214 15179 18822 18682 
35215 18816 18912 15729 
35216 18610 18826 12765 
35217 17738 18910 18722 
35218 12658 18745 18732 
35219 18665 18811 16079 
35220 18724 18737 18293 
35221 18691 18865 12621 
35222 18612 18844 12715 
35223 18663 18888 16439 
35224 17732 18737 18724 
35225 18629 18913 12745 
35226 18685 18800 16162 
35227 18732 18745 17478 
35228 18649 18849 12724 
35229 18742 18763 18273 
35230 18051 18813 18647 
35231 18783 18911 15732 
35232 18695 18896 16197 
35233 16081 18763 18742 
35234 16561 18894 18653 
35235 12765 18876 18610 
35236 12741 18843 18667 
35237 17588 18870 18697 
35238 18779 18914 16168 
35239 18768 18915 12660 
35240 12745 18913 18655 
35241 16267 18858 18821 
35242 18821 18858 12690 
35243 18753 18909 1018 
35244 12659 18914 18779 
$EndElements
