$MeshFormat
4.1 0 8
$EndMeshFormat
$PhysicalNames
7
1 1 "r1"
1 2 "ground"
1 3 "flare"
1 4 "pipewall"
1 5 "x2"
1 6 "symmetry"
2 7 "domain1"
$EndPhysicalNames
$Entities
22 34 8 0
1 0 112.6386730104765 0 0 
2 0 0 0 0 
3 102.8838524839103 -45.85175629820566 0 0 
4 12.23606797749979 -0.5278640450004204 0 0 
5 10 -5 0 0 
6 5 -5 0 0 
7 5 -10 0 0 
8 0 -10 0 0 
9 0 216.5723331942687 0 0 
10 195.8926206788413 -92.35614039567119 0 0 
11 0 310.5354291862002 0 0 
12 279.9513938489505 -134.3855269807258 0 0 
13 0 392.6009975037909 0 0 
14 353.3605965891838 -171.0901283508425 0 0 
15 0 459.3033881724511 0 0 
16 413.0251646066029 -200.922412359552 0 0 
17 0 500 0 0 
18 449.4273022386378 -219.1234811755695 0 0 
19 0 600 0 0 
20 538.8737483541204 -263.8467042333107 0 0 
21 0 1250 0 0 
22 1120.261112419707 -554.5403862661042 0 0 
1 0 -45.85175629820567 0 112.6089131571392 112.6386730104765 0 1 1 2 1 -3 
2 12.23606797749979 -45.85175629820566 0 102.8838524839103 -0.5278640450004204 0 1 2 2 3 -4 
3 4.999999999999998 -5 0 12.23606797749979 -0.0003334422902803169 0 1 3 2 4 -6 
4 5 -10 0 5 -5 0 1 4 2 6 -7 
5 0 -10 0 5 -10 0 1 5 2 7 -8 
6 0 -10 0 0 112.6386730104765 0 1 6 2 8 -1 
7 0 -92.35614039567122 0 216.5678850820005 216.5723331942687 0 0 2 9 -10 
8 0 112.6386730104765 0 0 216.5723331942687 0 0 2 1 -9 
9 102.8838524839103 -92.35614039567119 0 195.8926206788413 -45.85175629820566 0 0 2 10 -3 
10 7.105427357601002e-15 -45.85175629820567 0 112.6089131571392 112.6386730104766 0 0 2 3 -1 
11 0 -134.3855269807258 0 310.5352816582471 310.5354291862002 0 0 2 11 -12 
12 195.8926206788413 -134.3855269807258 0 279.9513938489505 -92.35614039567119 0 0 2 12 -10 
13 2.842170943040401e-14 -92.35614039567128 0 216.5678850820006 216.5723331942687 0 0 2 10 -9 
14 0 216.5723331942687 0 0 310.5354291862002 0 0 2 9 -11 
15 0 -171.0901283508425 0 392.6004674455814 392.6009975037909 0 0 2 13 -14 
16 279.9513938489505 -171.0901283508425 0 353.3605965891838 -134.3855269807258 0 0 2 14 -12 
17 -2.842170943040401e-14 -134.3855269807258 0 310.5352816582472 310.5354291862003 0 0 2 12 -11 
18 0 310.5354291862002 0 0 392.6009975037909 0 0 2 11 -13 
19 0 -200.9224123595521 0 459.3012069728937 459.3033881724511 0 0 2 15 -16 
20 353.3605965891838 -200.922412359552 0 413.0251646066029 -171.0901283508425 0 0 2 16 -14 
21 1.70530256582424e-13 -171.0901283508425 0 392.6004674455816 392.6009975037911 0 0 2 14 -13 
22 0 392.6009975037909 0 0 459.3033881724511 0 0 2 13 -15 
23 0 -219.1234811755694 0 499.9964448012176 500 0 0 2 17 -18 
24 413.0251646066029 -219.1234811755695 0 449.4273022386378 -200.922412359552 0 0 2 18 -16 
25 -2.273736754432321e-13 -200.9224123595521 0 459.3012069728938 459.303388172451 0 0 2 16 -15 
26 0 459.3033881724511 0 0 500 0 0 2 15 -17 
27 0 -263.8467042333107 0 599.9922964533503 600 0 0 2 19 -20 
28 449.4273022386378 -263.8467042333107 0 538.8737483541204 -219.1234811755695 0 0 2 20 -18 
29 0 -219.1234811755695 0 499.9964448012176 500.0000000000001 0 0 2 18 -17 
30 0 500 0 0 600 0 0 2 17 -19 
31 0 -554.5403862661042 0 1249.955502078688 1250 0 0 2 21 -22 
32 538.8737483541204 -554.5403862661042 0 1120.261112419707 -263.8467042333107 0 0 2 22 -20 
33 0 -263.8467042333108 0 599.9922964533504 600.0000000000001 0 0 2 20 -19 
34 0 600 0 0 1250 0 0 2 19 -21 
2 0 -45.85175629820567 0 112.6089131571392 112.6386730104765 0 1 7 6 -2 -1 -6 -5 -4 -3 
3 0 -92.35614039567122 0 216.5678850820005 216.5723331942687 0 0 4 -10 -9 -7 -8 
4 0 -134.3855269807258 0 310.5352816582471 310.5354291862002 0 0 4 -14 -13 -12 -11 
5 -2.842170943040401e-14 -171.0901283508425 0 392.6004674455814 392.6009975037909 0 0 4 -18 -17 -16 -15 
6 0 -200.9224123595521 0 459.3012069728937 459.3033881724511 0 0 4 -22 -21 -20 -19 
7 -2.273736754432321e-13 -219.1234811755694 0 499.9964448012176 500 0 0 4 -26 -25 -24 -23 
8 0 -263.8467042333107 0 599.9922964533503 600 0 0 4 -30 -29 -28 -27 
9 0 -554.5403862661042 0 1249.955502078688 1250 0 0 4 -34 -33 -32 -31 
$EndEntities
$Nodes
13 4897 1 8231
0 1 0 1
1
0 112.6386730104765 0
0 3 0 1
3
102.8838524839103 -45.85175629820566 0
0 4 0 1
4
12.23606797749979 -0.5278640450004204 0
0 6 0 1
6
5 -5 0
0 7 0 1
7
5 -10 0
0 8 0 1
8
0 -10 0
1 1 0 74
23
24
25
26
27
28
29
30
31
32
33
34
35
36
37
38
39
40
41
42
43
44
45
46
47
48
49
50
51
52
53
54
55
56
57
58
59
60
61
62
63
64
65
66
67
68
69
70
71
72
73
74
75
76
77
78
79
80
81
82
83
84
85
86
87
88
89
90
91
92
93
94
95
96
2.988388273260421 112.5990239437683 0
5.974672707329105 112.4801046567852 0
8.956750944372704 112.2819988692824 0
11.93252358812167 112.0048460486419 0
14.89989568350847 111.6488413114154 0
17.85677818822692 111.2142352862147 0
20.80108943831007 110.701333938397 0
23.73075662846868 110.1104983523435 0
26.64371725777511 109.4421444793951 0
29.5379205901449 108.6967428434328 0
32.41132909528237 107.8748182099899 0
35.26191987509433 106.9769492193691 0
38.08768610784124 106.0037679731792 0
40.88663843945348 104.9559595958346 0
43.65680638951577 103.834261751261 0
46.39623975362867 102.639464117292 0
49.10300995438011 101.3724078385292 0
51.77521141776767 100.0339849261565 0
54.41096289557846 98.6251376391285 0
57.00840880969287 97.14685781098629 0
59.56572054957969 95.60018615552187 0
62.08109775429294 93.98621153756002 0
64.55276958500413 92.30607020378683 0
66.97899598111456 90.56094497587188 0
69.3580688519135 88.75206444187246 0
71.68831333092893 86.8807020536069 0
73.96808891661951 84.94817525753055 0
76.19579063188203 82.95584456530749 0
78.36985017054762 80.90511258138741 0
80.4887369795149 78.79742303529682 0
82.55095935460785 76.63425974846326 0
84.55506548149991 74.4171455981773 0
86.49964446452552 72.14764143803826 0
88.383327304202 69.82734501754564 0
90.20478788657387 67.4578898269081 0
91.96274389010216 65.04094397965434 0
93.65595770719892 62.57820901486732 0
95.2832373037667 60.07141871535197 0
96.8434370685035 57.52233787251573 0
98.33545861496832 54.93276104971338 0
99.75825155984478 52.30451130910013 0
101.1108142446352 49.63943896084981 0
102.3921944614186 46.93942022368944 0
103.6014901121897 44.20635592417578 0
104.7378498494745 41.44217014672352 0
105.8004736672088 38.64880889956773 0
106.7886134736254 35.8282387222941 0
107.7015736175876 32.98244529831623 0
108.53871136823 30.11343208744427 0
109.299437379766 27.22321887704807 0
109.983216093784 24.31384040477899 0
110.5895661297742 21.38734487469994 0
111.1180606125068 18.44579256297555 0
111.5683274817582 15.49125432249462 0
111.9400497453384 12.52581017628104 0
112.2329657103403 9.551547802457996 0
112.4468691623485 6.57056109831884 0
112.5816095126953 3.584948687506773 0
112.6370919034084 0.5968124531174748 0
112.6132772744658 -2.391743938077695 0
112.5101823915152 -5.37861653113842 0
112.3278798338879 -8.361702552991005 0
112.0664979432137 -11.33890190030491 0
111.7262207336108 -14.30811860957051 0
111.3072877620202 -17.26726233726374 0
110.8099939596002 -20.21424983110711 0
110.2346894221099 -23.14700640627261 0
109.5817791674336 -26.06346738369396 0
108.8517228458453 -28.96157956763307 0
108.0450344232232 -31.83930266267715 0
107.1622818090428 -34.69461074922648 0
106.2040864682441 -37.52549366772923 0
105.1711229708933 -40.32995847508757 0
104.0641185315477 -43.1060308055965 0
1 2 0 86
97
98
99
100
101
102
103
104
105
106
107
108
109
110
111
112
113
114
115
116
117
118
119
120
121
122
123
124
125
126
127
128
129
130
131
132
133
134
135
136
137
138
139
140
141
142
143
144
145
146
147
148
149
150
151
152
153
154
155
156
157
158
159
160
161
162
163
164
165
166
167
168
169
170
171
172
173
174
175
176
177
178
179
180
181
182
100.2531203858318 -44.53639024916644 0
97.69110128234139 -43.25538069742122 0
95.19600012108602 -42.00783011679354 0
92.76606907385204 -40.79286459317655 0
90.39960628170239 -39.60963319710172 0
88.09495428677202 -38.45730719963654 0
85.85049811724892 -37.33507911487499 0
83.66466560966896 -36.24216286108501 0
81.53592547520557 -35.17779279385331 0
79.46278656122766 -34.14122333686436 0
77.4437968392469 -33.13172847587398 0
75.47754096709517 -32.14860053979811 0
73.56264298114264 -31.19115154682185 0
71.69776092951008 -30.25871052100557 0
69.88158830593933 -29.3506242092202 0
68.11285283887921 -28.46625647569013 0
66.3903153896218 -27.60498775106143 0
64.7127698654693 -26.76621498898518 0
63.07904042626193 -25.94935026938149 0
61.48798279775428 -25.15382145512767 0
59.9384827121683 -24.37907141233468 0
58.42945471274481 -23.62455741262293 0
56.95984123393434 -22.8897506732177 0
55.52861321444738 -22.17413666347421 0
54.13476784299296 -21.47721397774701 0
52.77732867475203 -20.79849439362654 0
51.455345054992 -20.13750258374653 0
50.16789047038522 -19.49377529144314 0
48.91406380723814 -18.8668619598696 0
47.69298599520084 -18.25632305385095 0
46.50380183083978 -17.66173097167042 0
45.34567846336948 -17.08266928793527 0
44.21780455248299 -16.51873233249202 0
43.11938964435672 -15.96952487842889 0
42.04966512742816 -15.43466261996461 0
41.00788069024045 -14.91377040137075 0
39.99330726673026 -14.40648368961565 0
39.00523332136303 -13.91244671693204 0
38.0429675044134 -13.43131380845723 0
37.10583533007184 -12.96274772128645 0
36.19318051702363 -12.50642031476235 0
35.30436369316401 -12.06201190283253 0
34.43876198200171 -11.62921104725138 0
33.59576942392587 -11.20771476821346 0
32.77479513476404 -10.79722762363255 0
31.9752641725233 -10.39746214251218 0
31.19661631369656 -10.00813821309881 0
30.43830633972342 -9.628983226112236 0
29.69980298878351 -9.259731550642281 0
28.98058874968952 -8.900124431095286 0
28.28015982519839 -8.549909968849722 0
27.59802578404874 -8.208842948274897 0
26.93370855581158 -7.87668433415632 0
26.2867428408898 -7.553201476695429 0
25.65667541850771 -7.238167765504381 0
25.04306492315336 -6.931362517827209 0
24.44548155303498 -6.632570832768019 0
23.86350670288469 -6.341583407692873 0
23.29673251293543 -6.058196312718244 0
22.74476224987192 -5.782211181186488 0
22.20720895103775 -5.513434531769399 0
21.68369628396646 -5.251678198233754 0
21.17385736992874 -4.996758741214895 0
20.67733494608435 -4.748497529292703 0
20.19378149458417 -4.506720803542613 0
19.7228581342628 -4.27125912338193 0
19.26423497753643 -4.041947545018743 0
18.81759071923775 -3.818625415869404 0
18.38261253016282 -3.601136321331936 0
17.95899570536512 -3.389327908933087 0
17.54644346021334 -3.183051786357194 0
17.1446667916023 -2.982163452051679 0
16.7533842074125 -2.786522159956777 0
16.3723217400799 -2.595990926290479 0
16.00121230759989 -2.410436210050471 0
15.63979608821524 -2.229728100358149 0
15.28781973643777 -2.053739924469411 0
14.94503681331608 -1.882348462908565 0
14.61120715138053 -1.71543363194079 0
14.28609682130228 -1.552878466901669 0
13.96947827018467 -1.394569191342862 0
13.66112948728559 -1.240394799893322 0
13.36083464574419 -1.090247379122623 0
13.06838321890718 -0.9440216657041159 0
12.78357045756976 -0.8016152850354062 0
12.5061968815167 -0.6629284970088766 0
1 3 0 33
183
184
185
186
187
188
189
190
191
192
193
194
195
196
197
198
199
200
201
202
203
204
205
206
207
208
209
210
211
212
213
214
215
11.96462844975932 -0.4021488655681447 0
11.68615683234346 -0.2928910001210427 0
11.40164987114069 -0.2004815201177408 0
11.11212591515723 -0.1252511912062895 0
10.81862127257599 -0.06746928929113594 0
10.52218649812845 -0.02734263585632046 0
10.22388263685166 -0.005014858388829424 0
9.92477742073665 -0.0005658756646278462 0
9.62594145325825 -0.01401161216660451 0
9.328444372557941 -0.04530394077992739 0
9.033351022381625 -0.09433085562536458 0
8.741717646916046 -0.1609168719769318 0
8.454588104385165 -0.2448236549111895 0
8.17299012872286 -0.3457508736364456 0
7.897931659196148 -0.4633372738773982 0
7.630397225099587 -0.5971619733194506 0
7.371344427450552 -0.7467459656276407 0
7.1217005058284 -0.9115538377212875 0
6.882359022007446 -1.090995685300201 0
6.654176663661759 -1.284429222580404 0
6.437970173747928 -1.491162084551262 0
6.234513431695031 -1.710454301287959 0
6.044534679780774 -1.941520949794974 0
5.868713918207773 -2.18353496197985 0
5.707680471005381 -2.43563008498941 0
5.562010732855617 -2.696903982741651 0
5.43222610660959 -2.96642146479143 0
5.318791136893578 -3.243217833658964 0
5.222111846848612 -3.526302339020779 0
5.142534285474719 -3.814661722455816 0
5.080343288610902 -4.107263845201603 0
5.035761459605623 -4.403061381662134 0
5.008948372228091 -4.700995570408411 0
1 4 0 11
216
217
218
219
220
221
222
223
224
225
226
5 -5.297315507797216 0
5 -5.612310276496056 0
5 -5.94603558155792 0
5 -6.299605359442432 0
5 -6.674199358090399 0
5 -7.07106790316184 0
5 -7.491535482589303 0
5 -7.93700525863981 0
5 -8.408964225732321 0
5 -8.908987214293788 0
5 -9.438743155730958 0
1 5 0 8
227
228
229
230
231
232
233
234
4.44444444444469 -10 0
3.888888888889378 -10 0
3.333333333334068 -10 0
2.777777777778759 -10 0
2.22222222222345 -10 0
1.666666666668141 -10 0
1.111111111112831 -10 0
0.5555555555565422 -10 0
1 6 0 82
235
236
237
238
239
240
241
242
243
244
245
246
247
248
249
250
251
252
253
254
255
256
257
258
259
260
261
262
263
264
265
266
267
268
269
270
271
272
273
274
275
276
277
278
279
280
281
282
283
284
285
286
287
288
289
290
291
292
293
294
295
296
297
298
299
300
301
302
303
304
305
306
307
308
309
310
311
312
313
314
315
316
0 -9.399682290276237 0
0 -8.787610598702942 0
0 -8.16355422971875 0
0 -7.527278985386437 0
0 -6.878545623020011 0
0 -6.217109669818246 0
0 -5.542722949739077 0
0 -4.855131742749609 0
0 -4.15407761172707 0
0 -3.439296461974403 0
0 -2.710520141906597 0
0 -1.967474285389043 0
0 -1.209879449750522 0
0 -0.437450942318014 0
0 0.3501016890759281 0
0 1.153074540434835 0
0 1.971769921568909 0
0 2.806495144157454 0
0 3.657564506623308 0
0 4.525297751846708 0
0 5.410021217530883 0
0 6.312067614743798 0
0 7.231776085135902 0
0 8.169492625739954 0
0 9.12556952350625 0
0 10.10036660618803 0
0 11.09425011061713 0
0 12.10759405126951 0
0 13.14077922099074 0
0 14.19419416466706 0
0 15.26823519308284 0
0 16.36330562589627 0
0 17.47981824103988 0
0 18.61819174293975 0
0 19.7788544870858 0
0 20.96224329433177 0
0 22.16880282790499 0
0 23.39898662841406 0
0 24.65325800496141 0
0 25.93208772994506 0
0 27.2359571292001 0
0 28.56535605381721 0
0 29.92078512955464 0
0 31.30275302943233 0
0 32.71178018751719 0
0 34.14839611775651 0
0 35.61314125210735 0
0 37.10656616687223 0
0 38.62923220813784 0
0 40.18171187240164 0
0 41.76458963315531 0
0 43.37846007954798 0
0 45.0239300916662 0
0 46.70161846734465 0
0 48.41215593801424 0
0 50.15618599208378 0
0 51.9343639913526 0
0 53.74735905093761 0
0 55.59585261882857 0
0 57.48053970707115 0
0 59.40212883146343 0
0 61.3613430444025 0
0 63.3589186520437 0
0 65.39560689662808 0
0 67.47217337898479 0
0 69.58939952145712 0
0 71.7480813947675 0
0 73.9490295131872 0
0 76.1930726173026 0
0 78.48105390611666 0
0 80.8138338875989 0
0 83.1922906710539 0
0 85.61731709121882 0
0 88.08982505847158 0
0 90.61074583909738 0
0 93.18102562778999 0
0 95.80163226364402 0
0 98.47354968910804 0
0 101.1977838518205 0
0 103.975358986912 0
0 106.8073186200639 0
0 109.6947283918802 0
2 2 0 4597
3635
3636
3637
3638
3639
3640
3641
3642
3643
3644
3645
3646
3647
3648
3649
3650
3651
3652
3653
3654
3655
3656
3657
3658
3659
3660
3661
3662
3663
3664
3665
3666
3667
3668
3669
3670
3671
3672
3673
3674
3675
3676
3677
3678
3679
3680
3681
3682
3683
3684
3685
3686
3687
3688
3689
3690
3691
3692
3693
3694
3695
3696
3697
3698
3699
3700
3701
3702
3703
3704
3705
3706
3707
3708
3709
3710
3711
3712
3713
3714
3715
3716
3717
3718
3719
3720
3721
3722
3723
3724
3725
3726
3727
3728
3729
3730
3731
3732
3733
3734
3735
3736
3737
3738
3739
3740
3741
3742
3743
3744
3745
3746
3747
3748
3749
3750
3751
3752
3753
3754
3755
3756
3757
3758
3759
3760
3761
3762
3763
3764
3765
3766
3767
3768
3769
3770
3771
3772
3773
3774
3775
3776
3777
3778
3779
3780
3781
3782
3783
3784
3785
3786
3787
3788
3789
3790
3791
3792
3793
3794
3795
3796
3797
3798
3799
3800
3801
3802
3803
3804
3805
3806
3807
3808
3809
3810
3811
3812
3813
3814
3815
3816
3817
3818
3819
3820
3821
3822
3823
3824
3825
3826
3827
3828
3829
3830
3831
3832
3833
3834
3835
3836
3837
3838
3839
3840
3841
3842
3843
3844
3845
3846
3847
3848
3849
3850
3851
3852
3853
3854
3855
3856
3857
3858
3859
3860
3861
3862
3863
3864
3865
3866
3867
3868
3869
3870
3871
3872
3873
3874
3875
3876
3877
3878
3879
3880
3881
3882
3883
3884
3885
3886
3887
3888
3889
3890
3891
3892
3893
3894
3895
3896
3897
3898
3899
3900
3901
3902
3903
3904
3905
3906
3907
3908
3909
3910
3911
3912
3913
3914
3915
3916
3917
3918
3919
3920
3921
3922
3923
3924
3925
3926
3927
3928
3929
3930
3931
3932
3933
3934
3935
3936
3937
3938
3939
3940
3941
3942
3943
3944
3945
3946
3947
3948
3949
3950
3951
3952
3953
3954
3955
3956
3957
3958
3959
3960
3961
3962
3963
3964
3965
3966
3967
3968
3969
3970
3971
3972
3973
3974
3975
3976
3977
3978
3979
3980
3981
3982
3983
3984
3985
3986
3987
3988
3989
3990
3991
3992
3993
3994
3995
3996
3997
3998
3999
4000
4001
4002
4003
4004
4005
4006
4007
4008
4009
4010
4011
4012
4013
4014
4015
4016
4017
4018
4019
4020
4021
4022
4023
4024
4025
4026
4027
4028
4029
4030
4031
4032
4033
4034
4035
4036
4037
4038
4039
4040
4041
4042
4043
4044
4045
4046
4047
4048
4049
4050
4051
4052
4053
4054
4055
4056
4057
4058
4059
4060
4061
4062
4063
4064
4065
4066
4067
4068
4069
4070
4071
4072
4073
4074
4075
4076
4077
4078
4079
4080
4081
4082
4083
4084
4085
4086
4087
4088
4089
4090
4091
4092
4093
4094
4095
4096
4097
4098
4099
4100
4101
4102
4103
4104
4105
4106
4107
4108
4109
4110
4111
4112
4113
4114
4115
4116
4117
4118
4119
4120
4121
4122
4123
4124
4125
4126
4127
4128
4129
4130
4131
4132
4133
4134
4135
4136
4137
4138
4139
4140
4141
4142
4143
4144
4145
4146
4147
4148
4149
4150
4151
4152
4153
4154
4155
4156
4157
4158
4159
4160
4161
4162
4163
4164
4165
4166
4167
4168
4169
4170
4171
4172
4173
4174
4175
4176
4177
4178
4179
4180
4181
4182
4183
4184
4185
4186
4187
4188
4189
4190
4191
4192
4193
4194
4195
4196
4197
4198
4199
4200
4201
4202
4203
4204
4205
4206
4207
4208
4209
4210
4211
4212
4213
4214
4215
4216
4217
4218
4219
4220
4221
4222
4223
4224
4225
4226
4227
4228
4229
4230
4231
4232
4233
4234
4235
4236
4237
4238
4239
4240
4241
4242
4243
4244
4245
4246
4247
4248
4249
4250
4251
4252
4253
4254
4255
4256
4257
4258
4259
4260
4261
4262
4263
4264
4265
4266
4267
4268
4269
4270
4271
4272
4273
4274
4275
4276
4277
4278
4279
4280
4281
4282
4283
4284
4285
4286
4287
4288
4289
4290
4291
4292
4293
4294
4295
4296
4297
4298
4299
4300
4301
4302
4303
4304
4305
4306
4307
4308
4309
4310
4311
4312
4313
4314
4315
4316
4317
4318
4319
4320
4321
4322
4323
4324
4325
4326
4327
4328
4329
4330
4331
4332
4333
4334
4335
4336
4337
4338
4339
4340
4341
4342
4343
4344
4345
4346
4347
4348
4349
4350
4351
4352
4353
4354
4355
4356
4357
4358
4359
4360
4361
4362
4363
4364
4365
4366
4367
4368
4369
4370
4371
4372
4373
4374
4375
4376
4377
4378
4379
4380
4381
4382
4383
4384
4385
4386
4387
4388
4389
4390
4391
4392
4393
4394
4395
4396
4397
4398
4399
4400
4401
4402
4403
4404
4405
4406
4407
4408
4409
4410
4411
4412
4413
4414
4415
4416
4417
4418
4419
4420
4421
4422
4423
4424
4425
4426
4427
4428
4429
4430
4431
4432
4433
4434
4435
4436
4437
4438
4439
4440
4441
4442
4443
4444
4445
4446
4447
4448
4449
4450
4451
4452
4453
4454
4455
4456
4457
4458
4459
4460
4461
4462
4463
4464
4465
4466
4467
4468
4469
4470
4471
4472
4473
4474
4475
4476
4477
4478
4479
4480
4481
4482
4483
4484
4485
4486
4487
4488
4489
4490
4491
4492
4493
4494
4495
4496
4497
4498
4499
4500
4501
4502
4503
4504
4505
4506
4507
4508
4509
4510
4511
4512
4513
4514
4515
4516
4517
4518
4519
4520
4521
4522
4523
4524
4525
4526
4527
4528
4529
4530
4531
4532
4533
4534
4535
4536
4537
4538
4539
4540
4541
4542
4543
4544
4545
4546
4547
4548
4549
4550
4551
4552
4553
4554
4555
4556
4557
4558
4559
4560
4561
4562
4563
4564
4565
4566
4567
4568
4569
4570
4571
4572
4573
4574
4575
4576
4577
4578
4579
4580
4581
4582
4583
4584
4585
4586
4587
4588
4589
4590
4591
4592
4593
4594
4595
4596
4597
4598
4599
4600
4601
4602
4603
4604
4605
4606
4607
4608
4609
4610
4611
4612
4613
4614
4615
4616
4617
4618
4619
4620
4621
4622
4623
4624
4625
4626
4627
4628
4629
4630
4631
4632
4633
4634
4635
4636
4637
4638
4639
4640
4641
4642
4643
4644
4645
4646
4647
4648
4649
4650
4651
4652
4653
4654
4655
4656
4657
4658
4659
4660
4661
4662
4663
4664
4665
4666
4667
4668
4669
4670
4671
4672
4673
4674
4675
4676
4677
4678
4679
4680
4681
4682
4683
4684
4685
4686
4687
4688
4689
4690
4691
4692
4693
4694
4695
4696
4697
4698
4699
4700
4701
4702
4703
4704
4705
4706
4707
4708
4709
4710
4711
4712
4713
4714
4715
4716
4717
4718
4719
4720
4721
4722
4723
4724
4725
4726
4727
4728
4729
4730
4731
4732
4733
4734
4735
4736
4737
4738
4739
4740
4741
4742
4743
4744
4745
4746
4747
4748
4749
4750
4751
4752
4753
4754
4755
4756
4757
4758
4759
4760
4761
4762
4763
4764
4765
4766
4767
4768
4769
4770
4771
4772
4773
4774
4775
4776
4777
4778
4779
4780
4781
4782
4783
4784
4785
4786
4787
4788
4789
4790
4791
4792
4793
4794
4795
4796
4797
4798
4799
4800
4801
4802
4803
4804
4805
4806
4807
4808
4809
4810
4811
4812
4813
4814
4815
4816
4817
4818
4819
4820
4821
4822
4823
4824
4825
4826
4827
4828
4829
4830
4831
4832
4833
4834
4835
4836
4837
4838
4839
4840
4841
4842
4843
4844
4845
4846
4847
4848
4849
4850
4851
4852
4853
4854
4855
4856
4857
4858
4859
4860
4861
4862
4863
4864
4865
4866
4867
4868
4869
4870
4871
4872
4873
4874
4875
4876
4877
4878
4879
4880
4881
4882
4883
4884
4885
4886
4887
4888
4889
4890
4891
4892
4893
4894
4895
4896
4897
4898
4899
4900
4901
4902
4903
4904
4905
4906
4907
4908
4909
4910
4911
4912
4913
4914
4915
4916
4917
4918
4919
4920
4921
4922
4923
4924
4925
4926
4927
4928
4929
4930
4931
4932
4933
4934
4935
4936
4937
4938
4939
4940
4941
4942
4943
4944
4945
4946
4947
4948
4949
4950
4951
4952
4953
4954
4955
4956
4957
4958
4959
4960
4961
4962
4963
4964
4965
4966
4967
4968
4969
4970
4971
4972
4973
4974
4975
4976
4977
4978
4979
4980
4981
4982
4983
4984
4985
4986
4987
4988
4989
4990
4991
4992
4993
4994
4995
4996
4997
4998
4999
5000
5001
5002
5003
5004
5005
5006
5007
5008
5009
5010
5011
5012
5013
5014
5015
5016
5017
5018
5019
5020
5021
5022
5023
5024
5025
5026
5027
5028
5029
5030
5031
5032
5033
5034
5035
5036
5037
5038
5039
5040
5041
5042
5043
5044
5045
5046
5047
5048
5049
5050
5051
5052
5053
5054
5055
5056
5057
5058
5059
5060
5061
5062
5063
5064
5065
5066
5067
5068
5069
5070
5071
5072
5073
5074
5075
5076
5077
5078
5079
5080
5081
5082
5083
5084
5085
5086
5087
5088
5089
5090
5091
5092
5093
5094
5095
5096
5097
5098
5099
5100
5101
5102
5103
5104
5105
5106
5107
5108
5109
5110
5111
5112
5113
5114
5115
5116
5117
5118
5119
5120
5121
5122
5123
5124
5125
5126
5127
5128
5129
5130
5131
5132
5133
5134
5135
5136
5137
5138
5139
5140
5141
5142
5143
5144
5145
5146
5147
5148
5149
5150
5151
5152
5153
5154
5155
5156
5157
5158
5159
5160
5161
5162
5163
5164
5165
5166
5167
5168
5169
5170
5171
5172
5173
5174
5175
5176
5177
5178
5179
5180
5181
5182
5183
5184
5185
5186
5187
5188
5189
5190
5191
5192
5193
5194
5195
5196
5197
5198
5199
5200
5201
5202
5203
5204
5205
5206
5207
5208
5209
5210
5211
5212
5213
5214
5215
5216
5217
5218
5219
5220
5221
5222
5223
5224
5225
5226
5227
5228
5229
5230
5231
5232
5233
5234
5235
5236
5237
5238
5239
5240
5241
5242
5243
5244
5245
5246
5247
5248
5249
5250
5251
5252
5253
5254
5255
5256
5257
5258
5259
5260
5261
5262
5263
5264
5265
5266
5267
5268
5269
5270
5271
5272
5273
5274
5275
5276
5277
5278
5279
5280
5281
5282
5283
5284
5285
5286
5287
5288
5289
5290
5291
5292
5293
5294
5295
5296
5297
5298
5299
5300
5301
5302
5303
5304
5305
5306
5307
5308
5309
5310
5311
5312
5313
5314
5315
5316
5317
5318
5319
5320
5321
5322
5323
5324
5325
5326
5327
5328
5329
5330
5331
5332
5333
5334
5335
5336
5337
5338
5339
5340
5341
5342
5343
5344
5345
5346
5347
5348
5349
5350
5351
5352
5353
5354
5355
5356
5357
5358
5359
5360
5361
5362
5363
5364
5365
5366
5367
5368
5369
5370
5371
5372
5373
5374
5375
5376
5377
5378
5379
5380
5381
5382
5383
5384
5385
5386
5387
5388
5389
5390
5391
5392
5393
5394
5395
5396
5397
5398
5399
5400
5401
5402
5403
5404
5405
5406
5407
5408
5409
5410
5411
5412
5413
5414
5415
5416
5417
5418
5419
5420
5421
5422
5423
5424
5425
5426
5427
5428
5429
5430
5431
5432
5433
5434
5435
5436
5437
5438
5439
5440
5441
5442
5443
5444
5445
5446
5447
5448
5449
5450
5451
5452
5453
5454
5455
5456
5457
5458
5459
5460
5461
5462
5463
5464
5465
5466
5467
5468
5469
5470
5471
5472
5473
5474
5475
5476
5477
5478
5479
5480
5481
5482
5483
5484
5485
5486
5487
5488
5489
5490
5491
5492
5493
5494
5495
5496
5497
5498
5499
5500
5501
5502
5503
5504
5505
5506
5507
5508
5509
5510
5511
5512
5513
5514
5515
5516
5517
5518
5519
5520
5521
5522
5523
5524
5525
5526
5527
5528
5529
5530
5531
5532
5533
5534
5535
5536
5537
5538
5539
5540
5541
5542
5543
5544
5545
5546
5547
5548
5549
5550
5551
5552
5553
5554
5555
5556
5557
5558
5559
5560
5561
5562
5563
5564
5565
5566
5567
5568
5569
5570
5571
5572
5573
5574
5575
5576
5577
5578
5579
5580
5581
5582
5583
5584
5585
5586
5587
5588
5589
5590
5591
5592
5593
5594
5595
5596
5597
5598
5599
5600
5601
5602
5603
5604
5605
5606
5607
5608
5609
5610
5611
5612
5613
5614
5615
5616
5617
5618
5619
5620
5621
5622
5623
5624
5625
5626
5627
5628
5629
5630
5631
5632
5633
5634
5635
5636
5637
5638
5639
5640
5641
5642
5643
5644
5645
5646
5647
5648
5649
5650
5651
5652
5653
5654
5655
5656
5657
5658
5659
5660
5661
5662
5663
5664
5665
5666
5667
5668
5669
5670
5671
5672
5673
5674
5675
5676
5677
5678
5679
5680
5681
5682
5683
5684
5685
5686
5687
5688
5689
5690
5691
5692
5693
5694
5695
5696
5697
5698
5699
5700
5701
5702
5703
5704
5705
5706
5707
5708
5709
5710
5711
5712
5713
5714
5715
5716
5717
5718
5719
5720
5721
5722
5723
5724
5725
5726
5727
5728
5729
5730
5731
5732
5733
5734
5735
5736
5737
5738
5739
5740
5741
5742
5743
5744
5745
5746
5747
5748
5749
5750
5751
5752
5753
5754
5755
5756
5757
5758
5759
5760
5761
5762
5763
5764
5765
5766
5767
5768
5769
5770
5771
5772
5773
5774
5775
5776
5777
5778
5779
5780
5781
5782
5783
5784
5785
5786
5787
5788
5789
5790
5791
5792
5793
5794
5795
5796
5797
5798
5799
5800
5801
5802
5803
5804
5805
5806
5807
5808
5809
5810
5811
5812
5813
5814
5815
5816
5817
5818
5819
5820
5821
5822
5823
5824
5825
5826
5827
5828
5829
5830
5831
5832
5833
5834
5835
5836
5837
5838
5839
5840
5841
5842
5843
5844
5845
5846
5847
5848
5849
5850
5851
5852
5853
5854
5855
5856
5857
5858
5859
5860
5861
5862
5863
5864
5865
5866
5867
5868
5869
5870
5871
5872
5873
5874
5875
5876
5877
5878
5879
5880
5881
5882
5883
5884
5885
5886
5887
5888
5889
5890
5891
5892
5893
5894
5895
5896
5897
5898
5899
5900
5901
5902
5903
5904
5905
5906
5907
5908
5909
5910
5911
5912
5913
5914
5915
5916
5917
5918
5919
5920
5921
5922
5923
5924
5925
5926
5927
5928
5929
5930
5931
5932
5933
5934
5935
5936
5937
5938
5939
5940
5941
5942
5943
5944
5945
5946
5947
5948
5949
5950
5951
5952
5953
5954
5955
5956
5957
5958
5959
5960
5961
5962
5963
5964
5965
5966
5967
5968
5969
5970
5971
5972
5973
5974
5975
5976
5977
5978
5979
5980
5981
5982
5983
5984
5985
5986
5987
5988
5989
5990
5991
5992
5993
5994
5995
5996
5997
5998
5999
6000
6001
6002
6003
6004
6005
6006
6007
6008
6009
6010
6011
6012
6013
6014
6015
6016
6017
6018
6019
6020
6021
6022
6023
6024
6025
6026
6027
6028
6029
6030
6031
6032
6033
6034
6035
6036
6037
6038
6039
6040
6041
6042
6043
6044
6045
6046
6047
6048
6049
6050
6051
6052
6053
6054
6055
6056
6057
6058
6059
6060
6061
6062
6063
6064
6065
6066
6067
6068
6069
6070
6071
6072
6073
6074
6075
6076
6077
6078
6079
6080
6081
6082
6083
6084
6085
6086
6087
6088
6089
6090
6091
6092
6093
6094
6095
6096
6097
6098
6099
6100
6101
6102
6103
6104
6105
6106
6107
6108
6109
6110
6111
6112
6113
6114
6115
6116
6117
6118
6119
6120
6121
6122
6123
6124
6125
6126
6127
6128
6129
6130
6131
6132
6133
6134
6135
6136
6137
6138
6139
6140
6141
6142
6143
6144
6145
6146
6147
6148
6149
6150
6151
6152
6153
6154
6155
6156
6157
6158
6159
6160
6161
6162
6163
6164
6165
6166
6167
6168
6169
6170
6171
6172
6173
6174
6175
6176
6177
6178
6179
6180
6181
6182
6183
6184
6185
6186
6187
6188
6189
6190
6191
6192
6193
6194
6195
6196
6197
6198
6199
6200
6201
6202
6203
6204
6205
6206
6207
6208
6209
6210
6211
6212
6213
6214
6215
6216
6217
6218
6219
6220
6221
6222
6223
6224
6225
6226
6227
6228
6229
6230
6231
6232
6233
6234
6235
6236
6237
6238
6239
6240
6241
6242
6243
6244
6245
6246
6247
6248
6249
6250
6251
6252
6253
6254
6255
6256
6257
6258
6259
6260
6261
6262
6263
6264
6265
6266
6267
6268
6269
6270
6271
6272
6273
6274
6275
6276
6277
6278
6279
6280
6281
6282
6283
6284
6285
6286
6287
6288
6289
6290
6291
6292
6293
6294
6295
6296
6297
6298
6299
6300
6301
6302
6303
6304
6305
6306
6307
6308
6309
6310
6311
6312
6313
6314
6315
6316
6317
6318
6319
6320
6321
6322
6323
6324
6325
6326
6327
6328
6329
6330
6331
6332
6333
6334
6335
6336
6337
6338
6339
6340
6341
6342
6343
6344
6345
6346
6347
6348
6349
6350
6351
6352
6353
6354
6355
6356
6357
6358
6359
6360
6361
6362
6363
6364
6365
6366
6367
6368
6369
6370
6371
6372
6373
6374
6375
6376
6377
6378
6379
6380
6381
6382
6383
6384
6385
6386
6387
6388
6389
6390
6391
6392
6393
6394
6395
6396
6397
6398
6399
6400
6401
6402
6403
6404
6405
6406
6407
6408
6409
6410
6411
6412
6413
6414
6415
6416
6417
6418
6419
6420
6421
6422
6423
6424
6425
6426
6427
6428
6429
6430
6431
6432
6433
6434
6435
6436
6437
6438
6439
6440
6441
6442
6443
6444
6445
6446
6447
6448
6449
6450
6451
6452
6453
6454
6455
6456
6457
6458
6459
6460
6461
6462
6463
6464
6465
6466
6467
6468
6469
6470
6471
6472
6473
6474
6475
6476
6477
6478
6479
6480
6481
6482
6483
6484
6485
6486
6487
6488
6489
6490
6491
6492
6493
6494
6495
6496
6497
6498
6499
6500
6501
6502
6503
6504
6505
6506
6507
6508
6509
6510
6511
6512
6513
6514
6515
6516
6517
6518
6519
6520
6521
6522
6523
6524
6525
6526
6527
6528
6529
6530
6531
6532
6533
6534
6535
6536
6537
6538
6539
6540
6541
6542
6543
6544
6545
6546
6547
6548
6549
6550
6551
6552
6553
6554
6555
6556
6557
6558
6559
6560
6561
6562
6563
6564
6565
6566
6567
6568
6569
6570
6571
6572
6573
6574
6575
6576
6577
6578
6579
6580
6581
6582
6583
6584
6585
6586
6587
6588
6589
6590
6591
6592
6593
6594
6595
6596
6597
6598
6599
6600
6601
6602
6603
6604
6605
6606
6607
6608
6609
6610
6611
6612
6613
6614
6615
6616
6617
6618
6619
6620
6621
6622
6623
6624
6625
6626
6627
6628
6629
6630
6631
6632
6633
6634
6635
6636
6637
6638
6639
6640
6641
6642
6643
6644
6645
6646
6647
6648
6649
6650
6651
6652
6653
6654
6655
6656
6657
6658
6659
6660
6661
6662
6663
6664
6665
6666
6667
6668
6669
6670
6671
6672
6673
6674
6675
6676
6677
6678
6679
6680
6681
6682
6683
6684
6685
6686
6687
6688
6689
6690
6691
6692
6693
6694
6695
6696
6697
6698
6699
6700
6701
6702
6703
6704
6705
6706
6707
6708
6709
6710
6711
6712
6713
6714
6715
6716
6717
6718
6719
6720
6721
6722
6723
6724
6725
6726
6727
6728
6729
6730
6731
6732
6733
6734
6735
6736
6737
6738
6739
6740
6741
6742
6743
6744
6745
6746
6747
6748
6749
6750
6751
6752
6753
6754
6755
6756
6757
6758
6759
6760
6761
6762
6763
6764
6765
6766
6767
6768
6769
6770
6771
6772
6773
6774
6775
6776
6777
6778
6779
6780
6781
6782
6783
6784
6785
6786
6787
6788
6789
6790
6791
6792
6793
6794
6795
6796
6797
6798
6799
6800
6801
6802
6803
6804
6805
6806
6807
6808
6809
6810
6811
6812
6813
6814
6815
6816
6817
6818
6819
6820
6821
6822
6823
6824
6825
6826
6827
6828
6829
6830
6831
6832
6833
6834
6835
6836
6837
6838
6839
6840
6841
6842
6843
6844
6845
6846
6847
6848
6849
6850
6851
6852
6853
6854
6855
6856
6857
6858
6859
6860
6861
6862
6863
6864
6865
6866
6867
6868
6869
6870
6871
6872
6873
6874
6875
6876
6877
6878
6879
6880
6881
6882
6883
6884
6885
6886
6887
6888
6889
6890
6891
6892
6893
6894
6895
6896
6897
6898
6899
6900
6901
6902
6903
6904
6905
6906
6907
6908
6909
6910
6911
6912
6913
6914
6915
6916
6917
6918
6919
6920
6921
6922
6923
6924
6925
6926
6927
6928
6929
6930
6931
6932
6933
6934
6935
6936
6937
6938
6939
6940
6941
6942
6943
6944
6945
6946
6947
6948
6949
6950
6951
6952
6953
6954
6955
6956
6957
6958
6959
6960
6961
6962
6963
6964
6965
6966
6967
6968
6969
6970
6971
6972
6973
6974
6975
6976
6977
6978
6979
6980
6981
6982
6983
6984
6985
6986
6987
6988
6989
6990
6991
6992
6993
6994
6995
6996
6997
6998
6999
7000
7001
7002
7003
7004
7005
7006
7007
7008
7009
7010
7011
7012
7013
7014
7015
7016
7017
7018
7019
7020
7021
7022
7023
7024
7025
7026
7027
7028
7029
7030
7031
7032
7033
7034
7035
7036
7037
7038
7039
7040
7041
7042
7043
7044
7045
7046
7047
7048
7049
7050
7051
7052
7053
7054
7055
7056
7057
7058
7059
7060
7061
7062
7063
7064
7065
7066
7067
7068
7069
7070
7071
7072
7073
7074
7075
7076
7077
7078
7079
7080
7081
7082
7083
7084
7085
7086
7087
7088
7089
7090
7091
7092
7093
7094
7095
7096
7097
7098
7099
7100
7101
7102
7103
7104
7105
7106
7107
7108
7109
7110
7111
7112
7113
7114
7115
7116
7117
7118
7119
7120
7121
7122
7123
7124
7125
7126
7127
7128
7129
7130
7131
7132
7133
7134
7135
7136
7137
7138
7139
7140
7141
7142
7143
7144
7145
7146
7147
7148
7149
7150
7151
7152
7153
7154
7155
7156
7157
7158
7159
7160
7161
7162
7163
7164
7165
7166
7167
7168
7169
7170
7171
7172
7173
7174
7175
7176
7177
7178
7179
7180
7181
7182
7183
7184
7185
7186
7187
7188
7189
7190
7191
7192
7193
7194
7195
7196
7197
7198
7199
7200
7201
7202
7203
7204
7205
7206
7207
7208
7209
7210
7211
7212
7213
7214
7215
7216
7217
7218
7219
7220
7221
7222
7223
7224
7225
7226
7227
7228
7229
7230
7231
7232
7233
7234
7235
7236
7237
7238
7239
7240
7241
7242
7243
7244
7245
7246
7247
7248
7249
7250
7251
7252
7253
7254
7255
7256
7257
7258
7259
7260
7261
7262
7263
7264
7265
7266
7267
7268
7269
7270
7271
7272
7273
7274
7275
7276
7277
7278
7279
7280
7281
7282
7283
7284
7285
7286
7287
7288
7289
7290
7291
7292
7293
7294
7295
7296
7297
7298
7299
7300
7301
7302
7303
7304
7305
7306
7307
7308
7309
7310
7311
7312
7313
7314
7315
7316
7317
7318
7319
7320
7321
7322
7323
7324
7325
7326
7327
7328
7329
7330
7331
7332
7333
7334
7335
7336
7337
7338
7339
7340
7341
7342
7343
7344
7345
7346
7347
7348
7349
7350
7351
7352
7353
7354
7355
7356
7357
7358
7359
7360
7361
7362
7363
7364
7365
7366
7367
7368
7369
7370
7371
7372
7373
7374
7375
7376
7377
7378
7379
7380
7381
7382
7383
7384
7385
7386
7387
7388
7389
7390
7391
7392
7393
7394
7395
7396
7397
7398
7399
7400
7401
7402
7403
7404
7405
7406
7407
7408
7409
7410
7411
7412
7413
7414
7415
7416
7417
7418
7419
7420
7421
7422
7423
7424
7425
7426
7427
7428
7429
7430
7431
7432
7433
7434
7435
7436
7437
7438
7439
7440
7441
7442
7443
7444
7445
7446
7447
7448
7449
7450
7451
7452
7453
7454
7455
7456
7457
7458
7459
7460
7461
7462
7463
7464
7465
7466
7467
7468
7469
7470
7471
7472
7473
7474
7475
7476
7477
7478
7479
7480
7481
7482
7483
7484
7485
7486
7487
7488
7489
7490
7491
7492
7493
7494
7495
7496
7497
7498
7499
7500
7501
7502
7503
7504
7505
7506
7507
7508
7509
7510
7511
7512
7513
7514
7515
7516
7517
7518
7519
7520
7521
7522
7523
7524
7525
7526
7527
7528
7529
7530
7531
7532
7533
7534
7535
7536
7537
7538
7539
7540
7541
7542
7543
7544
7545
7546
7547
7548
7549
7550
7551
7552
7553
7554
7555
7556
7557
7558
7559
7560
7561
7562
7563
7564
7565
7566
7567
7568
7569
7570
7571
7572
7573
7574
7575
7576
7577
7578
7579
7580
7581
7582
7583
7584
7585
7586
7587
7588
7589
7590
7591
7592
7593
7594
7595
7596
7597
7598
7599
7600
7601
7602
7603
7604
7605
7606
7607
7608
7609
7610
7611
7612
7613
7614
7615
7616
7617
7618
7619
7620
7621
7622
7623
7624
7625
7626
7627
7628
7629
7630
7631
7632
7633
7634
7635
7636
7637
7638
7639
7640
7641
7642
7643
7644
7645
7646
7647
7648
7649
7650
7651
7652
7653
7654
7655
7656
7657
7658
7659
7660
7661
7662
7663
7664
7665
7666
7667
7668
7669
7670
7671
7672
7673
7674
7675
7676
7677
7678
7679
7680
7681
7682
7683
7684
7685
7686
7687
7688
7689
7690
7691
7692
7693
7694
7695
7696
7697
7698
7699
7700
7701
7702
7703
7704
7705
7706
7707
7708
7709
7710
7711
7712
7713
7714
7715
7716
7717
7718
7719
7720
7721
7722
7723
7724
7725
7726
7727
7728
7729
7730
7731
7732
7733
7734
7735
7736
7737
7738
7739
7740
7741
7742
7743
7744
7745
7746
7747
7748
7749
7750
7751
7752
7753
7754
7755
7756
7757
7758
7759
7760
7761
7762
7763
7764
7765
7766
7767
7768
7769
7770
7771
7772
7773
7774
7775
7776
7777
7778
7779
7780
7781
7782
7783
7784
7785
7786
7787
7788
7789
7790
7791
7792
7793
7794
7795
7796
7797
7798
7799
7800
7801
7802
7803
7804
7805
7806
7807
7808
7809
7810
7811
7812
7813
7814
7815
7816
7817
7818
7819
7820
7821
7822
7823
7824
7825
7826
7827
7828
7829
7830
7831
7832
7833
7834
7835
7836
7837
7838
7839
7840
7841
7842
7843
7844
7845
7846
7847
7848
7849
7850
7851
7852
7853
7854
7855
7856
7857
7858
7859
7860
7861
7862
7863
7864
7865
7866
7867
7868
7869
7870
7871
7872
7873
7874
7875
7876
7877
7878
7879
7880
7881
7882
7883
7884
7885
7886
7887
7888
7889
7890
7891
7892
7893
7894
7895
7896
7897
7898
7899
7900
7901
7902
7903
7904
7905
7906
7907
7908
7909
7910
7911
7912
7913
7914
7915
7916
7917
7918
7919
7920
7921
7922
7923
7924
7925
7926
7927
7928
7929
7930
7931
7932
7933
7934
7935
7936
7937
7938
7939
7940
7941
7942
7943
7944
7945
7946
7947
7948
7949
7950
7951
7952
7953
7954
7955
7956
7957
7958
7959
7960
7961
7962
7963
7964
7965
7966
7967
7968
7969
7970
7971
7972
7973
7974
7975
7976
7977
7978
7979
7980
7981
7982
7983
7984
7985
7986
7987
7988
7989
7990
7991
7992
7993
7994
7995
7996
7997
7998
7999
8000
8001
8002
8003
8004
8005
8006
8007
8008
8009
8010
8011
8012
8013
8014
8015
8016
8017
8018
8019
8020
8021
8022
8023
8024
8025
8026
8027
8028
8029
8030
8031
8032
8033
8034
8035
8036
8037
8038
8039
8040
8041
8042
8043
8044
8045
8046
8047
8048
8049
8050
8051
8052
8053
8054
8055
8056
8057
8058
8059
8060
8061
8062
8063
8064
8065
8066
8067
8068
8069
8070
8071
8072
8073
8074
8075
8076
8077
8078
8079
8080
8081
8082
8083
8084
8085
8086
8087
8088
8089
8090
8091
8092
8093
8094
8095
8096
8097
8098
8099
8100
8101
8102
8103
8104
8105
8106
8107
8108
8109
8110
8111
8112
8113
8114
8115
8116
8117
8118
8119
8120
8121
8122
8123
8124
8125
8126
8127
8128
8129
8130
8131
8132
8133
8134
8135
8136
8137
8138
8139
8140
8141
8142
8143
8144
8145
8146
8147
8148
8149
8150
8151
8152
8153
8154
8155
8156
8157
8158
8159
8160
8161
8162
8163
8164
8165
8166
8167
8168
8169
8170
8171
8172
8173
8174
8175
8176
8177
8178
8179
8180
8181
8182
8183
8184
8185
8186
8187
8188
8189
8190
8191
8192
8193
8194
8195
8196
8197
8198
8199
8200
8201
8202
8203
8204
8205
8206
8207
8208
8209
8210
8211
8212
8213
8214
8215
8216
8217
8218
8219
8220
8221
8222
8223
8224
8225
8226
8227
8228
8229
8230
8231
27.5955236479096 -7.309873893752754 0
21.67301636864921 -4.674167840794942 0
17.1162431082838 -2.549907588451428 0
13.37212678630728 -0.7378493644028821 0
34.40969504243043 -10.6896940947962 0
41.9485602336172 -14.33413230726186 0
1.280925205624238 36.35985370948979 0
1.270413731493119 26.71014071000403 0
50.02021712605501 -18.07467314374942 0
1.149126053213909 19.12126865340545 0
58.3643871343493 -22.10636909042238 0
1.402700091470831 45.8016657370912 0
1.77244444921935 56.36293573105448 0
90.64753990944232 62.65111673601245 0
100.7733126426831 44.72055849140072 0
77.51805464140801 78.03082047865583 0
0.9382469144487505 13.62791439061631 0
107.4029134826145 24.99234645230112 0
66.26845468684182 -25.75177725143079 0
1.514230561145025 66.18028110867425 0
24.40320559078464 -5.989654194580846 0
19.24594350964568 -3.56610259575054 0
14.91103463562192 -1.531535596026891 0
62.02510311620092 91.12065622598936 0
109.6986120084957 7.529240965511067 0
46.6206288749639 99.6592424472251 0
0.7642123337837523 8.63791019209204 0
2.146595849939928 77.05157469159376 0
7.669836430163658 -0.2797000995822168 0
75.56196519905754 -30.17907926595976 0
37.86754321913765 -12.41773756968042 0
30.38465978038166 -8.813147156120865 0
109.9298756213793 -6.581933062161515 0
32.99761190674151 105.0567863102854 0
6.61161925981687 -0.9825135073131372 0
5.92936312099894 -1.690154764924324 0
5.375628767484667 -2.411955199260695 0
5.033408744160818 -3.269065666708751 0
4.788777609215833 -4.262463236111225 0
2.177754234073627 86.79459606496809 0
0.7588360153392409 4.967659484688795 0
108.8413311910172 -18.35426957592772 0
4.769872938679508 -5.091493440011682 0
83.47572137872137 -33.93623497597188 0
0.733676317973606 2.365747492879815 0
21.76907593599753 107.882428676125 0
53.97583545189816 -19.77970327285944 0
4.696939541533953 -6.116309812276894 0
4.638235704466129 -7.275379975380617 0
1.055140814908824 22.78389472815952 0
45.27467785538494 -15.83060760901213 0
1.281860332675148 30.57557394004266 0
2.127511379461063 94.16661817594743 0
1.500589101574111 40.83350446980072 0
1.419556196127568 51.09224144702447 0
15.97495822028194 -2.011174110455562 0
0.7532458791992561 0.09048240491162905 0
90.48817940339956 -36.80744611760138 0
106.5181520428986 -26.80332729697973 0
85.43771733824033 69.3739385438746 0
95.36503287338593 54.95893048556142 0
104.8364220161455 33.77319407020959 0
108.5564132507876 16.46811231361066 0
54.15564269721163 95.84834829987386 0
68.75634141069207 85.59363897564288 0
0.5301764077263977 -2.346591427962226 0
2.500000000001104 -9.518874775675526 0
0.5461796350189344 -6.514917512815448 0
0.5827850486190861 -4.536054139467613 0
13.1474731747552 109.4167091114078 0
7.109110795941882 -0.6204275756781493 0
104.0963810904361 -35.33153265294798 0
2.382353309337814 102.5865714193663 0
4.628807085187599 -8.17154832701328 0
0.7586118252346689 6.78136794366954 0
0.909833014006574 10.64733227518713 0
1.042077055657244 15.9544093206711 0
0.5457395971623595 -7.845416607552594 0
79.2973151689867 -32.038920986676 0
69.54959998158515 -27.51061239625931 0
61.40414867924508 -23.47020773398455 0
47.60660090128544 -16.94261303623043 0
39.96561957412369 -13.35955293416967 0
36.10957311960178 -11.51279101454621 0
1.178806470165371 33.49335777880871 0
31.9511298484721 -9.481917844668656 0
1.917262885980026 81.92050469239472 0
1.831625366688767 70.79750738568265 0
1.680437138610193 60.38173593793297 0
28.92970795008806 -8.126349874684268 0
25.55049035252024 -6.567794384733177 0
22.69713865268255 -5.231880947882496 0
20.15598337652185 -3.994140085992874 0
17.97385573363285 -2.936112504584122 0
13.92344994849813 -1.015523113352092 0
12.73733059332632 -0.4721226184111803 0
94.91536246703222 -39.52997861437488 0
109.1619147780722 -12.46477482418415 0
110.2486343080096 -0.952552349334321 0
98.14757665484701 49.79680726748998 0
103.0714022733093 38.85015157403976 0
27.44528217120533 106.5629900519077 0
38.83661615851511 103.1965691653948 0
81.63293524081628 73.79009585555174 0
73.43659769239694 81.92934233889106 0
3.588576330609964 -9.521281770187748 0
1.402359348715837 -9.426254477141164 0
7.576931211155785 109.7982433111833 0
101.2752990074326 -40.93479356063821 0
4.58321721597081 -9.178335823978443 0
2.21042779963192 108.2022865653413 0
0.4470357334610681 -9.124851289924379 0
102.6743314539241 -38.40660752367281 0
101.105480481801 -35.65648478728054 0
102.3436394089489 -33.01942394343621 0
99.53162119570294 -33.28658408751896 0
100.6952969337361 -30.74039625676416 0
97.93127798719236 -31.02607739158524 0
99.06093807240057 -28.51776919619195 0
96.35719292497393 -28.79825405481954 0
97.4571128328536 -26.33355841608804 0
94.80467177184852 -26.60795771149545 0
95.88251694212593 -24.1880955683932 0
93.27808334761312 -24.45742246594921 0
94.33637640117104 -22.08064355580732 0
91.77968148352905 -22.33584030271358 0
92.82072170148028 -19.99909983705096 0
90.29906632399857 -20.26432267486216 0
91.26097181983664 -18.01860520812845 0
88.84229621525157 -18.23613339045687 0
89.7789403887061 -16.02953199658321 0
87.48756373723336 -16.17177153937175 0
88.38395598321506 -14.02314664726332 0
86.04829155199224 -14.21137485498109 0
86.95898742338528 -12.08150083565758 0
84.70876737655111 -12.24249230890202 0
85.58617813814058 -10.15529032352199 0
83.28642465243344 -10.37188242678344 0
84.22882639959924 -8.254391556566045 0
81.93091403563142 -8.497510116177471 0
82.96662174622804 -6.330878384328785 0
80.62701846322393 -6.630456851743396 0
81.64432861048684 -4.497411195574722 0
79.32813561831631 -4.796351270453765 0
80.23313354162838 -2.763584982210463 0
78.0267813024017 -3.00184116074574 0
78.9160464490795 -0.9990709862334914 0
76.75168182603156 -1.224647775297396 0
77.63112304540384 0.7531263284312454 0
75.495542721866 0.5315073929950966 0
76.36517495581032 2.48643114231979 0
74.25506180495087 2.267712983765525 0
75.1150160152033 4.201601172637637 0
73.02651375951967 3.984741126315317 0
73.87796607730232 5.899758255119083 0
71.83466005514754 5.710569820383573 0
72.6243506404586 7.563311143802367 0
70.62628095585441 7.396191617906409 0
71.40487567288224 9.229884091365536 0
69.38109622968949 9.033233189669133 0
70.22082870708336 10.90289020389989 0
68.19520081919653 10.69999521194056 0
69.02861242451708 12.553670240214 0
67.02215726572047 12.34836871794392 0
67.84393332935416 14.19746128929377 0
65.84106205719175 13.98786375015879 0
66.66346138897717 15.83501053102718 0
64.75555880990024 15.70198120613954 0
65.48096037436127 17.47670446542966 0
63.58139419366723 17.35809107698737 0
64.29688959580878 19.12346951082448 0
62.29122249743139 18.93109895458446 0
63.10607412132799 20.77087888462992 0
61.08616154369602 20.55991462826209 0
61.90702736369914 22.41573117300113 0
59.88516820670473 22.20725325854233 0
60.71358232130644 24.07741731589553 0
58.68540508430701 23.85472859658314 0
57.86703497791439 22.00809597133381 0
56.65122318948207 23.63888617862083 0
57.47758119276094 25.48804345724387 0
55.44751544194728 25.26325221618572 0
56.20369589746051 27.16534279642637 0
54.23944000674078 26.87681248540399 0
53.45486418147148 25.03894186859685 0
52.25550272826857 26.64287647562576 0
52.95094842876703 28.54011561333799 0
51.04481086931626 28.22554969294531 0
50.27731909200732 26.41710591564423 0
49.12377268625236 27.97867315408248 0
50.00194583402047 30.0115535864288 0
48.36286278569413 26.19947754343988 0
47.21816913232571 27.72394157991954 0
46.45921605968086 25.97838454967848 0
45.33728541494179 27.47609702772428 0
44.59331759107737 25.7633307336984 0
43.49894095319569 27.23692741640042 0
42.79611920214611 25.53831027214613 0
43.86131431270601 24.09844520844968 0
42.09394682722126 23.88054178129265 0
41.04255258654601 25.29985480924552 0
40.35315111053633 23.69401019787723 0
39.27575753322859 25.0834131191716 0
38.65230207014565 23.47562788308619 0
39.65251606850464 22.14097804747253 0
38.01170017899585 21.95252345175789 0
37.02548038003486 23.24267667644537 0
36.42016755628632 21.74177103610095 0
37.37941015708665 20.48128574986879 0
35.81510855771629 20.2913112936338 0
34.87691083786005 21.52418014621862 0
34.28902589747975 20.09577663861947 0
33.36124561117667 21.3039983076779 0
32.79161243843251 19.91104464864064 0
35.2141040093755 18.89945343271785 0
31.87861405542866 21.08995744601032 0
31.31980281224558 19.72767552474904 0
30.42112128527085 20.88340935606817 0
29.87465665458332 19.54826440877524 0
64.13269899270608 13.97873652921217 0
28.9558353954444 20.70241821011511 0
28.42601522662021 19.38399603551936 0
29.52545470977132 22.03008513674058 0
29.30362561772498 18.25973880546506 0
28.02134197687748 18.0583800614393 0
28.76282534243211 17.01003047689185 0
27.54731501558088 16.8114643060339 0
28.26916759340836 15.80162774050845 0
27.00097018291931 15.64533830628094 0
26.22078812093218 16.85487159716673 0
25.7465678387297 15.50475140601527 0
26.52079124269435 14.47662571564898 0
25.30284437509205 14.37377926069647 0
24.57161780465452 15.31198290316085 0
24.13169152994745 14.21923494616256 0
23.41682398890412 15.12542342056125 0
22.99455143197972 14.06182798315891 0
26.0213287692045 13.43497151843717 0
22.28346426389061 14.95094855305905 0
21.87219864793632 13.90757360560055 0
21.15634464605056 14.78997525773181 0
20.76521752588746 13.75306338736928 0
21.47350269945681 12.89285117823156 0
20.37557643028106 12.74452879114822 0
21.05718167635765 11.92516028454705 0
20.01017425332205 11.78118993144206 0
19.3835883397442 12.58085504495151 0
19.01671613277833 11.64696975875667 0
68.71189064967629 7.061184772189803 0
62.77000381773479 24.28384400130728 0
20.6241448694676 11.00350475642439 0
18.40101923020596 12.41523107511745 0
18.05005715999108 11.5030585900458 0
10.07434155025347 0.2857104828241054 0
11.32505037263644 0.08430088813241161 0
67.47988400532073 17.65013117426883 0
72.23276497403178 11.07764612344013 0
17.43695279213988 12.25832653005229 0
17.0917723791828 11.36108992051544 0
16.46840230155918 12.10813867382318 0
16.14372192720872 11.21467275595769 0
16.73166708404531 10.49755025616315 0
15.83526194145582 10.35436317645134 0
16.38218056382926 9.668050748715505 0
15.52207678859443 9.529590042271398 0
14.98186969547396 10.20345674286251 0
14.67499116519959 9.404018315521405 0
9.139949836898015 0.1767710611643572 0
16.05502561589082 8.876176665290682 0
14.14329466269839 10.05197713944684 0
13.8618622203716 9.255315464881711 0
73.47629336333721 0.4351910513632966 0
28.02543611342869 21.84607914737025 0
28.6168369135445 23.19782931323073 0
27.128802789155 22.98942904275922 0
27.70640357705585 24.37016491102827 0
26.22768265640586 24.15739611945424 0
26.78843567516258 25.55601373132719 0
25.28952148072758 25.34316585552838 0
25.85592725142496 26.75362601416312 0
24.41463217176781 26.59294338758761 0
24.9256066814796 27.97106769483561 0
23.38931330998812 27.73936501152158 0
23.96201607406485 29.17592429841996 0
22.49536491000224 29.01616886409694 0
23.01294719990848 30.42421141379194 0
24.56741312518169 30.63955771671134 0
23.66510812844575 31.87270423719445 0
25.20117693934955 32.12807977762794 0
24.26833450935059 33.39223455856835 0
25.8398933915522 33.65714881606019 0
24.78589738606006 34.97942045535055 0
26.44148139216252 35.24324172810937 0
25.40534993708352 36.59242932870567 0
27.13091638801505 36.82981923661318 0
26.04626789672976 38.23203087172968 0
27.77138552654873 38.4993316691676 0
26.69311869007882 39.9128556725752 0
28.50640220084144 40.15468415230134 0
27.36996237630764 41.61554762364553 0
29.22044335615231 41.88035453371037 0
28.06090582080974 43.35854787632248 0
29.92241774642802 43.64568266261239 0
28.76233289586159 45.14251851080405 0
30.65597123499716 45.43793698724341 0
29.46964269963232 46.97047417768345 0
31.37773476236451 47.27524245243996 0
30.19139358375687 48.83292974581165 0
32.13616573475178 49.13730310087891 0
30.93075090286567 50.72261237901876 0
32.94931455574577 50.99887772695539 0
31.69132135418835 52.64024277150882 0
33.77191216087954 52.89061088067344 0
32.46833771140416 54.58668080021818 0
34.60530291617962 54.85436418409711 0
33.2000308346211 56.64933870335356 0
35.40196411911879 56.82257534226566 0
34.05127034225423 58.60283803265978 0
36.79270862962312 55.00998151900933 0
37.58549860444431 57.08761249980364 0
38.96333389226824 55.2898574772728 0
39.76593203744974 57.47430946577475 0
41.1419029164141 55.70085941718666 0
41.98639289858549 57.81089402566344 0
43.3770003430314 56.01705164022832 0
44.23722064933165 58.1376501033397 0
45.64476640534012 56.31454931950226 0
42.77690386326823 60.15361916569807 0
30.96984343811819 56.45633712681312 0
13.32167606999919 9.905693678278597 0
13.04468427016394 9.117858951930788 0
28.32274883918057 48.49612723015154 0
77.1995953591826 4.415326377616054 0
46.51820705933416 58.46276673122228 0
47.97818552600354 56.55890554568445 0
12.49352383496047 9.765627447649402 0
12.22383332592598 8.992886249826146 0
12.7359730861464 8.373688475833742 0
11.97001897902711 8.250731077585709 0
24.3526281963245 38.01016676944738 0
21.46902127266627 30.19311936907935 0
21.0143888539059 28.50636591720532 0
48.83542038596728 58.78161770576023 0
50.30422185544109 56.87805265556341 0
12.44266340931787 7.671997659683961 0
11.70514264267409 7.528601913418637 0
11.23060595995041 8.102218269247173 0
10.97756776940622 7.391175998195906 0
19.92100682265393 29.94700005915256 0
19.35303757123886 28.41266603970483 0
10.50749696975127 7.962751632029034 0
10.26478497116324 7.267843541043749 0
12.20662682199625 7.000766188344844 0
51.17830591566698 59.11527290145989 0
52.65077964730748 57.21695838791644 0
32.57076543178488 45.9394498267315 0
82.43382926600187 -2.525815169506243 0
18.41649599362974 29.6963491431036 0
17.85956590044582 28.30721903057769 0
53.6144510612071 59.43487135117059 0
55.09883493027363 57.49020082815867 0
52.07600291619519 61.36174057799455 0
54.12590706495932 55.30540131745182 0
56.48711004881432 55.63460291152946 0
16.82224509954259 13.02161497201891 0
9.78401218706245 7.825604362815134 0
9.55192779728721 7.130329258613807 0
78.39744633248858 -6.824468276010412 0
44.87870413976612 54.09226811574164 0
55.55652266616929 53.41606533052312 0
57.94364204619902 53.71740899959361 0
10.01744678816767 6.597838451463858 0
9.316085848330191 6.453091055151663 0
58.8818349860622 55.83622833137419 0
60.34296424652277 53.98557626164425 0
59.40600208752594 51.77728456102319 0
61.82768899407344 52.07156719439019 0
16.93085479192548 29.48164851188917 0
16.37087507012889 28.10792050484078 0
8.853620619931421 6.981799884280196 0
8.633284098644046 6.308422333123596 0
12.7844165091203 10.56048490219666 0
60.88220703286874 49.83537893468316 0
63.28612631373876 50.12930582972278 0
9.776138249123873 5.99936400544458 0
62.74046933116996 54.23460585222723 0
15.4664991776446 29.26195714665273 0
15.99946426432354 30.65289760231544 0
14.91974926160021 27.8889611686997 0
26.19983506206364 43.0751932739043 0
62.35215961410794 47.85837127294761 0
64.75214320010603 48.19112008123327 0
29.62976329215094 38.5313982480514 0
15.81756790403776 26.75673010536263 0
14.41386952676008 26.5417654536834 0
54.55297645786423 61.68663461465159 0
52.8831478931302 63.69203093419391 0
86.64099038533845 -8.078004919425254 0
15.28978814903259 25.44417239804658 0
13.90911746942676 25.24703645436954 0
44.20790287802504 28.96118846046787 0
8.164715309014078 6.835962159319848 0
7.94035868366489 6.155976514602301 0
60.02958365411806 47.61171011663973 0
55.41950842788336 64.00604662553124 0
53.7736969008445 66.02489888610847 0
63.83184686912372 45.83652343481039 0
66.23206201549961 46.17597519684496 0
67.17468369336224 48.49182261549218 0
68.65914579046888 46.50738738211016 0
69.62307423963935 48.81021838915851 0
71.11244263423993 46.82277195852602 0
70.14231318905378 44.52299018159316 0
72.59615256875068 44.82998084157457 0
71.61603711949046 42.54339062270142 0
74.07882414907351 42.83304182012343 0
73.09352908159354 40.56376746668734 0
75.56160772833817 40.84230885739853 0
74.57527247576732 38.57362662481181 0
77.02617721641772 38.83769925777874 0
76.05462750062561 36.576153846341 0
78.5116671817495 36.84620462684907 0
77.53598274252575 34.58263631475366 0
79.9880944146222 34.85032404821298 0
79.01750096719131 32.57970956900917 0
81.47294398868715 32.85496654923407 0
80.5003006879697 30.5885492446466 0
82.96597995587197 30.86263550389754 0
81.9775735929361 28.59645051608932 0
14.53082325227389 30.4252153066717 0
15.0618012567674 31.82871234009966 0
13.03977093773161 26.32153244177427 0
12.55328678464596 25.04191942075702 0
13.40320342067939 23.98680491603823 0
12.07164573464275 23.79572028656231 0
82.34608146515939 -12.68418101962401 0
21.57799431401602 15.84633983100488 0
12.8998449684917 22.77059698935512 0
11.61106994577612 22.5809643845157 0
84.45199671751271 28.85963335417242 0
83.46686538556793 26.5833973773177 0
7.4795017674746 6.686066594652577 0
7.256481882294404 6.012218547443684 0
7.719368729368281 5.490939314831968 0
7.056560799142841 5.347011883657516 0
7.693224902059748 7.432832429967586 0
7.493963286144883 4.83864820482224 0
6.865671251022799 4.703940324560384 0
27.30387843674589 33.86162521177834 0
56.36168421986798 66.33878620740551 0
54.79924584279033 68.33979188333576 0
73.5972729166711 47.12698407782678 0
13.5660246468369 31.59930097654911 0
14.11465946368227 33.01703003660959 0
12.41110575520145 21.60981181305966 0
11.17923931206903 21.39595509588376 0
7.283355706521904 4.216915644395193 0
6.668206066044846 4.079697283266052 0
52.11368979014884 68.01184219160537 0
53.18872233060878 70.32943106651038 0
50.59377670315286 69.97094075503884 0
51.61252584334407 72.33508451844224 0
49.11607401772746 71.97554321167256 0
50.06008011642417 74.37085208105789 0
47.50509624021692 74.00050096411367 0
85.95602274109817 26.85646930024102 0
84.96872222062304 24.56473023536654 0
12.09094001319205 20.31448998155355 0
10.7744753774176 20.2247839015692 0
78.1093054460205 41.05960842060244 0
13.75008838744724 21.66858013072263 0
11.68581472703627 26.10364185352436 0
11.49376826473253 19.2988837188108 0
10.32453849089123 19.12803577407881 0
48.46441978748369 76.40912559886237 0
45.88115462290622 76.0383556238292 0
70.61037375051592 40.30222760970517 0
6.799993089298064 6.55617374599051 0
90.93246793470051 -13.71694684592659 0
12.59561968654051 32.78371763169213 0
13.15484495772623 34.21868420131826 0
87.45663089769741 24.83666013489837 0
86.47511549116874 22.53176630125693 0
28.25922466745475 25.74359422390825 0
10.29585328040459 22.3898805285986 0
6.23957182821597 4.555636177593713 0
6.042162956727563 3.927046682695274 0
7.081242906606566 3.617365259040187 0
7.691525403997398 3.753907689621816 0
46.85701327567831 78.45536265781561 0
44.27211537764093 78.07390710153524 0
43.30675228889744 75.66435720459431 0
41.70014965866486 77.68590988887802 0
40.7622729545903 75.29245155561678 0
39.15296412101228 77.30178761187543 0
40.08856666474472 79.70284670293182 0
37.54073109695354 79.30211177056781 0
36.61027411742505 76.90086513806438 0
35.0052802433445 78.89758067851282 0
34.08156815822699 76.52925501029077 0
32.49860136622554 78.49416487409528 0
31.59609300160642 76.14695250920616 0
30.01845242912598 78.09389700926246 0
29.12545981264853 75.77088375641063 0
27.56905318136771 77.70035851330589 0
26.66719846112391 75.38935956473642 0
28.44302046409396 80.03509174175012 0
26.01423350446522 79.61286924811927 0
26.80610603868286 81.93397853874703 0
24.3943749822461 81.5516543027839 0
25.20121559864845 83.89039937667791 0
22.7592028613827 83.54609987416568 0
21.91835616683238 81.08607107101192 0
23.58185313247732 85.86968703237005 0
38.47204034001864 81.72510300793515 0
26.12110195851672 86.33920113765424 0
21.10147766311458 85.51552666739771 0
82.55426508562762 35.21475407480948 0
11.93580413995649 10.41400409514341 0
12.2053152244109 11.20679712533162 0
11.3552541039195 11.07281684984342 0
57.34848128667294 68.68604238973704 0
88.98067295689397 22.81888316122697 0
87.98634364342161 20.48831220810789 0
22.04494431256328 87.930439172608 0
11.63361958211211 11.88913948355506 0
10.76435732395987 11.75250301295816 0
7.494710171187894 3.199170874863605 0
8.055902185089781 3.318115460054536 0
19.49482615239626 87.52148713331812 0
78.08448642490559 30.2136513507366 0
52.49200185892702 74.7923882452276 0
82.49727071933545 24.22055590448454 0
23.7899880147831 25.11867057827491 0
90.50794093013516 20.78217612356121 0
89.48878544636381 18.45269042297577 0
86.6947152863371 -18.34441214330499 0
11.59409230803202 33.94002671810647 0
12.19526688475047 35.37005824622138 0
13.74801677044024 35.63625632496278 0
12.76477830045582 36.7590263926004 0
86.88660902882236 29.29215088355866 0
86.98382380206665 18.16492843385731 0
88.46003473955219 16.10393716607958 0
90.98301481486409 16.4003599982318 0
89.94991668928708 14.04254322002775 0
28.21492808542749 73.48414629744738 0
25.82514333702976 73.08969148287169 0
58.921926160912 66.66192706124379 0
14.35870856777099 37.10141259249172 0
13.32715535043718 38.31561657977623 0
14.95231199318176 38.65000303639847 0
13.91715219394669 39.94991501263694 0
12.32123516041003 39.33728762274536 0
12.53832640920892 41.06371922669324 0
14.48221872188235 41.5056196988054 0
13.38260561248575 42.84494743611109 0
15.15531791499706 43.1387384417428 0
14.03098731362364 44.52164685886892 0
15.78729191564894 44.78065861946803 0
14.67083510198252 46.19284276834658 0
16.40199357165395 46.47516458007707 0
15.32047283904684 47.89020724311428 0
13.52713253372089 47.58332042521697 0
14.16836084935457 49.31502990744234 0
16.0047528843558 49.61911390884024 0
14.92335625653188 51.03509200704137 0
16.70802121586068 51.37777023834037 0
15.59878667903367 52.82436212819482 0
17.41142870591996 53.17681506623894 0
16.15065296428602 54.68953303125282 0
18.10927488494987 55.01722350822033 0
16.80401442764668 56.5734154779071 0
18.8206004308994 56.89638215480448 0
17.51636295681392 58.47302090923327 0
19.55935097669737 58.80667898162856 0
18.25005189139111 60.40425131163843 0
16.19006103913827 60.0617849931873 0
16.93870018874548 62.01660875369939 0
59.91578538997718 69.04894190767757 0
61.52492419312419 66.95715096607519 0
92.48931973981115 14.34576370797722 0
91.46037659670452 12.00192661310432 0
5.598972041162014 4.409041774148617 0
5.402219315607302 3.76376040405206 0
20.34098924857205 89.89319060170209 0
14.01160192379773 54.099917172833 0
20.31409495095563 60.7481756702301 0
12.88789584177502 7.108921704649014 0
12.67272090732163 6.485145191428612 0
13.31070457740124 6.553052522898316 0
13.07038276459458 5.936761746357929 0
13.72210941069734 6.030244994632769 0
13.48361265558605 5.422224060355934 0
14.12697736751272 5.518856980711886 0
13.90062986876304 4.910051663108321 0
14.52982942263806 5.014349314075725 0
13.30757164590186 4.776978785078928 0
14.31035271954733 4.407984951887096 0
14.93001080468671 4.516004979606411 0
14.70843852959512 3.922606608088714 0
15.3262278292448 4.023671320826943 0
15.09788198196707 3.441519386908302 0
15.72418317543522 3.532264210888971 0
15.95974874600541 4.129401536715993 0
16.37173854860463 3.613814958513196 0
16.60960863489698 4.235459309370089 0
17.03782900639124 3.702523587776982 0
17.28152761214087 4.340765937830164 0
17.7218033720175 3.797506799252842 0
18.00731660687936 4.407873277746589 0
18.42875455681851 3.890170527264964 0
18.15467316312132 3.241710392631463 0
18.87213552918361 3.326027181354766 0
19.14774997467521 4.001048803448099 0
19.60815331613698 3.411403391432525 0
19.90087215839741 4.085361559678359 0
20.36884040315334 3.495979887864755 0
20.67207472556461 4.18491901769041 0
21.15100612713164 3.585164059528296 0
21.45360535918847 4.334094537719751 0
21.95980313167557 3.684399490690451 0
22.23682819656875 4.477903153728906 0
22.78661840628403 3.78709685848793 0
23.11655315771191 4.576749755803768 0
23.65182986270233 3.885015972279984 0
23.99258432373569 4.694675422877754 0
24.53984421625137 3.986804769453833 0
24.89996806943694 4.817182942487282 0
25.45911859977604 4.098346027033176 0
25.83767655481728 4.918117858071193 0
26.41157067370519 4.197458785774252 0
26.80181296141721 5.049922999504131 0
27.40712114476675 4.253325176922957 0
27.79468075081454 5.239790405399095 0
28.42303228167968 4.369429950868759 0
28.82172335323792 5.383943920841439 0
29.45167750619056 4.563812066318817 0
29.8736163694953 5.545696386486011 0
30.53364113233477 4.719573665464729 0
30.96277691014213 5.71215666787608 0
31.64201833132567 4.820665515065691 0
32.08881714652671 5.873449408633147 0
32.79549845584151 4.951982288438071 0
33.24542121512494 6.040310312432992 0
33.96983845982811 5.15088558260641 0
34.43888881092904 6.217624042117885 0
35.1849130627288 5.304749585898141 0
35.66886830226473 6.39712439247093 0
36.43723681828346 5.384436621155653 0
36.91154762162229 6.549228453138157 0
37.72705538410981 5.536537860780061 0
38.21304305509165 6.717350218461913 0
39.05562644121294 5.681701446230305 0
39.57779945442736 6.929969730838712 0
40.41993013162832 5.836001290319228 0
40.95183941316807 7.132105126368477 0
41.79856514165574 6.021646308769018 0
41.26023572565806 4.723499785648004 0
42.64404487977644 4.906801649555678 0
42.0931271842211 3.622212998961356 0
43.48861252171329 3.786129493228826 0
44.05278105674398 5.091186655818811 0
44.91087877005999 3.946916550343748 0
35.76171271963551 4.406044786569195 0
44.33919295571802 2.636900498831938 0
45.7689967428195 2.793713841431885 0
45.4890911904763 5.275611004425199 0
45.19359324543607 1.478461428426669 0
46.6269530693742 1.635317489677965 0
31.10341417155625 3.676265519757307 0
46.04988687143143 0.3160310227747161 0
47.48438876139949 0.4711909217841259 0
27.00054992685897 3.409429055582589 0
46.90104442564734 -0.8474218398624356 0
48.34361361339087 -0.7192690111619575 0
48.94042303513962 0.6477920697413841 0
49.82578692138797 -0.5742666416934608 0
50.42976806133818 0.8430496467251191 0
51.33025769312411 -0.3954045867718742 0
45.4845238824477 -1.000872351965904 0
50.71724776540297 -1.809551350356357 0
52.23243396840081 -1.637469719346504 0
24.17416415496972 3.168999882817542 0
51.61924738849769 -3.039387420180625 0
53.15373264359724 -2.873945603465908 0
51.91915892676523 1.030568692907091 0
21.57321091716229 2.968589888587804 0
52.52862297463882 -4.314429046041825 0
54.08231046785702 -4.170114043821074 0
54.7031654088253 -2.682420672580329 0
55.65198888496938 -3.973507249224681 0
19.20791363240889 2.767031962284825 0
54.94324075315601 -5.537752627961508 0
56.56175263501267 -5.332862789581696 0
14.48888656080592 3.353241711115572 0
57.26866734228454 -3.802837767403362 0
58.22986607453318 -5.140520581236705 0
57.51079759969305 -6.672588824108812 0
59.19505991721307 -6.496063105260721 0
16.12920719991965 3.008559359045552 0
33.68804886580418 7.17276606528391 0
58.49999532347099 -8.006866652581751 0
60.1807447444865 -7.857714221733212 0
40.12567517177629 8.219717234719766 0
58.88601117760506 -3.598063587639816 0
51.00263118501894 -4.443251594196211 0
25.25348286645384 5.678728800644314 0
59.46655194700722 -9.38589104341931 0
61.16556091713232 -9.240964850125494 0
41.49472556990765 8.438447784504493 0
40.64949840936858 9.56379601275885 0
42.06188100416399 9.775747917345136 0
30.40930211953071 6.587765290192525 0
61.88812673976948 -7.679071373113033 0
62.90704388341065 -9.073832367987599 0
57.80287910885057 -9.520789412249162 0
62.15109327159406 -10.73993089068253 0
63.91856921596013 -10.58282850145508 0
20.23533864316429 4.852626258866358 0
41.11467745244627 10.97035178756219 0
42.62381977241461 11.14965435552868 0
39.70442638111444 10.72063136790716 0
64.68713768793307 -8.892248334224146 0
65.72313676818783 -10.39693490243387 0
64.94041989292123 -12.09160322038064 0
66.77562222776137 -11.91199432715242 0
22.59155204617558 5.431251382694694 0
65.98527620455619 -13.59665758881799 0
67.84704091172559 -13.43160713443303 0
14.85557973952322 61.66706349619996 0
15.60700190976054 63.64524532319954 0
16.8963484980362 8.997153654708729 0
11.0898937246387 12.61607350169944 0
10.16258241150433 12.4548064253129 0
7.879322592223277 2.808647060836206 0
7.349500680507294 2.676103197506955 0
8.409780548976826 2.920235893746264 0
27.32410905062205 71.25172702588726 0
21.66530715761086 11.11032334360628 0
11.0548505143659 32.43896982363615 0
11.5748258603142 42.59804868975026 0
29.54081407646709 15.9629153253738 0
41.57995875602611 12.41499876002269 0
43.16016057913244 12.58110463937517 0
10.63878676698956 35.11730186750289 0
17.82347287309614 89.52875449170145 0
16.92433313587156 87.10772438456027 0
85.96814259728862 15.84237531874932 0
91.50631735338831 23.15214485055614 0
18.75366509755604 91.97768463833606 0
66.50998399061309 -8.739966769324599 0
7.728350460082005 2.307854421243102 0
7.235784596073129 2.19498954187451 0
62.52249829231534 69.41319048942037 0
64.15042130694712 67.28858558487147 0
12.35439367119284 49.00245381115572 0
21.25107476680017 92.11197871721248 0
94.01877384897318 12.27980743237431 0
92.96364102392914 9.935026670587575 0
90.42285665005026 9.670240138875256 0
91.90363251517927 7.608941356589977 0
94.45582506583654 7.850011777971038 0
93.39292680875124 5.508242119199465 0
20.43586883665132 15.67692287249268 0
20.86155719620748 16.74986391707639 0
19.70006429682154 16.57471922525034 0
20.13417328142076 17.66767423365944 0
12.06912514341624 12.75818208955513 0
4.946411098360235 4.257765522630796 0
4.747815653716143 3.597662280228086 0
18.95355823805276 17.48937247647844 0
19.39367324480546 18.60553490079696 0
13.51290298463064 63.28470930647488 0
14.23696408211473 65.28365060144725 0
51.02116179053564 2.273586982462993 0
52.55278920654627 2.474073600391757 0
51.62583049709364 3.735138869895408 0
53.2211467762072 3.919248153235049 0
52.25216996164674 5.223415820086171 0
53.87722776640054 5.418137194376691 0
52.88608136945408 6.743321492945709 0
54.54252155585605 6.942400221728843 0
53.53118353916057 8.293575729035503 0
55.50104011524954 5.61002511711232 0
20.57245080550707 18.77487391532133 0
19.83065169582163 19.74267919578719 0
44.13700023815969 11.33740640007859 0
44.74137433390966 12.76657754057278 0
43.75043772481158 14.02619780436107 0
45.35782166550801 14.22745461032393 0
67.04228188028794 -15.11741958255058 0
68.92976916584365 -14.97858528498965 0
95.96975394805573 5.750154386392108 0
94.89326728509974 3.367628540690108 0
10.49013246989842 13.34497595225786 0
9.556600459631934 13.17633792049134 0
9.234154246172775 12.28293121555446 0
8.622032477311208 13.00032674528723 0
8.309244286110323 12.10533027520453 0
7.682621871709316 12.82405507250225 0
7.384261924680262 11.93198531289711 0
7.995870450128523 13.72631487319066 0
7.038909416172674 13.54795163210806 0
7.360150613575513 14.47608003451248 0
55.2209990672153 8.496531338610643 0
54.18860894723019 9.875190073877825 0
6.382418787316415 14.28957719109914 0
6.713555262707112 15.2453068493706 0
95.06872313166477 14.61964062006201 0
65.18952448662608 -15.27003967975172 0
16.16065791884538 91.56721719091695 0
17.10410189283656 94.04214276831405 0
20.09372302719558 55.31767996317195 0
16.84740638187004 4.884986466234189 0
11.90392902333223 -0.07610744742853487 0
21.23830724417798 10.21377865188428 0
22.23035329754358 10.33222729304907 0
10.71031346608221 0.218043384237416 0
95.16092455023177 -19.59033781409433 0
65.1601482831783 69.78289573583575 0
66.79205883984913 67.66094735240154 0
63.51595560339135 71.90268003591862 0
8.488937206001735 0.02079413699384609 0
16.38131427163974 65.62837285467995 0
15.03916229987699 67.2941398962309 0
12.83403404709468 66.92264089785185 0
13.56481784028296 68.98407692394217 0
69.72958415737847 -13.21648080909516 0
70.86016298872582 -14.79868665076249 0
70.0074736117341 -16.5551922557445 0
71.97409426194852 -16.45385084442864 0
15.98684028811047 37.3471707884432 0
16.83999683775737 43.42143732597668 0
12.78764561996717 61.31919224205667 0
45.69483412363286 11.51271673879306 0
8.590384324542768 3.417246290221636 0
8.932045269151907 3.022961775948055 0
46.31993246282231 -2.146232816317251 0
44.93267234362058 -2.298132289292198 0
45.74777365992514 -3.417591927663381 0
44.39183999274692 -3.565346621714772 0
45.18913966554189 -4.660317315158824 0
43.85274190030283 -4.810544117658091 0
43.05897487649982 -3.66282104739887 0
42.53723572335294 -4.932785053130123 0
41.77777919681085 -3.86514257266532 0
44.636540967934 -5.89193266820927 0
41.27435934118731 -5.064169764751947 0
40.53770308118743 -4.066814097038095 0
40.04799647211261 -5.194186330982327 0
39.3218518983217 -4.226359449190971 0
38.82797451773735 -5.261035242283865 0
38.13528489646206 -4.366957942086299 0
38.60175195653287 -3.282274571180405 0
37.43189950609411 -3.433367034555411 0
36.97819360598922 -4.49466433694711 0
36.29932811544303 -3.590604861107355 0
35.8718156558147 -4.634398380129989 0
35.19972407254583 -3.751779786424189 0
40.73279997004738 -6.286942341887135 0
35.60365494441699 -2.724456468561854 0
34.51603091951583 -2.8902920895911 0
34.13572168208717 -3.928835518483091 0
33.45932747027544 -3.043506634354364 0
33.841904528108 -2.048463783562271 0
32.8001258956573 -2.216308465080594 0
32.42028464614583 -3.173489418100997 0
31.78289365657684 -2.387417393440554 0
31.41487253048264 -3.309463856676467 0
30.79972710308846 -2.552477080605984 0
30.4510446304443 -3.455455599375539 0
29.84982606635714 -2.707088865539941 0
30.18712706281698 -1.810027473149337 0
29.24891887239481 -1.973442302460433 0
28.93319115488491 -2.866086763584305 0
28.34171570562515 -2.141975346538434 0
29.57255610415034 -1.075802598746527 0
28.03475153531521 -2.996572044268992 0
27.46579269202252 -2.301960836155827 0
31.04304373567056 -4.202727792691356 0
89.38419842664752 7.373552025990162 0
44.37385548748072 15.49326708818308 0
45.98720292420168 15.71251221281422 0
33.17782694069507 -1.220837866140666 0
27.16646449141169 -3.113854914553814 0
26.62007898574405 -2.450160434768022 0
26.89680052952216 -1.65375799799371 0
26.07354600361933 -1.804880014342342 0
25.79559630504741 -2.60971857372576 0
25.25095281600017 -1.958283156534112 0
25.52777648693996 -1.191592005035953 0
24.73054127805421 -1.351314478048342 0
24.4466427645002 -2.086792563009481 0
23.95134578428324 -1.49452331711514 0
9.105430891313803 3.513177339662314 0
9.431989326358524 3.113177606759682 0
9.269068760000149 2.644422968377539 0
9.757181848647434 2.730299395233384 0
9.926289487586814 3.196475186196801 0
10.24574830339952 2.810025092856679 0
10.42244806218797 3.274487864354646 0
10.73170442575093 2.885213534310019 0
10.56796209297454 2.377039256878553 0
11.05187815509053 2.515918214387669 0
11.21829755431571 2.955801786811568 0
11.51866655120081 2.56717358728047 0
7.558939337230844 1.837010930499372 0
7.100883691497568 1.736746379921907 0
11.33187256991567 2.119180328920915 0
11.81571327975914 2.178484199508718 0
11.99517776319321 2.625618138540871 0
12.27977185767788 2.236422034382488 0
15.80531885757436 69.35612823967321 0
14.33680157198942 71.07414752373116 0
4.282052634468153 4.103177492869567 0
4.478721173485916 4.772834479059219 0
4.091433564093398 3.441241810486478 0
4.55335916925795 2.947598613767332 0
3.921936077631736 2.790656638715626 0
4.371780395185794 2.328104865372231 0
3.750206050899205 2.163159679988107 0
4.187798003878779 1.719346208653391 0
3.582277705847591 1.563104699913882 0
4.017740374830059 1.129770578621773 0
4.589159897071371 1.27757514049558 0
4.42534753089306 0.7093906938082806 0
3.875942735269837 0.5788120442051093 0
4.260952758861604 0.1784506067679918 0
3.744719977378312 0.04408676027469692 0
4.952216755353543 0.8482055832945679 0
4.119943020095371 -0.3292815801617107 0
3.61330830450566 -0.4687831165151677 0
3.979358702380523 -0.8322525048047418 0
3.482634441917942 -0.9698707549734258 0
3.829404302809846 -1.346680859287316 0
3.3522497176417 -1.464801154073272 0
3.692282628822243 -1.835444388400577 0
3.224877857561505 -1.94858163953474 0
4.594885010038714 -0.1876037881546595 0
3.560649343635784 -2.294546709643293 0
3.099380685531754 -2.420926308919266 0
3.500153067089419 -2.792039253281197 0
2.985368239326758 -2.894753613687899 0
3.322120560449265 -3.234162896489897 0
97.49883290147037 3.630752133450248 0
96.40591558104819 1.245836682166223 0
90.80982912066982 -24.61203029003485 0
12.11505757056365 70.68103405331132 0
12.88115101137635 72.79577067638743 0
55.91320749909978 10.08250924645531 0
54.86146543594086 11.47719553732322 0
24.20594359498335 -0.7599190225877033 0
23.44803907704944 -0.9191123682328546 0
23.20439078464447 -1.636018893372916 0
22.71763328381801 -1.081970968158489 0
72.83993292163579 -14.62101949084513 0
73.98180370699011 -16.3005640671995 0
73.09851867696861 -18.14072019115326 0
75.14434715711855 -17.98006304890662 0
74.29396834610891 -19.81267342207361 0
76.33549630379065 -19.68008325120014 0
22.49594165701938 -1.783831473297352 0
22.01552174743042 -1.246254404434221 0
14.44651765811571 93.61825609055367 0
15.41792208614539 96.12987620794127 0
2.853495769100689 -3.35850761851323 0
3.190515316905956 -3.688502209313255 0
22.22015250804872 -0.5592040466189034 0
21.52605375666808 -0.7263751651177422 0
5.706763395114959 15.0510448391621 0
6.047514477282149 16.0279296422105 0
5.394486898889261 14.08608423483887 0
30.10989423088066 -4.338674150913933 0
47.94566806921154 69.64392117110232 0
18.21068202862563 18.41402214525612 0
93.81202675619008 0.9916634212365354 0
95.30425698890818 -1.146423612194911 0
97.92379879123993 -0.8973374074901079 0
96.80323475852694 -3.306429267319142 0
12.39855694208125 5.867629533998835 0
21.33887570461741 -1.404529943720889 0
20.85616391377955 -0.8737259272716963 0
21.04697927044572 -0.2225780905544695 0
20.39289380201476 -0.3875741576590016 0
20.20056046953329 -1.015560424405447 0
19.75803159183617 -0.5503592472176624 0
26.93899616101857 19.02234388458162 0
25.67302774735288 22.77518952902842 0
23.6875197290756 -0.1755832789263793 0
12.102967150785 1.800264040645314 0
12.55614679603003 1.853723192510828 0
14.36874902896111 6.09434580776874 0
11.09229222557143 18.18380325497294 0
12.19477760216902 18.38143777214784 0
7.991524828600292 11.23531914347768 0
7.098746232342885 11.06360802170527 0
47.53736897362838 24.58896737491498 0
37.88256399494689 -2.346428419294643 0
27.7078684265571 -3.798353168219942 0
53.13832031512499 11.2320666251934 0
53.80945916618575 12.8881474257439 0
55.55037668033148 13.10324422141225 0
54.41776235690577 14.55802666829154 0
43.7409288434086 1.38181117955194 0
65.78887516803266 65.13402393036687 0
68.42088939233888 65.53063789358276 0
69.46346741809742 68.02464843401401 0
71.10375457524604 65.8677878288982 0
70.05782183426005 63.37114818865522 0
72.73775640243838 63.70554462792303 0
71.68238650219543 61.22180692625186 0
74.36358202325539 61.54770672424658 0
75.9580713191524 -3.258030604539155 0
18.71932692819404 27.02704507559763 0
2.802126948758567 -1.592365164313337 0
71.06442779961111 3.815420594985516 0
17.77966540488903 17.30735068823488 0
33.12003738301583 74.20394672194925 0
73.54982342083316 36.32865093349864 0
36.52419144548877 -5.516988979430605 0
35.4358292408996 -5.650717343635689 0
36.08305842193648 -6.509077407842659 0
40.72710564092769 3.445566307574238 0
15.11539427076237 73.19731907386306 0
13.64144718411832 74.9477343059212 0
29.03544384768262 14.77182558980295 0
30.30862727317675 14.92457163923351 0
29.86555819593613 13.79136211685148 0
31.08732323164126 13.89957067796115 0
30.64591676571936 12.76966235890905 0
31.8534387380966 12.85233063465047 0
10.67037165419691 72.38182258029248 0
73.30946759225544 59.06917256615287 0
75.98660961996568 59.39333855073562 0
21.84502225208672 9.420961070004637 0
22.83053593313845 9.533463716746171 0
20.87852780813563 9.301602538875818 0
53.20365789070203 53.10357004112544 0
66.03024238083634 10.36481596212487 0
14.86942006479366 2.889297437497918 0
13.56344226290114 91.1628397673523 0
3.41591307942068 3.154379957138384 0
24.9649451445934 70.88798108653057 0
26.44594619854848 69.05318204628256 0
28.78037368992804 69.40205376589741 0
27.90848774279944 67.23237665639945 0
30.20854316328438 67.56702956115592 0
42.3685423673755 28.71378658857337 0
43.064877252385 30.44130777475083 0
41.20823148252478 30.20256122500233 0
41.91973224550399 31.93382573044256 0
40.05369046793363 31.69355043274198 0
40.77573199365296 33.4297758726377 0
42.68975524568109 33.64926880504731 0
41.49259874945493 35.21492274541702 0
43.46083988477768 35.43298937074003 0
42.24231904933905 37.02743187545946 0
44.19956746031966 37.29500235232569 0
42.9729191761982 38.88979437111869 0
44.97428428842853 39.15907974719029 0
43.73022308875208 40.77651783813085 0
45.7678210769032 41.04938350420754 0
47.01723740424346 39.41055703926549 0
47.82511197404632 41.33325913686342 0
49.10630808187096 39.65392458553401 0
38.90569166639166 33.160385993384 0
40.98701667497954 38.60699275556635 0
38.19504851167328 31.45625629062132 0
44.50445296849305 42.6874088497061 0
49.91804428817839 41.61952615363474 0
51.21985482532841 39.90907278034047 0
37.05897749677172 32.90874326339655 0
36.36287314119785 31.22431227587433 0
35.24508757702999 32.66010416044853 0
35.92503014614751 34.35947667347335 0
34.57526579095299 30.98296170178906 0
9.583021057074003 20.04450774787264 0
98.59579798841011 5.997704357042785 0
2.726696952734748 -3.823699235462461 0
3.065669845130235 -4.154812736545434 0
29.24255655550264 3.452487119540282 0
33.46574600357413 4.171178681160701 0
40.35670988382869 53.59319516304384 0
42.75330624385578 15.28901072777549 0
56.15384160736757 22.03370502260076 0
45.23565979153533 80.52093423620094 0
47.85161087264854 80.90518374613227 0
46.18204776309474 83.02393311174404 0
48.87994121259488 83.39208140272896 0
47.16745477051876 85.54940654898748 0
42.45143573397353 42.42270614348926 0
43.23099440039326 44.33502773660632 0
52.04961726463305 41.89287716254398 0
53.35365354799246 40.16949502377835 0
50.73015995561822 43.61991952802479 0
52.52898192715736 38.15772752681175 0
54.66341224107286 38.42563106648893 0
20.48574309569299 31.36705802286979 0
41.01928509595214 -2.911032919435989 0
23.02893933887029 34.72627654681027 0
61.55174806321844 25.971899225382 0
63.64797478962184 26.18440322885422 0
62.40244647818258 27.9100939265159 0
64.5217129981352 28.13530804424652 0
63.25381398294352 29.87793834237719 0
65.76584530664707 26.38732128136242 0
66.6733032032529 28.36387370132707 0
67.95223595748816 26.57162953470949 0
29.71591414575158 52.42908481093419 0
17.85004407793928 49.91173506978048 0
65.43587724217234 -7.210792008845342 0
67.29612969472736 -7.055979720663122 0
66.19522955371323 -5.512125668725801 0
11.44949831111614 62.91518451771723 0
10.73438281650464 60.96660300238345 0
57.9349943736257 -2.258275827981405 0
59.5814266994128 -2.050236806718813 0
35.03785868561076 -6.645650695668062 0
5.125405672800262 1.367350766755255 0
51.88392353975883 -5.715716757475121 0
50.38858915820513 -5.826072011993867 0
51.25153826079715 -7.046413977130738 0
49.85606504034482 -7.213588128462477 0
50.65193937811495 -8.383214078492699 0
49.04083048152518 -8.522129516060065 0
50.01172466312745 -9.695992119370583 0
48.59439742162156 -9.899175315740949 0
49.44018702864594 -10.99833715145435 0
50.86523422518845 -10.86595195572115 0
9.596949207940487 2.248851500417138 0
66.17789002131656 72.29133093938627 0
64.51768130021458 74.43556577766765 0
34.09985920337303 49.57486597560763 0
21.6154541218096 59.23457274429376 0
22.95974928526542 -2.321875904826428 0
58.75261513398613 -10.89766648913842 0
57.11012981750535 -11.03178986963695 0
58.04548931868345 -12.38887574938379 0
56.42418330891733 -12.5268993437287 0
57.34762781738943 -13.85961411709569 0
55.74968478351525 -13.99585310004307 0
31.06833178939633 42.2323596256954 0
51.9096061932468 7.977712352810896 0
79.76822610719429 0.9782173182749611 0
66.22973340501397 -16.78648141866224 0
64.45867367278784 -16.88086653583428 0
12.64247134801984 95.68851022460667 0
32.37251641775172 14.05230553260403 0
33.15954705058179 12.97373287062375 0
17.04230644010651 18.21757069325022 0
16.63807492236344 17.10660584589793 0
17.4258055854364 19.33162658598074 0
38.14109719525985 59.29047012598951 0
43.38214832966348 16.75337060673705 0
33.92903313545528 22.65402972901858 0
74.56617289608933 7.79441017757423 0
9.880534364422488 14.08390866491789 0
34.24291953745212 -1.048396806024076 0
41.16080410052826 44.06355502683373 0
30.67413025526138 -5.065440124518448 0
48.03735946532535 -11.1355373410051 0
29.24746012247764 82.63944591098847 0
2.601889049753086 -4.294371628411036 0
2.942891923099016 -4.633059588016251 0
2.476090180977489 -4.771684646389403 0
2.820049953573169 -5.116111659098895 0
18.08375974948761 96.55032716095104 0
16.57993483866195 8.228352490764495 0
17.40134146428517 8.334227874219119 0
24.461322655514 -0.01064779269916286 0
56.95444067137498 8.681932088496385 0
26.42039449494331 28.16111629025785 0
58.60161941917637 -0.6740796331529362 0
60.32382398409364 -0.4952575313477859 0
69.90041096649607 14.38193917278213 0
36.05623955084223 7.561446268918331 0
9.912670640993026 70.28359535660817 0
27.08748340827907 6.106616059126674 0
72.21803640722473 -19.80404242524573 0
7.427492011354399 1.405029856977716 0
7.856185313013289 1.492505980363399 0
6.978080165061514 1.234540403412667 0
19.57088216019445 -1.161333630295474 0
19.14603995088071 -0.7076251613950129 0
19.3081491603461 -0.09328416866417305 0
18.72042185051728 -0.2672590817678199 0
21.99363590811476 16.90529830188949 0
50.26523108745968 -12.16806794320171 0
10.8411635636176 14.2560490387153 0
3.346596207165567 0.4226699805800327 0
31.34739117906546 11.65860780724834 0
29.92606468039554 11.6922939868594 0
7.717824769251612 15.4312575798392 0
9.406518195055735 62.54410063026109 0
10.10668075910851 3.671513747295619 0
10.61779999760778 3.757069108883327 0
14.38706331042161 10.8615213659866 0
98.89453637264347 -23.67249967573841 0
68.87045828607768 28.54974231274094 0
70.15711466839625 26.77724107633016 0
67.64841384721754 30.25089164113351 0
12.47676523461324 2.685591148130839 0
12.18414809765844 3.091310763613744 0
12.36882333053094 1.433300651944537 0
12.82537129585788 1.482189474803186 0
13.01772634396964 1.905162557357359 0
13.28326795351279 1.52172738513524 0
15.8517887165632 12.85844658615558 0
10.02247552160328 8.542012321787178 0
6.790044479408412 2.066203724763627 0
46.9867385049754 14.42058652139193 0
47.63082877409818 15.94313634871359 0
46.61952358780711 17.21393691030624 0
48.2862106338456 17.50481266988249 0
18.55855108074563 -0.8470812142538856 0
18.14682581182903 -0.4207142258300621 0
18.29879339210103 0.1503782854566355 0
17.73262684430316 -0.005473348005001988 0
17.88314516768219 0.5401753916514346 0
17.32034038176658 0.3953729466309016 0
17.17983802369966 -0.14884704758877 0
16.78161559617889 0.2387090500022411 0
17.51804272500157 1.007661306706614 0
21.05575242828879 19.92769414302871 0
20.26227027975508 20.93791088579374 0
49.89705818537573 85.92938803613266 0
51.59866307788707 83.7580114847274 0
48.19781535879491 88.08754090515721 0
45.44192485644302 87.69651440755364 0
45.42373314748504 35.67361170422286 0
75.43159011684575 64.02938331572996 0
5.019391292912645 15.8290440136236 0
5.367943011475953 16.8252294460062 0
20.57829922072783 0.2691002848811362 0
3.10267099289762 -0.6067927402467865 0
3.767318988411198 4.591020007635557 0
3.988330929518611 5.308846988516164 0
13.09044831154339 1.107006938392591 0
13.54380420606427 1.141774562136544 0
68.07958827293136 -5.335731635020196 0
66.97058949621696 -3.801942872737504 0
69.19268418047093 -6.899069015945935 0
75.43678342759566 -21.59336102673497 0
77.51040655367666 -21.46812960882713 0
8.703199245117951 60.62166293127582 0
4.320169903576062 -1.213641975849499 0
2.361174764941532 -5.260873841939988 0
2.69710677131848 -5.613258719465062 0
99.44429048217333 -3.062599958408175 0
98.31503158888835 -5.470811556980241 0
47.22711252434567 -10.03356960261489 0
46.67574504374834 -11.25127586592709 0
45.8851689302395 -10.1936169028429 0
65.43560243999599 -18.4275041519062 0
26.87283546070198 -3.905087565034003 0
33.69882116189502 14.15790032886275 0
34.49110482453224 13.11802546743628 0
35.11479055589403 14.23091938875513 0
16.37456896082515 98.67320529482363 0
20.00317034610404 -1.612408040648933 0
21.25148159353894 0.4400192959793654 0
100.1579812884931 3.884576678523063 0
6.40979687773301 17.02348328786189 0
5.714400516034303 17.84472950321518 0
11.93656041573869 1.383167783830501 0
16.62904307723313 -0.3657673968533624 0
16.26025743315107 0.08948576785902211 0
16.38353589475608 0.6065034427158326 0
15.8885841609309 0.454251568482212 0
55.51462940718955 40.42866996314159 0
56.8258477711564 38.68775636909334 0
55.96308588490437 36.67956681607567 0
58.12414770034032 36.93154388520588 0
78.45305288817694 -19.50683939516482 0
79.66084937213301 -21.29797080016287 0
72.17041336943342 68.38265516124343 0
29.45411184353573 65.498541425003 0
31.66965267253391 65.7515859298116 0
23.28185516805715 10.40937979832663 0
23.82981051772622 9.659320619966714 0
22.27808943791329 -2.461016800075916 0
23.42685292805144 8.731068977382364 0
24.43077082191267 8.846852915536887 0
24.85114736983362 9.763920739248306 0
59.01335106762961 38.9543503642153 0
60.32983959389753 37.16841824493738 0
95.68278638308563 -5.6995383462693 0
97.17378820208222 -7.854061654008127 0
99.83249768094358 -7.650970826774125 0
98.66969433724938 -10.05843272857797 0
56.24776109012931 14.77536254160781 0
41.78479833209126 16.52160424795579 0
57.66675957301511 10.29923820862189 0
58.73288689184406 8.860082661249066 0
59.29571978692841 0.9193771946780857 0
61.04771304028993 1.101217709394845 0
74.9353061858244 56.90235963783429 0
77.61596194122237 57.21326611450863 0
78.67919964975528 59.73050652587466 0
80.31282423334493 57.55125274858093 0
79.23079837963921 55.04546337240451 0
81.94357252334636 55.36230898527506 0
80.86182267744704 52.86379705448002 0
83.57311479437247 53.17314195982527 0
82.49132185672616 50.67477778796163 0
85.20435219236066 50.98431738558194 0
84.10735852244736 48.48322247844689 0
86.83324682329305 48.79217480347698 0
85.73864833520089 46.28522005519778 0
88.45353536366703 46.58971641841227 0
87.38555652682881 44.08270196311938 0
90.08932772182769 44.39185515878212 0
89.01581902703225 41.89220445681273 0
56.66191164233894 -15.32309916980345 0
78.70050675757166 -23.28187899513259 0
80.90562256737238 -23.11959803545003 0
24.14082619468164 68.7074911246705 0
17.07740164221442 -0.6442060983211861 0
58.27286149079997 -15.18882439963326 0
21.46387888272329 8.537835997631429 0
20.3570772950286 8.344638102604833 0
57.25268953085079 34.93485039437184 0
29.77445079281719 -5.191088607377303 0
47.35933404929614 61.01875969589302 0
22.40685593552168 61.05712410216546 0
23.72344449721655 59.56002122663347 0
3.176948816150508 -5.398674262558086 0
3.145734792571629 -5.902996287137161 0
2.589077319660453 -6.088821083894913 0
2.959925920929249 -6.431222390382169 0
2.461028892010612 -6.589526320772745 0
2.833751878200385 -6.939543054802551 0
33.55900603877099 -0.2055736931191477 0
34.60255037909783 -0.06627228575831481 0
74.86154359888673 -14.46003102331606 0
73.690167378838 -12.77171879847807 0
91.73984142976761 42.2037438684418 0
90.65336361943977 39.69142940460161 0
52.11687714960707 -8.246042006688016 0
2.332297727097952 -3.442939134561729 0
35.6639168093708 -7.481305023247299 0
36.69413067120922 -7.373441060021656 0
15.99750096820756 0.9715183443883194 0
15.48804146349142 0.8196863229055597 0
15.37445945546662 0.2699710510320755 0
27.38131922986722 -4.546500277197178 0
41.94641303132548 45.97980486059276 0
44.03730149197045 46.28148442780055 0
52.63394554055448 86.32178669219908 0
54.32948435774169 84.24232346228663 0
23.46982670637293 72.65354027037154 0
34.1120457320982 34.09942829196362 0
34.78679283023144 35.80882048604525 0
92.72736289214009 -1.354681369940233 0
2.337506482194483 -7.096108115355609 0
2.71714832567681 -7.450754168287746 0
93.80632927862504 -28.97081176094445 0
33.93703507484945 11.89489709350151 0
3.35235485356458 -4.495408486742708 0
7.678084247967899 10.38733775337764 0
6.789351723907437 10.20147513832103 0
6.223168506236631 10.88062366475569 0
5.908044184300655 10.01343557232162 0
5.346947594999625 10.70194894190479 0
5.053425519739454 9.849338375256906 0
4.479917293761459 10.52848040930509 0
4.196425972574373 9.680723540153643 0
4.77160436912006 9.016846079089117 0
3.903086581592608 8.84274409823494 0
4.49841770818584 8.209423198646254 0
3.643773537799544 8.031085655343153 0
25.46035519135884 8.949875608676313 0
25.88493966518197 9.908445652165717 0
26.52740339917445 9.042357190250533 0
60.00429848874208 2.520465321522321 0
61.7738792574166 2.716483303258809 0
62.83566560754942 1.268099988004756 0
13.35110718514735 0.7390447989721824 0
4.330268876469372 16.62218686913634 0
12.68916050043461 3.153844921503978 0
35.66055360228347 29.57512606292568 0
33.92269826720867 29.33903355989729 0
19.03598891363975 99.12318585237551 0
32.84327009592264 30.70976894655739 0
7.73329575116846 1.088799038246835 0
8.146102291974678 1.175595634352615 0
52.89799258694798 43.90205402540305 0
81.40468412807697 60.07805164766098 0
13.79609746782362 0.7727922828982804 0
13.97632007302148 1.190936499404656 0
60.5815118157494 64.46402977945354 0
45.34554823211153 -11.37847212439055 0
44.58701620274523 -10.3586713913608 0
17.09032633185046 7.580323981744678 0
17.90248213082425 7.682297967573241 0
3.140840955881758 1.972591082306358 0
61.829951393039 74.04008127234002 0
62.82645501008636 76.58728658392616 0
69.02523938880562 60.89382686401709 0
16.11684345458756 -0.4374700114565416 0
18.44414022982208 0.7233202848588802 0
15.9114235341168 75.3561086925076 0
14.41392928965266 77.13705767538488 0
12.12079530491259 76.7139849182734 0
12.86463597069967 78.90303721299441 0
10.56895907301585 78.49492830915528 0
11.3248368658913 80.7054378374781 0
72.30939899846206 56.47768191742365 0
51.53790159416293 45.63006624212302 0
55.07341183583886 -15.45039500341627 0
19.85718358778922 9.208037288603082 0
69.23365920385227 24.75867809080147 0
71.43961930567293 24.96629896494868 0
86.30059018481087 53.48029646796529 0
63.5652092842889 2.909934691325388 0
64.6391548817454 1.509702935625058 0
62.49705015963261 4.399515175287251 0
3.986931909984777 15.622981474961 0
2.638462339750134 -2.549939272277522 0
93.38017142012967 40.00044254176602 0
92.28341838962901 37.48655865119963 0
34.63810146551758 -7.591489970557369 0
34.02751369243644 -6.788569503391455 0
61.22907875973091 39.2139643667135 0
62.57412346211362 37.39918652882095 0
10.01357081267462 59.06261501624763 0
8.019557238537281 58.72404381835671 0
9.298532282410946 57.18648536907912 0
55.11199537998909 34.69033669159472 0
50.67942890967229 4.902124201842884 0
2.211256475168267 -7.611966522433715 0
4.000181058428227 -2.165916635019251 0
47.46930601703594 -12.42607266712624 0
20.76478682347673 0.943902100082502 0
19.40377351990714 -1.750261368319869 0
84.52646206329085 17.85489936960204 0
83.5448590889257 15.61704528234878 0
82.11983243461538 17.5430941163905 0
81.16445421055238 15.3567666491133 0
79.76384093615616 17.25110876670874 0
82.59741246485562 13.33526152643864 0
78.54573981049212 14.94747916245706 0
77.45311727047736 16.97582747372747 0
7.381124118607168 62.18629607737873 0
67.23478210216796 74.81604851922637 0
30.87015484435113 10.55838073015663 0
43.14666627584974 22.48405636500743 0
78.36675821030913 19.09960366036935 0
76.07760706398838 18.81624616966647 0
76.97169259410322 20.94068136524002 0
91.25901842972593 0.7854363053427168 0
22.72400616094511 -2.97940841375036 0
30.32287660297065 -5.899083791788614 0
21.51731959304725 21.14781317841349 0
20.73319663925763 22.16454874268505 0
19.42643592267793 21.95602965838972 0
22.21189535813846 19.9856467106567 0
13.57149666944792 7.192958907776674 0
3.244701564435277 5.113184348582298 0
42.34083241295247 73.29065837642847 0
63.48266986050968 39.48248517360838 0
7.369305198164022 56.85372047004083 0
8.604495322680787 55.35598109265123 0
6.713178939327967 55.02738435039243 0
7.927465173857714 53.56557404146243 0
39.84138270930346 72.92430964902911 0
41.39381455526892 70.95555649316724 0
38.66300228741731 70.65033687250938 0
39.94984470231444 68.46851676742385 0
8.473493637298038 71.97089855600191 0
3.612188171658172 -3.563086519085527 0
35.28161909640307 12.0347056324229 0
46.46894233934111 90.2669602199842 0
43.70477663984602 89.86046631113022 0
57.57526985116903 -16.66095357049235 0
64.8437178055301 37.63972301753302 0
5.468544367169625 0.9702644653137973 0
33.01411904005919 15.30353192425412 0
21.09072034413899 7.683788755271881 0
10.21059699853417 15.02299484721117 0
11.20105123650538 15.19340463982759 0
8.170249379547357 4.948649159537501 0
8.276497002046677 1.571842956126101 0
8.555429874685878 1.257313895351415 0
12.8417540471869 0.6793746304097964 0
17.31003692615124 101.2298124422268 0
14.60493138383732 100.8040274520715 0
61.30675917753124 -1.749580064968036 0
15.89354178202598 18.02058140742341 0
15.49580730736524 16.92474188274976 0
63.52761565608324 -18.47222966934221 0
39.87414720150953 45.68975939943253 0
39.10005432335773 43.78141359205171 0
101.2814561497473 6.299789383956306 0
11.71468166293537 47.29337090308186 0
10.626490661538 48.66644406906158 0
9.95030816261316 46.96850524599326 0
8.819905887031258 48.56019788085314 0
8.152837708645423 46.69583681288358 0
7.046569929947431 48.0121775398217 0
13.08235551383195 30.17581254287474 0
75.74736631677916 -12.59082281061653 0
8.557063116929125 10.53226286930848 0
8.085327312167733 64.10961741826522 0
19.2836903341856 15.50037016485946 0
54.14971503941271 2.642860645492211 0
7.734825748646127 69.87710148092627 0
31.59827669900333 -4.955421066172421 0
74.54760860455289 -10.90391071561681 0
71.38437858742834 28.71890022657556 0
4.684527641778931 5.443120299894904 0
12.38348130776675 3.564722318483979 0
61.11271534216527 29.6522928147827 0
13.47191564537616 1.923796198937716 0
64.66181787048201 -20.03077961280264 0
47.30850889442679 18.77793341294498 0
48.96798125476958 19.10835081408889 0
66.46510165254989 -19.93850540769663 0
5.325481680191988 8.370469837870939 0
23.89430982133494 0.5517862239619784 0
24.64411845510185 0.8546863763837145 0
32.49942050843478 -0.4165525496163621 0
6.407826871727591 46.40929854624814 0
7.53326998766777 45.03837613593015 0
5.850510204838252 44.77119709432164 0
6.904296297647173 43.45966123721818 0
90.1989524320873 -1.555497886801959 0
88.75403012814203 0.4859718532825237 0
48.64935281513678 14.61544688090367 0
10.28621156315215 4.17029796500093 0
10.82469767357988 4.259475724201376 0
16.58918466647813 38.92176377788447 0
17.64154110777187 37.59644919680667 0
18.2621004720127 39.17010407666672 0
81.39462553718846 48.20085951269014 0
69.99631448217093 -5.139390143983581 0
17.04691160763361 36.01522959031904 0
15.75280385859896 8.115304180957317 0
32.87113336912316 0.6283149910761485 0
31.64897926887783 0.4245717890777728 0
9.949281654275804 17.95824599889466 0
45.00666077521135 10.14864582868256 0
46.55208044752803 10.27307779169643 0
36.28144047797847 -8.331992778590328 0
37.31608458995836 -8.227591087885365 0
93.07937162470517 21.06425511788045 0
94.09980993963775 23.49176267339773 0
95.66918722535425 21.36436657427929 0
96.7086179679182 23.82391660466414 0
95.12401170740657 25.96752823075579 0
98.22602605763502 21.84314126366803 0
97.77683072359828 26.30973573692778 0
96.18737113745317 28.46892399938257 0
96.62378123467035 12.5375510689924 0
15.61241513699554 1.338413555606115 0
102.8732504092106 4.12061304249786 0
21.18698266246419 62.58030294536459 0
68.12372915135546 50.79638948535527 0
45.02895448547606 30.53517795340893 0
50.04083721025032 17.6870682410858 0
50.76471565435129 19.29809357119206 0
35.02863692206959 27.91685021040019 0
33.29114198916072 27.73051876171572 0
70.41477440620898 22.99718207306984 0
76.93707359043772 -14.27981233073842 0
10.47755999037715 6.126549480113111 0
79.92600440924961 -25.10634382186901 0
82.16574408605214 -24.9721721770787 0
60.11520080459548 76.19932257082453 0
61.12915374971 78.75459636729775 0
4.760570552301107 11.38894362774365 0
3.863477379484354 11.20850485347669 0
16.11964000281738 1.480791173600881 0
30.06800508855231 23.38374496992571 0
54.62827828907323 51.23094559813698 0
16.1720982480135 13.77339303994051 0
15.19582872893181 13.6285542749394 0
95.02954128654832 37.79129640302359 0
63.44492933922855 -15.36618534098451 0
55.08989260083077 16.25175406116881 0
9.271673659326975 8.396432726840526 0
3.206328835050521 -7.293044572506777 0
3.094457406121722 -7.795377382730856 0
26.96186542231153 10.0423402004873 0
27.61917470351391 9.147716755614667 0
9.018327656865148 80.29495560432366 0
9.814000154551398 82.55349331604982 0
3.471293984237039 -6.334908495855496 0
6.784082414254347 18.04374070141535 0
6.069960030032076 18.88798521013196 0
4.990387388106265 18.67119238681798 0
5.32846113424887 19.74172520491044 0
6.591366188571858 20.03906689950596 0
5.703908232060517 20.82603168652502 0
4.561933037114391 20.60352665494654 0
4.935913158053273 21.71711266722862 0
6.075214498334505 21.95616495531283 0
5.309275977309729 22.85750723577996 0
6.529608214823909 23.0863895558905 0
5.702889446635384 24.02261181377547 0
6.956336714756859 24.25736457473437 0
6.10205167469356 25.21992328023069 0
7.426025285531949 25.45144790400805 0
6.502518868109868 26.44194152217347 0
7.868244473024057 26.68482899721527 0
6.916904818463842 27.71380339046667 0
8.257082496668842 27.96788654076213 0
7.351477819370608 28.99886100119115 0
5.994790222260107 28.73807236675065 0
6.439948291253273 30.03723632709398 0
5.244208746551308 26.25429369144782 0
4.533420312790443 23.75558787558438 0
57.04776830592397 16.53612026984579 0
58.08270720875974 15.01709927986464 0
101.362411318997 -9.866055665132887 0
100.1827074813522 -12.2976891802574 0
16.62633827881771 31.9749242549875 0
3.339142231193182 9.493742271212914 0
17.5945835711358 6.932947910541537 0
18.39954828342086 7.038696011341296 0
16.78350452503183 6.84844290484309 0
51.67000607629856 -12.06589466224856 0
51.09690532953957 -13.36643739755782 0
15.23406454636501 79.67995239629968 0
97.70075656239644 14.93982952039081 0
99.25219573056648 12.81655054273534 0
100.3689978311621 15.2788052815035 0
101.9492823994292 13.14216891064939 0
32.51256194118861 67.90713583448121 0
33.96537094255694 66.06260142799125 0
13.60768053002412 0.3772960351582917 0
14.04417762176334 0.4092191713931521 0
63.8741666953626 79.1579357989598 0
62.14914725500712 81.35478935901359 0
19.32313322145244 37.83239231192583 0
19.94524213380795 39.42829737706379 0
15.1789701390837 5.061839157269842 0
8.304399390295977 78.05609759685011 0
19.90493524961619 23.20290018068427 0
18.59689011948389 22.91329583616072 0
5.294916344776876 47.75235864389484 0
86.30781034890462 41.58095397090188 0
45.97745364122793 -5.748755901960976 0
42.73074546073934 47.95977009377738 0
44.84228272924139 48.25068861514863 0
59.45751912285457 10.51951588633164 0
60.54257057917833 9.106686905985821 0
89.56364703986884 49.11879267947449 0
26.57424481662999 -4.667487760333013 0
5.080508592487452 29.75756539357679 0
5.521451479181106 31.07567441275583 0
6.898661336053036 31.35840786035088 0
5.948098865074351 32.44156753047852 0
44.05518220883148 -11.50071903759537 0
43.30798280083228 -10.47005711542429 0
29.45211546622741 -6.020336407068598 0
2.084995190355363 -6.221962514968503 0
59.88162643550211 41.01529973825322 0
27.08371968246923 -5.292441630087312 0
89.5794077813166 37.18208166781798 0
91.18796932595274 34.9985553269611 0
8.70452886633575 29.26731861072049 0
59.16639754442108 -16.55465198945019 0
19.78582494803701 -2.179035885916689 0
73.93334121745124 54.31897368920146 0
24.52013423154673 61.39693895688243 0
25.88139095385361 59.71638522038436 0
24.66744060674733 57.98318884294785 0
43.92279147758477 -9.154337439783051 0
42.57033990301613 -9.377644203393599 0
42.07342639884115 -10.5746778559706 0
41.34633817724135 -9.574605142624922 0
71.12313969415558 -6.674839879519139 0
17.72637661174122 9.099883547696313 0
4.135250539479999 12.07457955414569 0
3.23219733457092 11.90002596322089 0
3.386230387041345 12.75168389929574 0
5.993706881852096 49.20851067463531 0
5.062249794579773 7.591803277647597 0
56.38556593879596 32.96991682924558 0
47.12366274585918 -3.317799759742623 0
3.47886280844103 5.865081248628458 0
87.93331393465822 9.38971999166284 0
86.92308237649918 7.144511755359142 0
102.5388026207593 -7.434903939448816 0
42.38714689028377 18.0084384483674 0
40.80615524411304 17.7816685728404 0
40.20390952357894 16.31627661556823 0
30.88070820735695 63.59757196448657 0
58.40933393681276 78.35184456890156 0
55.50025273874812 -11.19385301303018 0
2.753804584293193 5.681038340074858 0
21.45851976019624 1.124070499014911 0
7.336317307151682 32.70836792879698 0
6.411566542573628 33.81219279478529 0
5.274492795510796 43.17919833584683 0
6.323219063800362 41.91282491585106 0
22.05342637655454 -3.115006974508492 0
94.55813294242185 -8.044371279897875 0
65.4117410017836 3.129537218153394 0
66.4923121801005 1.737938631905946 0
55.39498587760289 86.73831535341995 0
2.104911941613464 -4.449226121831616 0
44.73851115708377 92.46015691441254 0
41.97230169129715 92.03500385508721 0
40.94923517602156 89.44535175898605 0
39.21683770650797 91.60700899129047 0
38.18308111539898 89.01612727396264 0
36.48934516702786 91.17698427287498 0
37.48423118083814 93.76756292936622 0
34.73825765174799 93.33275897201838 0
35.40425198558685 88.61330037921893 0
35.73588921262481 95.94095566986175 0
32.98024991168728 95.49422280602649 0
31.99228166802714 92.89960246600589 0
30.23412253655705 95.05001088261258 0
38.49801508277885 96.38115714083958 0
31.21870131991773 97.66041115140175 0
28.45768551159152 97.20595028455924 0
7.33385069291143 9.510630009975781 0
80.6204696873958 -19.32486196081726 0
97.50350512220794 -12.47757089689075 0
53.74798502450572 45.83837460043327 0
33.6403642891008 -7.694884509119693 0
33.04150825528853 -6.914731820223436 0
34.73039447758426 10.80045702452799 0
36.07352636187807 10.92782822948406 0
36.64603141633104 12.16120774764373 0
75.17852862197935 16.85175947877419 0
11.17570271021934 50.41018675261334 0
98.92043640780958 28.79202153328406 0
52.25146500939104 50.97971598903274 0
5.848185748102786 3.289310769355641 0
61.97019742531368 31.62602644870327 0
4.970658952982693 33.52633677988261 0
5.43156820414409 34.9223483634858 0
6.83513911855963 35.24196494176607 0
5.882246297319638 36.35588370386548 0
7.32246292296186 36.68558363049166 0
73.83111100552266 18.52326216879757 0
29.26805876975352 92.46503103652243 0
17.39231233829141 73.5822957154883 0
18.20636626203808 75.76611167123276 0
36.62699553775556 36.07914293338339 0
35.46656134297957 37.54704213998723 0
47.40231836822849 92.7799455771522 0
47.2062439838253 2.956019468771759 0
65.18483689007087 20.89924617233905 0
44.80546944496879 -12.5343199341931 0
77.72360397621063 -25.25555534348198 0
24.02124919220784 7.92726285466852 0
13.85276423556802 0.02255813088350079 0
14.27250112474492 0.04484849710805172 0
37.82549935820855 45.39381471491625 0
37.07301724889576 43.48543001354268 0
38.58600705105904 47.31714128846398 0
25.3552369774091 10.7098394556993 0
99.00054265419449 -14.7298253831358 0
101.7025511943817 -14.54114818175132 0
100.5017074164205 -16.99799986134782 0
23.69406446185249 13.17796036786491 0
40.88177002924593 -10.70193693435218 0
40.24575517741227 -9.78044972997937 0
97.24322370369734 30.96841741801762 0
6.345354259185427 37.80870330752018 0
7.864839379216584 38.10830139943544 0
4.850078652522194 37.48643876313045 0
92.75503506064189 44.73397319495457 0
7.174065149441818 21.98787253899232 0
32.96853455929222 35.53548372193953 0
53.16729686560127 81.75134758318275 0
8.681466053266213 1.640615116592631 0
8.949696756025006 1.328602586192586 0
19.23154560916759 -2.307617044651814 0
3.782943070497892 21.48150954235433 0
1.818745981380997 -7.243852097356741 0
8.016319119086198 0.7896290376068352 0
7.627869286330323 0.7010815826799714 0
2.538638372193016 4.934798716105961 0
42.93405392458391 -8.366223605289433 0
12.35971710501553 83.07617806738301 0
10.52393792040525 84.91780526157072 0
8.205600027721525 84.39945371913473 0
8.958744459478757 86.70608514836218 0
93.4551402645906 28.14790452288256 0
5.648222328696031 1.450439861048751 0
46.14599199333428 46.56103823554628 0
46.91914860317979 48.57195350382648 0
8.286715787716664 24.45938356082871 0
6.133521115617471 58.3473941413894 0
36.90095278037223 -9.190295621192837 0
3.293700403996722 16.41278199998564 0
6.065327037427412 63.74852987495774 0
36.84219588467104 28.07858800347886 0
44.60840810149317 6.414229904473869 0
46.06491342382504 6.629080202792884 0
5.331819215349199 0.4985709055054173 0
5.800386791324376 0.6046335159682281 0
5.684087567888754 0.1765498710094254 0
6.104233190945036 0.2615349370771516 0
5.972375658852512 -0.1712555077058137 0
6.373115004146214 -0.07213607413994527 0
6.514174976404007 0.3183920345850473 0
5.512208997996197 -0.2266634674092743 0
5.851330840043996 -0.5705134252401493 0
5.455207589461994 -0.6695544948307017 0
29.51433533583048 99.92316181664008 0
26.66970867956839 99.39120380837088 0
83.15108225633178 -22.93016710873898 0
84.37927444348267 -24.79106837921734 0
83.42107557631449 -26.8967590972081 0
86.04118616089205 -26.49814346133532 0
11.14263341960196 10.21896246286481 0
70.30706981385525 -8.314285762033105 0
17.13184254330067 14.04147020895337 0
58.25644858730496 2.332086698390591 0
58.95739071914298 3.933845444206592 0
22.50163028422787 -3.619420741195894 0
23.15886067245552 -3.499024371835459 0
19.90826040013545 101.5397590598648 0
58.49183679121609 -18.01370080422804 0
96.79123208459073 -33.51685759528917 0
45.42751366767486 -6.969265273225723 0
12.91559552974382 3.641097690220067 0
13.20523744186315 3.205154711586496 0
39.01984203635183 17.72730871692202 0
38.63206845910501 16.12386437485278 0
3.575896932141831 -7.639249387054257 0
3.471245491428367 -8.133333039032923 0
2.987665722865245 -8.294279000066526 0
6.129409869513741 53.2985373920224 0
7.952383613590209 42.15991201374531 0
18.09408929893986 6.29396745052091 0
18.89343615992852 6.399675955364811 0
29.98968669073632 -6.711310904134707 0
30.85225465722646 -6.605217905965925 0
53.66550151048301 88.93618657057627 0
88.51705364448027 34.703624777126 0
22.05658699624452 22.35969169097933 0
32.21928146066764 18.56297223117384 0
3.44006683099079 20.36615441245672 0
49.62730689832885 20.77127926462934 0
51.47386514325864 21.44027173172082 0
52.6521532939451 19.48866504376799 0
52.68361100498218 14.17145002847135 0
100.4929163457707 26.68671440364939 0
87.65334402570888 -1.699655946679091 0
86.32442729477594 0.2314291526077079 0
12.18813177875939 1.045619549956329 0
11.76752329416109 0.9922954574327811 0
11.52570502259008 1.320332908792323 0
11.36897097289004 0.9508565314920313 0
11.1322878039501 1.257641276405238 0
3.68291266651715 -7.156289624431722 0
14.41087463043579 8.608162260672909 0
18.82911119019887 -1.872594035659358 0
65.0968750541022 -3.983682442866166 0
3.000050388334766 6.463998418638949 0
32.09155944905154 1.480832270070479 0
31.10231921667231 1.390507144878763 0
33.22720159628321 1.639383664087751 0
21.62024909840022 -2.610164519931411 0
21.41776226184738 -3.232080418190775 0
54.26924561075607 32.73855084374996 0
17.91255341195657 -0.9993620256651374 0
85.48803524552393 9.17924012981678 0
84.49911466550316 6.890117586921939 0
83.10133758821101 8.861925089964144 0
82.14314238511921 6.66829562609966 0
80.78730237447458 8.566120319001078 0
83.52023008882364 4.771299063881571 0
2.96319447036419 15.41531316531596 0
8.81585347640738 0.9563034811483792 0
9.201708592281996 1.026661913186929 0
9.341259025793637 1.393616550578829 0
9.59172516344373 1.091239048719452 0
9.728452919741159 1.453635599682905 0
9.97820624830333 1.154610149745828 0
10.11506340167887 1.520043641404227 0
33.41902887530077 -6.009290659946007 0
39.60446954658992 14.89453714842011 0
34.22387614200419 -8.493234327329272 0
26.07821902024754 -4.045224689507382 0
25.80721815880296 -4.77766301187067 0
25.32193711710913 -4.1882749462637 0
14.78793394247956 17.82056911281005 0
14.42388353493957 16.81191646605619 0
15.15352200161035 18.91968120818352 0
34.3585090324048 26.3166992164215 0
32.63379973518949 26.17869718748172 0
31.63070941625186 27.49354988203917 0
11.35537796457129 57.48294523330568 0
7.897657163599208 0.4231821259634868 0
10.47196586987808 4.694625105993772 0
9.93501920390662 4.598497131661713 0
11.03494280706065 4.786587515122099 0
11.36760244791049 4.34020001322947 0
65.78634744097398 -21.83297142484384 0
67.54713625532085 -21.47531406774691 0
9.804068413835022 53.86535046491882 0
41.56372652028429 -11.66555032338736 0
59.84189077909849 -15.20069441849539 0
18.65114441530933 10.75388396425705 0
26.07538412546816 8.076510491895009 0
44.0366765601641 -1.05753708884218 0
5.078060170222259 2.400991053507303 0
15.55110444521073 103.3918792157312 0
12.81409510322111 102.9545742941079 0
42.82589983403021 68.97217808368205 0
41.99191323385752 66.76467305162228 0
39.80392791355476 66.06966133128955 0
1.691710095809483 -7.776157021725299 0
25.79677104240979 96.81795551170195 0
9.706033575340175 28.22506090862084 0
84.70724333173789 -28.89559034565428 0
87.07966709010341 -28.72055642294365 0
38.3534244513378 41.88108425003293 0
36.34352716289247 41.59038140956575 0
16.67330892151218 25.64016438751915 0
15.99726690924184 24.39885668605815 0
89.13733116460284 -3.778507826051959 0
10.17539702034921 29.5698373810467 0
77.83090780700122 -12.4035728015003 0
10.99468524178493 0.8980940930247343 0
6.279840980795489 71.55009854627592 0
15.49745578829312 14.48062116009329 0
14.54829545579573 14.35067037312473 0
14.19112470903051 13.4523411865289 0
13.52441953142371 14.18351021665352 0
4.157708342817207 30.78877064994239 0
3.718500199686967 29.47852119556153 0
28.63964712443745 13.39689545231176 0
15.10164403750248 1.190515831447425 0
15.24735347015228 1.67067524075933 0
44.39802548862193 67.06537231836882 0
3.988655436633595 34.61111308295244 0
50.87763475939082 52.78755453682311 0
65.79589373234001 39.75851133481783 0
4.721776646406598 41.65179832864191 0
3.637421388882871 42.79248047270798 0
12.00861900224395 0.6792858112946819 0
53.00832650772279 34.42721696991213 0
7.530536947311255 0.3336086379672614 0
7.263673938313097 0.593655356641187 0
78.93809646451777 -27.07889588459415 0
44.90351297815961 22.67105564022549 0
44.11497177146975 21.06256704823705 0
23.04388316935299 7.81422262324395 0
23.62576767824351 7.030959948980656 0
6.235719183653236 79.80701839157241 0
32.33974517963012 33.82343658692663 0
31.1785933355925 35.26092590149765 0
14.28713333092693 2.804997255482777 0
52.39813565408051 -13.23122953619995 0
51.85204739748289 -14.52627829064704 0
50.48302495677434 -14.67946729357979 0
5.583440223159595 69.45262448088172 0
38.5628880906844 4.428486413877394 0
13.42059223502192 -0.001689275025351517 0
30.99748416149044 90.34203013064564 0
67.17118178291761 37.88381863138327 0
66.20971390575176 35.79137638829275 0
68.51689977255128 36.01035899048767 0
27.87357969536728 -5.178620776518494 0
20.09121471020723 0.7672824639657807 0
20.2738064098857 1.446160363805729 0
41.5401950825219 2.362095595580251 0
40.20552017348206 2.197611522201405 0
41.00000990270449 1.13261112939035 0
39.69400048249054 0.97687605511826 0
38.89989594862979 2.057481821212443 0
38.40918074807351 0.8340207263001963 0
37.62927441048219 1.839615799507311 0
40.4790062307912 -0.07191218602059452 0
36.92190188490255 0.6325990447247085 0
36.39840762621946 1.667304387288966 0
23.15503542774363 0.3457653451289744 0
23.30962666860551 1.031271893835814 0
8.762672366364969 3.924942372965657 0
96.14347626044196 40.34277686942531 0
32.71310148938739 -7.832184079897399 0
78.17808630628143 52.54436052021678 0
6.777898975424137 0.01209464838417136 0
56.80520147515606 -18.32988544645166 0
46.74991660695997 -6.851166088300993 0
40.54709731063398 28.46366058968167 0
12.16794071939401 27.39098028692633 0
104.0030477328318 6.618780011129064 0
105.640278677405 4.362916126564304 0
104.4580058373963 1.888406198957847 0
33.41042988884823 10.66429305485739 0
9.52169346506385 9.132743013879779 0
20.99946546249199 -2.786022602476696 0
39.79138334925429 -10.8533852636069 0
18.77364191588839 7.741627093044748 0
63.18166501281011 -20.34636366244376 0
56.83842591484877 84.74997609529034 0
72.72477970344687 23.14736283409834 0
73.86235539471099 25.04639836099827 0
37.91263540143435 -9.10871526868889 0
38.45636978289866 -8.178131411935974 0
37.52067287471716 -10.05968690619936 0
56.9182919269536 -0.8894508333182413 0
40.63709691858891 -8.681620291010276 0
61.28542122190792 10.75516738304024 0
62.3934053440429 9.312764928182807 0
11.85390433370441 100.349350290046 0
10.06132796481273 102.4809574440743 0
9.094535329165831 99.88454166324694 0
103.1103620635958 15.60343896936413 0
104.7843677184583 13.56374156514896 0
71.87158111344945 -4.985320648632685 0
73.10750243650762 -6.562882882239943 0
70.78385352049915 -3.366745043385701 0
104.2374586634616 -9.724930070135795 0
65.93719479391794 -2.304928840991433 0
59.13632518967195 73.65229822424263 0
19.60178404029486 1.277492896463571 0
7.017543150479058 73.64305189734485 0
4.821772173090384 73.22589512868197 0
17.40027201298972 16.19010047758514 0
59.16065510376106 16.85100006014475 0
60.1134322311943 15.2246134483435 0
43.5981404684337 64.89043494033425 0
45.91826120204085 65.1586047849043 0
41.45194032220843 19.30400429311274 0
48.27564186840801 37.72388235749587 0
11.83883443699783 17.25873418600711 0
2.92623067877708 10.99259193862168 0
2.312612656137363 11.70449994217092 0
2.960329188726279 1.384507156296894 0
2.500919914732956 1.809673915257285 0
2.316278837598417 1.193671241008607 0
85.21756136233489 -22.70937014735352 0
60.10486726698366 -17.91412335952266 0
57.11233428068186 61.84892398005886 0
18.11831561139153 21.74081145927265 0
4.979632252461193 12.2419923659923 0
96.43820858486295 -14.83891272509682 0
5.865794953586225 7.759638506469529 0
28.11420971654967 10.21279912098661 0
28.78715139134049 9.310304980229176 0
27.40164336176291 11.08567987619354 0
28.28457910745435 8.244172560375516 0
42.99603914928508 94.64691066529618 0
18.83005374668935 24.29425313291359 0
20.37499338280027 24.48147165068443 0
43.51425049485282 49.95478923411848 0
41.40721417989781 49.63576291081271 0
35.85273364781246 -9.287203544924759 0
39.93797489114898 86.87365534953935 0
26.66558779905705 61.6914517081924 0
28.03982893633141 60.00821345665472 0
25.60733426047889 63.25190650140387 0
11.60476950803774 4.900495056816198 0
22.69831566938721 6.951949140022608 0
9.240994897509079 68.17399916817368 0
43.55975059121749 82.60817693699256 0
5.73207541695384 -0.953173894370438 0
5.348971246302728 -1.060603088562998 0
2.094668711305765 -8.134389254237075 0
1.571475420049862 -8.317532460700429 0
14.52080072063219 0.4613594834095258 0
70.50975081362175 70.5495610194078 0
73.24161074443489 70.9334829626783 0
74.92848593945646 68.71472981484085 0
76.0214452424961 71.30073146453337 0
77.65073466622106 69.09705569023521 0
74.31743059967172 73.54273079775892 0
33.20174568809211 80.90674907778026 0
67.75256673008465 -2.074840235701603 0
55.8524684854687 17.93742902173197 0
55.10639736350189 44.15972185204822 0
7.481702160415166 17.21648530675075 0
7.893410636654086 18.13801114675157 0
50.52476836420235 63.2954441652901 0
39.17280790460552 -2.241871397884262 0
38.04474612521712 14.69289964278899 0
37.21782763970485 15.75852019365147 0
79.74293174203596 62.24681954672656 0
82.41079106440277 62.56550746618018 0
84.17015473763848 60.39000373532463 0
85.04875789167214 62.76234083976085 0
5.372066051566667 61.83005972811029 0
49.82582262236568 22.68350429897268 0
64.15833731753568 31.82061206036883 0
3.628806741983333 17.42330108735613 0
2.573839406956834 17.2148795101905 0
47.97594734801076 13.1145859714306 0
49.61181355327439 13.30205968813105 0
48.98082883642732 11.76895774589829 0
59.9715566845302 7.495321103046537 0
12.61525413350433 4.053768345572537 0
46.96545584452792 5.437844389434273 0
47.56973493541771 6.830003862422778 0
9.181858034445888 30.60546986802711 0
2.898920957438203 18.22780321000268 0
86.93733282575079 36.88206101979667 0
59.67568454969008 -12.30676665475682 0
56.46314420066545 89.34711912248885 0
26.03708384730902 30.80557745529029 0
4.869750443452006 54.69523909723282 0
27.57392078128878 -5.922721217943072 0
52.31605823725255 -10.71483269658789 0
47.32577219162347 -5.712804319326399 0
37.33793696336929 37.82270283322438 0
4.067636668646718 63.35726911751713 0
90.1372306820509 32.56508295905553 0
41.77816226547742 0.06901383756911365 0
34.83357325857493 68.22003053813063 0
68.31025720670895 -19.8033612209753 0
64.93253935889085 81.75956156600469 0
63.18063719467283 83.98440120968584 0
66.6716452800863 79.52679716506425 0
6.133262753207713 8.520086267309177 0
11.89016849417214 3.483392439632802 0
34.15922594003747 9.597142539552758 0
32.87397554928194 9.484975951770259 0
9.443110414013315 0.7487694933823745 0
8.417820432010229 1.968473726064317 0
35.33126326011278 -0.8889893601066878 0
29.18298610223686 -4.447907702934025 0
3.73260724468798 6.618268188540719 0
30.86490139227203 16.09056321663091 0
23.83144340207132 16.14192433298043 0
79.36445967239186 -17.53739023613154 0
81.57948497599469 -17.35471763915389 0
103.3037234575967 -16.78259597477578 0
102.0296040301376 -19.29542543190031 0
67.31594725061795 3.34428232857938 0
68.42170086134286 1.6420182268705 0
87.32176317423759 2.570427554092259 0
38.89038810002167 13.53937278225259 0
66.10722513309477 4.78097456241427 0
42.91849693607466 8.626057209838251 0
5.581555410200335 75.3421821355971 0
18.73455535478645 13.35846979772085 0
10.55560183283035 15.9877236874345 0
25.25667348725864 0.1614336715972918 0
25.53861013312271 0.9331975627373765 0
26.10796568458807 0.302750987893626 0
26.40069896586635 1.098180948246333 0
26.98608662107195 0.4703424757712421 0
27.28638704128691 1.288940023402956 0
27.87001071119187 0.6518651643457338 0
25.96072514082085 1.742340990070548 0
28.15627553352252 1.485215954694481 0
28.77209282282639 0.8675504605678445 0
29.08172750209551 1.809885760498812 0
18.89900360009192 40.76423844933846 0
20.59502299867045 41.05272544319403 0
55.5706194212307 30.96538605410565 0
86.66173315624074 -3.945486475152141 0
2.643282674853637 21.23037853673161 0
3.062276951047946 22.3747738205492 0
101.688822444568 29.14489816105553 0
21.01944168509608 38.01884040591165 0
20.365702866981 36.48732142496689 0
5.769497651563254 5.038841044072132 0
80.73411766499729 64.59719974980266 0
51.30554901605339 -15.83534052750367 0
97.78182243978176 38.07087646983962 0
13.02268885009295 11.43838792227185 0
13.48043543951524 3.718576624698977 0
6.718145895659181 65.70193224762768 0
14.11123661681787 -0.3167841795565078 0
14.51192168590007 -0.3046166824180168 0
11.24487832780962 5.335403495373608 0
43.50547365320418 -12.59924503781356 0
44.29420893288035 -13.57855038399769 0
45.60563653359236 -13.67971646723015 0
5.596223201974462 7.00071033374725 0
29.38951182741974 8.354127372495705 0
83.04950686925312 19.77707747843146 0
79.26005372375737 21.22802765819959 0
77.85627066954744 23.08443634944391 0
86.45117127760841 11.46581039991824 0
4.189584943068756 49.07183608475881 0
30.41526381960239 33.49061094189158 0
44.09495889587279 18.18493343431788 0
9.563425616533298 15.799681763642 0
101.4782884952056 17.76935611804057 0
104.1573556154792 18.09411572201001 0
102.5794091969885 20.33140309949341 0
64.39108097511819 41.61664584704136 0
20.18055971798984 7.573062642905032 0
20.72075292480141 6.806667298160776 0
82.30611847646206 -29.00370885300092 0
30.51874289387804 -0.9110019284661194 0
18.60926985855072 5.669726316811155 0
27.53961500660229 -0.09887161147828179 0
55.73549713329852 45.88469436013483 0
57.36456502673766 44.42852514325226 0
10.36373340157636 1.213392177805991 0
10.50425793438711 1.583422053134008 0
37.13090515816818 72.59638023325803 0
25.07092384307201 -4.877422758060369 0
24.59210784562974 -4.314967863106864 0
24.83513801079297 -3.625105487604395 0
1.838003473954032 1.677899438593556 0
2.025440477113936 2.288460860272639 0
1.691378338117975 1.003241395360195 0
2.151837939738806 0.5303649796151151 0
49.47170881968869 -4.538650388657741 0
3.65977600874394 14.64691021898318 0
2.600258425859498 14.26412482760617 0
6.589578077431106 86.26028266471344 0
7.351026247770323 88.58066937591659 0
104.6406551794841 -14.42462392450778 0
19.54153280187207 42.41544513104022 0
21.23955086540438 42.71723668961418 0
20.17895259868384 44.11050404129904 0
21.95697601358546 44.38332018048858 0
20.81792037693459 45.82794022088198 0
22.60945054017762 46.13161494981053 0
21.48163176642915 47.59672476621473 0
23.29460342788429 47.82123436085104 0
22.18216252678869 49.369361280215 0
24.01717004964804 49.62524942094296 0
22.88577038185583 51.19409031979571 0
24.83392138276751 51.50984806501567 0
23.60034698807188 53.06576801346198 0
26.0473886838525 53.29210479975443 0
22.22100291409457 41.1377458451805 0
24.2179721209034 46.20275382851546 0
70.54924333439897 51.21317642912601 0
69.01734313609842 53.16590199177598 0
79.05130142207403 -14.13284668967286 0
101.9207358536512 -28.43177866772337 0
7.34452011643816 102.0036436797087 0
6.408407343120292 99.41064368612393 0
8.122688429707052 97.3213707999027 0
8.278132692207446 104.6235228370596 0
57.66154945641015 31.21703089586261 0
4.55833232713112 52.80624677534618 0
10.22122957617593 0.853524917383377 0
69.37169949043242 -21.36892032380804 0
68.64906705494374 -23.01592172873601 0
70.45754680574784 -22.96836832887561 0
31.07517180784304 26.02196518220383 0
8.747921891875745 9.002172739952126 0
1.978526873920633 -8.649502984084997 0
35.12957352660479 43.17005379649837 0
34.31723950337429 41.25994744626692 0
20.70889920437213 96.89936591790448 0
66.7653090850801 41.93833381921399 0
86.02207668553262 -30.8694352631328 0
88.39876753096107 -30.70310291982194 0
87.56376004341496 -33.26450783176674 0
90.1080406016726 -32.47076118814481 0
11.4506945356759 87.18888738112675 0
93.0844646143197 -5.884956413170752 0
91.99827738351561 -8.179103842218959 0
93.49179340204161 -10.34795907104379 0
59.41928408485655 -19.34042754063093 0
92.81715001998897 32.83262226423629 0
21.02944123938755 50.838089302447 0
32.26712773628512 100.3007685305747 0
11.12277787689603 45.58709905476145 0
2.128937784404305 6.238363646364308 0
2.465337051559132 7.082912233957979 0
5.895690786839069 83.89198493560529 0
81.27532523998431 4.647655681769019 0
3.615866072535035 33.21478745076795 0
52.16991789457542 32.62949495520235 0
50.94025888460354 34.18020741079181 0
26.80766464770201 -6.013342325807661 0
36.68468297971447 98.51009944034146 0
3.372088717070349 -8.630287824763471 0
18.68499190340985 -2.418677680887997 0
18.28799635706756 -2.003225876363228 0
5.06957918768752 -0.8063249543351045 0
99.60280387083921 -38.70794495805163 0
89.35646775594957 -28.7002164359126 0
49.96856090234694 -15.8926907739744 0
49.10816411596703 -14.78730754903379 0
19.57331035172331 -2.758717284463593 0
19.71139292990927 47.24108750698486 0
3.830586647506897 -8.502147980864979 0
72.56177076741572 -11.13333499759467 0
58.29884988256158 27.35014838422841 0
72.96154307647549 16.50765241313772 0
71.67213817442877 18.18905373652616 0
74.53425963464781 14.79092556833091 0
105.5153423270099 20.67929256353162 0
5.305016869224186 38.95454017522651 0
3.797468091848346 38.6359497517884 0
29.13990969922688 -6.797810710865706 0
14.70365063159581 1.533997628298261 0
22.90663976156455 -4.095846818145809 0
68.3236681235842 22.7823328721656 0
24.60189421247542 7.149669742654621 0
32.03315033284203 24.78517212986387 0
33.47295502046444 70.04818044810122 0
11.82779557921046 14.41249389701527 0
12.14180181191728 15.42220751480488 0
61.63097917245189 35.37040078817853 0
39.23194428831034 98.83066535402739 0
37.89625400179153 -0.317024973012723 0
19.69611648051881 73.96652127588348 0
20.51790976555592 76.18301937848717 0
18.85245717940996 71.83521091832627 0
18.89695013609384 78.04826808124081 0
100.5674220425157 -0.6613513489431249 0
102.2395834699086 -2.925725036625176 0
82.77227359935753 -19.10686538080319 0
30.53485717343364 -7.387939123312085 0
105.3223452495646 -7.232504523544486 0
32.44675944297527 2.398181563751834 0
14.09251166741925 18.69438719137318 0
14.48730809129464 19.81176159072459 0
15.57686797773954 20.02294114920108 0
45.93798870990373 21.25259215006835 0
38.47779625219231 36.40381141834745 0
82.59799656268525 2.786221270739623 0
69.35420426214074 21.11709008426437 0
31.82198746891817 37.12868201603128 0
30.10483723492341 27.28207078375369 0
30.6184159099805 28.78396664884424 0
29.11438377163775 28.52928048893073 0
29.58599611809099 30.0585800150017 0
103.6226412188925 22.7737705657341 0
13.20544307696888 2.311725718669358 0
96.6775885413242 35.54626761165362 0
99.47964374985764 35.957840607577 0
8.268792609032969 0.5083500548814065 0
8.802859612934018 37.01393164546374 0
9.413888364164968 38.41021148200677 0
36.61496196176852 46.98194220461315 0
37.34844846177646 49.1036542740753 0
66.60928941241116 52.78125286257405 0
67.53837455966908 55.14467430511618 0
58.36609672908762 11.95742276693949 0
37.41797255452991 11.07796622025161 0
36.85803241654662 9.84561058106242 0
49.90110616547867 50.80627217002554 0
48.57573780841382 52.50085733962128 0
94.59076623665692 18.97965823919694 0
98.12754071138596 10.44525504548821 0
52.6398898838306 -15.66243171757967 0
52.12434812547819 -17.02449121306813 0
53.47767491332952 -16.85242003091252 0
6.644256930654604 -0.342576407391039 0
46.02851096050814 -8.067169960436789 0
63.89582640075251 -0.2910017304228394 0
7.301442151271671 51.82977986716347 0
63.10497132541677 10.94638177753266 0
9.167447294964994 2.152820443071876 0
1.312964411730442 -7.366454989395844 0
1.432382288602442 -6.829250355756646 0
24.38916301139204 -4.958466835707259 0
28.3861979044744 89.98192854754114 0
30.10367595885525 87.90072233392387 0
26.59456253058703 92.03019268677168 0
21.93508646372096 0.6130837715206496 0
22.17430601318593 1.300302503270873 0
32.51221658022933 -6.243435763275258 0
4.965729153589724 -1.206963268412819 0
5.255359014729779 -1.446936286874482 0
4.876200587298452 -1.564398729467215 0
5.15613687163817 -1.821098517861683 0
4.786384053331233 -1.933346486146857 0
27.65158098837421 102.0196530392277 0
25.06017231008351 101.6182311219904 0
7.356969481167457 40.61112061001952 0
8.984016026321008 40.91852484342891 0
72.81559045248495 -3.030770151219251 0
17.81088493475701 5.614904757086897 0
49.41608370093796 45.29298861819272 0
3.462866203663351 47.59971960479016 0
11.26359355739663 0.6166745699520028 0
13.98279093805369 15.12918141353332 0
29.93802232675044 -0.04408781298026471 0
19.35958795375338 5.778710126325505 0
2.893213623612383 -8.76925199629196 0
20.78148106484555 -3.321320987459946 0
21.14264440670753 -3.841280248750438 0
67.49935840259559 33.97541821012221 0
69.92358231016271 34.04856069872856 0
25.60670241608169 -5.446062470678179 0
8.578923862208464 8.21806361765314 0
76.97816569915574 73.7894629728479 0
102.3824377624609 8.778923594625859 0
105.2436904779348 9.103008973598719 0
20.39813527725046 -2.071091282806785 0
31.37921917762124 -7.298643250524676 0
50.29822695222071 14.83750300077975 0
17.28440727374216 22.70409844329246 0
16.92652771837724 21.45310757067192 0
16.05464575421419 22.36976231365767 0
76.74657815681259 -27.09041095091826 0
75.54553407340742 -25.39261735501541 0
74.55859552857906 -27.18744524579175 0
73.2420419190732 -25.50333155474987 0
77.72991221201796 -29.00902320930371 0
5.354800082675685 97.02508623025767 0
7.308180847033765 94.97770851863375 0
14.36816517721996 -0.6417247304655707 0
14.76428979341131 -0.6427463107045137 0
14.94289763522092 -0.2399914632395126 0
15.19999000152571 -0.6179831048934076 0
14.58637089644862 -1.01944138395692 0
14.648304692626 2.391560077582733 0
99.33597834593201 -19.40788753304916 0
6.593767916999132 7.844156297092381 0
98.94022508180709 40.68567985708415 0
97.05222631046821 42.7655876239328 0
10.30111485810103 9.279921994066466 0
9.780698782478948 9.898514013378026 0
50.53861177767273 12.07572922867514 0
50.01372577415066 10.38416052472713 0
86.94371565150682 60.67495641237664 0
85.81824546651622 58.1628583205367 0
88.3719352488331 58.12405053656957 0
6.090502006020242 -0.880503441426667 0
28.81975394625803 7.328991119388715 0
23.91561466295026 -4.449188243214267 0
23.70386914948872 -5.104097939318773 0
15.20652969571337 2.455432194342197 0
32.83067174753501 -5.286179818232318 0
9.286107843020599 4.008385347915961 0
8.94038783596152 4.400534424288693 0
57.20330897198069 3.516501680769275 0
57.87812541707679 5.2757783462855 0
56.53497996035825 1.904454111118505 0
3.423106114522821 37.21096194236894 0
2.412303871694458 38.33757093473049 0
2.658634255785506 48.77871884010953 0
45.16917743938757 7.785459168883654 0
4.008667173750891 -7.531336757118575 0
12.88593925849886 17.485064887138 0
2.933745347321534 54.1964176611981 0
4.893639577678485 6.814249962680075 0
10.30406919483311 1.940751936374961 0
10.35589353388871 37.32677766648241 0
50.2243971536606 47.25030545478652 0
26.92873732563892 51.27547044573866 0
5.427477242983496 6.242974975083836 0
48.48667127979874 5.605343263792309 0
49.09950544657111 7.027285772167344 0
48.15540705809821 8.275997913302877 0
85.87237928936112 34.39403853030198 0
53.24616765725979 21.26907274777369 0
4.083837044108761 98.94440937247917 0
45.07791780291969 62.71156261176064 0
103.3709504438219 27.16455805573596 0
107.1527050001297 2.081697077005354 0
106.0754738026634 -0.3502668693624775 0
104.2021527305969 29.47346710086191 0
72.64642321762362 -27.30472559435282 0
24.33534549722176 54.95168941573625 0
26.6451576796746 55.38675443687907 0
4.204915165036252 -7.089360277276531 0
1.141415128878963 1.466821384111511 0
41.25239693812136 -1.131826932757619 0
36.16750818428742 66.43756080792781 0
35.3892698066629 64.2236273805257 0
8.529141409691064 17.32280310915144 0
21.66862551098237 1.79087122666547 0
22.39876110025513 2.034481190616518 0
54.97851912320602 91.58377445003143 0
51.88729729951299 91.43555841876224 0
57.5180002024145 91.68736762335973 0
2.147924762050997 20.02725843314154 0
22.06327394454954 36.65073850831422 0
10.07137920820916 5.114649563172895 0
9.520936071561625 5.046505279684472 0
104.7386888213087 -19.1706272603856 0
103.5508184199887 -21.64825213965096 0
106.306735861773 -21.48970989636769 0
48.38725744072779 22.10848469995042 0
107.0226536302674 -9.685666057675373 0
69.73214300538137 -24.55796038025582 0
53.4908164685676 49.29132620878102 0
56.00244285030255 49.42862457327148 0
36.86543594371423 2.813557475426053 0
35.65974237280962 2.565371920549437 0
35.21134703894174 1.691230602842045 0
5.97144919176763 -1.206677669769162 0
56.99750320012248 20.51968625945328 0
83.59605198989206 -16.8800094467325 0
90.8643465493501 -10.60729373095389 0
27.46630013530828 2.259551959134011 0
67.74512527349611 82.16308852311802 0
69.37594357854562 80.03034972078109 0
14.12908490309244 2.340767935249407 0
53.02449977466771 -18.29476244841866 0
54.40671288870986 -18.14971235775955 0
13.20125351792071 13.28676527408618 0
13.83590499989824 12.59229691184164 0
20.42149569174229 -2.933662780155425 0
28.57242438875425 11.27430780137557 0
27.73907702414675 12.31331165565684 0
26.62210000310489 11.92580713979939 0
1.849544711715488 18.06761779702689 0
9.634347853106298 42.41146465202101 0
34.5720831248731 2.559811674715161 0
19.03474136927661 5.106712156631404 0
29.46613719853113 35.24394135674379 0
71.50652608332047 -1.808167156995431 0
28.63929024842729 -6.213602095554887 0
5.120085954362511 104.2272510505083 0
15.01707072642106 15.89519604225519 0
38.44895125717314 -10.06351627181068 0
38.02197474936696 -10.91386373419065 0
73.480495565353 -9.364715270023012 0
75.39682893557352 -9.024183034231241 0
53.89241205437438 17.80611181553509 0
13.8662399261959 2.686620567766076 0
4.463327532949252 88.1068047215373 0
5.690169566808103 90.462507818237 0
8.268498939727101 90.67690133684212 0
3.600338331441153 90.33385635731767 0
72.48594312461765 20.26566759572084 0
42.11922804949585 51.69248486678466 0
64.12507776376317 -2.284561488389047 0
63.33618038639719 -4.161065738766616 0
19.80988005497591 1.940021078723491 0
19.16934373790989 1.717423899547978 0
20.49682387432604 2.148738410140971 0
25.6354690567069 89.48012524761191 0
1.496860997385702 21.00144360657332 0
19.55438229593166 6.427921054348436 0
20.19327205909005 5.92335196583656 0
21.12101410217515 6.011776947836659 0
1.520749309667118 0.3289730450348991 0
1.991972166894589 -0.1148073914671272 0
2.723812826761337 0.04208192507108539 0
13.67416876402626 105.4164416792369 0
16.64543670823226 106.156018617079 0
14.64424832328409 0.992246685562324 0
50.02037616277731 32.12296898951512 0
48.9002646344906 33.90623819689934 0
47.94475361478787 32.14542412780511 0
46.85463739707828 33.74971674785124 0
1.939462356926515 10.79132180137715 0
55.47242913379419 -19.17118500538811 0
54.48489813735159 19.43654395559045 0
3.418773857500255 74.96015765900607 0
27.73281470051537 7.206102836859815 0
24.19712491546403 6.236667633173962 0
3.812245444096154 -6.713781088087549 0
4.266194045147913 -6.610539536114748 0
12.40331012679154 0.7158221521373901 0
12.19600693811222 0.3931983227682749 0
11.84759637891064 0.3002217060188594 0
60.2010414628465 18.72148679951845 0
13.34439136662794 19.69185326755975 0
33.77519981544972 -4.980570800605915 0
75.10311727075553 22.8141632390389 0
76.27296123082749 25.15886331670374 0
74.91025494945093 27.19553771248418 0
78.64373120436639 25.51390357697989 0
44.11458056153479 -7.04425330924644 0
5.571261457479687 -1.674114729848714 0
29.01162759685383 -0.4417683517856614 0
22.19738593373573 -4.269146857462527 0
5.070382291283861 -2.182559296115665 0
4.702863013394183 -2.297953187309228 0
4.971830865548941 -2.558578779054208 0
4.616707854575266 -2.659647672161585 0
11.87103200053874 4.410565904946537 0
12.2130196909593 4.947839013842168 0
35.76538848350403 0.1522983067470016 0
36.55818966838217 -0.5812860337262007 0
81.68780934725808 10.97692191699783 0
79.41257337677165 10.42846216699325 0
78.62802595191762 8.291285735711451 0
77.26543600607661 10.12449639548688 0
78.01426222780998 12.37666933132454 0
75.98324400355767 11.82597936806292 0
28.01649599521191 29.79920921418883 0
28.62620132286131 31.32607741073015 0
54.38108543904782 -14.12666827010402 0
89.32504548891907 -8.097131180511676 0
29.6296968762535 0.9306005288520059 0
30.15337734969656 1.87824501798109 0
31.15105096145754 2.384788553558878 0
30.23874194538277 2.99443535641495 0
29.78756326142369 9.250941682898254 0
30.57327697825658 8.593970576016522 0
8.147410121291177 0.1524736861970613 0
7.76841345548352 0.07205436169775377 0
47.54664832656854 -7.997584675776181 0
7.024004559846194 8.55186516095103 0
61.88843233643394 12.30222848139222 0
4.882420742556982 -2.913787186512585 0
4.532937705464612 -3.015120480006283 0
4.244492995225404 -2.794722949292747 0
4.17243863600734 -3.128139855119857 0
4.441835770464399 -3.393010577384844 0
3.926572483684976 -6.2899327218873 0
3.677884120966677 -5.920818352915448 0
4.087182365200339 -5.903058338275415 0
3.885863709434331 -5.537699366925468 0
4.240012872592058 -5.551068707850434 0
4.060084784239283 -5.180503019827357 0
3.639317408590623 -5.182251221084175 0
3.891859634673413 -4.826813193391885 0
4.253318940604855 -4.827144738953197 0
4.083142855732705 -4.497350132650767 0
4.474737785229868 -4.462412856759683 0
4.263437976895942 -4.173846435832169 0
3.913392110081902 -4.132825982949104 0
4.109830957257677 -3.897981636385978 0
4.436791745256308 -3.816673835560774 0
19.52104408155845 25.63181287908363 0
20.93766824424937 25.79243164988784 0
21.82179368519158 24.66334086115472 0
22.35197677338703 25.99730388408712 0
23.09109351765601 23.6581973784537 0
1.534621009479264 17.06838825920381 0
4.756097514050538 50.77878041522538 0
108.3575498413972 4.642938548002997 0
49.60416071217058 8.619500186692292 0
38.27603470091247 10.15257875316772 0
37.7602701826445 8.86752745168647 0
18.38977009049439 -1.403568801226968 0
17.87481096184685 -1.61272157947733 0
17.79664791920789 -2.169383891216619 0
17.40319102338785 -1.805477013210689 0
17.42520530671053 -1.308251070390646 0
16.98892611562285 -1.496908498924338 0
16.94950556655651 -2.039144162326334 0
16.57059764087496 -1.665864918511807 0
16.62063067728507 -1.182951966445776 0
16.18478951648515 -1.353926767538955 0
82.32692729837072 -15.18376842413586 0
4.501477524905543 -1.662407621495007 0
9.464045465856845 1.795712703053949 0
40.54051365443138 13.68105270948986 0
10.61334665819797 30.98340127177619 0
5.623494699465103 -1.293724840501275 0
1.368319699357488 11.63209014956577 0
1.614874039609834 9.871710937101078 0
1.694753067885097 12.44912253292197 0
2.721420673743309 39.78312599170275 0
60.55588639388738 83.38159571061682 0
61.49407850786859 86.01551877007341 0
63.95783013271018 86.67896387391013 0
21.75884294953451 6.767024358169204 0
88.34929989384659 5.083638327686941 0
28.36286946061519 -6.98865671876041 0
4.413152653553523 -0.6793793427237184 0
52.01428695189259 17.64385482696683 0
1.454505618976336 -8.852748933750465 0
1.031801141521033 -8.462110109265689 0
30.14047530933431 31.66824761361048 0
71.03675217240398 36.11913455740674 0
21.06146983658008 -2.112228155795321 0
5.212956662228759 3.101067143959804 0
5.696789768617919 2.675678133847523 0
6.348500415109319 2.804101247941677 0
6.072913871720093 2.296178457787045 0
5.617422630321337 2.204815861052338 0
2.819340326455656 30.58939769594249 0
2.355959081409847 29.32933063396276 0
3.275702305408497 28.210700768399 0
2.140498007655338 31.57107840061571 0
1.949268048477214 28.05145176637518 0
2.949344146687765 26.83202819119964 0
2.237046708047745 25.63758862993257 0
3.544763058668559 25.48157580417442 0
2.890199061243797 24.51542753091389 0
1.907499527908512 24.57029512489439 0
49.6333813821087 35.92003920220548 0
6.457288423894482 3.436208821777959 0
15.39421625301126 -0.2186962968698268 0
10.63638370202318 41.13704423543307 0
3.771217935961051 56.24318738073094 0
2.919199307058435 57.68033780681264 0
35.59057303425151 39.42969973560678 0
33.44434821594588 39.50298547919856 0
37.76568258170884 64.63278316902554 0
40.09566841006711 63.58150408049752 0
36.75617595652768 62.41633022332159 0
34.65766635085755 62.18209598909333 0
7.156547025955694 0.2333144132139361 0
35.95573085483657 60.25255298150607 0
39.48625261539139 -8.861816756615848 0
39.64541062339158 -7.852181031782825 0
38.93422315998804 -7.115237600684418 0
42.27331972006931 20.89603503107044 0
64.28091077674011 9.44910519431196 0
63.54551890222718 7.789416557705449 0
65.41213395263888 7.906111307824641 0
10.9291670467711 0.5016693282442062 0
10.61601614050402 0.8056114562490679 0
10.37542201643573 0.5315197487213107 0
13.15818439335599 0.3492825753637913 0
13.02851502804121 -0.01348519790865991 0
12.74729420252239 0.2433495233546252 0
12.62987317970105 -0.0968100439142984 0
42.65367502130738 -1.10899198316973 0
21.18263406067325 78.62680338132179 0
22.7994114413092 76.73138523474879 0
27.21911277670348 -6.614870980874189 0
26.56248920866385 -6.724965126193206 0
31.01757374614724 -8.192899329304529 0
8.384194495819816 4.342032278229122 0
8.415595795708821 0.8797158931608478 0
8.668286057113018 0.624198999042167 0
9.054483341965252 0.7005457916395839 0
14.1022345280807 3.815230642186647 0
13.24652462741158 -0.3417795486096081 0
13.68072041554413 -0.3924365541576074 0
45.35706646037353 69.33065972462948 0
7.927876410139516 8.724607978000043 0
42.61810011784736 62.56371195157898 0
28.9126791669588 12.30677300516626 0
27.21614219555916 13.51011809535689 0
14.82200957473079 20.97251210975482 0
17.36616073014833 24.52357507037902 0
9.989782130765736 95.31566208072175 0
10.71383529214046 27.16931745471862 0
10.27382442736388 25.87251295195265 0
11.18067974329939 28.50551050482717 0
37.64982019405694 39.89048131611887 0
105.0655861193694 -24.07429009108173 0
102.157416457726 -24.05020999026635 0
22.3569839321836 54.61281049704122 0
23.05531155103963 56.55492911026979 0
6.264859188113931 -0.5110819935258801 0
1.919240152994204 15.1479114483501 0
11.27115859368495 1.626866815992075 0
8.384013596457404 5.621581928747585 0
9.067374245958156 5.838851722876353 0
8.881567966669021 5.188136743824343 0
4.857507805755607 0.3034464854253029 0
9.85011612075176 0.7984215468084838 0
9.706651883584653 0.469755731931395 0
9.614048730858569 31.97333880923193 0
10.10528395460882 33.53979196217415 0
9.132943658456838 34.63342658135434 0
60.9967071997273 -19.2340816796961 0
60.2583803511069 -20.55004247257638 0
61.79540422866172 -17.69084894985197 0
5.425058380811226 -2.034762431303545 0
15.00530280657683 0.6585548598489113 0
9.891298229113126 16.76392507324279 0
33.06898824685846 42.64759061119503 0
39.65662644878334 40.2982084632348 0
36.62559860855342 14.46958313534464 0
5.077142966849422 -0.1128862414742308 0
4.324532060755685 27.24827152484061 0
66.74163769394714 -0.7844403772868312 0
68.40047238790801 -0.3210570055530834 0
2.561382481151124 34.13523230736629 0
3.327743121505082 -6.811464871011044 0
13.72882947637975 -0.7294345027139293 0
47.12711053911574 63.38008536835116 0
48.50193056596392 65.02334877947736 0
16.40812825644604 -2.129988392939795 0
74.35778110850511 -23.66427338897563 0
15.2293561812423 8.749721142902692 0
14.95840437138694 7.987259070101787 0
15.4755362203552 7.380187825892631 0
14.74880716611958 7.291130500542889 0
15.23859322340214 6.702659758237228 0
14.08962002398077 7.781922007421898 0
13.5731867194508 8.467870062112173 0
15.99455473163077 6.769563508883548 0
15.74965144773909 6.109071342060301 0
18.98302133207019 -1.290410701858428 0
21.37252315579193 27.04429637063765 0
5.963554749083278 1.06540473118277 0
6.161891677331931 1.511088519900472 0
6.487971877930635 1.099691613602408 0
13.70793070011323 4.299294799605103 0
19.461010061419 0.5786264203846749 0
2.496323576580108 -0.6188122710347459 0
1.851252924448314 -0.7477979568312443 0
2.338310320950554 -1.200445944598985 0
1.727402081863488 -1.360974157133914 0
1.230020355849242 -0.9996446751124821 0
2.232021009526875 -1.826441589912346 0
1.609577160925531 -1.966728978925715 0
1.985751609243289 -2.372770713572673 0
1.461646121278375 -2.55390516045546 0
1.927644090635519 -2.966410792427328 0
1.332862085737959 -3.141262561631928 0
1.773436557812701 -3.556301476484184 0
1.19084422398529 -3.723951539355845 0
40.71432017462394 -7.482836312032789 0
41.72909420007163 -8.177162278579232 0
42.79243251550562 -7.243524248749347 0
11.63315103375865 0.6426750774734576 0
45.10422920267292 19.6744325495803 0
6.938240395702181 3.044627574399451 0
10.06311130328586 2.330174125718397 0
40.02448536258584 51.35890563453869 0
38.25977160514268 52.71608846118002 0
17.56619287945364 -0.5152522156458701 0
12.81386839139277 5.294801410688445 0
56.94064908511849 29.13305833405365 0
17.67596855155267 10.63229368381608 0
18.22717767401069 9.910328960486249 0
19.23354012625101 10.00414714695778 0
18.77768055973007 9.178157833663443 0
19.24973822293141 8.441266631813001 0
29.06608373569885 62.10407703814105 0
30.25054737231519 60.30788306093547 0
29.48890155558162 58.22115084144275 0
31.72125789098014 58.4981772665382 0
28.82580173220212 56.04599466779155 0
32.35315684092681 60.32301605898277 0
8.778444797402459 2.54383532364592 0
35.8753791455313 52.95701949242343 0
19.01168460894481 -2.825451476212341 0
18.48498444362228 -2.879314238597511 0
22.08504586334613 7.713509354647977 0
20.2409146061289 10.10035723159466 0
65.31223754716592 43.87662514771217 0
62.94744704884621 43.50238025481906 0
61.50768283842832 45.59513100896231 0
37.16413093302648 68.58907741119404 0
8.227706285581938 9.712978999186507 0
76.41006760535691 13.80418788495219 0
21.81684383265547 -3.709488659238947 0
68.10227923308976 5.106878586704806 0
17.29624661405292 6.225995051364562 0
16.48427425488791 6.163787442962708 0
16.1879815914501 5.448203658294624 0
43.30591117492844 -6.016950205822719 0
67.27408772093635 20.99502455231124 0
39.78498523575036 12.13713578794532 0
13.82598784215474 3.186407345331763 0
0.7378787975374941 5.866229978338912 0
1.517075306956139 5.477213357334081 0
1.441226120086672 4.562387214662918 0
0.7509349807091441 4.126609805919208 0
1.480782906803183 3.747283759355432 0
0.7472104812686438 3.277200500126126 0
2.184896003502403 4.162743078810232 0
2.041155865106224 3.419640718741904 0
2.966764313524985 4.280980738323711 0
18.54808240561184 16.39066361772108 0
18.12757530990467 15.18135949525648 0
17.12349011245865 15.09928475273292 0
16.28292262656817 15.93497983967945 0
10.7204780773134 6.718982279523891 0
11.11422054704814 6.2141622344612 0
11.52421926475507 6.79433056567984 0
11.73831291849997 6.12209404606091 0
11.02110988879224 0.1577925771589339 0
67.45185069045074 8.584813846472697 0
2.548963420532279 9.994082152557739 0
2.135752689876624 9.156247630640125 0
2.931727637963803 8.632258813824389 0
22.58539971803829 13.03511689371301 0
23.23121327409388 12.16728384612709 0
24.34479777509447 12.29855568278026 0
91.82488706608709 30.36545235275773 0
26.32435515418454 -5.387512200053434 0
3.737070112291 -9.034822089809532 0
59.01940319621876 29.40393677224876 0
88.04768657896113 -5.96709217730081 0
6.498730224079239 107.1315704845178 0
9.210094796234412 107.3143762571415 0
14.81165487181826 12.68649601261613 0
0.7771261379930517 7.703930623328522 0
1.480797725871914 8.131663285908873 0
0.5839347353291103 -5.185183487003217 0
1.138037314081705 -4.878350143366626 0
1.142035133489176 -5.49197108424725 0
1.602319066070456 -5.188480295459817 0
0.5730503845872883 -5.84385684705173 0
1.130566228917371 -6.245732303438298 0
1.678119723083015 -5.803689882009717 0
4.089353667153299 92.3586271252338 0
0.5029530905141619 -7.191766525664747 0
15.65062022524956 -0.5725174850955664 0
15.44904526666209 -0.9768092904790591 0
27.11957388200703 65.03413105778802 0
27.77670460768014 14.60560997737939 0
10.70612601236755 1.922595529548564 0
3.91088642536711 -8.01929729558328 0
28.75138497115557 -5.317093519617386 0
4.787894402515192 1.834210284066941 0
94.96522527550758 -12.55743120526195 0
93.78549863191041 -14.87080567091465 0
30.73461131564889 18.42063951031761 0
8.809979638766739 0.1137676489215228 0
9.471265135686407 0.2080633477543545 0
51.08846658094035 65.67123712693862 0
6.328690469891251 -1.164439263349296 0
6.854635972119633 -0.8015873325432482 0
12.09202917877884 31.32666450563833 0
48.25460237814978 10.02062677893411 0
44.59696664162685 0.2214980902214798 0
0.7598594153421574 -3.304163484151368 0
36.99877897521185 -11.00320495220939 0
22.44920317144984 8.625176956609419 0
15.50326974310686 11.95175149385586 0
32.71271268680235 88.24506744862927 0
31.68601195783836 85.93446125914893 0
29.01309911987542 85.48405138162335 0
26.96127359992638 57.65586090306485 0
28.19324633656894 53.9993847028259 0
33.70158741730452 18.7309513584529 0
34.60602245077804 17.54441426749696 0
36.27027433480743 17.7543020010694 0
35.32291581545499 16.40820423209111 0
33.07214248162077 17.38734112276082 0
34.06045452602034 16.18783683028801 0
80.22369806698521 13.04445252145767 0
36.49972367100585 -10.04739708076091 0
35.47788894357396 -10.63496754001869 0
34.87475303479034 -9.741212791329723 0
33.93806569184293 -9.799575896132556 0
33.25395687968214 -8.534979850409876 0
18.04761388222163 25.80596388324703 0
72.09973182760702 14.52290360385135 0
7.382942879084862 -0.4258200668022625 0
7.076745255937527 -0.2898492956126252 0
4.791948981413967 -3.905397191526156 0
0.6610539182699342 -1.580444625450816 0
0.9330549478618292 14.7470282534468 0
10.49175692992449 43.92801437463154 0
4.924994706076308 -3.564448085227522 0
54.94896225477147 -12.71481659808351 0
53.91883056256675 -11.36830873889593 0
54.59658947298963 -9.892598491889814 0
8.255242805589701 2.388440307473994 0
49.44547627754974 54.66140917674256 0
4.585990219166721 -4.815823531368695 0
23.68568564202717 -2.198993946306895 0
24.09271856344088 -2.748142546258265 0
24.91421279606272 -2.826925223830741 0
12.63026078203815 28.75646768496031 0
32.36568523949482 -8.641441864119534 0
33.05267432443859 -9.444238594463904 0
84.03682516079596 11.31469372917983 0
47.14021197183522 54.37688886496903 0
46.3547402951115 52.27042136896073 0
14.67593304834017 24.20888190864187 0
26.3514148476727 -3.266509834160403 0
0.5985670309986256 0.8989421011477949 0
64.16822639031942 -13.76300760627554 0
62.36010289784015 -13.85525616688186 0
63.14149483197255 -12.27393162438299 0
29.52236520999951 -3.607386901199957 0
28.59203481003497 -3.692590644784041 0
59.03120986338198 20.43153402184929 0
48.83057633163968 -5.990315524016225 0
2.782458336307578 72.99721520489797 0
8.9059265664714 11.41067362889619 0
9.839497482789906 11.59130563572008 0
77.13076891626925 -4.994511218489758 0
74.93999324365006 -5.436667536316612 0
76.31838647287648 -7.10448054974481 0
40.41047975358379 -11.71076660452051 0
39.36403471312104 -11.80278974411455 0
40.98786997303688 -12.72079946034452 0
42.2463922283939 -12.60591085248274 0
74.57214512826771 -1.576297482488599 0
49.67269927874614 -13.48755411794285 0
48.27951291302418 -13.61817911461185 0
47.76524064151133 -14.87379400881273 0
46.91939314120276 -13.76983661546392 0
46.35609030454069 -15.02034448494876 0
72.22488443691034 2.156369265127203 0
80.9590825722008 -10.51594422414448 0
79.6831111223311 -8.631453697330343 0
23.78673943221502 11.35919805368528 0
4.633635195257103 -6.866495509159119 0
89.37993030256668 -22.57110832569235 0
88.28903782987408 -24.90415751094375 0
43.54884358535497 -2.331123867016404 0
42.21922271779109 -2.293914171680675 0
88.08564249100399 -20.42406316387014 0
3.046111767871109 -9.559103974327133 0
10.75152243280726 1.196422472284188 0
64.32716953213603 -5.66549152041964 0
62.58497427244055 -5.92035645901335 0
61.59793381640572 -4.594000507898173 0
84.84809461395564 2.872400624016497 0
83.84632295651173 0.7478903083396605 0
84.79885418527148 -1.600463475740332 0
39.91834042293471 26.75135029304947 0
38.1563790298769 26.500781348263 0
92.32138713601222 3.179816805590264 0
92.30761490981756 -26.77644820098987 0
32.12115469578295 10.54244696212999 0
31.61250995074962 9.348973150209526 0
32.39923132441764 8.497960747252055 0
12.21735459694964 -0.2123112023336677 0
11.61783091255217 0.02195983585572369 0
12.24570058524786 44.23480506590096 0
9.299854666625242 45.32070880985692 0
59.83533620221912 31.40751050946177 0
95.25757473115148 -31.24997731510682 0
94.16294766559319 -33.74684010628908 0
95.63979431787209 -35.76697694514083 0
92.48837348954004 -31.40282240869393 0
93.10455582455165 -36.10263518493885 0
21.27256132664318 35.00372728603242 0
19.68001197540095 34.92057463379468 0
21.87269503857167 33.47955450381281 0
11.20253388824438 24.83664313424073 0
9.848659779520563 24.61113746622647 0
8.907151255965655 25.63879607251706 0
9.115542025548157 23.41841592178251 0
50.10380851818477 -3.211884867821869 0
48.5691267869647 -3.252305964398123 0
49.21365713991188 -1.929158341779962 0
41.34288534238266 22.31775620660816 0
79.98985362004778 6.500510549800962 0
12.61963981511167 1.077218899607305 0
18.7063793049152 36.23909716001247 0
18.09667302865865 34.71477392744796 0
16.39667176586388 34.55958282678121 0
18.9108626586732 33.4739273211855 0
39.35095607482054 29.97439821936002 0
38.71390002360089 28.25972570360623 0
36.1960641302587 26.12999957059062 0
35.20436399153601 24.85478170288333 0
37.60706076251878 24.78513815797789 0
6.885156795828625 0.505089723008365 0
37.64838867155358 -5.352335216414305 0
52.96104324743477 15.99361677302498 0
4.125796935033915 71.16593524469609 0
3.597728298281535 68.98215896005681 0
5.19759610849826 67.29729065784923 0
94.2063008814594 -3.494135102504626 0
19.00000851563011 14.37334854419937 0
20.06552853159406 14.60865198446082 0
38.96950632838615 20.59493102619859 0
38.32422901414418 19.19185525738857 0
39.16196287397731 -0.1745354726473881 0
39.81053163902092 -1.177266622064272 0
49.57321632839518 24.56908957064024 0
51.56869052195205 24.89621522771102 0
52.60273838868273 23.25467879219415 0
54.60596968732841 23.05689304669507 0
87.96107017868799 39.36525529027728 0
85.32659024093999 39.0422922196682 0
83.67971240794357 41.16285848061051 0
82.64134889617957 38.67021060825266 0
80.88940453191699 41.07146507768618 0
81.99656200517123 43.50826119188355 0
64.63681544534533 6.153015067585964 0
57.76274592934547 18.60996200979214 0
6.243806158049098 0.6646765247516384 0
24.72904093671557 23.94544418075468 0
24.25245654406058 22.56975081359439 0
25.12130496310261 21.44620497951034 0
23.87490971376734 21.3009438439807 0
24.66937041515404 20.15517787646064 0
26.01031663060036 20.31220314839085 0
25.48334582080706 19.04722863766819 0
24.17936848780942 18.88557312623698 0
24.9722522982212 17.78530621184959 0
23.59546258975013 17.86807127043354 0
22.89579740882777 18.83637095077009 0
26.14139665425261 18.08157503704517 0
27.47537876443015 20.47883122319868 0
35.23700325473524 -8.365258293355632 0
1.594345809859212 7.137895026107872 0
12.47126951781529 16.4482678911642 0
69.17759323039974 42.25493443570218 0
32.14378487470884 -1.438848364735216 0
28.69506683727786 -1.288283793537099 0
23.23187977801695 6.159948660302508 0
34.33155534827278 86.15207261475139 0
37.03187961503607 86.41143851558662 0
36.03360547433606 83.95719268600422 0
38.02641322313611 12.33899423010377 0
57.57822634749077 0.6748801854368011 0
55.89680563254397 0.3663320106688085 0
10.45563297453885 10.90571152703188 0
30.62988825449646 73.8566758416795 0
15.36498127654747 35.84768305496598 0
6.44915879870099 9.312262747710985 0
3.248588370889884 -4.935758648784223 0
4.413304137056389 46.04908734910927 0
4.226220978002044 7.309210245979628 0
32.99035968667213 -4.177403977778815 0
7.376481833350208 -0.05413512907648743 0
65.13028844641249 12.26389348733602 0
39.38960755319185 3.29123441502791 0
39.89880700195173 4.550602687241378 0
79.79702763952433 50.37917446135788 0
78.74306503376012 47.91735892183276 0
80.33999684652937 45.74543023807102 0
77.71825382156938 45.46624497771703 0
77.15013606542348 50.07443896991299 0
75.52890599131423 52.21838271696264 0
74.58127621569918 49.7006572569882 0
83.04597043025288 45.99595648461023 0
70.42276157697535 58.3203307943452 0
67.66260394544587 58.49152420650111 0
66.3560670601572 60.55189441929424 0
65.0845944228747 58.25110637863464 0
63.77777694422824 60.2132809088362 0
62.48661539453964 58.05735572207013 0
61.15092359000287 59.94701733792926 0
62.26963031368091 62.22224354490656 0
59.65848266257239 62.00891301333784 0
58.58932830240509 59.8189497563682 0
25.60140100659734 66.97215127328381 0
23.31228287745685 66.65387813972336 0
21.881375070321 68.35119983457263 0
20.98661715247773 66.23416860682752 0
19.59237806956522 67.97163817564621 0
18.64798517409749 65.92506247133593 0
4.735594718823258 -5.778605030224893 0
33.66612277755048 8.365304734040926 0
35.082233777836 8.549810919180452 0
35.52773336795396 9.750002932439445 0
42.79203063506455 -11.56936003711232 0
37.54261344638662 17.07794763908435 0
4.60981537438472 -8.663647440961808 0
17.37542699618273 67.6126281880003 0
11.39169392435578 68.58814511522277 0
10.7435906403528 66.51303192327873 0
53.27665304242953 30.69912902874337 0
67.07474867259566 24.59739457594744 0
87.66493670801864 32.04453876217313 0
42.13337305273947 13.84833870510258 0
40.59173915896768 20.7135200696667 0
76.57040000362214 54.7071343418547 0
42.63800556163881 53.85599933395105 0
87.91015523606438 -35.94186861707042 0
63.17925317163252 64.75816990998489 0
71.57672206889816 -24.40200080563125 0
72.44006885907994 -22.80041413180001 0
14.18539192202895 22.96172574210048 0
55.30333282538038 -1.163937004810605 0
54.3299439456807 0.0290846244694705 0
64.61647099799367 -24.94317892585011 0
66.01620793165563 -23.86784868607457 0
44.88563230047534 73.64217181095341 0
33.24960684969072 64.01364192220565 0
4.694825137102402 14.84717762199643 0
4.412259588618541 13.89917227684005 0
76.57793052373427 32.29555823349507 0
75.4083285137839 29.57965297930064 0
73.68157807672075 31.7540560949466 0
75.01314845064525 34.23870763357205 0
72.38440987719679 34.07866899533762 0
71.064550640661 32.13435608976557 0
57.0400428859092 -21.14984708397049 0
48.86071596503953 -12.30562472255702 0
58.50849554339247 49.60713491577943 0
56.81984542645999 -8.173837341364386 0
21.91457060489372 5.941337274370105 0
21.58069463203855 5.184358211961058 0
79.54233657895004 28.22350948897589 0
81.02315932287033 26.16129390423916 0
35.64628989755715 74.56766416220894 0
34.51333646593635 72.26887150901914 0
42.66317145710492 87.28834342036376 0
41.63953423926816 84.7385567572459 0
44.10904389658211 -15.37280412257308 0
44.87201647973477 -8.168007281215218 0
61.52194908224183 16.86590415248098 0
61.64104708257213 15.09745751607255 0
84.69863133497995 43.75274543137202 0
33.49029669327249 32.38912111490547 0
39.47129304258646 -6.154158049596693 0
31.50161405056365 17.29590596652769 0
27.14873810804966 8.148462905184768 0
26.63372742780752 7.160646015934917 0
25.99364364612294 6.364028966406189 0
61.63473899980009 -15.58704753362486 0
46.4440099086728 71.64974178975177 0
19.62943906720953 10.88167546490543 0
51.4607783724082 -18.47552935310528 0
29.61878393587381 -7.576234625369442 0
22.1056752165514 12.05159036606997 0
73.25626882183629 29.79566108102305 0
32.63083670281075 11.73509811079261 0
84.00644976596605 22.13377564632125 0
59.66010752594641 5.547150636550308 0
22.17996405040845 64.59996341036326 0
3.192202044662634 61.40188333489531 0
4.836823602398965 59.86884770264977 0
2.102866771567977 63.17518055319776 0
6.74104856197425 60.26305073319345 0
33.72238888678044 90.7682906115655 0
18.98593863764022 20.74869809811067 0
56.03022779945039 -16.75620706038193 0
53.83653351348785 36.40716435766677 0
9.240643197017096 18.99248151428063 0
8.445860433101853 19.8700451036223 0
8.824506161621079 20.95042996101741 0
7.640530283140952 20.79753797851881 0
24.15068715188028 -3.811523992343684 0
76.53215296038846 -23.4492229791256 0
84.06046874067995 -4.09657684493137 0
90.85302526161526 5.307057334569071 0
89.79745479973701 2.955228127883581 0
2.809861724470603 0.7529415194633038 0
14.13107928329741 59.72144552188969 0
15.4709490348646 58.14522374534324 0
13.42847907966924 57.8078097487776 0
35.87336446587915 45.05905125562255 0
34.65193123482624 46.45705205575732 0
1.411335818326426 44.2011950856071 0
2.860744581219033 45.00810913937423 0
42.91420563841537 2.509738725522538 0
15.30006472064825 89.15988808431399 0
14.10767853965213 86.73911779229375 0
16.03932708332093 84.76207112971571 0
18.55658365629894 85.12870262605595 0
17.61920950176593 82.8990871724085 0
15.02403279746456 82.45320926317682 0
20.17729062149935 83.14821622653039 0
19.13969395265437 80.70065408457943 0
9.097215638809432 52.20641608296123 0
8.477182524073539 50.39559652959237 0
11.04434630137395 52.27504312096915 0
11.74642143071337 54.10974038484952 0
12.80125992878359 52.70525643267965 0
12.7483295558377 55.85999606942256 0
80.15006130583778 23.55457004647627 0
9.889064044513264 76.25534612100427 0
67.39849258350409 63.02211658899496 0
4.655516610465929 28.48485577286366 0
17.46118270029871 3.15631397928304 0
17.87136700187002 2.611077042653536 0
17.20367025197152 2.534466018390342 0
17.61719535309886 2.021818952297074 0
16.94334432605127 1.933732318718807 0
18.22577338127158 2.085095502308442 0
17.92409921879192 1.514575496710165 0
16.54204178424068 2.490019148487422 0
16.79094491523773 3.084282841916089 0
15.82309832806382 2.407359569544252 0
18.5149434299211 2.700544874746287 0
38.84916693729578 84.4006968133634 0
96.06035654691841 -10.22330447261341 0
2.247019397168907 23.39006203492852 0
57.45524178423838 75.8391001293067 0
55.84458335329471 77.83156816047791 0
56.61614134728919 73.25443220075003 0
57.00803489739483 80.32267679028541 0
90.52603794794406 -5.814411492331901 0
56.15897076810607 -9.670381125796446 0
55.15119260708801 -8.430744442858204 0
55.76689372428605 -6.911886222780535 0
54.26298906980075 -7.050639526462366 0
64.41952285286848 -23.12259022315282 0
15.90306026057857 -0.9552331863049639 0
15.66651519114587 -1.389193219247396 0
57.84201507071658 -19.57688384655935 0
34.80371129111897 -4.802454205409316 0
38.19068149300939 74.93057639167544 0
100.7729023755796 -21.75106743806885 0
1.514056096987097 2.872673598025533 0
2.817457510291057 2.807496118261745 0
6.066269844203464 13.33625280797309 0
46.74228515354603 22.8648401186791 0
10.90134484015518 97.79925599215326 0
11.82657745868824 93.22662412416658 0
10.9280849088695 90.97098546949437 0
4.148545520626987 -9.496310766171568 0
3.125662707649246 41.28233849162719 0
1.863279513192831 42.52254736948473 0
88.9313385272451 11.70247841469994 0
87.44998872509123 13.80546945505968 0
1.680152602184018 -4.109137881309641 0
24.83670852728546 13.31657937633701 0
25.60898427976137 12.43676491555276 0
27.52967625042829 94.61160827102545 0
24.85224540088389 94.18473393436801 0
25.03577254313785 8.018371774294812 0
33.60099366789978 24.88824349117114 0
85.6877826443986 -34.9282194261008 0
97.28965961519555 -40.53350112828335 0
20.79648953938089 2.876852625531178 0
81.36468162072454 -32.94214210660485 0
83.46777042324111 -31.32166961267878 0
4.645357584311611 -7.705399097283667 0
26.34698920100044 -1.044728333228457 0
22.673262027702 70.47684405154422 0
67.89676416064405 -26.68748970670051 0
6.561871102408386 5.859559690371372 0
19.94775730157625 2.694381156668695 0
77.18772962971157 27.57968718565571 0
97.86444035574515 -17.12790410409264 0
62.96801777350768 -24.18655118412081 0
62.72807939394705 -22.17893807152677 0
59.82697549995224 -22.83841592147298 0
14.45419490909822 11.79291332645114 0
58.54798090071318 33.18090256857139 0
76.14298738932936 47.56723552282732 0
2.232531113634804 16.20244501288342 0
12.07508926278073 59.39343512744347 0
48.74774597717524 -17.52800762678205 0
46.40742558911442 -16.41059740192932 0
23.32526673796153 3.100278128768323 0
23.82954153927088 2.430136849506806 0
24.65518452612748 2.429825398546935 0
24.27816927935904 1.694892315803776 0
25.05221208914175 3.259054093713365 0
25.99294022764652 3.329908693649436 0
26.56232649165143 2.53868084048556 0
28.04171155822822 3.172243021065564 0
2.399019077837453 105.3529216788726 0
85.50461693919451 20.15845990626281 0
29.66811125005275 71.6060756909508 0
24.15830156703667 99.33218333759532 0
2.014140537118273 84.41066622891819 0
67.71477680961132 44.21270769386277 0
68.16227152656293 40.03928338189499 0
43.00176835794461 -14.86717675303871 0
1.958817414070257 79.51368546510848 0
4.053704599911907 78.51021616540696 0
53.39714483071715 -5.620796633240655 0
23.85062926286027 92.10211330435718 0
50.09166289287072 3.43066112719425 0
2.814242295705099 7.861583701700223 0
12.91258975286086 12.35720144242427 0
11.70921250315673 9.597811265548087 0
1.418361748962987 52.92758106677479 0
10.69088410902276 23.60546028698771 0
9.136167901303264 22.16483052580918 0
37.52092120637451 29.76140109264441 0
7.542641886433125 8.152250904631586 0
36.89323653221592 51.05683471956095 0
71.08095769876486 -18.14220123354649 0
21.80169124699346 -1.936337549542518 0
72.05317141320637 38.33088027544287 0
10.51467593498369 55.64827969893842 0
50.41792787082568 37.9045255879175 0
47.54177886903474 35.75508110743512 0
44.74378070758895 33.76566424741087 0
4.24629523986404 19.50573368415967 0
35.07142556548472 3.481030243967685 0
50.53958054056157 81.26342814094431 0
52.03288144623473 79.17022069754938 0
2.003485431217826 -9.49534531346038 0
63.89212663551067 35.59216141841203 0
59.43096796512457 35.15849823964448 0
22.43099244639675 2.907457126913625 0
51.29564674326395 6.35409502279913 0
94.53183921607194 30.64335973398143 0
90.87839637981253 27.77380230024068 0
92.50346961558733 25.61020274271067 0
15.01094178367189 -0.9673448359836103 0
85.27230556997866 -6.105903600603748 0
85.00806655242758 13.56344261861575 0
12.14835906961045 64.91109245388395 0
4.71889221018617 65.23514650830458 0
7.201972936774927 67.75125468557405 0
11.12157485168964 3.831682280107306 0
15.48481816721902 2.964674205903996 0
19.93159975775851 0.09729859928179242 0
4.648631130596888 -6.464375511494 0
31.12186275222104 -9.154392014030112 0
64.91084764899966 24.4556768489898 0
57.00756391377708 51.52957732972129 0
7.382593444022717 82.09765744925753 0
58.02582999562934 6.995029533509277 0
61.27673042094243 6.232807277541522 0
9.514331374092214 10.7412080045669 0
36.76605733676559 19.16714813794189 0
74.72157993982196 20.63791680787477 0
52.53354923262958 9.554885817317103 0
60.70760147058441 43.26388390338548 0
41.17006172554778 15.09180335905201 0
49.51900704874311 2.01589105618593 0
36.77529615681386 -2.526909334038128 0
29.64626400297194 -8.467791723397927 0
6.765677643434017 12.62438394123626 0
22.94203567473804 -0.3827960319334364 0
25.58425416335893 41.3295859132559 0
24.5057527785476 42.95142370598177 0
37.08691632492899 4.167326913773823 0
58.29811814286593 71.12285474128242 0
11.47986586883231 8.826560682111189 0
25.54941968282208 -3.426959792515396 0
27.79333912668273 -1.485419918673207 0
60.70588633938061 33.37582564280007 0
68.09414520854779 -16.65118049002352 0
30.109398578329 36.7450058904591 0
32.29283265045851 3.989279693314576 0
53.51842079719496 -8.540731030254948 0
38.08234867275318 3.190320035945958 0
28.26453350946285 -7.771690203385951 0
19.07952347537094 45.48720535668069 0
27.62814302710112 46.63515339447948 0
26.74528887955524 48.17130659805478 0
2.728112695668308 35.76145911724463 0
79.38753142797043 43.31427561346258 0
23.79697246412152 -5.747418534875756 0
51.76794624922508 54.99215768593712 0
8.078531894741273 16.37919789173801 0
17.71180906491427 63.94591968122229 0
16.92076173791851 0.7866609001899001 0
16.27574006208962 7.490579690562432 0
25.22266748778095 44.66566931538166 0
47.9738410902372 29.44244642038738 0
93.44773856113393 -17.56008992349752 0
21.14443445554611 -4.434951540174637 0
26.99165783004284 44.83889849646412 0
64.79501587353927 62.65028821706395 0
20.64282573243311 -1.48182003091726 0
9.070709396192822 7.675166870030332 0
81.15008813819078 -26.99521063257775 0
41.70032626306322 40.52393749234569 0
14.76245406123334 56.21693442157339 0
32.02367078400425 -4.079947570288377 0
5.397288149752484 81.86493461652157 0
51.73209143120232 36.13653548042704 0
93.91095423719034 35.29975636582655 0
5.246043405688983 -2.740066334299971 0
44.38538169027129 85.19152969676874 0
23.72901766657578 36.36730050782273 0
98.75972935930494 17.3592479109608 0
42.34161536323349 1.277727469832972 0
14.91126343931559 0.2118004782432226 0
9.287695253417178 26.92640048763109 0
6.505162495548729 11.73497504894139 0
19.29656037298471 53.49322433280581 0
24.9657980151223 -6.276882175880424 0
40.64632922400288 47.62785056566471 0
48.62342626892835 43.2822534082799 0
59.5581460013985 80.79431625707667 0
77.5284316702373 -8.799710572586395 0
83.03729962215195 57.87704323839459 0
1.266718697053025 34.89036311375357 0
7.917020360320342 23.01811959686063 0
30.31074411970555 54.35962081334862 0
16.20438605315607 41.79594860382934 0
57.69366370444718 40.71277627266572 0
47.89193406110471 20.50464278763573 0
5.572787573501149 56.49560896266963 0
25.57867232272391 7.215150818026922 0
42.64476959403171 80.09236781475225 0
28.85848779640727 50.54075981721762 0
47.74517286243271 -2.035364622210392 0
21.77595503244726 52.63383904886801 0
109.0867493003915 -15.5363492923647 0
20.40839452662605 48.98904451626497 0
32.2500542765638 29.06089784707705 0
35.83482811812914 81.32150418964265 0
24.9668052464575 39.62851257715574 0
23.32109809201919 39.56097661528625 0
100.4328570423733 -26.176534138635 0
56.06719374959276 59.66102101395348 0
9.208548842597271 74.06798057084163 0
33.70202752349546 37.13036057102099 0
10.10962715636946 64.47773382655441 0
15.6273576538655 -1.835400022821617 0
12.88535251240105 45.90218084602945 0
30.82224491209565 -0.1080496079685686 0
41.71089746117705 26.98907160828387 0
37.15061407145274 -6.356572296555066 0
110.0524997449253 -3.79857165837405 0
107.4140970192287 -5.067096139833878 0
96.733336257014 -21.67013662430823 0
71.55325285520163 73.10254391012239 0
72.61440296983875 75.69791409336149 0
75.40739854063523 76.10655000258643 0
73.78704941725468 78.50479340006359 0
43.85452236403197 71.3056538560393 0
18.97192709241138 31.10229132998111 0
103.476112828132 -30.43503187955576 0
3.603506679726213 10.34042259088293 0
10.9480205147652 105.0291310508374 0
85.8956718493889 4.987408183607325 0
55.7458434875803 70.71181311843014 0
29.5433695476181 10.2748523313127 0
31.17698896366806 -5.776879715591338 0
99.48654398029676 47.28839008537291 0
96.65340924844241 47.45685270378524 0
95.24342671901424 49.93171269409234 0
93.9249294367764 47.32464626265651 0
92.49201584401688 49.68053462564737 0
96.78596165721918 52.39630219033578 0
93.92900205762079 52.39234920406402 0
92.05077214564842 54.91757351271151 0
101.5572852398788 41.5641495181249 0
23.38969279852769 -2.848360463043904 0
46.13684973544328 -12.5066156123885 0
12.95408600548805 51.00693874595979 0
5.587170286176098 27.47900552379416 0
11.41502845267148 74.51273300432952 0
16.56894864256048 71.46472338036791 0
92.02109576531505 18.73167222983677 0
17.2423221850913 26.94682331719297 0
103.9250218235507 36.40840131327186 0
101.7629811243312 34.21062947375402 0
4.383961233468441 36.05803416217462 0
73.83108203053686 66.20542463526709 0
46.90460622903061 67.29867287539979 0
59.5134274540341 25.7175103740598 0
4.589752332044975 32.13238591637031 0
17.11225961474501 48.1875926972533 0
98.32646261012489 -35.74987682661119 0
91.63569965177582 -3.572781606133416 0
22.19022550555681 -4.928488953734015 0
93.85333298913254 57.47177597410352 0
92.31773388575432 60.13393349065425 0
24.69340721454053 107.2181459404195 0
22.82925679981497 105.3435976678786 0
19.87569639189269 105.8692851095394 0
18.82642315859396 108.4576750062383 0
16.01046228890432 108.9227484100746 0
11.85386954770762 5.474503396992461 0
32.42863524781608 22.43311550692153 0
33.97947365238124 98.10512828291236 0
71.68642896179382 -12.98937414662467 0
70.58631292157466 -11.46305225473128 0
77.03741906519967 61.87029999233215 0
75.20768400580656 9.776628165273431 0
30.27856691501554 105.9193904455276 0
30.63022045227802 102.8651170550871 0
35.46011067970736 23.17141773020451 0
60.43476466274731 -10.84520256037598 0
75.11290623383775 45.15678270664695 0
35.83245790354332 103.621860282569 0
80.05893500503504 -28.8539193366119 0
49.46126350818687 78.82809199090993 0
95.53297842582 10.19820579143163 0
65.54244274434248 76.97784935855047 0
20.64640048002111 -4.21386148524062 0
4.741637339145623 -5.420717863559798 0
83.66494442956517 71.69570362987061 0
82.81949086426899 69.26138555774463 0
84.39212503572814 66.85548147702123 0
87.25432703720874 67.23600546657583 0
88.95539456784542 65.07901049053385 0
58.08752516262833 87.14519695526377 0
59.37226289581149 89.74382276667927 0
65.69611250862891 50.42577326419663 0
63.63963390877591 -7.38316205781407 0
50.91132902450649 88.55822548096103 0
20.99831961040872 57.24447819231846 0
79.78195205474529 76.07665788990701 0
18.52653758179965 51.70137181818065 0
13.63252382544788 98.24070424360704 0
40.23156015942845 94.20456400354324 0
19.6901368960458 -3.765389501456295 0
20.15069061164416 -3.438553110923869 0
58.00924126127783 64.22143777783846 0
88.03472663278171 51.43382415307761 0
89.05711526060405 53.82842989860568 0
22.08888193877823 31.83693767233205 0
8.635984891426862 43.71968953723385 0
78.4540392769122 2.689469704433823 0
81.08244276241713 -0.7677419645953631 0
9.243551939798197 14.83593684537922 0
76.61781949905811 -10.70713867964519 0
56.29674012700648 -2.461738225886437 0
45.29527533841965 44.61624478537782 0
61.3681116382556 -12.27825373792626 0
16.99415018271675 1.327227475067114 0
65.9246651130041 84.56279758571715 0
70.98186297044627 83.09388018338642 0
6.642078957751572 1.593052119673807 0
78.57786696578219 71.5156202065005 0
30.82601903272222 80.44999093001771 0
67.82319119205482 70.16269791168116 0
76.60387423288884 43.11457365942788 0
3.741536707978608 -3.156110643312433 0
45.76774410104977 94.99253149298177 0
48.8871992375437 95.35170852694833 0
44.23106727506255 97.64698418633066 0
100.917686208746 22.38037552145073 0
26.57237783467828 21.64132284504296 0
7.330187643271898 0.9955962596875568 0
4.7679699509913 25.08539774881718 0
80.68333890210516 19.39837826934356 0
20.34011353249376 70.09750934245952 0
28.18812924645469 6.241543975554162 0
106.362137095081 -16.87180201055057 0
67.27430442481628 -18.2951394126126 0
77.23933509417705 -17.77594134356136 0
16.67444630985592 77.59796329688943 0
94.4413000421599 42.5101106453025 0
46.23870717298657 37.50286905132255 0
75.88355301612557 6.082325070728221 0
72.07287994105928 49.29103381895263 0
64.02559519762066 22.58095192295299 0
17.79297234631115 20.48944882712882 0
42.03506076464318 -6.084560070698659 0
13.16432866092652 7.790820205723726 0
6.599822570926986 -0.6719098534719472 0
46.09565218129183 29.10942434685645 0
41.02644624480898 82.1048935759061 0
60.86977233521011 71.53000777848027 0
17.49652646614427 -2.740105158007018 0
4.242310112650078 40.12454759590609 0
13.53900949376067 27.65303200850125 0
72.5513762042484 26.81060707390004 0
106.7709760602461 6.900322435320228 0
107.9515819501289 22.33527134913623 0
108.3773019321438 19.57114543156107 0
30.32886432527135 40.40770680435438 0
31.5097380611937 38.93050487364279 0
60.69490942863718 4.225044526394466 0
49.70791375313941 60.96579672454052 0
109.6505641833577 10.75473066692166 0
109.3321463577301 13.56320761978619 0
45.05757035392824 60.27017798236471 0
46.55188189308652 42.97385274139299 0
54.21536263909897 42.16067867714567 0
105.7627738096824 15.97281664128622 0
40.40377855350731 42.16181749466468 0
19.69122062411736 94.40010934182756 0
100.1260528152581 31.36851507033683 0
40.59441987031113 59.57001614151485 0
39.30485324106086 61.29865170555794 0
18.99920949658625 1.058612004399952 0
68.86165536999289 -3.605467365882266 0
9.984199659261158 21.18003248076676 0
26.63470933829741 32.30438409404334 0
7.80447056533948 30.31961607317956 0
25.01038186208077 16.44819700261691 0
99.03297925965543 1.49454900679293 0
39.39924190308754 49.27354549613965 0
76.51162000632345 66.54073572019924 0
68.3540878321956 -8.560391569976586 0
62.10658409171525 41.34910988063683 0
65.41551612230222 30.0703989640368 0
25.70395836248442 104.3509950916322 0
72.99315546104329 51.72079864088973 0
32.51519096080525 6.976030452310258 0
49.19260172126039 98.46164958633297 0
51.61835940830778 97.07763171216479 0
51.28853848048484 94.14496129454851 0
44.05614100109975 100.8474885841222 0
41.5016179986773 102.1968574539995 0
59.85855709751826 -4.916987457255269 0
101.0119936199353 -5.259558163070774 0
68.69497408561278 16.06753399367256 0
70.81478163220352 16.28455763269566 0
37.77065656287223 34.62940729788412 0
45.68283584479971 24.32750393760769 0
43.19235324530116 6.198605700545113 0
15.55940277623423 40.21183043774728 0
30.95802967334837 22.21702080295362 0
103.0999433242931 -12.19359679591202 0
15.27746340614167 -1.667140406013328 0
38.94173476384245 -12.7266721170889 0
68.26868651161422 77.37787746339995 0
31.10580255986502 69.74279813261143 0
69.56559266539239 17.92894077519057 0
4.185143484301273 22.60120914642538 0
46.3672898251635 4.114565380322707 0
16.29187502295185 19.10580962232174 0
7.195287548664167 18.99634410890062 0
84.67999756070994 55.66348299215029 0
10.81410901396648 38.76474197611952 0
60.15740903727982 12.13655833609025 0
11.51394530418492 0.3253044914026951 0
6.097350349132297 6.417988668804432 0
45.00839131705031 16.93874935166714 0
60.34187874497476 27.65128877324367 0
14.25821759003073 -1.212523655919003 0
25.17012422613247 77.22303948798294 0
17.49683331440158 30.8228984657885 0
13.1463599988712 4.166946130670649 0
6.334290426073755 7.129822228704819 0
56.60637604901189 11.71100811725067 0
35.89522304026336 13.22398351513749 0
81.8413408203739 -21.13914271632981 0
48.05755156095079 1.795845901766782 0
62.06287778777401 -0.2695169314539956 0
30.11806529918479 17.17329888353449 0
25.44456032886423 29.3602152656627 0
18.60662058977341 19.55533495884342 0
27.33106846347255 26.93696741736144 0
4.664179323248593 17.63524741915952 0
19.72968736817925 13.56650875977616 0
18.03833590564184 69.72876326085414 0
54.78614645116713 4.126790610642327 0
4.212226843001118 6.0171184865854 0
49.31309442716866 16.15712243720154 0
2.551524602703768 12.57875563977279 0
1.978707780798865 13.34522779496834 0
2.596914121362792 -7.956634254247072 0
31.61887501397785 15.07174681497236 0
40.92857042997187 -13.82393547798973 0
46.30052972839614 12.96061012450161 0
56.20306071499101 7.132957829620784 0
1.168323215250215 -7.881787863668262 0
21.3304332451277 23.42169175077358 0
58.93818059522513 -13.76553497830706 0
39.81970048638101 -3.158702588253233 0
60.88423276463892 -6.244032187378959 0
42.33132292880898 7.320138942791057 0
51.41059876344832 -9.527406424435162 0
22.68472307555371 15.98534773058691 0
50.95820296497786 76.77131422297818 0
43.50504860298589 9.982145298583895 0
109.9805898490015 2.151695581534872 0
17.27328649720256 9.800876808597669 0
46.64645655968527 8.004471633046977 0
33.88059597533349 0.7617847978265929 0
46.52823691272148 -4.542971201989032 0
5.60682955087681 9.180406479926456 0
8.933105573780063 13.90739449469507 0
109.7216012558345 -9.495364461017074 0
106.1709979030595 -12.22550347443176 0
1.282334092776205 39.27217411071308 0
10.91519351872615 3.347281668001652 0
34.41652360013604 -5.812875534776074 0
7.074820907021721 16.22061009296182 0
16.18727173253214 4.757591570344103 0
14.04994769998832 29.02155448584418 0
65.14163816510865 33.78800623178435 0
29.13850294834464 24.5367383827156 0
18.30521015090008 8.412910158001644 0
4.147264728770415 85.44027326592709 0
34.92276758571974 -1.889757754877366 0
17.78199452171011 13.16142884143848 0
31.14382899249883 -1.646444599028435 0
5.623053382004272 11.55244026510507 0
19.21044058882931 7.051210511077596 0
31.47392183356335 6.724814901088081 0
21.16048868261272 72.23706395720825 0
12.4653646457987 -0.3944072813336886 0
70.03033925560388 55.45614412801953 0
67.54210692360971 -10.24475917538292 0
68.61681864312922 -11.7469719593877 0
19.01845349047921 62.30327658778872 0
13.95611729262103 6.634515532252093 0
41.23912569064109 96.82148384772766 0
15.25923650357026 11.04718299239484 0
26.31770096773568 10.88199135826274 0
13.0306743303835 -0.6024575908724734 0
64.21395980575825 52.34774387260529 0
17.27904336505111 33.33095520292158 0
73.5327619731822 -29.08165469096893 0
3.556119891337354 3.825895154619506 0
10.8987925127441 1.578392666364956 0
81.55923278616615 21.57720175612693 0
21.26115094657349 17.80919473368553 0
2.206525312856907 -5.745336110099157 0
18.8831965492165 0.3144281073819753 0
76.03264704517717 -16.12907781888617 0
49.18635625231789 90.63889226293865 0
3.51968060301042 -4.000972350916091 0
11.70141915832256 3.019723017467117 0
89.95714204868828 25.1280738784311 0
24.99633127921565 -0.599557675446982 0
77.43744277088359 -31.12491800709502 0
93.54619036571907 16.66507245118564 0
7.742574002326593 34.15256771352443 0
43.15843830568018 0.1535890414862295 0
69.59177506969301 38.11428390772011 0
12.74786339797446 2.290253876850486 0
11.42632781293833 13.49462249054004 0
11.66399617207892 1.738049346281641 0
13.58432412206453 10.70082158469623 0
95.55265066043665 33.12717230040085 0
40.35835617472318 36.72809689093958 0
62.91652750921686 33.59550543170784 0
20.96366117570599 1.620006463111062 0
47.25297290314737 11.69386709247503 0
2.222331404990445 18.99130221796064 0
21.73393126918588 -0.06028751826401114 0
68.85652281444636 72.67764590708683 0
15.6372217927789 33.21734116476055 0
34.90811940019244 100.661525778387 0
3.44716873672612 0.9935759858501096 0
23.62371936072153 79.1111936236631 0
42.93844594079863 -13.67787129888664 0
97.06289132511094 8.093934255302621 0
18.17297019719521 -2.491036122896007 0
105.2105471472523 -32.4883899756213 0
39.86042100479251 19.12510229779816 0
53.75871223085211 -1.440624449478692 0
1.566480410041949 47.54639994832974 0
15.55718578702289 4.594491441295171 0
71.02995360622687 12.75374806374566 0
9.603173278113097 3.591804223891247 0
1.958595387529324 -6.729321589613297 0
5.789220143467838 40.41502597529593 0
14.8079870481973 5.552910887636859 0
47.83736443549313 4.279416524507591 0
1.328811814677589 -0.352970014095569 0
15.74392018657925 1.828663513049378 0
101.7068642640253 1.731249216422055 0
56.4056175361027 42.42507908096702 0
67.78324853859787 -24.73968408987265 0
103.7842916559238 -5.054569450608318 0
64.39084927641559 89.47894342996683 0
48.6049861832515 -16.13319160528489 0
14.21971564999774 0.8503654622330853 0
9.066386128576475 1.71969397720766 0
4.789748596174931 -4.581743346436749 0
39.62980046602222 34.89694976269158 0
31.19843008258439 30.32977274812754 0
13.73847491593236 1.5500411881173 0
14.21146408959863 1.604783479217486 0
103.8349376681821 -26.38912649535712 0
10.75640111269755 8.678762888944519 0
5.13367870328087 4.899674257215349 0
8.222005306038918 3.839411760025738 0
8.400213296921041 7.511353229150207 0
69.7498305770423 -1.451172600571344 0
43.95433460322928 32.04345029409804 0
10.6724065393391 5.202202695742561 0
31.82636578400106 32.05902700174763 0
33.33006898767518 83.74421465803655 0
18.77986203027244 -3.350360057456319 0
14.68310576771669 34.42267436329764 0
16.50323512918993 1.125876008200973 0
3.933701460294835 -2.563104709511193 0
17.22966402062211 40.48806388609143 0
6.395989063468051 5.205459281028652 0
88.39187302579789 27.35155120656405 0
4.411180322635781 -2.042928968476564 0
21.9942885533218 74.43005613505471 0
39.09085473874549 38.43273314352294 0
36.99156526488528 -11.99324534455338 0
3.517402698181534 13.62646951692916 0
103.0774580134805 31.57579189560127 0
28.24819553920316 -4.496844348211845 0
65.16027375959646 54.68747860594721 0
2.493320540107543 -8.45486272946032 0
7.99551342063051 1.900928678906425 0
106.1398333237307 -29.61043796588429 0
73.32403129024394 12.87482044349334 0
83.92195054468121 -20.8186781230553 0
8.251774739160769 31.64365667896942 0
52.11809197770943 12.51938974478844 0
57.32386246926715 13.35187351526791 0
11.63214478850656 29.91271159293422 0
5.929354670481725 5.706877680474475 0
4.691355820949763 101.398342913255 0
8.683276473138863 66.12126154491229 0
9.058235819336968 9.83664660671197 0
91.21308174446645 46.97325305665454 0
1.078330765255552 29.11030042086991 0
6.804114551003668 0.9104324482866968 0
3.938707215657003 18.44837266848284 0
34.85003231596922 7.336313498063035 0
2.898366207622375 50.23548696914234 0
0.8159895865127331 -9.516733575514742 0
66.17300708085084 22.70183686221286 0
16.33435946349037 -0.8271675761970052 0
5.186122143947944 13.1341019666213 0
32.28958502367333 40.83018247339217 0
28.84900089084315 2.642724241752345 0
38.75062643430757 7.947512893099521 0
6.024241305875121 77.44880198185031 0
2.929052666457749 -1.075514671540092 0
78.08904020400607 64.34467905054098 0
9.878615248889387 1.881528251108596 0
22.29967586544972 94.40111796261881 0
32.08502182230513 71.95442472405188 0
7.670892023993504 75.80224338391471 0
78.74726703091723 -10.55616298266921 0
4.510735764439423 109.637490253814 0
87.40716277306181 55.92524898090475 0
3.3062216617417 -0.1133474381672278 0
0.78093020070299 9.582479158680671 0
2.759261896773509 -2.077904638360927 0
2.51347115281944 -3.016954796216151 0
98.47369009915083 33.52980708028998 0
10.41517349762505 0.2400928975349859 0
68.69509282354636 32.12394862578856 0
84.66638326757182 36.8406712905658 0
31.45861325439021 -0.7455293151046898 0
103.4389132316738 -0.574225312437648 0
5.744589066984706 -1.955287433937293 0
2.799297694253765 64.79474316545333 0
2.203230805199328 -3.94594591301011 0
69.11870281912624 -18.17247420987793 0
29.35854788230672 6.444001269059777 0
24.32127863212346 74.88788193338998 0
106.8671628297536 11.73817774363369 0
16.97737058245625 5.570614208286811 0
52.8172482365211 -0.190172622180146 0
34.92934302914697 51.21423719001976 0
83.754636463941 32.98328079589942 0
89.274212122785 29.99115955299816 0
54.86366764695784 28.8966407186785 0
4.318187784092282 -2.420712353628428 0
105.5861299735337 -3.127664035075012 0
44.18182886406366 52.00993092126411 0
85.33548820747143 31.17240605333183 0
2.28116182542005 96.97759033282401 0
0.6073061838504538 -3.913244612586733 0
99.69045706951179 8.355585292241523 0
52.73848227464598 -7.036723321875307 0
45.58525366617454 50.26696718761026 0
80.61983947100299 36.92742228185363 0
8.314323210466814 14.65777663880517 0
96.12323584194476 16.95810000008403 0
79.40382177683604 39.05561805114393 0
66.63808669486762 87.61179245697637 0
19.65101671284319 -3.257058262023614 0
91.10616493803732 57.58167557373589 0
6.800865804644858 39.23538951285829 0
59.25022614429965 45.53793041321038 0
47.34256305581458 44.92110545835737 0
80.93482448889114 -30.73375274342184 0
12.38910162989519 13.68954750069727 0
47.70678458516825 50.57037066938233 0
58.53908707564104 42.6601025775487 0
54.09913029680636 72.83826134610469 0
61.3368679981922 55.99150737871693 0
36.10411161178583 -1.656675025100255 0
50.97311017746043 16.35476748184395 0
14.58177703588028 -1.370649910411847 0
1.903293419554113 22.09658202917544 0
88.09463176132452 -10.15802820227248 0
43.75036525715942 7.53330850109368 0
26.05112467969631 -6.147732857765416 0
4.455124899024565 -5.213136462782241 0
69.91244711924941 75.24075946121292 0
51.70777007986388 29.76765035593583 0
25.81704838286498 -0.4405921410723241 0
69.91408301310946 5.48302593401286 0
25.88647540233116 49.81154045146248 0
66.33486624015605 19.23336170674643 0
15.82979574384516 -0.07179618731090782 0
0.6344505386142831 -0.7698456871783355 0
78.1226781850618 -15.93627220845611 0
57.36760435271024 47.14477449017496 0
49.46240277971199 67.5938423853526 0
70.2989426948016 2.049592321775525 0
71.37873886918516 0.1968626216799554 0
11.51780522370517 16.18319277691693 0
37.33202662753698 -1.40912825139966 0
10.4123462471215 109.7001812318436 0
24.87442709144634 -5.550996155570556 0
21.59772672330856 39.6432049279198 0
69.18623014209545 3.573536332154764 0
59.15010590511677 13.57091311346852 0
44.91498343748496 -14.65533568382957 0
0.4690052972016019 -8.47558241421085 0
75.86146851069786 80.46518267286108 0
4.15679742986543 44.29133959789703 0
45.88903681581761 32.12618800163415 0
12.74729654528189 4.613751922247328 0
23.57902596310685 5.422362894171835 0
1.612678211830987 -4.643085212677158 0
17.86691368118987 42.07608719337191 0
79.98756110207833 -12.36876759655212 0
20.15299813915642 27.06910298868615 0
12.95132707858713 2.748898610052045 0
11.40998092212274 3.420741276487663 0
10.04555222944031 0.5877864855337344 0
1.424979260886861 2.143451342652964 0
95.45106503035612 44.94858558401542 0
43.23776113376283 19.5217351341143 0
100.7776231731739 10.75433867460174 0
106.3393142336953 27.906722115286 0
57.4985729657681 57.70254494587499 0
52.46090586090175 47.43241644392743 0
35.96298385393128 70.3954795020354 0
31.67168930177655 -6.450341193911886 0
0.7987459497916238 12.58435563209047 0
66.42639277971767 32.00487928887237 0
91.72818057632432 -34.17722521102728 0
22.42707765949451 0.1086273634967798 0
97.20148385963462 19.36274952347945 0
54.95761161886105 75.26882613435481 0
79.18323311818901 66.9027888403857 0
18.53816905937512 43.76898136830312 0
7.982947454103753 -0.1594575091333359 0
31.86261021090357 -7.976495664205711 0
8.396761607085779 39.51575872224581 0
91.04794819422423 52.14195255865148 0
21.71250931004932 18.86930797383737 0
4.125782623529616 -1.711170074754702 0
47.97484729808286 -4.55914119302169 0
31.89558328674057 44.09140513304845 0
4.043038969311191 -3.54209961320982 0
20.82367409427373 5.345402303113049 0
80.31602996385826 -15.73626988384174 0
6.89819977690753 2.534816045266329 0
3.203653643301586 19.22695822340102 0
22.71685725767865 11.23833378347738 0
48.15240727651759 46.92759744097035 0
25.53231803224207 2.492701159615601 0
3.25271080415962 -9.116375038539847 0
64.19602775706518 4.508591538374895 0
10.80751893374895 17.05593749624482 0
38.54269117364652 -1.277709189383825 0
1.347369904798364 6.300213990362941 0
55.46416405535962 -20.62930094237145 0
3.295346305891842 2.526931856261809 0
7.847353060418781 4.280226469061659 0
18.23685952559298 103.6811140468186 0
1.698325815546534 68.33496253443283 0
1.040999644770448 25.43151639847536 0
9.775103993231037 4.087909117260001 0
23.23481786406649 -5.49206278162672 0
1.224910309100774 54.56602922575871 0
50.76005668459166 -17.04750570529714 0
70.20316559576663 -19.77300167446835 0
13.12554084267755 20.77977754032442 0
5.18257802718199 -3.02651169719434 0
62.95657323343774 6.123291664852338 0
48.64464538460682 3.159738861717619 0
18.5108211261874 1.46738425745513 0
89.0468779303951 -12.11738325241477 0
17.50053672079969 4.963412509793627 0
3.396596704804145 7.282362029911184 0
100.4240405221965 38.60057269624095 0
4.307992610446899 -6.219433611115541 0
44.33370363627532 8.844396985903707 0
5.854319626933269 12.4373577326449 0
17.4461478980185 45.1285009038457 0
39.30846410127637 9.279294831049569 0
0.8483011479461336 17.96250981130486 0
26.66655415818714 -0.2718594922134708 0
2.353473130315497 -9.028310714959416 0
1.923337348216263 91.72015833178104 0
107.7482123285399 -23.90601944823416 0
70.97686003115788 77.82725975882556 0
103.6674273935351 11.18005991037639 0
50.97463292219847 9.145790253783499 0
96.70091107738018 -37.96062206720443 0
37.35473341892045 13.4043401755452 0
17.31155562001818 79.45506499992904 0
13.09705480250423 15.7340140243013 0
69.50944650905399 -9.984886135529113 0
15.19232310346068 -1.294747843835327 0
1.652695654810895 14.19754215701751 0
8.697157065427209 33.1085249456752 0
29.1938700375997 32.71608787533886 0
12.37547649374128 0.1247523377854405 0
92.61682798182437 -38.41026583481938 0
16.71991657575575 -2.420310645992963 0
27.24707152707553 -0.8633674712540099 0
79.20107060568702 4.552819424951666 0
8.662058804891858 15.60635041455186 0
36.37796035103838 8.723922863881013 0
23.03741147469212 2.301470425414892 0
23.31060890985366 -4.549468045883339 0
77.90425516310404 6.276886511272905 0
56.71218756294657 94.15362774039535 0
3.278379705024749 31.87206586631048 0
12.4901434184684 89.01236013415954 0
18.27954711350094 5.036031321168576 0
9.260954672138313 0.4526309110084594 0
13.92051318711538 84.51911090873099 0
13.42795839690344 80.97531573132133 0
66.80660611546385 6.554461960404931 0
23.90064828048196 41.27749000967778 0
6.145097608867912 -1.444042476700722 0
9.943365360763288 39.79644028364559 0
60.88887241403533 13.70218584977724 0
99.86043719625246 19.84104557284883 0
19.95530193247355 64.26478228381706 0
45.20402588277408 -9.241307946110076 0
7.014949410748203 7.230211173970469 0
37.80560232430449 -7.221411079636775 0
21.23497182635646 2.30063452158905 0
1.128171402491237 -4.306719307379696 0
16.28764461604485 1.969781567047336 0
21.58763654032882 99.35232224091203 0
4.550137434060077 94.72214385806362 0
33.86503436544901 44.5607671131422 0
32.19376457113228 -7.130496362956174 0
26.94760865443084 -7.224761978376721 0
41.62178303535785 99.57554953146226 0
12.12681221709235 3.973532220528772 0
1.452061399591063 58.45391782827541 0
60.88275182116991 -21.87337283446101 0
69.89094886676369 30.36306359938956 0
1.645497971393088 -6.374345273246506 0
8.908764804574476 0.4022488137800209 0
47.84253178232917 -6.818093372957958 0
60.63645157665159 -13.83225891499871 0
76.57585450651995 8.057672009341186 0
23.52177239476819 -3.964567748317522 0
71.38746087149629 -21.3693342278286 0
12.79872564631631 14.72027241237837 0
25.08472686581645 1.618074094168644 0
73.33251736818625 9.45079069486782 0
4.194375294082501 -8.87815216900983 0
52.58719855017114 -19.52627511808819 0
29.99680089366675 7.543485670381454 0
71.47213690050962 53.72544613273938 0
8.529780685897581 0.3302943670648599 0
13.43298765364566 16.66784404370788 0
53.43943452915623 1.234474511949861 0
58.6949105531466 -20.65747547329229 0
23.41054842389149 20.09468144828991 0
16.64804442570419 20.24164971290429 0
99.29489930392268 24.28165178869592 0
107.9188538669404 -2.197712108714336 0
30.56527496677512 24.67397188520383 0
92.80786635870204 -12.42008730482017 0
32.06576272896618 16.15993789915045 0
18.10583871737913 14.014840929228 0
20.39834611653475 33.60816578797475 0
6.602651322175596 92.64513536894951 0
22.74114943349067 -4.685133035025386 0
27.96644625425493 35.54312893328517 0
48.99762643194929 48.86602058124922 0
9.90786541833166 88.85598147431691 0
80.80558025030814 -14.02116672276532 0
90.41614436389955 -30.41633084463299 0
2.776694803924706 3.443116319186887 0
9.153962601209988 92.96883614980132 0
51.55282199991431 10.81867036574745 0
24.38443722763947 5.369923538671029 0
22.60948447417575 0.7958935705414093 0
29.63813607632747 25.88375342819329 0
3.743097204211172 83.17730497982033 0
0.908800292697566 20.19380238712341 0
107.6385196280292 9.23792272831939 0
30.27014764574273 -8.09593222519775 0
64.08378532714843 -21.53573025997281 0
31.46918822481392 23.50696709497495 0
18.0710329992855 46.84324427872387 0
10.98166169017213 9.405869183052186 0
85.24342223506171 -32.8640134219302 0
28.86316091105336 -7.452148426613156 0
71.50183416794424 -9.672808709535763 0
6.63701687030993 21.12133481177099 0
1.1893461201889 37.80634710854569 0
3.480411014582824 23.50593501776174 0
24.34953403592669 10.59121754381912 0
4.436599342338016 -5.883918251183846 0
80.20240938430695 69.37262634526407 0
4.729397470778212 -3.262826323772808 0
1.268441350506319 -1.614168008282895 0
80.49381081049394 2.777583693144259 0
8.794402175552168 2.006796463756091 0
60.4682917472006 -3.324373283133445 0
22.82508233664053 43.00895981734816 0
73.63424807072617 -21.50125848277384 0
88.17997417480549 -27.04185072818402 0
2.932306971975017 51.98251792039503 0
31.83170861665994 3.067661015582464 0
23.42944454992905 63.0234552964202 0
31.43752094021703 82.3837458964569 0
21.58821373285977 -4.179996715325557 0
33.29705032658232 102.5058313293499 0
2.023405218039496 -4.956010189533034 0
59.86021045535405 92.66185779337243 0
9.760595488703885 0.1897904149357245 0
70.94540197196685 -26.19842405496128 0
4.255033122972423 -8.384493327661792 0
38.64196641908865 11.28546127187512 0
32.98157300567301 23.69528040373404 0
9.436034373891825 4.493062599511073 0
98.13159766164918 44.99448953789864 0
49.22035844403096 4.528611828060333 0
61.78105919405979 7.676714739552413 0
5.300443305697899 5.538851894659007 0
46.61702628776036 -9.095413899567493 0
33.41768861552652 47.80901336108318 0
28.69745613483288 27.09401588179183 0
30.1140062621934 3.881314745499217 0
13.79223742980632 17.6446358136111 0
15.93408602316438 -1.658877126810565 0
8.249374602900936 -0.1153528428980127 0
22.58743175066744 101.4896017058738 0
1.541539227237781 74.86469891800812 0
15.78495792213947 21.17812903768421 0
54.94144251347517 1.492457764334771 0
37.38792380264821 100.9254668045744 0
28.64439909325529 37.036973296757 0
45.68799876685149 18.3744234300573 0
45.79916070674666 8.998310835441817 0
11.62606281270841 3.903318292322122 0
22.82686558571948 1.548668971256913 0
14.41836415279572 1.969269405740145 0
37.29044178083613 7.669815789222405 0
51.22105284832482 49.10434280796708 0
5.187105781117764 -0.4463125002206039 0
46.93984824197606 97.22242324796376 0
53.43526430505125 77.24639141616512 0
2.137177965610166 7.70708864966694 0
18.71979028445541 4.475081632480397 0
4.269482934955092 12.95466659663737 0
24.88192137142268 11.49967924905941 0
102.084702115167 24.72488812575038 0
0.9889525042665129 32.03099451567454 0
2.30916152351605 32.78141149067636 0
33.52576821403807 2.537879655773318 0
24.57987516772002 65.01741377959551 0
60.50865976379301 -16.58947325018902 0
16.59231438875016 1.586781512012772 0
4.57975180848438 57.80672833623138 0
3.105027107363848 59.34612606036518 0
62.47478750131739 -2.861553675085429 0
59.99069053949502 57.89226724538895 0
68.41345198506241 19.40360445660313 0
28.40526995711699 104.3302279140044 0
11.03022143265219 1.888131095623645 0
61.99990623053127 88.57714890206768 0
72.33948190280931 -8.022812527364232 0
89.55966317217518 -34.53236179312213 0
23.51372567538362 44.66278233044769 0
0.8910590463697279 21.80259329722901 0
0.9755155776269945 23.88335397874513 0
18.73139232787717 48.5735224749093 0
81.74167311671253 0.9685108531538886 0
17.40317178946303 -2.270796978409503 0
33.43545803940931 -10.41645640287905 0
84.08281531796389 -14.29163365599862 0
0.494731695570239 1.571271088028573 0
0.8629980931684537 27.90065659150864 0
15.05820934097122 6.105761426852809 0
5.329873315172273 1.80453107343224 0
14.9704006998983 22.06245060490808 0
23.76642921330039 -3.354709852713692 0
3.254345114651881 66.80409715579515 0
71.90263059044467 80.1118644141344 0
74.51684973904021 -7.547342660834437 0
4.244974204685509 76.66258652669084 0
27.27779656764022 84.05741526913819 0
4.309729743741066 -7.892340433372032 0
71.37592599483061 -28.54139186963922 0
6.354007925211536 1.956431995165015 0
22.81283540658026 37.95639769966596 0
18.11117081691747 32.12043383271197 0
51.11898555122461 13.65675740422857 0
8.138457971165492 21.78375812023967 0
22.68336552718461 21.26523692260145 0
85.45993702854229 -16.19194320474645 0
27.85190879968574 87.83720572967091 0
11.87395363621082 107.4056439547019 0
10.87837284573564 5.69816735249792 0
0.9595296905152471 -8.968094899530911 0
4.650261128803596 -3.603953551750092 0
47.80520300836426 -9.109574601951914 0
41.07798910051093 61.43350060896947 0
17.01537883054723 -1.075108350471413 0
14.58596845698161 6.668982330792797 0
10.46429643998356 9.945412001480687 0
13.84680533005477 11.38686449999685 0
30.99132888280804 7.611128179289201 0
38.3063492979371 -6.24345824752852 0
62.97227237931229 -16.79943560592757 0
40.40141437834787 -2.111343718861428 0
1.269816085157968 49.32806240590023 0
13.1190956613919 18.52762798822537 0
35.49396947086871 48.39260274264007 0
49.81662329418337 5.948681063853492 0
9.040017445466599 16.53698130823523 0
3.742573483900897 -4.473030245540994 0
23.05931363010962 16.95492017218432 0
91.84112346725752 -16.03919592901008 0
36.22711222318275 58.41120979644493 0
90.14921140914348 -26.66475258969198 0
53.34458037086402 -9.962608273301665 0
4.668365407304789 -0.9871297067961888 0
3.808408893417323 80.57939953321544 0
2.74121908469031 46.40099635573893 0
20.56422420068266 -3.757578703690456 0
25.12496359264803 6.528849192181202 0
0.9615119098650329 -2.748590556372172 0
28.10684994133438 -0.6824579042812133 0
3.505149769542754 -5.588487898124068 0
52.83767183126652 -12.0837833916282 0
1.849917028043273 99.86014645584125 0
27.72244110171755 28.32143957183197 0
12.09550331520193 0.1131075001402543 0
11.2313812595305 0.3354623428369951 0
8.197398463749005 35.61686042884711 0
105.8483169499833 31.48404749738974 0
23.2339216034135 96.83127981751676 0
2.205189935019066 8.418318290777728 0
1.468303010146054 9.00798744028849 0
0.932344912559862 -6.87177969675875 0
11.80965430390865 37.79866560543601 0
4.831965232720039 -0.5090252884681454 0
27.89269775250024 -6.47287063616264 0
15.54327036657451 5.542599339845228 0
26.71174600405942 1.797509842806042 0
22.37917752196785 17.87620537354153 0
4.602229811410978 -9.600598058876061 0
23.98159384975924 87.92118899643518 0
2.177776789243776 5.449751851648654 0
54.57420070275352 79.81960493594387 0
14.92792899921984 2.019941447011675 0
32.63786430392147 -10.10746052163127 0
86.25908660382636 -24.35147955709819 0
19.42971008128917 50.35496444315724 0
9.668123957608364 35.95963828920242 0
104.8091191698483 25.06225841923619 0
21.03674491623172 32.52722984895669 0
87.71483940571449 62.88709619769638 0
13.9441194875133 1.947205944805908 0
62.82861223771329 -1.479624829869882 0
47.15084730048309 9.121515377714941 0
54.80087528171439 47.50336844612049 0
6.675256659342989 50.53966335078276 0
31.63165319305886 -8.665303367609095 0
85.98470242354543 -20.65066018117796 0
4.162600877623477 106.8658840480743 0
55.66912708565316 82.24772060222233 0
14.15706606008106 7.166848331201691 0
35.79900477030397 15.2988269621884 0
22.85078341621032 89.90650600665447 0
27.50873794589575 63.21864977898792 0
34.32985450217184 23.87792801175424 0
56.55577774673822 -19.84350594661713 0
108.6306892778935 -21.24289135595249 0
70.45112497439663 19.71690033375284 0
14.0329689313025 -0.6420771396784745 0
11.27475446429367 36.28854339489221 0
5.884107704262012 51.85060156010803 0
23.54253572073762 1.696121746560284 0
106.4738373870206 18.15709653439992 0
25.94214113962952 46.38730232086928 0
41.60074152497835 -7.055005050389433 0
6.856914305116127 -0.5452700929394018 0
55.61846111503662 3.015274239621773 0
47.35519599118693 -15.91273092454398 0
0.6024783032167661 11.60092208094331 0
23.19168245978261 22.23076412992191 0
87.28382574617591 -22.72565226336634 0
35.13565600981875 -11.31742513057006 0
19.45227268173472 4.621956557378324 0
17.42176044488352 1.549417090296024 0
4.547702485441802 -4.12468902015635 0
16.32051974217495 14.78294875878848 0
107.6263244256336 -7.395151471158947 0
2.785035281229013 -9.208513465631439 0
1.820730162119982 -9.101823740111291 0
13.60701287932933 -0.9732594638790895 0
74.1080139346208 11.3427669961825 0
65.23909027648244 -1.027061043208537 0
10.2286084205985 5.613281059134994 0
3.910192362859132 24.55406282127548 0
33.84610480473916 -9.055670556764076 0
53.58076281235093 93.50972806878724 0
26.77742207264534 29.44807485469016 0
1.114153235623399 -2.163047604791549 0
2.615648141954746 43.65611564810781 0
1.267159729603348 64.52275084638126 0
95.70986197455628 -17.03605334484411 0
83.43609390807276 64.77890173481056 0
31.98725035806064 -5.589060384791697 0
15.39691743053071 23.23329928987547 0
19.6267965408248 32.32933427444563 0
53.88801300770713 -15.36688036998186 0
34.05773980886302 60.45569815723069 0
9.844100433674193 49.85296375754305 0
20.10418043191539 -2.571537860250563 0
25.46970247800056 -6.014444739580092 0
1.926274366143711 89.03125718554236 0
86.09418319726569 65.02933203084538 0
54.76549235885086 -16.66955340233605 0
110.7145347103388 4.971524722427768 0
4.80273954777967 6.071686400010213 0
84.65076614126338 -18.73004100364437 0
6.587044871843206 0.6996564688468311 0
46.52983875241173 20.03657286923369 0
19.55418034393815 7.726000164268299 0
81.22954681901413 71.54208132347448 0
38.46974863514615 -11.74800418067006 0
0.6489291482827441 16.92156193346809 0
12.40471664383003 19.26838899752233 0
1.994620683650994 110.5378484988597 0
74.33283788811423 -3.676048941956245 0
41.8099677611637 -13.4325298793931 0
63.74541047856248 56.13638517312752 0
50.40998022013673 7.471092090860567 0
19.65504254140381 5.25667141300763 0
54.97662197968116 20.9158787579304 0
51.62106172921676 15.05039996373475 0
89.43937026876218 60.4197862901263 0
46.9491877668669 30.68248970904186 0
81.91092463946794 66.83552349330866 0
18.79421014788916 2.165878037446872 0
71.39925266424204 21.45681890611713 0
38.47757907744625 50.68290378550721 0
34.43178021848873 15.22474016104251 0
55.61705303936105 -17.9244020268623 0
9.495793690806089 5.538753257838904 0
13.66142511780701 2.321857711652377 0
21.1431187358041 103.6002219596776 0
5.627047187293439 -2.206396698907124 0
18.05604969349703 1.050623347476445 0
20.13482353783128 52.16629027142663 0
2.206758801539745 37.09523856247591 0
31.09207012332906 61.77210047475581 0
39.93394775554157 -12.46411617204763 0
91.64879801399739 -28.80921445508582 0
53.65218853898635 -13.0190740348194 0
13.38850510679914 2.729198347035805 0
82.8198603608252 -0.748553769417451 0
30.54686681658172 0.735799227630458 0
21.8613123602306 2.400406790874493 0
69.66871869811123 0.4830379637318313 0
5.929260613722362 1.876003415568046 0
6.379098698953857 -0.8420896118173854 0
28.15891871046694 -5.762433147778051 0
25.80080358106687 11.54551850652127 0
32.93469699913784 3.241920079135379 0
89.59863007323693 56.07539570050548 0
56.29461902235879 4.586059010624593 0
58.11283279745228 82.7329832989595 0
41.66055312763999 64.87600787670469 0
18.30187848839953 -3.23999040029369 0
12.97611029877888 -0.3173570630716485 0
4.666388515334914 -1.326908260404146 0
0.3966513893150683 -9.58983123833606 0
101.7138643485444 36.47473815078028 0
20.97530557423926 4.764148107305687 0
25.01727516999194 48.00323116344933 0
53.13522665352255 -14.32209370322199 0
28.43727058458599 0.09598491691887723 0
13.99075753111284 16.04763039797077 0
14.62479785906325 0.02546308329902913 0
16.60666937525657 23.44916444087735 0
20.59694933999604 -2.494908536296958 0
75.72827045121362 -28.46696741233324 0
79.33326413245642 73.80646526303534 0
37.6419738462852 60.96445989755047 0
34.19740368728889 1.663839884448558 0
9.014325693061807 18.10739106837715 0
7.56113938493459 19.84197169306155 0
37.66992216874958 -11.61521115626078 0
34.04536706712115 3.287339865229379 0
67.12529367001551 -22.85676434990201 0
34.61983847175507 4.385759801800439 0
31.49049242355984 8.328078412198916 0
107.0942887171124 -14.3287901510529 0
34.76195098572798 -9.006324115484771 0
12.36544757104162 11.90702125472484 0
38.43856590464159 62.8637894210711 0
4.366816613915454 -7.494837323630014 0
79.09168592916289 -30.35210685662169 0
7.603929300937867 49.26890598546488 0
97.28208379964207 -19.20703882662321 0
16.22800017544758 -1.785962630851739 0
14.95218440859585 15.04472250806758 0
48.69014593323544 -7.421119719658046 0
17.3846507366172 -0.8982858367749114 0
8.297441544135868 18.99097954067918 0
36.33638143156804 24.2783303503106 0
24.27970296456916 -5.498916573317078 0
32.97372206120369 38.21523594631196 0
7.062472724446202 -0.02309789501375325 0
24.18772270692383 17.03021761213405 0
24.36649690214642 -3.276749989624322 0
49.66751264093691 92.73365041290042 0
15.61403065841063 15.2276936617768 0
30.60895547192413 9.614981729660537 0
63.54193737862758 12.3520286869454 0
99.36911231129685 -41.81810978998 0
22.81199407744436 58.11543802329267 0
6.492733293671377 2.331546294184739 0
72.97297134147753 -1.161717651521067 0
27.4923455633483 49.80953284752158 0
56.78056277036992 5.934831139397887 0
107.1156593885321 14.19162804583284 0
105.8357974512308 23.16621594026036 0
29.56399010955035 2.542813357611863 0
14.21043704439063 -0.9198865906323177 0
23.02533657227075 32.98708091057942 0
11.39521714678441 5.776706573855053 0
104.3408769112265 -28.43584354602567 0
27.3877314501917 30.95940229141166 0
0.8656760565627906 -7.499207894462575 0
20.80432558202242 53.99659325758631 0
38.93729897303731 -11.01107090832369 0
62.28931635389896 -19.10209922766966 0
108.1724615655027 0.1194301142220664 0
99.37302875764856 42.78696273888471 0
29.23889406786374 0.2806449095375552 0
32.2876416612075 -4.749298084386646 0
76.44575896305422 15.58051570379974 0
66.2101220724208 56.47681186679183 0
5.856852360139648 -1.435748447476528 0
8.573305102514189 2.258116681195008 0
16.74174975131147 81.14088838688218 0
65.66281973696888 0.334949770261368 0
48.58971804356457 23.5133434616193 0
15.7608854705846 5.078440083007743 0
28.95257232184841 63.82868037658791 0
38.17021886297839 66.83951989737216 0
59.14248541814056 85.26275606397377 0
10.62457535945685 0.4525315752076037 0
39.27660929003358 -9.954225178640955 0
73.40588878545118 21.6401670403689 0
61.6854281114849 -20.60834022779238 0
13.4663479044639 11.95416613774589 0
48.66856825040062 30.81010350746351 0
0.475148380127532 -2.871181071794086 0
73.41350102684126 -4.738338032072948 0
12.33554648707149 4.411973300342834 0
36.48895060361468 16.62445797930116 0
4.341770561873988 6.575859415843013 0
2.262132480439504 -2.687032906336994 0
12.42342613296717 85.36728238710012 0
47.18097588661967 21.66029568541893 0
2.777630953451864 13.31574415581286 0
3.55996727036141 -4.789046675205219 0
25.15616519010825 56.37073971577504 0
17.801745655572 23.58790513877913 0
12.31982864303523 5.396193338880478 0
30.67615753700128 84.14158768195816 0
3.931208336316635 -2.90384873274683 0
1.155256747435269 0.7614230064668599 0
98.83888993293679 -21.37437365914923 0
19.98013875997367 -2.991905859563412 0
30.76772185014795 37.83389775704615 0
2.237045739180268 2.845842141866141 0
71.68279901565126 30.40054270033324 0
23.24726705290929 26.66151785940788 0
21.47271387023002 55.78760565613881 0
49.68088656520825 -16.98230922038193 0
28.05033134427838 52.40092466353815 0
17.60913509025164 14.60277918794207 0
59.5560422873785 -21.58392500598445 0
43.79087235570596 -8.002127482631744 0
8.642394244723334 4.726697669444094 0
94.54860269072782 -37.53162664400111 0
74.91108085210837 13.16056676591815 0
19.38582097495202 2.256947226934372 0
1.983257142803051 -5.422711018900231 0
16.73536273815404 -0.8190402776577486 0
33.06035553373156 16.37072549862267 0
28.26884927453748 2.224444005602224 0
23.14297649341435 -5.029865473680742 0
12.50985305739776 0.4366161851415107 0
68.49002042296334 56.72931756308738 0
22.30133350552704 27.67301215780861 0
67.23456552681165 0.5362504500422594 0
32.99258687688341 7.724408985070269 0
31.90240881801711 7.602774635729926 0
34.92110620973138 0.8669152469170651 0
43.85586512253063 61.40057085340576 0
35.78524413093962 49.92421737677941 0
38.71616366938623 -9.233280977538469 0
4.525554795630191 -5.57969345591575 0
26.01535575894658 -6.874184175859985 0
23.7443552185783 103.3423606399139 0
9.982998339881156 51.08642762212411 0
1.379332699476007 61.85370166182058 0
64.50537386511259 10.89038404730509 0
51.12623924352164 23.41079934595414 0
9.120698644083795 4.793300952936688 0
1.950427898372229 4.917345198364059 0
14.83893833752069 -1.236463715261675 0
19.27423882971689 -3.162363424670406 0
43.8502431019293 -14.44999103521564 0
15.39273783107377 2.069730685143143 0
52.51617151350514 -9.309396359030124 0
14.17126037119102 52.31300713534089 0
34.39050903646525 38.38364679166619 0
72.92041629668401 -24.11313727194383 0
22.50981129924522 6.259681934934746 0
27.98348136065177 32.51571310277152 0
26.2123323396842 5.590648505730361 0
26.61029515101735 12.80489473486398 0
39.59589129424673 101.0257381193649 0
73.54089081075105 28.22715596894006 0
11.25068392927438 40.01984666892736 0
39.95004028613693 -6.984042182531036 0
14.35764104804705 107.5694838781636 0
23.93375198902779 1.165751711309113 0
35.86935169422232 0.9986101753965089 0
101.8737304692049 -42.95869738301398 0
36.08904658531461 3.486666268057239 0
35.55724499260467 -9.931029774869401 0
14.34401196899123 1.254632171247201 0
17.8093448262308 -2.539502545726565 0
51.35165568292243 31.20080973829585 0
22.83317872602117 24.71736053902003 0
2.386229874462262 -2.252971189023234 0
41.25470390353973 -2.093552983423718 0
3.813679044366061 -3.833418202604008 0
69.20848353069319 -25.9710587399753 0
12.13230915559378 6.478882839188403 0
32.82282256307131 62.15874907251615 0
103.0926552095203 -40.44622132021216 0
36.16795875531675 -10.81296168516974 0
28.75449757821464 33.92670173332682 0
1.100409401931588 72.84855545397744 0
1.352613428231084 13.00165508764928 0
10.93919645887113 2.172872099991826 0
48.73781441667881 62.67818447597055 0
60.09953913505115 87.79853774237556 0
20.00926114015343 6.938079742708728 0
63.13206933305273 15.6607249834177 0
29.66322097858369 12.83996461942151 0
4.251186742345108 26.23148785138315 0
5.313122541391242 0.1405872916433756 0
2.761302517084248 9.239936042997563 0
27.03158388836991 17.73261573319116 0
8.028576071552378 8.007821631880512 0
15.14664093663935 -0.002577520879471355 0
77.67138818109939 75.84017009648328 0
106.8922161479477 -19.43519026982371 0
10.08817849543595 10.4222076472196 0
37.58706458048324 18.24113199119316 0
7.188918362583917 7.73221574741495 0
4.834730341350881 -4.840208984692321 0
2.711090759160294 2.299822221381295 0
7.078080143633976 0.8341593121878391 0
13.96724448767243 20.59922619193608 0
62.48760823503542 13.8150238254292 0
9.28481288632168 17.33786931158026 0
56.03136715660764 19.38034618952094 0
$EndNodes
$Elements
7 9792 23 13160
1 1 1 75
23 1 23 
24 23 24 
25 24 25 
26 25 26 
27 26 27 
28 27 28 
29 28 29 
30 29 30 
31 30 31 
32 31 32 
33 32 33 
34 33 34 
35 34 35 
36 35 36 
37 36 37 
38 37 38 
39 38 39 
40 39 40 
41 40 41 
42 41 42 
43 42 43 
44 43 44 
45 44 45 
46 45 46 
47 46 47 
48 47 48 
49 48 49 
50 49 50 
51 50 51 
52 51 52 
53 52 53 
54 53 54 
55 54 55 
56 55 56 
57 56 57 
58 57 58 
59 58 59 
60 59 60 
61 60 61 
62 61 62 
63 62 63 
64 63 64 
65 64 65 
66 65 66 
67 66 67 
68 67 68 
69 68 69 
70 69 70 
71 70 71 
72 71 72 
73 72 73 
74 73 74 
75 74 75 
76 75 76 
77 76 77 
78 77 78 
79 78 79 
80 79 80 
81 80 81 
82 81 82 
83 82 83 
84 83 84 
85 84 85 
86 85 86 
87 86 87 
88 87 88 
89 88 89 
90 89 90 
91 90 91 
92 91 92 
93 92 93 
94 93 94 
95 94 95 
96 95 96 
97 96 3 
1 2 1 87
98 3 97 
99 97 98 
100 98 99 
101 99 100 
102 100 101 
103 101 102 
104 102 103 
105 103 104 
106 104 105 
107 105 106 
108 106 107 
109 107 108 
110 108 109 
111 109 110 
112 110 111 
113 111 112 
114 112 113 
115 113 114 
116 114 115 
117 115 116 
118 116 117 
119 117 118 
120 118 119 
121 119 120 
122 120 121 
123 121 122 
124 122 123 
125 123 124 
126 124 125 
127 125 126 
128 126 127 
129 127 128 
130 128 129 
131 129 130 
132 130 131 
133 131 132 
134 132 133 
135 133 134 
136 134 135 
137 135 136 
138 136 137 
139 137 138 
140 138 139 
141 139 140 
142 140 141 
143 141 142 
144 142 143 
145 143 144 
146 144 145 
147 145 146 
148 146 147 
149 147 148 
150 148 149 
151 149 150 
152 150 151 
153 151 152 
154 152 153 
155 153 154 
156 154 155 
157 155 156 
158 156 157 
159 157 158 
160 158 159 
161 159 160 
162 160 161 
163 161 162 
164 162 163 
165 163 164 
166 164 165 
167 165 166 
168 166 167 
169 167 168 
170 168 169 
171 169 170 
172 170 171 
173 171 172 
174 172 173 
175 173 174 
176 174 175 
177 175 176 
178 176 177 
179 177 178 
180 178 179 
181 179 180 
182 180 181 
183 181 182 
184 182 4 
1 3 1 34
185 4 183 
186 183 184 
187 184 185 
188 185 186 
189 186 187 
190 187 188 
191 188 189 
192 189 190 
193 190 191 
194 191 192 
195 192 193 
196 193 194 
197 194 195 
198 195 196 
199 196 197 
200 197 198 
201 198 199 
202 199 200 
203 200 201 
204 201 202 
205 202 203 
206 203 204 
207 204 205 
208 205 206 
209 206 207 
210 207 208 
211 208 209 
212 209 210 
213 210 211 
214 211 212 
215 212 213 
216 213 214 
217 214 215 
218 215 6 
1 4 1 12
219 6 216 
220 216 217 
221 217 218 
222 218 219 
223 219 220 
224 220 221 
225 221 222 
226 222 223 
227 223 224 
228 224 225 
229 225 226 
230 226 7 
1 5 1 9
231 7 227 
232 227 228 
233 228 229 
234 229 230 
235 230 231 
236 231 232 
237 232 233 
238 233 234 
239 234 8 
1 6 1 83
240 8 235 
241 235 236 
242 236 237 
243 237 238 
244 238 239 
245 239 240 
246 240 241 
247 241 242 
248 242 243 
249 243 244 
250 244 245 
251 245 246 
252 246 247 
253 247 248 
254 248 249 
255 249 250 
256 250 251 
257 251 252 
258 252 253 
259 253 254 
260 254 255 
261 255 256 
262 256 257 
263 257 258 
264 258 259 
265 259 260 
266 260 261 
267 261 262 
268 262 263 
269 263 264 
270 264 265 
271 265 266 
272 266 267 
273 267 268 
274 268 269 
275 269 270 
276 270 271 
277 271 272 
278 272 273 
279 273 274 
280 274 275 
281 275 276 
282 276 277 
283 277 278 
284 278 279 
285 279 280 
286 280 281 
287 281 282 
288 282 283 
289 283 284 
290 284 285 
291 285 286 
292 286 287 
293 287 288 
294 288 289 
295 289 290 
296 290 291 
297 291 292 
298 292 293 
299 293 294 
300 294 295 
301 295 296 
302 296 297 
303 297 298 
304 298 299 
305 299 300 
306 300 301 
307 301 302 
308 302 303 
309 303 304 
310 304 305 
311 305 306 
312 306 307 
313 307 308 
314 308 309 
315 309 310 
316 310 311 
317 311 312 
318 312 313 
319 313 314 
320 314 315 
321 315 316 
322 316 1 
2 2 2 9492
3669 5657 6792 6182 
3670 6198 7569 6429 
3671 3953 6427 3955 
3672 7543 8162 7156 
3673 5944 6213 5494 
3674 6029 7772 6085 
3675 6319 6321 4674 
3676 3647 7624 6067 
3677 6220 6343 5355 
3678 3984 7574 3976 
3679 6193 6195 3671 
3680 4479 6605 4481 
3681 6688 7248 3864 
3682 4119 6953 6638 
3683 3638 6341 6340 
3684 3642 6297 6296 
3685 7556 8019 7432 
3686 4268 6935 4270 
3687 6226 7603 6241 
3688 6187 6916 6773 
3689 6067 6305 3647 
3690 5658 6792 5657 
3691 4765 7481 6425 
3692 6285 7035 6020 
3693 7074 7436 5705 
3694 6469 7732 6471 
3695 6462 8015 6144 
3696 285 6895 286 
3697 5633 6185 5634 
3698 3683 6601 6088 
3699 6395 7216 5093 
3700 5305 6420 5307 
3701 3642 6296 6295 
3702 5741 6307 5380 
3703 3701 7643 6969 
3704 6773 6916 4165 
3705 6434 7343 6435 
3706 3644 7391 6099 
3707 6503 7897 5985 
3708 6163 6406 4870 
3709 6513 7450 5599 
3710 4881 7600 6264 
3711 3641 7059 7021 
3712 6321 6481 4674 
3713 6250 6524 6076 
3714 6564 7009 4524 
3715 6184 6713 6055 
3716 6099 7739 3644 
3717 5460 8015 6462 
3718 4870 7488 6163 
3719 6761 7772 6029 
3720 5429 6651 6616 
3721 6228 7886 4963 
3722 5757 7450 6513 
3723 3638 6385 6341 
3724 6080 7234 4959 
3725 5312 7806 7448 
3726 3686 6292 6291 
3727 6435 7343 5630 
3728 5365 7114 6848 
3729 6355 6885 4833 
3730 4570 7600 4881 
3731 3888 7577 6366 
3732 3864 6691 6688 
3733 5138 7464 6993 
3734 6135 7556 7432 
3735 48 7188 49 
3736 6549 6714 6550 
3737 6199 6200 5610 
3738 5741 6353 6307 
3739 6046 6524 6250 
3740 6471 7732 7365 
3741 7060 7850 6954 
3742 5283 7598 7175 
3743 6451 8107 5104 
3744 5839 7601 6580 
3745 5610 6200 5934 
3746 6088 6601 6178 
3747 6408 7479 6406 
3748 6246 7317 5474 
3749 5834 7009 6564 
3750 5103 6451 5104 
3751 3681 6123 6122 
3752 3706 3747 94 
3753 6435 7983 4956 
3754 5582 7580 6423 
3755 7448 7806 6771 
3756 4959 6386 6080 
3757 6616 6650 5429 
3758 6702 7436 7074 
3759 4956 7983 5821 
3760 3714 7845 7772 
3761 6552 7756 6410 
3762 5482 6614 5788 
3763 3711 6924 6247 
3764 4538 6425 6069 
3765 4498 6713 6184 
3766 5176 7613 4628 
3767 4308 6934 6118 
3768 4825 6829 6163 
3769 5896 6694 5895 
3770 6848 7114 6850 
3771 6118 6935 4308 
3772 5424 6638 6636 
3773 6329 6604 5540 
3774 4616 7035 6285 
3775 7272 7334 5650 
3776 6201 6541 6202 
3777 6669 8168 5478 
3778 6674 7520 4152 
3779 6694 7615 5895 
3780 4833 7077 6355 
3781 7121 7492 7240 
3782 3775 6826 3777 
3783 4147 6845 6330 
3784 6069 6511 4538 
3785 6078 7994 6670 
3786 6163 7488 4825 
3787 5585 7880 6945 
3788 3650 7093 7092 
3789 5248 6678 5707 
3790 5681 6547 6348 
3791 7643 7953 6969 
3792 4449 7505 6458 
3793 7412 7551 6410 
3794 5567 6346 6128 
3795 4152 7495 6674 
3796 5978 6550 5618 
3797 6185 6186 5634 
3798 6175 6799 4813 
3799 3635 7900 6332 
3800 3684 7539 6869 
3801 6161 8130 3691 
3802 6947 7482 4392 
3803 5831 7585 5103 
3804 5940 7512 7497 
3805 7553 7919 5827 
3806 6244 7317 6246 
3807 6195 7044 3671 
3808 5076 6541 6201 
3809 6078 6669 5478 
3810 6480 7891 6322 
3811 3976 7574 6400 
3812 6376 7475 5879 
3813 5493 7634 5896 
3814 5524 6651 5197 
3815 7772 7845 6085 
3816 5238 6637 5240 
3817 6159 6160 5822 
3818 6580 7601 5740 
3819 3691 7551 7412 
3820 6128 6345 5567 
3821 6752 7510 5787 
3822 6992 7230 5052 
3823 4403 6950 6124 
3824 3677 7543 7156 
3825 3650 7566 7093 
3826 6440 6533 6087 
3827 6902 7482 6947 
3828 5823 6909 5550 
3829 6041 7635 7111 
3830 3686 7466 6292 
3831 6282 7316 3712 
3832 6107 7334 3732 
3833 6278 7900 3635 
3834 6110 7919 7553 
3835 4453 6480 6322 
3836 3670 8100 6190 
3837 4336 7469 6743 
3838 6304 8185 4189 
3839 6408 6411 4650 
3840 3953 6443 6427 
3841 6464 7906 5895 
3842 6237 7422 3673 
3843 4362 6783 4257 
3844 5858 8139 6534 
3845 6329 6605 6604 
3846 6330 6845 5938 
3847 6233 6710 4962 
3848 5479 6280 6143 
3849 6284 6776 4654 
3850 5550 6909 5882 
3851 6359 6924 3711 
3852 6366 7771 3888 
3853 3732 7333 6107 
3854 4149 6867 6702 
3855 5822 8211 6159 
3856 5908 8076 3743 
3857 5677 7101 5676 
3858 4152 7508 6077 
3859 5541 7836 6290 
3860 6375 7613 5176 
3861 6952 7763 6067 
3862 5870 7763 6248 
3863 5983 6265 4765 
3864 6143 6173 5479 
3865 5639 6419 6316 
3866 6849 6850 4221 
3867 7504 7647 6019 
3868 6410 7551 6552 
3869 6100 6632 4735 
3870 4376 6304 4189 
3871 5223 6228 4963 
3872 3747 5908 3743 
3873 7957 8004 6101 
3874 6014 6776 6284 
3875 5564 7531 6124 
3876 6327 7658 6328 
3877 4305 6214 6213 
3878 6077 7495 4152 
3879 5985 7698 6503 
3880 5500 6257 6254 
3881 3712 7565 6282 
3882 6638 7060 6954 
3883 6396 7216 6395 
3884 7620 7839 6658 
3885 4308 6935 4268 
3886 5806 6596 6595 
3887 6181 6623 4450 
3888 6313 6654 5618 
3889 6993 7464 6044 
3890 5639 6316 6315 
3891 7433 7568 6964 
3892 6210 6492 4032 
3893 3702 7897 6503 
3894 6777 8135 6774 
3895 3671 6373 6193 
3896 6406 7479 4870 
3897 6423 7580 5815 
3898 6893 7708 6490 
3899 3821 7510 6752 
3900 3663 6714 6549 
3901 5698 6374 6166 
3902 6241 7857 6226 
3903 7486 7923 6493 
3904 6810 6991 6059 
3905 5541 6290 6287 
3906 6350 7050 6351 
3907 5103 7585 6451 
3908 5077 6453 6205 
3909 7365 7732 4677 
3910 6242 6547 5681 
3911 5309 7343 6434 
3912 6078 6670 6669 
3913 3679 6886 6468 
3914 3699 7187 6119 
3915 5437 6358 5978 
3916 5895 7615 6464 
3917 6685 6686 4622 
3918 6137 6936 3707 
3919 6366 7672 6519 
3920 6525 7380 5540 
3921 5871 6323 5829 
3922 7631 8008 5036 
3923 5309 6434 6432 
3924 6241 7603 6240 
3925 7528 7553 5828 
3926 3888 7493 6324 
3927 5415 6420 5305 
3928 6231 8162 7543 
3929 6425 7481 6069 
3930 5491 6253 5906 
3931 6205 6541 5077 
3932 3742 7486 6493 
3933 3660 7261 7197 
3934 6743 7469 6744 
3935 5828 7553 5827 
3936 7077 7427 6355 
3937 6369 7656 6368 
3938 123 6804 124 
3939 6067 7763 5870 
3940 5540 7380 6329 
3941 6636 6637 5424 
3942 4380 6368 4172 
3943 6433 6434 5046 
3944 7379 7656 6369 
3945 6438 6440 3963 
3946 5944 7764 6213 
3947 3740 6893 6490 
3948 7528 7533 6997 
3949 6119 7188 3699 
3950 6739 7681 6811 
3951 6415 6417 4975 
3952 6776 6777 6774 
3953 6025 7837 7790 
3954 6878 7518 7015 
3955 6482 7097 5664 
3956 6072 8139 5858 
3957 6124 7531 4403 
3958 170 6388 171 
3959 273 7827 7621 
3960 4994 7873 7373 
3961 4040 6520 4031 
3962 6218 6714 3663 
3963 7111 7635 3735 
3964 6458 7339 4449 
3965 6145 7975 3674 
3966 5120 6644 6179 
3967 3710 6270 6171 
3968 3730 8030 6328 
3969 4827 6345 6127 
3970 6421 8142 6189 
3971 5768 6703 6461 
3972 5864 7427 7077 
3973 4735 7046 6100 
3974 4865 6964 6170 
3975 4221 6851 6849 
3976 94 3747 95 
3977 6869 7827 3684 
3978 6575 7701 6801 
3979 5564 7705 7531 
3980 6122 7709 3681 
3981 6470 7732 6469 
3982 7502 7710 6051 
3983 7021 7059 6383 
3984 6703 7774 6461 
3985 3963 6439 6438 
3986 6567 7831 6545 
3987 7015 7518 4974 
3988 3673 7949 6237 
3989 3654 7839 7620 
3990 6865 6984 6054 
3991 5415 8142 6421 
3992 6346 6510 3866 
3993 6411 7490 4650 
3994 286 6895 6835 
3995 5754 7672 6366 
3996 4481 6605 4734 
3997 5479 6173 6078 
3998 6131 6304 4376 
3999 5727 6991 6810 
4000 4122 6424 4162 
4001 7000 7558 7536 
4002 5806 7564 6596 
4003 7088 7417 5943 
4004 5355 6709 6220 
4005 4565 6364 5432 
4006 5961 6337 6336 
4007 6170 6963 4865 
4008 6638 6954 4119 
4009 6601 6986 6178 
4010 6177 6227 5223 
4011 6188 6852 6785 
4012 6612 6613 5483 
4013 6102 8004 6363 
4014 6328 7352 3730 
4015 4458 7712 6217 
4016 7716 7851 5092 
4017 7621 7827 6300 
4018 6567 7909 7831 
4019 4378 6461 4355 
4020 5068 7113 6595 
4021 4188 7898 4185 
4022 4975 7491 6415 
4023 6127 7101 4827 
4024 6130 7391 3644 
4025 6702 7074 4149 
4026 3950 6439 3963 
4027 4996 6709 5355 
4028 5858 6534 6087 
4029 5478 8168 5720 
4030 5494 6213 5495 
4031 6277 7099 5767 
4032 7132 7996 7526 
4033 7670 7729 5886 
4034 7676 7760 5859 
4035 171 6388 3690 
4036 3706 3748 3747 
4037 6834 7870 7782 
4038 6945 7478 5585 
4039 6514 7836 5541 
4040 6604 6605 4479 
4041 4270 6935 4716 
4042 4348 7710 7502 
4043 3689 7868 7470 
4044 6638 6953 6636 
4045 6759 7824 5884 
4046 6220 6956 6343 
4047 5854 8035 7548 
4048 5549 7050 6350 
4049 5197 6651 5429 
4050 4019 8004 7957 
4051 7440 7511 5067 
4052 4376 6554 6131 
4053 6486 7608 6600 
4054 7515 7689 6031 
4055 6159 8211 6158 
4056 3702 6503 6502 
4057 4777 7475 6376 
4058 6259 7660 3637 
4059 6276 6446 5114 
4060 7470 7868 6063 
4061 3691 8130 6573 
4062 6614 6826 5788 
4063 6327 8152 7658 
4064 3952 6439 3950 
4065 6915 8146 6153 
4066 7526 7996 6049 
4067 7477 7640 6252 
4068 6182 6678 5657 
4069 5094 6471 4871 
4070 3637 7830 6259 
4071 7548 8035 7020 
4072 6622 7352 6328 
4073 6265 7481 4765 
4074 5500 6254 6253 
4075 7765 7812 6811 
4076 5424 6637 5238 
4077 5631 8112 6919 
4078 7782 7870 4768 
4079 7752 7807 6600 
4080 7088 7512 7417 
4081 3980 6478 3987 
4082 5533 6879 6767 
4083 6188 6785 6784 
4084 6324 7577 3888 
4085 7243 7631 5036 
4086 5576 6422 6181 
4087 5713 7650 5768 
4088 6892 7729 7670 
4089 7107 7598 5283 
4090 3636 7130 6192 
4091 6711 7881 6836 
4092 7196 7260 7259 
4093 6785 6852 4167 
4094 5442 7146 5998 
4095 6906 8076 5908 
4096 5689 7812 7765 
4097 49 7188 3739 
4098 7373 7873 6239 
4099 3699 7188 48 
4100 6171 6269 3710 
4101 7005 7760 7676 
4102 5960 7492 7121 
4103 4650 7479 6408 
4104 4450 7890 6181 
4105 3666 6987 6334 
4106 5767 6612 5483 
4107 6134 7793 7727 
4108 3688 6895 285 
4109 6266 6461 4378 
4110 6224 7511 7440 
4111 6631 7589 3692 
4112 4380 6369 6368 
4113 5194 7568 7433 
4114 7699 7712 6518 
4115 3955 6427 4718 
4116 6387 8209 5711 
4117 4162 6424 4371 
4118 6089 7578 3679 
4119 5711 6520 6387 
4120 3952 6441 6439 
4121 5036 7370 7243 
4122 6683 7851 7716 
4123 3644 7641 6130 
4124 4257 6783 4255 
4125 4718 6426 6150 
4126 6327 6328 6326 
4127 5524 6652 6651 
4128 6215 8074 7101 
4129 6114 6521 6050 
4130 7010 7885 7661 
4131 5983 7421 6265 
4132 6898 7500 6417 
4133 6507 6880 5035 
4134 3664 7377 6030 
4135 3972 6396 3965 
4136 6087 6534 6440 
4137 6350 6352 5549 
4138 3679 7833 6089 
4139 6784 6916 6188 
4140 5671 6735 6734 
4141 6778 7715 6882 
4142 6726 7353 5043 
4143 7508 7514 6077 
4144 5392 7807 7752 
4145 3679 7578 6886 
4146 6198 7138 5690 
4147 5618 6654 5438 
4148 6675 7022 4104 
4149 5646 7647 7504 
4150 5223 6384 6177 
4151 5884 6905 6759 
4152 5117 7618 6335 
4153 7243 7370 6405 
4154 6882 7930 6778 
4155 5501 6568 5503 
4156 4081 7618 5117 
4157 5792 7847 7561 
4158 6030 8042 3664 
4159 7589 7824 3692 
4160 3724 7001 6805 
4161 5694 6268 6114 
4162 6077 7514 6754 
4163 6222 7044 6195 
4164 6271 7587 6269 
4165 4994 7373 4715 
4166 6670 7994 4720 
4167 5307 6420 5639 
4168 6869 7539 5790 
4169 5549 6352 5557 
4170 3679 6468 252 
4171 6801 7701 5537 
4172 4355 6461 4357 
4173 6088 8057 3683 
4174 6398 6457 6397 
4175 4649 6547 6242 
4176 6543 6544 3639 
4177 6202 6541 6205 
4178 3691 7412 6161 
4179 5788 6978 6492 
4180 6603 7910 5447 
4181 6116 7832 6263 
4182 6222 7628 7044 
4183 5844 7334 7272 
4184 7013 7793 6134 
4185 6533 8125 6087 
4186 5658 6793 6792 
4187 6253 6254 5906 
4188 7497 7512 6083 
4189 7395 7792 7150 
4190 3872 6346 3866 
4191 6252 7640 6251 
4192 6595 7113 5806 
4193 5657 6678 5248 
4194 5527 6961 6851 
4195 6686 6691 4622 
4196 6111 7016 7006 
4197 7196 7259 7258 
4198 6189 6459 6421 
4199 6677 7675 6321 
4200 6179 8152 5120 
4201 6213 7764 4305 
4202 4716 8084 6214 
4203 3777 6826 3991 
4204 6257 6258 6256 
4205 6150 6758 4718 
4206 6881 7273 7082 
4207 6210 6874 6492 
4208 6321 7675 6481 
4209 6328 7658 6622 
4210 71 7893 7582 
4211 6811 7681 5192 
4212 5828 7533 7528 
4213 7587 7943 6269 
4214 5253 7097 6482 
4215 5215 6656 4638 
4216 6341 7933 5801 
4217 6836 7567 6711 
4218 6397 6457 5256 
4219 6726 8153 7353 
4220 6516 7721 4113 
4221 6302 6424 4122 
4222 6429 7569 4232 
4223 6184 6883 4498 
4224 6192 7767 3636 
4225 5978 7940 6550 
4226 5541 6287 6286 
4227 6173 7994 6078 
4228 7458 7734 4635 
4229 7101 8074 5081 
4230 6310 7859 6344 
4231 5046 6447 6433 
4232 5888 6874 6210 
4233 6881 7654 7273 
4234 6210 7540 6117 
4235 6663 7402 6756 
4236 6352 7460 5557 
4237 3707 7888 7462 
4238 6363 8004 6362 
4239 6117 7632 4113 
4240 4962 7886 6233 
4241 5026 7174 6734 
4242 7652 7705 6007 
4243 5880 7894 7688 
4244 6445 7400 3728 
4245 5691 6446 6276 
4246 6773 8184 6187 
4247 5447 7762 6603 
4248 6358 7217 5978 
4249 5106 7603 7194 
4250 4219 6286 5368 
4251 6116 7852 7832 
4252 3682 7636 6986 
4253 5916 6430 3817 
4254 6254 6257 6256 
4255 6385 7933 6341 
4256 6190 8100 6268 
4257 3702 6502 240 
4258 6014 6777 6776 
4259 6201 6568 5076 
4260 7283 7898 4188 
4261 3982 6478 3980 
4262 6734 7174 5671 
4263 6166 7420 5698 
4264 7668 7960 6096 
4265 4881 6279 4568 
4266 6323 6608 5829 
4267 4372 6559 6442 
4268 5046 6435 4956 
4269 6647 7394 7363 
4270 5491 6399 6253 
4271 6285 6959 4616 
4272 4963 7886 4962 
4273 6975 7509 7443 
4274 6318 6756 5661 
4275 6713 8097 6055 
4276 6675 7523 6674 
4277 6432 7327 5309 
4278 5896 7634 6949 
4279 6810 7230 6992 
4280 6600 7608 4914 
4281 270 7739 6157 
4282 3674 7344 6145 
4283 6674 7523 7520 
4284 6360 7384 4544 
4285 6921 7359 6529 
4286 6492 6978 4032 
4287 3681 6172 6123 
4288 3775 6978 6826 
4289 4113 7721 6117 
4290 6676 6725 6720 
4291 4095 7554 4093 
4292 7540 7632 6117 
4293 5650 7334 6107 
4294 5302 6533 5688 
4295 4813 7204 6175 
4296 5606 7016 5608 
4297 4189 8185 4188 
4298 6248 7763 7470 
4299 5068 6595 6593 
4300 6366 7577 6365 
4301 4165 6916 6784 
4302 6303 7550 4980 
4303 5907 7899 7879 
4304 3707 7462 6137 
4305 6919 7742 5631 
4306 6286 6287 5368 
4307 6986 7636 6178 
4308 6801 7813 6372 
4309 6364 8215 5432 
4310 4335 6865 6863 
4311 5483 6614 5482 
4312 7684 7865 7086 
4313 5961 6336 5412 
4314 7536 7558 6200 
4315 4007 6362 4019 
4316 7041 7880 5585 
4317 6183 7627 4102 
4318 5871 6324 6323 
4319 5916 6491 6430 
4320 7668 7770 43 
4321 4031 6520 5711 
4322 7363 7394 5252 
4323 3965 6396 3905 
4324 7582 7893 6084 
4325 4513 6578 4510 
4326 4092 6302 4122 
4327 6434 6435 5046 
4328 6325 6326 5594 
4329 5436 6358 5437 
4330 6325 6327 6326 
4331 6376 7690 7602 
4332 5767 7099 6612 
4333 6767 8050 5533 
4334 4560 6514 4557 
4335 7142 7748 7653 
4336 7474 7638 6888 
4337 5195 6280 5196 
4338 5768 7650 6703 
4339 6930 7706 7610 
4340 6157 7826 270 
4341 7462 7888 6079 
4342 6272 6894 3688 
4343 7148 7185 4352 
4344 4232 6404 4230 
4345 6190 7498 3670 
4346 5004 6484 5006 
4347 124 6804 3643 
4348 7432 8019 6382 
4349 6006 7891 7285 
4350 6782 6783 4362 
4351 6431 7327 6432 
4352 3855 6692 3856 
4353 4327 8146 6915 
4354 6120 7840 7188 
4355 6372 7866 6801 
4356 4980 7550 4904 
4357 3635 7017 6278 
4358 6155 6915 6153 
4359 5043 7711 5300 
4360 4622 6692 6685 
4361 7661 7885 5826 
4362 6268 8100 6114 
4363 6214 7784 4716 
4364 7688 7894 6939 
4365 3837 6653 3838 
4366 4817 7189 6403 
4367 6322 7891 6006 
4368 4634 6578 4513 
4369 6148 7975 6145 
4370 6007 8062 6138 
4371 6138 6475 5125 
4372 4561 6364 4565 
4373 7310 8123 5841 
4374 7994 8231 6115 
4375 5671 7078 6735 
4376 4328 6878 6877 
4377 5961 7712 6337 
4378 5893 7146 5442 
4379 6246 6681 6680 
4380 5676 7101 6127 
4381 5035 7473 4901 
4382 6343 6452 5355 
4383 6283 7435 5814 
4384 4832 7359 6921 
4385 7242 7859 6310 
4386 6120 7188 6119 
4387 4102 7987 6183 
4388 5841 7655 7310 
4389 4232 7292 6404 
4390 3659 7225 6249 
4391 5404 7850 7060 
4392 5387 6341 5801 
4393 6006 7285 6422 
4394 7134 7255 7133 
4395 6611 7817 7759 
4396 6699 7570 6176 
4397 6678 8231 5707 
4398 6246 6680 4168 
4399 6089 7833 6573 
4400 4167 7367 6809 
4401 6007 7705 5564 
4402 5196 6280 5479 
4403 5313 7920 6248 
4404 3879 6806 3877 
4405 4387 7453 6559 
4406 6215 7101 5677 
4407 6288 8078 7606 
4408 7895 7896 6497 
4409 6637 7050 5240 
4410 6063 7404 6005 
4411 6281 7856 3741 
4412 6429 8127 6198 
4413 5720 8168 6667 
4414 7387 7446 5949 
4415 7176 7598 7110 
4416 4335 6984 6865 
4417 6880 7473 5035 
4418 6774 8135 6807 
4419 5509 6338 5754 
4420 5754 6366 6365 
4421 6934 7610 5781 
4422 5175 7496 5157 
4423 5266 6325 5594 
4424 4754 6514 4560 
4425 6559 7453 5755 
4426 4093 6520 4040 
4427 7704 7761 4814 
4428 5527 6851 6832 
4429 6222 7755 3672 
4430 4329 6877 4333 
4431 5414 6471 5094 
4432 7602 7690 3990 
4433 6138 8038 6007 
4434 5125 6475 4786 
4435 6724 7256 7212 
4436 6867 7219 6789 
4437 6288 7606 6424 
4438 6550 8069 5618 
4439 6863 6864 4335 
4440 5885 7589 6630 
4441 6172 7930 5619 
4442 6545 8054 7959 
4443 6791 7682 5979 
4444 5253 6484 5004 
4445 7144 7702 6204 
4446 4720 7994 6115 
4447 5633 8111 6185 
4448 4544 7384 4545 
4449 6843 7673 5416 
4450 6320 7779 7629 
4451 7006 8191 6111 
4452 4328 6946 6878 
4453 7920 7935 6248 
4454 4113 7875 6516 
4455 4451 6447 4672 
4456 6301 6962 5662 
4457 5489 6384 5217 
4458 6267 6523 4375 
4459 4649 7574 3984 
4460 7175 7598 7176 
4461 5879 7475 6308 
4462 5104 8107 5546 
4463 6417 7500 4975 
4464 7417 7512 5940 
4465 5283 7465 7107 
4466 5086 6828 5163 
4467 5485 6422 5576 
4468 4524 7009 6572 
4469 6667 8104 5720 
4470 4998 6709 4996 
4471 5662 6963 6301 
4472 4375 6367 6267 
4473 7443 7509 4176 
4474 6483 7896 7895 
4475 6045 7734 7458 
4476 6534 7061 6440 
4477 4172 6368 4375 
4478 6758 7513 4003 
4479 6291 6294 3686 
4480 252 6468 253 
4481 4176 7509 6754 
4482 4330 6462 5588 
4483 4378 6755 6266 
4484 6721 7193 7022 
4485 7135 7136 6165 
4486 5256 7028 6397 
4487 7759 7817 5123 
4488 6212 8017 5495 
4489 6561 7543 3677 
4490 7240 7449 7121 
4491 3741 7856 7471 
4492 5503 6568 6201 
4493 4038 6450 4025 
4494 6126 7173 6011 
4495 7021 8010 3641 
4496 3994 7078 4030 
4497 5811 6186 6185 
4498 6799 6800 4813 
4499 309 7975 7644 
4500 5416 7674 6843 
4501 6650 6955 5429 
4502 3662 7789 6174 
4503 3672 7628 6222 
4504 6664 8223 5461 
4505 4820 6985 6405 
4506 5769 7675 6677 
4507 7110 8025 7176 
4508 3952 7971 6441 
4509 7561 7847 7076 
4510 6020 8041 6285 
4511 5490 6395 6391 
4512 4032 7540 6210 
4513 7259 7260 3698 
4514 6642 6756 6318 
4515 5412 6336 5021 
4516 5695 6268 5694 
4517 6339 6404 5799 
4518 3711 6553 6359 
4519 6098 7668 6096 
4520 5338 7500 6898 
4521 6458 7505 6457 
4522 4638 6656 5480 
4523 6171 6482 5664 
4524 6175 7204 6051 
4525 5461 7402 6664 
4526 6762 7761 7704 
4527 3663 7595 6218 
4528 6098 7770 7668 
4529 6398 6458 6457 
4530 6593 6779 5068 
4531 5026 6734 6733 
4532 6544 8054 6545 
4533 4460 6749 4548 
4534 6852 7367 4167 
4535 6298 7958 7201 
4536 5669 7945 7922 
4537 6573 8130 6089 
4538 6851 6961 6849 
4539 6159 7993 4354 
4540 6090 8198 6605 
4541 6351 7050 6637 
4542 7404 7881 6005 
4543 6475 8073 7950 
4544 6217 7712 5961 
4545 5800 6982 6659 
4546 7201 8214 6298 
4547 6315 6316 5636 
4548 6659 6981 5800 
4549 5114 6446 4955 
4550 6714 8069 6550 
4551 5767 6828 6277 
4552 7648 7992 4778 
4553 5726 7390 6524 
4554 5690 7138 5803 
4555 7093 7566 3739 
4556 6219 7858 4760 
4557 5610 8189 6199 
4558 6554 7178 6131 
4559 6475 7950 6474 
4560 6174 7842 3662 
4561 4654 6960 6284 
4562 7203 7305 6740 
4563 6177 6384 5489 
4564 4149 7219 6867 
4565 6559 8101 6442 
4566 3687 7689 7515 
4567 5621 6650 6615 
4568 5081 6620 6619 
4569 4962 6710 4801 
4570 6079 7515 6031 
4571 5822 6276 5114 
4572 6538 8002 7926 
4573 7682 7781 5979 
4574 7261 7693 7197 
4575 4525 6564 4524 
4576 6615 6650 6616 
4577 5567 6510 6346 
4578 6012 7155 7032 
4579 5754 6365 5511 
4580 5303 6533 5302 
4581 5884 7824 5885 
4582 7212 7256 5861 
4583 4811 7664 6744 
4584 5588 6462 6144 
4585 5673 7638 7474 
4586 6363 8169 6102 
4587 4003 6570 6569 
4588 5758 7634 5493 
4589 4825 7396 6829 
4590 6732 7818 6731 
4591 5811 6188 6186 
4592 4689 6964 4691 
4593 6361 6362 4015 
4594 6440 7061 3963 
4595 6578 7450 5757 
4596 7570 7735 6176 
4597 6349 6891 4782 
4598 6919 8112 7696 
4599 3903 6390 5173 
4600 6330 7397 4147 
4601 6081 7913 7582 
4602 7653 7748 5449 
4603 6300 7827 6869 
4604 123 7709 6804 
4605 6245 8154 6400 
4606 5578 6714 6218 
4607 7473 8148 4901 
4608 6211 8017 6212 
4609 6517 7299 6797 
4610 6843 7674 5259 
4611 6565 7460 6352 
4612 5438 6679 5435 
4613 6386 8209 6387 
4614 6095 7665 6972 
4615 6227 6228 5223 
4616 7633 7671 6003 
4617 6200 7558 5934 
4618 6676 6794 6725 
4619 6720 7022 6676 
4620 7629 7779 6992 
4621 5979 7781 6219 
4622 3699 7524 7187 
4623 6167 8114 3825 
4624 4609 6802 6342 
4625 6344 8028 6310 
4626 6544 6545 3639 
4627 4093 7554 6520 
4628 5618 8069 6313 
4629 6982 7463 5692 
4630 5052 7629 6992 
4631 6744 7469 4811 
4632 4354 7604 6159 
4633 3856 6692 4622 
4634 7107 7465 7106 
4635 5662 7210 6963 
4636 7907 7924 5406 
4637 6276 8179 5691 
4638 5656 6474 6473 
4639 4323 6946 4324 
4640 7194 7603 6225 
4641 5876 6452 6343 
4642 6405 6985 5600 
4643 6887 7617 4677 
4644 4691 6964 4865 
4645 5814 7435 5586 
4646 7150 7768 7395 
4647 6829 7396 5666 
4648 6524 7390 5178 
4649 5599 8022 6513 
4650 6242 7574 4649 
4651 8136 8154 6245 
4652 5799 6462 6339 
4653 6754 7514 4176 
4654 5435 6679 5433 
4655 6540 8002 6538 
4656 4979 6374 4980 
4657 6823 7749 5228 
4658 3838 6653 3841 
4659 4424 6755 4379 
4660 5772 7304 6661 
4661 6987 7921 6334 
4662 4041 6449 6448 
4663 4782 6890 6349 
4664 5175 8017 7084 
4665 4953 6428 4856 
4666 5228 8047 6823 
4667 6699 8179 4362 
4668 6625 7178 6554 
4669 6592 6779 6593 
4670 4405 6286 4219 
4671 6379 8215 6364 
4672 6090 6605 6329 
4673 4510 6578 6577 
4674 6316 8186 6317 
4675 6933 7610 6934 
4676 5812 6568 5501 
4677 7286 7293 5807 
4678 4374 6806 3879 
4679 3739 7840 7093 
4680 4850 6399 4819 
4681 4616 6959 4598 
4682 5698 7049 6374 
4683 5134 6625 5132 
4684 6103 7205 5763 
4685 5500 8064 6257 
4686 6248 7935 5870 
4687 3972 7216 6396 
4688 6741 6749 4459 
4689 4362 7570 6699 
4690 6013 7588 7494 
4691 6391 6395 6393 
4692 4041 6448 4042 
4693 5648 7841 6585 
4694 5887 6874 5888 
4695 6250 7992 7648 
4696 6539 6540 6536 
4697 6143 6656 5215 
4698 6422 7285 6181 
4699 6963 7210 4865 
4700 6390 6391 5173 
4701 3877 6806 6485 
4702 6150 7513 6758 
4703 6263 7832 4070 
4704 5608 7016 6111 
4705 6964 7568 6170 
4706 5460 6462 5799 
4707 4672 6447 5046 
4708 4873 6644 5120 
4709 6469 6471 5414 
4710 5246 7115 6380 
4711 6471 7365 4871 
4712 4228 6429 4232 
4713 3961 6569 3969 
4714 7922 7945 6606 
4715 3825 8195 6167 
4716 6640 7069 5316 
4717 7084 7496 5175 
4718 4150 7853 6156 
4719 6318 7580 5582 
4720 6193 6373 5996 
4721 6292 7466 6295 
4722 5490 6391 6390 
4723 6661 7304 6662 
4724 7644 7975 6148 
4725 4328 6877 4329 
4726 5159 6625 5134 
4727 7781 7858 6219 
4728 6298 8214 6296 
4729 240 6502 241 
4730 6337 7712 7699 
4731 5304 7682 6791 
4732 6797 7299 5759 
4733 4760 8063 6219 
4734 6218 7595 6217 
4735 7068 8139 6072 
4736 3710 7489 6270 
4737 6317 8186 6796 
4738 5688 6533 6438 
4739 6054 8174 6865 
4740 4003 6569 3961 
4741 260 7489 3710 
4742 4653 7483 6787 
4743 4015 6362 4007 
4744 7214 7301 6817 
4745 6611 7320 6610 
4746 5303 8125 6533 
4747 4791 7702 7144 
4748 6733 6760 5026 
4749 3688 7335 6272 
4750 6652 8066 6651 
4751 6498 6499 3703 
4752 6676 7022 6675 
4753 6872 7592 7534 
4754 6786 6787 5831 
4755 5495 8017 5175 
4756 6301 7042 6962 
4757 5343 6701 5686 
4758 6787 7585 5831 
4759 6328 8030 6326 
4760 6247 7986 3711 
4761 6012 6454 5498 
4762 5259 8102 6843 
4763 4352 7185 6576 
4764 6756 7402 5661 
4765 5823 7530 6909 
4766 7593 7998 7754 
4767 5812 6979 6568 
4768 4765 6425 4533 
4769 6258 6259 6256 
4770 6403 7467 4817 
4771 5163 6828 5767 
4772 5980 7917 6151 
4773 5495 6213 6212 
4774 6307 6353 5553 
4775 6813 7816 7815 
4776 4037 6361 4015 
4777 5138 6993 6582 
4778 5771 7484 7478 
4779 6002 7989 6591 
4780 5234 7060 5236 
4781 6099 7607 5476 
4782 6317 7865 7684 
4783 6342 7124 4609 
4784 4086 6923 6724 
4785 6072 8080 7068 
4786 6481 7675 3883 
4787 6873 7924 7907 
4788 6176 7735 4342 
4789 5809 6937 6809 
4790 4245 7671 7633 
4791 5029 7028 5256 
4792 6198 8117 7569 
4793 6168 6963 6170 
4794 6493 6494 3742 
4795 5092 7599 6690 
4796 6446 6528 4955 
4797 6227 6229 6228 
4798 5734 7185 7148 
4799 7353 7711 5043 
4800 4383 6897 4178 
4801 6478 8201 3987 
4802 6716 7016 5606 
4803 5976 7625 6804 
4804 6664 7402 6663 
4805 6217 7787 4458 
4806 6839 7670 5886 
4807 6254 6255 5906 
4808 3896 6431 3893 
4809 5404 7749 6823 
4810 3909 7199 3907 
4811 5829 6608 5830 
4812 6897 6979 5812 
4813 5905 7400 6445 
4814 6564 8071 5834 
4815 4568 6279 4566 
4816 5201 6476 4006 
4817 6015 7542 6489 
4818 6262 7473 6880 
4819 4459 7026 6741 
4820 7595 7787 6217 
4821 6640 7601 5839 
4822 4121 6302 4092 
4823 6287 6288 5368 
4824 6521 8021 6050 
4825 6641 7069 6640 
4826 5136 7460 6565 
4827 6309 6310 5546 
4828 6151 7956 5980 
4829 6832 6925 5527 
4830 5804 6746 6590 
4831 6962 7042 4731 
4832 7809 7810 3719 
4833 6179 6644 5484 
4834 5081 6619 4826 
4835 6297 6298 6296 
4836 5949 7446 5741 
4837 3969 6569 6560 
4838 4787 7301 7214 
4839 4112 7293 7286 
4840 4856 6428 4853 
4841 4003 7513 6570 
4842 6012 7882 7155 
4843 4070 7730 6263 
4844 5415 6421 6420 
4845 7150 7792 3737 
4846 5553 6353 5552 
4847 4557 6514 4555 
4848 6702 6867 6701 
4849 7755 7857 6555 
4850 5787 7510 6430 
4851 4104 7523 6675 
4852 4459 6749 4460 
4853 6156 7905 4150 
4854 5035 7550 6507 
4855 6326 6340 5594 
4856 5367 7800 6109 
4857 5656 6473 6472 
4858 6296 8214 6380 
4859 3899 6390 3903 
4860 4819 6399 4818 
4861 6015 6489 5519 
4862 5082 6642 6318 
4863 7790 7837 6347 
4864 4041 6450 6449 
4865 6389 6825 4878 
4866 7198 7680 5819 
4867 5289 6746 5804 
4868 4401 6472 5140 
4869 7478 7484 5273 
4870 4333 6877 6781 
4871 4599 6891 4676 
4872 6019 7740 7504 
4873 6220 8224 6956 
4874 6448 6941 4042 
4875 5800 7463 6982 
4876 3885 6447 4451 
4877 6142 7057 6586 
4878 5434 5436 5435 
4879 6308 7475 7229 
4880 7263 7320 6611 
4881 3675 6463 255 
4882 4702 7038 6377 
4883 4352 6576 4353 
4884 6361 6363 6362 
4885 6040 8224 6220 
4886 3675 6464 6463 
4887 7197 7802 3660 
4888 3796 6481 3794 
4889 6616 6653 3837 
4890 3814 6670 4720 
4891 6295 7834 3642 
4892 6649 6955 6650 
4893 6466 6467 6465 
4894 6972 8018 6095 
4895 7879 7899 6279 
4896 5420 6974 6488 
4897 5830 7366 6511 
4898 3721 7880 7738 
4899 3947 6443 3949 
4900 6805 7747 3724 
4901 7494 7588 4836 
4902 6442 7758 5983 
4903 6301 6963 6168 
4904 4025 6450 4041 
4905 4310 6641 4312 
4906 6229 7753 6231 
4907 5120 8152 6327 
4908 4178 6897 4180 
4909 6229 6231 6230 
4910 4349 7165 6610 
4911 6280 7537 6656 
4912 7204 7502 6051 
4913 4628 7613 5663 
4914 3744 7708 6893 
4915 4524 6572 4521 
4916 5468 6456 6003 
4917 6651 6653 6616 
4918 3866 6510 3863 
4919 5694 6114 6050 
4920 4147 7397 4144 
4921 6781 6877 6876 
4922 6665 7614 6666 
4923 5201 6477 6476 
4924 5996 6190 5994 
4925 7610 7706 5781 
4926 3969 6560 3978 
4927 5436 5437 5435 
4928 3907 6692 3855 
4929 3746 7856 7565 
4930 4184 6708 4467 
4931 6791 8142 5304 
4932 4881 7879 6279 
4933 5831 6884 6786 
4934 5996 6373 6190 
4935 6787 7483 5929 
4936 7466 7834 6295 
4937 6287 6289 6288 
4938 6270 6482 6171 
4939 5432 5434 5433 
4940 7022 7193 4104 
4941 3875 6662 3876 
4942 5859 7561 7076 
4943 4111 7381 6960 
4944 6081 7582 6084 
4945 5434 5435 5433 
4946 3877 6485 3874 
4947 5694 6050 5440 
4948 3995 7078 3994 
4949 6374 7049 4980 
4950 6253 6399 4850 
4951 242 6498 3703 
4952 4649 7119 6547 
4953 3709 6496 257 
4954 3828 7268 4632 
4955 7229 8068 6308 
4956 7534 7592 4166 
4957 4498 6883 4494 
4958 6666 7614 5712 
4959 6651 8066 6653 
4960 5013 6325 5266 
4961 4398 6827 6617 
4962 5291 6513 6136 
4963 6128 8182 6129 
4964 6346 8182 6128 
4965 6472 6473 5140 
4966 4335 6864 4240 
4967 6894 6895 3688 
4968 6586 7057 4002 
4969 5498 6454 5333 
4970 5093 7925 6395 
4971 5106 8199 7603 
4972 5437 5978 5618 
4973 3894 6529 3895 
4974 6163 6829 5838 
4975 4510 6577 4507 
4976 5917 7266 6548 
4977 6630 7731 5885 
4978 4755 6946 4323 
4979 4342 7883 6176 
4980 4570 4881 4568 
4981 4575 5067 4572 
4982 6241 7949 6551 
4983 4772 6875 5326 
4984 3949 6443 3953 
4985 6488 6975 5420 
4986 7213 7472 6988 
4987 3748 5908 3747 
4988 3720 6567 6566 
4989 6428 8064 5500 
4990 5840 7448 6771 
4991 3991 6826 6614 
4992 5484 6644 4839 
4993 5172 6647 6646 
4994 5000 7331 4998 
4995 7133 7255 3736 
4996 5508 6338 5509 
4997 6251 7640 4357 
4998 4900 5485 5484 
4999 6403 7189 6402 
5000 4379 6755 4378 
5001 4561 4565 4560 
5002 5920 7227 7226 
5003 4478 6459 4482 
5004 6456 7505 6003 
5005 4230 6404 4233 
5006 6305 6306 3647 
5007 5217 6384 4967 
5008 6545 7959 6567 
5009 6504 7698 5292 
5010 4006 6476 3986 
5011 6716 6717 5593 
5012 5528 6217 5961 
5013 4566 4574 4563 
5014 6261 7473 6262 
5015 6473 7723 6661 
5016 7753 8162 6231 
5017 6476 6478 3982 
5018 3905 6396 5490 
5019 6668 6669 3819 
5020 3712 6506 238 
5021 6752 7545 3821 
5022 6548 7266 4810 
5023 5020 5412 5021 
5024 6067 7624 6952 
5025 6524 7918 6076 
5026 3820 6668 3819 
5027 6617 6828 5086 
5028 6782 8179 6276 
5029 6804 7625 3643 
5030 6249 7978 3659 
5031 4815 5020 4816 
5032 4823 6779 6592 
5033 7001 7741 6805 
5034 3675 6466 6465 
5035 6907 6915 6155 
5036 3728 8029 6445 
5037 6844 6845 4147 
5038 6450 7528 6997 
5039 3717 7313 6589 
5040 6495 6529 4843 
5041 5432 5433 5112 
5042 4782 6891 4599 
5043 7852 7980 4171 
5044 5937 7305 7203 
5045 4566 6279 4574 
5046 6339 6462 4330 
5047 6137 7923 6936 
5048 6619 6808 4826 
5049 3816 6670 3814 
5050 7556 8079 3906 
5051 4998 7331 6709 
5052 4559 4561 4560 
5053 4353 6576 4360 
5054 6883 7337 4656 
5055 6500 6501 6499 
5056 5485 5576 5484 
5057 6725 6794 4944 
5058 4602 5106 4579 
5059 6562 6563 4528 
5060 5172 6646 6645 
5061 4565 5432 5112 
5062 6005 7881 6711 
5063 4575 7440 5067 
5064 3858 6517 3853 
5065 6354 7427 3693 
5066 150 7692 6333 
5067 5519 6489 5284 
5068 5619 7930 6882 
5069 4744 7061 6534 
5070 3645 7715 6778 
5071 6479 7138 4615 
5072 5120 6327 6325 
5073 6336 6337 5508 
5074 4900 5484 4839 
5075 4677 7732 6887 
5076 5559 6006 5487 
5077 7136 7137 6165 
5078 3722 6658 6657 
5079 6515 6868 5889 
5080 4312 6641 4316 
5081 6518 7712 4458 
5082 6280 6656 6143 
5083 5576 6181 6180 
5084 4162 4370 4163 
5085 5655 6657 5560 
5086 5413 5528 5412 
5087 4288 6717 4290 
5088 4122 4162 4123 
5089 3706 3749 3748 
5090 4633 7558 7000 
5091 7260 7960 3698 
5092 4786 6475 5656 
5093 6438 6533 6440 
5094 6591 8079 6002 
5095 4625 4900 4839 
5096 5559 6322 6006 
5097 4315 6525 5540 
5098 4893 7295 6378 
5099 5156 7706 6931 
5100 3896 7327 6431 
5101 7076 7676 5859 
5102 3993 7119 4649 
5103 6496 6694 6497 
5104 6260 6388 6259 
5105 3863 6510 3862 
5106 4666 6808 4784 
5107 253 6468 6466 
5108 6701 6867 5686 
5109 4827 7101 5081 
5110 4818 6399 5070 
5111 6535 6539 6536 
5112 6484 6949 5006 
5113 4532 6442 5983 
5114 6294 7810 7809 
5115 4559 4560 4557 
5116 5994 6268 5695 
5117 4572 7600 4570 
5118 7194 8129 4577 
5119 4674 6481 3796 
5120 5357 6868 6515 
5121 4215 6760 4390 
5122 6157 7739 6099 
5123 6186 6187 5634 
5124 4370 6559 4372 
5125 3651 6553 264 
5126 5763 7205 5844 
5127 6826 6978 5788 
5128 4480 6459 4478 
5129 6184 7337 6883 
5130 5404 7060 5234 
5131 7565 7856 6282 
5132 3880 6803 3885 
5133 5578 6218 5528 
5134 6461 7774 4357 
5135 4226 6429 4228 
5136 4371 4387 4370 
5137 6065 6088 5489 
5138 6764 7183 5638 
5139 6235 6561 6237 
5140 6088 6178 6177 
5141 5475 6535 3848 
5142 6798 6799 6175 
5143 4555 5541 4553 
5144 4543 4815 4542 
5145 3708 6748 224 
5146 6507 7550 6303 
5147 6156 7927 7905 
5148 6235 6237 6236 
5149 3794 6481 3883 
5150 4030 7078 5671 
5151 6809 7367 5809 
5152 7547 7562 4651 
5153 6823 7850 5404 
5154 5138 6582 4630 
5155 6473 8140 7723 
5156 4873 5120 5013 
5157 5593 7016 6716 
5158 6615 7085 5621 
5159 6837 7048 4639 
5160 3672 7755 6555 
5161 7603 8199 6240 
5162 7349 8211 7983 
5163 7187 7524 6275 
5164 4388 4542 4387 
5165 6909 7746 5882 
5166 6498 6500 6499 
5167 4174 6708 4184 
5168 6807 8184 6773 
5169 244 7516 6526 
5170 6891 6892 4676 
5171 92 7454 7401 
5172 6781 6876 6875 
5173 5439 5440 5436 
5174 3741 7953 6281 
5175 6232 6235 6234 
5176 5266 5594 5387 
5177 6162 6163 5838 
5178 6135 8079 7556 
5179 7053 7974 7560 
5180 4358 7165 4350 
5181 5120 6325 5013 
5182 6947 7927 6156 
5183 6181 7285 6623 
5184 5950 6613 6612 
5185 6487 6900 6899 
5186 3709 6694 6496 
5187 4799 4994 4715 
5188 5119 5508 5408 
5189 7364 8042 6028 
5190 4878 7761 6389 
5191 5685 6542 5426 
5192 7835 7861 4627 
5193 4529 6562 4528 
5194 224 6748 225 
5195 5509 5754 5511 
5196 6187 7224 5634 
5197 4532 4765 4533 
5198 5887 7129 6874 
5199 6630 7589 6628 
5200 5528 5961 5412 
5201 4718 6427 6426 
5202 4482 6459 6189 
5203 4574 6379 6364 
5204 5475 6539 6535 
5205 4815 4816 4542 
5206 6430 6491 5869 
5207 6162 6406 6163 
5208 4776 6556 6209 
5209 6116 7980 7852 
5210 6627 6630 6628 
5211 6878 7015 6876 
5212 5560 6657 5592 
5213 4092 4122 4091 
5214 6495 6921 6529 
5215 5326 6875 6558 
5216 6258 6260 6259 
5217 5461 8223 6747 
5218 5020 5021 4816 
5219 4068 6571 4034 
5220 4782 7170 6890 
5221 5916 7288 6491 
5222 6532 7853 4150 
5223 3907 7199 6692 
5224 7188 7840 3739 
5225 4958 6513 5291 
5226 5557 7460 6267 
5227 5081 8074 6620 
5228 6235 7543 6561 
5229 5914 6512 5464 
5230 6708 7438 6647 
5231 4207 7039 4205 
5232 5021 6336 5119 
5233 7696 8141 6920 
5234 6690 7716 5092 
5235 5212 6495 4843 
5236 5661 7580 6318 
5237 4122 4123 4091 
5238 5057 6693 4976 
5239 5524 6904 6652 
5240 6740 7305 6749 
5241 6579 6678 6182 
5242 6560 7024 3978 
5243 5290 6746 5289 
5244 5513 6365 5871 
5245 6130 7641 6247 
5246 4719 6755 4424 
5247 4007 4019 4006 
5248 4406 6472 4401 
5249 4324 6946 4328 
5250 4155 6706 5448 
5251 7005 7825 7760 
5252 7038 7238 6377 
5253 6254 6256 6255 
5254 4554 4555 4553 
5255 6401 6403 6402 
5256 4069 6953 4073 
5257 5709 7338 7025 
5258 6565 7340 5136 
5259 4563 6364 4561 
5260 4330 5588 4675 
5261 4162 4163 4123 
5262 6861 6866 6857 
5263 3980 3987 3979 
5264 7505 7633 6003 
5265 6391 6392 5173 
5266 3685 6927 6596 
5267 6272 7222 6894 
5268 5277 6673 6672 
5269 6115 6579 3813 
5270 5517 6693 5057 
5271 6926 7419 3716 
5272 6491 7288 5148 
5273 5425 6815 6813 
5274 3973 3979 3972 
5275 5314 6712 6068 
5276 6660 7129 5887 
5277 7798 7916 7426 
5278 6872 7007 5652 
5279 5693 7045 6789 
5280 5440 6358 5436 
5281 5594 6341 5387 
5282 6960 7381 6284 
5283 6060 6705 6704 
5284 6724 6923 6722 
5285 6583 6706 4161 
5286 5513 5871 5829 
5287 5437 5618 5438 
5288 3893 6431 3887 
5289 4472 4532 4531 
5290 5575 6895 6894 
5291 4476 6604 4479 
5292 4639 7380 6525 
5293 6337 6338 5508 
5294 6583 6993 6706 
5295 6037 6977 6034 
5296 4002 6599 3776 
5297 6566 7921 3720 
5298 5441 5694 5440 
5299 6712 7634 5758 
5300 4081 5117 4078 
5301 5511 6365 5513 
5302 4857 4901 4856 
5303 5277 6794 6673 
5304 4902 5035 4901 
5305 6310 8056 7242 
5306 4370 4372 4163 
5307 3834 6642 5082 
5308 4082 4091 4081 
5309 4648 6585 6584 
5310 6008 8017 6211 
5311 4146 6844 4147 
5312 4369 6583 4161 
5313 4075 6785 4167 
5314 6338 7672 5754 
5315 5811 6852 6188 
5316 4648 6584 3780 
5317 4235 4330 4237 
5318 6760 7034 4640 
5319 4843 6529 3894 
5320 6467 6469 6465 
5321 5840 6771 6770 
5322 4670 6528 4671 
5323 4654 6776 6775 
5324 4171 6606 3764 
5325 4228 4232 4230 
5326 4535 6425 4538 
5327 6452 7464 5138 
5328 5593 6717 4288 
5329 5186 7680 7198 
5330 4989 6660 4612 
5331 6721 7022 6720 
5332 3906 6591 3784 
5333 4305 7784 6214 
5334 4632 7268 6889 
5335 3885 6803 6447 
5336 6500 6504 6501 
5337 6488 6974 5891 
5338 4565 5112 4754 
5339 5070 6399 5491 
5340 6933 6934 4308 
5341 3693 7645 6354 
5342 5424 7060 6638 
5343 4582 6618 3758 
5344 4079 4081 4078 
5345 5588 6121 6038 
5346 5539 6798 5009 
5347 4851 5500 4850 
5348 4533 6425 4535 
5349 6857 6866 4247 
5350 6455 7562 7547 
5351 5172 6645 5168 
5352 5491 5905 5409 
5353 4880 6815 5062 
5354 5992 7691 5360 
5355 6680 6681 4623 
5356 5362 6745 5970 
5357 5132 6625 5894 
5358 4114 6523 4087 
5359 4325 7183 6764 
5360 6673 6794 6676 
5361 6649 6650 5621 
5362 4992 6627 3754 
5363 3874 6485 3871 
5364 4555 6514 5541 
5365 4630 6582 4434 
5366 6577 6578 5757 
5367 6658 7839 6659 
5368 4562 4563 4561 
5369 3675 6465 6464 
5370 6731 7818 7535 
5371 6830 6925 6832 
5372 5934 6665 5607 
5373 4621 4818 4620 
5374 6809 6937 4117 
5375 6858 6860 6859 
5376 6442 8101 7758 
5377 5241 7115 5239 
5378 5508 5509 5408 
5379 5009 6798 5220 
5380 4300 6837 4639 
5381 4651 6597 3788 
5382 6879 6918 6766 
5383 7738 7880 7041 
5384 6460 7472 5383 
5385 4306 6525 4315 
5386 6923 7149 6721 
5387 6351 6636 6635 
5388 4097 6802 4609 
5389 6115 6678 6579 
5390 5486 5487 5485 
5391 4556 4557 4555 
5392 6772 6775 6774 
5393 4087 6523 5136 
5394 6231 6232 6230 
5395 5905 6445 6444 
5396 3971 3972 3965 
5397 4001 4006 3986 
5398 4240 6864 4242 
5399 4979 4980 4904 
5400 4010 6989 6780 
5401 5119 6336 5508 
5402 5628 6011 5498 
5403 6505 7725 7689 
5404 3858 7299 6517 
5405 5528 6218 6217 
5406 6025 7790 6024 
5407 5026 6760 4215 
5408 6188 6916 6186 
5409 4671 6528 4917 
5410 3853 6517 3851 
5411 5463 6065 5489 
5412 5924 6166 5568 
5413 4558 4559 4557 
5414 5995 5996 5994 
5415 4330 4675 4237 
5416 256 6463 3709 
5417 6590 7398 5804 
5418 6054 6984 4675 
5419 4992 6630 6627 
5420 5487 6422 5485 
5421 6391 6393 6392 
5422 5621 7085 4683 
5423 6445 7437 6444 
5424 6380 7115 6855 
5425 4702 7446 7387 
5426 6856 6858 6857 
5427 7025 7338 4828 
5428 4532 5983 4765 
5429 5020 5413 5412 
5430 6121 7916 7798 
5431 4808 6704 5638 
5432 6822 7245 6954 
5433 5692 6751 6750 
5434 4372 6442 4472 
5435 5005 6712 5314 
5436 6797 7722 6539 
5437 6872 7100 7007 
5438 4233 6404 6339 
5439 4528 6564 4525 
5440 4818 5070 4895 
5441 4488 6655 4487 
5442 5497 5498 5333 
5443 6203 6643 5505 
5444 6110 7553 6780 
5445 6551 7857 6241 
5446 6827 6828 6617 
5447 6059 8026 6058 
5448 6585 7841 6586 
5449 5070 5409 5299 
5450 6592 6593 5911 
5451 6562 7112 6563 
5452 239 6506 3702 
5453 5347 6701 5343 
5454 5997 6193 5996 
5455 3897 3899 3898 
5456 4625 4839 4626 
5457 4731 7042 6819 
5458 6780 6989 6110 
5459 3986 6476 3982 
5460 4564 4566 4563 
5461 6647 7438 7394 
5462 5568 6374 4979 
5463 6488 7509 6975 
5464 4553 6286 4405 
5465 4042 6941 4044 
5466 5600 6985 4869 
5467 4360 6576 6574 
5468 6229 6230 6228 
5469 5474 7944 6246 
5470 6608 7366 5830 
5471 5576 6180 6179 
5472 4826 6808 4666 
5473 242 3703 243 
5474 6954 7245 4119 
5475 245 3700 246 
5476 4890 6572 5518 
5477 6491 6626 5869 
5478 4521 6572 4520 
5479 5277 6672 6671 
5480 4193 7083 6624 
5481 6696 6941 5881 
5482 6632 6634 4735 
5483 4073 6953 4119 
5484 4399 6662 3875 
5485 3970 6951 3971 
5486 4105 6763 4072 
5487 5663 7557 6695 
5488 3848 6535 3846 
5489 4821 4850 4819 
5490 3973 3980 3979 
5491 3722 6657 6581 
5492 230 6607 3701 
5493 7029 7825 7005 
5494 3905 5490 3901 
5495 5463 5489 5217 
5496 5295 6671 5733 
5497 3899 3903 3898 
5498 243 7516 244 
5499 258 6496 3661 
5500 4150 7843 6532 
5501 6288 6424 6302 
5502 5588 6038 4675 
5503 6503 6504 6500 
5504 6052 6053 5986 
5505 5347 6816 6530 
5506 3897 3898 3896 
5507 4615 6429 4226 
5508 3987 4224 4223 
5509 5409 6444 5912 
5510 6552 7551 247 
5511 4685 6649 5621 
5512 4855 4856 4853 
5513 4725 7045 4723 
5514 4590 4597 4589 
5515 4608 6577 5757 
5516 4151 6844 4146 
5517 6467 6470 6469 
5518 3911 6680 4623 
5519 5136 7340 4064 
5520 254 6466 3675 
5521 6186 6916 6187 
5522 4579 7194 4577 
5523 6530 6700 5347 
5524 6259 7830 6256 
5525 4532 4533 4531 
5526 6890 7170 5642 
5527 6194 6195 6193 
5528 6931 8188 5156 
5529 6886 7578 5836 
5530 3895 3897 3896 
5531 5652 7220 5032 
5532 3878 3880 3879 
5533 5185 6976 5182 
5534 5833 5986 5832 
5535 4068 6763 6571 
5536 4162 4371 4370 
5537 5413 5578 5528 
5538 3971 3973 3972 
5539 5520 5832 5519 
5540 4883 4962 4801 
5541 4053 6960 4654 
5542 4597 4916 4770 
5543 6749 7305 4548 
5544 7815 7816 6306 
5545 6166 6374 5568 
5546 4853 6428 4851 
5547 248 3691 249 
5548 4375 6368 6367 
5549 6106 8104 6889 
5550 6383 7059 3719 
5551 4916 5333 5087 
5552 5607 6665 5605 
5553 255 6463 256 
5554 5653 6405 5600 
5555 4360 6574 4363 
5556 6879 6919 6918 
5557 5491 5906 5905 
5558 4535 4538 4537 
5559 4507 6577 4506 
5560 3895 3896 3893 
5561 4467 6708 5172 
5562 5518 5519 5284 
5563 4474 6604 4476 
5564 4965 5223 4963 
5565 4621 4819 4818 
5566 6666 7867 6090 
5567 4472 6442 4532 
5568 4539 4544 4541 
5569 6997 7253 6449 
5570 4290 6717 4293 
5571 6858 6859 6857 
5572 4879 6825 4950 
5573 5488 5559 5487 
5574 7567 7963 5575 
5575 6723 6757 5300 
5576 5292 7369 6504 
5577 6775 6776 6774 
5578 4675 6984 4237 
5579 4619 4620 4617 
5580 7708 7773 5914 
5581 4193 6624 4191 
5582 4266 6933 4308 
5583 6160 6276 5822 
5584 5685 8054 6544 
5585 5070 5491 5409 
5586 6613 6614 5483 
5587 4514 4520 4513 
5588 6345 8213 5567 
5589 4784 6808 4993 
5590 4327 6915 4250 
5591 4233 6339 4235 
5592 6101 8004 6102 
5593 6238 6241 6240 
5594 4851 6428 5500 
5595 6802 7094 6342 
5596 4726 7238 7038 
5597 3891 7455 7406 
5598 6297 6299 6298 
5599 257 6496 258 
5600 5254 6456 5468 
5601 6899 6900 3872 
5602 6351 6635 4106 
5603 5902 6333 6332 
5604 6768 7094 6802 
5605 4640 7034 6854 
5606 6136 6278 5923 
5607 4604 4616 4598 
5608 5804 7398 5805 
5609 4072 6763 4068 
5610 6270 6483 6482 
5611 4375 6523 4114 
5612 6639 6640 5839 
5613 3813 6579 3810 
5614 4567 4568 4566 
5615 4310 7069 6641 
5616 6393 6394 6392 
5617 6190 6268 5994 
5618 4821 4851 4850 
5619 4878 6825 4879 
5620 6314 7876 4788 
5621 4932 6757 4933 
5622 5653 7243 6405 
5623 251 3679 252 
5624 5383 7472 7213 
5625 4357 7774 6251 
5626 4598 6959 4597 
5627 241 6498 242 
5628 5532 7796 6197 
5629 4511 4513 4510 
5630 5628 6126 6011 
5631 5256 6457 6456 
5632 4371 4388 4387 
5633 4224 4615 4226 
5634 4857 4902 4901 
5635 5236 7060 5424 
5636 6581 6657 5655 
5637 6333 8163 150 
5638 5757 6513 4958 
5639 4605 6770 4607 
5640 3861 3863 3862 
5641 3876 3878 3877 
5642 4925 6868 5357 
5643 4955 6528 4670 
5644 4181 6707 4138 
5645 4001 4007 4006 
5646 4180 6897 6896 
5647 5591 6592 5911 
5648 6467 6886 6470 
5649 5497 5628 5498 
5650 4019 5201 4006 
5651 7146 7820 5998 
5652 6671 6672 5733 
5653 4855 4857 4856 
5654 4569 4570 4568 
5655 6589 8012 3717 
5656 6724 7212 4086 
5657 4505 4506 4504 
5658 5993 5994 5695 
5659 4995 6452 5138 
5660 3859 3861 3860 
5661 4942 6725 4944 
5662 6551 7949 3673 
5663 5497 6959 6285 
5664 4890 5284 4981 
5665 4520 4890 4634 
5666 241 6502 6498 
5667 4219 5368 4121 
5668 4224 4226 4225 
5669 3887 5538 3882 
5670 6704 6705 5638 
5671 5148 6626 6491 
5672 6584 6586 4002 
5673 6718 6719 5170 
5674 3749 3750 3748 
5675 6353 6377 5552 
5676 6880 6881 6262 
5677 239 3702 240 
5678 6741 7681 6739 
5679 5314 5807 5675 
5680 4756 6580 4758 
5681 7477 7799 4287 
5682 4387 6559 4370 
5683 4619 4621 4620 
5684 4057 6775 6772 
5685 6287 6290 6289 
5686 6340 7361 3638 
5687 6892 7733 6147 
5688 4480 7215 6459 
5689 5324 6769 4913 
5690 4503 4504 4502 
5691 238 6506 239 
5692 4748 6609 4746 
5693 6178 6227 6177 
5694 3865 3867 3866 
5695 4351 6875 4772 
5696 4571 4572 4570 
5697 4034 6571 4033 
5698 5005 5314 5154 
5699 5830 6511 6069 
5700 6598 7573 4070 
5701 4527 4528 4525 
5702 5758 8119 6712 
5703 5490 6396 6395 
5704 6903 7066 5539 
5705 4462 6750 4461 
5706 4612 6660 4614 
5707 3754 6627 3752 
5708 7689 7725 6032 
5709 4774 6556 4776 
5710 6681 6682 4623 
5711 4388 4543 4542 
5712 4917 6528 5583 
5713 4840 6644 4873 
5714 5433 6679 6401 
5715 6503 7698 6504 
5716 4350 7165 4349 
5717 4588 4589 4529 
5718 4398 6617 4429 
5719 4591 7141 4464 
5720 4996 5355 4995 
5721 3878 3879 3877 
5722 4930 6704 4808 
5723 6371 8141 7696 
5724 6496 6497 3661 
5725 4604 4617 4616 
5726 4077 4078 4037 
5727 5291 5923 5470 
5728 264 6553 265 
5729 4545 4625 4547 
5730 4958 5291 5088 
5731 3758 6618 3756 
5732 4916 5497 5333 
5733 4590 4598 4597 
5734 265 6553 3711 
5735 6858 6864 6863 
5736 6877 6878 6876 
5737 6894 7222 5574 
5738 6250 7648 6046 
5739 4608 4958 4795 
5740 6679 7981 6403 
5741 5360 5616 5359 
5742 5168 6645 5270 
5743 6622 7890 4450 
5744 7290 7503 4140 
5745 4506 4608 4515 
5746 6455 7547 3883 
5747 3856 3859 3858 
5748 7391 7607 6099 
5749 4631 4995 4630 
5750 7006 7016 5593 
5751 5058 5359 5057 
5752 5453 6192 5925 
5753 7641 7986 6247 
5754 5126 7866 6372 
5755 254 3675 255 
5756 253 6466 254 
5757 4390 6760 4640 
5758 6473 6661 5140 
5759 5468 6003 5825 
5760 6602 6603 4582 
5761 4078 6361 4037 
5762 4916 6959 5497 
5763 4901 4953 4856 
5764 5692 7463 6751 
5765 6681 6683 6682 
5766 5029 5256 5254 
5767 3764 6606 3762 
5768 3880 3885 3879 
5769 6059 8081 8026 
5770 3887 6431 5538 
5771 4523 4524 4521 
5772 4552 4553 4405 
5773 4873 5013 4874 
5774 5886 8121 6839 
5775 3903 5173 4803 
5776 6085 7364 6028 
5777 4956 5821 5114 
5778 3876 3877 3874 
5779 3854 6715 3800 
5780 5062 6815 5425 
5781 6856 6857 4247 
5782 6196 6222 6195 
5783 5013 5266 5024 
5784 6940 7344 3674 
5785 6687 6689 6688 
5786 4681 6736 6509 
5787 4867 6770 4605 
5788 5592 6982 5142 
5789 3700 6552 246 
5790 4383 6979 6897 
5791 6494 7559 3742 
5792 5907 7879 5993 
5793 6005 6711 5276 
5794 5453 6454 6192 
5795 5583 5691 5584 
5796 5833 6052 5986 
5797 5333 6454 5453 
5798 3776 6599 3774 
5799 6593 6594 5911 
5800 5045 6818 4949 
5801 6411 8197 7490 
5802 6718 6722 6719 
5803 4492 4493 4491 
5804 6124 6125 5563 
5805 6647 7363 6646 
5806 6431 6432 5538 
5807 6750 6751 4461 
5808 4322 6972 4256 
5809 5520 5833 5832 
5810 5266 5387 5267 
5811 5288 7126 5286 
5812 5741 7446 6353 
5813 5314 5675 5154 
5814 6931 7706 6930 
5815 5369 6626 5148 
5816 5434 5439 5436 
5817 4341 6639 5839 
5818 6786 6884 4132 
5819 4509 4510 4507 
5820 5518 5520 5519 
5821 5398 5629 5397 
5822 6662 7304 3876 
5823 5239 7115 5246 
5824 4573 4575 4572 
5825 5396 6899 3869 
5826 3780 6584 3778 
5827 4672 4956 4955 
5828 6687 6688 6686 
5829 4623 7199 3909 
5830 4668 6726 5043 
5831 6082 7326 6249 
5832 6659 6982 5592 
5833 6464 7615 6463 
5834 5686 6867 6789 
5835 6401 6679 6403 
5836 4205 7039 4221 
5837 6722 6923 6719 
5838 3882 6803 3880 
5839 5616 6566 6546 
5840 4514 4521 4520 
5841 4226 4228 4227 
5842 4940 6718 5170 
5843 6683 6684 6682 
5844 256 3709 257 
5845 5157 6697 4519 
5846 5368 6302 4121 
5847 5307 5397 5306 
5848 5294 5902 5738 
5849 4890 5518 5284 
5850 4574 6364 4563 
5851 6231 7543 6232 
5852 6016 7036 5216 
5853 3867 6899 3872 
5854 5500 6253 4850 
5855 6487 6899 5396 
5856 4493 4656 4655 
5857 5539 6799 6798 
5858 4973 6671 5295 
5859 6657 6658 5592 
5860 4108 4628 4107 
5861 6191 6698 4512 
5862 4753 5057 4976 
5863 4817 7200 4815 
5864 3772 6598 4070 
5865 6165 7619 7135 
5866 4656 4753 4657 
5867 5256 6456 5254 
5868 4161 6706 4155 
5869 4520 6572 4890 
5870 4523 4525 4524 
5871 4859 7599 5092 
5872 3871 5396 3869 
5873 5291 6136 5923 
5874 5905 6444 5409 
5875 6403 7981 7467 
5876 6401 6402 5421 
5877 4786 5656 4652 
5878 6806 7608 6486 
5879 4436 4630 4434 
5880 4501 4502 4499 
5881 6068 6073 5807 
5882 6161 6162 5838 
5883 6684 6687 6686 
5884 3978 7024 3989 
5885 4543 4817 4815 
5886 4615 8201 6479 
5887 5596 6942 5573 
5888 4195 7083 4193 
5889 5005 5154 5003 
5890 5182 6976 4384 
5891 6840 6842 6841 
5892 5294 6489 5902 
5893 6853 7116 5039 
5894 4818 4895 4620 
5895 3784 6591 3782 
5896 5656 6475 6474 
5897 5077 6541 5074 
5898 3842 3844 3843 
5899 4527 4529 4528 
5900 6088 6177 5489 
5901 6407 6408 6406 
5902 6863 7687 6860 
5903 4608 5757 4958 
5904 4486 4487 4485 
5905 6006 6422 5487 
5906 3664 8042 7364 
5907 6595 6596 6594 
5908 5522 6138 5125 
5909 5284 6489 5294 
5910 4511 4514 4513 
5911 3865 3866 3863 
5912 102 6759 103 
5913 6624 7083 5894 
5914 5004 5005 5003 
5915 6479 8201 6478 
5916 3901 6390 3899 
5917 6772 6773 4165 
5918 4840 4873 4842 
5919 4497 4498 4494 
5920 4588 4590 4589 
5921 4583 6750 4462 
5922 6831 7039 4207 
5923 5595 6816 5350 
5924 5293 7253 6997 
5925 6789 7219 5693 
5926 4103 4107 4102 
5927 3745 7923 7486 
5928 5028 5289 5027 
5929 4434 6582 4432 
5930 3838 3840 3839 
5931 4494 6883 4493 
5932 4506 6577 4608 
5933 3856 3858 3853 
5934 5914 7773 6512 
5935 4991 5217 4967 
5936 5300 6757 4932 
5937 4609 7554 4095 
5938 6174 7789 6581 
5939 5070 5299 4895 
5940 3819 6670 3816 
5941 3871 6485 5396 
5942 3760 6602 4582 
5943 7664 7799 6252 
5944 6619 6620 5753 
5945 7053 7560 3655 
5946 4505 4507 4506 
5947 3698 7960 7668 
5948 5409 5912 5299 
5949 5475 6797 6539 
5950 258 3661 259 
5951 4168 8136 6245 
5952 6011 6012 5498 
5953 5387 5801 5388 
5954 4235 6339 4330 
5955 5079 6815 4880 
5956 4484 4485 4483 
5957 7418 7524 46 
5958 3823 6668 3820 
5959 4597 4770 4589 
5960 6593 6595 6594 
5961 4888 5027 4887 
5962 4090 4102 4089 
5963 4073 4089 4072 
5964 4503 4505 4504 
5965 5781 7902 6934 
5966 3867 3872 3866 
5967 6362 8004 4019 
5968 114 6766 115 
5969 6840 6841 4382 
5970 6409 6411 6408 
5971 4490 4491 4488 
5972 5821 5822 5114 
5973 6380 6855 6293 
5974 5586 6795 4987 
5975 5608 5610 5607 
5976 4069 4072 4068 
5977 4509 4511 4510 
5978 3691 6573 249 
5979 6768 6802 4099 
5980 4917 5583 5386 
5981 119 6778 120 
5982 6940 7738 7344 
5983 6061 7122 5402 
5984 5307 5398 5397 
5985 3859 3860 3858 
5986 6050 6358 5440 
5987 5020 7200 5413 
5988 5833 6824 6052 
5989 5058 5360 5359 
5990 5112 6401 5421 
5991 6610 7320 4349 
5992 5505 6643 5504 
5993 4029 4033 4028 
5994 3832 3834 3833 
5995 4451 4672 4670 
5996 6316 6317 5636 
5997 4661 5567 4663 
5998 3864 3865 3863 
5999 5679 6175 6051 
6000 6459 7215 6421 
6001 4753 5058 5057 
6002 6412 6413 6411 
6003 5355 6452 4995 
6004 4576 4577 4575 
6005 6770 6771 4607 
6006 4082 4092 4091 
6007 260 3710 261 
6008 5426 6542 5637 
6009 3788 6597 3786 
6010 6858 6863 6860 
6011 3987 4223 3979 
6012 5629 6588 6587 
6013 3881 3882 3880 
6014 4723 7045 5693 
6015 4481 4483 4480 
6016 5538 6803 3882 
6017 4913 6769 5265 
6018 5626 5753 5752 
6019 5462 6747 5714 
6020 5421 8020 7836 
6021 4886 4887 4796 
6022 5305 5306 5290 
6023 5318 6896 5812 
6024 6443 6957 6427 
6025 5637 6542 6527 
6026 4435 7002 4436 
6027 6508 7654 6881 
6028 6141 7841 7823 
6029 3692 7659 6631 
6030 5305 5307 5306 
6031 6673 6674 6672 
6032 4916 5087 4770 
6033 5603 6716 5606 
6034 3851 6517 5475 
6035 3861 3862 3860 
6036 5359 6546 5517 
6037 5584 6699 6176 
6038 6112 6113 5611 
6039 5333 5453 5087 
6040 5151 7982 7794 
6041 3868 3869 3867 
6042 4741 6753 4743 
6043 4029 4034 4033 
6044 4432 6583 4369 
6045 4501 4503 4502 
6046 6813 7815 5425 
6047 4005 6989 4010 
6048 4900 5486 5485 
6049 5918 7266 5917 
6050 5691 6699 5584 
6051 5740 7700 6580 
6052 6039 6885 5764 
6053 7177 8086 6634 
6054 6331 7397 6330 
6055 4316 6641 6639 
6056 129 6790 130 
6057 4956 5114 4955 
6058 6466 6468 6467 
6059 5636 8161 6315 
6060 5999 7788 6939 
6061 5606 5607 5605 
6062 5028 5290 5289 
6063 4492 4494 4493 
6064 3851 5475 3848 
6065 6502 6503 6500 
6066 4067 4068 4034 
6067 4244 6856 4247 
6068 3855 3856 3853 
6069 7274 7985 3665 
6070 4665 4827 4826 
6071 4860 6817 4421 
6072 4927 6998 4719 
6073 5714 6378 5713 
6074 4888 5028 5027 
6075 4995 5138 4630 
6076 4337 6781 4351 
6077 5832 6015 5519 
6078 4479 4480 4478 
6079 5198 5525 5524 
6080 6124 6950 6125 
6081 6723 7256 6724 
6082 6733 7034 6760 
6083 5927 7066 6903 
6084 6392 7028 5173 
6085 5588 6144 6121 
6086 5461 5462 5323 
6087 3862 6510 4661 
6088 5361 6745 5362 
6089 263 3651 264 
6090 6373 7498 6190 
6091 6453 8098 5919 
6092 4086 7149 6923 
6093 4497 4499 4498 
6094 6845 7651 5938 
6095 3846 6535 3849 
6096 3900 3901 3899 
6097 4110 6768 4099 
6098 6485 6486 5396 
6099 5462 5713 5516 
6100 4520 4634 4513 
6101 6430 7510 3817 
6102 5674 6917 5393 
6103 5017 5198 5197 
6104 3852 3853 3851 
6105 5540 6604 4474 
6106 5603 5605 5604 
6107 4073 4090 4089 
6108 5101 6884 5831 
6109 4069 4073 4072 
6110 4103 4108 4107 
6111 5639 6420 6419 
6112 5117 6363 6361 
6113 6235 6236 6234 
6114 6397 7028 6392 
6115 6970 7388 7341 
6116 3870 3871 3869 
6117 4108 5176 4628 
6118 6652 7929 7147 
6119 4067 4069 4068 
6120 3886 3887 3882 
6121 5021 5119 5118 
6122 4976 6693 5179 
6123 4895 7035 4620 
6124 3841 3842 3840 
6125 5605 6665 5609 
6126 4886 4888 4887 
6127 3846 3849 3844 
6128 5839 6580 4756 
6129 4315 4474 4473 
6130 5583 5584 5386 
6131 4590 7003 4603 
6132 4658 5603 5602 
6133 4059 6772 4165 
6134 4108 6820 5176 
6135 4474 4476 4475 
6136 4490 4492 4491 
6137 3873 3874 3871 
6138 6414 6415 6413 
6139 6836 7963 7567 
6140 6405 7370 4820 
6141 6293 6855 5566 
6142 5326 6556 4774 
6143 4128 6884 5101 
6144 5573 6942 5881 
6145 5583 6528 6446 
6146 4499 6713 4498 
6147 3875 3876 3874 
6148 5179 5685 5426 
6149 3850 3851 3848 
6150 6027 6029 6028 
6151 3845 3846 3844 
6152 3892 3893 3887 
6153 5218 5463 5217 
6154 4672 4955 4670 
6155 248 7551 3691 
6156 4395 6896 5318 
6157 4703 6955 6649 
6158 6705 6764 5638 
6159 3894 3895 3893 
6160 3842 3843 3840 
6161 4476 4478 4477 
6162 6914 7461 7442 
6163 4228 4230 4229 
6164 4079 4082 4081 
6165 6261 6262 6260 
6166 5591 5911 5910 
6167 4023 4029 4028 
6168 4803 7028 5029 
6169 6349 6890 5867 
6170 3752 6627 5457 
6171 6856 6864 6858 
6172 4033 6571 5555 
6173 5326 6557 6556 
6174 4890 4981 4634 
6175 3847 3848 3846 
6176 5289 5804 5384 
6177 4099 6802 4097 
6178 6378 7650 5713 
6179 3835 3836 3834 
6180 5286 7126 5565 
6181 6838 6839 4382 
6182 4436 4631 4630 
6183 5403 7579 7106 
6184 5284 5294 4981 
6185 4090 4103 4102 
6186 5769 7612 5335 
6187 4762 4886 4796 
6188 3740 6607 229 
6189 4486 4488 4487 
6190 4711 5017 5016 
6191 5220 6798 5679 
6192 6020 7035 4895 
6193 4242 6864 6856 
6194 4718 6758 3957 
6195 5801 6033 5802 
6196 3837 3838 3836 
6197 7410 7901 7835 
6198 5109 6788 4864 
6199 4017 6780 4038 
6200 4506 4515 4504 
6201 3838 3839 3836 
6202 6400 8154 3976 
6203 5563 6495 5212 
6204 4545 7384 4625 
6205 4628 5663 4629 
6206 4776 6209 5045 
6207 237 3712 238 
6208 4731 6819 4732 
6209 5002 5003 5000 
6210 7401 7454 7096 
6211 5637 6527 6140 
6212 7476 8084 4716 
6213 6332 7692 3635 
6214 3756 6618 4992 
6215 4191 6624 4376 
6216 5007 6903 5539 
6217 4372 4472 4471 
6218 4138 6707 4136 
6219 5881 6942 6696 
6220 3831 3832 3830 
6221 3993 4649 3984 
6222 3903 4803 4367 
6223 4027 7793 7013 
6224 6447 6803 6433 
6225 4993 5626 5361 
6226 5807 7293 5675 
6227 4631 4996 4995 
6228 6029 6085 6028 
6229 6862 8008 7631 
6230 5198 5524 5197 
6231 4305 7014 4276 
6232 5902 6332 5738 
6233 3762 6606 6602 
6234 6112 6132 6113 
6235 5179 6693 5685 
6236 265 3711 266 
6237 3904 3905 3901 
6238 6870 6872 5652 
6239 4538 4539 4537 
6240 3751 3752 3750 
6241 5258 6592 5591 
6242 4933 6757 4936 
6243 4965 6384 5223 
6244 7406 7455 6548 
6245 3829 3830 3828 
6246 4772 5326 4774 
6247 5163 5483 5482 
6248 3774 6599 6598 
6249 5503 5504 5502 
6250 225 3744 226 
6251 4588 7003 4590 
6252 4445 5214 4781 
6253 4023 4028 4013 
6254 4608 4795 4515 
6255 5608 5611 5610 
6256 4484 4486 4485 
6257 5163 5482 5162 
6258 5881 6941 6448 
6259 4661 6510 5567 
6260 3827 3828 3826 
6261 5429 6955 5016 
6262 3832 3833 3830 
6263 4209 6831 4207 
6264 4077 4079 4078 
6265 5923 6805 5470 
6266 5385 6027 6026 
6267 4958 5088 4795 
6268 4168 6680 3913 
6269 5875 5928 5525 
6270 4381 6838 4382 
6271 8212 8229 3854 
6272 5291 5470 5088 
6273 3824 3826 3823 
6274 5172 6708 6647 
6275 6765 7403 6764 
6276 4502 6713 4499 
6277 5322 5323 4927 
6278 5159 7178 6625 
6279 3964 3965 3905 
6280 5074 6541 5076 
6281 6610 7165 6609 
6282 4552 4554 4553 
6283 5071 6937 5809 
6284 4464 7141 4463 
6285 5082 6318 5582 
6286 4481 4484 4483 
6287 3778 6584 4002 
6288 5017 5197 5016 
6289 5086 5163 5162 
6290 6027 6028 6026 
6291 6297 6300 6299 
6292 3828 4632 3826 
6293 6975 6976 5420 
6294 3849 6994 3844 
6295 4715 7373 4602 
6296 4341 5839 4756 
6297 4952 6912 6738 
6298 6536 6540 6538 
6299 6684 6686 6685 
6300 5668 6829 5666 
6301 4617 7035 4616 
6302 3834 5082 3833 
6303 5501 5502 5319 
6304 5375 5917 5364 
6305 6587 6589 5536 
6306 5437 5438 5435 
6307 5420 6976 5185 
6308 6468 6886 6467 
6309 3720 7921 6987 
6310 4181 6938 6707 
6311 4762 4796 4763 
6312 4299 7006 4284 
6313 4493 4655 4491 
6314 4823 6592 5258 
6315 228 3740 229 
6316 5583 6446 5691 
6317 3778 4002 3776 
6318 4476 4479 4478 
6319 5075 5077 5074 
6320 5306 6746 5290 
6321 4578 4579 4577 
6322 3753 3754 3752 
6323 4827 5081 4826 
6324 3774 6598 3772 
6325 6875 6876 6558 
6326 4502 7040 6713 
6327 5091 6817 4860 
6328 4230 4233 4231 
6329 4315 5540 4474 
6330 5526 5875 5525 
6331 4760 4762 4761 
6332 3772 4070 3770 
6333 5527 6925 5061 
6334 6530 6816 5595 
6335 4652 6472 4406 
6336 6620 6621 5753 
6337 4492 7000 4496 
6338 5503 5505 5504 
6339 5016 6955 4708 
6340 7537 7995 6656 
6341 5318 5319 4516 
6342 5073 5074 5072 
6343 4707 4708 4703 
6344 5867 6890 5644 
6345 3786 3906 3784 
6346 6152 6611 6610 
6347 5837 5838 5668 
6348 4559 4562 4561 
6349 5626 6619 5753 
6350 3755 3756 3754 
6351 3639 7946 6543 
6352 7007 7220 5652 
6353 5086 5162 4989 
6354 5887 5888 5334 
6355 5908 7649 6906 
6356 3782 6591 4648 
6357 4577 8129 7440 
6358 4177 6937 5071 
6359 170 7660 6388 
6360 4485 6796 4495 
6361 4565 4754 4560 
6362 5888 6210 6117 
6363 3766 4171 3764 
6364 4033 5555 5554 
6365 6830 6831 4212 
6366 6058 6060 5451 
6367 6295 6296 6293 
6368 5071 5072 4383 
6369 4785 4786 4652 
6370 6376 7602 4777 
6371 6202 6203 5505 
6372 6627 6628 5457 
6373 3957 6758 3959 
6374 4640 6854 4641 
6375 6515 6516 5674 
6376 4758 4760 4759 
6377 5359 5517 5057 
6378 7290 7397 6331 
6379 5433 6401 5112 
6380 5616 6546 5359 
6381 4672 5046 4956 
6382 4293 4658 4295 
6383 6840 6843 6842 
6384 5501 5503 5502 
6385 3762 6602 3760 
6386 6658 6659 5592 
6387 3782 4648 3780 
6388 3757 3758 3756 
6389 6537 6994 3849 
6390 6060 7791 6705 
6391 3752 5457 3750 
6392 6515 7721 6516 
6393 4709 4711 4708 
6394 4414 6973 5065 
6395 6151 6152 5492 
6396 4479 4481 4480 
6397 5357 6515 5674 
6398 6202 6204 6203 
6399 3760 4582 3758 
6400 4341 4756 4755 
6401 6394 6398 6397 
6402 6566 6567 6546 
6403 5663 6695 6066 
6404 4656 4657 4655 
6405 4711 5016 4708 
6406 5917 6548 5919 
6407 5331 5574 5332 
6408 3786 6597 3906 
6409 5318 5501 5319 
6410 6705 6765 6764 
6411 3913 6680 3911 
6412 3830 7268 3828 
6413 4063 6785 4075 
6414 6033 6037 6034 
6415 5606 5608 5607 
6416 3814 4720 3813 
6417 5591 5910 5796 
6418 4922 5887 5334 
6419 3756 4992 3754 
6420 5504 6643 5898 
6421 4319 6639 4341 
6422 4756 4758 4757 
6423 3761 3762 3760 
6424 6288 6302 5368 
6425 6928 6929 4318 
6426 5793 6633 6632 
6427 5603 5606 5605 
6428 3759 3760 3758 
6429 4044 6941 4047 
6430 3794 3883 3792 
6431 4469 6925 6830 
6432 4680 6938 4373 
6433 5672 7214 6817 
6434 5160 5331 5161 
6435 5397 6587 5536 
6436 4611 5086 4989 
6437 6324 8109 6323 
6438 4306 4315 4309 
6439 223 6910 3708 
6440 4038 7528 6450 
6441 4490 7000 4492 
6442 6975 7375 6976 
6443 6646 6648 6633 
6444 6358 8021 7217 
6445 4607 6888 4442 
6446 6859 6862 6861 
6447 6535 6536 3849 
6448 4753 4976 4657 
6449 6034 6977 6036 
6450 4212 6831 4209 
6451 5124 5125 4786 
6452 4544 4545 4541 
6453 5507 5840 5053 
6454 5610 5934 5607 
6455 4799 6710 4994 
6456 6023 6024 5672 
6457 5462 5714 5713 
6458 4679 6736 4681 
6459 5672 6817 5091 
6460 4316 6639 4319 
6461 5461 6747 5462 
6462 5158 5160 5159 
6463 6292 6295 6293 
6464 4703 6649 4687 
6465 4224 4225 4223 
6466 3790 4651 3788 
6467 268 3644 269 
6468 6377 7446 4702 
6469 6532 7843 4797 
6470 3763 3764 3762 
6471 6706 7862 5448 
6472 6582 6583 4432 
6473 5099 5466 5100 
6474 4395 5318 4516 
6475 5564 6124 5563 
6476 6454 7767 6192 
6477 5726 6524 6046 
6478 5006 6712 5005 
6479 4658 6716 5603 
6480 5446 7037 5823 
6481 5061 6925 4750 
6482 4300 4639 4303 
6483 5626 5752 5361 
6484 5521 5522 5125 
6485 4233 4235 4234 
6486 4254 6907 4322 
6487 5902 7542 6333 
6488 5499 6752 5787 
6489 5204 6870 5652 
6490 4678 6912 4952 
6491 5097 5099 5098 
6492 5331 5332 5161 
6493 4482 6189 5458 
6494 5587 5814 5586 
6495 5462 5516 5323 
6496 6830 6832 6831 
6497 5413 7200 5579 
6498 3765 3766 3764 
6499 7725 7733 6032 
6500 6635 6953 4069 
6501 4235 4237 4236 
6502 6416 6417 6415 
6503 6839 6840 4382 
6504 6557 7878 5739 
6505 5638 7183 4751 
6506 3767 3768 3766 
6507 5062 5097 5063 
6508 4687 6649 4685 
6509 6554 6624 5894 
6510 4720 6115 3813 
6511 5084 5364 5078 
6512 4883 4963 4962 
6513 4858 8008 6862 
6514 5713 5768 5516 
6515 5879 6308 6307 
6516 4776 5045 4949 
6517 4774 4776 4775 
6518 5110 6818 5619 
6519 3981 3982 3980 
6520 5119 5408 5407 
6521 3769 3770 3768 
6522 5160 5161 5159 
6523 3822 3823 3820 
6524 4442 6888 4438 
6525 5926 6460 5951 
6526 5724 7390 5726 
6527 4949 6818 5110 
6528 3722 7620 6658 
6529 4401 5140 4399 
6530 4351 4772 4771 
6531 5509 5511 5510 
6532 3983 3984 3976 
6533 7149 7193 6721 
6534 3771 3772 3770 
6535 6225 6226 6223 
6536 5322 5461 5323 
6537 6781 6875 4351 
6538 4880 5062 5061 
6539 6889 8104 4632 
6540 5390 5553 5552 
6541 3773 3774 3772 
6542 3947 7507 6443 
6543 3861 3864 3863 
6544 246 6552 247 
6545 225 6748 3744 
6546 4177 5071 4383 
6547 5466 5981 5100 
6548 3775 3776 3774 
6549 4465 6958 4466 
6550 5375 5918 5917 
6551 6404 7292 5799 
6552 6389 7761 6762 
6553 3777 3778 3776 
6554 4685 5621 4683 
6555 4515 7040 4504 
6556 3749 3751 3750 
6557 5099 5100 5098 
6558 4153 6951 3970 
6559 4554 4556 4555 
6560 4472 4531 4530 
6561 6574 6575 5214 
6562 6841 6844 4151 
6563 4373 6938 4181 
6564 5350 6816 5346 
6565 5377 7117 5937 
6566 5504 5898 5506 
6567 5075 5078 5077 
6568 5053 6770 4867 
6569 5439 5441 5440 
6570 4839 6644 4840 
6571 5071 5073 5072 
6572 3779 3780 3778 
6573 187 6480 4453 
6574 5675 6040 5750 
6575 6152 6610 6609 
6576 3911 4623 3909 
6577 4772 4774 4773 
6578 5064 5499 5315 
6579 5603 5604 5602 
6580 4418 6996 4778 
6581 5605 5609 5604 
6582 5073 5075 5074 
6583 6292 6293 5566 
6584 5097 5098 5063 
6585 6031 6032 5867 
6586 3818 3819 3816 
6587 4485 4495 4483 
6588 4701 4703 4687 
6589 5733 6077 5473 
6590 4610 4652 4406 
6591 4952 6737 6736 
6592 6160 6783 6782 
6593 5303 8077 6357 
6594 6759 6905 103 
6595 4678 4952 4679 
6596 4601 4602 4579 
6597 4002 7057 6599 
6598 4763 6779 4823 
6599 4719 6998 6755 
6600 4852 4853 4851 
6601 6665 6666 5609 
6602 5062 5063 5061 
6603 5158 5159 5134 
6604 5132 5894 5130 
6605 4711 6795 5019 
6606 4803 5029 4804 
6607 4182 4678 4373 
6608 4066 4067 4034 
6609 3975 3976 3919 
6610 5002 5004 5003 
6611 3970 3971 3965 
6612 6359 7655 5841 
6613 5314 6068 5807 
6614 5507 5841 5840 
6615 7147 8066 6652 
6616 6645 6646 6633 
6617 3781 3782 3780 
6618 5576 6179 5484 
6619 5084 5375 5364 
6620 5662 6962 4700 
6621 4140 4182 4181 
6622 4382 6841 4164 
6623 5877 7452 5696 
6624 6508 6881 6880 
6625 6065 8057 6088 
6626 4177 4383 4178 
6627 5490 6390 3901 
6628 235 3746 236 
6629 5047 5926 5199 
6630 5451 6704 4930 
6631 5639 6315 5398 
6632 6719 6721 6720 
6633 5866 6031 5867 
6634 6896 6897 5812 
6635 6168 6169 6167 
6636 4820 4821 4819 
6637 6793 8229 8212 
6638 4658 5602 4295 
6639 4746 7165 4358 
6640 4625 4626 4547 
6641 4221 7039 6851 
6642 4136 6707 4653 
6643 3812 3813 3810 
6644 4801 6710 4799 
6645 3992 3993 3984 
6646 6719 6720 5170 
6647 4618 4619 4617 
6648 5629 6587 5397 
6649 5258 5591 5590 
6650 6348 8126 5681 
6651 6307 8177 5380 
6652 4952 6736 4679 
6653 4673 5367 5210 
6654 4678 4679 4373 
6655 5577 5900 5499 
6656 5029 5254 5030 
6657 5679 6798 6175 
6658 6432 6434 6433 
6659 4880 5061 4750 
6660 5227 6965 5226 
6661 4319 4341 4323 
6662 5901 6167 5900 
6663 4182 4373 4181 
6664 6575 6801 5214 
6665 4950 6825 5385 
6666 5142 5692 4812 
6667 5470 6805 5942 
6668 5101 5103 5102 
6669 4741 6988 6753 
6670 5932 6970 5060 
6671 5126 5631 5150 
6672 5866 5867 5644 
6673 6772 6774 6773 
6674 6357 8077 7167 
6675 6572 7009 5518 
6676 6509 7812 5689 
6677 5878 5879 5553 
6678 6340 6341 5594 
6679 4788 8044 6314 
6680 4012 4013 3993 
6681 4743 6753 5047 
6682 6485 6806 6486 
6683 4781 5126 4889 
6684 4363 6574 4445 
6685 6109 7800 7584 
6686 5838 6829 5668 
6687 5143 7040 4515 
6688 4303 6525 4306 
6689 5275 5672 5091 
6690 6125 6495 5563 
6691 6312 6314 6311 
6692 7021 7122 6061 
6693 4445 4781 4780 
6694 3783 3784 3782 
6695 3885 4451 4374 
6696 5304 5305 5290 
6697 4395 4516 4396 
6698 4059 4165 4061 
6699 6092 6312 6311 
6700 5482 5788 5556 
6701 6517 6797 5475 
6702 4681 6509 4912 
6703 6129 7360 5678 
6704 7079 7116 6853 
6705 6182 6792 3806 
6706 5397 5536 5306 
6707 5295 5473 5296 
6708 4021 4023 4013 
6709 4140 4181 4138 
6710 3798 4674 3796 
6711 6213 6214 6212 
6712 5064 6819 5577 
6713 5879 6307 5553 
6714 4907 5064 4957 
6715 4128 5101 5095 
6716 5405 5586 4987 
6717 4053 4654 4055 
6718 5273 6853 5041 
6719 6313 6714 5578 
6720 4639 6525 4303 
6721 223 3708 224 
6722 6673 6675 6674 
6723 5389 5390 5128 
6724 5133 5134 5132 
6725 6967 7152 6968 
6726 5131 5132 5130 
6727 4238 4335 4240 
6728 5737 5870 5466 
6729 4049 4111 4051 
6730 4469 6830 4365 
6731 5065 6948 4412 
6732 5135 5158 5134 
6733 5034 6727 6726 
6734 6812 6813 5719 
6735 6784 6785 4063 
6736 4603 4604 4598 
6737 4474 4475 4473 
6738 5103 5104 5102 
6739 4017 4038 4025 
6740 4260 6928 4318 
6741 3808 6182 3806 
6742 249 6573 250 
6743 6723 6724 6722 
6744 5572 5971 5367 
6745 4136 4653 4134 
6746 4057 6772 4059 
6747 6774 6807 6773 
6748 5617 6722 6718 
6749 5619 8003 6172 
6750 3915 4168 3913 
6751 6450 6997 6449 
6752 5814 7657 6283 
6753 5004 5006 5005 
6754 5915 7748 7142 
6755 3802 3854 3800 
6756 4010 6780 4017 
6757 7173 7882 6011 
6758 3869 6899 3867 
6759 5104 5546 5545 
6760 4634 7450 6578 
6761 5101 5102 5095 
6762 3806 6792 3804 
6763 5659 6344 6080 
6764 4628 4629 4107 
6765 4075 4167 4101 
6766 3785 3786 3784 
6767 3856 4622 3859 
6768 5270 6645 5793 
6769 3729 7933 6385 
6770 3800 6715 3798 
6771 4676 6838 4446 
6772 5376 5987 5595 
6773 5562 5563 5212 
6774 230 3701 231 
6775 5019 7435 7424 
6776 4365 6830 4212 
6777 4315 4473 4309 
6778 4055 6775 4057 
6779 5987 5988 5595 
6780 3838 3841 3840 
6781 5254 5468 5255 
6782 3832 3835 3834 
6783 5888 6117 5889 
6784 5390 5552 5128 
6785 5473 6754 5743 
6786 4646 6726 4668 
6787 4333 6781 4337 
6788 4611 4989 4612 
6789 5586 7435 6795 
6790 5041 6853 5039 
6791 3842 3845 3844 
6792 3997 4673 4004 
6793 5315 6922 4957 
6794 5300 7256 6723 
6795 6730 6731 6729 
6796 6585 6586 6584 
6797 5375 6995 6149 
6798 5492 6609 4748 
6799 6728 6729 6727 
6800 4337 4351 4343 
6801 4829 4880 4750 
6802 4476 4477 4475 
6803 5499 5787 5315 
6804 4526 4527 4525 
6805 6351 6637 6636 
6806 4128 5095 4126 
6807 5468 5825 5469 
6808 4542 7453 4387 
6809 5110 5619 5456 
6810 4614 6660 4922 
6811 5441 5695 5694 
6812 5112 5421 4754 
6813 7341 7388 5721 
6814 6739 6811 6737 
6815 3862 4661 4377 
6816 5367 6109 5210 
6817 6237 6238 6236 
6818 5285 6855 5244 
6819 6477 6479 6478 
6820 5609 6666 6090 
6821 5295 5733 5473 
6822 5289 5384 5027 
6823 5541 6286 4553 
6824 6350 6351 4106 
6825 5900 6752 5499 
6826 6766 6918 115 
6827 3787 3788 3786 
6828 4487 6796 4485 
6829 4864 7045 4725 
6830 4376 6624 6554 
6831 5840 6770 5053 
6832 5988 6532 6531 
6833 5917 5919 5364 
6834 4047 6696 4049 
6835 4749 4750 4469 
6836 4732 6819 4907 
6837 3865 3868 3867 
6838 5390 6833 5878 
6839 4158 4177 4170 
6840 4522 4523 4521 
6841 3748 7128 5908 
6842 4922 5334 4923 
6843 5894 7083 5130 
6844 4296 6837 4300 
6845 3751 3753 3752 
6846 3878 3881 3880 
6847 5064 5315 4957 
6848 3692 6759 102 
6849 271 3684 272 
6850 6700 6701 5347 
6851 6620 8074 6216 
6852 6300 6869 6299 
6853 5560 5592 5142 
6854 6433 6803 5538 
6855 6036 6508 6507 
6856 4940 5170 4942 
6857 5376 5595 5350 
6858 6027 6825 6389 
6859 4946 5277 4948 
6860 6850 8176 4221 
6861 5084 6995 5375 
6862 4478 4482 4477 
6863 4644 5034 4646 
6864 6634 7914 7177 
6865 5105 5142 4812 
6866 5140 6662 4399 
6867 5894 6625 6554 
6868 4087 5136 4064 
6869 6291 6292 5566 
6870 4839 4840 4626 
6871 5034 6854 6728 
6872 5144 5915 4971 
6873 4944 6794 4946 
6874 5515 5992 5360 
6875 3959 6758 4003 
6876 3884 6988 4737 
6877 4668 5043 4932 
6878 6738 6739 6737 
6879 5825 6133 6009 
6880 4673 5210 4004 
6881 6740 6741 6739 
6882 4429 6617 4611 
6883 5343 5686 5341 
6884 5385 6026 5580 
6885 5443 6939 5548 
6886 4313 6999 4311 
6887 4446 6838 4381 
6888 3836 6642 3834 
6889 4172 4375 4114 
6890 6269 7943 3710 
6891 4250 6915 4252 
6892 6594 7419 5911 
6893 5548 6901 5354 
6894 6201 6202 5505 
6895 4973 5295 5056 
6896 4936 5617 4938 
6897 5651 6151 5492 
6898 6799 7066 6800 
6899 3808 6579 6182 
6900 6789 7045 6788 
6901 6322 8109 4453 
6902 6104 6885 6355 
6903 5357 5674 5393 
6904 4014 4015 4007 
6905 4217 4395 4394 
6906 4587 4588 4529 
6907 5926 5951 5199 
6908 7722 8149 6539 
6909 4213 7026 4366 
6910 4466 6958 4593 
6911 3789 3790 3788 
6912 4139 4140 4138 
6913 6687 6690 6689 
6914 4508 4509 4507 
6915 4854 4855 4853 
6916 5127 5128 4794 
6917 6971 7011 5932 
6918 5601 5653 5600 
6919 5764 6885 6104 
6920 5047 6753 5926 
6921 5571 5899 5370 
6922 4938 6718 4940 
6923 5986 7560 5832 
6924 6700 6702 6701 
6925 5793 6632 6100 
6926 6669 6670 3819 
6927 5244 7115 5241 
6928 3753 3755 3754 
6929 6677 7612 5769 
6930 4711 5019 5017 
6931 5922 6061 5402 
6932 5198 5526 5525 
6933 4223 7216 3979 
6934 4137 4138 4136 
6935 6891 7733 6892 
6936 5813 6005 5276 
6937 4180 6896 4217 
6938 6153 6154 5653 
6939 5332 6000 5467 
6940 4061 6784 4063 
6941 6569 6570 5972 
6942 4089 4105 4072 
6943 5393 6917 5395 
6944 3985 3986 3982 
6945 4701 4707 4703 
6946 4391 5130 4198 
6947 6734 6735 6732 
6948 5904 5914 5464 
6949 4412 6948 4410 
6950 4226 4227 4225 
6951 6842 6845 6844 
6952 5548 6902 6901 
6953 5804 5805 5384 
6954 5897 6990 5418 
6955 5742 6812 5719 
6956 7658 8152 6180 
6957 4654 6775 4055 
6958 4887 5068 4796 
6959 6636 6953 6635 
6960 4363 4445 4426 
6961 3798 6715 4674 
6962 3826 6667 3823 
6963 5230 6965 5227 
6964 4033 5554 4028 
6965 93 3706 94 
6966 4135 4136 4134 
6967 6486 6600 6487 
6968 4946 6794 5277 
6969 228 6893 3740 
6970 6060 6704 5451 
6971 5565 5566 5285 
6972 3822 3824 3823 
6973 3755 3757 3756 
6974 5174 5175 5157 
6975 4641 6854 4644 
6976 6205 6206 6204 
6977 3791 3792 3790 
6978 3810 6579 3808 
6979 4133 4134 4132 
6980 6377 7238 5552 
6981 5034 6726 4646 
6982 4709 6795 4711 
6983 4127 4128 4126 
6984 4707 4709 4708 
6985 3653 6766 114 
6986 5656 6472 4652 
6987 4500 4501 4499 
6988 4165 6784 4061 
6989 3818 3820 3819 
6990 4556 4558 4557 
6991 4903 4904 4902 
6992 4496 4497 4494 
6993 5789 6099 5476 
6994 4493 6883 4656 
6995 7754 7998 7158 
6996 5428 5719 5079 
6997 4422 7325 5177 
6998 5276 6711 5158 
6999 5981 6847 6846 
7000 4712 6820 4108 
7001 6027 6389 6029 
7002 4433 4434 4432 
7003 6189 6791 5458 
7004 5739 7887 6557 
7005 6796 7865 6317 
7006 5265 6769 6092 
7007 4252 6915 6907 
7008 6747 8223 6537 
7009 3839 6756 6642 
7010 4396 6827 4398 
7011 4051 6960 4053 
7012 5204 5652 5032 
7013 4155 5448 4153 
7014 6529 7359 3895 
7015 5663 6066 4629 
7016 4991 5218 5217 
7017 3812 3814 3813 
7018 5043 5300 4932 
7019 5526 5953 5875 
7020 4429 4611 4581 
7021 90 3693 91 
7022 5525 6904 5524 
7023 5064 5577 5499 
7024 4698 7210 5662 
7025 5395 6917 6039 
7026 3903 4367 3898 
7027 4117 6937 4158 
7028 4049 6696 4111 
7029 5566 6855 5285 
7030 6628 6631 6629 
7031 3757 3759 3758 
7032 5865 5866 5644 
7033 3793 3794 3792 
7034 5584 6176 5927 
7035 7789 8206 6581 
7036 5559 6608 6323 
7037 4242 6856 4244 
7038 5325 6870 5204 
7039 3645 6778 119 
7040 87 3676 88 
7041 5190 5568 4979 
7042 5569 5924 5568 
7043 4614 4922 4885 
7044 4000 4001 3986 
7045 4593 4814 4595 
7046 5617 6723 6722 
7047 5989 6156 5987 
7048 4679 4681 4680 
7049 5494 5495 5175 
7050 6929 6931 6930 
7051 4408 4469 4365 
7052 4451 4670 4452 
7053 6168 6170 6169 
7054 5587 6134 5814 
7055 4667 4812 4583 
7056 3824 3827 3826 
7057 4097 4609 4095 
7058 3759 3761 3760 
7059 4653 6787 6786 
7060 4435 4436 4434 
7061 3835 3837 3836 
7062 5577 5901 5900 
7063 5344 5347 5343 
7064 4948 6671 4973 
7065 6077 6754 5473 
7066 5643 5644 5642 
7067 4907 6819 5064 
7068 5063 6961 5527 
7069 5617 6718 4938 
7070 5486 5488 5487 
7071 5405 5587 5586 
7072 6174 6581 5655 
7073 5342 5343 5341 
7074 5463 6512 6065 
7075 4846 7314 5724 
7076 4876 5492 4748 
7077 5074 5076 5072 
7078 5901 6168 6167 
7079 4489 4490 4488 
7080 5663 7613 7557 
7081 4921 6971 5932 
7082 3795 3796 3794 
7083 3750 7128 3748 
7084 4762 4763 4761 
7085 4722 6967 4724 
7086 5915 7142 7141 
7087 5351 5376 5350 
7088 4681 4912 4682 
7089 3829 3831 3830 
7090 4978 4979 4904 
7091 4925 5357 5251 
7092 5082 5582 5581 
7093 3827 3829 3828 
7094 4760 4761 4759 
7095 5390 5878 5553 
7096 4912 5324 4913 
7097 3843 6994 6664 
7098 3840 6663 3839 
7099 4077 6914 4079 
7100 3761 3763 3762 
7101 4993 6808 5626 
7102 3897 3900 3899 
7103 5448 6951 4153 
7104 83 3667 84 
7105 5277 6671 4948 
7106 6568 6979 5076 
7107 5988 6531 6530 
7108 4756 4757 4755 
7109 5221 5273 5041 
7110 5719 6815 5079 
7111 6688 6691 6686 
7112 58 3648 59 
7113 4758 4759 4757 
7114 5170 6725 4942 
7115 4167 6809 4101 
7116 4023 7340 7223 
7117 5473 5743 5296 
7118 6597 7556 3906 
7119 4689 7433 6964 
7120 4562 4564 4563 
7121 85 3732 86 
7122 4248 6866 4327 
7123 72 3652 73 
7124 229 6607 230 
7125 5344 6816 5347 
7126 6036 6977 6508 
7127 6092 6311 6309 
7128 4341 4755 4323 
7129 5104 5545 5544 
7130 5644 6890 5642 
7131 4131 4132 4129 
7132 5842 5897 5418 
7133 4183 7174 5026 
7134 78 3659 79 
7135 4673 5572 5367 
7136 5034 6728 6727 
7137 4950 5385 5202 
7138 5452 6058 5451 
7139 4132 6884 4129 
7140 4812 6750 4583 
7141 4217 6896 4395 
7142 65 3649 66 
7143 5504 5506 5502 
7144 5272 7901 7410 
7145 4467 5172 5168 
7146 4244 4247 4246 
7147 4129 6884 4128 
7148 4125 4126 4110 
7149 4593 6958 4814 
7150 5613 7736 5612 
7151 3797 3798 3796 
7152 4917 5386 4918 
7153 85 7333 3732 
7154 5686 6789 6788 
7155 6730 6732 6731 
7156 24 3742 25 
7157 5395 6039 5764 
7158 6862 7948 4858 
7159 6728 6730 6729 
7160 307 6940 3674 
7161 5389 6833 5390 
7162 4989 7129 6660 
7163 4248 4327 4250 
7164 6111 6112 5611 
7165 4101 6809 4117 
7166 4238 6984 4335 
7167 3845 3847 3846 
7168 6115 8231 6678 
7169 62 7108 63 
7170 4146 4147 4144 
7171 5878 6376 5879 
7172 5572 5972 5971 
7173 5458 6791 5979 
7174 4106 6635 4067 
7175 4164 6841 4151 
7176 3763 3765 3764 
7177 5213 7043 5959 
7178 5295 5296 5056 
7179 5157 7496 6697 
7180 3718 7447 6527 
7181 4644 6854 5034 
7182 5545 5659 5570 
7183 4047 6941 6696 
7184 4661 4663 4662 
7185 7106 7579 7104 
7186 3975 3983 3976 
7187 5410 5476 5230 
7188 6684 6685 6682 
7189 5270 5793 5792 
7190 81 3733 82 
7191 5446 5823 5550 
7192 5385 6825 6027 
7193 5188 6974 5420 
7194 6609 7165 4746 
7195 6696 6942 4111 
7196 4381 4382 4164 
7197 7542 8163 6333 
7198 4134 6786 4132 
7199 4589 6562 4529 
7200 6553 7655 6359 
7201 305 6944 3721 
7202 4714 4715 4602 
7203 5793 6645 6633 
7204 315 6936 3745 
7205 3765 3767 3766 
7206 4256 6972 4258 
7207 6543 7946 3718 
7208 6216 8052 6620 
7209 4599 4676 4446 
7210 4126 6768 4110 
7211 5976 6804 6122 
7212 5083 5084 5078 
7213 6152 6609 5492 
7214 26 3704 27 
7215 5158 6711 5160 
7216 5127 5389 5128 
7217 5559 6323 6322 
7218 4445 6574 5214 
7219 6788 7045 4864 
7220 3847 3850 3848 
7221 4299 8191 7006 
7222 3852 3855 3853 
7223 75 3697 76 
7224 5069 5600 4869 
7225 4438 7002 4435 
7226 3850 3852 3851 
7227 5319 6277 4516 
7228 5099 5737 5466 
7229 6490 7708 5914 
7230 5349 5350 5346 
7231 5331 5575 5574 
7232 3767 3769 3768 
7233 5155 5612 4624 
7234 63 3734 64 
7235 3685 6790 129 
7236 6767 6879 6766 
7237 7442 7461 5794 
7238 5582 6423 5948 
7239 67 3735 68 
7240 4597 6959 4916 
7241 5659 6080 5660 
7242 4431 4432 4369 
7243 5340 5341 5109 
7244 5591 5796 5590 
7245 6842 6844 6841 
7246 5575 6894 5574 
7247 4694 7038 4702 
7248 4737 6988 4741 
7249 3734 7105 7104 
7250 274 3642 275 
7251 61 3695 62 
7252 5377 5937 5935 
7253 5346 6816 5344 
7254 28 7136 29 
7255 6104 6355 6354 
7256 5341 6788 5109 
7257 69 3696 70 
7258 3843 6664 6663 
7259 4808 5638 4751 
7260 29 3680 30 
7261 5439 8215 6379 
7262 3680 7135 7134 
7263 5142 6982 5692 
7264 6755 6998 6266 
7265 5464 6512 5463 
7266 5062 5425 5097 
7267 3769 3771 3770 
7268 6599 7485 6598 
7269 5555 6348 5554 
7270 4663 4665 4664 
7271 5427 5507 5053 
7272 5443 5548 5354 
7273 4724 6967 4862 
7274 6888 7002 4438 
7275 4968 5157 4519 
7276 6790 6943 130 
7277 5539 7066 6799 
7278 6130 6247 5723 
7279 7158 7159 3694 
7280 3709 7615 6694 
7281 4922 6660 5887 
7282 5898 5950 5506 
7283 33 3668 34 
7284 3771 3773 3772 
7285 5131 5133 5132 
7286 5265 6092 6091 
7287 6967 6968 5406 
7288 5117 6361 4078 
7289 5133 5135 5134 
7290 6901 6902 5989 
7291 5135 5276 5158 
7292 5688 6438 6437 
7293 6008 6191 4512 
7294 4177 4178 4170 
7295 31 3736 32 
7296 184 6623 185 
7297 3773 3775 3774 
7298 5163 5767 5483 
7299 5476 6965 5230 
7300 38 3660 39 
7301 6296 6380 6293 
7302 4961 5303 5302 
7303 186 6480 187 
7304 4750 6925 4469 
7305 6023 6025 6024 
7306 5737 6067 5870 
7307 4232 7569 7292 
7308 4351 4771 4343 
7309 5010 5451 4930 
7310 4776 4949 4775 
7311 5993 5995 5994 
7312 55 3694 56 
7313 5275 6023 5672 
7314 7087 7088 3667 
7315 5543 5642 5122 
7316 4410 6999 4313 
7317 3695 7108 62 
7318 6719 6923 6721 
7319 6751 6980 4461 
7320 3775 3777 3776 
7321 5679 6051 5808 
7322 5482 5556 5162 
7323 4391 5131 5130 
7324 5019 7073 5017 
7325 3989 7024 3997 
7326 5325 6871 6870 
7327 4772 4773 4771 
7328 44 3658 45 
7329 6092 6769 6312 
7330 4952 6738 6737 
7331 101 3692 102 
7332 56 7160 57 
7333 4252 6907 4254 
7334 3832 7085 3835 
7335 4182 4986 4678 
7336 4533 4535 4534 
7337 6536 6538 6537 
7338 7075 7076 3974 
7339 35 3737 36 
7340 281 7059 3641 
7341 4774 4775 4773 
7342 4611 6617 5086 
7343 6125 6921 6495 
7344 4700 6962 4706 
7345 4158 6937 4177 
7346 104 3678 105 
7347 5922 6062 6061 
7348 5101 5831 5103 
7349 5571 6383 5899 
7350 51 3650 52 
7351 5897 7041 6990 
7352 3777 3779 3778 
7353 6661 6662 5140 
7354 4873 4874 4842 
7355 4293 6717 4658 
7356 4673 7024 5572 
7357 7424 7435 6283 
7358 99 3731 100 
7359 106 3713 107 
7360 6331 7503 7290 
7361 6674 7495 6672 
7362 6032 6349 5867 
7363 3868 3870 3869 
7364 7105 7106 7104 
7365 5376 6901 5989 
7366 4665 4826 4666 
7367 5813 6063 6005 
7368 4067 6635 4069 
7369 53 3738 54 
7370 4029 4066 4034 
7371 6574 6576 6575 
7372 4829 5079 4880 
7373 4366 7026 4459 
7374 108 3664 109 
7375 4708 6955 4703 
7376 5511 5513 5512 
7377 4749 4829 4750 
7378 5787 6430 5869 
7379 3992 4012 3993 
7380 5144 6141 5915 
7381 3779 3781 3780 
7382 4671 4917 4915 
7383 5552 7238 5128 
7384 3983 3992 3984 
7385 3773 6978 3775 
7386 4012 4021 4013 
7387 5453 5925 5454 
7388 4986 6912 4678 
7389 6948 6999 4410 
7390 4416 6973 4414 
7391 4967 6384 4965 
7392 4254 4322 4256 
7393 41 3698 42 
7394 3997 4004 3998 
7395 5326 6558 6557 
7396 6639 6641 6640 
7397 4610 4785 4652 
7398 111 3714 112 
7399 5964 6834 6833 
7400 277 3686 278 
7401 5768 6461 6266 
7402 5876 6016 5216 
7403 227 6893 228 
7404 6024 7717 7214 
7405 5152 7064 5151 
7406 5188 5420 5185 
7407 4491 6655 4488 
7408 5060 6970 5111 
7409 113 3653 114 
7410 5428 5742 5719 
7411 6740 6749 6741 
7412 5105 5560 5142 
7413 6851 7039 6832 
7414 5888 5889 5334 
7415 4923 6868 4925 
7416 4997 4998 4996 
7417 3930 7075 3974 
7418 49 3739 50 
7419 5869 6922 5315 
7420 6738 6740 6739 
7421 4395 4396 4394 
7422 5995 5997 5996 
7423 4017 4025 4018 
7424 5565 6291 5566 
7425 5834 6824 5833 
7426 4258 6972 6928 
7427 4993 5361 5107 
7428 5964 6833 5389 
7429 4862 6967 5406 
7430 47 3699 48 
7431 3952 7876 6314 
7432 6432 6433 5538 
7433 5619 6882 5456 
7434 4862 5406 4985 
7435 4010 4017 4011 
7436 4907 4957 4908 
7437 6667 6668 3823 
7438 5195 7537 6280 
7439 3781 3783 3782 
7440 4987 6795 4709 
7441 4785 5124 4786 
7442 4408 4749 4469 
7443 6477 6478 6476 
7444 185 6623 3889 
7445 116 3715 117 
7446 5093 7216 4223 
7447 5753 6743 5752 
7448 4667 5105 4812 
7449 159 7032 160 
7450 4025 4041 4026 
7451 5724 5726 5725 
7452 4605 4607 4442 
7453 6498 6502 6500 
7454 4887 7113 5068 
7455 5014 5053 4867 
7456 5321 5322 4927 
7457 6394 6397 6392 
7458 4706 6962 4731 
7459 3701 6969 231 
7460 118 3645 119 
7461 3799 3800 3798 
7462 4137 4139 4138 
7463 5572 7024 6560 
7464 5788 6492 5556 
7465 5597 6013 5598 
7466 5376 5989 5987 
7467 5198 7073 5526 
7468 3870 3873 3871 
7469 5294 5738 5599 
7470 5124 5521 5125 
7471 5612 7003 4624 
7472 310 3687 311 
7473 7773 7844 6512 
7474 5003 7331 5000 
7475 4013 7119 3993 
7476 5851 7072 5913 
7477 63 7108 3734 
7478 4135 4137 4136 
7479 5384 7113 5027 
7480 4646 4668 4647 
7481 4073 4119 4090 
7482 4644 4646 4645 
7483 4049 4051 4050 
7484 313 3707 314 
7485 307 3674 308 
7486 5811 6185 5085 
7487 121 3681 122 
7488 5318 5812 5501 
7489 4133 4135 4134 
7490 5726 6046 6045 
7491 5999 6939 5443 
7492 4047 4049 4048 
7493 279 3719 280 
7494 4127 4129 4128 
7495 4066 4106 4067 
7496 3873 3875 3874 
7497 5028 5304 5290 
7498 4789 4927 4719 
7499 4262 6932 4264 
7500 4971 7141 4591 
7501 5516 6998 5323 
7502 3687 7644 6505 
7503 305 3721 306 
7504 3955 4718 3957 
7505 4131 4133 4132 
7506 6258 6261 6260 
7507 5742 6814 6812 
7508 4668 4932 4669 
7509 7105 7107 7106 
7510 4198 7083 4195 
7511 4125 4127 4126 
7512 3842 7147 3845 
7513 5332 5467 5161 
7514 5369 7011 6626 
7515 29 7136 3680 
7516 5609 6090 5744 
7517 4111 6960 4051 
7518 7141 7142 4463 
7519 5126 5150 4889 
7520 303 3662 304 
7521 5855 7070 5892 
7522 5503 6201 5505 
7523 5221 5585 5273 
7524 4293 4295 4294 
7525 5047 5199 5048 
7526 124 3643 125 
7527 3783 3785 3784 
7528 4781 4889 4780 
7529 5866 6079 6031 
7530 5013 5024 4874 
7531 4414 5065 4412 
7532 4258 6928 4260 
7533 3959 4003 3961 
7534 5970 6252 6251 
7535 5342 5344 5343 
7536 6426 7250 5684 
7537 5007 5539 5009 
7538 315 3745 316 
7539 6932 6933 4264 
7540 4441 6996 4418 
7541 300 3722 301 
7542 4051 4053 4052 
7543 4827 8213 6345 
7544 4284 7006 4286 
7545 6343 8218 6016 
7546 8049 8051 4717 
7547 3946 7061 4744 
7548 4679 4680 4373 
7549 5307 5639 5398 
7550 5988 6530 5595 
7551 4653 6786 4134 
7552 4053 4055 4054 
7553 5370 7126 5288 
7554 298 3654 299 
7555 126 3716 127 
7556 6573 7833 250 
7557 7794 7982 6423 
7558 5470 5942 5471 
7559 3835 7085 6615 
7560 3942 7068 3966 
7561 4611 4612 4581 
7562 3844 6994 3843 
7563 4276 7014 4278 
7564 6128 6129 5678 
7565 5692 6750 4812 
7566 7185 7701 6575 
7567 4445 4780 4426 
7568 3694 7160 56 
7569 5989 6947 6156 
7570 4260 4318 4262 
7571 4055 4057 4056 
7572 3881 3886 3882 
7573 5266 5267 5024 
7574 5340 5342 5341 
7575 4698 5662 4700 
7576 128 3685 129 
7577 5626 6808 6619 
7578 5111 6970 5597 
7579 5928 6904 5525 
7580 295 3723 296 
7581 5220 5679 5677 
7582 5981 6846 5100 
7583 5100 5535 5098 
7584 7019 7033 3938 
7585 4091 7618 4081 
7586 5063 5527 5061 
7587 5351 6901 5376 
7588 6202 6205 6204 
7589 4706 4731 4729 
7590 4228 4229 4227 
7591 3989 3997 3995 
7592 3785 3787 3786 
7593 4732 4907 4906 
7594 6266 6998 5516 
7595 3734 7104 7103 
7596 6813 6815 5719 
7597 5166 6983 5532 
7598 293 3647 294 
7599 3885 4374 3879 
7600 5686 6788 5341 
7601 4705 7055 4699 
7602 5488 6608 5559 
7603 103 6905 104 
7604 105 6908 106 
7605 281 3641 282 
7606 4286 5593 4288 
7607 5349 5351 5350 
7608 131 3640 132 
7609 4183 5026 4215 
7610 4355 4357 4346 
7611 4778 6973 4416 
7612 5104 5544 5102 
7613 7265 7277 3890 
7614 4806 7315 6991 
7615 5642 7170 5122 
7616 290 3689 291 
7617 98 6906 99 
7618 6582 6993 6583 
7619 284 3688 285 
7620 6162 6407 6406 
7621 4921 5932 5060 
7622 5675 5750 5154 
7623 6942 7381 4111 
7624 4103 4712 4108 
7625 4922 4923 4885 
7626 4005 4010 4009 
7627 6449 7253 5820 
7628 6394 7861 7835 
7629 5095 6768 4126 
7630 4938 4940 4939 
7631 4936 4938 4937 
7632 5997 6194 6193 
7633 133 3717 134 
7634 5554 7119 4028 
7635 287 3646 288 
7636 6247 6924 5723 
7637 4641 4644 4643 
7638 4024 7004 3934 
7639 5562 5564 5563 
7640 4390 4640 4456 
7641 7130 7726 6192 
7642 5111 5597 5596 
7643 5643 5865 5644 
7644 4784 4993 4892 
7645 6531 6700 6530 
7646 7897 8090 5984 
7647 4422 5177 4470 
7648 3678 6908 105 
7649 6058 7941 6060 
7650 5100 6846 5535 
7651 5362 5970 5969 
7652 5387 5388 5267 
7653 112 6913 113 
7654 6990 7041 5585 
7655 4846 5724 5164 
7656 135 3665 136 
7657 4936 6757 5617 
7658 286 6835 287 
7659 4564 4567 4566 
7660 97 8190 8076 
7661 6000 6001 5467 
7662 4681 4682 4680 
7663 4057 4059 4058 
7664 4876 5651 5492 
7665 4940 4942 4941 
7666 7436 7766 5705 
7667 3787 3789 3788 
7668 4290 4293 4292 
7669 6185 6995 5085 
7670 104 6905 3678 
7671 6275 7524 7418 
7672 4942 4944 4943 
7673 6198 8127 7138 
7674 4270 4716 4272 
7675 106 6908 3713 
7676 5273 7484 6853 
7677 4266 4308 4268 
7678 137 3718 138 
7679 4059 4061 4060 
7680 6810 6992 5727 
7681 5942 6334 6021 
7682 4912 4913 4682 
7683 4929 6991 5727 
7684 5357 5393 5251 
7685 99 6906 3731 
7686 4944 4946 4945 
7687 4976 5179 4977 
7688 3717 7274 134 
7689 5425 7065 5097 
7690 4418 4778 4416 
7691 4743 5047 4835 
7692 6846 6848 5535 
7693 5197 5429 5016 
7694 4638 5480 4636 
7695 4300 4303 4301 
7696 3678 6909 6908 
7697 5218 5464 5463 
7698 117 6920 118 
7699 6588 7985 7274 
7700 4035 4683 3831 
7701 6211 8096 6008 
7702 6563 6564 4528 
7703 4044 4047 4046 
7704 115 6918 116 
7705 3886 3892 3887 
7706 5526 7073 5954 
7707 3680 7134 7133 
7708 4061 4063 4062 
7709 139 3639 140 
7710 7266 7277 7265 
7711 4303 4306 4304 
7712 5664 7097 5207 
7713 5311 5664 5207 
7714 5304 5415 5305 
7715 3789 3791 3790 
7716 4946 4948 4947 
7717 4933 4936 4935 
7718 6951 7008 3971 
7719 4586 4635 4441 
7720 5545 5570 5544 
7721 5319 7099 6277 
7722 4656 7337 4753 
7723 3934 7004 3932 
7724 5513 5829 5514 
7725 5717 7058 6048 
7726 6026 6030 5580 
7727 5099 7065 5737 
7728 3892 3894 3893 
7729 5793 6100 5792 
7730 6092 6309 6091 
7731 3815 3816 3814 
7732 6859 6861 6857 
7733 6438 6439 6437 
7734 6015 7974 7542 
7735 5543 5643 5642 
7736 4803 4804 4367 
7737 3714 6913 112 
7738 6707 7483 4653 
7739 6733 6734 6732 
7740 5693 7067 4721 
7741 6486 6487 5396 
7742 3821 3822 3820 
7743 3801 3802 3800 
7744 5071 5809 5073 
7745 4274 4305 4276 
7746 5410 5789 5476 
7747 4948 4973 4972 
7748 5717 6048 6047 
7749 4635 6996 4441 
7750 5323 6998 4927 
7751 221 3683 222 
7752 4372 4471 4163 
7753 4004 6989 4005 
7754 6038 6054 4675 
7755 4798 4799 4715 
7756 4144 7397 4142 
7757 4247 6866 4248 
7758 6628 6629 5457 
7759 4278 4717 4280 
7760 7145 7146 3668 
7761 113 6913 3653 
7762 5456 6882 5890 
7763 5659 5660 5570 
7764 4517 4719 4424 
7765 4408 6980 4749 
7766 6956 8218 6343 
7767 3803 3804 3802 
7768 4999 5000 4998 
7769 125 6926 126 
7770 3791 3793 3792 
7771 5707 6143 5215 
7772 3805 3806 3804 
7773 3865 7248 3868 
7774 5385 5580 5202 
7775 5075 5083 5078 
7776 202 6521 203 
7777 5428 6981 5742 
7778 127 6927 128 
7779 5506 7099 5502 
7780 3809 3810 3808 
7781 5173 7028 4803 
7782 3807 3808 3806 
7783 6205 6453 6206 
7784 6663 6756 3839 
7785 4632 6667 3826 
7786 5665 6171 5664 
7787 4063 4075 4074 
7788 5714 8118 7926 
7789 6560 6569 5972 
7790 5383 7549 6460 
7791 3811 3812 3810 
7792 7157 7158 3694 
7793 5837 6161 5838 
7794 3793 3795 3794 
7795 3817 3818 3816 
7796 4286 7006 5593 
7797 4024 7005 7004 
7798 4900 7384 5486 
7799 3839 6642 3836 
7800 5849 7018 5847 
7801 4684 4685 4683 
7802 4973 5056 5055 
7803 4306 4309 4307 
7804 4794 7238 4726 
7805 5806 7113 5384 
7806 4296 4300 4298 
7807 3715 6920 117 
7808 4036 4037 4015 
7809 5587 7013 6134 
7810 5179 5426 5180 
7811 6876 7015 6558 
7812 6080 6386 5660 
7813 6902 6947 5989 
7814 6320 6677 6321 
7815 5391 5964 5389 
7816 4282 4299 4284 
7817 3671 8007 6373 
7818 3648 7132 59 
7819 4710 4987 4709 
7820 3900 3904 3901 
7821 4075 4101 4100 
7822 6922 7011 6971 
7823 5743 6488 5891 
7824 4604 4618 4617 
7825 6050 8021 6358 
7826 3795 3797 3796 
7827 6448 6449 5820 
7828 5098 6961 5063 
7829 116 6918 3715 
7830 5778 5826 5780 
7831 6109 6110 5210 
7832 3940 7019 3938 
7833 5966 7164 5193 
7834 6754 7509 5743 
7835 5532 6197 5690 
7836 7582 7913 3652 
7837 4686 4687 4685 
7838 5032 7220 4457 
7839 5862 5966 5193 
7840 118 6920 3645 
7841 5375 6149 5918 
7842 4596 7207 4594 
7843 6626 6922 5869 
7844 4688 4701 4687 
7845 5507 6359 5841 
7846 130 6943 131 
7847 5711 7231 3996 
7848 7223 7340 6565 
7849 6988 7472 6753 
7850 4712 6821 6820 
7851 4101 4117 4116 
7852 5058 5515 5360 
7853 5021 5118 4816 
7854 5597 7341 6013 
7855 6160 6782 6276 
7856 3966 7019 3940 
7857 5720 6106 5477 
7858 5072 6979 4383 
7859 4982 5127 4794 
7860 5001 5002 5000 
7861 6974 7386 5891 
7862 3862 4377 3860 
7863 5697 5877 5696 
7864 5497 6285 5628 
7865 4727 4794 4726 
7866 6150 6426 5684 
7867 5082 5581 3833 
7868 4740 5148 4738 
7869 5913 7018 5849 
7870 287 6835 3646 
7871 5033 5204 5032 
7872 6693 8054 5685 
7873 5477 7064 5152 
7874 5029 5030 4804 
7875 6380 8214 5246 
7876 4278 7014 4717 
7877 5221 6990 5585 
7878 4514 4522 4521 
7879 5899 7810 7669 
7880 3845 7147 4790 
7881 7867 8198 6090 
7882 4505 4508 4507 
7883 4344 7148 4352 
7884 4483 7215 4480 
7885 5904 6490 5914 
7886 5787 5869 5315 
7887 4567 4569 4568 
7888 5426 5637 5635 
7889 6615 6616 3837 
7890 5080 7275 7154 
7891 5520 5834 5833 
7892 5752 6745 5361 
7893 3797 3799 3798 
7894 4501 6697 4503 
7895 4806 6991 4929 
7896 4696 7038 4694 
7897 4117 4158 4157 
7898 5399 6974 5188 
7899 4481 4734 4484 
7900 6673 6676 6675 
7901 4094 4095 4093 
7902 4988 5405 4987 
7903 3904 3964 3905 
7904 142 3720 143 
7905 4620 7035 4617 
7906 5205 5325 5204 
7907 4621 4820 4819 
7908 5010 5452 5451 
7909 3843 6663 3840 
7910 5452 6059 6058 
7911 172 7082 173 
7912 4492 4496 4494 
7913 6939 7788 7688 
7914 4898 7338 5709 
7915 5044 6004 4730 
7916 237 7565 3712 
7917 4523 4526 4525 
7918 6907 7685 4322 
7919 6547 7119 5554 
7920 87 7071 3676 
7921 4509 6698 4511 
7922 4590 4603 4598 
7923 6040 6220 5750 
7924 5737 7065 6305 
7925 5641 6320 6319 
7926 4482 5458 5278 
7927 5926 7472 6460 
7928 211 6555 212 
7929 4096 4097 4095 
7930 3973 3981 3980 
7931 4730 7055 4705 
7932 3966 7020 7019 
7933 4767 5032 4457 
7934 6720 6725 5170 
7935 5954 5955 5953 
7936 4569 4571 4570 
7937 5637 6140 6139 
7938 4929 5727 5282 
7939 5133 7972 6847 
7940 4504 7040 4502 
7941 6918 6919 3715 
7942 4316 4319 4317 
7943 3643 6926 125 
7944 5083 5085 5084 
7945 6854 7034 6728 
7946 6819 7042 5577 
7947 4497 4500 4499 
7948 4031 5711 3996 
7949 5683 5684 5279 
7950 5507 6924 6359 
7951 6536 6537 3849 
7952 4704 4726 4696 
7953 4486 4489 4488 
7954 4694 4702 4692 
7955 5354 6901 5351 
7956 4085 4093 4040 
7957 4527 4587 4529 
7958 3824 7030 3827 
7959 8076 8190 3743 
7960 4824 7383 5930 
7961 5584 5927 5386 
7962 5322 7402 5461 
7963 5920 7937 7227 
7964 3704 7137 27 
7965 5801 5802 5388 
7966 3642 7621 6297 
7967 4600 7170 4782 
7968 3997 3998 3995 
7969 4821 4852 4851 
7970 5709 6093 5710 
7971 3716 6927 127 
7972 4004 4005 3998 
7973 126 6926 3716 
7974 5556 7129 5162 
7975 5684 7054 5279 
7976 4519 6697 4501 
7977 5748 6273 5269 
7978 4796 6779 4763 
7979 5459 7292 5728 
7980 6112 6966 6132 
7981 3732 7071 86 
7982 5213 5959 5797 
7983 4559 7396 4562 
7984 5956 6207 5955 
7985 4319 4323 4320 
7986 4098 4099 4097 
7987 4646 4647 4645 
7988 4668 4669 4647 
7989 3936 4024 3934 
7990 5582 5948 5581 
7991 5254 5255 5030 
7992 4178 4180 4179 
7993 4017 4018 4011 
7994 5789 6157 6099 
7995 5313 5813 5276 
7996 4487 7865 6796 
7997 4640 4641 4456 
7998 128 6927 3685 
7999 4158 4170 4169 
8000 7123 7251 5701 
8001 3761 7031 3763 
8002 5014 5427 5053 
8003 3653 6767 6766 
8004 5617 6757 6723 
8005 220 6601 221 
8006 4644 4645 4643 
8007 6691 8217 4622 
8008 7344 7738 5897 
8009 6334 7741 3666 
8010 6490 7611 3740 
8011 28 7137 7136 
8012 3997 7024 4673 
8013 4025 4026 4018 
8014 6003 7671 5825 
8015 6743 6744 5752 
8016 83 7087 3667 
8017 4661 4662 4377 
8018 4130 4131 4129 
8019 5458 5979 5620 
8020 4010 4011 4009 
8021 4731 4732 4729 
8022 7159 7160 3694 
8023 6557 8014 6556 
8024 6835 6836 3646 
8025 4141 4142 4139 
8026 4041 4042 4026 
8027 5608 6111 5611 
8028 4986 7351 6912 
8029 4907 4908 4906 
8030 4451 4452 4374 
8031 5139 5428 5079 
8032 144 3666 145 
8033 5095 7094 6768 
8034 4230 4231 4229 
8035 6612 7099 5506 
8036 6975 7443 7375 
8037 5579 6313 5578 
8038 4658 6717 6716 
8039 4932 4933 4669 
8040 4312 4316 4314 
8041 4535 4537 4536 
8042 4109 4110 4099 
8043 5921 5922 5402 
8044 4571 4573 4572 
8045 4199 4391 4198 
8046 7154 7275 5749 
8047 7658 7890 6622 
8048 4516 6827 4396 
8049 4512 6698 4509 
8050 6013 6014 5598 
8051 3695 7110 7109 
8052 3680 7136 7135 
8053 4763 4823 4764 
8054 5345 5346 5344 
8055 263 7587 3651 
8056 3926 7046 4735 
8057 3652 7226 73 
8058 6032 7733 6349 
8059 4817 8227 7200 
8060 5515 6055 5992 
8061 5166 5532 5531 
8062 3734 7108 7105 
8063 4866 7251 7123 
8064 4831 6983 5166 
8065 78 7232 3659 
8066 5108 5109 4864 
8067 4213 4365 4212 
8068 3878 7304 3881 
8069 4269 7204 4813 
8070 4124 4125 4110 
8071 4386 7252 4747 
8072 4449 7633 7505 
8073 4683 7085 3831 
8074 5544 7094 5102 
8075 4049 4050 4048 
8076 6922 6971 4957 
8077 5427 6924 5507 
8078 4366 4408 4365 
8079 6855 7115 5244 
8080 5339 5340 5109 
8081 5597 5598 5596 
8082 5468 5469 5255 
8083 4180 4217 4216 
8084 6096 6097 5472 
8085 3733 7087 82 
8086 92 7401 93 
8087 4584 4667 4583 
8088 5654 5655 5560 
8089 5106 7194 4579 
8090 5399 7492 7386 
8091 65 7103 3649 
8092 232 6969 3741 
8093 306 6940 307 
8094 3649 7111 66 
8095 5371 5571 5370 
8096 231 6969 232 
8097 5709 7025 6093 
8098 5348 5349 5346 
8099 5768 6266 5516 
8100 6194 6196 6195 
8101 6246 8196 6244 
8102 5825 6009 5469 
8103 304 6944 305 
8104 4047 4048 4046 
8105 3920 3975 3919 
8106 4143 4144 4142 
8107 3918 3919 3917 
8108 131 6943 3640 
8109 3916 3917 3915 
8110 4539 4541 4540 
8111 5262 7047 5260 
8112 5085 6995 5084 
8113 3946 4744 3944 
8114 6273 7056 5269 
8115 3950 3963 3948 
8116 314 6936 315 
8117 4723 5693 4721 
8118 3932 7075 3930 
8119 4396 4398 4397 
8120 4032 6978 3773 
8121 5353 5354 5351 
8122 4120 4121 4092 
8123 6730 6733 6732 
8124 4863 4864 4725 
8125 5853 7072 5851 
8126 4173 4380 4172 
8127 3914 3915 3913 
8128 3948 7061 3946 
8129 3942 3966 3940 
8130 4051 4052 4050 
8131 4145 4146 4144 
8132 4115 4172 4114 
8133 4148 4151 4146 
8134 4431 4433 4432 
8135 5855 5892 5853 
8136 4968 5174 5157 
8137 4938 4939 4937 
8138 6086 6356 5857 
8139 7105 7109 7107 
8140 4936 4937 4935 
8141 5174 5494 5175 
8142 58 7161 3648 
8143 3912 3913 3911 
8144 5857 7070 5855 
8145 5851 5913 5849 
8146 4264 6933 4266 
8147 4088 4114 4087 
8148 4211 4212 4209 
8149 4217 4394 4393 
8150 4802 5880 5018 
8151 5602 6837 4295 
8152 4898 5709 5224 
8153 4159 4164 4151 
8154 6621 6743 5753 
8155 5040 5041 5039 
8156 5181 5973 5183 
8157 4489 4633 4490 
8158 5771 6174 5655 
8159 4205 4221 4203 
8160 4053 4054 4052 
8161 4022 4064 4021 
8162 6277 6828 6827 
8163 4472 4530 4471 
8164 4940 4941 4939 
8165 3944 7068 3942 
8166 4500 4519 4501 
8167 4055 4056 4054 
8168 5042 5221 5041 
8169 4197 4198 4195 
8170 3926 4735 3924 
8171 3857 3907 3855 
8172 4433 4435 4434 
8173 4670 4671 4452 
8174 5547 5696 5066 
8175 6929 6930 4318 
8176 5400 5402 5373 
8177 5286 5565 5285 
8178 4523 6911 4526 
8179 4191 4376 4189 
8180 5901 6301 6168 
8181 4904 7550 4902 
8182 6048 6049 6047 
8183 291 6952 292 
8184 143 6987 144 
8185 4333 4337 4334 
8186 4220 4381 4164 
8187 3734 7103 64 
8188 3697 7233 76 
8189 3964 3970 3965 
8190 75 7227 3697 
8191 5245 5285 5244 
8192 4942 4943 4941 
8193 4549 4583 4462 
8194 4726 7038 4696 
8195 67 7111 3735 
8196 4508 4512 4509 
8197 5442 5443 5354 
8198 280 7059 281 
8199 5799 7292 5459 
8200 4065 4087 4064 
8201 4119 7245 4090 
8202 5572 6560 5972 
8203 3930 3974 3928 
8204 4823 5258 5257 
8205 7120 7121 3696 
8206 3910 3911 3909 
8207 3799 3801 3800 
8208 4944 4945 4943 
8209 7117 7305 5937 
8210 4460 4461 4409 
8211 5419 5842 5418 
8212 5622 6350 4106 
8213 5137 5144 4971 
8214 6407 6409 6408 
8215 5998 5999 5443 
8216 4385 4446 4381 
8217 4574 7899 6379 
8218 5258 5590 5589 
8219 146 3724 147 
8220 5038 5039 4660 
8221 4810 7406 6548 
8222 4187 4188 4185 
8223 5012 5980 5051 
8224 4076 4077 4037 
8225 6958 7626 4814 
8226 5047 5048 4835 
8227 5609 5744 5604 
8228 3868 7248 5760 
8229 6114 7677 6521 
8230 6232 6234 6233 
8231 6033 6034 5802 
8232 6116 6263 5762 
8233 5843 6145 5842 
8234 5726 6045 5725 
8235 6206 7144 6204 
8236 3812 3815 3814 
8237 4946 4947 4945 
8238 4824 5930 5116 
8239 4057 4058 4056 
8240 251 7833 3679 
8241 4324 4328 4326 
8242 5356 5761 4909 
8243 4587 4624 4588 
8244 6832 7039 6831 
8245 5334 6868 4923 
8246 4631 4997 4996 
8247 5724 5725 5164 
8248 4337 4343 4338 
8249 4663 4664 4662 
8250 3735 7120 68 
8251 6596 7564 3685 
8252 4398 4429 4428 
8253 6146 6148 6145 
8254 5796 5976 5975 
8255 4612 4614 4613 
8256 4447 4599 4446 
8257 5330 5370 5288 
8258 4600 4782 4599 
8259 69 7120 3696 
8260 4586 4636 4635 
8261 5743 5891 5296 
8262 4815 7200 5020 
8263 7108 7109 7105 
8264 3818 3821 3820 
8265 5862 5967 5966 
8266 5127 5391 5389 
8267 5199 5633 5048 
8268 3908 3909 3907 
8269 3822 3825 3824 
8270 4948 4972 4947 
8271 5417 5418 5222 
8272 6409 6412 6411 
8273 5189 5974 5261 
8274 4917 4918 4915 
8275 5325 6873 6871 
8276 6097 7166 5472 
8277 4913 5265 5264 
8278 4329 4333 4332 
8279 3801 3803 3802 
8280 5177 5178 4470 
8281 5155 5613 5612 
8282 7004 7075 3932 
8283 5805 7564 5806 
8284 6002 6135 5649 
8285 4429 4581 4580 
8286 4233 4234 4231 
8287 3803 3805 3804 
8288 3680 7133 30 
8289 4811 7799 7664 
8290 7002 7051 4436 
8291 6874 7129 5556 
8292 5868 6137 5865 
8293 4059 4060 4058 
8294 5817 7047 5262 
8295 5509 5510 5408 
8296 4990 4991 4967 
8297 4293 4294 4292 
8298 4665 4666 4664 
8299 4949 5110 4954 
8300 3815 3817 3816 
8301 4061 4062 4060 
8302 5243 5244 5241 
8303 3809 3811 3810 
8304 3805 3807 3806 
8305 3807 3809 3808 
8306 4800 4801 4799 
8307 5377 5935 5378 
8308 4857 4903 4902 
8309 4545 4547 4546 
8310 5361 5362 5107 
8311 6424 7606 4371 
8312 5555 8040 6348 
8313 5920 5957 5819 
8314 5017 7073 5198 
8315 7037 7151 5823 
8316 5076 6979 5072 
8317 3743 8203 3747 
8318 7152 7324 6968 
8319 4655 6655 4491 
8320 5097 7065 5099 
8321 4295 4296 4294 
8322 5265 6091 5745 
8323 4295 6837 4296 
8324 5012 7298 5980 
8325 4573 4576 4575 
8326 4362 8179 6782 
8327 7823 7841 5648 
8328 5623 6018 5129 
8329 6848 6850 6849 
8330 6692 7199 6685 
8331 5688 6437 6436 
8332 6357 8125 5303 
8333 4970 4971 4591 
8334 4522 6911 4523 
8335 33 7145 3668 
8336 4993 5107 4892 
8337 4614 4885 4884 
8338 4724 4862 4861 
8339 6106 7064 5477 
8340 4973 5055 4972 
8341 31 7133 3736 
8342 5625 6083 6082 
8343 4789 5321 4927 
8344 6004 7055 4730 
8345 5274 5275 5091 
8346 4367 7327 3898 
8347 4740 5369 5148 
8348 145 7001 146 
8349 4862 4985 4984 
8350 5818 5819 5817 
8351 5707 6173 6143 
8352 7160 7161 57 
8353 6342 7094 5544 
8354 5970 6251 5969 
8355 3668 7150 34 
8356 5302 5688 5687 
8357 4961 5302 5301 
8358 3736 7145 32 
8359 5121 5122 4894 
8360 4985 5632 5337 
8361 5542 5543 5122 
8362 4618 4869 4619 
8363 4707 4710 4709 
8364 4769 4961 4960 
8365 5936 6331 6330 
8366 5976 6122 5977 
8367 5130 7083 4198 
8368 3751 5864 3753 
8369 5647 5649 5171 
8370 27 7137 28 
8371 3979 7216 3972 
8372 6001 6304 6131 
8373 4923 4925 4924 
8374 4875 4876 4748 
8375 4659 5377 5037 
8376 4747 4748 4746 
8377 4802 7239 5880 
8378 4063 4074 4062 
8379 5706 6381 5651 
8380 5321 5661 5322 
8381 4633 7000 4490 
8382 4360 4363 4361 
8383 6690 7903 6689 
8384 3790 7547 4651 
8385 4767 5033 5032 
8386 5876 6343 6016 
8387 6073 7286 5807 
8388 4770 6562 4589 
8389 6412 6414 6413 
8390 4957 6971 4908 
8391 5033 5205 5204 
8392 5056 5213 5055 
8393 5110 5456 5298 
8394 5748 6274 6273 
8395 3990 7690 6834 
8396 148 3635 149 
8397 4235 4236 4234 
8398 5044 6071 6004 
8399 4882 4883 4801 
8400 5456 5890 5670 
8401 4852 4854 4853 
8402 4909 7207 4596 
8403 6706 8222 7862 
8404 5232 5404 5234 
8405 5391 5965 5964 
8406 4085 4094 4093 
8407 4071 4399 3875 
8408 4247 4248 4246 
8409 4127 4130 4129 
8410 4001 4014 4007 
8411 4344 4352 4350 
8412 5645 5817 5262 
8413 3660 7258 39 
8414 38 7261 3660 
8415 6353 7446 6377 
8416 55 7157 3694 
8417 5342 5345 5344 
8418 35 7150 3737 
8419 5239 5246 5237 
8420 4727 4982 4794 
8421 4517 4789 4719 
8422 4094 4096 4095 
8423 5405 5952 5587 
8424 6508 6880 6507 
8425 5191 5625 5624 
8426 5027 7113 4887 
8427 4363 4426 4364 
8428 5150 5533 5153 
8429 4925 5251 5250 
8430 4400 4401 4399 
8431 4210 4769 4222 
8432 6090 6329 5744 
8433 4461 6980 4409 
8434 218 3682 219 
8435 5809 7202 5073 
8436 5236 5424 5238 
8437 5535 6961 5098 
8438 5210 6989 4004 
8439 4409 6980 4408 
8440 7048 7380 4639 
8441 3755 4833 3757 
8442 5536 6746 5306 
8443 6866 7999 4327 
8444 5683 6150 5684 
8445 5856 6072 5858 
8446 5679 5808 5677 
8447 5890 6371 6370 
8448 4075 4100 4074 
8449 4303 4304 4301 
8450 4704 4727 4726 
8451 4035 4684 4683 
8452 4096 4098 4097 
8453 4137 4141 4139 
8454 4133 5705 4135 
8455 3737 7262 36 
8456 5168 5270 5169 
8457 5148 7288 4738 
8458 4204 7052 4206 
8459 4353 4360 4359 
8460 5349 5353 5351 
8461 4300 4301 4298 
8462 5002 5253 5004 
8463 4475 5316 4473 
8464 4386 4746 4358 
8465 4206 4448 4208 
8466 5800 6981 5428 
8467 5502 7099 5319 
8468 5393 5395 5394 
8469 4908 6971 4921 
8470 4467 5168 5167 
8471 4200 4745 4202 
8472 6580 8063 4758 
8473 3738 7157 54 
8474 3650 7168 52 
8475 4877 5449 5308 
8476 3935 4777 3937 
8477 5749 6120 6119 
8478 4237 4238 4236 
8479 3883 7547 3792 
8480 6320 6321 6319 
8481 4103 7245 4712 
8482 4101 4116 4100 
8483 4795 5143 4515 
8484 5090 5091 4860 
8485 6765 7506 7403 
8486 5069 5601 5600 
8487 4976 4977 4657 
8488 6024 7790 7717 
8489 3695 7109 7108 
8490 5962 6070 5963 
8491 3759 4454 3761 
8492 53 7168 3738 
8493 3943 4768 3945 
8494 6245 8196 4168 
8495 5231 5410 5230 
8496 6196 6223 6222 
8497 4407 4610 4406 
8498 4991 7311 5218 
8499 5906 7400 5905 
8500 5268 5749 5747 
8501 6142 7182 7057 
8502 3825 7030 3824 
8503 5119 5407 5118 
8504 5135 5313 5276 
8505 5270 5792 5271 
8506 4306 4307 4304 
8507 4117 4157 4116 
8508 4624 7003 4588 
8509 4391 5365 5131 
8510 5523 5945 5521 
8511 4829 5139 5079 
8512 3953 3955 3954 
8513 3955 3957 3956 
8514 5922 6272 6062 
8515 5737 6305 6067 
8516 7387 7423 4690 
8517 3963 7061 3948 
8518 4402 4406 4401 
8519 3957 3959 3958 
8520 5294 5599 4981 
8521 3939 3990 3941 
8522 5959 5960 5797 
8523 4744 7068 3944 
8524 5850 5860 5852 
8525 5102 7094 5095 
8526 3959 3961 3960 
8527 5453 5454 5087 
8528 4686 4688 4687 
8529 5235 5247 5233 
8530 3949 3953 3951 
8531 4641 4643 4642 
8532 3831 7085 3832 
8533 5418 6990 5222 
8534 4098 4109 4099 
8535 5242 5549 5297 
8536 5470 5471 5088 
8537 5222 6990 5221 
8538 41 7259 3698 
8539 3713 7377 107 
8540 5601 6153 5653 
8541 6626 7011 6922 
8542 5899 7126 5370 
8543 3961 3969 3968 
8544 4190 7062 4192 
8545 5395 5764 5763 
8546 4593 4595 4594 
8547 5366 5399 5188 
8548 6822 6823 6821 
8549 134 7274 135 
8550 4192 4468 4194 
8551 3829 4035 3831 
8552 4710 4988 4987 
8553 5105 5654 5560 
8554 6041 6042 5615 
8555 4178 4179 4170 
8556 5765 5769 5335 
8557 147 7017 148 
8558 5075 7202 5083 
8559 4894 7170 4600 
8560 3662 6945 6944 
8561 5712 7614 4633 
8562 5108 5339 5109 
8563 3695 7131 7110 
8564 4206 7052 4448 
8565 5187 5188 5185 
8566 5339 5680 5340 
8567 4863 5108 4864 
8568 4684 4686 4685 
8569 7310 7655 3651 
8570 5184 5185 5182 
8571 4183 4215 4214 
8572 4130 4149 4131 
8573 4124 4721 4125 
8574 5786 5859 5846 
8575 4215 4390 4389 
8576 5374 5962 5401 
8577 4390 4456 4455 
8578 4024 7029 7005 
8579 5915 7141 4971 
8580 4966 4967 4965 
8581 3969 3978 3977 
8582 4109 4124 4110 
8583 5876 7464 6452 
8584 4112 6914 4077 
8585 5946 6183 5945 
8586 4911 5701 5700 
8587 7013 8133 4027 
8588 6912 7203 6738 
8589 5218 7311 5465 
8590 5932 7388 6970 
8591 59 7132 60 
8592 6589 6590 5536 
8593 4184 4467 4186 
8594 5571 7021 6383 
8595 5892 7072 5853 
8596 5701 5703 5702 
8597 4084 4183 4156 
8598 5345 5348 5346 
8599 4427 4465 4464 
8600 4218 4219 4121 
8601 6356 7070 5857 
8602 4030 5671 4039 
8603 6728 7034 6730 
8604 3812 7125 3815 
8605 3978 3989 3988 
8606 5873 6108 5874 
8607 4595 4878 4596 
8608 4997 4999 4998 
8609 5229 5230 5227 
8610 3989 3995 3994 
8611 5526 5954 5953 
8612 4005 4009 4008 
8613 6418 6898 6417 
8614 5625 7497 6083 
8615 4466 4593 4592 
8616 3983 7095 3992 
8617 5717 6047 5718 
8618 4141 4143 4142 
8619 6926 8138 7419 
8620 4983 5422 5280 
8621 5023 5717 5716 
8622 4158 4169 4157 
8623 4028 7119 4013 
8624 5205 7056 5325 
8625 4427 7012 4465 
8626 3765 4113 3767 
8627 5570 6342 5544 
8628 5977 7977 7970 
8629 4918 6903 5007 
8630 3981 3985 3982 
8631 4933 4935 4934 
8632 4318 6932 4262 
8633 4732 4906 4905 
8634 4309 4310 4307 
8635 5764 6104 6103 
8636 5311 5665 5664 
8637 5534 5873 5872 
8638 5056 7043 5213 
8639 5039 7116 4660 
8640 4192 7062 4468 
8641 6698 7010 4511 
8642 5952 7013 5587 
8643 4869 6985 4619 
8644 4831 7336 6983 
8645 6145 7344 5842 
8646 4908 4921 4920 
8647 5162 7129 4989 
8648 4698 4700 4699 
8649 4143 4145 4144 
8650 5810 5811 5085 
8651 4950 5202 4951 
8652 4809 4930 4808 
8653 4145 4148 4146 
8654 4042 4044 4043 
8655 4700 4706 4705 
8656 222 6910 223 
8657 6667 8168 6668 
8658 4695 4698 4697 
8659 6086 6357 6356 
8660 5353 5442 5354 
8661 4482 5278 4477 
8662 4913 5264 4682 
8663 4858 7186 7027 
8664 4706 4729 4728 
8665 5708 5828 5827 
8666 5181 7118 5973 
8667 6024 7214 5672 
8668 4964 4965 4963 
8669 5697 6281 5877 
8670 5161 7178 5159 
8671 4148 4159 4151 
8672 5402 7122 5373 
8673 5022 5708 5358 
8674 4691 4865 4693 
8675 6277 6827 4516 
8676 4396 4397 4394 
8677 4931 5010 4930 
8678 4879 4950 4910 
8679 6439 6441 6437 
8680 5299 6020 4895 
8681 4982 7054 5127 
8682 3640 7313 132 
8683 7362 7451 4020 
8684 4211 4213 4212 
8685 4213 4366 4365 
8686 3921 5736 3923 
8687 5442 5998 5443 
8688 4159 4220 4164 
8689 4237 6984 4238 
8690 3931 4027 3933 
8691 4747 7252 4877 
8692 232 3741 233 
8693 4921 5060 5059 
8694 4543 7189 4817 
8695 3841 7147 3842 
8696 5313 6248 5813 
8697 3881 7304 5772 
8698 5399 7386 6974 
8699 4023 7223 4029 
8700 4340 4751 4331 
8701 6104 6354 6105 
8702 7125 7288 5916 
8703 3974 7046 3928 
8704 61 7131 3695 
8705 6730 7034 6733 
8706 3771 4032 3773 
8707 5060 5111 5096 
8708 6154 7243 5653 
8709 5023 5715 4934 
8710 4549 4584 4583 
8711 6793 8212 6792 
8712 6386 6387 5660 
8713 5139 5800 5428 
8714 3925 4083 3927 
8715 5577 7042 5901 
8716 5050 5052 5011 
8717 3664 7364 109 
8718 5446 5550 5447 
8719 5643 5868 5865 
8720 151 3725 152 
8721 4759 4974 4757 
8722 4533 4534 4531 
8723 3936 7033 4024 
8724 4999 5001 5000 
8725 4366 4409 4408 
8726 5550 5882 5551 
8727 4319 4320 4317 
8728 4763 4764 4761 
8729 5111 5596 5573 
8730 5950 6612 5506 
8731 4220 4385 4381 
8732 4102 7627 4089 
8733 5733 7495 6077 
8734 4044 4046 4045 
8735 5144 6142 6141 
8736 4180 4216 4179 
8737 5190 5569 5568 
8738 4752 4808 4751 
8739 5457 7128 3750 
8740 3721 6940 306 
8741 5327 5414 5094 
8742 3999 4843 3894 
8743 108 7377 3664 
8744 5038 5040 5039 
8745 5702 5704 5700 
8746 4012 4022 4021 
8747 5225 5226 4899 
8748 5486 7384 6360 
8749 4316 4317 4314 
8750 3707 6936 314 
8751 284 7335 3688 
8752 4576 4578 4577 
8753 4197 4199 4198 
8754 4619 6985 4621 
8755 4460 4462 4461 
8756 5040 5042 5041 
8757 5716 5795 5715 
8758 5379 5949 5741 
8759 3835 6615 3837 
8760 5602 7048 6837 
8761 5203 5446 5445 
8762 5042 5222 5221 
8763 3777 3991 3779 
8764 5654 5771 5655 
8765 5700 7090 5699 
8766 4862 4984 4861 
8767 154 7023 155 
8768 3662 6944 304 
8769 5546 8107 6309 
8770 4737 4741 4739 
8771 4045 5193 4043 
8772 4142 7290 4139 
8773 6014 7494 6777 
8774 5882 5884 5883 
8775 4854 4858 4855 
8776 4911 5699 4642 
8777 4641 4642 4456 
8778 4385 4447 4446 
8779 6848 6849 5535 
8780 3897 7359 3900 
8781 4978 5190 4979 
8782 6323 8109 6322 
8783 5732 6130 5723 
8784 4612 4613 4581 
8785 6344 7859 3962 
8786 4647 4866 4645 
8787 86 7071 87 
8788 5400 5921 5402 
8789 5068 6779 4796 
8790 4511 7010 4514 
8791 4985 5337 4984 
8792 4455 4457 4389 
8793 3975 4733 3983 
8794 5518 7009 5520 
8795 4514 7010 4522 
8796 6414 6416 6415 
8797 5052 7230 5011 
8798 7124 7554 4609 
8799 4741 4743 4742 
8800 6736 7812 6509 
8801 3746 7565 236 
8802 5861 5862 5193 
8803 3918 3920 3919 
8804 5296 7043 5056 
8805 7023 8067 6053 
8806 3847 7139 3850 
8807 3916 3918 3917 
8808 6870 7592 6872 
8809 4271 7204 4269 
8810 4404 4405 4219 
8811 4217 4393 4216 
8812 3994 3996 3988 
8813 3938 7033 3936 
8814 4447 4600 4599 
8815 4190 7270 7062 
8816 5954 5956 5955 
8817 5417 5419 5418 
8818 4323 4324 4320 
8819 4903 4978 4904 
8820 5419 5843 5842 
8821 5843 6146 6145 
8822 4621 6985 4820 
8823 3914 3916 3915 
8824 4115 4173 4172 
8825 5919 8145 6453 
8826 4014 4036 4015 
8827 5465 5904 5464 
8828 4187 4189 4188 
8829 133 7313 3717 
8830 5574 7409 5332 
8831 4005 4008 3998 
8832 5956 6208 6207 
8833 5520 7009 5834 
8834 6682 7199 4623 
8835 5931 7705 7652 
8836 4859 5092 5089 
8837 5805 5806 5384 
8838 5268 5269 5205 
8839 6110 6989 5210 
8840 6146 6505 6148 
8841 5337 5472 4984 
8842 5265 5745 5264 
8843 4911 7123 5701 
8844 4933 4934 4669 
8845 4214 7007 4156 
8846 6135 7432 5649 
8847 4088 4115 4114 
8848 5211 5212 4843 
8849 5121 5542 5122 
8850 3720 6987 143 
8851 4011 4020 4009 
8852 4766 4767 4457 
8853 5747 5748 5269 
8854 6492 6874 5556 
8855 4454 7031 3761 
8856 3719 7059 280 
8857 6091 6451 5745 
8858 6001 6131 5467 
8859 3912 3914 3913 
8860 7326 7978 6249 
8861 4988 7080 5405 
8862 82 7087 83 
8863 4030 4031 3996 
8864 3977 4959 3968 
8865 4039 4040 4031 
8866 4868 5014 4867 
8867 5561 5562 5212 
8868 5330 5371 5370 
8869 5982 6221 5640 
8870 4084 4085 4040 
8871 5935 5936 5378 
8872 4607 7474 6888 
8873 5748 6275 6274 
8874 5345 5352 5348 
8875 4042 4043 4026 
8876 4722 7152 6967 
8877 5179 5180 4977 
8878 5901 7042 6301 
8879 5353 5893 5442 
8880 3811 7125 3812 
8881 5665 6269 6171 
8882 5115 7181 4792 
8883 4584 7116 4667 
8884 4398 4428 4397 
8885 4199 7114 4391 
8886 6751 7081 6980 
8887 5889 6868 5334 
8888 4680 7276 6938 
8889 5942 6021 5471 
8890 5682 6244 6243 
8891 5573 5820 5096 
8892 4743 4835 4834 
8893 5059 5293 4920 
8894 5542 6164 5543 
8895 4773 5734 4771 
8896 77 7232 78 
8897 3960 3962 3958 
8898 73 7226 74 
8899 5377 5378 5037 
8900 5108 5381 5339 
8901 5749 6119 5747 
8902 4937 7058 4935 
8903 4321 4410 4313 
8904 5325 7056 6873 
8905 5688 6436 5687 
8906 4048 4086 4046 
8907 4027 7229 7228 
8908 5881 6448 5820 
8909 3785 3967 3787 
8910 7341 7588 6013 
8911 3985 4000 3986 
8912 4923 4924 4885 
8913 4065 4088 4087 
8914 3689 6952 291 
8915 5302 5687 5301 
8916 5349 7140 5353 
8917 4961 5301 4960 
8918 7836 8020 6290 
8919 4712 7245 6822 
8920 64 7103 65 
8921 5735 6096 5472 
8922 5796 5975 5590 
8923 4728 4730 4705 
8924 6980 7081 4749 
8925 5921 7222 5922 
8926 66 7111 67 
8927 5245 5286 5285 
8928 4124 4722 4721 
8929 4170 7118 4169 
8930 3781 4779 3783 
8931 4606 4867 4605 
8932 4722 4723 4721 
8933 6585 8116 5648 
8934 3971 7008 3973 
8935 4876 5706 5651 
8936 4941 5049 4939 
8937 217 6742 218 
8938 5818 5920 5819 
8939 3910 3912 3911 
8940 76 7233 77 
8941 74 7227 75 
8942 5348 7140 5349 
8943 6348 6547 5554 
8944 4724 4725 4723 
8945 4861 4863 4725 
8946 5352 5903 5348 
8947 4643 4911 4642 
8948 4066 5622 4106 
8949 3955 3956 3954 
8950 4732 4905 4729 
8951 4769 4960 4222 
8952 4834 4836 4742 
8953 4721 7067 4125 
8954 4390 4455 4389 
8955 5701 5702 5700 
8956 5033 5268 5205 
8957 3959 3960 3958 
8958 3928 7046 3926 
8959 3957 3958 3956 
8960 4945 5283 4943 
8961 5675 7293 6040 
8962 5868 6493 6137 
8963 3961 3968 3960 
8964 5750 7331 5154 
8965 4949 4954 4775 
8966 4908 4920 4906 
8967 3884 4736 3811 
8968 4215 4389 4214 
8969 6555 7857 6551 
8970 3956 4788 3954 
8971 5269 7056 5205 
8972 7030 7218 3827 
8973 6576 7185 6575 
8974 5022 5044 4730 
8975 3969 3977 3968 
8976 4550 4552 4405 
8977 5356 5762 5761 
8978 3973 7008 3981 
8979 5542 6165 6164 
8980 5458 5620 5278 
8981 5371 7122 5571 
8982 4935 5023 4934 
8983 7203 7351 5937 
8984 5623 6019 6018 
8985 4220 4392 4385 
8986 4840 4842 4841 
8987 5083 7202 5810 
8988 5717 5718 5716 
8989 3989 3994 3988 
8990 5680 7171 5340 
8991 5213 5797 5615 
8992 5709 5710 5224 
8993 4096 4166 4098 
8994 4983 5279 4982 
8995 4022 4065 4064 
8996 153 3655 154 
8997 4183 4214 4156 
8998 5340 7171 5342 
8999 3978 3988 3977 
9000 4064 7340 4021 
9001 5393 5394 5251 
9002 5352 5933 5903 
9003 4429 4580 4428 
9004 7516 7686 6418 
9005 57 7161 58 
9006 5309 7327 4367 
9007 5243 5245 5244 
9008 288 7404 289 
9009 4734 7319 4484 
9010 5242 7050 5549 
9011 4145 4150 4148 
9012 68 7120 69 
9013 6860 7948 6859 
9014 7092 7093 7091 
9015 5128 7238 4794 
9016 4394 7153 4393 
9017 3953 3954 3951 
9018 5249 5658 5657 
9019 4328 4329 4326 
9020 212 6555 6551 
9021 6744 7664 6745 
9022 5280 5683 5279 
9023 5645 5818 5817 
9024 5426 5635 5180 
9025 6738 7203 6740 
9026 4614 4884 4613 
9027 4739 4740 4738 
9028 5279 7054 4982 
9029 132 7313 133 
9030 4737 4738 4736 
9031 4125 7067 4127 
9032 4054 4104 4052 
9033 4697 4704 4696 
9034 4337 4338 4334 
9035 5176 8230 6375 
9036 4695 4696 4694 
9037 6053 8067 5986 
9038 5337 5735 5472 
9039 5083 5810 5085 
9040 4972 5403 4947 
9041 5281 5968 4928 
9042 7134 8164 7255 
9043 6014 6284 5598 
9044 4411 4412 4410 
9045 5979 6219 5620 
9046 5735 6098 6096 
9047 4447 4802 4600 
9048 4551 5146 4872 
9049 4722 4724 4723 
9050 5018 5455 5121 
9051 5702 6017 5704 
9052 5622 6352 6350 
9053 5023 5716 5715 
9054 4926 5249 5248 
9055 4780 7012 4426 
9056 6379 7801 5439 
9057 4415 4416 4414 
9058 4333 4334 4332 
9059 30 7133 31 
9060 4724 4861 4725 
9061 5073 7202 5075 
9062 4465 7501 6958 
9063 4149 7074 4131 
9064 4693 4694 4692 
9065 4413 4414 4412 
9066 60 7132 7131 
9067 4141 4797 4143 
9068 5511 5512 5510 
9069 5410 5790 5789 
9070 4911 5700 5699 
9071 5745 5929 5264 
9072 5147 5751 4838 
9073 5625 6082 5624 
9074 4044 4045 4043 
9075 5268 5747 5269 
9076 5127 7054 5391 
9077 32 7145 33 
9078 4659 7117 5377 
9079 5189 7153 5974 
9080 4131 7074 4133 
9081 4802 5018 4894 
9082 4637 4638 4636 
9083 5213 5615 5055 
9084 5150 5153 4889 
9085 5547 5697 5696 
9086 3951 3952 3950 
9087 4691 4692 4690 
9088 4970 5137 4971 
9089 5196 5479 5478 
9090 6817 7301 4421 
9091 34 7150 35 
9092 3815 7125 5916 
9093 3815 5916 3817 
9094 5386 6903 4918 
9095 3949 3950 3948 
9096 5422 5423 5280 
9097 5722 5723 5427 
9098 5687 5689 5301 
9099 5203 7037 5446 
9100 4766 5080 4767 
9101 3809 3884 3811 
9102 4736 7288 7125 
9103 144 6987 3666 
9104 4455 4766 4457 
9105 4417 4418 4416 
9106 4309 7069 4310 
9107 4727 4983 4982 
9108 220 6986 6601 
9109 6416 6418 6417 
9110 5704 7090 5700 
9111 4443 4605 4442 
9112 5187 5366 5188 
9113 4849 5195 5152 
9114 4823 5257 4764 
9115 3947 3948 3946 
9116 5637 6139 5635 
9117 4084 4156 4085 
9118 4039 4084 4040 
9119 4702 7387 4692 
9120 5187 5481 5366 
9121 4578 4601 4579 
9122 4060 4152 4058 
9123 5647 6002 5649 
9124 4030 4039 4031 
9125 3994 4030 3996 
9126 54 7157 55 
9127 4343 4344 4338 
9128 3920 7177 3975 
9129 3789 4791 3791 
9130 4960 5192 4222 
9131 4689 4690 4688 
9132 4045 5861 5193 
9133 5936 5938 5378 
9134 5891 7043 5296 
9135 39 7258 40 
9136 37 7261 38 
9137 4700 4705 4699 
9138 5184 5187 5185 
9139 36 7262 37 
9140 4706 4728 4705 
9141 5708 5827 5358 
9142 7586 7691 5992 
9143 3793 3891 3795 
9144 5868 6494 6493 
9145 52 7168 53 
9146 4440 4441 4418 
9147 4747 4875 4748 
9148 4425 4846 4518 
9149 4698 4699 4697 
9150 5706 6382 6381 
9151 3681 7616 6172 
9152 3805 5383 3807 
9153 3864 7248 3865 
9154 5042 5416 5222 
9155 4921 5059 4920 
9156 6689 7903 7874 
9157 152 7053 153 
9158 5317 5758 5493 
9159 3945 3946 3944 
9160 4846 5164 4847 
9161 3845 4790 3847 
9162 4740 5721 5369 
9163 5018 5121 4894 
9164 3943 3944 3942 
9165 3908 3910 3909 
9166 4585 4586 4441 
9167 5417 5886 5419 
9168 3941 3942 3940 
9169 40 7259 41 
9170 4135 7191 4137 
9171 6849 6961 5535 
9172 4925 5250 4924 
9173 4549 4659 4584 
9174 4926 5215 4638 
9175 5843 6147 6146 
9176 5137 7182 5144 
9177 6697 7347 4503 
9178 3939 3940 3938 
9179 4802 4894 4600 
9180 5168 5169 5167 
9181 5038 5259 5040 
9182 5060 5096 5059 
9183 5258 5589 5257 
9184 4440 4806 4585 
9185 4352 4353 4350 
9186 4906 7063 4905 
9187 5270 5271 5169 
9188 5111 5573 5096 
9189 3801 3890 3803 
9190 3947 3949 3948 
9191 4659 4660 4584 
9192 5122 7170 4894 
9193 5765 6455 5769 
9194 3949 3951 3950 
9195 5858 6086 5857 
9196 77 7233 7232 
9197 4667 7079 5105 
9198 7226 7227 74 
9199 4366 4459 4409 
9200 6914 7442 4079 
9201 4460 4548 4462 
9202 5452 6810 6059 
9203 6016 7431 7036 
9204 5481 6081 5791 
9205 5699 7192 4642 
9206 5248 5707 5215 
9207 4302 5430 4297 
9208 4208 4209 4207 
9209 4210 4211 4209 
9210 4090 7245 4103 
9211 4436 7051 4631 
9212 4806 4929 4928 
9213 4296 4298 4297 
9214 3945 3947 3946 
9215 3943 3945 3944 
9216 3941 3943 3942 
9217 4100 4176 4074 
9218 5723 6924 5427 
9219 4548 4549 4462 
9220 3857 3908 3907 
9221 3939 3941 3940 
9222 4386 4747 4746 
9223 5037 5038 4660 
9224 5856 5857 5855 
9225 5962 5963 5401 
9226 4210 7167 4769 
9227 5641 6319 5982 
9228 3937 3938 3936 
9229 277 7466 3686 
9230 5379 5380 4988 
9231 4467 5167 4186 
9232 5416 5417 5222 
9233 4459 4460 4409 
9234 4127 7067 4130 
9235 5580 7037 5202 
9236 4986 7445 7351 
9237 4749 7081 4829 
9238 5761 7207 4909 
9239 4422 4470 4423 
9240 5342 7171 5345 
9241 5797 6041 5615 
9242 7983 8211 5821 
9243 4290 4292 4291 
9244 4363 4364 4361 
9245 5604 7048 5602 
9246 4206 4207 4205 
9247 5023 7058 5717 
9248 5810 6852 5811 
9249 5216 7036 4000 
9250 5031 5666 4558 
9251 4288 4290 4289 
9252 3833 7268 3830 
9253 3937 3939 3938 
9254 4495 7215 4483 
9255 5854 5855 5853 
9256 4200 7127 4745 
9257 4983 5280 5279 
9258 4360 4361 4359 
9259 5395 5763 5394 
9260 5573 5881 5820 
9261 5022 5358 5044 
9262 3876 7304 3878 
9263 5633 5634 5048 
9264 6030 7151 5580 
9265 4728 5022 4730 
9266 5282 5641 5640 
9267 5014 5722 5427 
9268 5949 7423 7387 
9269 4741 4742 4739 
9270 4391 7114 5365 
9271 5936 6330 5938 
9272 4858 7027 4855 
9273 3852 3857 3855 
9274 6436 8011 5324 
9275 4204 7169 7052 
9276 4345 4346 4339 
9277 4356 4422 4379 
9278 5246 7201 5237 
9279 4439 4442 4438 
9280 6075 6076 5730 
9281 4695 4697 4696 
9282 4291 4339 4289 
9283 5181 5183 5182 
9284 5549 5557 5297 
9285 4204 4205 4203 
9286 4929 5282 5281 
9287 4169 5181 4384 
9288 4693 4695 4694 
9289 4659 5037 4660 
9290 4548 7117 4549 
9291 5764 6103 5763 
9292 5353 7140 5893 
9293 5705 7191 4135 
9294 6162 7412 6407 
9295 4809 4931 4930 
9296 5922 7222 6272 
9297 5858 6087 6086 
9298 4345 5770 4347 
9299 5852 5853 5851 
9300 4202 4203 4201 
9301 4179 7118 4170 
9302 5632 7162 5337 
9303 5957 7198 5819 
9304 60 7131 61 
9305 4200 4201 4199 
9306 4743 4834 4742 
9307 5998 7255 5999 
9308 3864 8217 6691 
9309 5001 7097 5002 
9310 3666 7001 145 
9311 4169 4384 4157 
9312 4197 4200 4199 
9313 4686 4689 4688 
9314 4109 7152 4124 
9315 4210 4222 4211 
9316 3753 7077 3755 
9317 5850 5851 5849 
9318 4397 7153 4394 
9319 4931 5011 5010 
9320 4712 6822 6821 
9321 5110 5298 4954 
9322 5196 5477 5152 
9323 5773 5816 5115 
9324 5229 5231 5230 
9325 4486 7319 4489 
9326 4208 4210 4209 
9327 4847 4848 4518 
9328 6082 6249 5624 
9329 5183 5186 5184 
9330 4426 4427 4364 
9331 5543 7098 5643 
9332 7071 7205 3676 
9333 4691 4693 4692 
9334 4206 4208 4207 
9335 268 7641 3644 
9336 5856 5858 5857 
9337 4423 4424 4379 
9338 5015 5460 5459 
9339 4285 4811 4283 
9340 4133 7074 5705 
9341 4935 7058 5023 
9342 4347 4355 4346 
9343 5848 5849 5847 
9344 5866 7462 6079 
9345 5976 5977 5975 
9346 4356 4378 4355 
9347 4448 7167 4208 
9348 5571 7122 7021 
9349 5058 7337 5515 
9350 5456 5670 5298 
9351 3884 4737 4736 
9352 4393 4444 4216 
9353 4710 5379 4988 
9354 4580 4713 4428 
9355 5704 7091 7090 
9356 4645 7123 4643 
9357 5380 7080 4988 
9358 4024 7033 7029 
9359 4737 4739 4738 
9360 5362 5969 5363 
9361 4835 5145 4834 
9362 5274 5681 5275 
9363 4415 4419 4417 
9364 5271 5785 5169 
9365 5854 5856 5855 
9366 5478 5720 5477 
9367 6252 7799 7477 
9368 5268 7154 5749 
9369 5324 8202 6769 
9370 6629 7128 5457 
9371 4465 4466 4464 
9372 5431 6064 5430 
9373 5405 7080 5952 
9374 5465 6010 5904 
9375 5846 5847 5845 
9376 4631 7051 4997 
9377 5124 5523 5521 
9378 4689 4691 4690 
9379 4849 5151 4848 
9380 4745 7169 4202 
9381 5250 5320 4924 
9382 5890 6370 5670 
9383 4666 4784 4783 
9384 4204 4206 4205 
9385 4196 4197 4195 
9386 6197 6198 5690 
9387 5481 5791 5366 
9388 4279 7257 4277 
9389 4411 5141 4413 
9390 4601 4714 4602 
9391 4884 5939 4613 
9392 6122 6123 5977 
9393 5183 5184 5182 
9394 4202 4204 4203 
9395 4875 7244 4876 
9396 3749 7096 3751 
9397 4752 4809 4808 
9398 4035 5194 4684 
9399 5786 5845 5785 
9400 5660 7124 5570 
9401 3935 3937 3936 
9402 4194 4195 4193 
9403 5704 7092 7091 
9404 3935 3936 3934 
9405 4154 4155 4153 
9406 4425 4517 4424 
9407 4636 7458 4635 
9408 4595 4596 4594 
9409 4562 7396 4825 
9410 5596 7381 6942 
9411 5930 5931 5116 
9412 4190 4191 4189 
9413 5533 5534 5153 
9414 5263 5646 5645 
9415 4593 4594 4592 
9416 5852 5854 5853 
9417 4393 5189 4444 
9418 4437 4438 4435 
9419 5763 5844 5394 
9420 4855 7027 4857 
9421 5948 6889 5581 
9422 5261 5263 5262 
9423 4200 4202 4201 
9424 6081 6084 5791 
9425 4192 4193 4191 
9426 7058 7282 6048 
9427 5729 6074 5730 
9428 4187 4190 4189 
9429 6042 7209 5615 
9430 4586 4637 4636 
9431 4669 7143 4647 
9432 4931 5012 5011 
9433 5181 5182 4384 
9434 5649 7244 5171 
9435 5206 5673 5310 
9436 5372 5373 5371 
9437 4682 7276 4680 
9438 4767 7154 5033 
9439 4302 5729 5431 
9440 4610 4787 4785 
9441 5191 5623 5129 
9442 3757 7089 3759 
9443 7314 7390 5724 
9444 6104 6105 6103 
9445 5374 5400 5373 
9446 4897 5129 4713 
9447 4475 7330 5316 
9448 4784 4892 4891 
9449 4085 7100 4094 
9450 3933 3934 3932 
9451 4671 4915 4914 
9452 5263 5645 5262 
9453 5310 5311 5207 
9454 156 3726 157 
9455 6778 7616 120 
9456 7181 7332 4792 
9457 5650 5943 5320 
9458 6838 7670 6839 
9459 5019 7424 7073 
9460 5850 5852 5851 
9461 3962 8159 6344 
9462 4310 4312 4311 
9463 4752 5123 4809 
9464 3797 4810 3799 
9465 5189 5261 5260 
9466 4050 7149 4048 
9467 4878 4879 4596 
9468 5090 5274 5091 
9469 5330 5372 5371 
9470 5848 5850 5849 
9471 4196 7127 4197 
9472 4137 7191 4141 
9473 4580 4897 4713 
9474 4160 4161 4155 
9475 4950 4951 4910 
9476 4473 7069 4309 
9477 4793 4968 4519 
9478 4115 4174 4173 
9479 6512 7844 6065 
9480 5725 6022 5164 
9481 5261 5262 5260 
9482 4918 5007 4919 
9483 5873 5874 5872 
9484 5218 5465 5464 
9485 3931 3932 3930 
9486 6804 7709 6122 
9487 4821 7370 4852 
9488 4168 8196 6246 
9489 5496 5944 5494 
9490 4660 7116 4584 
9491 4186 4187 4185 
9492 5846 5848 5847 
9493 4296 4297 4294 
9494 4505 7347 4508 
9495 5191 5624 5623 
9496 5202 5203 4951 
9497 4084 7174 4183 
9498 4340 4752 4751 
9499 4602 7373 5106 
9500 5864 7077 3753 
9501 5336 5766 5765 
9502 4897 5191 5129 
9503 6267 7460 6523 
9504 4174 4175 4173 
9505 5051 5336 5335 
9506 5382 7411 7279 
9507 6164 7098 5543 
9508 3935 7228 4777 
9509 6025 7968 7837 
9510 4194 4196 4195 
9511 4368 4369 4161 
9512 5235 7201 5247 
9513 5225 5227 5226 
9514 4312 4314 4313 
9515 4430 4431 4369 
9516 4286 4288 4287 
9517 4736 7125 3811 
9518 5786 5846 5845 
9519 5816 7181 5115 
9520 5189 5260 4444 
9521 6108 6761 5874 
9522 4192 4194 4193 
9523 4184 4185 4175 
9524 5012 5051 5050 
9525 4797 8128 6532 
9526 3929 3930 3928 
9527 5245 5287 5286 
9528 5379 5741 5380 
9529 5271 5786 5785 
9530 6009 6159 6158 
9531 4022 5252 4065 
9532 5550 5551 5447 
9533 5557 5731 5297 
9534 6017 7092 5704 
9535 4655 7086 6655 
9536 5696 7311 5066 
9537 221 6601 3683 
9538 5105 7079 5654 
9539 4829 7081 5139 
9540 4190 4192 4191 
9541 5813 7470 6063 
9542 5144 7182 6142 
9543 4539 4540 4537 
9544 5532 5690 5531 
9545 5446 5447 5445 
9546 4884 5940 5939 
9547 4920 7063 4906 
9548 5287 5288 5286 
9549 5882 5883 5551 
9550 3933 3935 3934 
9551 4613 7249 4581 
9552 3884 7213 6988 
9553 5329 5330 5288 
9554 4891 5113 4783 
9555 146 7001 3724 
9556 5671 7174 4039 
9557 4415 4417 4416 
9558 4413 4415 4414 
9559 3927 3928 3926 
9560 5231 7278 5410 
9561 4990 5066 4991 
9562 4643 7123 4911 
9563 4535 4536 4534 
9564 4321 4411 4410 
9565 4036 4076 4037 
9566 5883 5909 5551 
9567 4076 4112 4077 
9568 5641 5982 5640 
9569 4324 4326 4325 
9570 4071 4400 4399 
9571 5665 6271 6269 
9572 4139 7290 4140 
9573 3921 7300 5736 
9574 5240 7050 5242 
9575 5250 5650 5320 
9576 5372 5374 5373 
9577 4026 7164 4018 
9578 3755 7077 4833 
9579 4877 7252 5449 
9580 4310 4311 4307 
9581 6070 7283 5963 
9582 4701 7267 4707 
9583 4833 7089 3757 
9584 5972 7532 5971 
9585 3898 7327 3896 
9586 4747 4877 4875 
9587 4581 7249 4580 
9588 5374 5401 5400 
9589 5249 5657 5248 
9590 4929 5281 4928 
9591 5824 6008 4512 
9592 4344 4349 4338 
9593 5650 6107 5943 
9594 5203 5444 4951 
9595 6267 6367 5731 
9596 5336 5765 5335 
9597 4642 7192 4456 
9598 4983 7184 5422 
9599 4304 5382 4301 
9600 4417 4440 4418 
9601 4324 4325 4320 
9602 4201 7114 4199 
9603 7279 7411 5729 
9604 3931 3933 3932 
9605 3975 7177 4733 
9606 37 7262 7261 
9607 4275 4348 4273 
9608 5884 5885 5883 
9609 4440 4585 4441 
9610 3925 3926 3924 
9611 4269 4813 4267 
9612 4606 4868 4867 
9613 5970 7664 6252 
9614 4329 4331 4326 
9615 4704 7184 4727 
9616 4281 4336 4279 
9617 4939 7282 4937 
9618 4733 7095 3983 
9619 4353 4358 4350 
9620 5051 5335 5050 
9621 4411 4413 4412 
9622 5207 7097 5001 
9623 259 7489 260 
9624 7926 8118 6538 
9625 5903 7140 5348 
9626 5622 6565 6352 
9627 5523 5946 5945 
9628 4456 7192 4455 
9629 4637 4926 4638 
9630 4427 4463 4364 
9631 4402 4407 4406 
9632 3914 4807 3916 
9633 5282 5640 5281 
9634 6935 7476 4716 
9635 4606 4898 4868 
9636 7258 7259 40 
9637 5703 7190 5702 
9638 4943 7175 4941 
9639 4184 4186 4185 
9640 4806 4928 4585 
9641 4329 4332 4331 
9642 4466 4591 4464 
9643 5941 6116 5762 
9644 3719 7810 6383 
9645 3918 3921 3920 
9646 4879 4909 4596 
9647 3929 3931 3930 
9648 5479 6078 5478 
9649 7195 7197 5680 
9650 5242 5243 5241 
9651 7186 7948 6860 
9652 4667 7116 7079 
9653 4174 4184 4175 
9654 5229 5232 5231 
9655 5808 6216 6215 
9656 6711 7567 5160 
9657 5735 7163 6098 
9658 5356 5941 5762 
9659 4857 7027 4903 
9660 6264 8031 4881 
9661 5012 5050 5011 
9662 5287 5329 5288 
9663 4082 4120 4092 
9664 4426 7012 4427 
9665 4926 5248 5215 
9666 6255 7400 5906 
9667 3910 4118 3912 
9668 6011 7882 6012 
9669 4789 5815 5321 
9670 3923 3924 3922 
9671 5445 5669 5444 
9672 5570 7124 6342 
9673 4544 7821 6360 
9674 4695 7210 4698 
9675 219 6986 220 
9676 3759 7089 4454 
9677 4169 7118 5181 
9678 4496 7345 4497 
9679 5701 7251 5703 
9680 5676 5678 5219 
9681 5744 7048 5604 
9682 5225 5228 5227 
9683 5195 5196 5152 
9684 5008 5392 4919 
9685 5562 6007 5564 
9686 4400 4402 4401 
9687 6159 7604 6160 
9688 5007 5009 5008 
9689 5080 7154 4767 
9690 5345 7171 5352 
9691 3751 7096 5864 
9692 4970 5200 5137 
9693 4877 5171 4875 
9694 5557 6267 5731 
9695 5200 5558 5137 
9696 5956 6283 6208 
9697 7007 7100 4156 
9698 3927 3929 3928 
9699 5240 5241 5239 
9700 5534 5746 5153 
9701 4910 5356 4909 
9702 4298 4302 4297 
9703 3665 7447 136 
9704 3651 8207 7310 
9705 4770 7112 6562 
9706 6204 7702 6203 
9707 6095 7797 7665 
9708 3992 7291 4012 
9709 3868 5760 3870 
9710 4344 4350 4349 
9711 6761 6762 5874 
9712 3921 3922 3920 
9713 6127 6128 5678 
9714 5308 5647 5171 
9715 5722 5732 5723 
9716 4052 7193 4050 
9717 4225 5093 4223 
9718 6744 6745 5752 
9719 5242 5297 5243 
9720 4156 7100 4085 
9721 4846 4847 4518 
9722 5373 7122 5371 
9723 4353 4359 4358 
9724 4592 4970 4591 
9725 4885 7264 4884 
9726 4265 4342 4263 
9727 3873 4071 3875 
9728 5643 7098 5868 
9729 4657 7086 4655 
9730 158 3636 159 
9731 185 3889 186 
9732 4439 4828 4443 
9733 4549 7117 4659 
9734 4359 4386 4358 
9735 5009 5220 5219 
9736 273 7621 274 
9737 5715 7143 4934 
9738 5293 7063 4920 
9739 7687 7814 6860 
9740 5022 7236 5708 
9741 3925 3927 3926 
9742 4924 7264 4885 
9743 6245 6400 6243 
9744 5362 5363 5107 
9745 6103 8221 7205 
9746 5467 7178 5161 
9747 5247 7278 5233 
9748 4332 4340 4331 
9749 5220 5677 5676 
9750 4866 7123 4645 
9751 6237 7949 6238 
9752 3724 7017 147 
9753 4751 7183 4331 
9754 4443 4606 4605 
9755 5308 5648 5647 
9756 5298 5537 4954 
9757 5238 5239 5237 
9758 5196 5478 5477 
9759 4877 5308 5171 
9760 6623 7285 3889 
9761 4339 7640 7477 
9762 5749 7275 6120 
9763 4016 4153 3970 
9764 5240 5242 5241 
9765 4795 7102 5143 
9766 6764 7403 4325 
9767 4771 7148 4343 
9768 6370 6372 5670 
9769 3860 7299 3858 
9770 5842 7344 5897 
9771 4312 4313 4311 
9772 4545 4546 4541 
9773 5366 7240 5399 
9774 4027 7228 3933 
9775 6387 7124 5660 
9776 5206 5207 5001 
9777 4484 7319 4486 
9778 5693 7219 7067 
9779 4124 7152 4722 
9780 6800 7883 4342 
9781 5748 7187 6275 
9782 4865 7210 4693 
9783 5782 6118 5779 
9784 5077 8098 6453 
9785 3925 7246 4083 
9786 5236 5237 5235 
9787 6244 6245 6243 
9788 4314 4321 4313 
9789 4849 5152 5151 
9790 4847 4849 4848 
9791 3827 7218 3829 
9792 4422 4423 4379 
9793 4898 5224 4899 
9794 5310 5312 5311 
9795 4423 4425 4424 
9796 80 7326 81 
9797 5381 7196 7195 
9798 3923 3925 3924 
9799 4425 4518 4517 
9800 4185 7898 4175 
9801 5238 5240 5239 
9802 4454 8060 7965 
9803 5337 7162 5735 
9804 4466 4592 4591 
9805 6934 7902 6118 
9806 4647 7143 4866 
9807 4427 4464 4463 
9808 5154 7331 5003 
9809 5234 5235 5233 
9810 4086 7212 4046 
9811 4666 4783 4664 
9812 4876 7244 5706 
9813 5316 7069 4473 
9814 7095 7291 3992 
9815 5193 7164 4043 
9816 5613 7797 7736 
9817 5200 5863 5558 
9818 4291 4345 4339 
9819 4284 4286 4285 
9820 4290 4291 4289 
9821 4805 5155 4624 
9822 6999 7297 4311 
9823 4489 5712 4633 
9824 5236 5238 5237 
9825 5394 7272 5251 
9826 5680 7358 7171 
9827 4905 7236 4729 
9828 5232 5233 5231 
9829 135 7274 3665 
9830 4046 7212 4045 
9831 4934 7143 4669 
9832 5234 5236 5235 
9833 5251 7272 5250 
9834 4662 5759 4377 
9835 4861 7166 4863 
9836 5747 7187 5748 
9837 6075 6250 6076 
9838 4343 7148 4344 
9839 5228 5229 5227 
9840 5736 7246 3923 
9841 7241 7242 4788 
9842 4759 7322 4974 
9843 160 7155 161 
9844 4302 5431 5430 
9845 84 7333 85 
9846 5203 5445 5444 
9847 6074 6075 5730 
9848 5002 7097 5253 
9849 5033 7154 5268 
9850 4326 7183 4325 
9851 4238 4240 4239 
9852 6354 7645 6105 
9853 6365 7577 5871 
9854 5977 7970 5975 
9855 5264 7276 4682 
9856 5937 7351 5935 
9857 4879 4910 4909 
9858 5232 5234 5233 
9859 5667 5668 5666 
9860 4729 7236 4728 
9861 4345 4347 4346 
9862 157 7130 158 
9863 5202 7037 5203 
9864 6523 7460 5136 
9865 4407 7301 4610 
9866 5339 7195 5680 
9867 283 7335 284 
9868 81 7326 3733 
9869 7162 7163 5735 
9870 4240 4242 4241 
9871 4356 4379 4378 
9872 4278 4280 4279 
9873 4048 7149 4086 
9874 5257 5739 4764 
9875 5756 6200 6199 
9876 5777 5781 5775 
9877 3779 7180 3781 
9878 5472 7166 4984 
9879 3807 7213 3809 
9880 161 3727 162 
9881 5448 7745 6951 
9882 4288 4289 4287 
9883 5411 5985 5984 
9884 4984 7166 4861 
9885 4282 4284 4283 
9886 4347 4356 4355 
9887 4280 4282 4281 
9888 4393 7153 5189 
9889 4793 5756 4969 
9890 7485 7573 6598 
9891 5534 5872 5746 
9892 5145 8184 6807 
9893 5966 7451 7362 
9894 107 7377 108 
9895 4197 7127 4200 
9896 3921 3923 3922 
9897 5048 7224 4835 
9898 5055 7209 4972 
9899 5939 7249 4613 
9900 4898 4899 4868 
9901 4250 4252 4251 
9902 5929 7585 6787 
9903 4248 4250 4249 
9904 4457 7220 4389 
9905 4276 4278 4277 
9906 5612 7590 7003 
9907 5966 7362 7164 
9908 3783 7179 3785 
9909 7040 8097 6713 
9910 4937 7282 7058 
9911 4966 4990 4967 
9912 4242 4244 4243 
9913 5729 5730 5431 
9914 4671 4914 4452 
9915 4272 4274 4273 
9916 4252 4254 4253 
9917 6709 7331 5750 
9918 5620 5740 5278 
9919 3829 7218 4035 
9920 4274 4276 4275 
9921 4000 7036 4001 
9922 4775 7318 4773 
9923 6965 7468 5226 
9924 5224 5225 4899 
9925 5320 7264 4924 
9926 6526 8115 244 
9927 4753 7337 5058 
9928 4254 4256 4255 
9929 8040 8126 6348 
9930 4213 7356 7026 
9931 5627 5876 5216 
9932 3667 7333 84 
9933 3996 7231 3988 
9934 4633 7614 7558 
9935 5049 7282 4939 
9936 6646 7363 6648 
9937 3725 8163 7542 
9938 4043 7164 4026 
9939 3787 7211 3789 
9940 5844 7272 5394 
9941 4439 4443 4442 
9942 4140 7503 4182 
9943 4811 7469 4283 
9944 6197 7796 7694 
9945 4141 7191 4797 
9946 4270 4272 4271 
9947 4174 7438 6708 
9948 3857 5209 3908 
9949 3999 5211 4843 
9950 5682 7317 6244 
9951 4208 7167 4210 
9952 5513 5514 5512 
9953 4039 7174 4084 
9954 4761 7322 4759 
9955 4214 7220 7007 
9956 163 3656 164 
9957 311 7515 312 
9958 5969 6703 5363 
9959 148 7017 3635 
9960 4244 4246 4245 
9961 5381 7195 5339 
9962 4784 4891 4783 
9963 4098 7324 4109 
9964 4804 5309 4367 
9965 5088 7102 4795 
9966 4259 4362 4257 
9967 5283 7175 4943 
9968 4256 4258 4257 
9969 4999 5206 5001 
9970 3747 8203 95 
9971 4892 4893 4891 
9972 4130 7219 4149 
9973 3892 3999 3894 
9974 4433 4437 4435 
9975 4918 4919 4915 
9976 189 3888 190 
9977 137 7447 3718 
9978 6061 8010 7021 
9979 4941 7175 5049 
9980 5191 7414 5625 
9981 6119 7187 5747 
9982 7175 7176 5049 
9983 7560 7974 6015 
9984 6571 7968 5555 
9985 4790 7139 3847 
9986 5702 7190 6017 
9987 5010 7230 5452 
9988 6683 7716 6684 
9989 5226 7303 4899 
9990 4268 4270 4269 
9991 4253 4354 4251 
9992 5927 6903 5386 
9993 4021 7340 4023 
9994 4714 4798 4715 
9995 5379 7267 5949 
9996 4959 7234 3968 
9997 5907 5993 5695 
9998 3900 7359 4832 
9999 4202 7169 4204 
10000 3922 7177 3920 
10001 6137 7462 5865 
10002 3799 7265 3801 
10003 5211 5561 5212 
10004 4489 7319 5712 
10005 4266 4268 4267 
10006 4258 4260 4259 
10007 4455 7192 4766 
10008 4430 4824 4792 
10009 3895 7359 3897 
10010 5523 5947 5946 
10011 4262 4264 4263 
10012 4477 7330 4475 
10013 6474 7950 5450 
10014 5410 7278 5790 
10015 4260 4262 4261 
10016 3977 7231 4959 
10017 4500 4793 4519 
10018 4701 7423 7267 
10019 4526 7376 4527 
10020 4264 4266 4265 
10021 4889 7206 4780 
10022 3881 5772 3886 
10023 7055 7235 4699 
10024 5413 5579 5578 
10025 5820 7253 5096 
10026 5510 7421 5408 
10027 5891 7386 7043 
10028 6590 6746 5536 
10029 5174 5496 5494 
10030 5829 5830 5514 
10031 4727 7184 4983 
10032 6727 8153 6726 
10033 3962 7241 3958 
10034 7363 7848 6648 
10035 4336 7257 4279 
10036 3991 7180 3779 
10037 5391 7250 5965 
10038 4738 7288 4736 
10039 5011 7230 5010 
10040 5991 6094 5328 
10041 3960 7234 3962 
10042 4707 7267 4710 
10043 4848 7287 4518 
10044 5558 7182 5137 
10045 4835 7224 5145 
10046 5274 5682 5681 
10047 4104 7193 4052 
10048 5515 6184 6055 
10049 5331 7567 5575 
10050 5682 6242 5681 
10051 6976 7375 4384 
10052 4625 7384 4900 
10053 4697 7235 4704 
10054 4012 7291 4022 
10055 4896 5069 4869 
10056 5929 7276 5264 
10057 4836 7254 4742 
10058 4045 7212 5861 
10059 4551 7429 5146 
10060 5808 6215 5677 
10061 5868 7098 6494 
10062 6221 7284 5640 
10063 4503 7347 4505 
10064 5835 5837 5668 
10065 5059 7253 5293 
10066 4577 7440 4575 
10067 5708 7415 5828 
10068 4824 5116 5115 
10069 166 3728 167 
10070 4029 7223 4066 
10071 7430 7618 4123 
10072 5038 7208 5259 
10073 4389 7220 4214 
10074 4166 7324 4098 
10075 4740 7254 5721 
10076 4964 4966 4965 
10077 7043 7386 5959 
10078 5734 7148 4771 
10079 4977 7086 4657 
10080 5255 5630 5030 
10081 5773 6375 5816 
10082 4508 5824 4512 
10083 6220 6709 5750 
10084 4112 7286 6914 
10085 4972 7209 5403 
10086 5087 7112 4770 
10087 4437 4439 4438 
10088 4883 4964 4963 
10089 3700 7962 6552 
10090 5783 6211 5784 
10091 6131 7178 5467 
10092 5037 7208 5038 
10093 3956 7241 4788 
10094 4402 4420 4407 
10095 5378 7208 5037 
10096 4392 7239 4385 
10097 162 7172 163 
10098 4739 7254 4740 
10099 6238 6240 6239 
10100 4224 8201 4615 
10101 6685 7199 6682 
10102 5598 7381 5596 
10103 4071 4822 4400 
10104 5615 7209 5055 
10105 4301 7279 4298 
10106 5947 6347 5946 
10107 6097 7372 7166 
10108 4447 7239 4802 
10109 3988 7231 3977 
10110 5580 7151 7037 
10111 7515 7888 312 
10112 4454 7965 7031 
10113 6521 7677 203 
10114 4693 7210 4695 
10115 5206 5310 5207 
10116 4404 4550 4405 
10117 5918 7277 7266 
10118 5682 6243 6242 
10119 5171 7244 4875 
10120 4286 4287 4285 
10121 4218 4404 4219 
10122 5780 5783 5782 
10123 5089 5090 4860 
10124 3968 7234 3960 
10125 4798 4800 4799 
10126 4385 7239 4447 
10127 4430 4792 4431 
10128 4120 4218 4121 
10129 7067 7219 4130 
10130 6064 7541 5430 
10131 4154 4160 4155 
10132 5697 6282 6281 
10133 4302 7279 5729 
10134 6009 6158 5469 
10135 5515 7337 6184 
10136 4844 5216 4000 
10137 4050 7193 7149 
10138 5581 7268 3833 
10139 5938 7208 5378 
10140 4368 4430 4369 
10141 168 3637 169 
10142 5635 5636 5180 
10143 5684 7250 7054 
10144 4109 7324 7152 
10145 3958 7241 3956 
10146 4160 4368 4161 
10147 3781 7180 4779 
10148 4294 7269 4292 
10149 4603 7392 4604 
10150 3785 7179 3967 
10151 5007 5008 4919 
10152 7222 7409 5574 
10153 4805 5774 5156 
10154 4779 7179 3783 
10155 3967 7211 3787 
10156 3809 7213 3884 
10157 4388 4845 4543 
10158 6840 7673 6843 
10159 5778 5780 5779 
10160 4859 4860 4421 
10161 4284 4285 4283 
10162 4160 4403 4368 
10163 4773 7318 5734 
10164 4420 4421 4407 
10165 216 7156 217 
10166 4728 7236 5022 
10167 5237 7201 5235 
10168 5936 7445 6331 
10169 6688 8070 7248 
10170 187 4453 188 
10171 3933 7228 3935 
10172 5774 5776 5775 
10173 4793 4969 4968 
10174 4280 4281 4279 
10175 4211 7356 4213 
10176 4704 7235 7184 
10177 5776 5778 5777 
10178 109 7364 110 
10179 6972 7665 6928 
10180 5383 7213 3807 
10181 4699 7235 4697 
10182 5623 7225 6019 
10183 5968 7294 4928 
10184 5676 6127 5678 
10185 5791 7240 5366 
10186 4243 4449 4241 
10187 5332 7409 6000 
10188 4508 7347 5824 
10189 7197 7358 5680 
10190 4282 4283 4281 
10191 4331 7183 4326 
10192 45 7418 46 
10193 5634 7224 5048 
10194 4547 4837 4546 
10195 4016 5798 4154 
10196 310 7644 3687 
10197 5645 7237 5818 
10198 4011 7362 4020 
10199 4517 7287 4789 
10200 5014 7303 5722 
10201 4278 4279 4277 
10202 7386 7492 5959 
10203 4580 7249 4897 
10204 4534 7407 4531 
10205 5281 7284 5968 
10206 7090 7393 5699 
10207 4896 5990 5328 
10208 5009 5219 5008 
10209 4035 7218 5194 
10210 6395 7925 6393 
10211 7054 7250 5391 
10212 6970 7341 5597 
10213 6249 7225 5624 
10214 5220 5676 5219 
10215 5646 7237 5645 
10216 6930 6932 4318 
10217 5756 6199 4969 
10218 5862 7353 5967 
10219 4844 6043 5627 
10220 6632 7724 6634 
10221 4610 7301 4787 
10222 4954 7318 4775 
10223 4274 4275 4273 
10224 6127 6345 6128 
10225 4276 4277 4275 
10226 4868 7303 5014 
10227 3999 5450 5211 
10228 6943 7398 3640 
10229 4859 5089 4860 
10230 7695 7816 3723 
10231 4780 7206 7012 
10232 7171 7358 5352 
10233 5233 7278 5231 
10234 5089 5474 5090 
10235 4016 4154 4153 
10236 5192 7356 4222 
10237 6561 7422 6237 
10238 5146 7307 4872 
10239 5096 7253 5059 
10240 5624 7225 5623 
10241 171 3690 172 
10242 4272 4273 4271 
10243 4800 4882 4801 
10244 5108 7372 5381 
10245 5805 8173 7564 
10246 5471 7102 5088 
10247 4552 4677 4554 
10248 5116 5773 5115 
10249 4587 4805 4624 
10250 4229 4627 4227 
10251 4420 4859 4421 
10252 4824 5115 4792 
10253 4066 7223 5622 
10254 5567 8213 4663 
10255 6034 6036 6035 
10256 4849 7308 5195 
10257 7491 8120 6415 
10258 167 7221 168 
10259 5911 7419 5910 
10260 7887 8014 6557 
10261 5824 7084 6008 
10262 3742 7559 25 
10263 3789 7211 4791 
10264 4241 7339 4239 
10265 4742 7254 4739 
10266 7445 7503 6331 
10267 7267 7423 5949 
10268 6223 7755 6222 
10269 5243 7247 5245 
10270 5795 7480 5715 
10271 173 7273 174 
10272 5312 7309 5311 
10273 4270 4271 4269 
10274 5452 7230 6810 
10275 6892 7670 4676 
10276 4884 7264 5940 
10277 4357 7640 4346 
10278 176 7289 177 
10279 6695 7557 5931 
10280 6036 6507 6303 
10281 5317 7307 5758 
10282 5153 7206 4889 
10283 4187 7270 4190 
10284 4586 7294 4637 
10285 5815 7794 6423 
10286 4840 4841 4626 
10287 4268 4269 4267 
10288 4764 7322 4761 
10289 4585 7294 4586 
10290 7296 7456 5941 
10291 26 7559 3704 
10292 4425 7314 4846 
10293 197 3663 198 
10294 5430 7269 4297 
10295 4298 7279 4302 
10296 93 7401 3706 
10297 6101 6102 5530 
10298 4665 8213 4827 
10299 7073 7424 5954 
10300 5107 7295 4892 
10301 7139 7271 3850 
10302 6981 7499 5742 
10303 7581 7647 5263 
10304 5493 5895 5327 
10305 4018 7362 4011 
10306 91 7454 92 
10307 5548 7894 6902 
10308 7106 7465 5403 
10309 6913 7416 3653 
10310 4254 4255 4253 
10311 6272 7335 6062 
10312 3850 7271 3852 
10313 191 6519 192 
10314 4266 4267 4265 
10315 4256 4257 4255 
10316 4252 4253 4251 
10317 4186 7270 4187 
10318 5250 7272 5650 
10319 194 4458 195 
10320 5411 5547 5066 
10321 4248 4249 4246 
10322 5460 5799 5459 
10323 6909 7530 6908 
10324 192 3902 193 
10325 6700 7436 6702 
10326 6022 7308 5164 
10327 4264 4265 4263 
10328 5369 7388 7011 
10329 174 3657 175 
10330 4785 7280 5124 
10331 3801 7265 3890 
10332 4307 7297 4304 
10333 5731 7247 5297 
10334 3923 7246 3925 
10335 3648 7996 7132 
10336 4262 4263 4261 
10337 4710 7267 5379 
10338 3817 7510 3818 
10339 3718 8204 6543 
10340 4440 7315 4806 
10341 7020 8035 7938 
10342 6232 6233 6230 
10343 4548 7305 7117 
10344 5164 7308 4847 
10345 4258 4259 4257 
10346 5311 7309 5665 
10347 5493 5896 5895 
10348 6227 7636 6229 
10349 4250 4251 4249 
10350 5167 7270 4186 
10351 4334 7263 4332 
10352 4518 7287 4517 
10353 4260 4261 4259 
10354 6869 7751 6299 
10355 3889 6480 186 
10356 149 7692 150 
10357 4345 7321 5770 
10358 5297 7247 5243 
10359 6372 8093 5126 
10360 6048 7487 6049 
10361 6211 6212 5784 
10362 6898 7571 5338 
10363 4356 7325 4422 
10364 4550 7365 4552 
10365 4872 5094 4871 
10366 4240 4241 4239 
10367 3715 7696 6920 
10368 193 6518 194 
10369 5699 7393 7192 
10370 4852 7370 5036 
10371 6834 7690 6833 
10372 4618 4896 4869 
10373 5666 7396 4558 
10374 5066 7311 4991 
10375 4242 4243 4241 
10376 7164 7362 4018 
10377 4781 7866 5126 
10378 7166 7372 4863 
10379 4470 7314 4423 
10380 6076 7328 5730 
10381 4526 7546 7376 
10382 6094 7389 5328 
10383 5118 7453 4816 
10384 7047 7522 5260 
10385 4157 7375 4116 
10386 4244 4245 4243 
10387 201 3669 202 
10388 5317 5327 5094 
10389 3766 7852 4171 
10390 5529 5530 5165 
10391 4022 7291 5252 
10392 5783 5784 5782 
10393 4384 7375 4157 
10394 5871 7577 6324 
10395 5278 7330 4477 
10396 5454 7112 5087 
10397 5320 7417 7264 
10398 7011 7388 5932 
10399 5414 8170 6469 
10400 4981 7450 4634 
10401 5778 7642 5826 
10402 4805 5156 5155 
10403 7626 7704 4814 
10404 6018 7517 5129 
10405 3900 4832 3904 
10406 6792 8212 3804 
10407 4664 7312 4662 
10408 6246 7944 6681 
10409 6795 7435 5019 
10410 6889 7268 5581 
10411 23 7486 24 
10412 5330 7379 5372 
10413 5640 7284 5281 
10414 4905 7415 7236 
10415 300 7620 3722 
10416 6100 7847 5792 
10417 4530 6056 5614 
10418 4292 7321 4291 
10419 189 7493 3888 
10420 5601 6155 6153 
10421 4377 7299 3860 
10422 3706 7401 3749 
10423 5245 7247 5287 
10424 5710 7281 5224 
10425 5780 5782 5779 
10426 4820 7370 4821 
10427 4297 7269 4294 
10428 177 3729 178 
10429 6633 7724 6632 
10430 4332 7263 4340 
10431 5317 5493 5327 
10432 7087 7719 7088 
10433 4036 4080 4076 
10434 4415 7306 4419 
10435 6147 7729 6892 
10436 5459 5728 5147 
10437 4551 4872 4871 
10438 4863 7372 5108 
10439 4537 7336 4536 
10440 4690 7423 4688 
10441 3916 7300 3918 
10442 7142 7355 4463 
10443 5444 7456 7296 
10444 6058 8026 7941 
10445 6138 8073 6475 
10446 6315 8110 5398 
10447 3964 4016 3970 
10448 6545 7831 3639 
10449 4810 7265 3799 
10450 5382 7279 4301 
10451 3912 7302 3914 
10452 51 7566 3650 
10453 4222 7356 4211 
10454 6603 7877 4582 
10455 5778 5779 5777 
10456 3731 7659 100 
10457 5770 7325 4347 
10458 6443 7507 6957 
10459 6407 7412 6410 
10460 6531 7436 6700 
10461 3852 7271 3857 
10462 4163 7430 4123 
10463 5954 7424 5956 
10464 4622 8217 3859 
10465 7032 7155 160 
10466 7724 7969 7914 
10467 4931 7298 5012 
10468 3725 7053 152 
10469 5356 7296 5941 
10470 4844 5627 5216 
10471 4558 7396 4559 
10472 5854 7548 5856 
10473 4872 5317 5094 
10474 7848 7969 6648 
10475 3646 7404 288 
10476 4419 7315 4417 
10477 7018 7594 5847 
10478 6 3677 216 
10479 6329 7380 5744 
10480 4892 7295 4893 
10481 7262 8183 7693 
10482 5774 5775 5156 
10483 5776 5777 5775 
10484 5411 7408 5985 
10485 5352 7358 5933 
10486 169 7660 170 
10487 4234 5272 4231 
10488 4928 7294 4585 
10489 4546 7374 4541 
10490 5547 7316 5697 
10491 198 6549 199 
10492 5141 7306 4413 
10493 4361 7354 4359 
10494 3667 7951 7333 
10495 8046 8065 5710 
10496 5622 7223 6565 
10497 5123 7298 4809 
10498 4444 7378 4216 
10499 6952 7624 292 
10500 4238 4239 4236 
10501 7309 7310 6271 
10502 3655 7023 154 
10503 192 6519 3902 
10504 182 7352 4 
10505 5732 7391 6130 
10506 6183 7869 5945 
10507 3739 7566 50 
10508 4842 5149 4841 
10509 3821 7545 3822 
10510 5795 7593 7480 
10511 4910 7296 5356 
10512 5225 7281 5228 
10513 4809 7298 4931 
10514 7192 7393 4766 
10515 179 3638 180 
10516 293 7624 3647 
10517 5665 7309 6271 
10518 4556 5031 4558 
10519 7264 7417 5940 
10520 5991 6095 6094 
10521 6310 8028 5546 
10522 4359 7354 4386 
10523 5166 5531 5529 
10524 5206 7348 5673 
10525 4810 7266 7265 
10526 5178 7390 4470 
10527 4789 7287 5815 
10528 5431 7328 6064 
10529 4990 5411 5066 
10530 7224 8184 5145 
10531 4179 7378 7118 
10532 5939 7414 7249 
10533 4386 7354 7252 
10534 4404 4551 4550 
10535 4421 7301 4407 
10536 4883 7369 4964 
10537 5746 7206 5153 
10538 5444 7296 4951 
10539 3891 7406 3795 
10540 4970 7371 5200 
10541 200 6522 201 
10542 4896 5328 5069 
10543 5476 7607 6965 
10544 3795 7406 3797 
10545 3703 7516 243 
10546 4831 5166 5165 
10547 3658 7418 45 
10548 5224 7281 5225 
10549 194 6518 4458 
10550 7685 8018 4322 
10551 4216 7378 4179 
10552 6043 6044 5627 
10553 4065 7394 4088 
10554 4899 7303 4868 
10555 204 3670 205 
10556 5015 5459 5147 
10557 3902 6518 193 
10558 4951 7296 4910 
10559 5537 7318 4954 
10560 4311 7297 4307 
10561 4338 7320 4334 
10562 5329 7379 5330 
10563 4713 7399 4428 
10564 199 3705 200 
10565 7207 7371 4594 
10566 5689 7928 6509 
10567 5890 7715 6371 
10568 136 7447 137 
10569 4787 7280 4785 
10570 5113 7312 4783 
10571 5124 7280 5523 
10572 4755 7518 6946 
10573 4541 7374 4540 
10574 7269 7321 4292 
10575 4304 7297 5382 
10576 213 3673 214 
10577 4417 7315 4440 
10578 4594 7371 4592 
10579 4413 7306 4415 
10580 6314 7971 3952 
10581 3636 7032 159 
10582 4968 7329 5174 
10583 4882 7369 4883 
10584 4453 7493 188 
10585 6902 7894 7482 
10586 5411 5984 5547 
10587 4349 7320 4338 
10588 7257 7350 4277 
10589 6497 7896 3661 
10590 5031 5667 5666 
10591 4551 4871 4550 
10592 7333 7951 6107 
10593 4926 7459 5249 
10594 5252 7394 4065 
10595 4320 7403 4317 
10596 4592 7371 4970 
10597 4847 7308 4849 
10598 7167 8137 6357 
10599 5983 7758 7421 
10600 6950 8055 5798 
10601 4964 5292 4966 
10602 4105 8228 6347 
10603 4142 7397 7290 
10604 5990 5991 5328 
10605 153 7053 3655 
10606 4397 7399 7153 
10607 5015 5147 4838 
10608 7236 7415 5708 
10609 4852 5036 4854 
10610 5611 8189 5610 
10611 7249 7414 4897 
10612 4431 7332 4433 
10613 207 3671 208 
10614 4536 4831 4830 
10615 4463 7355 4364 
10616 5751 7374 4838 
10617 90 7645 3693 
10618 6232 7543 6235 
10619 3914 7302 4807 
10620 4531 7407 4530 
10621 210 3672 211 
10622 3663 6549 198 
10623 4837 4838 4546 
10624 226 7904 7 
10625 4118 7302 3912 
10626 4423 7314 4425 
10627 4364 7355 4361 
10628 6591 7989 4648 
10629 4001 7036 4014 
10630 5929 7483 7276 
10631 4992 8013 6630 
10632 3918 7300 3921 
10633 4807 7300 3916 
10634 5363 7295 5107 
10635 6932 7610 6933 
10636 5809 7367 7202 
10637 5921 7409 7222 
10638 208 7044 209 
10639 6284 7381 5598 
10640 5658 7679 6793 
10641 3653 7416 6767 
10642 5300 7711 7256 
10643 5579 6654 6313 
10644 3870 7323 3873 
10645 6161 7412 6162 
10646 3654 7620 299 
10647 4686 7433 4689 
10648 3985 4844 4000 
10649 46 7524 47 
10650 7005 7676 7004 
10651 4606 7338 4898 
10652 4325 7403 4320 
10653 5024 5025 4874 
10654 6294 7809 3686 
10655 6388 8061 3690 
10656 5690 5803 5531 
10657 5985 7897 5984 
10658 4070 7832 3770 
10659 4651 7555 6597 
10660 5786 7561 5859 
10661 6152 7817 6611 
10662 4540 7336 4537 
10663 4374 7608 6806 
10664 4100 7443 4176 
10665 5661 7402 5322 
10666 4497 7345 4500 
10667 5739 7322 4764 
10668 5934 7614 6665 
10669 4945 7465 5283 
10670 7118 7378 5973 
10671 3710 7943 261 
10672 6969 7953 3741 
10673 5401 7597 7527 
10674 6064 7637 7541 
10675 5388 5698 5267 
10676 7276 7483 6938 
10677 5403 7465 4947 
10678 3797 7406 4810 
10679 6885 8131 4833 
10680 214 7422 215 
10681 4692 7387 4690 
10682 6929 7936 6931 
10683 5796 7625 5976 
10684 5899 7669 7126 
10685 4792 7332 4431 
10686 4291 7321 4345 
10687 3908 7342 3910 
10688 5841 7448 5840 
10689 5721 7388 5369 
10690 5785 7441 5169 
10691 5486 6360 5488 
10692 4120 5794 4218 
10693 4986 7503 7445 
10694 4997 7348 4999 
10695 6912 7351 7203 
10696 7437 8172 6444 
10697 5246 8214 7201 
10698 5090 7317 5274 
10699 4760 7858 4762 
10700 4713 7517 7399 
10701 3910 7342 4118 
10702 212 6551 213 
10703 5923 7747 6805 
10704 6306 7695 3647 
10705 5030 7343 4804 
10706 6387 7554 7124 
10707 4428 7399 4397 
10708 4449 7339 4241 
10709 5194 7433 4684 
10710 6057 6335 5614 
10711 4766 7393 5080 
10712 5667 5835 5668 
10713 5678 7360 5219 
10714 3740 7611 6607 
10715 6315 8161 8110 
10716 6698 7885 7010 
10717 4783 7312 4664 
10718 218 6742 3682 
10719 4115 7438 4174 
10720 4470 7390 7314 
10721 4496 7536 7345 
10722 4347 7325 4356 
10723 4757 7518 4755 
10724 6537 8223 6994 
10725 4978 5208 5190 
10726 6117 7721 5889 
10727 4530 5614 4471 
10728 4828 7338 4443 
10729 5759 7299 4377 
10730 5744 7380 7048 
10731 3857 7271 5209 
10732 4969 7329 4968 
10733 7161 7915 3648 
10734 6888 7638 7002 
10735 121 7616 3681 
10736 5730 7328 5431 
10737 4038 7553 7528 
10738 4275 7350 4348 
10739 5731 7457 7247 
10740 5877 7953 7643 
10741 7294 7459 4637 
10742 6872 7534 7100 
10743 3720 7909 6567 
10744 4688 7423 4701 
10745 201 6522 3669 
10746 6834 7782 3990 
10747 5740 7330 5278 
10748 5149 5958 4841 
10749 5469 7349 5255 
10750 7270 7441 7062 
10751 6519 7771 6366 
10752 6898 7686 7571 
10753 5835 6089 5837 
10754 5667 5836 5835 
10755 101 7659 3692 
10756 7718 7808 5481 
10757 5791 7449 7240 
10758 6073 7780 7461 
10759 4339 7477 4289 
10760 3976 8154 3919 
10761 7247 7457 5287 
10762 4837 5015 4838 
10763 3741 7471 233 
10764 7084 8017 6008 
10765 4662 7312 5759 
10766 7382 7575 4837 
10767 7573 7730 4070 
10768 5950 7829 6613 
10769 3677 8225 6561 
10770 6687 7716 6690 
10771 5760 7323 3870 
10772 6265 7421 5510 
10773 7031 7965 6516 
10774 5529 6101 5530 
10775 6263 7605 5762 
10776 5631 7742 5150 
10777 3873 7323 4071 
10778 6140 8092 6139 
10779 4674 8167 6319 
10780 276 7466 277 
10781 4443 7338 4606 
10782 6034 6035 5802 
10783 6355 7427 6354 
10784 205 7498 206 
10785 4020 7535 4009 
10786 4635 7734 6996 
10787 7383 7531 5930 
10788 5870 7935 5466 
10789 6771 7474 4607 
10790 3701 7952 7643 
10791 5523 7280 5947 
10792 295 7695 3723 
10793 7091 7544 7090 
10794 4814 7761 4595 
10795 4536 4830 4534 
10796 6060 7941 7791 
10797 164 7437 165 
10798 6729 8099 6727 
10799 7153 7399 5974 
10800 3681 7709 122 
10801 5008 7360 5392 
10802 7110 7598 7109 
10803 4816 7453 4542 
10804 6173 8231 7994 
10805 5166 5529 5165 
10806 6548 7455 5919 
10807 7892 7912 5962 
10808 4830 7407 4534 
10809 6581 8206 3722 
10810 5209 7342 3908 
10811 71 7582 72 
10812 5810 7367 6852 
10813 4793 7345 5756 
10814 199 6549 3705 
10815 297 8166 6814 
10816 7202 7367 5810 
10817 7051 7348 4997 
10818 3693 7454 91 
10819 4872 7307 5317 
10820 4 6622 183 
10821 4334 7320 7263 
10822 5408 7421 5407 
10823 4444 7522 7378 
10824 5474 7317 5090 
10825 5729 7411 6074 
10826 3683 6910 222 
10827 5249 7563 5658 
10828 7017 7747 6278 
10829 3886 7346 3892 
10830 3945 7507 3947 
10831 4684 7433 4686 
10832 5480 7458 4636 
10833 5049 7487 7282 
10834 4914 7752 6600 
10835 6203 7667 6643 
10836 5865 7462 5866 
10837 5441 5907 5695 
10838 7063 7415 4905 
10839 188 7493 189 
10840 8011 8202 5324 
10841 4348 7502 4273 
10842 7244 7432 5706 
10843 5878 7690 6376 
10844 6801 7866 5214 
10845 3705 6522 200 
10846 5792 7561 5271 
10847 6847 8059 5133 
10848 7398 8173 5805 
10849 6123 8003 7977 
10850 5585 7478 5273 
10851 6513 8022 6136 
10852 5968 7459 7294 
10853 7081 7463 5139 
10854 5819 7680 5817 
10855 3669 6521 202 
10856 4845 7189 4543 
10857 7639 7744 4196 
10858 6156 7853 5987 
10859 5450 8140 6474 
10860 4274 7784 4305 
10861 4831 5165 4830 
10862 180 7361 181 
10863 269 7739 270 
10864 7303 7468 5722 
10865 4433 7332 4437 
10866 5274 7317 5682 
10867 6224 6225 6223 
10868 3939 7602 3990 
10869 4088 7438 4115 
10870 4060 7508 4152 
10871 5900 8195 6752 
10872 7351 7445 5935 
10873 6073 7979 7780 
10874 5943 7417 5320 
10875 4361 7355 7354 
10876 5174 7329 5496 
10877 4054 7523 4104 
10878 3995 7583 7078 
10879 4536 7336 4831 
10880 4897 7414 5191 
10881 6753 7472 5926 
10882 6811 7812 6737 
10883 4116 7443 4100 
10884 233 7471 234 
10885 4527 7376 4587 
10886 6672 7495 5733 
10887 3771 7540 4032 
10888 4071 7323 4822 
10889 183 4450 184 
10890 4096 7534 4166 
10891 5423 7519 5280 
10892 3711 7986 266 
10893 270 7826 271 
10894 4152 7520 4058 
10895 3998 7583 3995 
10896 6036 6303 6035 
10897 4562 4825 4564 
10898 4838 7374 4546 
10899 4871 7365 4550 
10900 4450 6623 184 
10901 7366 7821 6511 
10902 4176 7514 4074 
10903 4227 7357 4225 
10904 5697 7316 6282 
10905 7293 7683 6040 
10906 4999 7348 5206 
10907 7079 7484 5654 
10908 5984 7316 5547 
10909 4552 7365 4677 
10910 6520 7554 6387 
10911 5790 7539 5789 
10912 7350 7864 4348 
10913 5028 7682 5304 
10914 6853 7484 7079 
10915 6335 7618 7430 
10916 7221 8194 7830 
10917 7375 7443 4116 
10918 5706 7432 6382 
10919 4603 7590 7392 
10920 6158 8211 7349 
10921 7121 7449 3696 
10922 3892 7346 3999 
10923 7844 8057 6065 
10924 6457 7505 6456 
10925 7591 7680 5186 
10926 4500 7345 4793 
10927 6388 7660 6259 
10928 7082 7273 173 
10929 3802 8212 3854 
10930 7046 7847 6100 
10931 5873 7416 6108 
10932 4314 7506 4321 
10933 5167 7441 7270 
10934 3671 7044 208 
10935 5546 8028 5545 
10936 5401 7527 5400 
10937 3673 7422 214 
10938 5956 7424 6283 
10939 6291 7669 6294 
10940 4804 7343 5309 
10941 4277 7350 4275 
10942 7140 7395 5893 
10943 6013 7494 6014 
10944 4777 7602 3937 
10945 6407 6410 6409 
10946 5015 7575 5460 
10947 4430 7383 4824 
10948 6093 8046 5710 
10949 5772 7346 3886 
10950 5988 7853 6532 
10951 6379 7899 7801 
10952 7020 7938 7019 
10953 5630 7343 5030 
10954 5649 7432 7244 
10955 3670 7498 205 
10956 7086 7865 6655 
10957 213 6551 3673 
10958 3726 7130 157 
10959 7669 7810 6294 
10960 5512 6265 5510 
10961 6539 8149 6540 
10962 6522 7217 3669 
10963 5841 8123 7448 
10964 5407 5755 5118 
10965 5078 8098 5077 
10966 6243 7574 6242 
10967 181 3730 182 
10968 4959 8209 6386 
10969 7100 7534 4094 
10970 7399 7517 5974 
10971 3999 7346 5450 
10972 5967 7451 5966 
10973 7404 7868 289 
10974 7732 8134 6887 
10975 6549 6550 3705 
10976 8092 8110 6139 
10977 6805 7741 5942 
10978 5226 7468 7303 
10979 5599 7450 4981 
10980 3647 7695 294 
10981 7394 7438 4088 
10982 3805 7549 5383 
10983 5903 7395 7140 
10984 6948 7630 6999 
10985 4964 7369 5292 
10986 5255 7349 5630 
10987 4400 7368 4402 
10988 5169 7441 5167 
10989 6537 8118 6747 
10990 3661 7489 259 
10991 5069 7389 5601 
10992 5434 8215 5439 
10993 5935 7445 5936 
10994 4402 7368 4420 
10995 7186 7439 7027 
10996 6373 8007 7498 
10997 3883 7675 6455 
10998 6238 6239 6236 
10999 3672 6555 211 
11000 4530 7407 6056 
11001 6367 7457 5731 
11002 4547 7382 4837 
11003 6158 7349 5469 
11004 6056 6057 5614 
11005 4604 7392 4618 
11006 4225 7357 5093 
11007 7075 7676 7076 
11008 6600 7807 6487 
11009 5714 7926 6378 
11010 3890 7549 3803 
11011 5830 6069 5514 
11012 24 7486 3742 
11013 5755 7453 5118 
11014 6004 7529 7055 
11015 3915 8136 4168 
11016 6187 8184 7224 
11017 4079 7442 4082 
11018 7206 7501 7012 
11019 4822 7368 4400 
11020 5219 7360 5008 
11021 6587 8012 6589 
11022 7915 7996 3648 
11023 3690 7082 172 
11024 303 7789 3662 
11025 5358 7584 5044 
11026 4947 7465 4945 
11027 6084 7449 5791 
11028 7700 8063 6580 
11029 6051 7710 5808 
11030 5261 7581 5263 
11031 6378 7926 4893 
11032 7282 7487 6048 
11033 5659 8028 6344 
11034 6004 7609 7529 
11035 3749 7401 7096 
11036 6516 7965 5674 
11037 5877 7643 7452 
11038 5183 7591 5186 
11039 6080 8159 7234 
11040 4439 7521 4828 
11041 4805 7376 5774 
11042 5995 6264 5997 
11043 158 7130 3636 
11044 3668 7768 7150 
11045 5488 7366 6608 
11046 279 7809 3719 
11047 7371 7552 5200 
11048 5765 7562 6455 
11049 4901 8148 4953 
11050 6305 7815 6306 
11051 7196 8072 7260 
11052 3904 7385 3964 
11053 7378 7522 5973 
11054 217 7156 6742 
11055 6731 7991 6729 
11056 5328 7389 5069 
11057 6335 8143 5117 
11058 6248 7470 5813 
11059 5785 7572 7441 
11060 6712 8119 6068 
11061 5641 7779 6320 
11062 6178 7636 6227 
11063 6073 7461 7286 
11064 197 7595 3663 
11065 4113 7632 3767 
11066 5321 7580 5661 
11067 6997 7533 5293 
11068 5845 7594 7572 
11069 6751 7463 7081 
11070 4403 7383 4368 
11071 5358 7919 7584 
11072 6842 8102 6845 
11073 7339 7405 4239 
11074 5530 7622 5165 
11075 175 7538 176 
11076 161 7155 3727 
11077 6489 7542 5902 
11078 5880 7688 5018 
11079 4107 7987 4102 
11080 7325 7637 5177 
11081 7645 7931 6105 
11082 7797 7936 7665 
11083 7221 7830 3637 
11084 5139 7463 5800 
11085 5745 7585 5929 
11086 7112 7838 6563 
11087 7376 7546 5774 
11088 4368 7383 4430 
11089 6780 7553 4038 
11090 6927 7942 6596 
11091 4567 4870 4569 
11092 6501 7571 6499 
11093 4626 7382 4547 
11094 42 7668 43 
11095 4980 8219 6303 
11096 7751 7958 6299 
11097 6031 7689 6032 
11098 5542 7619 6165 
11099 5718 7976 7966 
11100 7239 7482 5880 
11101 4798 5338 4800 
11102 6906 7649 3731 
11103 4896 7392 5990 
11104 6155 7685 6907 
11105 5113 8002 6540 
11106 7066 7883 6800 
11107 6973 7871 5065 
11108 6614 8016 3991 
11109 7091 7646 7544 
11110 5178 7918 6524 
11111 6509 8106 4912 
11112 4283 7469 4281 
11113 4236 7405 4234 
11114 4231 7410 4229 
11115 4902 7550 5035 
11116 4571 4650 4573 
11117 5669 7456 5444 
11118 3641 7750 282 
11119 6026 8042 6030 
11120 272 7827 273 
11121 6590 7990 7398 
11122 3727 7173 7172 
11123 7612 7629 5052 
11124 5455 7619 5121 
11125 6938 7483 6707 
11126 4627 7357 4227 
11127 5287 7457 5329 
11128 7182 7485 7057 
11129 4961 8077 5303 
11130 313 7888 3707 
11131 5190 7413 5569 
11132 4637 7459 4926 
11133 6010 7611 5904 
11134 6347 7837 4105 
11135 7693 8183 5933 
11136 6185 8111 6995 
11137 4587 7376 4805 
11138 7968 8040 5555 
11139 3974 7847 7046 
11140 5232 7749 5404 
11141 5746 7501 7206 
11142 5964 7870 6834 
11143 6416 6526 6418 
11144 3727 7172 162 
11145 5720 8104 6106 
11146 4842 7425 5149 
11147 7999 8146 4327 
11148 6071 7728 7609 
11149 6966 8051 8049 
11150 4716 7784 4272 
11151 5742 7499 6814 
11152 4576 5054 4578 
11153 4016 7385 5798 
11154 5743 7509 6488 
11155 4844 7428 6043 
11156 6129 8182 6900 
11157 7000 7536 4496 
11158 3861 8217 3864 
11159 6634 8086 4735 
11160 6865 7687 6863 
11161 5921 7527 7409 
11162 6946 7518 6878 
11163 5722 7468 5732 
11164 7229 7475 7228 
11165 4866 7480 7251 
11166 5931 7557 5116 
11167 5654 7484 5771 
11168 3659 7740 7225 
11169 290 7868 3689 
11170 4601 4975 4714 
11171 6079 7888 7515 
11172 7023 7623 155 
11173 6022 7537 7308 
11174 4282 8051 4299 
11175 5065 7778 6948 
11176 7008 7428 3981 
11177 7345 7536 5756 
11178 3682 7753 7636 
11179 7415 7533 5828 
11180 6505 7689 3687 
11181 163 7172 3656 
11182 4019 7957 5201 
11183 7480 7593 7251 
11184 3642 7834 275 
11185 6118 8150 6935 
11186 5958 7575 7382 
11187 6991 8081 6059 
11188 5919 8098 5364 
11189 3639 7831 140 
11190 7240 7492 5399 
11191 5832 7560 6015 
11192 5945 7785 5521 
11193 6097 7960 7260 
11194 5797 7635 6041 
11195 4281 7469 4336 
11196 4299 8051 6966 
11197 4182 7503 4986 
11198 4966 7408 4990 
11199 4744 8139 7068 
11200 7403 7506 4317 
11201 6694 7804 6497 
11202 3686 7809 278 
11203 5601 7389 6155 
11204 4953 8064 6428 
11205 3682 6986 219 
11206 7295 7650 6378 
11207 3638 7954 6385 
11208 3651 7655 6553 
11209 298 7964 3654 
11210 5836 8226 8134 
11211 3662 7842 6945 
11212 6125 8113 6921 
11213 5959 7492 5960 
11214 4014 7431 4036 
11215 7262 7693 7261 
11216 5465 7452 6010 
11217 5335 7612 5050 
11218 3981 7428 3985 
11219 4754 7836 6514 
11220 6012 7767 6454 
11221 3687 7515 311 
11222 6285 8041 5628 
11223 7414 7497 5625 
11224 7936 8188 6931 
11225 6543 8192 6544 
11226 5884 7746 6905 
11227 6552 7962 7756 
11228 6196 6224 6223 
11229 5651 7956 6151 
11230 3723 7816 6812 
11231 5006 7634 6712 
11232 4618 7392 4896 
11233 6570 7532 5972 
11234 47 7524 3699 
11235 4420 7599 4859 
11236 5406 7924 4985 
11237 7132 7526 7131 
11238 5192 7765 6811 
11239 7459 7563 5249 
11240 6121 7798 6038 
11241 6183 7987 7869 
11242 4229 7410 4627 
11243 7181 7521 7332 
11244 6018 7647 7581 
11245 3792 7547 3790 
11246 183 6622 4450 
11247 3964 7385 4016 
11248 5997 7444 6194 
11249 4841 7382 4626 
11250 4452 7608 4374 
11251 4874 7425 4842 
11252 7207 7552 7371 
11253 5267 7420 5024 
11254 7409 7527 6000 
11255 4239 7405 4236 
11256 5423 7532 7519 
11257 4322 8018 6972 
11258 7176 7487 5049 
11259 4062 7508 4060 
11260 3676 7931 88 
11261 7167 8077 4769 
11262 7478 7842 5771 
11263 3818 7510 3821 
11264 3718 7946 138 
11265 4317 7506 4314 
11266 4234 7405 5272 
11267 4903 7439 4978 
11268 7233 7504 7232 
11269 4832 7385 3904 
11270 4471 7430 4163 
11271 7506 7714 4321 
11272 5316 7601 6640 
11273 5727 7779 5282 
11274 4082 7442 4120 
11275 6567 7959 6546 
11276 4259 7570 4362 
11277 5151 7794 4848 
11278 7308 7537 5195 
11279 5861 7711 5862 
11280 7065 7815 6305 
11281 7235 7529 7184 
11282 3728 7221 167 
11283 6257 7860 6258 
11284 3656 7437 164 
11285 7256 7711 5861 
11286 5756 7536 6200 
11287 5272 7410 4231 
11288 5940 7497 5939 
11289 5042 7674 5416 
11290 111 7845 3714 
11291 6992 7779 5727 
11292 4074 7514 4062 
11293 7527 7597 6000 
11294 3677 7156 216 
11295 4768 7507 3945 
11296 4392 7482 7239 
11297 7531 7705 5930 
11298 7286 7461 6914 
11299 308 7975 309 
11300 7163 7770 6098 
11301 7012 7501 4465 
11302 7228 7475 4777 
11303 7572 7594 4468 
11304 6463 7615 3709 
11305 7467 8227 4817 
11306 4058 7520 4056 
11307 168 7221 3637 
11308 5683 7513 6150 
11309 3658 7770 7163 
11310 4289 7477 4287 
11311 4056 7523 4054 
11312 97 8076 98 
11313 3943 7782 4768 
11314 6908 7530 3713 
11315 7311 7452 5465 
11316 7441 7572 7062 
11317 6735 7818 6732 
11318 5803 7434 5531 
11319 6944 7880 3721 
11320 4371 7606 4388 
11321 3872 8182 6346 
11322 4990 7408 5411 
11323 5280 7519 5683 
11324 6275 7822 6274 
11325 6516 7875 7031 
11326 5627 7464 5876 
11327 4218 7429 4404 
11328 8099 8153 6727 
11329 6748 7773 7708 
11330 6044 7464 5627 
11331 5160 7567 5331 
11332 296 8166 297 
11333 5292 7408 4966 
11334 5259 7674 5040 
11335 6993 8222 6706 
11336 5696 7452 7311 
11337 3659 7978 79 
11338 5775 7706 5156 
11339 7143 7480 4866 
11340 43 7770 44 
11341 6911 7642 7546 
11342 4036 7431 4080 
11343 316 7988 1 
11344 6965 7607 7468 
11345 5531 7434 5529 
11346 7057 7485 6599 
11347 3769 7540 3771 
11348 7027 7439 4903 
11349 283 7750 7335 
11350 3931 7793 4027 
11351 5850 7825 5860 
11352 4404 7429 4551 
11353 5400 7527 5921 
11354 4403 7531 7383 
11355 7410 7835 4627 
11356 210 7628 3672 
11357 5889 7721 6515 
11358 7131 7526 7110 
11359 4974 7518 4757 
11360 6071 7609 6004 
11361 4834 7697 4836 
11362 7044 7628 209 
11363 5187 7718 5481 
11364 4083 7727 3927 
11365 6697 7496 7347 
11366 7 7904 227 
11367 5715 7480 7143 
11368 5669 7922 7456 
11369 4009 7535 4008 
11370 5845 7572 5785 
11371 5558 7485 7182 
11372 5939 7497 7414 
11373 6317 7684 5636 
11374 5199 8000 5633 
11375 5856 7548 6072 
11376 5537 7813 6801 
11377 7571 7686 6499 
11378 7144 7707 4791 
11379 6460 7819 5951 
11380 6170 7568 6169 
11381 4735 8086 3924 
11382 236 7565 237 
11383 174 7273 3657 
11384 6911 7546 4526 
11385 4778 7992 6973 
11386 7090 7544 7393 
11387 5448 7862 7745 
11388 4094 7534 4096 
11389 5129 7517 4713 
11390 7332 7521 4437 
11391 5958 7382 4841 
11392 4194 7639 4196 
11393 5324 8106 6436 
11394 4791 7707 3791 
11395 4221 8176 4203 
11396 7392 7590 5990 
11397 5683 7519 7513 
11398 247 7551 248 
11399 6418 7686 6898 
11400 3803 7549 3805 
11401 3685 7564 6790 
11402 156 7623 3726 
11403 4411 7714 5141 
11404 5843 7729 6147 
11405 3822 7545 3825 
11406 3888 7771 190 
11407 7552 7605 5863 
11408 7546 7642 5776 
11409 5025 7426 7425 
11410 5859 7760 5846 
11411 5712 7867 6666 
11412 6123 7977 5977 
11413 7031 7875 3763 
11414 5931 7652 6695 
11415 3985 7428 4844 
11416 4062 7514 7508 
11417 7003 7590 4603 
11418 5260 7522 4444 
11419 5565 7669 6291 
11420 5790 7751 6869 
11421 5208 7413 5190 
11422 5794 7429 4218 
11423 6812 7816 6813 
11424 177 7289 3729 
11425 7036 7431 4014 
11426 5789 7539 6157 
11427 5067 7600 4572 
11428 5374 7892 5962 
11429 3722 8206 301 
11430 6812 8166 3723 
11431 6824 7703 6052 
11432 7198 7718 5186 
11433 3793 7707 3891 
11434 6677 7629 7612 
11435 5360 7691 5616 
11436 4342 8181 6800 
11437 7335 7750 6062 
11438 7529 7609 5422 
11439 204 7677 3670 
11440 7151 7530 5823 
11441 4348 7864 7710 
11442 6752 8195 7545 
11443 6335 7430 5614 
11444 7063 7533 7415 
11445 6146 7725 6505 
11446 5860 7825 7029 
11447 7093 7646 7091 
11448 6493 7923 6137 
11449 7501 7626 6958 
11450 5228 7749 5229 
11451 3678 7746 6909 
11452 80 7978 7326 
11453 7055 7529 7235 
11454 4342 7735 4263 
11455 4677 7617 4554 
11456 5616 7596 6566 
11457 6207 7889 5955 
11458 7520 7523 4056 
11459 6648 7969 7724 
11460 6360 7366 5488 
11461 5024 7420 5025 
11462 5186 7718 5184 
11463 4120 7442 5794 
11464 72 7582 3652 
11465 5131 7972 5133 
11466 25 7559 26 
11467 4271 7502 7204 
11468 5529 7434 6101 
11469 70 7893 71 
11470 6385 7954 3729 
11471 6762 7704 5874 
11472 6628 7589 6631 
11473 3729 8085 7933 
11474 3990 7782 3941 
11475 7047 7591 7522 
11476 5886 7729 5419 
11477 4 7352 6622 
11478 5968 7563 7459 
11479 5471 7586 7102 
11480 5200 7552 5863 
11481 5551 7762 5447 
11482 244 8115 245 
11483 6745 7664 5970 
11484 5689 7765 5301 
11485 6063 7868 7404 
11486 5080 7544 7275 
11487 196 7595 197 
11488 50 7566 51 
11489 4273 7502 4271 
11490 4437 7521 4439 
11491 5824 7496 7084 
11492 5698 7420 5267 
11493 6018 7581 7517 
11494 6068 7979 6073 
11495 4978 7439 5208 
11496 6800 8181 4813 
11497 7010 7661 4522 
11498 5025 7425 4874 
11499 6871 7907 7803 
11500 5177 7795 5178 
11501 7184 7529 5422 
11502 6297 7621 6300 
11503 7416 8050 6767 
11504 6370 8112 8093 
11505 1 7988 23 
11506 7160 7976 7161 
11507 4717 8051 4280 
11508 5630 7983 6435 
11509 6596 7942 6594 
11510 5392 7752 4919 
11511 6337 7699 6338 
11512 5271 7561 5786 
11513 155 7623 156 
11514 3703 7686 7516 
11515 3966 8080 7020 
11516 6251 7774 5969 
11517 5522 8038 6138 
11518 7018 7744 7639 
11519 6444 8172 5912 
11520 150 8163 151 
11521 4836 7697 7494 
11522 5798 8113 6950 
11523 262 7587 263 
11524 176 7538 7289 
11525 139 7946 3639 
11526 4112 7683 7293 
11527 6871 7592 6870 
11528 5774 7546 5776 
11529 6544 8192 5685 
11530 191 7771 6519 
11531 6136 7900 6278 
11532 5761 7605 7552 
11533 3657 7538 175 
11534 6320 7629 6677 
11535 5766 7562 5765 
11536 7347 7496 5824 
11537 7364 7845 110 
11538 6000 7597 6001 
11539 5299 7973 6020 
11540 5614 7430 4471 
11541 6084 7893 7449 
11542 6996 7648 4778 
11543 6042 7579 7209 
11544 4915 7752 4914 
11545 6470 8134 7732 
11546 4752 7759 5123 
11547 5329 7656 7379 
11548 5558 7573 7485 
11549 7393 7544 5080 
11550 5293 7533 7063 
11551 5933 7792 5903 
11552 7819 7932 5951 
11553 4392 7927 6947 
11554 4960 7765 5192 
11555 7163 7822 3658 
11556 6309 8107 6091 
11557 7252 7653 5449 
11558 7449 7893 3696 
11559 7292 7569 5728 
11560 8005 8015 5958 
11561 142 7909 3720 
11562 4458 7787 195 
11563 5952 8068 7229 
11564 6334 7596 6021 
11565 6160 7604 6783 
11566 6176 7883 5927 
11567 6085 7845 7364 
11568 5636 7684 5180 
11569 6313 8069 6714 
11570 4145 7843 4150 
11571 6499 7686 3703 
11572 4788 7876 3954 
11573 6147 7733 7725 
11574 6052 7666 6053 
11575 5974 7581 5261 
11576 5620 7700 5740 
11577 6053 7623 7023 
11578 7258 7802 7196 
11579 7912 7934 6070 
11580 5363 7650 7295 
11581 6112 8191 6966 
11582 6009 7993 6159 
11583 6865 8174 7413 
11584 5728 7694 5147 
11585 6400 7574 6243 
11586 7032 7767 6012 
11587 7374 7576 4540 
11588 5885 7731 5883 
11589 7398 7990 3640 
11590 7089 8131 8060 
11591 5116 7557 5773 
11592 7237 8082 3697 
11593 5533 8050 5534 
11594 4076 7683 4112 
11595 7029 7938 5860 
11596 7254 7588 5721 
11597 7764 8024 7014 
11598 7541 7637 5770 
11599 5449 7823 5308 
11600 7111 8095 6041 
11601 5514 7481 5512 
11602 120 7616 121 
11603 209 7628 210 
11604 5044 7584 6071 
11605 299 7620 300 
11606 4245 7633 4243 
11607 5381 8072 7196 
11608 7336 7576 6983 
11609 8190 8203 3743 
11610 4977 7684 7086 
11611 5971 7800 5367 
11612 6558 7878 6557 
11613 7047 7680 7591 
11614 7521 7663 4828 
11615 5721 7588 7341 
11616 7544 7646 7275 
11617 96 8203 8190 
11618 7114 8176 6850 
11619 6437 8011 6436 
11620 7468 7607 5732 
11621 5863 7573 5558 
11622 8 8032 235 
11623 7418 7822 6275 
11624 3765 7875 4113 
11625 6045 7849 5725 
11626 8134 8226 6887 
11627 4220 7927 4392 
11628 4008 7583 3998 
11629 5973 7591 5183 
11630 7109 7598 7107 
11631 7513 7519 6570 
11632 4569 7479 4571 
11633 5815 7580 5321 
11634 4578 7491 4601 
11635 6531 8128 7436 
11636 5909 8013 7877 
11637 7062 7572 4468 
11638 4797 7843 4143 
11639 5681 8126 5275 
11640 5835 7578 6089 
11641 4564 7488 4567 
11642 4261 7570 4259 
11643 6382 8019 5766 
11644 292 7624 293 
11645 6306 7816 7695 
11646 6483 7895 6484 
11647 6118 7902 5779 
11648 6966 8191 4299 
11649 5092 7851 5089 
11650 5430 7541 7269 
11651 7269 7541 7321 
11652 7033 7938 7029 
11653 6451 7585 5745 
11654 7379 7892 5372 
11655 6169 8114 6167 
11656 5875 7720 5928 
11657 3951 7876 3952 
11658 7284 7563 5968 
11659 274 7621 3642 
11660 6021 7586 5471 
11661 6033 8085 6037 
11662 4089 7627 4105 
11663 6372 7813 5670 
11664 6383 7810 5899 
11665 4123 7618 4091 
11666 4573 7490 4576 
11667 5761 7552 7207 
11668 6142 7841 6141 
11669 3638 7361 180 
11670 6661 7723 5772 
11671 4403 8055 6950 
11672 6055 7967 5992 
11673 276 7834 7466 
11674 4556 7617 5031 
11675 7088 7719 7512 
11676 4150 7905 4148 
11677 4175 7934 4173 
11678 5612 7736 7590 
11679 6543 8204 8192 
11680 7205 8221 3676 
11681 5673 7806 5310 
11682 5965 8001 6957 
11683 6563 8071 6564 
11684 5963 7597 5401 
11685 7762 7877 6603 
11686 5759 7722 6797 
11687 6814 8166 6812 
11688 7330 7601 5316 
11689 4714 7500 4798 
11690 5910 7625 5796 
11691 3769 7632 7540 
11692 5766 8155 6382 
11693 4813 8181 4267 
11694 7078 7583 6735 
11695 7172 7525 3656 
11696 5135 8059 5313 
11697 5718 7966 5716 
11698 7209 7579 5403 
11699 5728 8117 7694 
11700 6299 7958 6298 
11701 5944 8024 7764 
11702 5898 7757 5950 
11703 6264 7444 5997 
11704 5836 7578 5835 
11705 5416 8121 5417 
11706 7281 8065 8047 
11707 7198 7808 7718 
11708 7321 7541 5770 
11709 4246 7805 4245 
11710 309 7644 310 
11711 7315 8081 6991 
11712 6928 7665 6929 
11713 5687 7928 5689 
11714 5480 7849 7458 
11715 5873 8050 7416 
11716 5847 7594 5845 
11717 7584 7919 6109 
11718 4468 7639 4194 
11719 8000 8111 5633 
11720 5836 8134 6886 
11721 7173 7525 7172 
11722 6527 8204 3718 
11723 6109 7919 6110 
11724 5975 8036 5590 
11725 5685 8192 6542 
11726 6069 7481 5514 
11727 7145 7820 7146 
11728 7263 7759 4340 
11729 6349 7733 6891 
11730 3937 7602 3939 
11731 6333 7692 6332 
11732 6949 7634 5006 
11733 7049 8039 6035 
11734 6487 7807 6900 
11735 6421 7939 6420 
11736 7195 7802 7197 
11737 267 7641 268 
11738 5065 7871 7778 
11739 5530 7776 7622 
11740 6262 8061 6260 
11741 5852 8035 5854 
11742 6948 7778 7630 
11743 5298 7813 5537 
11744 5253 8216 6484 
11745 6289 8078 6288 
11746 5751 7576 7374 
11747 3712 8090 6506 
11748 5512 7481 6265 
11749 7564 8173 6790 
11750 5938 7651 7208 
11751 4287 7799 4285 
11752 100 7659 101 
11753 6086 8125 6357 
11754 5818 7937 5920 
11755 6149 7932 5918 
11756 7519 7532 6570 
11757 7082 7786 6881 
11758 4540 7576 7336 
11759 3646 7881 7404 
11760 4354 7947 4251 
11761 7991 8099 6729 
11762 4836 7588 7254 
11763 3890 7819 7549 
11764 4825 7488 4564 
11765 6606 7945 6602 
11766 6862 7631 6861 
11767 6225 7603 6226 
11768 7926 8002 4893 
11769 7089 8060 4454 
11770 6845 8102 7651 
11771 5825 7671 6133 
11772 7229 8133 5952 
11773 7103 7777 3649 
11774 6194 7511 6196 
11775 7559 7854 3704 
11776 4201 8176 7114 
11777 6506 8090 7897 
11778 5762 7605 5761 
11779 8192 8204 6542 
11780 7139 7775 7743 
11781 234 8032 8 
11782 5895 7906 5327 
11783 4554 7617 4556 
11784 6526 7516 6418 
11785 5904 7611 6490 
11786 3767 7632 3769 
11787 5121 7619 5542 
11788 6921 8113 7863 
11789 7260 8072 6097 
11790 6765 7714 7506 
11791 6096 7960 6097 
11792 5050 7612 5052 
11793 5705 7766 7191 
11794 4837 7575 5015 
11795 3730 7352 182 
11796 7413 7687 6865 
11797 5422 7609 5423 
11798 8093 8112 5631 
11799 5447 7910 5445 
11800 4828 7663 7025 
11801 6484 7895 6949 
11802 7563 7679 5658 
11803 6630 8013 7731 
11804 5946 8228 6183 
11805 3654 7964 7499 
11806 7018 7639 7594 
11807 7419 8138 5910 
11808 7251 7593 5703 
11809 6594 7942 7419 
11810 6881 7786 6262 
11811 6484 8216 6483 
11812 5698 8039 7049 
11813 6226 7857 7755 
11814 7522 7591 5973 
11815 6973 7992 7871 
11816 7555 7556 6597 
11817 6369 7892 7379 
11818 6393 7861 6394 
11819 4305 7764 7014 
11820 5263 7647 5646 
11821 5734 7701 7185 
11822 6134 8205 5814 
11823 7197 7693 7358 
11824 4083 8205 7727 
11825 6839 7673 6840 
11826 7642 7661 5826 
11827 6469 8170 6465 
11828 4676 7670 6838 
11829 4914 7608 4452 
11830 7557 7613 5773 
11831 6368 7656 6367 
11832 6833 7690 5878 
11833 5257 7887 5739 
11834 6643 7662 5898 
11835 7517 7581 5974 
11836 7278 7751 5790 
11837 6900 8182 3872 
11838 5955 7783 5953 
11839 7297 7630 5382 
11840 5304 8142 5415 
11841 6226 7755 6223 
11842 5953 7737 5875 
11843 3708 7773 6748 
11844 4020 7991 7535 
11845 6847 8165 6846 
11846 4346 7640 4339 
11847 89 7645 90 
11848 4870 7479 4569 
11849 7458 7849 6045 
11850 181 7361 3730 
11851 5893 7768 7146 
11852 5647 8116 6002 
11853 203 7677 204 
11854 5438 7981 6679 
11855 5960 7635 5797 
11856 7181 7663 7521 
11857 5773 7613 6375 
11858 5562 8062 6007 
11859 3922 8086 7177 
11860 4798 7500 5338 
11861 7157 7984 7158 
11862 7427 8088 3693 
11863 5986 8067 7560 
11864 6895 7963 6835 
11865 6629 7649 7128 
11866 5942 7741 6334 
11867 5480 7995 7849 
11868 3698 7668 42 
11869 6233 8124 6710 
11870 7020 8080 7548 
11871 5962 7912 6070 
11872 7422 8225 215 
11873 5746 7626 7501 
11874 6900 8023 6129 
11875 4571 7479 4650 
11876 7474 7806 5673 
11877 207 8007 3671 
11878 4160 8055 4403 
11879 5872 7626 5746 
11880 7526 8025 7110 
11881 6656 7995 5480 
11882 4650 7490 4573 
11883 4891 8002 5113 
11884 5896 7804 6694 
11885 6164 7854 7098 
11886 6427 8001 6426 
11887 5201 7855 6477 
11888 5777 7902 5781 
11889 4888 7682 5028 
11890 4567 7488 4870 
11891 4601 7491 4975 
11892 7609 7728 5423 
11893 4388 7606 4845 
11894 6207 7961 7889 
11895 5054 7491 4578 
11896 3697 7937 7237 
11897 7161 7976 7915 
11898 196 7787 7595 
11899 7997 8114 6169 
11900 5533 7742 6879 
11901 6999 7630 7297 
11902 4576 7490 5054 
11903 7348 7638 5673 
11904 6879 7742 6919 
11905 7471 7856 3746 
11906 6611 7759 7263 
11907 3697 8082 7233 
11908 4975 7500 4714 
11909 6102 7776 5530 
11910 7126 7669 5565 
11911 7555 7562 5766 
11912 6001 7678 6304 
11913 3726 7726 7130 
11914 6172 8003 6123 
11915 5575 7963 6895 
11916 6199 8158 4969 
11917 6278 7747 5923 
11918 262 7943 7587 
11919 7498 8007 206 
11920 6019 7647 6018 
11921 3717 8012 7274 
11922 5945 7869 7785 
11923 4243 7633 4449 
11924 6505 7644 6148 
11925 6930 7610 6932 
11926 3732 8053 7071 
11927 5208 7687 7413 
11928 6419 7939 4495 
11929 7289 7538 6037 
11930 6279 7899 4574 
11931 6695 7713 6066 
11932 5156 8188 5155 
11933 7002 7638 7051 
11934 4453 8109 7493 
11935 6192 7726 5925 
11936 5740 7601 7330 
11937 6778 7930 7616 
11938 5732 7607 7391 
11939 6534 8139 4744 
11940 6905 7746 3678 
11941 6283 7657 6208 
11942 7318 7701 5734 
11943 294 7695 295 
11944 7051 7638 7348 
11945 5776 7642 5778 
11946 7334 8053 3732 
11947 7743 7775 5928 
11948 6783 8034 4255 
11949 7214 7717 4787 
11950 6455 7675 5769 
11951 5963 7678 7597 
11952 122 7709 123 
11953 6420 7939 6419 
11954 7444 7511 6194 
11955 3733 7719 7087 
11956 7928 8106 6509 
11957 7231 8209 4959 
11958 3735 8033 7120 
11959 6655 7865 4487 
11960 6913 8200 7416 
11961 6519 7672 3902 
11962 5569 7908 5924 
11963 4265 8181 4342 
11964 7250 8001 5965 
11965 5760 8070 7874 
11966 5165 7622 4830 
11967 6684 7716 6687 
11968 6703 7650 5363 
11969 5382 7630 7411 
11970 4538 8208 4539 
11971 5439 7801 5441 
11972 6822 7850 6823 
11973 6398 7901 6458 
11974 6550 7940 3705 
11975 7368 7599 4420 
11976 5710 8065 7281 
11977 7208 7651 5259 
11978 6482 8216 5253 
11979 7355 7653 7354 
11980 5455 8006 7619 
11981 6010 7952 7611 
11982 7593 7754 5703 
11983 5450 7950 5211 
11984 6522 7940 7217 
11985 6771 7806 7474 
11986 5040 7674 5042 
11987 4253 8034 4354 
11988 6586 7841 6142 
11989 7532 7728 5971 
11990 6 8225 3677 
11991 6886 8134 6470 
11992 6196 7511 6224 
11993 7319 7867 5712 
11994 7714 7791 5141 
11995 7026 7681 6741 
11996 6369 7912 7892 
11997 3660 7802 7258 
11998 3962 7859 7241 
11999 6919 7696 3715 
12000 7672 7699 3902 
12001 5635 8161 5636 
12002 6126 8132 7173 
12003 7436 8128 7766 
12004 6977 7654 6508 
12005 5770 7637 7325 
12006 4854 8008 4858 
12007 5784 8150 5782 
12008 6648 7724 6633 
12009 6889 8122 6106 
12010 6263 7730 7605 
12011 6203 7702 7667 
12012 5018 7688 5455 
12013 5798 8055 4154 
12014 7275 7646 6120 
12015 6181 7890 6180 
12016 6216 8074 6215 
12017 5067 7511 7444 
12018 6089 8130 5837 
12019 5755 8101 6559 
12020 7437 8029 165 
12021 6748 7708 3744 
12022 5897 7738 7041 
12023 7662 7667 3967 
12024 5817 7680 7047 
12025 7004 7676 7075 
12026 3729 7954 178 
12027 7128 7649 5908 
12028 6037 8085 7289 
12029 5180 7684 4977 
12030 6882 7715 5890 
12031 6326 8030 6340 
12032 3967 7667 7211 
12033 6136 8022 7900 
12034 7596 7691 6021 
12035 7545 8195 3825 
12036 5667 8226 5836 
12037 7504 7740 7232 
12038 7179 7662 3967 
12039 4261 7735 7570 
12040 6957 8001 6427 
12041 7938 8035 5860 
12042 6236 7873 6234 
12043 7287 7794 5815 
12044 166 8029 3728 
12045 7877 8013 6618 
12046 6410 7756 6409 
12047 3635 7692 149 
12048 3644 7739 269 
12049 7283 7678 5963 
12050 4522 7661 6911 
12051 6238 7949 6241 
12052 7637 7795 5177 
12053 6256 7830 6255 
12054 6921 7863 4832 
12055 3791 7707 3793 
12056 267 7986 7641 
12057 5872 7704 7626 
12058 4651 7562 7555 
12059 7421 7758 5407 
12060 6221 7679 7284 
12061 5808 7710 6216 
12062 5147 7694 5751 
12063 5928 7775 6904 
12064 5192 7681 7356 
12065 3902 7699 6518 
12066 5781 7706 5775 
12067 4888 7781 7682 
12068 6511 8208 4538 
12069 5252 7848 7363 
12070 5925 7703 5454 
12071 5924 8193 6166 
12072 7597 7678 6001 
12073 7707 7955 3891 
12074 7586 7967 7102 
12075 4495 8186 6419 
12076 5913 7744 7018 
12077 6055 8097 7967 
12078 6419 8186 6316 
12079 6154 7631 7243 
12080 6556 8014 6209 
12081 5816 7663 7181 
12082 4380 7912 6369 
12083 5751 7796 7576 
12084 7139 7743 7271 
12085 5145 7697 4834 
12086 6540 8149 5113 
12087 3637 7660 169 
12088 7666 7703 5925 
12089 6681 7944 6683 
12090 282 7750 283 
12091 5930 7705 5931 
12092 4582 7877 6618 
12093 5388 8039 5698 
12094 7285 7891 3889 
12095 6814 7964 297 
12096 7757 7829 5950 
12097 7970 8036 5975 
12098 7720 7743 5928 
12099 6943 8173 7398 
12100 7416 8200 6108 
12101 6219 7700 5620 
12102 4787 7717 7280 
12103 7984 8043 7190 
12104 6983 7796 5532 
12105 6233 7886 6230 
12106 6141 7748 5915 
12107 6910 7844 3708 
12108 6002 8079 6135 
12109 7354 7653 7252 
12110 6494 7854 7559 
12111 5312 8123 7309 
12112 7356 7681 7026 
12113 4171 7922 6606 
12114 7300 7961 5736 
12115 5150 7742 5533 
12116 7072 7828 5913 
12117 4080 7683 4076 
12118 7973 8041 6020 
12119 6046 7734 6045 
12120 6260 8061 6388 
12121 6132 8045 6113 
12122 7568 7997 6169 
12123 3692 7824 6759 
12124 7780 7979 5146 
12125 6613 8016 6614 
12126 6094 7685 7389 
12127 6094 8018 7685 
12128 5874 7704 5872 
12129 3676 8221 7931 
12130 6199 8189 8158 
12131 7218 7997 5194 
12132 7227 7937 3697 
12133 6234 8124 6233 
12134 6561 8225 7422 
12135 6796 8186 4495 
12136 7803 7907 6968 
12137 4008 7818 7583 
12138 7291 7848 5252 
12139 7284 7679 7563 
12140 7452 7643 6010 
12141 7549 7819 6460 
12142 7576 7796 6983 
12143 6873 7907 6871 
12144 3708 7844 7773 
12145 6270 7896 6483 
12146 7142 7653 7355 
12147 5338 7769 4800 
12148 6183 8228 7627 
12149 4830 7622 7407 
12150 7898 7934 4175 
12151 7673 8121 5416 
12152 6191 7885 6698 
12153 6893 7904 3744 
12154 7622 7776 6056 
12155 7312 7722 5759 
12156 5184 7718 5187 
12157 6147 7725 6146 
12158 6607 7952 3701 
12159 7777 8095 3649 
12160 4321 7714 4411 
12161 179 7954 3638 
12162 6308 8177 6307 
12163 4105 7837 6763 
12164 6413 8197 6411 
12165 6848 8165 5365 
12166 6290 8020 6289 
12167 5419 7729 5843 
12168 7428 7745 6043 
12169 3927 7727 3929 
12170 6602 7945 6603 
12171 6504 8147 6501 
12172 6474 8140 6473 
12173 7211 7702 4791 
12174 5882 7746 5884 
12175 7594 7639 4468 
12176 7694 8117 6197 
12177 5149 8005 5958 
12178 7232 7740 3659 
12179 6506 7897 3702 
12180 4380 7934 7912 
12181 7961 8089 5736 
12182 4245 7805 7671 
12183 5993 8031 5995 
12184 5844 8053 7334 
12185 6542 8204 6527 
12186 7649 8144 3731 
12187 6071 7800 7728 
12188 6402 8020 5421 
12189 7448 8123 5312 
12190 7795 7918 5178 
12191 3656 8172 7437 
12192 3727 7882 7173 
12193 7583 7818 6735 
12194 6035 8039 5802 
12195 6981 7839 7499 
12196 5481 7808 6081 
12197 7072 7911 7828 
12198 7358 7693 5933 
12199 5883 7731 5909 
12200 7407 7622 6056 
12201 6643 7667 7662 
12202 6871 7803 7592 
12203 6367 7656 7457 
12204 3666 7741 7001 
12205 3721 7738 6940 
12206 5980 8103 5051 
12207 6129 8023 7360 
12208 3906 8079 6591 
12209 7316 8090 3712 
12210 4595 7761 4878 
12211 5862 7711 7353 
12212 5943 7951 7088 
12213 7535 7991 6731 
12214 3669 8021 6521 
12215 6244 8196 6245 
12216 6605 8198 4734 
12217 7456 7980 5941 
12218 6038 7908 6054 
12219 5616 7691 7596 
12220 7205 8053 5844 
12221 7571 7769 5338 
12222 4886 7781 4888 
12223 6394 7835 6398 
12224 44 7770 3658 
12225 7146 7768 3668 
12226 7008 7745 7428 
12227 6037 8171 6977 
12228 5953 7783 7737 
12229 7025 7872 6093 
12230 6954 7850 6822 
12231 7966 7976 7159 
12232 245 8115 3700 
12233 302 7789 303 
12234 4263 7735 4261 
12235 6747 8118 5714 
12236 227 7904 6893 
12237 7274 8012 6588 
12238 7630 7778 7411 
12239 5801 7933 6033 
12240 4539 8208 4544 
12241 7476 8150 5784 
12242 7104 7777 7103 
12243 95 8203 96 
12244 6064 7795 7637 
12245 6151 7817 6152 
12246 7832 7852 3768 
12247 7558 7614 5934 
12248 4196 7744 7127 
12249 89 7931 7645 
12250 7482 7894 5880 
12251 6951 7745 7008 
12252 6945 7842 7478 
12253 5229 7749 5232 
12254 6415 8120 6413 
12255 7494 7697 6777 
12256 5537 7701 7318 
12257 7617 8226 5031 
12258 7408 7698 5985 
12259 7457 7656 5329 
12260 3693 8088 7454 
12261 7829 8016 6613 
12262 6206 7955 7144 
12263 190 7771 191 
12264 5925 7726 7666 
12265 6949 7804 5896 
12266 4166 7803 7324 
12267 5521 7785 5522 
12268 7420 8193 5025 
12269 6737 7812 6736 
12270 7748 7823 5449 
12271 6705 7791 6765 
12272 5123 7917 7298 
12273 7548 8080 6072 
12274 3724 7747 7017 
12275 7217 7940 5978 
12276 7273 7654 3657 
12277 6629 8144 7649 
12278 3770 7832 3768 
12279 5209 7743 7720 
12280 5927 7883 7066 
12281 6416 7884 6526 
12282 5909 7762 5551 
12283 6068 8119 7979 
12284 5113 7722 7312 
12285 7225 7740 6019 
12286 5425 7815 7065 
12287 5998 7820 7255 
12288 7189 7846 6402 
12289 6052 7703 7666 
12290 195 7787 196 
12291 5846 7760 5848 
12292 7590 7736 5990 
12293 7667 7702 7211 
12294 5772 7723 7346 
12295 7587 8207 3651 
12296 5990 7736 5991 
12297 7277 7932 7819 
12298 6197 8117 6198 
12299 5816 7872 7663 
12300 271 7826 3684 
12301 5703 7754 7190 
12302 5209 7720 7342 
12303 8037 8096 5783 
12304 6477 8087 6479 
12305 6149 8000 7932 
12306 3641 8010 7750 
12307 7727 7793 3929 
12308 3713 8058 7377 
12309 278 7809 279 
12310 7487 8025 6049 
12311 5247 7751 7278 
12312 5247 7958 7751 
12313 4495 7939 7215 
12314 6206 8145 7955 
12315 140 7831 141 
12316 6082 8094 7326 
12317 3854 8075 6715 
12318 4919 7752 4915 
12319 6824 7838 7703 
12320 7429 7780 5146 
12321 3768 7852 3766 
12322 235 8032 3746 
12323 3738 8043 7984 
12324 6309 8056 6310 
12325 7280 7717 5947 
12326 4886 7858 7781 
12327 7444 7600 5067 
12328 4354 8034 7604 
12329 5301 7765 4960 
12330 4858 7948 7186 
12331 7389 7685 6155 
12332 250 7833 251 
12333 7419 7942 3716 
12334 4340 7759 4752 
12335 7342 7737 4118 
12336 5517 8054 6693 
12337 5282 7779 5641 
12338 5214 7866 4781 
12339 110 7845 111 
12340 6659 7839 6981 
12341 7137 8187 6165 
12342 7663 7872 7025 
12343 7346 7723 5450 
12344 5739 8175 7322 
12345 6653 8066 3841 
12346 7737 7783 4118 
12347 6689 8070 6688 
12348 3689 7763 6952 
12349 4272 7784 4274 
12350 5117 8143 6363 
12351 3841 8066 7147 
12352 7837 7968 6763 
12353 275 7834 276 
12354 6859 7948 6862 
12355 6546 7959 5517 
12356 7717 7790 5947 
12357 3941 7782 3943 
12358 6861 7999 6866 
12359 7575 8015 5460 
12360 5194 7997 7568 
12361 6483 8216 6482 
12362 5987 7853 5988 
12363 4354 7993 7947 
12364 7874 8070 6689 
12365 5814 8205 7657 
12366 6409 7756 6412 
12367 5760 7874 7323 
12368 6742 7753 3682 
12369 5795 7998 7593 
12370 7138 8127 4615 
12371 6264 7600 7444 
12372 5432 8215 5434 
12373 7076 7847 3974 
12374 6035 8219 7049 
12375 4080 8218 6956 
12376 5736 8089 7246 
12377 6144 8015 8005 
12378 7271 7743 5209 
12379 7349 7983 5630 
12380 4845 8078 7846 
12381 6445 8029 7437 
12382 6108 7772 6761 
12383 6426 8001 7250 
12384 4833 8131 7089 
12385 6465 8170 6464 
12386 4779 7757 7179 
12387 5045 7977 6818 
12388 3987 8201 4224 
12389 7461 7780 5794 
12390 7760 7825 5848 
12391 7056 8027 6873 
12392 3684 7827 272 
12393 3929 7793 3931 
12394 5969 7774 6703 
12395 5292 7698 7408 
12396 7255 7820 3736 
12397 7070 8009 5892 
12398 7838 8071 6563 
12399 5613 8188 7936 
12400 7281 8047 5228 
12401 7179 7757 7662 
12402 7326 8094 3733 
12403 6939 7894 5548 
12404 4762 7858 4886 
12405 5924 7798 7426 
12406 6935 8150 7476 
12407 7977 8003 6818 
12408 6165 8187 6164 
12409 5913 7828 7744 
12410 3 8190 97 
12411 7298 7917 5980 
12412 7191 7766 4797 
12413 7080 8068 5952 
12414 6273 8027 7056 
12415 6312 7971 6314 
12416 7828 7911 4745 
12417 3649 8095 7111 
12418 5992 7967 7586 
12419 5826 8037 5780 
12420 5423 7728 7532 
12421 7830 8194 6255 
12422 6668 8168 6669 
12423 7683 8224 6040 
12424 6936 7923 3745 
12425 5780 8037 5783 
12426 6835 7963 6836 
12427 6166 8193 7420 
12428 7360 8023 5392 
12429 3736 7820 7145 
12430 4648 7989 6585 
12431 6144 8005 6121 
12432 4845 7846 7189 
12433 289 7868 290 
12434 7727 8205 6134 
12435 7147 7929 4790 
12436 7196 7802 7195 
12437 5863 7730 7573 
12438 5674 7965 6917 
12439 7277 7819 3890 
12440 6097 8072 7372 
12441 7512 7719 6083 
12442 4800 7769 4882 
12443 5308 7823 5648 
12444 4790 7775 7139 
12445 4615 8127 6429 
12446 7635 8033 3735 
12447 5981 7935 7920 
12448 7831 7909 141 
12449 4779 7829 7757 
12450 5947 7790 6347 
12451 4285 7799 4811 
12452 7677 8100 3670 
12453 6021 7691 7586 
12454 5912 8172 7525 
12455 312 7888 313 
12456 7426 8193 5924 
12457 5407 7758 5755 
12458 6029 8178 6761 
12459 6710 8124 4994 
12460 6904 7929 6652 
12461 7611 7952 6607 
12462 96 8190 3 
12463 302 8206 7789 
12464 3696 7893 70 
12465 7619 8006 7135 
12466 6956 8224 4080 
12467 4848 7794 7287 
12468 6164 8187 7854 
12469 6820 8046 5176 
12470 5466 7935 5981 
12471 5848 7825 5850 
12472 5981 7920 6847 
12473 7736 7797 5991 
12474 141 7909 142 
12475 7808 7913 6081 
12476 6654 8227 7467 
12477 6957 8160 5965 
12478 6002 8116 7989 
12479 7715 8141 6371 
12480 5955 7889 7783 
12481 6212 8084 5784 
12482 6338 7699 7672 
12483 6209 7970 5045 
12484 7088 7951 3667 
12485 5310 7806 5312 
12486 7426 7916 7425 
12487 5670 7813 5298 
12488 7970 7977 5045 
12489 5821 8211 5822 
12490 6453 8145 6206 
12491 5771 7842 6174 
12492 5313 8059 7920 
12493 6820 8065 8046 
12494 5794 7780 7429 
12495 7703 7838 5454 
12496 6911 7661 7642 
12497 6274 8108 6273 
12498 7158 7998 7159 
12499 6620 8052 6621 
12500 5892 7911 7072 
12501 5496 7811 5944 
12502 6949 7895 7804 
12503 7728 7800 5971 
12504 5991 7797 6095 
12505 7499 7839 3654 
12506 6996 7734 7648 
12507 3636 7767 7032 
12508 7127 7828 4745 
12509 7662 7757 5898 
12510 7395 7768 5893 
12511 7493 8109 6324 
12512 5965 7870 5964 
12513 6715 8167 4674 
12514 7788 8164 8006 
12515 4143 7843 4145 
12516 7778 7871 6074 
12517 4734 7867 7319 
12518 7744 7828 7127 
12519 3731 8144 7659 
12520 7015 7878 6558 
12521 261 7943 262 
12522 5629 8092 6588 
12523 7965 8060 6917 
12524 5691 8179 6699 
12525 3763 7875 3765 
12526 7791 7941 5141 
12527 7328 7795 6064 
12528 4118 7783 7302 
12529 7726 8151 7666 
12530 6039 8131 6885 
12531 8089 8180 7246 
12532 4249 7805 4246 
12533 138 7946 139 
12534 7093 7840 7646 
12535 6191 8096 8037 
12536 5957 7808 7198 
12537 7959 8054 5517 
12538 7616 7930 6172 
12539 6066 7869 4629 
12540 6968 7907 5406 
12541 6230 7886 6228 
12542 7226 8083 5920 
12543 7064 7982 5151 
12544 7019 7938 7033 
12545 6654 7981 5438 
12546 6056 7776 6057 
12547 6044 8222 6993 
12548 6807 8135 5145 
12549 5398 8110 5629 
12550 6618 8013 4992 
12551 7440 8129 6224 
12552 7070 8091 8009 
12553 3665 8048 7447 
12554 7592 7803 4166 
12555 6042 8095 7777 
12556 6765 7791 7714 
12557 6332 7900 5738 
12558 5089 7851 5474 
12559 7720 7737 7342 
12560 6950 8113 6125 
12561 6818 8003 5619 
12562 5725 7849 6022 
12563 7158 7984 7754 
12564 3643 8138 6926 
12565 6042 7777 7579 
12566 7470 7763 3689 
12567 4985 7924 5632 
12568 6588 8012 6587 
12569 297 7964 298 
12570 7631 7999 6861 
12571 6836 7881 3646 
12572 7377 8058 6030 
12573 7096 8088 5864 
12574 6344 8159 6080 
12575 5903 7792 7395 
12576 7121 8033 5960 
12577 88 7931 89 
12578 6371 8112 6370 
12579 6743 8156 4336 
12580 5126 8093 5631 
12581 6762 8178 6389 
12582 6589 7990 6590 
12583 7972 8165 6847 
12584 7180 7829 4779 
12585 266 7986 267 
12586 3954 7876 3951 
12587 6945 7880 6944 
12588 178 7954 179 
12589 7241 7859 7242 
12590 4758 8063 4760 
12591 3859 8217 3861 
12592 7786 8061 6262 
12593 7835 7901 6398 
12594 5441 7801 5907 
12595 6273 8108 8027 
12596 7605 7730 5863 
12597 7095 7848 7291 
12598 7324 7803 6968 
12599 6282 7856 6281 
12600 6994 8223 6664 
12601 6479 8087 7138 
12602 3744 7904 226 
12603 5784 8084 7476 
12604 7411 7778 6074 
12605 7955 8145 7455 
12606 3716 7942 6927 
12607 6381 7956 5651 
12608 7648 7734 6046 
12609 23 7988 7486 
12610 5579 8227 6654 
12611 6763 7968 6571 
12612 7745 7862 6043 
12613 5372 7892 5374 
12614 7135 8006 7134 
12615 5421 7836 4754 
12616 4663 8213 4665 
12617 6062 8010 6061 
12618 6258 7860 6261 
12619 8060 8131 6039 
12620 6074 7871 6075 
12621 7713 7785 6066 
12622 6527 8048 6140 
12623 4974 8175 7015 
12624 5454 7838 7112 
12625 6113 8189 5611 
12626 5783 8096 6211 
12627 4148 7905 4159 
12628 6049 8025 7526 
12629 5589 7887 5257 
12630 5920 8083 5957 
12631 5545 8028 5659 
12632 6887 8226 7617 
12633 4832 7863 7385 
12634 3658 7822 7418 
12635 7805 7947 6133 
12636 6375 7872 5816 
12637 7098 7854 6494 
12638 6047 7915 5718 
12639 6070 7898 7283 
12640 6214 8084 6212 
12641 7246 8180 4083 
12642 8044 8056 6311 
12643 5924 7908 7798 
12644 7900 8022 5738 
12645 7651 8102 5259 
12646 7922 7980 7456 
12647 7368 7903 7599 
12648 79 7978 80 
12649 4173 7934 4380 
12650 6843 8102 6842 
12651 6281 7953 5877 
12652 6189 8142 6791 
12653 4745 7911 7169 
12654 6180 8152 6179 
12655 4159 7927 4220 
12656 6225 8129 7194 
12657 7467 7981 6654 
12658 5646 8082 7237 
12659 7159 7976 7160 
12660 6154 7999 7631 
12661 7242 8056 8044 
12662 5327 7906 5414 
12663 6043 7862 6044 
12664 5827 7919 5358 
12665 6436 7928 5687 
12666 7530 8058 3713 
12667 6423 7982 5948 
12668 7177 7914 4733 
12669 6389 8178 6029 
12670 3652 8083 7226 
12671 6239 8199 7373 
12672 6356 8137 8091 
12673 6133 7993 6009 
12674 5912 7973 5299 
12675 5957 7913 7808 
12676 5445 7910 5669 
12677 7489 7896 6270 
12678 7905 7927 4159 
12679 4912 8106 5324 
12680 7652 7713 6695 
12681 5364 8098 5078 
12682 7579 7777 7104 
12683 6917 8060 6039 
12684 165 8029 166 
12685 5628 8041 6126 
12686 7151 8058 7530 
12687 6028 8042 6026 
12688 3640 7990 7313 
12689 6458 8105 7339 
12690 5711 8209 7231 
12691 5951 8000 5199 
12692 5365 7972 5131 
12693 3917 8154 8136 
12694 5208 7814 7687 
12695 5779 7902 5777 
12696 7654 8171 3657 
12697 6860 7814 7186 
12698 6966 8049 6132 
12699 7144 7955 7707 
12700 6357 8137 6356 
12701 7163 8210 7822 
12702 7874 7903 4822 
12703 6821 8065 6820 
12704 6314 8044 6311 
12705 6047 7996 7915 
12706 7095 7969 7848 
12707 6532 8128 6531 
12708 6207 8089 7961 
12709 6167 8195 5900 
12710 5875 7737 7720 
12711 7186 7814 7439 
12712 6356 8091 7070 
12713 7636 7753 6229 
12714 7869 7987 4629 
12715 3674 7975 308 
12716 5864 8088 7427 
12717 6995 8111 6149 
12718 4629 7987 4107 
12719 5522 7785 7713 
12720 8047 8065 6821 
12721 7785 7869 6066 
12722 6823 8047 6821 
12723 5534 8050 5873 
12724 8110 8161 6139 
12725 3738 7984 7157 
12726 4249 7947 7805 
12727 5716 7966 5795 
12728 5051 8103 5336 
12729 3889 7891 6480 
12730 3745 7988 316 
12731 6846 8165 6848 
12732 7201 7958 5247 
12733 6769 8202 6312 
12734 3804 8212 3802 
12735 6414 7884 6416 
12736 8006 8164 7134 
12737 7049 8219 4980 
12738 3690 7786 7082 
12739 6311 8056 6309 
12740 7627 8228 4105 
12741 7068 8080 3966 
12742 3917 8136 3915 
12743 7138 8087 5803 
12744 3919 8154 3917 
12745 5892 8009 7911 
12746 7313 7990 6589 
12747 7871 7992 6075 
12748 7889 7961 4807 
12749 7030 8114 7997 
12750 6049 7996 6047 
12751 7120 8033 7121 
12752 7302 7889 4807 
12753 6076 7918 7328 
12754 4769 8077 4961 
12755 206 8007 207 
12756 5143 8097 7040 
12757 6239 7873 6236 
12758 301 8206 302 
12759 4632 8104 6667 
12760 7542 7974 3725 
12761 3705 7940 6522 
12762 6501 7769 7571 
12763 7361 8030 3730 
12764 6107 7951 5943 
12765 7914 7969 4733 
12766 7323 7874 4822 
12767 7102 7967 5143 
12768 8009 8091 7052 
12769 7168 8043 3738 
12770 5984 8090 7316 
12771 3726 8151 7726 
12772 5738 8022 5599 
12773 7535 7818 4008 
12774 7030 7997 7218 
12775 7237 7937 5818 
12776 7014 8024 4717 
12777 4627 7861 7357 
12778 6274 8210 8108 
12779 6621 8156 6743 
12780 6920 8141 3645 
12781 7215 7939 6421 
12782 7385 7863 5798 
12783 3714 8200 6913 
12784 5211 7950 5561 
12785 5336 8155 5766 
12786 8103 8155 5336 
12787 7879 8031 5993 
12788 7756 7962 6412 
12789 5803 7855 7434 
12790 7504 8082 5646 
12791 6340 8030 7361 
12792 7599 7903 6690 
12793 6441 8011 6437 
12794 5941 7980 6116 
12795 7169 8009 7052 
12796 4251 7947 4249 
12797 5918 7932 7277 
12798 7539 7826 6157 
12799 7155 7882 3727 
12800 5133 8059 5135 
12801 6075 7992 6250 
12802 6631 8144 6629 
12803 7584 7800 6071 
12804 7369 8147 6504 
12805 5141 7941 7306 
12806 8045 8158 6113 
12807 4280 8051 4282 
12808 5766 8019 7555 
12809 6008 8096 6191 
12810 7849 7995 6022 
12811 4027 8133 7229 
12812 7400 8194 3728 
12813 7486 7988 3745 
12814 6023 8040 6025 
12815 7425 7916 5149 
12816 7439 7814 5208 
12817 7783 7889 7302 
12818 5146 7979 7307 
12819 8026 8081 4419 
12820 5885 7824 7589 
12821 5590 8036 5589 
12822 4822 7903 7368 
12823 5496 8045 7811 
12824 4893 8002 4891 
12825 4733 7969 7095 
12826 6149 8111 8000 
12827 7242 8044 4788 
12828 6538 8118 6537 
12829 5860 8035 5852 
12830 7646 7840 6120 
12831 8091 8137 4448 
12832 6208 8089 6207 
12833 8180 8205 4083 
12834 5834 8071 6824 
12835 6742 8162 7753 
12836 8027 8108 5632 
12837 6106 8122 7064 
12838 6910 8057 7844 
12839 7817 7917 5123 
12840 6153 8146 6154 
12841 3661 7896 7489 
12842 7064 8122 7982 
12843 6111 8191 6112 
12844 7560 8067 3655 
12845 7982 8122 5948 
12846 3684 7826 7539 
12847 6030 8058 7151 
12848 6240 8199 6239 
12849 7671 7805 6133 
12850 6790 8173 6943 
12851 7967 8097 5143 
12852 3924 8086 3922 
12853 7643 7952 6010 
12854 3704 8187 7137 
12855 7405 8105 5272 
12856 7971 8202 6441 
12857 5952 8133 7013 
12858 6360 7821 7366 
12859 6412 7962 6414 
12860 5629 8110 8092 
12861 6091 8107 6451 
12862 6839 8121 7673 
12863 7846 8078 6289 
12864 7180 8016 7829 
12865 6025 8040 7968 
12866 7328 7918 7795 
12867 4807 7961 7300 
12868 7357 7925 5093 
12869 7257 8157 7350 
12870 6083 8094 6082 
12871 98 8076 6906 
12872 5417 8121 5886 
12873 3991 8016 7180 
12874 3725 7974 7053 
12875 6977 8171 7654 
12876 3737 8183 7262 
12877 7911 8009 7169 
12878 6041 8095 6042 
12879 6224 8129 6225 
12880 7071 8053 7205 
12881 5036 8008 4854 
12882 5275 8126 6023 
12883 6095 8018 6094 
12884 7052 8091 4448 
12885 3650 8220 7168 
12886 6023 8126 8040 
12887 7200 8227 5579 
12888 5982 8075 6221 
12889 4203 8176 4201 
12890 7873 8124 6234 
12891 5561 8062 5562 
12892 6381 8155 8103 
12893 3891 7955 7455 
12894 7255 8164 5999 
12895 3746 8032 7471 
12896 7769 8147 4882 
12897 3723 8166 296 
12898 7878 8175 5739 
12899 4255 8034 4253 
12900 8075 8167 6715 
12901 5632 8108 7162 
12902 6382 8155 6381 
12903 5933 8183 7792 
12904 7248 8070 5760 
12905 6312 8202 7971 
12906 5392 8023 7807 
12907 3825 8114 7030 
12908 7596 7921 6566 
12909 7092 8220 3650 
12910 4448 8137 7167 
12911 4154 8055 4160 
12912 7306 8026 4419 
12913 5948 8122 6889 
12914 5802 8039 5388 
12915 7162 8210 7163 
12916 7950 8073 5561 
12917 6087 8125 6086 
12918 7190 8043 6017 
12919 7499 7964 6814 
12920 215 8225 6 
12921 6824 8071 7838 
12922 7372 8072 5381 
12923 6017 8220 7092 
12924 6370 8093 6372 
12925 7451 7991 4020 
12926 4790 7929 7775 
12927 7688 7788 5455 
12928 6414 7962 7884 
12929 7694 7796 5751 
12930 7811 8045 6132 
12931 5648 8116 5647 
12932 6347 8228 5946 
12933 7309 8123 7310 
12934 5982 8167 8075 
12935 5707 8231 6173 
12936 6683 7944 7851 
12937 7217 8021 3669 
12938 6319 8167 5982 
12939 5967 8153 8099 
12940 7956 8103 5980 
12941 6105 8221 6103 
12942 7322 8175 4974 
12943 7307 8119 5758 
12944 6219 8063 7700 
12945 4419 8081 7315 
12946 7373 8199 5106 
12947 5380 8177 7080 
12948 3728 8194 7221 
12949 6208 8180 8089 
12950 7431 8218 4080 
12951 6761 8178 6762 
12952 4267 8181 4265 
12953 3683 8057 6910 
12954 6139 8161 5635 
12955 7451 8099 7991 
12956 5155 8188 5613 
12957 6334 7921 7596 
12958 7234 8159 3962 
12959 5201 7957 7855 
12960 3655 8067 7023 
12961 5782 8150 6118 
12962 7310 8207 6271 
12963 5995 8031 6264 
12964 7775 7929 6904 
12965 7339 8105 7405 
12966 5837 8130 6161 
12967 7932 8000 5951 
12968 7434 7957 6101 
12969 7353 8153 5967 
12970 7555 8019 7556 
12971 6022 7995 7537 
12972 7731 8013 5909 
12973 4188 8185 7283 
12974 7454 8088 7096 
12975 7941 8026 7306 
12976 7471 8032 234 
12977 7915 7976 5718 
12978 151 8163 3725 
12979 7329 8045 5496 
12980 6255 8194 7400 
12981 6007 8038 7652 
12982 7173 8132 7525 
12983 6070 7934 7898 
12984 7861 7925 7357 
12985 7679 8229 6793 
12986 8108 8210 7162 
12987 7854 8187 3704 
12988 7604 8034 6783 
12989 4768 8160 7507 
12990 6126 8041 7973 
12991 4336 8156 7257 
12992 7176 8025 7487 
12993 4969 8158 7329 
12994 7623 8151 3726 
12995 7754 7984 7190 
12996 7625 8138 3643 
12997 6114 8100 7677 
12998 5025 8193 7426 
12999 6016 8218 7431 
13000 6141 7823 7748 
13001 7447 8048 6527 
13002 6057 8143 6335 
13003 7855 7957 7434 
13004 6501 8147 7769 
13005 7979 8119 7307 
13006 5031 8226 5667 
13007 7885 8037 5826 
13008 7750 8010 6062 
13009 4882 8147 7369 
13010 6873 8027 7924 
13011 6257 8064 7860 
13012 5613 7936 7797 
13013 5967 8099 7451 
13014 6303 8219 6035 
13015 5958 8015 7575 
13016 7657 8205 8180 
13017 7710 7864 6216 
13018 7652 8038 7713 
13019 7233 8082 7504 
13020 7413 8174 5569 
13021 5960 8033 7635 
13022 7947 7993 6133 
13023 7931 8221 6105 
13024 7329 8158 8045 
13025 8158 8189 6113 
13026 7156 8162 6742 
13027 7665 7936 6929 
13028 6180 7890 7658 
13029 7884 7962 3700 
13030 7289 8085 3729 
13031 7659 8144 6631 
13032 6393 7925 7861 
13033 6603 7945 7910 
13034 7811 8049 8024 
13035 8043 8220 6017 
13036 7788 8006 5455 
13037 7724 7914 6634 
13038 7525 8172 3656 
13039 4544 8208 7821 
13040 7455 8145 5919 
13041 7697 8135 6777 
13042 5909 7877 7762 
13043 8024 8049 4717 
13044 7801 7899 5907 
13045 6102 8169 7776 
13046 3657 8171 7538 
13047 7538 8171 6037 
13048 5589 8036 8014 
13049 7569 8117 5728 
13050 7872 8230 6093 
13051 7168 8220 8043 
13052 6209 8036 7970 
13053 6261 8148 7473 
13054 6057 8169 8143 
13055 7908 8174 6054 
13056 7884 8115 6526 
13057 7507 8160 6957 
13058 6221 8229 7679 
13059 8156 8157 7257 
13060 5589 8014 7887 
13061 8014 8036 6209 
13062 6271 8207 7587 
13063 5145 8135 7697 
13064 8143 8169 6363 
13065 7606 8078 4845 
13066 7719 8094 6083 
13067 6289 8020 7846 
13068 5272 8105 7901 
13069 7666 8151 6053 
13070 7525 8132 5912 
13071 6621 8157 8156 
13072 7766 8128 4797 
13073 7804 7895 6497 
13074 4080 8224 7683 
13075 4171 7980 7922 
13076 6151 7917 7817 
13077 5910 8138 7625 
13078 5054 8197 8120 
13079 7798 7908 6038 
13080 3733 8094 7719 
13081 5803 8087 7855 
13082 7916 8005 5149 
13083 5054 8120 7491 
13084 5965 8160 7870 
13085 7283 8185 7678 
13086 5113 8149 7722 
13087 7851 7944 5474 
13088 7696 8112 6371 
13089 6053 8151 7623 
13090 7657 8180 6208 
13091 4734 8198 7867 
13092 7910 7945 5669 
13093 7713 8038 5522 
13094 7985 8048 3665 
13095 8075 8229 6221 
13096 7490 8197 5054 
13097 7678 8185 6304 
13098 7350 8157 7864 
13099 4994 8124 7873 
13100 7159 7998 7966 
13101 5569 8174 7908 
13102 7846 8020 6402 
13103 3854 8229 8075 
13104 7811 8024 5944 
13105 6154 8146 7999 
13106 7855 8087 6477 
13107 7933 8085 6033 
13108 7913 8083 3652 
13109 7807 8023 6900 
13110 6121 8005 7916 
13111 7870 8160 4768 
13112 6132 8049 7811 
13113 3645 8141 7715 
13114 7860 8148 6261 
13115 6375 8230 7872 
13116 3690 8061 7786 
13117 7723 8140 5450 
13118 7080 8177 8068 
13119 8120 8197 6413 
13120 4881 8031 7879 
13121 6464 8170 7906 
13122 7966 7998 5795 
13123 6441 8202 8011 
13124 3700 8115 7884 
13125 8068 8177 6308 
13126 7758 8101 5755 
13127 7924 8027 5632 
13128 7864 8052 6216 
13129 6191 8037 7885 
13130 7015 8175 7878 
13131 7989 8116 6585 
13132 7772 8200 3714 
13133 6588 8092 7985 
13134 4953 8148 7860 
13135 5957 8083 7913 
13136 6108 8200 7772 
13137 7863 8113 5798 
13138 7792 8183 3737 
13139 5999 8164 7788 
13140 7920 8059 6847 
13141 7860 8064 4953 
13142 7822 8210 6274 
13143 7776 8169 6057 
13144 6436 8106 7928 
13145 7901 8105 6458 
13146 6140 8048 7985 
13147 7985 8092 6140 
13148 8062 8073 6138 
13149 7906 8170 5414 
13150 5561 8073 8062 
13151 6381 8103 7956 
13152 7864 8157 8052 
13153 7821 8208 6511 
13154 7862 8222 6044 
13155 8046 8230 5176 
13156 5912 8132 7973 
13157 7973 8132 6126 
13158 8052 8157 6621 
13159 5365 8165 7972 
13160 6093 8230 8046 
$EndElements
