$MeshFormat
4.1 0 8
$EndMeshFormat
$PhysicalNames
19
1 1 "r1"
1 2 "ground"
1 3 "flare"
1 4 "pipewall"
1 5 "x2"
1 6 "symmetry"
1 7 "r2"
1 8 "symmetry2"
1 9 "ground2"
1 11 "r3"
1 12 "ground3"
1 14 "symmetry3"
1 15 "r4"
1 16 "ground4"
1 18 "symmetry4"
2 7 "domain1"
2 10 "domain2"
2 15 "domain3"
2 19 "domain4"
$EndPhysicalNames
$Entities
22 34 8 0
1 0 112.6386730104765 0 0 
2 0 0 0 0 
3 102.8838524839103 -45.85175629820566 0 0 
4 12.23606797749979 -0.5278640450004204 0 0 
5 10 -5 0 0 
6 5 -5 0 0 
7 5 -10 0 0 
8 0 -10 0 0 
9 0 216.5723331942687 0 0 
10 195.8926206788413 -92.35614039567119 0 0 
11 0 310.5354291862002 0 0 
12 279.9513938489505 -134.3855269807258 0 0 
13 0 392.6009975037909 0 0 
14 353.3605965891838 -171.0901283508425 0 0 
15 0 459.3033881724511 0 0 
16 413.0251646066029 -200.922412359552 0 0 
17 0 500 0 0 
18 449.4273022386378 -219.1234811755695 0 0 
19 0 600 0 0 
20 538.8737483541204 -263.8467042333107 0 0 
21 0 1250 0 0 
22 1120.261112419707 -554.5403862661042 0 0 
1 0 -45.85175629820567 0 112.6089131571392 112.6386730104765 0 0 2 1 -3 
2 12.23606797749979 -45.85175629820566 0 102.8838524839103 -0.5278640450004204 0 0 2 3 -4 
3 4.999999999999998 -5 0 12.23606797749979 -0.0003334422902803169 0 0 2 4 -6 
4 5 -10 0 5 -5 0 0 2 6 -7 
5 0 -10 0 5 -10 0 0 2 7 -8 
6 0 -10 0 0 112.6386730104765 0 0 2 8 -1 
7 0 -92.35614039567122 0 216.5678850820005 216.5723331942687 0 0 2 9 -10 
8 0 112.6386730104765 0 0 216.5723331942687 0 0 2 1 -9 
9 102.8838524839103 -92.35614039567119 0 195.8926206788413 -45.85175629820566 0 0 2 10 -3 
10 7.105427357601002e-15 -45.85175629820567 0 112.6089131571392 112.6386730104766 0 0 2 3 -1 
11 0 -134.3855269807258 0 310.5352816582471 310.5354291862002 0 0 2 11 -12 
12 195.8926206788413 -134.3855269807258 0 279.9513938489505 -92.35614039567119 0 0 2 12 -10 
13 2.842170943040401e-14 -92.35614039567128 0 216.5678850820006 216.5723331942687 0 0 2 10 -9 
14 0 216.5723331942687 0 0 310.5354291862002 0 0 2 9 -11 
15 0 -171.0901283508425 0 392.6004674455814 392.6009975037909 0 1 15 2 13 -14 
16 279.9513938489505 -171.0901283508425 0 353.3605965891838 -134.3855269807258 0 1 16 2 14 -12 
17 -2.842170943040401e-14 -134.3855269807258 0 310.5352816582472 310.5354291862003 0 1 11 2 12 -11 
18 0 310.5354291862002 0 0 392.6009975037909 0 1 18 2 11 -13 
19 0 -200.9224123595521 0 459.3012069728937 459.3033881724511 0 0 2 15 -16 
20 353.3605965891838 -200.922412359552 0 413.0251646066029 -171.0901283508425 0 0 2 16 -14 
21 1.70530256582424e-13 -171.0901283508425 0 392.6004674455816 392.6009975037911 0 0 2 14 -13 
22 0 392.6009975037909 0 0 459.3033881724511 0 0 2 13 -15 
23 0 -219.1234811755694 0 499.9964448012176 500 0 0 2 17 -18 
24 413.0251646066029 -219.1234811755695 0 449.4273022386378 -200.922412359552 0 0 2 18 -16 
25 -2.273736754432321e-13 -200.9224123595521 0 459.3012069728938 459.303388172451 0 0 2 16 -15 
26 0 459.3033881724511 0 0 500 0 0 2 15 -17 
27 0 -263.8467042333107 0 599.9922964533503 600 0 0 2 19 -20 
28 449.4273022386378 -263.8467042333107 0 538.8737483541204 -219.1234811755695 0 0 2 20 -18 
29 0 -219.1234811755695 0 499.9964448012176 500.0000000000001 0 0 2 18 -17 
30 0 500 0 0 600 0 0 2 17 -19 
31 0 -554.5403862661042 0 1249.955502078688 1250 0 0 2 21 -22 
32 538.8737483541204 -554.5403862661042 0 1120.261112419707 -263.8467042333107 0 0 2 22 -20 
33 0 -263.8467042333108 0 599.9922964533504 600.0000000000001 0 0 2 20 -19 
34 0 600 0 0 1250 0 0 2 19 -21 
2 0 -45.85175629820567 0 112.6089131571392 112.6386730104765 0 0 6 -2 -1 -6 -5 -4 -3 
3 0 -92.35614039567122 0 216.5678850820005 216.5723331942687 0 0 4 -10 -9 -7 -8 
4 0 -134.3855269807258 0 310.5352816582471 310.5354291862002 0 0 4 -14 -13 -12 -11 
5 -2.842170943040401e-14 -171.0901283508425 0 392.6004674455814 392.6009975037909 0 1 19 4 -18 -17 -16 -15 
6 0 -200.9224123595521 0 459.3012069728937 459.3033881724511 0 0 4 -22 -21 -20 -19 
7 -2.273736754432321e-13 -219.1234811755694 0 499.9964448012176 500 0 0 4 -26 -25 -24 -23 
8 0 -263.8467042333107 0 599.9922964533503 600 0 0 4 -30 -29 -28 -27 
9 0 -554.5403862661042 0 1249.955502078688 1250 0 0 4 -34 -33 -32 -31 
$EndEntities
$Nodes
9 7885 11 26275
0 11 0 1
11
0 310.5354291862002 0
0 12 0 1
12
279.9513938489505 -134.3855269807258 0
0 13 0 1
13
0 392.6009975037909 0
0 14 0 1
14
353.3605965891838 -171.0901283508425 0
1 15 0 264
1019
1020
1021
1022
1023
1024
1025
1026
1027
1028
1029
1030
1031
1032
1033
1034
1035
1036
1037
1038
1039
1040
1041
1042
1043
1044
1045
1046
1047
1048
1049
1050
1051
1052
1053
1054
1055
1056
1057
1058
1059
1060
1061
1062
1063
1064
1065
1066
1067
1068
1069
1070
1071
1072
1073
1074
1075
1076
1077
1078
1079
1080
1081
1082
1083
1084
1085
1086
1087
1088
1089
1090
1091
1092
1093
1094
1095
1096
1097
1098
1099
1100
1101
1102
1103
1104
1105
1106
1107
1108
1109
1110
1111
1112
1113
1114
1115
1116
1117
1118
1119
1120
1121
1122
1123
1124
1125
1126
1127
1128
1129
1130
1131
1132
1133
1134
1135
1136
1137
1138
1139
1140
1141
1142
1143
1144
1145
1146
1147
1148
1149
1150
1151
1152
1153
1154
1155
1156
1157
1158
1159
1160
1161
1162
1163
1164
1165
1166
1167
1168
1169
1170
1171
1172
1173
1174
1175
1176
1177
1178
1179
1180
1181
1182
1183
1184
1185
1186
1187
1188
1189
1190
1191
1192
1193
1194
1195
1196
1197
1198
1199
1200
1201
1202
1203
1204
1205
1206
1207
1208
1209
1210
1211
1212
1213
1214
1215
1216
1217
1218
1219
1220
1221
1222
1223
1224
1225
1226
1227
1228
1229
1230
1231
1232
1233
1234
1235
1236
1237
1238
1239
1240
1241
1242
1243
1244
1245
1246
1247
1248
1249
1250
1251
1252
1253
1254
1255
1256
1257
1258
1259
1260
1261
1262
1263
1264
1265
1266
1267
1268
1269
1270
1271
1272
1273
1274
1275
1276
1277
1278
1279
1280
1281
1282
2.995158058504252 392.5895722878745 0
5.990141790770211 392.5552973051034 0
8.984776880640444 392.4981745503752 0
11.97888903237531 392.4182073483871 0
14.97230398056083 392.3154003534469 0
17.96484750045865 392.1897595491969 0
20.95634541810248 392.0412922482641 0
23.9466236202182 391.8700070918458 0
26.93550806466812 391.6759140491918 0
29.92282478975784 391.4590244170814 0
32.90839992540624 391.219350819104 0
35.89205970428386 390.9569072048168 0
38.87363046992064 390.6717088490793 0
41.85293868556082 390.3637723513215 0
44.82981094678047 390.033115634362 0
47.80407399290909 389.6797579431758 0
50.77555471499832 389.3037198439746 0
53.74408016376498 388.9050232233089 0
56.70947756516369 388.4836912860794 0
59.67157432343904 388.039748555137 0
62.63019803458371 387.5732208694513 0
65.58517649866073 387.0841353822334 0
68.5363377290173 386.5725205594233 0
71.48350995916473 386.0384061785688 0
74.42652165713837 385.481823326329 0
77.36520153163542 384.9028043973453 0
80.29937854389981 384.3013830920143 0
83.22888191838624 383.6775944143559 0
86.15354114854645 383.0314746708648 0
89.07318601218033 382.3630614672542 0
91.98764657638596 381.6723937073647 0
94.89675321403004 380.9595115893645 0
97.80033660889137 380.2244566044631 0
100.6982277578225 379.4672715365652 0
103.5902579982805 378.6880004552842 0
106.476259008309 377.8866887157672 0
109.3560628146021 377.0633829565799 0
112.2295018050864 376.2181310962482 0
115.0964087382012 375.3509823305923 0
117.9566167527982 374.4619871298089 0
120.8099593754554 373.5511972362992 0
123.6562705335666 372.6186656606202 0
126.4953845663389 371.6644466778948 0
129.3271362292696 370.6885958263454 0
132.1513607008301 369.6911699052207 0
134.9678936118157 368.6722269644965 0
137.7765710298027 367.6318263102929 0
140.5772294803956 366.5700284974044 0
143.3697059570754 365.48689532561 0
146.1538379313675 364.3824898357538 0
148.9294633598668 363.2568763069926 0
151.6964206925498 362.1101202535503 0
154.4545488885374 360.9422884182595 0
157.2036874189036 359.7534487713374 0
159.9436762682912 358.5436705099614 0
162.674355966452 357.3130240445648 0
165.3955675830846 356.0615810008726 0
168.1071527327239 354.7894142178826 0
170.8089535944284 353.4965977388582 0
173.5008129164553 352.1832068090426 0
176.1825740260384 350.8493178709788 0
178.8540808383984 349.4950085600985 0
181.5151778639407 348.1203577011745 0
184.1657102190301 346.7254453028965 0
186.8055236353793 345.3103525530091 0
189.4344644687989 343.8751618136894 0
192.0523797048353 342.4199566185964 0
194.6591169783635 340.9448216620623 0
197.2545245631666 339.4498428049876 0
199.838451406157 337.9351070554237 0
202.4107471182178 336.4007025736072 0
204.9712619830636 334.8467186669774 0
207.5198469691477 333.2732457832059 0
210.0563537366337 331.6803755060614 0
212.5806346640981 330.0682005385871 0
215.0925428341707 328.4368147119048 0
217.5919320348607 326.7863129849661 0
220.0786568046016 325.1167914151068 0
222.5525724064983 323.4283471747985 0
225.0135348482818 321.7210785386197 0
227.4614009019701 319.9950848695726 0
229.8960280862232 318.2504666314728 0
232.3172747050527 316.4873253616781 0
234.7249998366998 314.7057636787623 0
237.1190633433755 312.9058852756399 0
239.4993258860712 311.0877949085903 0
241.8656489246135 309.2515983972391 0
244.2178947308429 307.3974026146067 0
246.5559264001413 305.5253154780136 0
248.8796078464753 303.6354459531304 0
251.1888038361429 301.7279040266899 0
253.4833799630362 299.8028007265553 0
255.7632026816179 297.8602480946615 0
258.0281392942471 295.9003591976871 0
260.2780579746791 293.9232481072248 0
262.5128277733347 291.9290298949716 0
264.732318622781 289.9178206278083 0
266.9364013439592 287.8897373622554 0
269.1249476478093 285.8448981432686 0
271.2978301518161 283.7834219891783 0
273.454922398418 281.7054288739336 0
275.5960988324665 279.611039748607 0
277.7212348348061 277.500376509298 0
279.8302067172351 275.3735620018035 0
281.9228917278712 273.2307200165579 0
283.9991680705687 271.0719752689247 0
286.0589149032878 268.8974534005951 0
288.1020123356624 266.7072809825661 0
290.128341455969 264.5015854867043 0
292.1377843265457 262.2804952903443 0
294.1302239990723 260.044139659457 0
296.1055445013062 257.7926487636073 0
298.0636308678002 255.5261536416095 0
300.0043691286803 253.2447862141967 0
301.927646327028 250.9486792640932 0
303.8333505290977 248.6379664235414 0
305.7213708142669 246.3127821864248 0
307.5915972944265 243.9732618850578 0
309.4439211186033 241.6195416842671 0
311.2782344763975 239.2517585770866 0
313.0944306055584 236.8700503752064 0
314.8924037984104 234.4745557006783 0
316.6720494080257 232.0654139778105 0
318.4332638543553 229.642765424984 0
320.1759446307339 227.2067510458017 0
321.8999903104591 224.75751261993 0
323.605300548345 222.2951927010275 0
325.2917760886227 219.8199346057609 0
326.959318771536 217.3318824043651 0
328.6078315431152 214.8311809060856 0
330.2372184528679 212.3179756626473 0
331.8473846672176 209.7924129478932 0
333.4382364720206 207.2546397536145 0
335.009681276321 204.7048037836666 0
336.5616276198487 202.1430534419869 0
338.0939851735842 199.5695378318442 0
339.6066647504638 196.9844067382943 0
341.0995783068132 194.3878106257846 0
342.5726389503753 191.7799006245114 0
344.0257609489259 189.1608285150077 0
345.4588597261937 186.5307467353564 0
346.87185186654 183.889808373517 0
348.2646551374281 181.2381671254153 0
349.6371884719504 178.5759773273031 0
350.9893719820848 175.9033939314229 0
352.3211269683864 173.2205724869245 0
353.6323759191977 170.5276691411542 0
354.9230425175159 167.8248406258182 0
356.1930516424975 165.1122442539522 0
357.4423293743502 162.3900379099969 0
358.6708030054936 159.6583800254971 0
359.8784010328262 156.9174295960395 0
361.0650531704754 154.1673461533713 0
362.2306903540494 151.4082897552194 0
363.375244739252 148.6404209885737 0
364.4986497077348 145.8639009563699 0
365.6008398758751 143.0788912559307 0
366.6817510964291 140.2855539741282 0
367.7413204565806 137.4840516926315 0
368.7794862840436 134.6745474729674 0
369.7961881550934 131.8572048351339 0
370.7913668962785 129.032187752363 0
371.7649645851948 126.1996606490703 0
372.7169245555649 123.3597883867066 0
373.6471914007725 120.5127362534191 0
374.5557109766063 117.658669955854 0
375.4424304037959 114.7977556116081 0
376.3072980741964 111.9301597294918 0
377.1502636512835 109.0560492074558 0
377.9712780708784 106.1755913307684 0
378.7702935480046 103.2889537488405 0
379.5472635775323 100.396304472719 0
380.3021429376122 97.4978118627883 0
381.0348876923586 94.59364461867067 0
381.7454551938361 91.68397177163824 0
382.4338040854473 88.7689626711128 0
383.0998943028042 85.84878698124919 0
383.7436870780359 82.92361466268927 0
384.3651449411032 79.9936159663785 0
384.9642317222504 77.05896142220678 0
385.5409125517423 74.11982184099924 0
386.0951538654949 71.17636828717413 0
386.6269234049103 68.22877207912565 0
387.1361902193838 65.27720477619118 0
387.6229246693144 62.32183816110251 0
388.0870984250258 59.36284424634672 0
388.5286844696977 56.40039525763732 0
388.9476571021482 53.43466361568538 0
389.3439919371902 50.46582193311474 0
389.7176659071878 47.49404300357249 0
390.0686572634388 44.51949979132284 0
390.3969455770875 41.54236542437382 0
390.7025117408438 38.56281318015402 0
390.985337969936 35.58101647657926 0
391.2454078031038 32.59714886235689 0
391.482706103594 29.61138400647104 0
391.6972190600072 26.62389568842981 0
391.8889341870184 23.6348577895957 0
392.0578403262126 20.64444428212353 0
392.2039276471634 17.65282920979756 0
392.3271876471118 14.66018669320486 0
392.4276131518749 11.66669091448361 0
392.5051983164175 8.672516103266059 0
392.5599386250856 5.677836528178307 0
392.5918308918414 2.682826487764718 0
392.6008732604695 -0.3123397004161533 0
392.5870652046787 -3.307487709588169 0
392.5504075281352 -6.302443214074488 0
392.4909023644961 -9.297031896001263 0
392.408553177141 -12.29107946417221 0
392.3033647589681 -15.28441165906131 0
392.1753432320324 -18.2768542645939 0
392.0244960476688 -21.26823310815936 0
391.8508319855697 -24.25837408377768 0
391.6543611534569 -27.24710315701835 0
391.4350949864548 -30.2342463758696 0
391.1930462464771 -33.21962988013738 0
390.9282290214247 -36.20307991240757 0
390.640658724577 -39.18442282591764 0
390.3303520934916 -42.16348509720856 0
389.9973271880427 -45.1400933445472 0
389.6416033914851 -48.11407431806496 0
389.2632014077549 -51.08525492504961 0
388.8621432616161 -54.05346222911193 0
388.4384522952489 -57.0185234765274 0
387.9921531683283 -59.98026609457612 0
387.5232718566264 -62.93851770185624 0
387.0318356503386 -65.89310611969157 0
386.5178731526381 -68.8438593814498 0
385.9814142784407 -71.79060574048948 0
385.4224902496721 -74.73317369624448 0
384.8411335980965 -77.67139197866686 0
384.237378159205 -80.60508958069447 0
383.6112590737736 -83.5340957502134 0
382.9628127835601 -86.45824001143875 0
382.2920770299311 -89.37735217107787 0
381.599090851295 -92.2912623298475 0
380.883894581006 -95.19980089147651 0
380.1465298455689 -98.10279857039576 0
379.3870395628706 -101.000086399431 0
378.6054679378731 -103.8914957468406 0
377.8018604580183 -106.7768583328417 0
376.9762638957167 -109.6560062203553 0
376.1287263031768 -112.5287718342362 0
375.2592970090559 -115.3949879727921 0
374.3680266167158 -118.2544878136878 0
373.4549670004385 -121.1071049264786 0
372.5201713027942 -123.9526732810091 0
371.5636939315601 -126.7910272570801 0
370.5855905562105 -129.6220016551061 0
369.5859181076753 -132.4454316972783 0
368.5647347649196 -135.2611530656017 0
367.5220999657506 -138.0690018712982 0
366.458074394411 -140.86881468981 0
365.372719979356 -143.6604285663202 0
364.2660998907524 -146.4436810222689 0
363.1382785372847 -149.2184100637355 0
361.9893215604959 -151.98445419563 0
360.8192958334243 -154.7416524250775 0
359.628269456632 -157.4898442713045 0
358.4163117486978 -160.2288697876634 0
357.1834932504302 -162.9585695518698 0
355.9298857145901 -165.678784689442 0
354.6555621036729 -168.3893568783356 0
1 16 0 27
1283
1284
1285
1286
1287
1288
1289
1290
1291
1292
1293
1294
1295
1296
1297
1298
1299
1300
1301
1302
1303
1304
1305
1306
1307
1308
1309
350.7388393484588 -169.77924973048 0
348.1170821077449 -168.468371110123 0
345.4953248670199 -167.1574924897605 0
342.8735676263092 -165.8466138694052 0
340.2518103856032 -164.5357352490522 0
337.6300531448783 -163.2248566286897 0
335.0082959041754 -161.9139780083383 0
332.3865386634616 -160.6030993879813 0
329.7647814227366 -159.2922207676188 0
327.1430241820417 -157.9813421472714 0
324.5212669413199 -156.6704635269105 0
321.8995097005948 -155.359584906548 0
319.2777524599031 -154.0487062862021 0
316.6559952191781 -152.7378276658396 0
314.0342379784531 -151.4269490454771 0
311.412480737717 -150.1160704251091 0
308.790723496992 -148.8051918047466 0
306.168966256267 -147.4943131843841 0
303.5472090155309 -146.183434564016 0
300.925451774806 -144.8725559436535 0
298.303694534081 -143.561677323291 0
295.6819372933449 -142.250798702923 0
293.0601800526199 -140.9399200825605 0
290.438422811887 -139.629041462194 0
287.8166655711588 -138.3181628418299 0
285.1949083304338 -137.0072842214674 0
282.5731510896755 -135.6964056010883 0
1 17 0 208
1310
1311
1312
1313
1314
1315
1316
1317
1318
1319
1320
1321
1322
1323
1324
1325
1326
1327
1328
1329
1330
1331
1332
1333
1334
1335
1336
1337
1338
1339
1340
1341
1342
1343
1344
1345
1346
1347
1348
1349
1350
1351
1352
1353
1354
1355
1356
1357
1358
1359
1360
1361
1362
1363
1364
1365
1366
1367
1368
1369
1370
1371
1372
1373
1374
1375
1376
1377
1378
1379
1380
1381
1382
1383
1384
1385
1386
1387
1388
1389
1390
1391
1392
1393
1394
1395
1396
1397
1398
1399
1400
1401
1402
1403
1404
1405
1406
1407
1408
1409
1410
1411
1412
1413
1414
1415
1416
1417
1418
1419
1420
1421
1422
1423
1424
1425
1426
1427
1428
1429
1430
1431
1432
1433
1434
1435
1436
1437
1438
1439
1440
1441
1442
1443
1444
1445
1446
1447
1448
1449
1450
1451
1452
1453
1454
1455
1456
1457
1458
1459
1460
1461
1462
1463
1464
1465
1466
1467
1468
1469
1470
1471
1472
1473
1474
1475
1476
1477
1478
1479
1480
1481
1482
1483
1484
1485
1486
1487
1488
1489
1490
1491
1492
1493
1494
1495
1496
1497
1498
1499
1500
1501
1502
1503
1504
1505
1506
1507
1508
1509
1510
1511
1512
1513
1514
1515
1516
1517
281.2360992940059 -131.6757731465804 0
282.4945767719387 -128.9537392800258 0
283.7267089170873 -126.2196792379703 0
284.9323808201138 -123.4738480004541 0
286.1114800414 -120.7165016407335 0
287.2638966181469 -117.9478973090078 0
288.3895230761836 -115.1682932049833 0
289.4882544418907 -112.3779485488359 0
290.5599882474942 -109.5771235681687 0
291.6046245420838 -106.7660794706259 0
292.6220659043125 -103.9450784104271 0
293.6122174484311 -101.1143834717537 0
294.5749868331396 -98.27425864443491 0
295.5102842712575 -95.4249687963178 0
296.4180225369503 -92.56677965199859 0
297.2981169743345 -89.69995776683818 0
298.1504855053018 -86.82477050249219 0
298.9750486390813 -83.94148599540411 0
299.7717294774921 -81.05037313875194 0
300.5404537227677 -78.15170155518405 0
301.2811496844373 -75.24574157174165 0
301.9937482850398 -72.33276419859571 0
302.6781830672192 -69.41304110168771 0
303.3343902006238 -66.48684457449686 0
303.9623084879953 -63.55444751161333 0
304.561879370328 -60.61612338537861 0
305.1330469320379 -57.67214622179758 0
305.6757579063591 -54.72279057422601 0
306.1899616799085 -51.76833150019201 0
306.6756102980017 -48.80904453280966 0
307.1326584693705 -45.84520565331376 0
307.5610635701195 -42.87709126648541 0
307.9607856469721 -39.90497818013832 0
308.331787421639 -36.92914357570262 0
308.6740342951258 -33.94986497512404 0
308.9874943500451 -30.96742022091128 0
309.2721383529907 -27.98208745655341 0
309.5279397580371 -24.99414509445442 0
309.7548747096147 -22.00387178404056 0
309.9529220434633 -19.01154640150052 0
310.1220632896897 -16.0174480115707 0
310.2622826744931 -13.02185583818889 0
310.3735671207952 -10.02504925528384 0
310.455906250469 -7.02730773893066 0
310.5092923845246 -4.028910860200173 0
310.5337205442326 -1.03013824999731 0
310.5291884515045 1.968730430422087 0
310.4956965289415 4.967415511623851 0
310.4332478999198 7.96563733574528 0
310.3418483882402 10.96311629183009 0
310.2215065179046 13.95957283083199 0
310.072233511731 16.95472750899295 0
309.8940432910145 19.94830099543439 0
309.6869524741064 22.94001410544944 0
309.4509803741519 25.92958783578921 0
309.1861489970466 28.9167433891464 0
308.8924830413328 31.90120217825006 0
308.5700098949877 34.88268586655598 0
308.218759631021 37.86091640957068 0
307.8387650062305 40.83561606363279 0
307.4300614598938 43.80650740042579 0
306.9926871070298 46.77331335989529 0
306.5266827367121 49.73575726059337 0
306.0320918080212 52.69356282758364 0
305.5089604473349 55.64645421090552 0
304.9573374417934 58.59415602489543 0
304.3772742350467 61.53639337092138 0
303.7688249239594 64.47289185521704 0
303.132046250966 67.40337762723627 0
302.4669976018644 70.3275773901775 0
301.7737410012945 73.24521842373923 0
301.0523411000623 76.15602863877137 0
300.3028651762173 79.0597365718625 0
299.5253831252177 81.95607142578999 0
298.7199674555977 84.8447630863819 0
297.8866932790388 87.72554215926803 0
297.0256383076477 90.59813997975927 0
296.1368828419003 93.46228865451693 0
295.2205097640913 96.31772108229976 0
294.2766045386534 99.16417095432533 0
293.3052551938192 102.0013728120669 0
292.306552315654 104.8290620638832 0
291.2805890447066 107.6469749952424 0
290.2274610604682 110.4548488127709 0
289.1472665776486 113.2524216541609 0
288.0401063340994 116.0394326205463 0
286.9060835836555 118.8156217950573 0
285.7453040852127 121.5807302704954 0
284.5578760904246 124.3345001790097 0
283.3439103423903 127.0766746957958 0
282.1035200504903 129.8069980970989 0
280.83682089873 132.5252157415798 0
279.5439310142785 135.2310741395703 0
278.2249709740492 137.9243209385028 0
276.8800637826181 140.6047049696096 0
275.5093348647378 143.2719762627968 0
274.1129120547645 145.9258860679439 0
272.6909255816736 148.5661868840545 0
271.2435080605972 151.1926324753901 0
269.770794476533 153.8049779017501 0
268.2729221727761 156.402979539193 0
266.7500308425812 158.9863950951138 0
265.2022625064059 161.5549836474907 0
263.6297615136093 164.1085056422583 0
262.0326745235845 166.6467229256994 0
260.4111504689454 169.1693988027915 0
258.7653405747938 171.6762980060689 0
257.0953983284244 174.1671867436756 0
255.4014794628218 176.6418327239033 0
253.683741961166 179.1000051491852 0
251.9423460107915 181.5414747831366 0
250.1774540172701 183.9660139300037 0
248.3892305690181 186.3733964845541 0
246.577842442022 188.7633979258028 0
244.7434585624742 191.1357953674197 0
242.8862500071342 193.4903675569653 0
241.0063899791448 195.8268949074105 0
239.1040537843961 198.145159526359 0
237.1794188428872 200.4449452024368 0
235.232664642369 202.7260374621582 0
233.2639727365417 204.9882235715592 0
231.2735267257831 207.2312925590055 0
229.2615122329124 209.455035242736 0
227.2281168999475 211.6592442345985 0
225.1735303644257 213.8437139667162 0
223.0979442332857 216.0082407195136 0
221.0015520766914 218.1526226281753 0
218.8845494042706 220.2766597076209 0
216.7471336426478 222.3801538751914 0
214.5895041300866 224.4629089561595 0
212.4118620934058 226.5247307069795 0
210.2144106037323 228.5654268571322 0
207.9973545995175 230.5848070872412 0
205.7609008482059 232.5826830655979 0
203.505257916336 234.5588684749804 0
201.230636155808 236.5131790243123 0
198.9372477073706 238.445432446239 0
196.6253064544285 240.3554485372855 0
194.2950280017671 242.2430491751005 0
191.9466296699803 244.1080583229341 0
189.5803304697739 245.9503020506967 0
187.1963510821207 247.7696085507604 0
184.7949138367007 249.565808154771 0
182.376242694495 251.3387333470436 0
179.9405632173768 253.0882187871866 0
177.4881025489572 254.8141013237463 0
175.0190894154629 256.5162199940577 0
172.533754074315 258.1944160606139 0
170.0323282957205 259.8485330229785 0
167.5150453728935 261.478416611343 0
164.9821400660541 263.0839148239256 0
162.4338485850623 264.6648779375584 0
159.8704085845043 266.2211585108916 0
157.2920591377218 267.7526114010338 0
154.6990406979453 269.2590937869937 0
152.0915950867171 270.7404651762195 0
149.4699654685332 272.1965874192641 0
146.8343963427378 273.6273247146955 0
144.1851335034791 275.032543631552 0
141.5224240120574 276.4121131238808 0
138.8465161969875 277.7659045308068 0
136.1576596094158 279.0937915997848 0
133.4561050099947 280.3956504930469 0
130.7421043457589 281.6713597991466 0
128.0159107242777 282.9208005454731 0
125.2777783881008 284.1438562101942 0
122.5279627004272 285.3404127289725 0
119.7667201018323 286.5103585141504 0
116.9943081079981 287.6535844556581 0
114.2109852757808 288.7699839356456 0
111.4170111684944 289.8594528424719 0
108.6126463530615 290.9218895718272 0
105.7981523637525 291.9571950411118 0
102.9737916795288 292.9652726979746 0
100.1398277003048 293.9460285290667 0
97.29652472090456 294.8993710693396 0
94.444147905061 295.8252114109691 0
91.58296326429395 296.7234632104253 0
88.71323763583815 297.5940426957921 0
85.8352386456276 298.4368686782948 0
82.94923468936145 299.2518625577907 0
80.05549492606964 300.038948325046 0
77.15428921989218 300.7980525781888 0
74.24588813365744 301.5291045240941 0
71.33056290129561 302.2320359856677 0
68.40858540978299 302.9067814065741 0
65.48022816282698 303.5532778600846 0
62.54576425692679 304.1714650544567 0
59.60546735559863 304.761285338506 0
56.65961167006911 305.322683705706 0
53.70847193338928 305.8556077995595 0
50.75232336637795 306.3600079200486 0
47.79144165702488 306.8358370272299 0
44.82610293855526 307.2830507450739 0
41.85658375239588 307.7016073673263 0
38.88316103901735 308.0914678589322 0
35.90611210041353 308.4525958614875 0
32.9257145689111 308.7849576970747 0
29.94224639419461 309.0885223697686 0
26.95598581766918 309.3632615687507 0
23.96721134090862 309.609149671643 0
20.9762016895416 309.826163747572 0
17.98323580345084 310.0142835578631 0
14.98859281200936 310.1734915581494 0
11.99255199289706 310.3037729009354 0
8.995392751226742 310.4051154364387 0
5.997394599927608 310.4775097134579 0
2.998837133730075 310.5209489804238 0
1 18 0 27
1518
1519
1520
1521
1522
1523
1524
1525
1526
1527
1528
1529
1530
1531
1532
1533
1534
1535
1536
1537
1538
1539
1540
1541
1542
1543
1544
0 313.4663423404007 0
0 316.3972554945885 0
0 319.3281686487905 0
0 322.259081802991 0
0 325.1899949571692 0
0 328.1209081113475 0
0 331.0518212655479 0
0 333.9827344197309 0
0 336.9136475739156 0
0 339.844560728116 0
0 342.7754738823022 0
0 345.7063870365058 0
0 348.6373001907062 0
0 351.5682133448845 0
0 354.4991264990849 0
0 357.4300396532854 0
0 360.360952807497 0
0 363.2918659617196 0
0 366.2227791159201 0
0 369.1536922701206 0
0 372.0846054243322 0
0 375.0155185785326 0
0 377.9464317327331 0
0 380.8773448869558 0
0 383.8082580411563 0
0 386.7391711953678 0
0 389.6700843495905 0
2 5 0 7355
18921
18922
18923
18924
18925
18926
18927
18928
18929
18930
18931
18932
18933
18934
18935
18936
18937
18938
18939
18940
18941
18942
18943
18944
18945
18946
18947
18948
18949
18950
18951
18952
18953
18954
18955
18956
18957
18958
18959
18960
18961
18962
18963
18964
18965
18966
18967
18968
18969
18970
18971
18972
18973
18974
18975
18976
18977
18978
18979
18980
18981
18982
18983
18984
18985
18986
18987
18988
18989
18990
18991
18992
18993
18994
18995
18996
18997
18998
18999
19000
19001
19002
19003
19004
19005
19006
19007
19008
19009
19010
19011
19012
19013
19014
19015
19016
19017
19018
19019
19020
19021
19022
19023
19024
19025
19026
19027
19028
19029
19030
19031
19032
19033
19034
19035
19036
19037
19038
19039
19040
19041
19042
19043
19044
19045
19046
19047
19048
19049
19050
19051
19052
19053
19054
19055
19056
19057
19058
19059
19060
19061
19062
19063
19064
19065
19066
19067
19068
19069
19070
19071
19072
19073
19074
19075
19076
19077
19078
19079
19080
19081
19082
19083
19084
19085
19086
19087
19088
19089
19090
19091
19092
19093
19094
19095
19096
19097
19098
19099
19100
19101
19102
19103
19104
19105
19106
19107
19108
19109
19110
19111
19112
19113
19114
19115
19116
19117
19118
19119
19120
19121
19122
19123
19124
19125
19126
19127
19128
19129
19130
19131
19132
19133
19134
19135
19136
19137
19138
19139
19140
19141
19142
19143
19144
19145
19146
19147
19148
19149
19150
19151
19152
19153
19154
19155
19156
19157
19158
19159
19160
19161
19162
19163
19164
19165
19166
19167
19168
19169
19170
19171
19172
19173
19174
19175
19176
19177
19178
19179
19180
19181
19182
19183
19184
19185
19186
19187
19188
19189
19190
19191
19192
19193
19194
19195
19196
19197
19198
19199
19200
19201
19202
19203
19204
19205
19206
19207
19208
19209
19210
19211
19212
19213
19214
19215
19216
19217
19218
19219
19220
19221
19222
19223
19224
19225
19226
19227
19228
19229
19230
19231
19232
19233
19234
19235
19236
19237
19238
19239
19240
19241
19242
19243
19244
19245
19246
19247
19248
19249
19250
19251
19252
19253
19254
19255
19256
19257
19258
19259
19260
19261
19262
19263
19264
19265
19266
19267
19268
19269
19270
19271
19272
19273
19274
19275
19276
19277
19278
19279
19280
19281
19282
19283
19284
19285
19286
19287
19288
19289
19290
19291
19292
19293
19294
19295
19296
19297
19298
19299
19300
19301
19302
19303
19304
19305
19306
19307
19308
19309
19310
19311
19312
19313
19314
19315
19316
19317
19318
19319
19320
19321
19322
19323
19324
19325
19326
19327
19328
19329
19330
19331
19332
19333
19334
19335
19336
19337
19338
19339
19340
19341
19342
19343
19344
19345
19346
19347
19348
19349
19350
19351
19352
19353
19354
19355
19356
19357
19358
19359
19360
19361
19362
19363
19364
19365
19366
19367
19368
19369
19370
19371
19372
19373
19374
19375
19376
19377
19378
19379
19380
19381
19382
19383
19384
19385
19386
19387
19388
19389
19390
19391
19392
19393
19394
19395
19396
19397
19398
19399
19400
19401
19402
19403
19404
19405
19406
19407
19408
19409
19410
19411
19412
19413
19414
19415
19416
19417
19418
19419
19420
19421
19422
19423
19424
19425
19426
19427
19428
19429
19430
19431
19432
19433
19434
19435
19436
19437
19438
19439
19440
19441
19442
19443
19444
19445
19446
19447
19448
19449
19450
19451
19452
19453
19454
19455
19456
19457
19458
19459
19460
19461
19462
19463
19464
19465
19466
19467
19468
19469
19470
19471
19472
19473
19474
19475
19476
19477
19478
19479
19480
19481
19482
19483
19484
19485
19486
19487
19488
19489
19490
19491
19492
19493
19494
19495
19496
19497
19498
19499
19500
19501
19502
19503
19504
19505
19506
19507
19508
19509
19510
19511
19512
19513
19514
19515
19516
19517
19518
19519
19520
19521
19522
19523
19524
19525
19526
19527
19528
19529
19530
19531
19532
19533
19534
19535
19536
19537
19538
19539
19540
19541
19542
19543
19544
19545
19546
19547
19548
19549
19550
19551
19552
19553
19554
19555
19556
19557
19558
19559
19560
19561
19562
19563
19564
19565
19566
19567
19568
19569
19570
19571
19572
19573
19574
19575
19576
19577
19578
19579
19580
19581
19582
19583
19584
19585
19586
19587
19588
19589
19590
19591
19592
19593
19594
19595
19596
19597
19598
19599
19600
19601
19602
19603
19604
19605
19606
19607
19608
19609
19610
19611
19612
19613
19614
19615
19616
19617
19618
19619
19620
19621
19622
19623
19624
19625
19626
19627
19628
19629
19630
19631
19632
19633
19634
19635
19636
19637
19638
19639
19640
19641
19642
19643
19644
19645
19646
19647
19648
19649
19650
19651
19652
19653
19654
19655
19656
19657
19658
19659
19660
19661
19662
19663
19664
19665
19666
19667
19668
19669
19670
19671
19672
19673
19674
19675
19676
19677
19678
19679
19680
19681
19682
19683
19684
19685
19686
19687
19688
19689
19690
19691
19692
19693
19694
19695
19696
19697
19698
19699
19700
19701
19702
19703
19704
19705
19706
19707
19708
19709
19710
19711
19712
19713
19714
19715
19716
19717
19718
19719
19720
19721
19722
19723
19724
19725
19726
19727
19728
19729
19730
19731
19732
19733
19734
19735
19736
19737
19738
19739
19740
19741
19742
19743
19744
19745
19746
19747
19748
19749
19750
19751
19752
19753
19754
19755
19756
19757
19758
19759
19760
19761
19762
19763
19764
19765
19766
19767
19768
19769
19770
19771
19772
19773
19774
19775
19776
19777
19778
19779
19780
19781
19782
19783
19784
19785
19786
19787
19788
19789
19790
19791
19792
19793
19794
19795
19796
19797
19798
19799
19800
19801
19802
19803
19804
19805
19806
19807
19808
19809
19810
19811
19812
19813
19814
19815
19816
19817
19818
19819
19820
19821
19822
19823
19824
19825
19826
19827
19828
19829
19830
19831
19832
19833
19834
19835
19836
19837
19838
19839
19840
19841
19842
19843
19844
19845
19846
19847
19848
19849
19850
19851
19852
19853
19854
19855
19856
19857
19858
19859
19860
19861
19862
19863
19864
19865
19866
19867
19868
19869
19870
19871
19872
19873
19874
19875
19876
19877
19878
19879
19880
19881
19882
19883
19884
19885
19886
19887
19888
19889
19890
19891
19892
19893
19894
19895
19896
19897
19898
19899
19900
19901
19902
19903
19904
19905
19906
19907
19908
19909
19910
19911
19912
19913
19914
19915
19916
19917
19918
19919
19920
19921
19922
19923
19924
19925
19926
19927
19928
19929
19930
19931
19932
19933
19934
19935
19936
19937
19938
19939
19940
19941
19942
19943
19944
19945
19946
19947
19948
19949
19950
19951
19952
19953
19954
19955
19956
19957
19958
19959
19960
19961
19962
19963
19964
19965
19966
19967
19968
19969
19970
19971
19972
19973
19974
19975
19976
19977
19978
19979
19980
19981
19982
19983
19984
19985
19986
19987
19988
19989
19990
19991
19992
19993
19994
19995
19996
19997
19998
19999
20000
20001
20002
20003
20004
20005
20006
20007
20008
20009
20010
20011
20012
20013
20014
20015
20016
20017
20018
20019
20020
20021
20022
20023
20024
20025
20026
20027
20028
20029
20030
20031
20032
20033
20034
20035
20036
20037
20038
20039
20040
20041
20042
20043
20044
20045
20046
20047
20048
20049
20050
20051
20052
20053
20054
20055
20056
20057
20058
20059
20060
20061
20062
20063
20064
20065
20066
20067
20068
20069
20070
20071
20072
20073
20074
20075
20076
20077
20078
20079
20080
20081
20082
20083
20084
20085
20086
20087
20088
20089
20090
20091
20092
20093
20094
20095
20096
20097
20098
20099
20100
20101
20102
20103
20104
20105
20106
20107
20108
20109
20110
20111
20112
20113
20114
20115
20116
20117
20118
20119
20120
20121
20122
20123
20124
20125
20126
20127
20128
20129
20130
20131
20132
20133
20134
20135
20136
20137
20138
20139
20140
20141
20142
20143
20144
20145
20146
20147
20148
20149
20150
20151
20152
20153
20154
20155
20156
20157
20158
20159
20160
20161
20162
20163
20164
20165
20166
20167
20168
20169
20170
20171
20172
20173
20174
20175
20176
20177
20178
20179
20180
20181
20182
20183
20184
20185
20186
20187
20188
20189
20190
20191
20192
20193
20194
20195
20196
20197
20198
20199
20200
20201
20202
20203
20204
20205
20206
20207
20208
20209
20210
20211
20212
20213
20214
20215
20216
20217
20218
20219
20220
20221
20222
20223
20224
20225
20226
20227
20228
20229
20230
20231
20232
20233
20234
20235
20236
20237
20238
20239
20240
20241
20242
20243
20244
20245
20246
20247
20248
20249
20250
20251
20252
20253
20254
20255
20256
20257
20258
20259
20260
20261
20262
20263
20264
20265
20266
20267
20268
20269
20270
20271
20272
20273
20274
20275
20276
20277
20278
20279
20280
20281
20282
20283
20284
20285
20286
20287
20288
20289
20290
20291
20292
20293
20294
20295
20296
20297
20298
20299
20300
20301
20302
20303
20304
20305
20306
20307
20308
20309
20310
20311
20312
20313
20314
20315
20316
20317
20318
20319
20320
20321
20322
20323
20324
20325
20326
20327
20328
20329
20330
20331
20332
20333
20334
20335
20336
20337
20338
20339
20340
20341
20342
20343
20344
20345
20346
20347
20348
20349
20350
20351
20352
20353
20354
20355
20356
20357
20358
20359
20360
20361
20362
20363
20364
20365
20366
20367
20368
20369
20370
20371
20372
20373
20374
20375
20376
20377
20378
20379
20380
20381
20382
20383
20384
20385
20386
20387
20388
20389
20390
20391
20392
20393
20394
20395
20396
20397
20398
20399
20400
20401
20402
20403
20404
20405
20406
20407
20408
20409
20410
20411
20412
20413
20414
20415
20416
20417
20418
20419
20420
20421
20422
20423
20424
20425
20426
20427
20428
20429
20430
20431
20432
20433
20434
20435
20436
20437
20438
20439
20440
20441
20442
20443
20444
20445
20446
20447
20448
20449
20450
20451
20452
20453
20454
20455
20456
20457
20458
20459
20460
20461
20462
20463
20464
20465
20466
20467
20468
20469
20470
20471
20472
20473
20474
20475
20476
20477
20478
20479
20480
20481
20482
20483
20484
20485
20486
20487
20488
20489
20490
20491
20492
20493
20494
20495
20496
20497
20498
20499
20500
20501
20502
20503
20504
20505
20506
20507
20508
20509
20510
20511
20512
20513
20514
20515
20516
20517
20518
20519
20520
20521
20522
20523
20524
20525
20526
20527
20528
20529
20530
20531
20532
20533
20534
20535
20536
20537
20538
20539
20540
20541
20542
20543
20544
20545
20546
20547
20548
20549
20550
20551
20552
20553
20554
20555
20556
20557
20558
20559
20560
20561
20562
20563
20564
20565
20566
20567
20568
20569
20570
20571
20572
20573
20574
20575
20576
20577
20578
20579
20580
20581
20582
20583
20584
20585
20586
20587
20588
20589
20590
20591
20592
20593
20594
20595
20596
20597
20598
20599
20600
20601
20602
20603
20604
20605
20606
20607
20608
20609
20610
20611
20612
20613
20614
20615
20616
20617
20618
20619
20620
20621
20622
20623
20624
20625
20626
20627
20628
20629
20630
20631
20632
20633
20634
20635
20636
20637
20638
20639
20640
20641
20642
20643
20644
20645
20646
20647
20648
20649
20650
20651
20652
20653
20654
20655
20656
20657
20658
20659
20660
20661
20662
20663
20664
20665
20666
20667
20668
20669
20670
20671
20672
20673
20674
20675
20676
20677
20678
20679
20680
20681
20682
20683
20684
20685
20686
20687
20688
20689
20690
20691
20692
20693
20694
20695
20696
20697
20698
20699
20700
20701
20702
20703
20704
20705
20706
20707
20708
20709
20710
20711
20712
20713
20714
20715
20716
20717
20718
20719
20720
20721
20722
20723
20724
20725
20726
20727
20728
20729
20730
20731
20732
20733
20734
20735
20736
20737
20738
20739
20740
20741
20742
20743
20744
20745
20746
20747
20748
20749
20750
20751
20752
20753
20754
20755
20756
20757
20758
20759
20760
20761
20762
20763
20764
20765
20766
20767
20768
20769
20770
20771
20772
20773
20774
20775
20776
20777
20778
20779
20780
20781
20782
20783
20784
20785
20786
20787
20788
20789
20790
20791
20792
20793
20794
20795
20796
20797
20798
20799
20800
20801
20802
20803
20804
20805
20806
20807
20808
20809
20810
20811
20812
20813
20814
20815
20816
20817
20818
20819
20820
20821
20822
20823
20824
20825
20826
20827
20828
20829
20830
20831
20832
20833
20834
20835
20836
20837
20838
20839
20840
20841
20842
20843
20844
20845
20846
20847
20848
20849
20850
20851
20852
20853
20854
20855
20856
20857
20858
20859
20860
20861
20862
20863
20864
20865
20866
20867
20868
20869
20870
20871
20872
20873
20874
20875
20876
20877
20878
20879
20880
20881
20882
20883
20884
20885
20886
20887
20888
20889
20890
20891
20892
20893
20894
20895
20896
20897
20898
20899
20900
20901
20902
20903
20904
20905
20906
20907
20908
20909
20910
20911
20912
20913
20914
20915
20916
20917
20918
20919
20920
20921
20922
20923
20924
20925
20926
20927
20928
20929
20930
20931
20932
20933
20934
20935
20936
20937
20938
20939
20940
20941
20942
20943
20944
20945
20946
20947
20948
20949
20950
20951
20952
20953
20954
20955
20956
20957
20958
20959
20960
20961
20962
20963
20964
20965
20966
20967
20968
20969
20970
20971
20972
20973
20974
20975
20976
20977
20978
20979
20980
20981
20982
20983
20984
20985
20986
20987
20988
20989
20990
20991
20992
20993
20994
20995
20996
20997
20998
20999
21000
21001
21002
21003
21004
21005
21006
21007
21008
21009
21010
21011
21012
21013
21014
21015
21016
21017
21018
21019
21020
21021
21022
21023
21024
21025
21026
21027
21028
21029
21030
21031
21032
21033
21034
21035
21036
21037
21038
21039
21040
21041
21042
21043
21044
21045
21046
21047
21048
21049
21050
21051
21052
21053
21054
21055
21056
21057
21058
21059
21060
21061
21062
21063
21064
21065
21066
21067
21068
21069
21070
21071
21072
21073
21074
21075
21076
21077
21078
21079
21080
21081
21082
21083
21084
21085
21086
21087
21088
21089
21090
21091
21092
21093
21094
21095
21096
21097
21098
21099
21100
21101
21102
21103
21104
21105
21106
21107
21108
21109
21110
21111
21112
21113
21114
21115
21116
21117
21118
21119
21120
21121
21122
21123
21124
21125
21126
21127
21128
21129
21130
21131
21132
21133
21134
21135
21136
21137
21138
21139
21140
21141
21142
21143
21144
21145
21146
21147
21148
21149
21150
21151
21152
21153
21154
21155
21156
21157
21158
21159
21160
21161
21162
21163
21164
21165
21166
21167
21168
21169
21170
21171
21172
21173
21174
21175
21176
21177
21178
21179
21180
21181
21182
21183
21184
21185
21186
21187
21188
21189
21190
21191
21192
21193
21194
21195
21196
21197
21198
21199
21200
21201
21202
21203
21204
21205
21206
21207
21208
21209
21210
21211
21212
21213
21214
21215
21216
21217
21218
21219
21220
21221
21222
21223
21224
21225
21226
21227
21228
21229
21230
21231
21232
21233
21234
21235
21236
21237
21238
21239
21240
21241
21242
21243
21244
21245
21246
21247
21248
21249
21250
21251
21252
21253
21254
21255
21256
21257
21258
21259
21260
21261
21262
21263
21264
21265
21266
21267
21268
21269
21270
21271
21272
21273
21274
21275
21276
21277
21278
21279
21280
21281
21282
21283
21284
21285
21286
21287
21288
21289
21290
21291
21292
21293
21294
21295
21296
21297
21298
21299
21300
21301
21302
21303
21304
21305
21306
21307
21308
21309
21310
21311
21312
21313
21314
21315
21316
21317
21318
21319
21320
21321
21322
21323
21324
21325
21326
21327
21328
21329
21330
21331
21332
21333
21334
21335
21336
21337
21338
21339
21340
21341
21342
21343
21344
21345
21346
21347
21348
21349
21350
21351
21352
21353
21354
21355
21356
21357
21358
21359
21360
21361
21362
21363
21364
21365
21366
21367
21368
21369
21370
21371
21372
21373
21374
21375
21376
21377
21378
21379
21380
21381
21382
21383
21384
21385
21386
21387
21388
21389
21390
21391
21392
21393
21394
21395
21396
21397
21398
21399
21400
21401
21402
21403
21404
21405
21406
21407
21408
21409
21410
21411
21412
21413
21414
21415
21416
21417
21418
21419
21420
21421
21422
21423
21424
21425
21426
21427
21428
21429
21430
21431
21432
21433
21434
21435
21436
21437
21438
21439
21440
21441
21442
21443
21444
21445
21446
21447
21448
21449
21450
21451
21452
21453
21454
21455
21456
21457
21458
21459
21460
21461
21462
21463
21464
21465
21466
21467
21468
21469
21470
21471
21472
21473
21474
21475
21476
21477
21478
21479
21480
21481
21482
21483
21484
21485
21486
21487
21488
21489
21490
21491
21492
21493
21494
21495
21496
21497
21498
21499
21500
21501
21502
21503
21504
21505
21506
21507
21508
21509
21510
21511
21512
21513
21514
21515
21516
21517
21518
21519
21520
21521
21522
21523
21524
21525
21526
21527
21528
21529
21530
21531
21532
21533
21534
21535
21536
21537
21538
21539
21540
21541
21542
21543
21544
21545
21546
21547
21548
21549
21550
21551
21552
21553
21554
21555
21556
21557
21558
21559
21560
21561
21562
21563
21564
21565
21566
21567
21568
21569
21570
21571
21572
21573
21574
21575
21576
21577
21578
21579
21580
21581
21582
21583
21584
21585
21586
21587
21588
21589
21590
21591
21592
21593
21594
21595
21596
21597
21598
21599
21600
21601
21602
21603
21604
21605
21606
21607
21608
21609
21610
21611
21612
21613
21614
21615
21616
21617
21618
21619
21620
21621
21622
21623
21624
21625
21626
21627
21628
21629
21630
21631
21632
21633
21634
21635
21636
21637
21638
21639
21640
21641
21642
21643
21644
21645
21646
21647
21648
21649
21650
21651
21652
21653
21654
21655
21656
21657
21658
21659
21660
21661
21662
21663
21664
21665
21666
21667
21668
21669
21670
21671
21672
21673
21674
21675
21676
21677
21678
21679
21680
21681
21682
21683
21684
21685
21686
21687
21688
21689
21690
21691
21692
21693
21694
21695
21696
21697
21698
21699
21700
21701
21702
21703
21704
21705
21706
21707
21708
21709
21710
21711
21712
21713
21714
21715
21716
21717
21718
21719
21720
21721
21722
21723
21724
21725
21726
21727
21728
21729
21730
21731
21732
21733
21734
21735
21736
21737
21738
21739
21740
21741
21742
21743
21744
21745
21746
21747
21748
21749
21750
21751
21752
21753
21754
21755
21756
21757
21758
21759
21760
21761
21762
21763
21764
21765
21766
21767
21768
21769
21770
21771
21772
21773
21774
21775
21776
21777
21778
21779
21780
21781
21782
21783
21784
21785
21786
21787
21788
21789
21790
21791
21792
21793
21794
21795
21796
21797
21798
21799
21800
21801
21802
21803
21804
21805
21806
21807
21808
21809
21810
21811
21812
21813
21814
21815
21816
21817
21818
21819
21820
21821
21822
21823
21824
21825
21826
21827
21828
21829
21830
21831
21832
21833
21834
21835
21836
21837
21838
21839
21840
21841
21842
21843
21844
21845
21846
21847
21848
21849
21850
21851
21852
21853
21854
21855
21856
21857
21858
21859
21860
21861
21862
21863
21864
21865
21866
21867
21868
21869
21870
21871
21872
21873
21874
21875
21876
21877
21878
21879
21880
21881
21882
21883
21884
21885
21886
21887
21888
21889
21890
21891
21892
21893
21894
21895
21896
21897
21898
21899
21900
21901
21902
21903
21904
21905
21906
21907
21908
21909
21910
21911
21912
21913
21914
21915
21916
21917
21918
21919
21920
21921
21922
21923
21924
21925
21926
21927
21928
21929
21930
21931
21932
21933
21934
21935
21936
21937
21938
21939
21940
21941
21942
21943
21944
21945
21946
21947
21948
21949
21950
21951
21952
21953
21954
21955
21956
21957
21958
21959
21960
21961
21962
21963
21964
21965
21966
21967
21968
21969
21970
21971
21972
21973
21974
21975
21976
21977
21978
21979
21980
21981
21982
21983
21984
21985
21986
21987
21988
21989
21990
21991
21992
21993
21994
21995
21996
21997
21998
21999
22000
22001
22002
22003
22004
22005
22006
22007
22008
22009
22010
22011
22012
22013
22014
22015
22016
22017
22018
22019
22020
22021
22022
22023
22024
22025
22026
22027
22028
22029
22030
22031
22032
22033
22034
22035
22036
22037
22038
22039
22040
22041
22042
22043
22044
22045
22046
22047
22048
22049
22050
22051
22052
22053
22054
22055
22056
22057
22058
22059
22060
22061
22062
22063
22064
22065
22066
22067
22068
22069
22070
22071
22072
22073
22074
22075
22076
22077
22078
22079
22080
22081
22082
22083
22084
22085
22086
22087
22088
22089
22090
22091
22092
22093
22094
22095
22096
22097
22098
22099
22100
22101
22102
22103
22104
22105
22106
22107
22108
22109
22110
22111
22112
22113
22114
22115
22116
22117
22118
22119
22120
22121
22122
22123
22124
22125
22126
22127
22128
22129
22130
22131
22132
22133
22134
22135
22136
22137
22138
22139
22140
22141
22142
22143
22144
22145
22146
22147
22148
22149
22150
22151
22152
22153
22154
22155
22156
22157
22158
22159
22160
22161
22162
22163
22164
22165
22166
22167
22168
22169
22170
22171
22172
22173
22174
22175
22176
22177
22178
22179
22180
22181
22182
22183
22184
22185
22186
22187
22188
22189
22190
22191
22192
22193
22194
22195
22196
22197
22198
22199
22200
22201
22202
22203
22204
22205
22206
22207
22208
22209
22210
22211
22212
22213
22214
22215
22216
22217
22218
22219
22220
22221
22222
22223
22224
22225
22226
22227
22228
22229
22230
22231
22232
22233
22234
22235
22236
22237
22238
22239
22240
22241
22242
22243
22244
22245
22246
22247
22248
22249
22250
22251
22252
22253
22254
22255
22256
22257
22258
22259
22260
22261
22262
22263
22264
22265
22266
22267
22268
22269
22270
22271
22272
22273
22274
22275
22276
22277
22278
22279
22280
22281
22282
22283
22284
22285
22286
22287
22288
22289
22290
22291
22292
22293
22294
22295
22296
22297
22298
22299
22300
22301
22302
22303
22304
22305
22306
22307
22308
22309
22310
22311
22312
22313
22314
22315
22316
22317
22318
22319
22320
22321
22322
22323
22324
22325
22326
22327
22328
22329
22330
22331
22332
22333
22334
22335
22336
22337
22338
22339
22340
22341
22342
22343
22344
22345
22346
22347
22348
22349
22350
22351
22352
22353
22354
22355
22356
22357
22358
22359
22360
22361
22362
22363
22364
22365
22366
22367
22368
22369
22370
22371
22372
22373
22374
22375
22376
22377
22378
22379
22380
22381
22382
22383
22384
22385
22386
22387
22388
22389
22390
22391
22392
22393
22394
22395
22396
22397
22398
22399
22400
22401
22402
22403
22404
22405
22406
22407
22408
22409
22410
22411
22412
22413
22414
22415
22416
22417
22418
22419
22420
22421
22422
22423
22424
22425
22426
22427
22428
22429
22430
22431
22432
22433
22434
22435
22436
22437
22438
22439
22440
22441
22442
22443
22444
22445
22446
22447
22448
22449
22450
22451
22452
22453
22454
22455
22456
22457
22458
22459
22460
22461
22462
22463
22464
22465
22466
22467
22468
22469
22470
22471
22472
22473
22474
22475
22476
22477
22478
22479
22480
22481
22482
22483
22484
22485
22486
22487
22488
22489
22490
22491
22492
22493
22494
22495
22496
22497
22498
22499
22500
22501
22502
22503
22504
22505
22506
22507
22508
22509
22510
22511
22512
22513
22514
22515
22516
22517
22518
22519
22520
22521
22522
22523
22524
22525
22526
22527
22528
22529
22530
22531
22532
22533
22534
22535
22536
22537
22538
22539
22540
22541
22542
22543
22544
22545
22546
22547
22548
22549
22550
22551
22552
22553
22554
22555
22556
22557
22558
22559
22560
22561
22562
22563
22564
22565
22566
22567
22568
22569
22570
22571
22572
22573
22574
22575
22576
22577
22578
22579
22580
22581
22582
22583
22584
22585
22586
22587
22588
22589
22590
22591
22592
22593
22594
22595
22596
22597
22598
22599
22600
22601
22602
22603
22604
22605
22606
22607
22608
22609
22610
22611
22612
22613
22614
22615
22616
22617
22618
22619
22620
22621
22622
22623
22624
22625
22626
22627
22628
22629
22630
22631
22632
22633
22634
22635
22636
22637
22638
22639
22640
22641
22642
22643
22644
22645
22646
22647
22648
22649
22650
22651
22652
22653
22654
22655
22656
22657
22658
22659
22660
22661
22662
22663
22664
22665
22666
22667
22668
22669
22670
22671
22672
22673
22674
22675
22676
22677
22678
22679
22680
22681
22682
22683
22684
22685
22686
22687
22688
22689
22690
22691
22692
22693
22694
22695
22696
22697
22698
22699
22700
22701
22702
22703
22704
22705
22706
22707
22708
22709
22710
22711
22712
22713
22714
22715
22716
22717
22718
22719
22720
22721
22722
22723
22724
22725
22726
22727
22728
22729
22730
22731
22732
22733
22734
22735
22736
22737
22738
22739
22740
22741
22742
22743
22744
22745
22746
22747
22748
22749
22750
22751
22752
22753
22754
22755
22756
22757
22758
22759
22760
22761
22762
22763
22764
22765
22766
22767
22768
22769
22770
22771
22772
22773
22774
22775
22776
22777
22778
22779
22780
22781
22782
22783
22784
22785
22786
22787
22788
22789
22790
22791
22792
22793
22794
22795
22796
22797
22798
22799
22800
22801
22802
22803
22804
22805
22806
22807
22808
22809
22810
22811
22812
22813
22814
22815
22816
22817
22818
22819
22820
22821
22822
22823
22824
22825
22826
22827
22828
22829
22830
22831
22832
22833
22834
22835
22836
22837
22838
22839
22840
22841
22842
22843
22844
22845
22846
22847
22848
22849
22850
22851
22852
22853
22854
22855
22856
22857
22858
22859
22860
22861
22862
22863
22864
22865
22866
22867
22868
22869
22870
22871
22872
22873
22874
22875
22876
22877
22878
22879
22880
22881
22882
22883
22884
22885
22886
22887
22888
22889
22890
22891
22892
22893
22894
22895
22896
22897
22898
22899
22900
22901
22902
22903
22904
22905
22906
22907
22908
22909
22910
22911
22912
22913
22914
22915
22916
22917
22918
22919
22920
22921
22922
22923
22924
22925
22926
22927
22928
22929
22930
22931
22932
22933
22934
22935
22936
22937
22938
22939
22940
22941
22942
22943
22944
22945
22946
22947
22948
22949
22950
22951
22952
22953
22954
22955
22956
22957
22958
22959
22960
22961
22962
22963
22964
22965
22966
22967
22968
22969
22970
22971
22972
22973
22974
22975
22976
22977
22978
22979
22980
22981
22982
22983
22984
22985
22986
22987
22988
22989
22990
22991
22992
22993
22994
22995
22996
22997
22998
22999
23000
23001
23002
23003
23004
23005
23006
23007
23008
23009
23010
23011
23012
23013
23014
23015
23016
23017
23018
23019
23020
23021
23022
23023
23024
23025
23026
23027
23028
23029
23030
23031
23032
23033
23034
23035
23036
23037
23038
23039
23040
23041
23042
23043
23044
23045
23046
23047
23048
23049
23050
23051
23052
23053
23054
23055
23056
23057
23058
23059
23060
23061
23062
23063
23064
23065
23066
23067
23068
23069
23070
23071
23072
23073
23074
23075
23076
23077
23078
23079
23080
23081
23082
23083
23084
23085
23086
23087
23088
23089
23090
23091
23092
23093
23094
23095
23096
23097
23098
23099
23100
23101
23102
23103
23104
23105
23106
23107
23108
23109
23110
23111
23112
23113
23114
23115
23116
23117
23118
23119
23120
23121
23122
23123
23124
23125
23126
23127
23128
23129
23130
23131
23132
23133
23134
23135
23136
23137
23138
23139
23140
23141
23142
23143
23144
23145
23146
23147
23148
23149
23150
23151
23152
23153
23154
23155
23156
23157
23158
23159
23160
23161
23162
23163
23164
23165
23166
23167
23168
23169
23170
23171
23172
23173
23174
23175
23176
23177
23178
23179
23180
23181
23182
23183
23184
23185
23186
23187
23188
23189
23190
23191
23192
23193
23194
23195
23196
23197
23198
23199
23200
23201
23202
23203
23204
23205
23206
23207
23208
23209
23210
23211
23212
23213
23214
23215
23216
23217
23218
23219
23220
23221
23222
23223
23224
23225
23226
23227
23228
23229
23230
23231
23232
23233
23234
23235
23236
23237
23238
23239
23240
23241
23242
23243
23244
23245
23246
23247
23248
23249
23250
23251
23252
23253
23254
23255
23256
23257
23258
23259
23260
23261
23262
23263
23264
23265
23266
23267
23268
23269
23270
23271
23272
23273
23274
23275
23276
23277
23278
23279
23280
23281
23282
23283
23284
23285
23286
23287
23288
23289
23290
23291
23292
23293
23294
23295
23296
23297
23298
23299
23300
23301
23302
23303
23304
23305
23306
23307
23308
23309
23310
23311
23312
23313
23314
23315
23316
23317
23318
23319
23320
23321
23322
23323
23324
23325
23326
23327
23328
23329
23330
23331
23332
23333
23334
23335
23336
23337
23338
23339
23340
23341
23342
23343
23344
23345
23346
23347
23348
23349
23350
23351
23352
23353
23354
23355
23356
23357
23358
23359
23360
23361
23362
23363
23364
23365
23366
23367
23368
23369
23370
23371
23372
23373
23374
23375
23376
23377
23378
23379
23380
23381
23382
23383
23384
23385
23386
23387
23388
23389
23390
23391
23392
23393
23394
23395
23396
23397
23398
23399
23400
23401
23402
23403
23404
23405
23406
23407
23408
23409
23410
23411
23412
23413
23414
23415
23416
23417
23418
23419
23420
23421
23422
23423
23424
23425
23426
23427
23428
23429
23430
23431
23432
23433
23434
23435
23436
23437
23438
23439
23440
23441
23442
23443
23444
23445
23446
23447
23448
23449
23450
23451
23452
23453
23454
23455
23456
23457
23458
23459
23460
23461
23462
23463
23464
23465
23466
23467
23468
23469
23470
23471
23472
23473
23474
23475
23476
23477
23478
23479
23480
23481
23482
23483
23484
23485
23486
23487
23488
23489
23490
23491
23492
23493
23494
23495
23496
23497
23498
23499
23500
23501
23502
23503
23504
23505
23506
23507
23508
23509
23510
23511
23512
23513
23514
23515
23516
23517
23518
23519
23520
23521
23522
23523
23524
23525
23526
23527
23528
23529
23530
23531
23532
23533
23534
23535
23536
23537
23538
23539
23540
23541
23542
23543
23544
23545
23546
23547
23548
23549
23550
23551
23552
23553
23554
23555
23556
23557
23558
23559
23560
23561
23562
23563
23564
23565
23566
23567
23568
23569
23570
23571
23572
23573
23574
23575
23576
23577
23578
23579
23580
23581
23582
23583
23584
23585
23586
23587
23588
23589
23590
23591
23592
23593
23594
23595
23596
23597
23598
23599
23600
23601
23602
23603
23604
23605
23606
23607
23608
23609
23610
23611
23612
23613
23614
23615
23616
23617
23618
23619
23620
23621
23622
23623
23624
23625
23626
23627
23628
23629
23630
23631
23632
23633
23634
23635
23636
23637
23638
23639
23640
23641
23642
23643
23644
23645
23646
23647
23648
23649
23650
23651
23652
23653
23654
23655
23656
23657
23658
23659
23660
23661
23662
23663
23664
23665
23666
23667
23668
23669
23670
23671
23672
23673
23674
23675
23676
23677
23678
23679
23680
23681
23682
23683
23684
23685
23686
23687
23688
23689
23690
23691
23692
23693
23694
23695
23696
23697
23698
23699
23700
23701
23702
23703
23704
23705
23706
23707
23708
23709
23710
23711
23712
23713
23714
23715
23716
23717
23718
23719
23720
23721
23722
23723
23724
23725
23726
23727
23728
23729
23730
23731
23732
23733
23734
23735
23736
23737
23738
23739
23740
23741
23742
23743
23744
23745
23746
23747
23748
23749
23750
23751
23752
23753
23754
23755
23756
23757
23758
23759
23760
23761
23762
23763
23764
23765
23766
23767
23768
23769
23770
23771
23772
23773
23774
23775
23776
23777
23778
23779
23780
23781
23782
23783
23784
23785
23786
23787
23788
23789
23790
23791
23792
23793
23794
23795
23796
23797
23798
23799
23800
23801
23802
23803
23804
23805
23806
23807
23808
23809
23810
23811
23812
23813
23814
23815
23816
23817
23818
23819
23820
23821
23822
23823
23824
23825
23826
23827
23828
23829
23830
23831
23832
23833
23834
23835
23836
23837
23838
23839
23840
23841
23842
23843
23844
23845
23846
23847
23848
23849
23850
23851
23852
23853
23854
23855
23856
23857
23858
23859
23860
23861
23862
23863
23864
23865
23866
23867
23868
23869
23870
23871
23872
23873
23874
23875
23876
23877
23878
23879
23880
23881
23882
23883
23884
23885
23886
23887
23888
23889
23890
23891
23892
23893
23894
23895
23896
23897
23898
23899
23900
23901
23902
23903
23904
23905
23906
23907
23908
23909
23910
23911
23912
23913
23914
23915
23916
23917
23918
23919
23920
23921
23922
23923
23924
23925
23926
23927
23928
23929
23930
23931
23932
23933
23934
23935
23936
23937
23938
23939
23940
23941
23942
23943
23944
23945
23946
23947
23948
23949
23950
23951
23952
23953
23954
23955
23956
23957
23958
23959
23960
23961
23962
23963
23964
23965
23966
23967
23968
23969
23970
23971
23972
23973
23974
23975
23976
23977
23978
23979
23980
23981
23982
23983
23984
23985
23986
23987
23988
23989
23990
23991
23992
23993
23994
23995
23996
23997
23998
23999
24000
24001
24002
24003
24004
24005
24006
24007
24008
24009
24010
24011
24012
24013
24014
24015
24016
24017
24018
24019
24020
24021
24022
24023
24024
24025
24026
24027
24028
24029
24030
24031
24032
24033
24034
24035
24036
24037
24038
24039
24040
24041
24042
24043
24044
24045
24046
24047
24048
24049
24050
24051
24052
24053
24054
24055
24056
24057
24058
24059
24060
24061
24062
24063
24064
24065
24066
24067
24068
24069
24070
24071
24072
24073
24074
24075
24076
24077
24078
24079
24080
24081
24082
24083
24084
24085
24086
24087
24088
24089
24090
24091
24092
24093
24094
24095
24096
24097
24098
24099
24100
24101
24102
24103
24104
24105
24106
24107
24108
24109
24110
24111
24112
24113
24114
24115
24116
24117
24118
24119
24120
24121
24122
24123
24124
24125
24126
24127
24128
24129
24130
24131
24132
24133
24134
24135
24136
24137
24138
24139
24140
24141
24142
24143
24144
24145
24146
24147
24148
24149
24150
24151
24152
24153
24154
24155
24156
24157
24158
24159
24160
24161
24162
24163
24164
24165
24166
24167
24168
24169
24170
24171
24172
24173
24174
24175
24176
24177
24178
24179
24180
24181
24182
24183
24184
24185
24186
24187
24188
24189
24190
24191
24192
24193
24194
24195
24196
24197
24198
24199
24200
24201
24202
24203
24204
24205
24206
24207
24208
24209
24210
24211
24212
24213
24214
24215
24216
24217
24218
24219
24220
24221
24222
24223
24224
24225
24226
24227
24228
24229
24230
24231
24232
24233
24234
24235
24236
24237
24238
24239
24240
24241
24242
24243
24244
24245
24246
24247
24248
24249
24250
24251
24252
24253
24254
24255
24256
24257
24258
24259
24260
24261
24262
24263
24264
24265
24266
24267
24268
24269
24270
24271
24272
24273
24274
24275
24276
24277
24278
24279
24280
24281
24282
24283
24284
24285
24286
24287
24288
24289
24290
24291
24292
24293
24294
24295
24296
24297
24298
24299
24300
24301
24302
24303
24304
24305
24306
24307
24308
24309
24310
24311
24312
24313
24314
24315
24316
24317
24318
24319
24320
24321
24322
24323
24324
24325
24326
24327
24328
24329
24330
24331
24332
24333
24334
24335
24336
24337
24338
24339
24340
24341
24342
24343
24344
24345
24346
24347
24348
24349
24350
24351
24352
24353
24354
24355
24356
24357
24358
24359
24360
24361
24362
24363
24364
24365
24366
24367
24368
24369
24370
24371
24372
24373
24374
24375
24376
24377
24378
24379
24380
24381
24382
24383
24384
24385
24386
24387
24388
24389
24390
24391
24392
24393
24394
24395
24396
24397
24398
24399
24400
24401
24402
24403
24404
24405
24406
24407
24408
24409
24410
24411
24412
24413
24414
24415
24416
24417
24418
24419
24420
24421
24422
24423
24424
24425
24426
24427
24428
24429
24430
24431
24432
24433
24434
24435
24436
24437
24438
24439
24440
24441
24442
24443
24444
24445
24446
24447
24448
24449
24450
24451
24452
24453
24454
24455
24456
24457
24458
24459
24460
24461
24462
24463
24464
24465
24466
24467
24468
24469
24470
24471
24472
24473
24474
24475
24476
24477
24478
24479
24480
24481
24482
24483
24484
24485
24486
24487
24488
24489
24490
24491
24492
24493
24494
24495
24496
24497
24498
24499
24500
24501
24502
24503
24504
24505
24506
24507
24508
24509
24510
24511
24512
24513
24514
24515
24516
24517
24518
24519
24520
24521
24522
24523
24524
24525
24526
24527
24528
24529
24530
24531
24532
24533
24534
24535
24536
24537
24538
24539
24540
24541
24542
24543
24544
24545
24546
24547
24548
24549
24550
24551
24552
24553
24554
24555
24556
24557
24558
24559
24560
24561
24562
24563
24564
24565
24566
24567
24568
24569
24570
24571
24572
24573
24574
24575
24576
24577
24578
24579
24580
24581
24582
24583
24584
24585
24586
24587
24588
24589
24590
24591
24592
24593
24594
24595
24596
24597
24598
24599
24600
24601
24602
24603
24604
24605
24606
24607
24608
24609
24610
24611
24612
24613
24614
24615
24616
24617
24618
24619
24620
24621
24622
24623
24624
24625
24626
24627
24628
24629
24630
24631
24632
24633
24634
24635
24636
24637
24638
24639
24640
24641
24642
24643
24644
24645
24646
24647
24648
24649
24650
24651
24652
24653
24654
24655
24656
24657
24658
24659
24660
24661
24662
24663
24664
24665
24666
24667
24668
24669
24670
24671
24672
24673
24674
24675
24676
24677
24678
24679
24680
24681
24682
24683
24684
24685
24686
24687
24688
24689
24690
24691
24692
24693
24694
24695
24696
24697
24698
24699
24700
24701
24702
24703
24704
24705
24706
24707
24708
24709
24710
24711
24712
24713
24714
24715
24716
24717
24718
24719
24720
24721
24722
24723
24724
24725
24726
24727
24728
24729
24730
24731
24732
24733
24734
24735
24736
24737
24738
24739
24740
24741
24742
24743
24744
24745
24746
24747
24748
24749
24750
24751
24752
24753
24754
24755
24756
24757
24758
24759
24760
24761
24762
24763
24764
24765
24766
24767
24768
24769
24770
24771
24772
24773
24774
24775
24776
24777
24778
24779
24780
24781
24782
24783
24784
24785
24786
24787
24788
24789
24790
24791
24792
24793
24794
24795
24796
24797
24798
24799
24800
24801
24802
24803
24804
24805
24806
24807
24808
24809
24810
24811
24812
24813
24814
24815
24816
24817
24818
24819
24820
24821
24822
24823
24824
24825
24826
24827
24828
24829
24830
24831
24832
24833
24834
24835
24836
24837
24838
24839
24840
24841
24842
24843
24844
24845
24846
24847
24848
24849
24850
24851
24852
24853
24854
24855
24856
24857
24858
24859
24860
24861
24862
24863
24864
24865
24866
24867
24868
24869
24870
24871
24872
24873
24874
24875
24876
24877
24878
24879
24880
24881
24882
24883
24884
24885
24886
24887
24888
24889
24890
24891
24892
24893
24894
24895
24896
24897
24898
24899
24900
24901
24902
24903
24904
24905
24906
24907
24908
24909
24910
24911
24912
24913
24914
24915
24916
24917
24918
24919
24920
24921
24922
24923
24924
24925
24926
24927
24928
24929
24930
24931
24932
24933
24934
24935
24936
24937
24938
24939
24940
24941
24942
24943
24944
24945
24946
24947
24948
24949
24950
24951
24952
24953
24954
24955
24956
24957
24958
24959
24960
24961
24962
24963
24964
24965
24966
24967
24968
24969
24970
24971
24972
24973
24974
24975
24976
24977
24978
24979
24980
24981
24982
24983
24984
24985
24986
24987
24988
24989
24990
24991
24992
24993
24994
24995
24996
24997
24998
24999
25000
25001
25002
25003
25004
25005
25006
25007
25008
25009
25010
25011
25012
25013
25014
25015
25016
25017
25018
25019
25020
25021
25022
25023
25024
25025
25026
25027
25028
25029
25030
25031
25032
25033
25034
25035
25036
25037
25038
25039
25040
25041
25042
25043
25044
25045
25046
25047
25048
25049
25050
25051
25052
25053
25054
25055
25056
25057
25058
25059
25060
25061
25062
25063
25064
25065
25066
25067
25068
25069
25070
25071
25072
25073
25074
25075
25076
25077
25078
25079
25080
25081
25082
25083
25084
25085
25086
25087
25088
25089
25090
25091
25092
25093
25094
25095
25096
25097
25098
25099
25100
25101
25102
25103
25104
25105
25106
25107
25108
25109
25110
25111
25112
25113
25114
25115
25116
25117
25118
25119
25120
25121
25122
25123
25124
25125
25126
25127
25128
25129
25130
25131
25132
25133
25134
25135
25136
25137
25138
25139
25140
25141
25142
25143
25144
25145
25146
25147
25148
25149
25150
25151
25152
25153
25154
25155
25156
25157
25158
25159
25160
25161
25162
25163
25164
25165
25166
25167
25168
25169
25170
25171
25172
25173
25174
25175
25176
25177
25178
25179
25180
25181
25182
25183
25184
25185
25186
25187
25188
25189
25190
25191
25192
25193
25194
25195
25196
25197
25198
25199
25200
25201
25202
25203
25204
25205
25206
25207
25208
25209
25210
25211
25212
25213
25214
25215
25216
25217
25218
25219
25220
25221
25222
25223
25224
25225
25226
25227
25228
25229
25230
25231
25232
25233
25234
25235
25236
25237
25238
25239
25240
25241
25242
25243
25244
25245
25246
25247
25248
25249
25250
25251
25252
25253
25254
25255
25256
25257
25258
25259
25260
25261
25262
25263
25264
25265
25266
25267
25268
25269
25270
25271
25272
25273
25274
25275
25276
25277
25278
25279
25280
25281
25282
25283
25284
25285
25286
25287
25288
25289
25290
25291
25292
25293
25294
25295
25296
25297
25298
25299
25300
25301
25302
25303
25304
25305
25306
25307
25308
25309
25310
25311
25312
25313
25314
25315
25316
25317
25318
25319
25320
25321
25322
25323
25324
25325
25326
25327
25328
25329
25330
25331
25332
25333
25334
25335
25336
25337
25338
25339
25340
25341
25342
25343
25344
25345
25346
25347
25348
25349
25350
25351
25352
25353
25354
25355
25356
25357
25358
25359
25360
25361
25362
25363
25364
25365
25366
25367
25368
25369
25370
25371
25372
25373
25374
25375
25376
25377
25378
25379
25380
25381
25382
25383
25384
25385
25386
25387
25388
25389
25390
25391
25392
25393
25394
25395
25396
25397
25398
25399
25400
25401
25402
25403
25404
25405
25406
25407
25408
25409
25410
25411
25412
25413
25414
25415
25416
25417
25418
25419
25420
25421
25422
25423
25424
25425
25426
25427
25428
25429
25430
25431
25432
25433
25434
25435
25436
25437
25438
25439
25440
25441
25442
25443
25444
25445
25446
25447
25448
25449
25450
25451
25452
25453
25454
25455
25456
25457
25458
25459
25460
25461
25462
25463
25464
25465
25466
25467
25468
25469
25470
25471
25472
25473
25474
25475
25476
25477
25478
25479
25480
25481
25482
25483
25484
25485
25486
25487
25488
25489
25490
25491
25492
25493
25494
25495
25496
25497
25498
25499
25500
25501
25502
25503
25504
25505
25506
25507
25508
25509
25510
25511
25512
25513
25514
25515
25516
25517
25518
25519
25520
25521
25522
25523
25524
25525
25526
25527
25528
25529
25530
25531
25532
25533
25534
25535
25536
25537
25538
25539
25540
25541
25542
25543
25544
25545
25546
25547
25548
25549
25550
25551
25552
25553
25554
25555
25556
25557
25558
25559
25560
25561
25562
25563
25564
25565
25566
25567
25568
25569
25570
25571
25572
25573
25574
25575
25576
25577
25578
25579
25580
25581
25582
25583
25584
25585
25586
25587
25588
25589
25590
25591
25592
25593
25594
25595
25596
25597
25598
25599
25600
25601
25602
25603
25604
25605
25606
25607
25608
25609
25610
25611
25612
25613
25614
25615
25616
25617
25618
25619
25620
25621
25622
25623
25624
25625
25626
25627
25628
25629
25630
25631
25632
25633
25634
25635
25636
25637
25638
25639
25640
25641
25642
25643
25644
25645
25646
25647
25648
25649
25650
25651
25652
25653
25654
25655
25656
25657
25658
25659
25660
25661
25662
25663
25664
25665
25666
25667
25668
25669
25670
25671
25672
25673
25674
25675
25676
25677
25678
25679
25680
25681
25682
25683
25684
25685
25686
25687
25688
25689
25690
25691
25692
25693
25694
25695
25696
25697
25698
25699
25700
25701
25702
25703
25704
25705
25706
25707
25708
25709
25710
25711
25712
25713
25714
25715
25716
25717
25718
25719
25720
25721
25722
25723
25724
25725
25726
25727
25728
25729
25730
25731
25732
25733
25734
25735
25736
25737
25738
25739
25740
25741
25742
25743
25744
25745
25746
25747
25748
25749
25750
25751
25752
25753
25754
25755
25756
25757
25758
25759
25760
25761
25762
25763
25764
25765
25766
25767
25768
25769
25770
25771
25772
25773
25774
25775
25776
25777
25778
25779
25780
25781
25782
25783
25784
25785
25786
25787
25788
25789
25790
25791
25792
25793
25794
25795
25796
25797
25798
25799
25800
25801
25802
25803
25804
25805
25806
25807
25808
25809
25810
25811
25812
25813
25814
25815
25816
25817
25818
25819
25820
25821
25822
25823
25824
25825
25826
25827
25828
25829
25830
25831
25832
25833
25834
25835
25836
25837
25838
25839
25840
25841
25842
25843
25844
25845
25846
25847
25848
25849
25850
25851
25852
25853
25854
25855
25856
25857
25858
25859
25860
25861
25862
25863
25864
25865
25866
25867
25868
25869
25870
25871
25872
25873
25874
25875
25876
25877
25878
25879
25880
25881
25882
25883
25884
25885
25886
25887
25888
25889
25890
25891
25892
25893
25894
25895
25896
25897
25898
25899
25900
25901
25902
25903
25904
25905
25906
25907
25908
25909
25910
25911
25912
25913
25914
25915
25916
25917
25918
25919
25920
25921
25922
25923
25924
25925
25926
25927
25928
25929
25930
25931
25932
25933
25934
25935
25936
25937
25938
25939
25940
25941
25942
25943
25944
25945
25946
25947
25948
25949
25950
25951
25952
25953
25954
25955
25956
25957
25958
25959
25960
25961
25962
25963
25964
25965
25966
25967
25968
25969
25970
25971
25972
25973
25974
25975
25976
25977
25978
25979
25980
25981
25982
25983
25984
25985
25986
25987
25988
25989
25990
25991
25992
25993
25994
25995
25996
25997
25998
25999
26000
26001
26002
26003
26004
26005
26006
26007
26008
26009
26010
26011
26012
26013
26014
26015
26016
26017
26018
26019
26020
26021
26022
26023
26024
26025
26026
26027
26028
26029
26030
26031
26032
26033
26034
26035
26036
26037
26038
26039
26040
26041
26042
26043
26044
26045
26046
26047
26048
26049
26050
26051
26052
26053
26054
26055
26056
26057
26058
26059
26060
26061
26062
26063
26064
26065
26066
26067
26068
26069
26070
26071
26072
26073
26074
26075
26076
26077
26078
26079
26080
26081
26082
26083
26084
26085
26086
26087
26088
26089
26090
26091
26092
26093
26094
26095
26096
26097
26098
26099
26100
26101
26102
26103
26104
26105
26106
26107
26108
26109
26110
26111
26112
26113
26114
26115
26116
26117
26118
26119
26120
26121
26122
26123
26124
26125
26126
26127
26128
26129
26130
26131
26132
26133
26134
26135
26136
26137
26138
26139
26140
26141
26142
26143
26144
26145
26146
26147
26148
26149
26150
26151
26152
26153
26154
26155
26156
26157
26158
26159
26160
26161
26162
26163
26164
26165
26166
26167
26168
26169
26170
26171
26172
26173
26174
26175
26176
26177
26178
26179
26180
26181
26182
26183
26184
26185
26186
26187
26188
26189
26190
26191
26192
26193
26194
26195
26196
26197
26198
26199
26200
26201
26202
26203
26204
26205
26206
26207
26208
26209
26210
26211
26212
26213
26214
26215
26216
26217
26218
26219
26220
26221
26222
26223
26224
26225
26226
26227
26228
26229
26230
26231
26232
26233
26234
26235
26236
26237
26238
26239
26240
26241
26242
26243
26244
26245
26246
26247
26248
26249
26250
26251
26252
26253
26254
26255
26256
26257
26258
26259
26260
26261
26262
26263
26264
26265
26266
26267
26268
26269
26270
26271
26272
26273
26274
26275
368.5469681359864 -127.1945577971655 0
389.7147842950355 -10.91466249783085 0
289.1660394627372 261.9693571730541 0
248.4762877827705 300.7672404252963 0
387.3290030143349 45.32308102286721 0
384.0157609190546 -67.24631354099509 0
324.2595926536861 217.0028412267982 0
84.21595811074184 380.6042636299339 0
202.6149672335153 333.3918947905358 0
376.6536708056412 101.1697533272921 0
351.9184019191941 168.0357081453931 0
138.3291538421086 364.4203097306381 0
374.6579244733666 -107.5823640810444 0
165.6026851361846 353.215179683506 0
363.7905664022514 140.7590718658423 0
112.9869322478689 372.8321157809807 0
339.7924605308141 191.4609030685809 0
382.6296674611166 75.5324226056712 0
224.7427135137015 318.7381675204288 0
57.78614062180155 386.0383930926799 0
308.1962491396556 238.5650930235287 0
387.9055618026406 -40.40522053608037 0
389.687821333271 18.6476365391499 0
268.3756381038635 283.0118396192411 0
371.3938775596934 118.1302403325692 0
186.5380216168408 342.2361942656176 0
380.9386236042614 -84.47893653096644 0
122.1136475582606 288.2221379428627 0
287.5682255827428 124.223746894163 0
79.21540149296044 302.7293106968296 0
266.6419997129969 164.2466195448444 0
309.2578366175907 48.75690264534833 0
190.0884910873207 248.7478607734689 0
240.0078603424114 200.8046442959918 0
312.3157385197054 -20.65149363758408 0
312.8859267580568 3.46848424256094 0
223.786728800335 219.2415775675985 0
208.4904537644078 233.252901619764 0
312.1855671831718 25.01275722604473 0
310.2859897035245 -41.73657814862892 0
253.1596125076875 184.2821856578955 0
55.63062479360215 308.0621489385924 0
172.5650769507812 261.295616646869 0
305.552638970929 69.21041561270542 0
277.298997398873 145.8204553554493 0
99.43434427135418 296.5740099319688 0
295.3399236468549 104.2308167239768 0
141.3568878543455 279.4064129733796 0
303.2489484821721 -77.22245995068749 0
2.641419719002521 349.7233418458306 0
298.2785005759026 -94.84113680300109 0
307.4623647833851 -59.54288641347183 0
157.7038997585297 270.6482995424512 0
300.8040877261197 86.996447886551 0
40.85544942770213 310.5298852381515 0
279.2019170450207 272.5815332311261 0
389.9821299788771 4.152711994776547 0
389.1716802748042 -25.3389550121708 0
357.9692773935614 154.5412897088199 0
298.803798414979 250.4840986449209 0
236.7667439419213 309.9135211846676 0
385.1124949761308 60.33680231486578 0
98.55035993995206 377.3238746383439 0
152.1267113698175 359.3092953247423 0
331.8251261201101 204.7355169127234 0
313.5272757585577 -148.3266563917628 0
43.18392158371945 387.4959623348014 0
294.5822881578349 -106.118514760669 0
310.9736080714719 36.67599278973142 0
313.0108569915273 -8.597486275096077 0
199.8855737799946 241.2987347701813 0
232.1933217335354 210.0855677481231 0
110.8004397368621 292.8070966863681 0
260.0944995566123 174.3578520108199 0
282.5391440374192 134.9868192136989 0
67.67401757146662 306.1452317992281 0
28.68704723149188 311.8120694889607 0
327.2814377870604 -155.2717975751276 0
2.633317766775888 361.5365628073071 0
2.53824524781055 338.3791041510157 0
363.1627463537264 -141.3514925622972 0
30.92312807090117 388.8782924332597 0
259.3100346909699 290.8752254117871 0
317.1081751437684 227.2452431429293 0
386.5595067455577 -52.05372688427222 0
214.9461053922194 325.6723675495648 0
345.2718648219853 181.3577847357581 0
367.8472409666519 129.5828462228475 0
388.1801524621804 33.93820090809754 0
127.1548350039349 368.8170424228026 0
379.6777456739678 89.87874572109797 0
69.504206632136 383.7383211943982 0
176.3454611647432 347.8585704503004 0
378.5776663314367 -95.7470499089568 0
303.8054519987906 -143.2347306088093 0
290.1566802342562 -117.5150368702618 0
2.268782273808786 373.5972205524652 0
337.4544287110292 -160.2989089455096 0
16.60018557971554 312.6981520911024 0
271.3090096383564 156.3378606363559 0
313.2532821970754 12.30950095178094 0
307.7005390652769 57.563313434691 0
290.6603202864773 115.7018404468448 0
87.80196290309041 300.5285095965285 0
217.9561955176954 225.2838327395794 0
130.5601269176533 284.5565320136453 0
312.1677561257895 -29.47500904737332 0
246.048923430034 194.4572944466224 0
182.6726843662959 254.2797028480704 0
165.1712278924516 265.9624272995718 0
303.2838214752613 78.34304056280607 0
149.2531773328556 275.529696566941 0
300.8518164435483 -86.14883018908483 0
308.9936229779319 -50.73815700341885 0
298.0267553074475 95.71006244500151 0
305.5704223783263 -68.59882058065077 0
2.584074215707457 329.6325666534781 0
19.01931206159619 389.7861665724175 0
359.08276685353 -152.158578735481 0
371.1036430588932 -119.0286010199367 0
382.4420771728859 -75.63808744725699 0
194.7908498409011 338.1723359696005 0
374.2868293846937 110.3100340763005 0
295.506312859494 -139.324851019718 0
286.5012505195521 -125.7923480104765 0
2.796862372389269 320.8952385772691 0
10.08558784485395 390.0524017990001 0
355.7400166678175 -160.2355738512274 0
10.58173758226408 312.9500602103406 0
22.64323747690944 312.2937284313922 0
296.7249611173107 -100.9759208890909 0
292.5564954693189 -112.0096506698891 0
312.9350279225175 -14.31016897046285 0
235.9098226946894 205.6978525852556 0
285.0541045726623 129.5352730255348 0
116.6204907202251 290.4700269661666 0
194.5898233490539 245.5134618588409 0
311.8317209705762 30.51173610309688 0
61.40905533292407 306.9468760154348 0
263.4067754226744 169.3075141390964 0
249.5533384687229 189.1371053392706 0
293.1940689942426 110.2546713557398 0
306.7750678220973 63.7249829519606 0
94.11638421100567 298.5678623860099 0
213.0781708646757 229.4529039352487 0
73.62498279383519 304.2013849341721 0
228.0604465539488 214.3290228793723 0
310.1516212474205 42.45732445126394 0
313.2336382425444 -2.887436058088711 0
312.5750259645804 18.61417951925178 0
256.6714504791705 179.3585232500113 0
204.1580705392185 237.625568817788 0
274.5272499038527 151.1603717574651 0
178.0017451254638 257.7520982743067 0
311.0923093400602 -35.72050011374566 0
279.9353881681901 140.4137283245558 0
49.81552382864621 309.22854077185 0
105.2633895145033 294.8835842946403 0
135.9228243716668 282.0981475456011 0
34.70374712738184 311.1998767536135 0
2.403880270512284 382.1595481533861 0
345.2773025610876 -164.3163405507425 0
2.579995108872809 355.9097906142985 0
321.6983223861263 -152.2973959443094 0
332.2662306330391 -157.861303920361 0
308.6142312301922 -145.9003727545942 0
2.341330924044918 367.8146031508009 0
2.538245247817392 344.240930459404 0
290.6222398156827 -136.82153926918 0
361.2992033758148 -146.8543236001007 0
365.6335443228123 -135.8704374249005 0
24.97410773352193 389.4371593437247 0
36.87420992330441 388.4184625680599 0
49.04069295239558 386.9103196464896 0
157.602372699238 357.0451728923443 0
274.8307788499781 276.7152863648504 0
92.77040304982717 378.9039354417292 0
360.3836752351531 148.9790615624441 0
283.07646084088 268.2070116314633 0
241.1596892981566 306.5591355046754 0
355.9335203355961 159.9873383422721 0
295.1174190659259 255.1437158943006 0
302.9104844703138 245.9618301614154 0
384.3254245468262 66.31195042902013 0
232.0956156929975 313.1700018862267 0
388.8592446612368 -31.68403499729379 0
389.5098406310831 -19.68081984283643 0
389.9104707559627 9.910895871618834 0
389.7692443581379 -2.11290730591303 0
386.3046974263849 54.42400738022258 0
104.3339915442012 375.9536536638747 0
335.375035247681 199.265680559224 0
146.4335651386642 361.5469587555028 0
328.8023297588227 209.8971841848495 0
210.0386847570615 328.9194967936158 0
347.9987551128667 176.0686603592173 0
264.1045250871863 286.9029670228767 0
320.4782883850453 222.1326977472962 0
121.3061769472496 370.5092557893338 0
255.5008844141149 294.7011293614669 0
389.0070566543 27.92982641744364 0
387.7849988212612 39.63924569688363 0
342.6798916407372 186.2260385422867 0
132.5813571288207 366.7002641672451 0
385.6503583858272 -58.11288840406297 0
63.58577241612993 384.4585347915785 0
313.8410757460201 232.2753189428063 0
381.1346806246689 83.44957840701227 0
75.42189277320912 382.9597696259044 0
369.8112633987012 124.1265861909085 0
181.6689353798261 344.9812533600206 0
365.9061340625008 135.2093949137821 0
220.1249086399808 321.8695263842497 0
387.1584353893091 -46.5423878868593 0
376.4964680012538 -101.646889517698 0
373.211795667897 -113.2089320481646 0
378.1534327051963 95.41115266874493 0
170.4956950089265 350.4509092723977 0
379.206498242138 -90.50329647395205 0
284.0003899905571 -131.5081910392519 0
4.676835995754224 313.0390315829459 0
4.412042570829498 390.1646089965126 0
352.8387300479042 -165.6493048236481 0
7.590762666179877 313.0255637597753 0
9.137455805529759 315.5829146484333 0
12.12611141213418 315.4979047024055 0
10.68681227374396 318.1276016165543 0
13.6701058258595 318.049427256572 0
12.23769205043141 320.6641015944368 0
15.21557790713706 320.5889981190527 0
13.7855161178678 323.2008476199206 0
16.76145407273436 323.126229769827 0
15.33183026060918 325.737092810732 0
18.30709647438542 325.6622088556838 0
16.87774338232325 328.2725797667727 0
19.85280401280368 328.1976492815087 0
18.44630893475476 330.7940734782933 0
21.40199335109653 330.7311124485819 0
19.99653831189001 333.3276634787353 0
22.95002648504316 333.2661100438436 0
21.52739552439261 335.8736907905437 0
24.49347929572309 335.8046325551476 0
23.04450765257756 338.4287956378944 0
26.0357803203899 338.3456730471355 0
24.58568416620147 340.9708073255375 0
27.5834646119925 340.8844974942202 0
26.15249315976607 343.4987107352889 0
29.13537595753143 343.4223411156667 0
27.70422031552894 346.0373450916586 0
30.68615361443843 345.9626427275099 0
32.11414816826402 343.3483961836569 0
33.66483078537388 345.8907743042353 0
35.09244252783322 343.2759294852427 0
36.64432962309579 345.8203392143222 0
38.07358893197031 343.2177199307208 0
39.62624342951762 345.7521152297771 0
41.05564930108615 343.139570771296 0
42.60952120411683 345.6807870664887 0
44.04013687405403 343.0754831229081 0
45.59441995679453 345.6111120565415 0
47.02574697385303 343.0058361836123 0
48.5806309602057 345.5407322210884 0
50.01208990114259 342.9240222696727 0
51.56793417595978 345.4680737148959 0
53.0003526385805 342.8608048755576 0
54.55637933415981 345.3980957737247 0
55.98885369802642 342.7739934860793 0
57.54560069075001 345.32452345798 0
58.97843638788089 342.6991497072426 0
60.53567356056374 345.2524053433344 0
61.96875727576344 342.626502334584 0
63.52638656753457 345.1807348386445 0
64.95980462954255 342.5544378208852 0
66.51763572906509 345.1091214647137 0
67.95132108956362 342.4824494514592 0
69.509435074679 345.0375765248002 0
70.94339581144835 342.4105017454586 0
72.50166982822961 344.9660341299862 0
73.93583518146519 342.3385816416519 0
75.49439590941165 344.894458452001 0
76.92874662466529 342.2666623234963 0
78.48744025083815 344.8228569521533 0
79.92194342800113 342.1947639397449 0
81.48083485885616 344.7512282020174 0
82.91548406039971 342.1228657204504 0
84.47453195528203 344.6796205504143 0
85.90929130434117 342.0509801274449 0
87.46844343082546 344.6079425750414 0
88.90332608460551 341.9791081107658 0
29.25937306394625 348.5747354157344 0
41.17870139652319 348.2963102548647 0
90.46256559202584 344.5362177143945 0
91.89758980829698 341.9072379379143 0
90.33818830482772 339.349971480662 0
93.33265664888155 339.2780753817792 0
94.89209084787331 341.8355750997392 0
96.32727707439216 339.2062789085293 0
97.88677446107734 341.7639328784672 0
99.32201538640864 339.1344731262375 0
100.8815377699212 341.6921622007736 0
102.3168942663972 339.0626575845146 0
100.7572444197928 336.5048435566345 0
103.7522787425296 336.4330177617925 0
105.3119342325746 338.9909506304464 0
106.747396922764 336.3612633096604 0
108.3070738345546 338.9192832731962 0
109.7426203170644 336.2895246175166 0
108.1828545716814 333.7313893720736 0
111.1781908568961 333.6596576607855 0
112.7379463185087 336.2178571599893 0
114.1735761893226 333.5879616954126 0
115.7333283470218 336.1462174317156 0
117.1690236867359 333.5162861121876 0
115.6092008974013 330.9579382624211 0
118.6047410240296 330.8862718078673 0
120.1645491794892 333.4446627420491 0
121.6003112828928 330.8146351143129 0
123.1601077273741 333.3730632647431 0
124.5959245810037 330.7430137749292 0
123.0360702807911 328.184503083928 0
126.0317600685356 328.1128981474513 0
127.5915939394167 330.6714364927636 0
129.0274646796724 328.0413207650858 0
130.5872560536121 330.5998952818549 0
132.0231670332611 327.9697691948518 0
130.4633539232684 325.4111408702917 0
133.4591373440122 325.3395743989369 0
135.0189669410003 327.8982581513596 0
136.4549712010648 325.2680853402431 0
134.8950937306919 322.7093148906526 0
137.8909860858877 322.6378327059163 0
139.4508245636169 325.1966087759394 0
140.8868658761926 322.5663730061699 0
142.4466696740982 325.1251302546949 0
143.8827396146107 322.494910361759 0
142.322940960161 319.936119418707 0
145.318858636308 319.8646679488063 0
146.8786023074562 322.4234639791543 0
148.3147837632213 319.7932548514354 0
53.12353598622704 348.0185584075836 0
146.754992246702 317.234397369669 0
149.7509764556281 317.1630075163173 0
151.3107655813299 319.7219285851813 0
152.7469526346578 317.0916714774979 0
154.3067017828511 319.6505574565623 0
155.7429036894114 317.020325935281 0
154.1831577097198 314.4614222475732 0
157.1796422986353 314.4111371172305 0
158.7356599628342 316.9493191064255 0
160.1751191899553 314.3188124419297 0
158.6351968818115 311.8155084474321 0
161.6152195973548 311.7187500954432 0
163.1683866453704 314.2450437651247 0
164.6076258733715 311.6219433684278 0
163.0679956254466 309.1159323746264 0
166.047695800345 309.0182368730133 0
167.6034715548869 311.5461461789926 0
169.0404960353657 308.9211095545431 0
167.5003945948486 306.4143866929023 0
170.4802184231881 306.3167766025082 0
172.0358872484359 308.844786764075 0
173.472979236557 306.2197510389106 0
171.9327884635076 303.7126389094334 0
174.9127249985291 303.6152398459819 0
176.4683760690982 306.1434914603344 0
177.9055190226148 303.5184363474872 0
176.3652369144993 301.0109318428804 0
179.3452953121267 300.9137628173779 0
180.9009338656345 303.4422636004059 0
182.3381243805916 300.8171877087404 0
180.7977512120339 298.3092925197738 0
183.7779296465166 298.2123547631536 0
185.3335557565399 300.7411017297834 0
186.7707910285843 298.1160079983695 0
185.2164677293521 295.5580662462179 0
188.2067728378077 295.4807572692144 0
189.7629489340203 298.0389930712781 0
191.2023242128175 295.4096879622466 0
189.643419136872 292.8506089335247 0
192.6394538164629 292.7796951577262 0
194.1956624050564 295.337184739857 0
195.6351047189736 292.7085515715585 0
194.0761435258545 290.1495552162958 0
197.0722507096026 290.0786980692875 0
198.6316435528361 292.6379476580274 0
200.0684717365528 290.0079324339425 0
198.509069192584 287.4486149034129 0
201.5052836531593 287.3778354148519 0
199.94586048251 284.8184550833322 0
202.9420441679689 284.7477039219638 0
204.5014781841617 287.3070403557284 0
205.9382348499668 284.6769485095523 0
204.378867625195 282.1175929596396 0
207.3750322900314 282.0468705233599 0
208.9343548448521 284.6062129846592 0
210.3711850410784 281.9761640574122 0
208.8118742170221 279.4167649750182 0
211.8080615788441 279.3460932438664 0
210.2487579527605 276.786625815863 0
213.2449657443431 276.7159874605605 0
214.8042147389284 279.2754052729831 0
216.241146272877 276.645336847358 0
214.6819050145541 274.0859053102502 0
217.678084673356 274.0152979668472 0
219.23730524646 276.5747280469329 0
220.674232452113 273.9447101240694 0
219.1150328085979 271.3852389530235 0
222.1112130591611 271.3146729713591 0
220.5520168932479 268.7551518883936 0
223.5482295840451 268.6846266081558 0
225.1073851665648 271.2441047294683 0
226.5444010592777 268.6140970375355 0
224.9852433486244 266.0545779795171 0
227.9814463458561 265.9840693192455 0
226.42229021904 263.4245023309213 0
229.4185225768398 263.3540347825284 0
230.977638494805 265.9135566285549 0
232.4147560737214 263.2835444371754 0
230.85560938208 260.7240044923567 0
233.8518658138732 260.6535303659879 0
232.2927132209145 258.0939737367607 0
235.2889513615366 258.0235365429019 0
236.8480682710673 260.583071811898 0
238.2851463323547 257.9531149351943 0
236.7260681882446 255.3935252782738 0
239.7222869909281 255.3231293809822 0
238.1632258972934 252.7634901777333 0
241.1594692712461 252.6931364263372 0
242.7184877321736 255.2527255039588 0
244.1556426827125 252.6227887523998 0
242.596654902684 250.0631672582367 0
245.5928692012375 249.9928173912169 0
244.0338459314862 247.4331785642502 0
247.0301248018915 247.3628168987847 0
245.4710574916248 244.8031611024989 0
248.4673354532689 244.7328404763365 0
250.026363614954 247.2924641148577 0
251.4635708335141 244.6625167904603 0
249.9045856143732 242.1028854904137 0
252.9008237055865 242.0325673751992 0
251.3418304784561 239.4728982384044 0
254.3380952794743 239.4026078523789 0
252.7790945938243 236.8428936111796 0
255.7753844502959 236.77263663586 0
257.3343421003625 239.3323157846442 0
258.7744831846707 236.7006364802418 0
257.2131670871231 234.1423936530146 0
260.212491385014 234.0715333781722 0
258.6506652144155 231.5125250726157 0
261.6505214391627 231.442584444411 0
260.0881263666959 228.882712017224 0
263.0844438264074 228.8125592940905 0
264.6512221479938 231.3711938116023 0
266.0827302131249 228.7416416521126 0
264.5215597486867 226.1825043705518 0
267.5174781336626 226.1123613853815 0
265.95848813439 223.5526820114798 0
268.9549501145351 223.4823634185953 0
267.3957944033829 220.9227403164581 0
270.3921773953417 220.8525158623269 0
268.8334782923498 218.3090615859318 0
271.8294678383985 218.2253076237907 0
270.2869048491285 215.6910030447677 0
273.2667815377072 215.5926242324798 0
274.8256696687689 218.1528603132761 0
276.2630139575351 215.5225930231396 0
274.7041956825564 212.9627312851404 0
277.7004174670818 212.8926346271957 0
276.1416049169131 210.3328155709113 0
279.1415132061206 210.2646760542813 0
277.5796205145336 207.7032036573678 0
280.5796628267962 207.6351213431329 0
279.0176333432236 205.0890290567066 0
282.0173479654983 205.0078740194933 0
280.4709431469565 202.4707413961486 0
283.4574890879944 202.3803032092655 0
281.911106904379 199.8274389499098 0
284.8922032949674 199.7464767788617 0
283.3331940555464 197.201457832531 0
286.3255608432418 197.1138081930651 0
284.7830291466853 194.5802180343692 0
287.7626549604427 194.4828460510529 0
289.321576752313 197.0428345602627 0
290.758939991978 194.4128158357107 0
289.2001049530687 191.8529436028099 0
292.1963894154258 191.7828950160497 0
290.6375891537527 189.2230296538261 0
293.6338284827141 189.1530114030913 0
292.075061666261 186.593111988354 0
295.0713084322805 186.5230942317949 0
293.5125421534595 183.9631821999138 0
296.5087584273334 183.8931890070275 0
294.9500226040535 181.3332479458913 0
297.946246067752 181.2632550004719 0
296.3875118675871 178.7033039021726 0
299.3837036968156 178.6333347166449 0
297.8250003265671 176.0733572154771 0
300.8211970788107 176.0033883116405 0
299.2628321146856 173.4577673174423 0
302.2587163241393 173.3758512110297 0
300.7157003388685 170.8389730598077 0
303.6964112013682 170.7433612384363 0
302.1554529741941 168.1960818082041 0
305.136659536174 168.1156404880702 0
303.5788176537898 165.5700531890988 0
306.5722652203829 165.4867067585633 0
305.0288205258226 162.9492098893861 0
308.008927499687 162.8534734583614 0
306.4679319789055 160.3061400736134 0
309.4491310720508 160.2257662523314 0
307.8913129325406 157.6798734942345 0
310.8846942186377 157.5968194416214 0
309.3411698393177 155.0589163619854 0
312.3214336223973 154.9635951357301 0
310.7802750668591 152.4161247073571 0
313.7615335677195 152.3359150530823 0
312.2034535334499 149.7762048072801 0
315.1970740062469 149.7046842448497 0
313.6382384786685 147.144387448854 0
316.6339147834086 147.0737530560687 0
315.0751723144842 144.5139756042835 0
318.0710374440577 144.4440577874974 0
316.5125086138771 141.8840095498092 0
319.5084005983683 141.8141841063999 0
317.9499493746966 139.2540941882221 0
320.9458485739569 139.1842758711184 0
319.3874184922527 136.6241885194898 0
322.3832809856668 136.5543890986492 0
320.82488629112 133.9942959827684 0
323.8207356815959 133.9244971169771 0
322.2623533659607 131.3644134082209 0
325.2581601801996 131.2946321890623 0
323.6998108655073 128.7345463494828 0
326.6956011104453 128.6647657890632 0
325.137264558726 126.1046915392023 0
328.133010892251 126.0349279701264 0
326.5747072988786 123.4748541151082 0
329.5704348387741 123.4050912894234 0
328.0121449775298 120.8450310223868 0
331.0078276653677 120.7752844814794 0
329.4495708502143 118.215227255814 0
332.4452322438592 118.1454813926942 0
330.8869903133104 115.5854401326352 0
333.8826055241245 115.5157098241729 0
332.3243967356426 112.9556745326956 0
335.3199885201448 112.8859450867974 0
333.7617953729389 110.3259273936602 0
336.7573403661306 110.2562127659496 0
335.1991803554996 107.6962030738749 0
338.194700086197 107.626489289497 0
336.6365566875712 105.0664990942923 0
339.6326003525195 104.9964513355297 0
338.0740552648614 102.4367364996215 0
341.070069068679 102.3666936082457 0
339.5114106918371 99.80707838585222 0
303.8174876263016 175.9336643711045 0
309.5674720411678 165.4140260941301 0
315.3174574375482 154.8943181820258 0
342.5074025138231 99.7370321766021 0
340.9487515551655 97.1774187804378 0
337.9671017066517 97.25530556007004 0
339.3925192919546 94.61908570756626 0
342.3865428993399 94.54795326965771 0
340.8280092404911 91.98836644002279 0
343.8236959421603 91.91814883830131 0
342.2650274945511 89.35851541875917 0
283.5832174771353 207.5690254794555 0
345.2609470463518 89.28846083114736 0
343.7023461209527 86.72882342713189 0
340.7062848333905 86.79881662333004 0
342.1437156412741 84.16914896883441 0
345.1397708080202 84.09916750792152 0
343.5811715693968 81.53950691304686 0
346.5772044686055 81.46955307746607 0
345.0186447743179 78.90985526067783 0
342.0225420486324 78.97980371803075 0
343.4600547633396 76.35014858555965 0
346.4561354152022 76.28022307755538 0
344.8975756590047 73.72051975668511 0
347.8936283144521 73.6506218211523 0
346.3351075766728 71.09088090048044 0
298.0672230428902 186.4536840410981 0
343.3528766980942 71.16834282463432 0
344.7788741955886 68.53239443865094 0
347.7730400602233 68.46147374791647 0
346.2145876026178 65.90176616036834 0
349.210341081735 65.83175516290518 0
347.6518224813319 63.27195406892712 0
344.6556862642606 63.34178556588563 0
346.0932271005565 60.7121147910529 0
349.0893414313135 60.64231252266217 0
347.5308572497901 58.08252296698606 0
350.526926780527 58.01274301075172 0
348.9684935704096 55.45293042410823 0
345.9723611662146 55.5227078733358 0
347.4100402618463 52.89311645567018 0
350.406142384162 52.82336151025658 0
348.8477234603355 50.26355706728997 0
351.8438108253226 50.19384239551697 0
350.2854424972044 47.63399158802384 0
347.2893249557006 47.70371007408895 0
348.7270140745813 45.07414861082487 0
351.7232048310402 45.00428562273382 0
350.164771867726 42.44451511105406 0
321.0656934346409 144.3772537334336 0
347.1686183444019 42.51425290815946 0
348.6063920532488 39.88467400812461 0
351.6025174680154 39.81499471641149 0
350.0441818513401 37.2551483163088 0
353.0402665828549 37.18555154914255 0
351.4819702896755 34.625649597608 0
348.4858626095109 34.69523625973846 0
349.9236619520974 32.06571544284785 0
352.9197837677002 31.99617520271124 0
351.3615135068831 29.4361949136066 0
348.365367077301 29.50575119928262 0
349.8032418247028 26.87623565817849 0
352.7993709532917 26.80670289104708 0
351.2411350790182 24.24675476078447 0
354.2372181137258 24.17729961439369 0
352.6790190966909 21.61734197609464 0
349.6957363395243 21.70126971201771 0
351.1355986510334 19.06667149018747 0
354.1169342341938 18.98789426486167 0
352.5786821925503 16.44361850348735 0
349.6057961316556 16.50923702060756 0
351.0232606589727 13.86508562605883 0
354.0370673841664 13.83206919429867 0
352.4668532697652 11.25786946466935 0
349.4543567688037 11.30345932823612 0
350.8871478599866 8.680909481593126 0
353.9147248850509 8.64346073007394 0
352.3259845064938 6.055117928341565 0
349.3249910287786 6.119903942458874 0
350.7621260317458 3.490205938995962 0
353.7581022455977 3.420787484683646 0
352.1986442848896 0.8596348579925589 0
349.2029026266633 0.9291810827903855 0
350.6406037110165 -1.700505687514793 0
353.6366494353051 -1.769824760607734 0
352.0786356867543 -4.32994966213224 0
349.0826655237063 -4.260611451608486 0
350.5206732689832 -6.890085731590112 0
353.5135173513886 -6.95730066022548 0
351.9550243644024 -9.517148774183926 0
348.9621554186664 -9.449840667476828 0
350.4001580373156 -12.07919485921683 0
353.4089924510816 -12.12946657273377 0
351.8409955284233 -14.70570322522829 0
348.843215403045 -14.63922760029443 0
350.28156402582 -17.26853249822425 0
353.2777391985353 -17.33767277730242 0
351.719508088405 -19.89840428161261 0
348.7234075066382 -19.82929644678161 0
350.1616450863853 -22.45866522321875 0
353.157765145028 -22.52772530781817 0
351.5999410587889 -25.08793369936933 0
348.6037689389798 -25.01894644761411 0
350.0421202020446 -27.6482183158537 0
347.0458939774016 -27.57926434999491 0
348.4843013403916 -30.20855116326832 0
351.480481588375 -30.27755842597858 0
349.9227078838304 -32.83785466885665 0
346.9265086562989 -32.76889444714815 0
348.3649355555217 -35.39815364030083 0
351.3611064059228 -35.46708990070478 0
349.8033627121646 -38.02737401874532 0
346.807155103727 -37.95849493589886 0
348.2456223253148 -40.58773629819787 0
345.2493651128786 -40.51889252542726 0
346.687885075575 -43.14814831051173 0
349.6841364343853 -43.21699916921426 0
348.1480486256693 -45.76095546050557 0
345.133778341143 -45.70583152763093 0
346.5729211808717 -48.33458870972251 0
349.6094610636838 -48.36835249079809 0
348.015382605897 -50.96010340682972 0
345.0130817493231 -50.89652156705232 0
346.451303094536 -53.52601656981783 0
343.4539594030532 -53.458146717274 0
344.8921497818839 -56.08771232012519 0
347.888486030751 -56.15637437373352 0
346.3305645299499 -58.71703715743801 0
343.3343384628546 -58.64834337306783 0
344.7729458495285 -61.27751579440934 0
341.776687544005 -61.20883026453311 0
343.2153468633942 -63.83802246039359 0
346.2038634534309 -63.90195990872098 0
344.6527102303722 -66.46637974459465 0
341.6575378411793 -66.39838787740834 0
343.0961732770405 -69.02750857916979 0
340.1001223525836 -68.95898649673742 0
341.5388508007073 -71.58812760960149 0
344.5349961838026 -71.6567401402886 0
342.9775410103512 -74.21718834802108 0
339.9814192842324 -74.14860741763249 0
341.420079993548 -76.77760139176925 0
338.4239795212533 -76.70904178950953 0
339.8626745489676 -79.33796672162926 0
342.8586246641122 -79.40653051933297 0
341.3012179525676 -81.96674708497093 0
338.305455892961 -81.89824244332594 0
339.7439835141648 -84.52694615964357 0
336.7483972931834 -84.45834806945074 0
338.1865307295934 -87.08677125310101 0
335.1914378720201 -87.01810364020334 0
336.6297098294512 -89.64619277247489 0
339.6243859096218 -89.71493280729416 0
338.0672416478837 -92.27378346050378 0
335.0733285673973 -92.20532780437192 0
336.510353206252 -94.83226746829416 0
333.5174965585221 -94.76350843960479 0
334.9546394919323 -97.38880567602467 0
337.9454784141345 -97.45758254286507 0
336.3907552592764 -99.99525257649555 0
333.4014125717547 -99.94107063307979 0
334.8358866581593 -102.566563065346 0
331.848821822096 -102.4972482051776 0
333.2664956451795 -105.1252504924104 0
330.2948328501035 -105.0492965647851 0
331.7271891280869 -107.6673211688059 0
334.694238006789 -107.74495549685 0
333.1572583814976 -110.2838202814693 0
330.1810737411202 -110.2135723026159 0
331.609991046029 -112.8279883674213 0
328.6328588176152 -112.7591007520111 0
330.0616785967263 -115.3712916936235 0
327.0855283669788 -115.302189522206 0
333.0375988189513 -115.4404370785103 0
292.3177857285693 196.9725777300463 0
331.4897542625824 -117.9827135092167 0
269.0784345279558 228.6711294343748 0
277.8218221542288 218.0823792844704 0
326.8151902936754 133.858315635556 0
332.2031859866389 107.7661443459487 0
65.08374698568485 347.7354987980916 0
334.4954415262428 -118.0349352458008 0
78.36300982252826 339.6383678818368 0
332.5662623755341 123.3364248974034 0
332.9225440068373 -120.5899931806777 0
77.05285823262503 347.450790957437 0
326.4534733707988 118.285180658282 0
338.3156971736445 112.8174914309972 0
335.9279487242338 -120.6418274535299 0
334.35143097613 -123.1983375139585 0
66.39338395052341 339.9375527052612 0
320.7036273734029 128.8045126336997 0
89.0275533196877 347.1651068587358 0
344.0660250639772 102.2965840627497 0
54.43674709043195 340.2697934231034 0
314.9536839738885 139.3240752209617 0
337.3236023083176 -123.2678220361328 0
338.9287779058516 -120.7472712738927 0
335.7467013954587 -125.8129761631634 0
332.7994875907766 -125.7417004432249 0
265.836969102087 218.3721236689404 0
276.0522086258275 205.1751607202476 0
290.5161941653515 184.0332223988862 0
309.2285787283101 149.8632415550371 0
339.3795655373208 -100.0633762669788 0
296.2970919796797 173.5418312573377 0
344.2970877972767 -82.03536027904551 0
336.4256836836005 94.71072914680212 0
333.7530088170482 -84.38991595544798 0
260.3338509413767 239.2599926026608 0
91.77347522076414 336.7421881109543 0
245.7146465028533 255.1823459859583 0
242.4747212647147 244.8734844926354 0
257.0910467837614 228.952941585046 0
304.9406700690318 157.7828579182557 0
45.4977869102863 340.506024432633 0
325.6563267300684 -112.690608054271 0
324.1084192651898 -115.2344903823865 0
328.8634104239792 -102.4292189835782 0
300.6286090637607 165.6740032254866 0
280.3842252796137 197.3099907251805 0
338.7420439183908 -125.8805105544679 0
337.1617646530858 -128.4133837985016 0
322.6796450444793 -112.6220696613681 0
321.1312755629588 -115.1668865322638 0
25.93107592496802 333.2062022870759 0
340.1614354472223 -128.4870438753326 0
338.5973718061501 -131.0131681239831 0
319.7018246995842 -112.5533585171894 0
318.1538157662529 -115.0984490295816 0
26.27903668227218 348.6595766447599 0
27.83260889042523 351.1875479450249 0
319.5832822073137 -117.7113335247473 0
316.6073173358918 -117.6434658153839 0
318.0359690073698 -120.253909975831 0
315.0627821609678 -120.1866505829086 0
316.4903207913912 -122.7940228213068 0
313.5203629727785 -122.7269927660615 0
341.5871810575541 -131.0930170147986 0
343.1380115217295 -128.5565934744444 0
340.0414675814206 -133.6289337222497 0
337.0564860871036 -133.5481011769423 0
24.85958986136821 351.2694153100482 0
26.40760467638255 353.797430391654 0
316.7225284550706 -112.4845067472986 0
346.8405309385902 91.87124728175162 0
99.44625928604358 344.3216281750075 0
253.0226547177922 247.2220196227511 0
249.7828085353162 236.9131198402694 0
338.4984698612365 -136.1626549663787 0
23.43646411676056 353.8676893179225 0
24.98193857985075 356.4072030340958 0
27.95564610661485 356.3353049419336 0
26.52789435810992 358.948799288541 0
29.50404506713221 358.8763055184821 0
28.07584803985623 361.4895529491224 0
31.05329992004204 361.4187504553457 0
29.62479046865153 364.0314588369091 0
32.60321212651449 363.9622756000772 0
26.64780208672416 364.1019228134392 0
335.5345313385213 -136.0927716385359 0
341.4668842700181 -136.2348619157685 0
28.19554483884678 366.6437165421436 0
25.22062533360591 366.7127043969808 0
314.9461031690585 -125.3307936458924 0
311.9800537201148 -125.2639650071323 0
339.9247666634888 -138.7688936558926 0
312.0943467311464 -120.1234537925563 0
22.01019354518643 356.4751169110244 0
21.88953220336397 351.3280949153312 0
342.889856094145 -138.8390940265552 0
26.7677205036008 369.2546455003081 0
23.79378952204855 369.3236584327172 0
341.3469018221457 -141.3707179809334 0
313.3945028593402 -127.8625997751183 0
316.3659970658601 -127.9323224975385 0
310.426217610838 -127.7937399425784 0
20.06504503862507 338.546868044217 0
344.3424698808864 -141.4245270945047 0
345.8563120095436 -138.9085481498325 0
36.54205416950361 340.7044682398192 0
318.2720376377839 -109.937774186505 0
315.2907109803587 -109.8687706480928 0
316.8415137627985 -107.3200768414426 0
313.8575550823045 -107.2509017348024 0
315.409403398624 -104.7003496067892 0
342.7737940655086 -143.9701284029961 0
314.7939448268554 -130.4585922322684 0
317.7804465853632 -130.5307498513306 0
339.8031585889573 -143.9014153080589 0
21.29272305478548 325.5973898155124 0
25.34057958483314 371.8656329436719 0
22.36735742585321 371.9331058357378 0
28.31654561216564 371.7968787438635 0
20.82253423512147 369.3947438586781 0
19.39778394089418 372.0010623803646 0
312.4313538610537 -104.6361118470119 0
313.9775149572472 -102.0798417530465 0
310.8964124795458 -107.1963798597182 0
34.03218920520328 361.3475156292964 0
35.58307308784223 363.8929309609068 0
17.85346735749601 369.4681167472248 0
37.01311193398139 361.2758738992733 0
38.56512338160616 363.8235233918714 0
39.99576155127722 361.205475761016 0
41.54859150752463 363.7541185961098 0
40.11672216794233 366.371500945267 0
43.10157773189887 366.3006423407933 0
44.533706678759 363.6835851542829 0
46.08730285268304 366.2312271645654 0
47.52031851144405 363.6126711425895 0
49.07442578728562 366.1590724639859 0
50.50798128358589 363.5412516953575 0
52.06294644871648 366.0893629497176 0
53.49640464584545 363.4680412754024 0
55.05216977105963 366.0201616110333 0
56.48602320927694 363.3970038498122 0
58.0421292022103 365.9498478070508 0
59.47674389717233 363.3269501869383 0
61.03291805522421 365.8783145247781 0
62.46784928456973 363.2562724976195 0
64.02143648993975 365.8120949775374 0
65.45900096992033 363.1872708722368 0
67.01261342786978 365.7365716619075 0
68.45090184260211 363.1161583332503 0
70.00776612520863 365.6671556731251 0
71.44383498680438 363.0461143519149 0
72.99810649204912 365.6018410545835 0
74.43635697210405 362.9765618151812 0
75.9905118629017 365.5260460502651 0
77.42934751708182 362.9056446605442 0
78.98670962090256 365.4565436990704 0
80.42320695117691 362.8352720625981 0
44.65557904824048 368.840314877687 0
81.9809463408283 365.393003545701 0
83.41702487707518 362.7662147698833 0
53.6198045073935 368.6278105399248 0
84.97482358366568 365.3241117961348 0
86.41088954231276 362.6963835025766 0
87.96876791812022 365.2541961432908 0
89.40486938538507 362.6262455405239 0
62.58572903892374 368.4257419708945 0
316.2204007074276 -133.0560111358641 0
319.1990505592926 -133.1271023315433 0
345.7701172741241 -144.0234871091904 0
344.1972971693752 -146.5714848722844 0
90.96282845396848 365.1840408117846 0
92.39903450525648 362.5558247279137 0
93.95704208858928 365.1137697209522 0
95.39328106147047 362.4855064326701 0
20.94122192226918 374.5395890272159 0
17.97142405474747 374.6059394380866 0
71.56222672839138 368.2156840428773 0
15.50373492175407 330.9263249387038 0
311.0068456911358 -102.0201616204269 0
312.5455751808742 -99.45847328497223 0
315.5314142458786 -99.52637663022637 0
314.0972017751946 -96.90279914804968 0
317.0866609833806 -96.97192842428446 0
315.6516222761502 -94.34745677555254 0
318.6425309700535 -94.41683233917163 0
317.2068430962028 -91.7913332659507 0
320.1912770005906 -91.86500187036114 0
318.7617288127395 -89.23508431081214 0
315.7697558413885 -89.16569161284913 0
317.3265709437456 -86.60768764143563 0
314.3324980789722 -86.53887498501599 0
315.8896392614898 -83.98011045590124 0
318.8838532921439 -84.04938993494551 0
317.4468491981013 -81.42136627652198 0
320.4416246115796 -81.49088064020606 0
319.0043390696322 -78.86243335876065 0
321.9996457170909 -78.93184070611098 0
320.5619543454149 -76.3030299876111 0
323.557713165597 -76.37247512605219 0
322.1200687882667 -73.74327055341375 0
325.1063387576209 -73.81806225963145 0
323.676690149402 -71.18411643091217 0
320.6815823454574 -71.11396301357692 0
322.2399775215078 -68.55374690650007 0
325.2364347040466 -68.62329387035356 0
323.7987748798967 -65.99334970355267 0
326.7953312125704 -66.06292738990673 0
325.3573318204581 -63.43297540169537 0
322.360626677827 -63.36339694045251 0
323.9192803300253 -60.80295798954425 0
326.9160037013955 -60.87256435559941 0
325.4779711608763 -58.24248220098966 0
328.4747156537462 -58.31213910437211 0
327.0366470039982 -55.68197690455585 0
324.039780311781 -55.61244829503881 0
325.5985452783469 -53.05174483251748 0
328.5955140210366 -53.12134655657844 0
327.1574169540872 -50.49108578357125 0
324.1603847427635 -50.42141480109374 0
325.7192955130912 -47.86077635223098 0
328.7163065214372 -47.93048524030868 0
327.2782185410786 -45.30016485373233 0
330.2751959434046 -45.36995683545712 0
328.8371466881494 -42.7395892645165 0
325.8401419421131 -42.66979397482281 0
327.3990792829112 -40.10914879184521 0
330.3743516910808 -40.17789369263623 0
328.9434026940588 -37.55411679123871 0
325.9585308638698 -37.47963290022459 0
327.5171889623491 -34.91914850023426 0
330.503282648899 -34.98857032227126 0
329.0791134881193 -32.35745140772726 0
332.0739759075892 -32.42121163987886 0
330.6378020748207 -29.79586096692602 0
327.6410731493469 -29.72679276954256 0
329.2001263361749 -27.16620067649223 0
332.1746470092575 -27.2357432243684 0
330.7440870385581 -24.61195540893197 0
327.7597565965551 -24.53682672562467 0
329.3184265064335 -21.97649320402245 0
332.2924345850143 -22.05919510658002 0
330.8757091254885 -19.41727532653913 0
327.8822825307919 -19.34529936364298 0
329.4416508940932 -16.78471328813683 0
332.4273877430198 -16.8478342399017 0
330.9996421980156 -14.22268839036763 0
328.0044005467677 -14.15343294769699 0
329.5635915671014 -11.59288400480333 0
332.5491637936877 -11.65598290919918 0
331.1212297810106 -9.031338637843159 0
328.1259801097267 -8.962088588498982 0
329.6851171457359 -6.401675911066551 0
332.6705430069063 -6.464771273452805 0
331.2427473952728 -3.84019835982444 0
328.2477307012914 -3.771278258965541 0
329.8067293073599 -1.210595979780559 0
332.7919889946145 -1.273617762604588 0
331.3643562935562 1.350907399398747 0
328.3691442199549 1.420041538406331 0
329.9283963000144 3.980573805583527 0
332.9015714017436 3.924085635205719 0
331.4721276441206 6.550382028034379 0
328.4885198066437 6.612636859242714 0
330.0474474993105 9.173319802513561 0
333.0327111153057 9.116670791186051 0
331.6069858366089 11.73471746660117 0
328.6129206704421 11.80216245497523 0
330.1719390457806 14.36298619714672 0
333.168872477178 14.29280228444935 0
331.7317182296367 16.92305237200046 0
328.7348495574277 16.99327346705785 0
330.2943465180116 19.55362380106066 0
333.2913471665012 19.48320429120668 0
331.8539146576094 22.11387444151366 0
328.856844638035 22.18434987917115 0
330.4164376756416 24.74463605184383 0
327.4193151686541 24.81515196306697 0
328.9789391602956 27.37546534369182 0
331.9760338627182 27.304970986194 0
330.5385442942007 29.93576903000561 0
327.5414833194959 30.00629418292117 0
329.1011200025757 32.56656621044588 0
332.0981491018221 32.49602503754654 0
330.6607719599643 35.12678715614202 0
327.6636937414167 35.19738207465269 0
329.2233855470319 37.75761742767009 0
326.2262619670687 37.82825133446696 0
327.7859857590715 40.38850507599743 0
330.7830727421083 40.31789844677038 0
329.3456830616684 42.94874537390892 0
326.348634098896 43.01938618547653 0
327.9083654487396 45.57958728406375 0
330.9053776218519 45.50893342519957 0
329.4680976356308 48.13979742109925 0
326.4710558143785 48.21045717020768 0
328.0308184657488 50.77067735909464 0
325.0337587588041 50.84134447812014 0
326.5935443140428 53.40152911216705 0
329.5905648188548 53.33084160941258 0
328.1533400974017 55.9616548342826 0
325.1562766390985 56.0324174129612 0
326.7161090399408 58.59254936807609 0
323.7190098554752 58.66334843978353 0
325.2788711301836 61.22349068911277 0
328.2759048358109 61.15268201525066 0
326.838707092343 63.78364523360065 0
323.8416644310827 63.8544275857497 0
325.4015248778327 66.41458808512068 0
322.4044584827884 66.48538436841136 0
323.9643514654194 69.04550454177475 0
326.9613626709437 68.97469139012034 0
325.524244955973 71.60554885112077 0
322.5272198962656 71.67644440011225 0
324.0871263031206 74.2364841790948 0
321.0900727666868 74.30739709184832 0
322.6499780007257 76.86749133806637 0
319.6529022731434 76.93838271922735 0
321.2128489845925 79.49847889189039 0
324.1825053079698 79.43888770254082 0
322.754584063517 82.06873878789754 0
319.7726999475381 82.13116480520274 0
321.3321637427392 84.69162564536617 0
318.3382470924442 84.76070841594451 0
319.897959729042 87.32111170411204 0
316.9014333592661 87.39156842815274 0
318.461380228416 89.95176758117177 0
315.4643919213621 90.02255304775734 0
317.0243891556697 92.58268611914997 0
320.0214429152898 92.51178566825297 0
318.584414272008 95.14271381187623 0
315.5873430785233 95.21371364949994 0
317.1474293147876 97.77382572824327 0
314.1502894852911 97.84476774147407 0
315.7102980927245 100.4048545119979 0
312.7132616582105 100.4758636232634 0
314.2732286379668 103.0359426321224 0
311.2762453183095 103.1073794970976 0
312.8362201774938 105.6670539996056 0
315.8332643634926 105.5960030195069 0
314.395975386842 108.2272138825159 0
311.399240938742 108.2981264472817 0
312.9589353877722 110.8583038025252 0
309.9622512875908 110.9292622677144 0
311.5218533092154 113.4894519568996 0
308.5252703733153 113.5603992490356 0
310.0848347606627 116.1205757043543 0
307.0882437810519 116.1915164342295 0
308.6478295984028 118.7516929620524 0
305.6512607174598 118.8226705329992 0
307.2108102670315 121.3828364655769 0
304.2141502252798 121.4537005551082 0
305.7737798422899 124.0139625480811 0
302.7771828764499 124.0849631380591 0
304.3367470446852 126.6451453192349 0
301.3401883330163 126.7161823920807 0
302.8997241611631 129.2763262253115 0
299.9028314011679 129.3471171682756 0
301.4626173411627 131.9074791945073 0
298.466028162313 131.9785346847841 0
300.0256067246901 134.5387008775958 0
321.5814920824442 95.07178186854829 0
297.0286583404926 134.6095925645055 0
298.5884918916918 137.1698935142202 0
295.5915171409054 137.2407791357184 0
297.1516688872438 139.800919518616 0
324.324654042895 84.6235433685052 0
294.2182400957383 139.9067992506676 0
295.7250281837138 142.4380676140188 0
292.7935219018953 142.544815633693 0
294.2917349381739 145.0714378226578 0
291.2953390636959 145.1427047467795 0
292.8453316057538 147.6973118002579 0
328.5211921211575 71.53465507129211 0
289.8465061946179 147.7674952022155 0
291.4045325388979 150.3267164968938 0
288.4068311100072 150.3973602784731 0
289.9663796857811 152.9574453699139 0
286.9690857137078 153.0282578883359 0
288.5291707012699 155.5883620665167 0
285.5318868975668 155.6594207510067 0
287.0919075876832 158.2196930938237 0
284.0947494847507 158.2906829152016 0
285.6547645125984 160.8509757049655 0
282.6576806331239 160.9219271658766 0
284.2176899353832 163.4822126851097 0
281.1752357870559 163.566237081926 0
282.7730345857395 166.1156359928762 0
279.7749119968801 166.1989397395197 0
281.3408348128965 168.7474670555629 0
278.3444782911724 168.8185638822038 0
279.9056625996052 171.3768684728415 0
276.9088170655153 171.4475612045561 0
278.4691586320274 174.0074021242473 0
275.5090950440812 174.0985288793106 0
277.0383918174874 176.6418009100522 0
274.0792935174725 176.7335729956297 0
275.6036370262827 179.2741256156452 0
272.6103736819031 179.3473452134848 0
274.1616349948354 181.9026106107405 0
271.167174362642 181.9751916212585 0
272.7227154430587 184.5327944907107 0
269.7251949003963 184.6037022201269 0
271.2845163739064 187.1633645995204 0
268.2871284927436 187.2343383999498 0
269.8469736735709 189.794307516085 0
266.8498292571267 189.8653824939683 0
268.4098391149033 192.4255547238006 0
265.4127383948208 192.496522513212 0
266.9728041013401 195.0566405822785 0
263.975691791023 195.127667947778 0
265.5357964010554 197.6877223084733 0
262.5386702898404 197.7587893186181 0
264.0987671457632 200.3188255350885 0
261.1337868658201 200.4074470896197 0
262.6671503357143 202.952907656074 0
259.7030385966559 203.0419632326129 0
57.91998829805769 360.7688570678293 0
48.95212197794211 360.9882902217587 0
69.88652254243178 360.4890146852183 0
93.83520960759873 359.9275183008257 0
96.82244815567709 359.8614854508054 0
98.38647860306995 362.4159136940108 0
99.81568113832378 359.8002197679598 0
101.3815472615218 362.345746726781 0
102.8171727516679 359.7270366145233 0
104.3770643013118 362.2767386669744 0
105.8132320467898 359.6482942589492 0
104.2534995748642 357.1138774221112 0
107.2555530773309 357.0255682952003 0
108.8094850421946 359.5776112445679 0
110.2455090010402 356.9486845590952 0
108.6933764062272 354.3937672913739 0
111.6820663121375 354.3194281151892 0
113.2388851296957 356.8767003050328 0
114.6756250355039 354.248134645711 0
116.2337521355595 356.8063858419009 0
117.6702531736885 354.1776180228929 0
119.2288268441591 356.7360333594164 0
120.6651818886593 354.1072249900614 0
119.106724177174 351.5487511988285 0
122.1016104022688 351.4784084751634 0
123.6600535209479 354.0368907948576 0
125.0965569326746 351.4080730478103 0
126.6549272919156 353.9665984283541 0
128.0915201476982 351.3377636007691 0
126.5331167465048 348.7791834867495 0
129.5281107012385 348.7088822780646 0
131.0865009852163 351.2674702352554 0
132.5231138162826 348.6385931460725 0
134.0814510634502 351.1971928840411 0
135.5181023915546 348.5683205260628 0
133.9597444556198 346.0096898225791 0
136.9549616934153 345.9466346099171 0
138.5130803308613 348.4993226274319 0
139.9498697713518 345.8705636847088 0
138.3849587607073 343.3297161806959 0
141.385516893385 343.2436687772263 0
142.944764557572 345.7997354619856 0
144.3814960114403 343.1707279270229 0
145.9399872140451 345.7289811747934 0
147.3767881005094 343.0999838174215 0
145.8184207099167 340.5412056927341 0
148.8136038817043 340.4709020370997 0
150.3719318146179 343.0296759186231 0
151.8087251131406 340.4007482326855 0
153.3669996832907 342.9595027362787 0
154.8038175801383 340.3306097717597 0
153.2455330994717 337.7718246223819 0
156.240817981978 337.7081799281128 0
157.7993411759963 340.2614638784073 0
159.2361286705738 337.6328395057256 0
157.6764972468004 335.0926641414156 0
160.6774219616585 335.0088270310075 0
162.2321862865906 337.5627145707352 0
163.6689239049624 334.9338083575365 0
162.1154094803791 332.3775678585677 0
165.1059701823235 332.3045241874183 0
166.663177312461 334.8626627659188 0
168.1002235573195 332.2338341299364 0
169.6582435512461 334.7925907939688 0
171.0952002822781 332.1637224529405 0
169.5370335818424 329.6052246629253 0
172.5321702275892 329.5349068943335 0
174.0915186056188 332.0934809591583 0
175.5281329580782 329.46484808313 0
173.9692928571045 326.9063116570916 0
176.9645205076515 326.8360711240282 0
178.5231677837639 329.3949446661683 0
179.9596990079355 326.7660932480334 0
178.4014672226895 324.207449263773 0
181.3966728290684 324.1373039239272 0
182.9554529165363 326.6958967921627 0
184.3921932447837 324.0672187344335 0
182.8338077813017 321.5086198784853 0
185.8290137448409 321.4385357018149 0
187.3873731629221 323.9973959864213 0
188.824295443177 321.3687023031806 0
187.2661553217662 318.8098940849139 0
190.2613958525511 318.7399484770965 0
191.8194128024291 321.2989562057945 0
193.2566463172558 318.6701576535159 0
191.6985894572705 316.1112399033819 0
194.6938352679978 316.0413860813326 0
196.2518222364014 318.6004293853705 0
197.6891001851276 315.9716512213634 0
196.1310861821359 313.4126444508406 0
199.1263351867922 313.3428892189091 0
200.6843528291267 315.9019377193964 0
202.1215983319638 313.2732025520174 0
200.5636338592602 310.7141205081205 0
203.5588820574321 310.6444653899337 0
205.1167996759021 313.203559566388 0
206.5541198225988 310.5748465280033 0
204.9962111416789 308.0156918898831 0
207.9914917118709 307.9460995468457 0
206.4335817848552 305.3868840990742 0
209.4288818115331 305.317331631946 0
210.9867689291603 307.876550555467 0
212.4242093019226 305.2477915797427 0
210.8663093445246 302.6885744056975 0
213.8616025663665 302.6190485145248 0
215.419513260042 305.1782256836159 0
216.8569083556808 302.5495352333594 0
215.3017096473502 299.9954558806477 0
218.2973431965283 299.9230980080634 0
219.852642766651 302.4804241903435 0
221.290194051482 299.8518280028647 0
219.7349797746479 297.2939768581505 0
222.7277524812978 297.2230811834514 0
221.1693502564699 294.6634246580706 0
224.1648467354137 294.5974982366807 0
225.7226152455666 297.1538844390913 0
227.1600569851656 294.525282613114 0
225.6007598949357 291.9753244332413 0
228.5993837637884 291.8988613556332 0
230.155579584205 294.4558138403072 0
231.5932052590474 291.8271699950658 0
230.0367500872487 289.2683042059891 0
233.030794207872 289.1982049251847 0
231.4738320991385 286.6392077403743 0
234.4683055817675 286.5694418449466 0
236.0258147770266 289.128672919725 0
237.4634236815146 286.5000219274515 0
235.9057591866976 283.9406617342713 0
238.9010879747381 283.8713594559446 0
237.3433989407171 281.3119704949957 0
240.3387418950376 281.2427225650939 0
241.8963859074736 283.8020804733319 0
243.3340651270204 281.1734776211768 0
241.7764394018172 278.6140717581858 0
244.771788809727 278.5448620366894 0
243.2141763242724 275.9853972349567 0
246.2095358529655 275.9162241625345 0
247.7670829519888 278.475666772952 0
249.2048421758136 275.8470705731689 0
247.6483793692462 273.2882023164849 0
250.6428030766368 273.2185791595923 0
252.2001652432076 275.777878711935 0
253.6379481740155 273.1493507210758 0
252.0804438877041 270.5899259402371 0
255.0757264868797 270.5208114864275 0
253.5182322180931 267.961330567178 0
256.5135473935879 267.8922580764112 0
258.0710002165181 270.451689759499 0
259.5088111006851 267.8231883937256 0
257.9513915520957 265.2637341486652 0
260.9466607479406 265.1946778355745 0
259.3892359908477 262.6352009575453 0
262.3845496541445 262.5661363641469 0
260.8270931721481 260.0066284071939 0
263.8224316937527 259.9375986303519 0
265.3798568104463 262.4970751799556 0
266.8177047713076 259.8685917090916 0
265.2603241748386 257.3090704790096 0
268.2556067690754 257.2400869472577 0
266.6982302783251 254.6805258396395 0
269.6935600346717 254.6115730743406 0
271.2508161630094 257.1711898833425 0
272.6888370819067 254.5426200895521 0
271.1314912719415 251.9830895244679 0
274.1266825636166 251.9142177328772 0
272.5694625641956 249.3546157614849 0
275.5645080889852 249.2859651273055 0
274.0073622895396 246.7261462296857 0
277.0025711671168 246.6574284085319 0
275.4453325863699 244.0976028200534 0
278.4406966354711 244.0287055233716 0
279.9976403913746 246.5887984039132 0
281.4359752079721 243.9598403279343 0
279.8787036376092 241.4001953590062 0
282.8741462654971 241.3310192397803 0
281.3167499780949 238.771702770686 0
284.3122094396719 238.7023589250178 0
282.7547591612685 236.1432031178756 0
285.7501296632435 236.0742600317912 0
284.1927814062373 233.514680261813 0
287.1881535740332 233.4458124676423 0
288.7461548433253 236.005049244121 0
290.18359668993 233.3768045572893 0
288.6262207190059 230.817353124257 0
291.6215737704097 230.7484742840425 0
290.0642710847596 228.1889013846368 0
293.0596369028898 228.1200278583881 0
291.499253271305 225.5587614961148 0
294.4971816176605 225.4912957168216 0
292.9367070428091 222.929942974391 0
295.9350715300104 222.8627181442269 0
294.3777349263737 220.3030323825994 0
297.3738789670579 220.2346035618498 0
295.8164330592688 217.674839296596 0
298.8119618891471 217.6060312365021 0
297.2546603692219 215.0463729415271 0
300.2500856362491 214.977557600696 0
301.8073709366417 217.5371933737692 0
303.2454600044681 214.908739399816 0
301.6882102372247 212.3490929479122 0
304.6835704052199 212.2802943226503 0
303.1263304749207 209.7206487473726 0
306.1244784899455 209.6496050223981 0
304.5649045318433 207.091800357027 0
307.5655135478932 207.0201058329026 0
306.0035892121657 204.4630879496736 0
309.0014377083103 204.393666776174 0
307.4375181800354 201.8327522685213 0
310.4361540412912 201.7657953040957 0
308.8743834621104 199.2040504611649 0
311.8735181523796 199.1373670969832 0
310.3119072050927 196.5753718647725 0
313.3114358798804 196.5088441344113 0
311.7499119460248 193.946826982655 0
314.7495285807707 193.8803226483605 0
313.1877520780697 191.3181486346303 0
316.1876612304971 191.2517651726004 0
314.6258510792965 188.6895893810844 0
317.6258543230896 188.623209867463 0
316.0637265754017 186.0608948146427 0
319.0639328584687 185.9946683265004 0
317.5018267959658 183.4323302881037 0
320.5020353791553 183.3661282053529 0
318.9396881305728 180.8036323335803 0
321.9401406105453 180.7375622251501 0
320.3777927457024 178.1750608635052 0
323.3782712475468 178.1090401900325 0
321.8156593300446 175.5463626052925 0
324.816381836369 175.4804757787538 0
323.2537667217071 172.9177913568135 0
326.2545290306826 172.8519257081919 0
324.6916351085343 170.2890884182704 0
327.6926415056128 170.2233566224985 0
326.1297429148977 167.6605174883153 0
329.1307871406662 167.5948077263075 0
327.5676084931955 165.0318168810201 0
330.5688961013644 164.9662419852943 0
329.005714071173 162.403251648569 0
332.0070894263179 162.3376570166757 0
330.4435822632615 159.7745510140007 0
333.4452390000258 159.7090683512581 0
331.8816918327543 157.1459899720242 0
334.8833373240042 157.0805573614073 0
333.3195389354685 154.5173105765869 0
336.3213876118737 154.4520398764569 0
334.7576237722167 151.8887755450864 0
337.7594957609494 151.8235422754934 0
336.1954610375147 149.2601132929358 0
339.1975759483854 149.1950182373022 0
337.6335431322448 146.63159260812 0
340.6356886281683 146.5665198912939 0
339.0713724739246 144.0029452195063 0
342.0737601755026 143.9380115369673 0
340.5094448354631 141.3744442388768 0
343.5118610033953 141.3095335921603 0
341.9472608400024 138.7458181273924 0
344.9499187538864 138.6810476361721 0
343.3853204453719 136.1173416306738 0
346.3880114110864 136.0525794445535 0
344.8231214380957 133.4887386760623 0
347.8260565673392 133.4239489299727 0
346.2611666836784 130.8602622550353 0
349.2641257348009 130.7954914645941 0
347.6989483394933 128.2316813901256 0
350.7021459275778 128.1672249657315 0
349.1369747431535 125.6032920191715 0
352.1401983351143 125.5387483917837 0
350.5747365453884 122.9747451872005 0
353.5782013223392 122.9103393222351 0
352.0127442144378 120.3463626063258 0
322.0601438244944 185.9262274771106 0
327.8126455884725 175.4117214888061 0
333.5653308084754 164.8975352140023 0
337.8797429248992 157.0122697403045 0
317.7456579970701 193.8113568933739 0
311.9986099857863 204.3245655326596 0
355.0162305967705 120.2820174583304 0
353.4504838380362 117.7178673517386 0
297.4929538904877 225.4225763703958 0
356.4542113872556 117.6536683230723 0
354.8884704175871 115.0895299610695 0
357.8922504387585 115.0253639745762 0
356.3306122394783 112.4601847371815 0
342.1940264853884 149.1268045451647 0
347.9469722702696 138.6123465507266 0
307.6845380736097 212.2063304491319 0
293.1792270461373 233.307832751718 0
359.3309552020095 112.3968690519531 0
357.770845834334 109.8308640420733 0
284.43231194217 243.8894432538699 0
275.683775705321 254.4741494927693 0
261.0661970349845 270.3825929200053 0
360.7694011822423 109.7684678470363 0
359.2137613037088 107.208169586498 0
362.2082846984988 107.1411662534974 0
360.6513542595933 104.5818397829741 0
352.261340699007 130.7275685184455 0
353.309727120548 112.505066251072 0
347.5730982007206 123.0358903669053 0
341.8218700266546 133.5504732770915 0
336.0626194256844 144.0595636769016 0
330.3118763905042 154.575065118327 0
324.5610565529424 165.0906822348434 0
357.6576015483657 104.6497902332992 0
359.0944836800004 102.0225854189911 0
362.0893948802437 101.9539781417598 0
360.5323562930625 99.3946032097285 0
363.527829758163 99.32534429318008 0
361.9704354792787 96.76632189309755 0
318.8102198355974 175.6063181006089 0
313.059373914896 186.1219590054358 0
307.3086249421117 196.6375225070982 0
301.5619400709213 207.1543402274336 0
291.3726195729123 220.3668630075568 0
364.9656668101085 96.69739101935659 0
363.4084312966621 94.13811093271283 0
360.4132490261864 94.20697700266982 0
361.8513147553533 91.57862861363367 0
364.8466839825849 91.509256999949 0
363.2894849863017 88.95006651785485 0
360.2942105530804 89.01898559550267 0
361.7323926185431 86.39075031907053 0
364.7276203494605 86.32188026517801 0
363.1705945637042 83.76250425255465 0
366.1657806540675 83.69384551300057 0
364.6087772625069 81.13428746407692 0
367.6040632070588 81.06528869160783 0
366.0469877922574 78.5059055500361 0
363.0517668140005 78.57468865103203 0
364.4899662323236 75.94644034834286 0
367.4851764182077 75.87773197977715 0
365.928204159954 73.31821864759691 0
368.9233834289931 73.2496474266211 0
367.3664497387332 70.690015560399 0
364.3712068904391 70.7585813781086 0
365.8094904495872 68.13036761312608 0
368.8047080209749 68.06182650388567 0
367.2477793904808 65.50218090715622 0
370.2429646263749 65.43368465859564 0
368.6860543238514 62.87401243054295 0
365.6908606057817 62.94249703326282 0
367.1291582997808 60.31429310793481 0
370.1243521019193 60.24594159958956 0
368.5674845929655 57.68613531904232 0
365.5722155951175 57.75455755300038 0
367.010620367825 55.12635244114421 0
370.0058551177912 55.05794537913253 0
368.4490325696113 52.49816987889007 0
371.4442528747269 52.42976843076922 0
369.8874392637666 49.86999521888153 0
366.8921549939042 49.93839542307131 0
368.3189049949677 47.30383121929794 0
371.3239070348375 47.24078008263763 0
369.7550811459917 44.67445124086587 0
372.7616108710457 44.61230055528177 0
371.2047277118892 42.05245253012195 0
368.1958822169004 42.10375450395584 0
369.6511092891843 39.49015089551612 0
372.6455748463437 39.42495219386583 0
371.0892285033724 36.86520128950728 0
368.0977214102248 36.93124016018461 0
369.5205597396808 34.29867440910388 0
372.5257581790229 34.23652500199237 0
370.9561622320635 31.66974880444193 0
373.9633687958054 31.60828774563565 0
372.4065435467242 29.04841286353409 0
369.396598193437 29.09881817729557 0
370.8531096872711 26.48601765238729 0
373.8476197342806 26.42080108331435 0
372.2914419833299 23.86119008122903 0
369.2999857235648 23.92713218912175 0
370.7354638321125 21.30152204231615 0
373.730191778162 21.23376833827708 0
372.1736033545649 18.6740087685444 0
375.1687205533327 18.60597816301932 0
373.6121323153868 16.04611661395346 0
370.6168848607073 16.11425280776339 0
372.0555284160985 13.48621361990745 0
369.0602226510871 13.5543247963665 0
370.4989222479806 10.92626757209352 0
373.4942412638813 10.85801069601141 0
371.9376437405335 8.298132986173254 0
368.9423259307911 8.366271615491144 0
370.3810696265923 5.738210534415746 0
373.3763594358104 5.670120710408602 0
371.8198248908923 3.110206376979277 0
374.815065950427 3.042222504254673 0
373.2585686156971 0.4822657438610015 0
370.2633100547042 0.5502376892325715 0
371.7020687073011 -2.077739279109346 0
374.6974613418252 -2.146188219201277 0
373.1410028851158 -4.705990671179596 0
370.1456656458088 -4.637843321679325 0
371.584438336823 -7.265768470092 0
374.5798848929727 -7.334068499722706 0
373.0232355195929 -9.893619305450121 0
370.0280687282772 -9.82582277998123 0
371.4668243441487 -12.45368956294266 0
374.4621025731242 -12.52171606408528 0
372.9057125984639 -15.08166929193465 0
369.9105807841306 -15.0138527631941 0
371.3493706732553 -17.64167381861938 0
374.3445913287895 -17.70953481169489 0
372.788268009572 -20.26954779442653 0
369.793000217514 -20.20173795046075 0
371.2319402481812 -22.82965026329599 0
368.2365994948717 -22.76187523991796 0
369.6755992623782 -25.38978747423565 0
372.6708802897727 -25.45752607802098 0
371.114586875566 -28.01768433721547 0
368.1192870074444 -27.9499543639386 0
369.5583086812932 -30.57784089439677 0
372.5536043082363 -30.64555033897134 0
370.9973447350128 -33.20571573715004 0
368.0020138616044 -33.13802414973485 0
369.4410964158589 -35.76590841953535 0
366.4457081861453 -35.69825614773524 0
367.8848252627359 -38.32614718983675 0
370.8801616611241 -38.39375142670333 0
369.3239419324627 -40.95398916821345 0
366.3286875945715 -40.88633842746451 0
367.7677742465797 -43.51422521548758 0
370.7630155939902 -43.58189529291233 0
369.2068726215896 -46.14211846587145 0
366.211565126957 -46.07442582082145 0
367.6507157788142 -48.70232866423246 0
370.6460056054951 -48.76991717874922 0
369.0898898266337 -51.33016788701741 0
366.0945622870697 -51.26261549064789 0
367.5337715318392 -53.89045756052123 0
364.5384117087563 -53.82291777056609 0
365.9776517828824 -56.45072857624332 0
368.972971714119 -56.51824896746123 0
367.4168897238758 -59.07854736610674 0
364.4215416435175 -59.01104831610895 0
365.8608078812117 -61.63887934183791 0
362.8654422973127 -61.57138960313139 0
364.3047327860072 -64.19918874876299 0
367.3000619112318 -64.26665559413729 0
365.7440155950465 -66.82696355019317 0
362.7486627096592 -66.75953806734999 0
364.1879817203254 -69.38731248877892 0
361.1926189071099 -69.31991839730932 0
362.6319623520606 -71.94767690629112 0
365.6273067963726 -72.01505627432435 0
364.0712896312624 -74.57538245273849 0
361.0759734042239 -74.50804972261557 0
362.5153438833577 -77.13572109819586 0
365.51056953328 -77.20303790090568 0
363.9546587325254 -79.76330292596771 0
360.9594411154403 -79.69603264747086 0
362.3987566855482 -82.32357017311628 0
359.4035140496044 -82.25631983277472 0
360.8428426410189 -84.88383676378159 0
363.8380743470145 -84.95101156983485 0
362.2821620299194 -87.51128681201939 0
359.2871060365417 -87.44404251570904 0
360.7263057566664 -90.07136140430657 0
357.7314758365078 -90.00419532009983 0
359.1705076005949 -92.63128286514434 0
356.1759854881741 -92.56401019967254 0
357.6150297407468 -95.19091495267548 0
360.6093017254869 -95.25826521070435 0
359.0536202800905 -97.8174627924607 0
356.0619978544564 -97.75143850984945 0
357.4984331788954 -100.3765110601556 0
354.507820301085 -100.3169227185465 0
355.9443654129996 -102.9360180218102 0
358.9361368566649 -103.0021014823411 0
357.3811903442163 -105.5596679624158 0
354.3891424586912 -105.4922155824546 0
355.8265228612374 -108.1163027643989 0
352.8363178024842 -108.0496185530326 0
354.2729454721755 -110.6719681317609 0
357.2627196047704 -110.7396610398239 0
355.7091600137649 -113.2946266178432 0
351.2841187950303 -110.6054089361047 0
365.2770688214917 -87.57869845490697 0
81.85909910253883 360.2079457728417 0
317.3924169019978 108.1575774792371 0
311.6448519266486 118.6814826674458 0
305.8967920323589 129.205950589961 0
300.1487303043413 139.730582426147 0
313.9043153040382 87.46240113601064 0
281.4661161485324 173.9369067250427 0
275.7191062462731 184.4612890273059 0
261.2322662605717 205.5851168891084 0
258.2352869298973 205.6562991223228 0
256.7858066860203 203.0472504186853 0
255.2602403819945 205.7212049484098 0
256.7968634178036 208.2836287381434 0
253.7995039994175 208.3540905679811 0
255.3553012001589 210.8977797701913 0
252.3578135619706 210.9826935800719 0
253.9010846416959 213.5187080096385 0
250.9183535223964 213.6141438895333 0
249.3593929163302 211.0557100631738 0
247.9224019989361 213.6878149723082 0
249.4823930708347 216.2474493789081 0
246.4854201647951 216.3189574943832 0
248.0456226718292 218.8789501442848 0
245.0486172370867 218.950244308229 0
246.6087317985179 221.5101845799212 0
243.6117352067759 221.5814379727622 0
295.838975223233 147.6256628567832 0
291.5262676470239 155.5177791061242 0
287.2149078036688 163.4114070679285 0
245.1718056281749 224.1413694648352 0
242.1747179811716 224.2125688119572 0
240.6148739955906 221.6524864053388 0
239.1777011846996 224.2837865696972 0
240.7378180414905 226.8437709068837 0
237.7407106735065 226.9149853968511 0
239.2851436922331 229.4665323812106 0
236.3012039025511 229.5447694979412 0
237.8550229429605 232.1013010542575 0
234.8650173003401 232.176343983689 0
233.3063240498177 229.617186896909 0
231.8694627667708 232.2484215439133 0
233.4297258739835 234.8083821683215 0
230.4328955977319 234.8797923757936 0
231.9932200424695 237.4397156946845 0
228.9961969915357 237.511041801006 0
230.5564752155702 240.0709157363822 0
227.5594507353183 240.1422246261176 0
229.1039874746001 242.6929770300266 0
226.1200518376745 242.7718934945344 0
224.5619604208914 240.2132555093295 0
223.1251260951963 242.8444250656415 0
224.6853894689552 245.4042848695948 0
221.6887307368993 245.4758183806433 0
223.249099531666 248.0356426828465 0
220.2521567875197 248.1070610531503 0
218.6918148376493 245.5472247202727 0
217.2551302698328 248.1784753171551 0
218.8154906796913 250.7382802459457 0
215.8184603071484 250.8097110959461 0
217.3788256505404 253.3694615592964 0
214.3818196439226 253.4409056597158 0
212.821436488549 250.8811349675124 0
211.3847551000728 253.5123682036408 0
212.9450942516121 256.0722219198101 0
209.9480802631847 256.1436734428293 0
208.3876922680685 253.5838358529333 0
206.9510538503982 256.2151423060955 0
208.5114677021519 258.7749415848461 0
205.5144662231016 258.8464399414916 0
207.0749360151151 261.406148078427 0
204.077924532524 261.4776995715309 0
202.5174334115734 258.9179761964684 0
201.080857654624 261.549275258919 0
202.6413742933783 264.1090127956653 0
199.6438648041988 264.1613781638964 0
198.0836991160543 261.6176321641215 0
196.6471745193826 264.2484800165732 0
198.2037630813728 266.8083352306296 0
195.2106015111855 266.8832604510578 0
196.755547734242 269.4517691435824 0
193.7716632947688 269.5162672991883 0
192.213271436982 266.9554310206797 0
190.7767796344221 269.5868401902812 0
192.2918780216019 272.1334234321886 0
189.3189328981084 272.2042680264979 0
187.7765080780211 269.6561325252026 0
186.3395705758986 272.2870417687676 0
187.8810819741911 274.830760649824 0
184.9028569363714 274.9175468921006 0
183.3462560342182 272.3611264576568 0
181.9095769230805 274.9922314714639 0
183.4560590493781 277.5399350991636 0
180.4714311794365 277.6221278018059 0
178.9127755981769 275.0642038859011 0
177.4765222792336 277.6957157497263 0
179.0372447958748 280.2553082153086 0
176.040626523068 280.3274594174485 0
177.6014104075496 282.8870108677882 0
174.6045067815731 282.9589795169505 0
173.0437660073021 280.3994468209853 0
171.6075345755588 283.0309309592277 0
170.0467343260139 280.471349303384 0
168.6105085871375 283.1028563908716 0
170.1705641337339 285.6629145620093 0
167.1739200584689 285.7346239779496 0
165.6136414828563 283.1750346938536 0
164.1772394076772 285.8063793739711 0
165.7377322671659 288.3661216598877 0
162.7410080047452 288.4379473173052 0
161.1803925508269 285.8785569084587 0
159.7440887961061 288.5099723089758 0
161.3049498414185 291.0693919868279 0
158.3079427739946 291.1414820848504 0
156.7471871356309 288.5821437084041 0
155.3109798234462 291.2135909918412 0
156.8718788070742 293.7729716548224 0
153.8748891561072 293.8451185394636 0
152.3140645223378 291.2857713294883 0
150.8779836239387 293.9172572956436 0
152.4388159898868 296.4766579697205 0
149.44191246818 296.5487938894357 0
147.8809643542535 293.9894000680538 0
146.444983980317 296.6209856219623 0
148.0059531414642 299.1802952149051 0
145.0090809694385 299.2525142826531 0
143.4480243608172 296.6932078404838 0
142.0121473252654 299.3247816401509 0
140.4510268342556 296.7654436365348 0
139.0151477027754 299.3970657591609 0
140.5762368729362 301.9563423842269 0
137.5792766613316 302.0286513935102 0
136.0181814032896 299.4693938240974 0
134.5823627302812 302.100990659438 0
136.1434324416821 304.6601947689126 0
133.1465517396003 304.7325609326451 0
131.5854461184094 302.1733415776512 0
130.1496492360517 304.8049467514218 0
128.5885067416435 302.2457313824644 0
127.152756144177 304.8773580601104 0
128.6723088673402 307.4173281195431 0
125.6986906847133 307.4905742880758 0
124.1528453540778 304.9467583785971 0
122.7166614275735 307.5778248294373 0
124.2470711935594 310.1111497023505 0
121.2782657113887 310.2074478442721 0
119.721779097839 307.652364306356 0
118.286466450879 310.2842629244486 0
116.7266279973528 307.7264035554937 0
115.2908218095501 310.3577702677713 0
116.851928832007 312.916692667095 0
113.8554375821615 312.9893805388324 0
112.2942927527393 310.4305155061041 0
110.8587599690896 313.0619846130653 0
109.297597523504 310.5030789373071 0
107.862037372906 313.1345617080368 0
106.3008942651094 310.5756601007752 0
104.8654366704496 313.2071644839939 0
106.426525797103 315.7659780256452 0
103.4299782029116 315.8385740432917 0
101.8688552358239 313.2797768299163 0
100.4334351073941 315.9111894758288 0
98.87229496027857 313.35245606035 0
97.43695996133098 315.9838663568989 0
98.99805480556424 318.5424946235929 0
96.00167788993176 318.6151629589785 0
94.44055509712457 316.0566980113976 0
93.0053639985847 318.6878346559145 0
91.44422520794754 316.1294194179559 0
90.00900161534514 318.7605429174884 0
88.44791428860086 316.2022097479502 0
87.01263032951341 318.8331762105848 0
85.45063515229322 316.2753441773382 0
84.01638527437959 318.9061797414775 0
85.57750263729505 321.4642402069775 0
82.58149860921485 321.5369184720732 0
81.02054710099145 318.9790440519905 0
79.5857104359293 321.6096318199319 0
78.02475755941825 319.0515966461527 0
76.58998009364382 321.682306265617 0
75.029074937009 319.1243677728206 0
73.59431917372753 321.7550070796161 0
72.03345969298655 319.1971389680308 0
70.5988231910614 321.82780449769 0
72.15952261423996 324.385346539617 0
69.16423011019255 324.4581759500358 0
67.60376764594199 321.9007318300123 0
66.16926654972578 324.5307905531719 0
64.60888907799017 321.9737396251804 0
63.17271751468523 324.6025665320069 0
61.61393176480741 322.0464952614172 0
60.17780192798202 324.6750969534515 0
58.6193815826329 322.1194892032804 0
57.18539073101458 324.7487839765687 0
55.62551532293757 322.1925711665636 0
54.19016724075127 324.8208451370413 0
52.63213141136047 322.2913700549818 0
51.19620171576583 324.8975728347602 0
84.14243697691367 324.0949941735375 0
94.51811484162079 321.2305184578215 0
49.63865723509485 322.3694057851441 0
48.2045715463506 324.9724777203555 0
115.4165961884995 315.5482555595898 0
46.64530240946667 322.4174141600851 0
45.21206680336903 325.0408371592862 0
43.65295623640939 322.485752998915 0
42.22010323251802 325.1113351623982 0
40.66177300460792 322.5578117068926 0
39.23026625072922 325.1836720688921 0
37.67203053889185 322.6308164266731 0
70.72471728493696 327.015283034291 0
58.73581730314149 327.3047828658975 0
40.78729534835327 327.7357294635754 0
49.76079458017457 327.522503848464 0
358.6984490642162 -113.3628443418708 0
357.1446975659968 -115.9171013077171 0
317.6638298281335 -135.6529008673428 0
320.6203494497025 -135.7213580057741 0
318.0929195131812 74.37830668379316 0
230.3095274792502 229.6886125089418 0
311.1531020197336 97.91602497287506 0
80.54431940070901 368.0068276321711 0
311.105521302969 -96.83492359750261 0
306.9651006991302 111.0011614762806 0
316.008977066352 -78.79317182286294 0
107.7363247751196 307.9440799779953 0
314.6730358615283 -135.5846379890532 0
347.1624845438001 -146.6427846269001 0
345.6129643920868 -149.1763210767774 0
89.88198691400801 313.5710260172106 0
320.7430174593746 -130.6015160686785 0
358.737109596413 86.45944304974428 0
349.847655587359 -107.9835274700136 0
348.2962983711719 -110.5382501718054 0
37.79903615077428 327.8082501262458 0
342.6512619264298 -149.1052812039579 0
356.0991840809638 102.0915088361579 0
356.5752349034421 122.8419788105702 0
354.7368894489112 -89.93704817962005 0
321.0020784080785 -120.3235268384075 0
281.1949189622384 233.5833121593766 0
341.061666006519 -92.34227066718303 0
272.449965537545 244.1664951779623 0
257.8316881326629 260.0756553511384 0
354.1567824408027 -115.8490776951252 0
355.5914946645919 -118.4701662035688 0
352.6051088763014 -118.4026079659884 0
354.0391545854051 -121.0217760663749 0
358.5782493880311 -118.538515925888 0
26.88765766210805 374.4098010002561 0
29.86649006352781 374.3411625893651 0
353.1815254521678 -92.49667534417767 0
362.0478809897931 -97.88515835600938 0
360.372349852618 -105.626854088055 0
78.15104895014093 324.2403226631084 0
318.8302464369023 105.5250562782937 0
345.9736082360644 -74.28576899213869 0
118.4132199211248 315.4758524656706 0
341.1896826339101 107.5604954627954 0
335.4410021103064 118.0769207116781 0
329.6914823128225 128.5959940868902 0
323.9404429716287 139.1177682338922 0
276.3845665335504 220.7120951843199 0
279.3806125602798 220.6419406968712 0
347.5277582949803 -71.72725921171838 0
348.9659636239098 -74.35283757507538 0
345.0702303881476 143.8695935234518 0
318.1921434823503 149.6347900446007 0
290.8803503250315 199.6024350115493 0
312.4425447482902 160.1542877663333 0
306.6925898211963 170.6738190009658 0
330.6889505428741 170.1546523768942 0
300.9420140278442 181.1941619450573 0
324.9363549824678 180.6687577977984 0
314.8693663550551 199.0683577550967 0
329.9582723474308 68.90391780859406 0
244.2774504549067 257.8122475131706 0
259.6284702759204 273.0109956147921 0
366.9498621708476 -79.83065291820063 0
180.5984703825577 282.8152713479883 0
375.5221117668677 34.16911305835811 0
354.5985876716163 39.74541641521017 0
373.0010972666514 54.98949429790275 0
374.3202582604945 47.17301311430811 0
376.3715934716378 5.602129197707448 0
355.795413079293 26.73713865245347 0
368.5057134768647 -77.27043057576287 0
376.7256810984885 21.16516217683848 0
168.2213000598554 337.4213941301337 0
349.4653853046603 76.22178070287818 0
350.7687455285309 68.39149742717382 0
352.0819183253993 60.57474188665689 0
353.4131469411493 52.75963992764338 0
144.5032375080831 348.3576946998096 0
280.7024826881787 212.8260366302096 0
151.9302752878743 345.5883314134198 0
370.4805198809224 75.80883087975357 0
152.8704311057148 322.2807428710737 0
141.0106472247511 327.7553013158164 0
295.192449938716 191.7131646237157 0
104.9910909326999 318.3972791514847 0
129.1514287571882 333.229952157582 0
121.7203066492652 335.9930769090229 0
324.5220060526997 -34.84848009472807 0
114.7973758607518 359.4351287432522 0
377.8102347386747 2.974238407419519 0
367.3856889240601 5.806225135147765 0
357.2332063586492 24.10785813009875 0
195.0865890103311 261.6913055280484 0
346.8070215060889 26.94573787739433 0
114.2935199093978 338.7657649086149 0
356.0362600585729 37.11600377449992 0
148.1889124504417 314.6053908156588 0
375.7588114761297 44.5451365087783 0
205.3905517683064 253.6552882346049 0
154.9252084417488 345.5181973168488 0
163.5524015723027 329.7542068791381 0
354.8601726988982 50.13494989922891 0
345.6101752045477 39.95430235856725 0
215.6947181818722 245.6185941858137 0
322.7221972876652 -47.79101732334839 0
344.4138464996396 52.96282983673953 0
362.814186379171 68.19887079411782 0
304.8026969145016 217.4683025210614 0
144.0063837211397 327.6838190523729 0
136.3311214240159 320.0789841145881 0
339.1475713996212 84.23913453645531 0
320.9225120396621 -60.73353770608834 0
368.7392910604021 -66.89433108660128 0
370.2953081088604 -64.33415466298547 0
371.7344730447378 -66.96170875127758 0
373.2904225368703 -64.40164756075367 0
268.3751307167859 262.4280363546778 0
331.1503025895253 55.89087641737087 0
233.9739162501376 265.842994349334 0
232.5367914891179 268.4729540249512 0
244.8915961593259 283.732840249531 0
243.4539983296825 286.3613473084333 0
349.3267661973215 -58.78567715323218 0
350.8921146732361 -56.22105589176451 0
319.2436795681671 -68.48419118890814 0
222.2333669540706 276.5041197980086 0
220.7965025833238 279.1340280955723 0
372.0851336728634 -51.39764408805648 0
373.641209161881 -48.83752626365802 0
233.1505660455092 294.3860543988535 0
231.7130238619938 297.0145215153088 0
175.9162622017231 275.1365170145986 0
109.6183642825309 331.1014249070009 0
309.013837956276 -125.1980468136975 0
307.4753570302982 -127.7310666556554 0
306.0521894553494 -125.1323255298298 0
304.5134173217813 -127.6659626331608 0
303.0889184599973 -125.06648011942 0
301.5358903679017 -127.6114107263901 0
305.9098155128455 -130.2742379913822 0
211.9303943072684 284.5355161861257 0
210.4936316443852 287.1654955569552 0
352.7994834382283 -38.09622250664599 0
354.3781796396868 -35.51979269487732 0
222.8474052173257 302.410672592686 0
221.4100253227223 305.0392274841152 0
373.9925862270029 -33.27334865618425 0
375.548783270609 -30.71330460633569 0
201.6277871847915 292.5672085987713 0
208.1119296749704 313.1339549791288 0
206.674700252517 315.7625615540783 0
354.5960219164914 -25.15689568984466 0
356.1580108036886 -22.59022637865815 0
375.7834605328047 -20.3372845496017 0
377.339767474981 -17.777310443364 0
221.565297777346 240.2848006442961 0
361.4946827783203 76.01504685357034 0
102.1925354240636 333.8750666938645 0
176.1647174476435 285.51879557584 0
259.2695743241386 257.446992572773 0
376.6073730909816 15.97763763116231 0
359.7532440822532 -66.69212792704649 0
365.946897629706 8.434380121207564 0
234.3479881146923 281.3812171716137 0
363.0991519052463 -51.19502002954064 0
320.8445380667703 63.92523226405937 0
203.4382092386131 305.4564973908529 0
322.1591812901093 56.10318720394472 0
365.0065919619249 -33.07029587734688 0
366.7976007349531 -20.13389374894057 0
344.1723294893345 42.58396792907995 0
133.3350995719916 320.1504949868107 0
206.8272344940919 251.0238637123698 0
345.3690722261433 29.57535240885088 0
145.194663291781 314.675631615533 0
324.6665303257217 35.26791802301119 0
323.2290416492354 37.89889586751157 0
323.4739158415253 48.28110078103249 0
196.5232008107795 259.0602304969264 0
322.9632072206012 -37.40914020574677 0
325.859728526464 22.25477803830635 0
324.4221015552364 24.88568143549983 0
345.6075043526735 -24.94988356263848 0
104.7395452782271 308.0166035240489 0
196.9495988037877 284.8892704580272 0
86.53260159254629 367.882288995256 0
141.8869822250495 294.1338132973299 0
138.8898414756633 294.206026179078 0
350.4486543249238 117.7787047279092 0
344.688541666486 128.2866273539331 0
130.0243174852776 299.6140210043121 0
127.0272298759721 299.6864089281152 0
338.9379571806463 138.8018699844357 0
259.7043349475992 197.7747380357512 0
118.1619767718782 305.0944716280658 0
333.1872577350824 149.3172975709307 0
327.4364722929001 159.8328644490398 0
321.685634271037 170.3485093995628 0
227.4358764168911 234.9512054358756 0
236.1806451075841 224.3548559427347 0
315.9347956042233 180.8641438547204 0
310.1839619375576 191.3797544255761 0
304.4331953854724 201.8941311722641 0
335.0779815244407 102.5067549911595 0
294.2591377258361 215.1151663850875 0
273.8879427546842 241.5378689641736 0
258.5284372476195 226.3228747431297 0
269.5718054292997 249.4257317432591 0
316.6556763389773 77.0092897468554 0
79.45849458350871 316.4211071989135 0
84.35006257997088 339.4940941344214 0
66.0426547974011 319.3432616142921 0
367.6251830094071 16.18017964289419 0
366.4976879119886 34.33353419036397 0
336.1603874351616 -110.3455018472571 0
365.3352729377462 47.37858142802218 0
30.9294401218416 356.2623867865919 0
250.5228399216509 268.0304219864763 0
171.2163145344016 337.3513659156784 0
321.1632449162323 -50.35182107114139 0
252.257309467462 205.6473905791008 0
348.7295973086324 -144.1173930858972 0
304.6288629873009 -122.5291258488141 0
95.26738449938702 357.3016101514123 0
47.14510493429938 348.1466865472206 0
371.799844948591 67.99325515392292 0
139.8177476009157 340.7043238980199 0
59.10221153711517 347.8772997424838 0
127.9633500516524 346.1541129444911 0
110.1222248765901 351.7599066304404 0
120.5432045284395 348.9198659860957 0
63.90236126940593 360.6289018538461 0
321.739265817 -89.3139581459009 0
71.06741731173403 347.5933044966964 0
75.87218672150026 360.3488002105751 0
83.03965439825691 347.3080551978851 0
87.84689426754265 360.0683106849183 0
376.9877223808168 -33.3409897505469 0
342.0362735562044 -50.82951688744039 0
343.810847740924 -37.88956594626739 0
336.9852889783213 -74.08004319102865 0
338.6815262622596 -66.33026554338285 0
340.3379893910177 -58.5796191721847 0
334.8508803264031 22.04337597335497 0
336.2882980344958 19.41279147588473 0
342.2529982497399 -40.45006197882253 0
344.0495588268506 -27.51032020005038 0
333.6577475644202 35.05617839496207 0
332.4650528744518 48.06918189049393 0
343.0970455706014 60.78193068928823 0
341.6593880698939 63.41163166135706 0
340.4639013155542 76.42005597256403 0
329.3570108041611 113.0312894284776 0
60.41106422665935 340.0723441428675 0
314.5188523706978 113.4193245858957 0
323.5785647703989 123.5448140279493 0
146.5701103694508 301.8117341627917 0
149.566831549594 301.7395423959695 0
308.7708396984039 123.9436870287334 0
317.8286651407589 134.0642690763876 0
134.7071048054665 307.2702969020955 0
303.022707262347 134.4682585181136 0
312.0786890354758 144.5839203819801 0
64.72735295968145 327.1583087620598 0
72.3772457785111 339.7827929087643 0
243.4884968539979 216.3902096679246 0
117.044872804691 328.3278371661697 0
132.6448742761959 353.8260049818335 0
135.6397271414526 353.7557495876961 0
284.338610897881 168.6754184165849 0
293.3911581514805 178.773337025837 0
278.5936142613002 179.1992872148527 0
287.6412542762177 189.2930760633434 0
273.1452753636626 210.4029125764786 0
235.1669476863478 252.8338691397432 0
229.296431894481 258.1643815614642 0
223.4260321363844 263.4949930085406 0
217.5730617208616 268.8537465737791 0
207.2524848530142 276.8573014737226 0
208.6894261283548 274.2270565773923 0
198.3864407516246 282.2589753536826 0
376.9605591974649 31.54098801500113 0
124.4718734962256 325.5543070975602 0
177.3525247671209 272.5048472225267 0
262.6235238164602 272.9419125154258 0
373.2380331597165 65.36522642677485 0
60.05241511708553 319.4893982365622 0
262.4662555945683 192.5952624007606 0
246.4490841174283 286.2921129309062 0
301.6565868445591 -122.4631036237406 0
303.2023653734349 -119.9207245969762 0
304.0910428702615 116.2636755677791 0
299.7798855943036 124.1575682206347 0
344.0692048478976 -151.7045629473588 0
367.7232815105645 86.25255129735922 0
347.028179764543 -151.7782420219103 0
245.0115522493055 288.9205048359446 0
319.087131149522 -138.2449711159405 0
322.0380929540086 -138.313045645405 0
323.5751256806568 -135.7907943643565 0
324.9911231293787 -138.3826337080484 0
19.51140211103789 377.1478224974906 0
16.54501602577277 377.2093696921625 0
15.00641685867944 374.6750252215153 0
13.58013156788553 377.2765498386947 0
125.2183423075873 356.595423714381 0
28.43519263467749 376.9561562039789 0
31.41625888452471 376.8881420611991 0
375.0802709432309 -51.46510233482043 0
234.7080068797051 296.9451021646439 0
365.0854054586212 101.883925489048 0
99.94577972655624 364.9733360488278 0
73.46820618470697 316.5662512625096 0
359.4509945803526 117.5852488585501 0
128.4631302669438 297.0545876832522 0
209.669694819807 315.6929731076789 0
261.1858954951905 275.570205521516 0
265.3613702736817 187.3444229453028 0
320.502878895887 -140.8335698261594 0
193.5258939651731 259.1322654261087 0
224.4049818340998 304.9697201872898 0
369.944944169461 -79.89790510000579 0
54.06548171054132 319.6358747584711 0
371.5008125162304 -77.33763050542903 0
378.7785606368482 -20.4050256145631 0
246.3621440401979 211.1275558462026 0
312.8951984612706 -83.9112811039129 0
379.3666790301109 5.534008213670839 0
377.3158553091012 47.10490874500884 0
268.16370467603 182.0428418725316 0
174.3553599524157 272.5767264390192 0
222.9676461688156 307.5981807045215 0
378.5438856717797 -30.78106093329249 0
363.765250757622 109.700841749145 0
350.9573182729814 -120.9727098424876 0
352.4881868965627 -123.5722600882683 0
355.4718574908969 -123.6403979928188 0
353.9209855951324 -126.1896501829463 0
356.9043758458038 -126.2582365077836 0
355.3534106615983 -128.8074396345789 0
233.2703906283387 299.5736195382733 0
311.3378868663639 -86.4702710461071 0
361.542937506698 -53.75540332849467 0
360.1036201318474 -51.12741617509823 0
15.11980971853351 379.8092680824104 0
355.8410476063606 -38.12659342091723 0
364.3901821150044 5.874189134081235 0
358.7913350218357 26.66758530375024 0
376.6362840008476 -48.90512150635215 0
357.5945129921253 39.67570297008238 0
319.7249601882434 -47.72124852922893 0
348.142101574789 84.04408069347727 0
19.27675900818171 366.8626776791414 0
16.31051914164046 366.9383030953724 0
357.2988634959033 89.08776245007829 0
293.8764913151921 199.5323139798582 0
292.4449293658045 202.1654722510972 0
346.8245715099533 -107.934720979148 0
321.6692567394255 35.33844297633515 0
270.892430947397 241.6067796561032 0
287.0659677687104 228.2566294594054 0
256.2746039114309 257.5163084086121 0
277.9434074481838 223.271588705925 0
272.3304851821921 238.9780303694351 0
92.52078833428618 367.7419897805268 0
235.5316006616879 268.4015513515776 0
321.5253487740047 -34.77832439506216 0
223.7924737016585 279.063406203312 0
351.742518135488 -89.86986927027789 0
32.84756547581458 374.2713126956099 0
34.3986236999283 376.8196865687224 0
213.4895551568557 287.0947778936606 0
222.3556731312435 281.6932280424633 0
352.3208066332262 -58.85170366995261 0
321.6119221282847 -94.50243516878911 0
212.0528551394078 289.7246095665198 0
357.6061883016724 -25.20447342015762 0
204.8756458825844 302.8275706526211 0
201.8801369740608 302.8971978102292 0
318.3946987855632 -104.7699324648671 0
38.44299434909355 358.6572459216882 0
322.8624232558274 22.32513198299151 0
155.8663371127361 322.2093699992915 0
132.1469997919956 333.1584167810889 0
39.35512833462668 330.3586736578605 0
36.36854454474329 330.4304762764573 0
34.81347260772851 327.8817435871974 0
154.4301580738426 324.8394709828287 0
147.2552448471414 337.9120740068138 0
326.5233238014407 -76.45736099777385 0
102.441041372714 344.2498832676347 0
140.3259129040903 291.5742167285111 0
101.0057204071776 346.8792939521879 0
130.7112290539181 335.7884039311528 0
315.0956568380665 74.44905995826876 0
313.6583319466845 77.08024421845462 0
332.079624476419 -92.13747075577055 0
323.4276394381346 -81.5656333368474 0
125.4660084763776 297.1270355388397 0
341.1108252595072 -151.6343381077037 0
331.7132480173628 -48.00022194944194 0
342.6111099768929 -24.88080637330399 0
270.9016886898346 176.9905021097071 0
335.0950715534748 32.42553070832776 0
333.9022798211626 45.43835491686963 0
295.4685908346446 132.0505910037627 0
45.08569908911328 319.8559649709248 0
272.8441029290973 189.7234069564016 0
268.532862165244 197.6166762186988 0
378.5177129349186 34.10111630688736 0
258.3509960996072 210.833918166557 0
251.0427815154803 218.8078738612507 0
242.2512631103058 229.3909155072261 0
265.6597844711441 202.8793513914879 0
234.9903723848135 237.3684917705136 0
232.0697819272979 242.6169949993264 0
374.794865055251 67.92469425368188 0
210.0718416433122 261.3346595879942 0
203.8299393608155 251.0953370714572 0
195.3900387435648 282.3298066141373 0
137.7044149044779 307.2193740330783 0
380.3347941419877 -17.84521550714692 0
12.36309048398858 325.8407806425456 0
320.2316898303624 37.96956739052067 0
276.7077551336985 166.3699759292422 0
169.7795072195026 339.9800804609336 0
300.2275041432869 -119.8552252812921 0
301.7726369231715 -117.309851239694 0
298.6810726934769 -122.399985448545 0
379.9827346276825 -33.40866170877447 0
378.4266398732497 -35.9685329942719 0
350.1232587601106 -146.7190104767571 0
351.6795425997844 -144.2091155857501 0
273.8867591034671 171.7519035415796 0
208.2325326452783 318.3214668903229 0
292.7600531621887 137.3393711182994 0
358.1971266110477 -69.25257407011343 0
106.1751358335322 305.3848558204488 0
103.1780748778366 305.4573750665984 0
364.0152909343038 55.19475513410835 0
362.5768327814422 57.82305899476201 0
357.9642055625281 -79.62875334346069 0
205.2667307978154 248.4637915054646 0
374.7294976782414 -67.02913507181297 0
235.7856853093513 278.7524678389762 0
380.8052340238536 2.906278251386048 0
12.15456201682673 379.8758111944038 0
290.0112587346168 142.4781344351981 0
319.9665750067895 -37.33904814141646 0
328.2335538344872 -68.68674636807019 0
329.9127295970891 -60.94220922591981 0
333.2612275323926 -45.44568692999277 0
340.8144233800537 -37.82060806165669 0
208.6348933404503 263.946715871795 0
343.8234904595535 27.02223778925346 0
342.6140086846925 40.0322047259033 0
280.6273935236665 158.0812124921548 0
335.4619189060911 47.99835634902369 0
146.6299699669048 312.0457339356773 0
340.1007206921639 60.8517025955884 0
338.6906828527338 63.50457098815406 0
134.7711886340888 317.520037572636 0
131.7750058493939 317.5915770831019 0
331.5180248331118 71.46381838675308 0
116.9777156421936 318.1070562074302 0
320.3901491210016 108.0849551770505 0
321.8270405262584 105.454091527163 0
321.4248434270394 24.95614654051325 0
287.0420830919875 147.6942600708534 0
284.2149227855512 152.9831672884045 0
358.3371748000222 -128.8763800025418 0
356.7856506053697 -131.4254256324717 0
353.803397618458 -131.35655960118 0
355.2347459408744 -133.9732265561955 0
248.1537068134504 224.0793652075997 0
18.19089981913835 320.5145967810139 0
226.2308635103259 247.9735641154325 0
220.3757662000765 253.2980476236075 0
205.69301028783 274.2977469800335 0
12.04329020185891 374.745473734761 0
345.485444531157 -154.3063573172871 0
137.3287010327747 291.6465380748494 0
153.4885464090033 348.146921665611 0
156.4833629561183 348.0767947325513 0
376.2853819436804 -64.46912327273738 0
345.267846229652 -110.5097497073177 0
194.9626166675128 256.5009776488761 0
378.7542798142159 44.47688304456484 0
326.5291127126925 -135.8592700051261 0
327.9457556287325 -138.4525352598524 0
326.4082824899009 -140.9744868097412 0
329.360884960554 -141.0450429356394 0
327.8255045279282 -143.5656696997809 0
330.7756277472492 -143.6364979492697 0
362.9513163027262 8.502471675859608 0
360.2290660344354 24.03842121339287 0
350.1620846996212 -92.45585872513948 0
359.889002382984 -126.3260979336183 0
379.9560661419483 31.47298583684329 0
172.7743654690833 339.9100634675672 0
39.10332379354292 320.0043476772067 0
36.11281268971311 320.0775639596116 0
17.73226764000263 364.3359103426374 0
14.77243902017007 364.4079523530418 0
16.1927610334246 361.7968857762658 0
13.23638069422397 361.8774158678995 0
14.64847754757433 359.2678808573496 0
11.81327336306661 364.4923077918676 0
11.69926328637172 359.3520787955123 0
13.11231189307242 356.7624270995045 0
334.0516375946792 -133.4729127949527 0
232.7919505669956 278.8226617590653 0
134.2031998507817 356.3844745054585 0
137.1979574625253 356.3142237475161 0
23.14269516459817 343.6392239228481 0
317.5552823704396 -140.7664483089016 0
247.2727375682966 257.7413580995095 0
346.7375004083062 -113.0968419539787 0
343.7593536210557 -113.0221303992517 0
345.1920921324404 -115.6402673479138 0
318.1659360790593 -50.2822376817215 0
329.9299141484535 -120.5269119464645 0
42.34303755453843 330.2875789993154 0
348.4053532175539 -105.3655004880998 0
342.6186729822958 -89.78368083147157 0
257.7120588921563 254.8872396120593 0
313.7541201430013 -112.4251893758657 0
87.13815003658027 324.0223024305882 0
85.70329888235193 326.6529137540787 0
88.66606135227356 326.5777729372759 0
363.603499277165 -95.3258267630451 0
365.042048365186 -97.95275551608536 0
366.5976158321289 -95.39348109939654 0
107.9874983672305 318.3247310140106 0
106.5559580090318 320.9535640290107 0
109.5492837460383 320.8829879496617 0
337.687777797545 -107.7479588946431 0
323.018442847042 92.44086217840436 0
324.5783224010677 95.00071359016655 0
326.0152606956574 92.36995084110154 0
303.364654452276 220.0966944968235 0
306.3598474557859 220.0278229712519 0
304.9219136659334 222.6560963501426 0
307.9169621593842 222.5872963191475 0
309.36051791243 219.953830841208 0
306.4790755840588 225.2154238903792 0
266.9373061689756 265.0564430983687 0
269.9323995735252 264.9874285902268 0
268.4946976886746 267.6156907738574 0
258.8938784461626 241.8915247784783 0
261.8921174757005 241.8198881130938 0
260.4528149790285 244.4509471604358 0
374.8463579174041 -61.8415487744469 0
345.5032909968157 99.66702720640981 0
347.0618777784742 102.2264648901587 0
348.499115717224 99.59702026408159 0
263.3348828730028 239.1878058294731 0
330.0809967861977 74.09453774724319 0
356.4082694410001 -82.18904782601528 0
98.01101712767509 346.9510093405398 0
117.548243340706 348.9902177302704 0
248.7104662692427 255.1119595729884 0
295.6973130211259 212.4865342635569 0
292.7016896488849 212.55536252791 0
312.467127213077 90.09355740827354 0
310.9070185050645 87.5332826315703 0
309.4697654998979 90.16455606915542 0
251.2200732763653 234.283029414263 0
243.9119837067164 242.2433473910541 0
319.4072632462546 66.55626543604134 0
317.847279420815 63.99599911563742 0
360.0564189874834 78.6433546709257 0
358.4992709504095 76.08360280539567 0
357.0610292020431 78.71199334440156 0
337.7100825731176 86.86887279389865 0
336.1513016753806 84.30907639272976 0
334.7137685991617 86.93895693240535 0
354.6535917753141 104.7128902550047 0
115.1652410987205 305.1672019899478 0
116.6009640980902 302.5353906904924 0
316.4099500438704 66.62714702425265 0
99.19731774407404 333.9469033911571 0
100.6326971491611 331.3169628547204 0
97.63734584854888 331.3887980718057 0
113.6038546623668 302.6079440762415 0
317.6851935144766 -71.0445829074045 0
316.2470571233904 -68.41464611273811 0
314.6885234838371 -70.97528675192389 0
41.42644165912153 358.5865725632888 0
251.960692921227 265.401806036002 0
245.836552218655 260.3715625069849 0
29.02500689263525 338.2921671651716 0
324.2260861070271 -110.0784894509414 0
344.5644921651769 -131.1658597863951 0
35.21407177032316 348.4306427766129 0
35.83034186638396 374.2013451687197 0
37.38247021714592 376.7510241808989 0
304.7512053457688 -117.3774603006591 0
303.3213679805213 -114.7630236323955 0
142.5703987765111 330.3138917153975 0
118.9847851389328 346.3612670666717 0
32.96587867432918 379.4371407746615 0
99.57044391242707 349.5085749266241 0
330.5256424288612 -94.69505177415796 0
356.7577058912896 -66.62467575085576 0
145.5660448349687 330.2424360043327 0
335.4279873002644 -76.64061560676292 0
331.4611294295108 -58.38630496843149 0
115.9821393951462 346.4434879115228 0
96.56967406056467 349.5597918988914 0
341.0531029473991 -27.44137081665536 0
175.7918113710813 269.9450251843153 0
333.1549319437987 84.37901508974073 0
334.5927884393244 81.75898835680962 0
248.006555336268 288.8512709753631 0
249.4440560723448 286.2229372812938 0
327.575030189061 94.92975463901408 0
326.1381614324412 97.56043037557549 0
40.91036204165587 332.9104367639446 0
43.89790543672789 332.8391696241598 0
329.2401805824385 -146.155112365287 0
332.1887366503436 -146.2254783360226 0
348.4460219441505 -154.378205274728 0
119.9741097120834 318.0345733130628 0
246.5690567578035 291.4795484074357 0
243.5738301998662 291.5490348245107 0
191.9666521377226 256.6340155952159 0
190.5287140385975 259.2144437796781 0
236.6041176976939 250.203816306032 0
218.9236002700081 255.9194524345044 0
196.826961033145 279.699389259392 0
87.24511927452797 329.2183223806131 0
84.26551588885894 329.284592494382 0
99.07282138056458 328.7587341841821 0
102.0645936689844 328.6891874597782 0
309.9001702283698 -83.84201576312364 0
368.0360824474203 -98.02028138617693 0
366.480595875702 -100.5794842810437 0
264.1808030159104 275.5011205289132 0
376.2330398115728 65.29677754248142 0
369.5917798268822 -95.46101238726357 0
271.4896621700518 267.5469393679641 0
272.9273668765719 264.9185150186746 0
372.9398975643156 -79.96519573845787 0
371.3841539073114 -82.52522938137373 0
262.7432123040946 278.1293025124363 0
259.7483387673732 278.198422644471 0
378.0755906008456 -51.53282127440197 0
236.265474752397 299.5041329446059 0
270.0516021693525 270.1755594427677 0
211.2274386827973 318.2518838818964 0
212.6645953382419 315.6234288137799 0
316.7316256266508 -47.65398514366342 0
115.0396451224669 299.9760263625886 0
377.8412728713811 -61.90917678426641 0
381.7735296550445 -20.47279970197497 0
382.3616047217693 5.465979600129927 0
380.9231063772157 8.093656039115016 0
225.9625696833926 307.5287274033743 0
172.7947994242517 270.0170895009583 0
171.3592437702754 272.6488441526361 0
314.8889441878822 64.04295639283757 0
316.2937606166849 61.43159796986895 0
313.4125171611746 66.69802902024504 0
13.69418590740841 382.4094295217566 0
10.73027899629966 382.4726664628091 0
16.65802811804169 382.3480872567023 0
126.9018358198104 294.4950454802396 0
9.193308574155617 379.942419271026 0
224.5252826831255 310.1570663936461 0
221.5304094189297 310.226562855838 0
112.0454453953932 300.1667295293141 0
318.9705924825348 -143.3516493248259 0
361.3225111724017 -128.9459309035597 0
318.6718310685612 35.40899891471689 0
312.098221947448 74.51995958331352 0
300.3397267401553 -114.6959092981099 0
301.8888366541264 -112.1465734450828 0
374.4791317289515 -77.39436906329423 0
318.6339751131579 -34.77283153602515 0
320.1049982245355 -32.15816099757203 0
326.2894366153235 -146.0825363163105 0
313.2501069217529 -68.34509861553485 0
314.8087546526423 -65.78436040425278 0
353.0988635500299 -146.797336555511 0
354.6467033290696 -144.2506188536658 0
202.2693002913662 248.5352661889279 0
346.1350550017252 -128.6260995791264 0
344.6890779730271 -126.0150412755812 0
352.2026799402022 -133.9064807638341 0
319.927727702686 22.35737449543675 0
321.3131820716757 19.75808502122657 0
355.174869689043 -69.19478909424441 0
358.5286879409713 -53.69810256934187 0
363.4502252262442 -35.63062535139003 0
362.0108396313524 -33.01198981600418 0
234.8230769897811 302.1304645236683 0
365.2411544713636 -22.69413145532013 0
363.8023064179815 -20.06617206787967 0
379.6315976584307 -48.97292636770138 0
378.192318531278 -46.34483759397771 0
361.3801975063603 5.93438702408415 0
362.8310761404908 3.312571229838512 0
10.16356562623758 356.8332435730502 0
11.57655569512078 354.2431758834254 0
361.7833936714731 26.60035767557849 0
360.3488399785109 29.22759503038716 0
353.7285627727217 -66.57580935361855 0
361.0198087335137 55.26316631690682 0
357.086549331896 -51.07159123301122 0
358.6607434022535 -48.50123120671644 0
355.7416669994532 86.52805911338771 0
309.4739763769555 225.1465814918827 0
308.0361568585799 227.7746588424017 0
305.0412858950215 227.843508084929 0
306.5983428339662 230.4027065716369 0
303.6035307073538 230.4715783731884 0
14.52075698178656 354.1505356264597 0
12.98808647258497 351.6516422569586 0
33.38448689830393 330.5028736107562 0
31.82971142222878 327.9555652414072 0
345.3808752739697 -105.3174668011069 0
346.9661951655127 -102.7637354724199 0
359.0321252268612 37.04643997432282 0
360.5865761933866 39.60833623432755 0
359.1521206532645 42.23564734509642 0
359.5847598564147 57.88948225918865 0
354.2943735281502 89.15156714477861 0
295.4380748847828 202.0934293624674 0
296.8729459236615 199.4625320919007 0
280.9393715917801 223.2013986985212 0
282.3765531706574 220.5718277824016 0
294.1346326972444 209.9247869865571 0
291.143246486427 209.9957006522811 0
289.700763076004 212.6232314891121 0
279.5021947956618 225.830969834791 0
263.4508045230156 244.3793853096721 0
262.0116123393495 247.010243595169 0
354.9686883046886 -79.57274511052697 0
353.4159752708188 -82.12595242284465 0
376.5193310084549 -54.09295124520847 0
237.70291402858 296.8757761359815 0
239.2603738813355 299.4347529096852 0
227.399873541813 304.9003300567635 0
276.5062979881 225.9012122191421 0
373.1736323946341 -69.58914621601191 0
376.1685829257563 -69.65655841896478 0
380.2173578652164 -23.0325762019961 0
312.3442933963852 84.9022267976014 0
309.3468832598312 84.97292428400004 0
200.8326007307687 251.1668180252732 0
320.1094512400064 32.77795495115548 0
318.3020487754678 -45.10002677098475 0
129.8990624953281 294.4227321286007 0
118.0367650987001 299.9036115062764 0
171.3375800210534 342.5386765025323 0
168.3427773665057 342.6087276266702 0
380.3109489269214 47.03660504381686 0
378.8727274247279 49.6644586534655 0
225.3514990147 281.622607120473 0
34.15321843024 366.5075862289236 0
215.0461817389662 289.6525361369592 0
216.4849350780192 287.0239094879421 0
10.04006217641408 351.7242589713247 0
11.45176130167913 349.135807600188 0
14.40193997588558 349.0620221924368 0
12.8626760486858 346.5431685503497 0
15.80987771539679 346.46527072183 0
14.27508913393731 343.9472273902239 0
11.32250095078647 344.0231089271907 0
12.73361786923194 341.4283458641019 0
9.782484424395879 341.5025914695603 0
11.19209349228598 338.9083586993088 0
234.2279902548422 276.1928167252805 0
231.2299060585742 276.2717170847963 0
223.9145227432903 284.2524702316913 0
38.81470763770382 374.131628440157 0
40.36787445620619 376.6822848792713 0
38.93459840882087 379.3026779362518 0
41.92129111440437 379.2341253074915 0
43.35491305917487 376.6124694271132 0
44.90924147959704 379.1652238646379 0
46.34330797519713 376.542221478364 0
47.89823493385212 379.0960886180945 0
49.33294629187666 376.4721096616855 0
50.88827833116361 379.0268981712635 0
52.323357629215 376.4021424278593 0
53.87921544472972 378.9576951428151 0
55.31469812932897 376.3321956138608 0
56.87094698911867 378.8883721445999 0
58.30679554079676 376.2622610897269 0
104.6136606491106 302.825503401865 0
213.6091102956649 292.2820610489607 0
210.6163074820723 292.3544154996862 0
203.3177535215415 300.2725651146054 0
200.3221292787366 300.3402768593136 0
198.8845424697382 302.9672924015655 0
157.421166595609 324.7654986469148 0
39.87309328947958 356.0382986697508 0
42.85710637360022 355.9668061679289 0
133.7068598762992 335.7168484047577 0
103.9943346820903 346.8042765570906 0
207.1297196855271 271.6675607889865 0
304.8724522169945 -112.2148275068967 0
303.4396421683734 -109.596219180473 0
155.9843063232257 327.3950351108554 0
152.993061035281 327.4689967824088 0
132.2709593533643 338.3467533773998 0
129.272168829481 338.4012987624628 0
333.9987771029747 -74.0173620119028 0
339.2566319659882 -40.37566510277204 0
329.0869224266453 -92.06961166275599 0
332.8872514302083 -61.00987198115212 0
330.6544354405333 -148.7428297558396 0
333.6013591471048 -148.8132335222049 0
148.1305084426519 304.3497350133194 0
151.1275485579133 304.2951505277188 0
331.7460643308171 87.03559688606749 0
332.9550452680946 68.83316214060193 0
136.2137450085681 309.8029783682648 0
118.4787290950051 320.6568414849237 0
85.80601542858932 331.8317571753672 0
82.82965671508509 331.9120952326666 0
337.8226222558167 21.97356749683587 0
339.2682581487892 19.33559686880109 0
353.2523511618924 -141.6523441761209 0
336.6415380260923 34.97848358596764 0
334.7082517527166 -48.07095447368552 0
337.1369535021764 60.94590201325629 0
338.5586936668116 58.30123801229393 0
337.8286504659231 -37.75730433901703 0
339.3995977570224 -35.19274485793041 0
34.93862897921947 333.0500033272908 0
339.6145715834708 -24.81179803349313 0
341.172651136656 -22.25117892526172 0
334.514697514083 71.39293883364662 0
311.6915472363734 -70.90593830135049 0
329.1348527025896 97.48974347880787 0
327.6979474792185 100.1200883494996 0
342.4136175872284 29.67178706589686 0
341.2026113470492 42.67534218519729 0
323.3872950378637 108.0162989209863 0
321.9489958943196 110.6507829355026 0
381.5388201780377 -30.84859209788851 0
310.5375539257781 77.22635667251294 0
251.0014778882364 288.7819844890728 0
252.4389728886395 286.1537250353284 0
331.5960836346424 81.82064568711166 0
381.4215623641078 -36.03618862187942 0
379.8655437159446 -38.59600339678035 0
209.7902949278824 320.8802738502624 0
206.7954515918517 320.9499204092983 0
308.3466452093093 -86.39906962227977 0
309.7812823716886 -89.02937385730723 0
306.6801717771742 -88.85537082449463 0
358.2167303967306 -134.0430192492951 0
96.07734661087412 328.8306140202928 0
100.5083511043933 326.1285471587392 0
248.2235994235282 234.353328494034 0
249.6609766425692 231.7230983566461 0
108.1176979181629 323.5116073965797 0
255.5478058118277 226.4017022387643 0
256.9719391658176 223.7643127088269 0
311.8116049079982 -65.71475860080366 0
313.3703103647606 -63.15416634477276 0
240.9155297395066 242.3136894353557 0
242.3528536587857 239.6834445391616 0
233.623942573307 250.2829775125672 0
221.8893869363814 255.8425835457437 0
211.6321055886929 263.8910681456181 0
204.1506644717705 271.747492509698 0
202.7173373115135 274.3986682109621 0
193.8304653656066 279.7701775749632 0
192.3935322345639 282.4006871948994 0
143.6347317245247 312.1164923775626 0
111.0884958964609 323.4226290641589 0
138.8415943109677 289.0565265817321 0
141.7749180438173 288.9493145024506 0
356.3409022442591 -141.7443367765436 0
128.3378572989928 291.8630105064136 0
245.1310233883367 294.1082244078855 0
346.9041486490037 -156.9060209869573 0
306.9089836024029 -83.76980374961298 0
308.4625663308256 -81.21213981575418 0
377.7897692034024 67.85615835314935 0
376.3516875433152 70.48404146275659 0
297.2495918195393 -119.7899671006524 0
295.7044152139249 -122.3374653583024 0
59.86333273138135 378.8190125011895 0
61.29934108947366 376.1924248185605 0
343.9444493932664 -156.8274864987217 0
381.5128164803889 34.03295756744334 0
380.0745286472016 36.66078351472326 0
123.9044504583365 294.5674112783577 0
248.1263351265433 294.0385934043447 0
369.4745261875021 -100.6469920310668 0
367.9189616565532 -103.206070327959 0
228.9574496257492 307.4592359357146 0
62.85618218221961 378.7495257075867 0
64.29240151317627 376.1225959728334 0
383.3296707537056 -17.91304881351697 0
381.8910108134419 -15.28551071926727 0
379.5146367076345 -54.16140821091003 0
9.265323154621669 320.7751832882778 0
317.2342112893144 38.04020365228641 0
318.7941383066347 40.60069487072765 0
101.6164793583228 302.8980406981565 0
100.1810034607099 305.5300084130661 0
383.8001283947325 2.838321457150344 0
382.2438303606708 0.277818538487374 0
37.54113831880964 317.3082189616696 0
34.54930730049074 317.3584321597776 0
33.12063016332154 320.1225888518907 0
261.3056375296501 280.7574715337238 0
258.3104895256679 280.8269058446072 0
31.56033407703719 317.4826580376687 0
30.13107900955773 320.1990427664221 0
28.57203773228276 317.5658765908091 0
27.14405368518842 320.2739765490483 0
382.9511785273327 31.4052259758267 0
381.3948031015591 28.84581607629004 0
135.9905491158436 289.2523911359097 0
305.16058514843 233.0307169215963 0
302.165773969273 233.0996164902157 0
203.7061342319212 245.9036230127945 0
206.7035283459832 245.832237860799 0
274.4845608147714 267.4779559583361 0
275.9222804539449 264.84952684217 0
214.2222991385847 318.1822438319935 0
215.6597365461236 315.553703871123 0
384.8858097654551 -15.35335732140259 0
383.447196091991 -12.72581031347773 0
52.44357428891974 381.5828961357552 0
15.23248878301586 384.951347978614 0
298.8690816645897 -112.0580254381029 0
8.750892948448051 359.4219589200359 0
317.0166607757938 -37.41897306902911 0
140.2564151813149 286.5846691843864 0
143.2134672805755 286.5013815445995 0
313.3364398416458 61.47785213562418 0
314.7360838308134 58.86993761153531 0
317.7580441229049 24.79539919420687 0
155.0467192497276 350.7054445580459 0
152.0519523915043 350.7756056684698 0
158.0414782379962 350.6352827197366 0
159.4781253687079 348.0067011174274 0
381.8675871069737 49.59609508695083 0
380.4293279953002 52.22422913033865 0
374.3789950446611 -82.59253678710917 0
372.8232506771362 -85.15255252414694 0
188.480614700146 256.6482972296803 0
187.5108532946091 259.3183352625279 0
116.475512488213 297.3440522179893 0
8.503947168301298 349.209978617653 0
349.8698452600855 -156.8949306650654 0
351.4136994604683 -154.4372254248455 0
308.9568067646597 74.67838894852324 0
303.7378177496326 235.6669245617311 0
300.7305603563909 235.7290096434731 0
302.3029736337072 238.2965312687568 0
299.2937330826919 238.3575058033784 0
25.61421596859711 317.6448018858974 0
65.84945156122477 378.680013029602 0
67.2856851812187 376.0528178634218 0
40.48719215325976 381.8558047159984 0
333.7254813264429 -143.7067639364534 0
344.0792730749206 -92.39820870406369 0
348.71984779721 -89.83340753650459 0
342.1988321779498 -115.6028482019222 0
343.5684721144893 -118.2448309991868 0
383.2122371873355 -23.10033583884465 0
193.5098803136466 253.9600345852905 0
332.0929136357204 -151.3521342504202 0
335.1088031199415 -151.4584771460833 0
98.61919982557589 302.9706538538483 0
97.1836415987771 305.602727767014 0
355.6460937196133 -48.444017744366 0
357.2249679192792 -45.87108809028675 0
135.7614449436935 358.942884557456 0
132.7667329166821 359.0131645798581 0
138.7561551909569 358.8726060182092 0
140.1926725735688 356.2439983652621 0
174.2309812631481 267.3851029067746 0
177.2283251138546 267.3133576010687 0
359.9388904754531 8.56145820147662 0
361.5097012071588 11.12924932659093 0
363.2338424127064 23.98812578971268 0
361.6954697323941 21.4209745814536 0
315.1691546504164 -50.21296746028055 0
316.6070151819923 -52.8433859387313 0
314.1893734884229 -47.91965269635958 0
171.2858128244345 267.5278620586442 0
381.6829378185742 44.41458757750038 0
359.8173178819424 3.361860147774205 0
361.2765817675891 0.7514752611852089 0
19.15627337533373 361.7073161747122 0
363.3407034880069 29.1604082588993 0
362.1439852544266 42.16833123596377 0
360.7218543944996 44.81074472299144 0
355.5069914868694 76.15017927986608 0
356.9421531173018 73.52361371091941 0
354.0542776960731 78.76577928273943 0
210.1312167567544 266.4820665109086 0
362.8688025069052 -126.3899001807041 0
383.9179588089199 8.025617912336482 0
382.4794975757956 10.65328371864359 0
28.70096791442272 322.8457920169287 0
381.1872714158811 -46.41205775881986 0
13.46621360013985 372.1468285524902 0
10.50845732335639 372.2166029456778 0
339.6565522269898 -149.0212998751367 0
269.3348290855963 239.0469530251204 0
270.7729974817747 236.4190687843592 0
273.7686761905645 236.3493653182161 0
254.7134807375328 254.9610598033534 0
298.4316379916594 202.0220371634386 0
299.8684935627003 199.3923084823485 0
9.090249536808534 374.8081488874947 0
250.2695128028096 257.6714227058895 0
149.6919012307505 306.9298927285175 0
152.6884018309315 306.8570719701305 0
154.1241438474178 304.2258583992319 0
278.0656299934251 228.4602021130179 0
283.9352300154521 223.1311852977597 0
285.372393276775 220.5016864644631 0
174.3321096685035 342.4571670351361 0
175.7705420234151 339.8375158965956 0
17.22055432557826 343.877784751993 0
145.0999760765464 309.5119084847124 0
272.2067126985112 233.7906352082618 0
14.14548265745315 338.8337045003239 0
12.64150610318735 336.2907468810189 0
9.656862389487806 336.3856044363428 0
11.10628289678309 333.7678914810074 0
8.118184467888724 333.8687260014417 0
9.526236832890772 331.2737557788423 0
133.2083857312979 314.9626701092744 0
130.2286038338722 315.0241267197694 0
128.8309151755456 317.6981160602591 0
325.5348798986662 -117.8447386224231 0
342.5016702436149 -94.96700970375784 0
345.5204221741288 -95.02230438713198 0
343.9653232519435 -97.59142661151658 0
351.6043709403486 -95.09129255131042 0
299.1709355386068 233.168481297541 0
324.8238916341559 105.3832946847038 0
324.7013534789137 100.1910949047446 0
81.27296725048498 329.3561049302098 0
79.8375307299498 331.9862863249782 0
267.7772058482774 236.4881491373906 0
73.7211784881666 326.9432519928358 0
72.28557012289106 329.5726083777687 0
69.2896123033514 329.6454197623601 0
70.85032960409993 332.2016043227509 0
67.85031526775703 332.2730957425301 0
73.84477367560805 332.1305620988632 0
361.9066786017502 31.78750220863381 0
347.4083891080339 -76.91263654338839 0
259.015425930791 247.080820388976 0
332.1966596154497 -86.9500264361775 0
330.7665283289873 -84.32687826827492 0
329.2061890388591 -86.88470428830684 0
347.6521882694219 -66.50522436690601 0
345.6246588234587 104.8577546621138 0
348.6171748102564 104.7880838385465 0
347.1832791427371 107.4152114043962 0
224.7912317044926 250.5875767232609 0
122.8195035626626 312.7556835141613 0
332.5874884130879 53.26017587523883 0
333.1509855108304 -50.6305302883175 0
286.4490554208784 202.3042358756057 0
298.3098472930174 196.8328056947416 0
301.3056431970257 196.7627100678292 0
213.0686499890884 261.2626924531855 0
139.5746741297745 330.3853967614135 0
141.1291196931006 332.9409833100588 0
329.8356595445218 63.71292260064877 0
239.8441588507489 260.5126466521991 0
238.4071702874138 263.1425159395883 0
241.4021402601109 263.0715246258919 0
239.9660353318666 265.7017490577031 0
242.9628251026502 265.627225736611 0
241.5288375676573 268.257357040062 0
283.8137650071843 217.9422991201841 0
318.7073884486122 100.3340115977404 0
351.039057547514 -50.99679743129175 0
353.5358826377879 57.95942499657983 0
352.2062019327691 65.76192812737806 0
353.7645960427669 68.32153267669574 0
355.2020046652474 65.69217405347551 0
356.7709689154508 68.27444418047834 0
358.2112956440174 65.63870692743356 0
350.9152376231093 73.60764430489183 0
337.7229588530282 16.78118712176665 0
340.7192099642681 16.71065948147175 0
339.1622053873363 14.15155952262673 0
342.1591330032597 14.08131976678321 0
340.5882918993413 11.52079271983493 0
342.2407930441663 19.27032962659834 0
331.3470617639782 -63.57184873229705 0
348.2568553117227 89.21851478471149 0
377.1049709878133 -28.15309567254908 0
219.3595031186784 281.7640371697632 0
365.2033849810182 107.0731315004314 0
366.7611472169632 109.6318793538012 0
365.3225954274736 112.2603124696756 0
368.1995069377767 107.0027507578611 0
368.3182868381871 112.1910550325415 0
366.8796993945178 114.8195316321151 0
357.7169376874666 44.86717876339905 0
359.2976199898676 47.44741351119636 0
230.2753598061493 299.6430257269834 0
274.3650895537087 262.2903392846711 0
277.3600060001726 262.2213515301426 0
358.9114690141084 31.85710464405521 0
335.18930467144 37.61590784720602 0
377.1977305693825 41.91718274183829 0
225.2294271920798 276.4335031566221 0
158.862072594154 322.1381302768113 0
336.3937536992222 24.61119691567282 0
379.4846371261159 10.72134103307667 0
381.0410479826487 13.28092834552076 0
384.0358772224343 13.21285648095158 0
382.5974639796167 15.84047837100878 0
374.6762496423772 62.7372992298411 0
377.6711632804358 62.66884279293086 0
376.1144484255524 60.10945454475961 0
379.1095577045305 60.04084156183622 0
370.0617107103183 -74.71000574334255 0
250.8817692447677 283.5944391650012 0
356.034035316843 -27.78452253891853 0
380.4523637129932 -12.65796956330653 0
382.0085741846581 -10.09824633522122 0
147.0020791766645 327.612367477108 0
148.5618484568514 330.1709578171248 0
376.8706426773063 -38.5284066670956 0
117.2903073782181 338.6856917966765 0
214.102426559959 312.9945883512774 0
92.27643524298449 357.3699334203637 0
377.5526406795914 57.48160704469115 0
380.5478931996161 57.41236146834463 0
332.3159442443369 -81.76253502214695 0
356.6165660170425 -71.82560263990501 0
364.2720037647791 0.685077318523353 0
362.71561859321 -1.875248799923951 0
359.7114281255797 -1.828079499658244 0
361.1609072808538 -4.440859510764568 0
364.1550598862398 -4.50399396147801 0
362.5984137328217 -7.064639630267761 0
359.5936900757202 -7.01757662034078 0
361.0432854846631 -9.629813123737451 0
364.0375549116259 -9.692768950894731 0
362.4808481520001 -12.25315740148366 0
359.4883719613673 -12.18753789195617 0
297.1372806718008 -124.9485087873994 0
294.1627142362801 -124.8850943050504 0
295.5920260200381 -127.4928933457294 0
292.6223591163791 -127.4297249232017 0
294.0528641508567 -130.0321572019365 0
291.0844418516054 -129.9696442185566 0
297.0157891298377 -130.095860372305 0
295.4799948706409 -132.6256933581804 0
298.436320213823 -132.6905250229924 0
368.1532714611101 -92.83417006969387 0
371.2352906578975 -92.95054606784791 0
95.49527188286223 367.6609404193658 0
94.1281220592677 370.389229550601 0
97.16466376436676 370.2585643635117 0
91.0919999665261 370.3713666273077 0
189.091820076315 261.8360135394934 0
186.0909498480516 261.9147684180453 0
335.552031623199 -71.45431892915198 0
299.7470424576014 194.2032506049579 0
302.7428839673426 194.1331824520075 0
301.1843043558479 191.5737332756741 0
304.1801541588036 191.5036663416367 0
296.9963783098131 204.6525645958529 0
318.5111398725664 -99.60144131150824 0
350.2986912354663 -87.2481618732385 0
313.130046662872 -73.53589548072678 0
310.1330395118189 -73.46672835217413 0
340.7061446992608 -42.99821333732906 0
344.0650112150056 37.41106239959792 0
355.8591245073515 91.71547808485981 0
352.8543482968087 91.77914828511388 0
354.4203486213885 94.34380093805856 0
106.8715201013338 341.5488595422714 0
109.8606542838239 341.4739912997881 0
108.4301453495677 344.1063059654452 0
360.2200685382613 -45.93904351537685 0
206.3131512101176 300.1993740797929 0
142.1989009518145 314.7469123990271 0
282.6294574358562 230.9536622885699 0
342.7657037422874 45.23455919840504 0
124.9736199566277 346.2212105313627 0
340.4694385132369 -53.39629914057898 0
263.7029268804282 254.7507833609419 0
265.1386583851787 252.1250233705453 0
262.9622503937872 223.62270785491 0
144.7641341405402 288.9031044366596 0
146.1991190244678 286.2755136276008 0
230.7339586511685 255.5524608653771 0
322.036558875307 50.9120887057924 0
320.476740442231 48.35179636662085 0
319.0392258382187 50.98285873048719 0
317.4793590531743 48.42261582597496 0
316.1625888054405 51.11967562029051 0
363.5631089408014 -30.44745851768724 0
240.2187838625779 276.0545954649347 0
361.4261089355333 -58.94356979069656 0
359.8732400800708 -61.50592617398061 0
219.0113798663225 266.2073133714642 0
341.8108908601904 68.62169169955212 0
231.354830964378 281.4580164533296 0
94.6613608803622 331.4712101757357 0
321.9141628468295 45.72084957380038 0
363.9002561275372 50.00865964025974 0
217.1315308049437 242.9872818240396 0
214.1343367440045 243.0586437613449 0
215.5711031992558 240.427172126256 0
212.573941357533 240.4984619079144 0
214.0106692377597 237.8669347682867 0
217.0079917181578 237.7957395351983 0
215.4476015092274 235.2353527485683 0
218.4447605395537 235.1645978591223 0
269.4496435427918 244.2375071060839 0
231.7464549130172 227.0572858305856 0
228.7490696476665 227.1285228203766 0
230.1860701678351 224.4970521724799 0
227.1886215334999 224.5682583979648 0
225.7515656927336 227.1998361359919 0
224.1910569035563 224.6394876357468 0
228.6257119528049 221.9366977901778 0
222.8487153861686 227.2133960339399 0
224.3303282043269 229.8217732062956 0
231.6232022060911 221.865494092853 0
247.7971943707958 208.3392519714086 0
244.801497533098 208.5412684565294 0
246.2389708054124 205.9360809859805 0
243.3646896391904 211.1944580391844 0
241.8042956473946 208.6334772220848 0
240.4209616025299 211.2975371095882 0
316.7780792760831 82.20073189208472 0
302.6216161002152 188.9442360803744 0
305.6174400511356 188.874150652943 0
304.0588997543547 186.3147147836478 0
307.0547259866851 186.2446259737647 0
70.47229801861039 316.639111046817 0
71.90718716886258 314.0079663956664 0
68.91090343024764 314.0807258452828 0
70.3459785672688 311.4492719170903 0
73.34263040445389 311.37652679046 0
67.34931356806544 311.5221574642414 0
65.9141793216281 314.1539233210844 0
239.4782784933424 244.9438995512725 0
333.309883960711 89.599919330052 0
358.4131180160572 -58.89221138179258 0
212.6977187145206 245.6899944134229 0
360.2528325616907 -110.8076485650673 0
361.6885327843736 -113.4314778943381 0
363.2433845919649 -110.8757503893447 0
364.6795275503624 -113.5002660475806 0
366.2347690947111 -110.94388357034 0
363.120531200613 -116.0535228992946 0
223.0020998532429 237.6536607717563 0
36.89058090046853 356.1089933498918 0
342.4916846490804 -30.07070987139322 0
197.9599967343756 256.4294190865645 0
199.8232745472716 279.6287667379774 0
322.9846880185625 27.51648851088159 0
305.4962224661882 183.6852063615443 0
308.4920201397446 183.6150980743972 0
306.9335143740153 181.0556737592351 0
309.9293115839872 180.9855615777766 0
321.4049948349353 -39.96951308736815 0
135.8927504298647 294.2784066051135 0
124.0302086322103 299.7589440808827 0
308.2061570872913 -91.57074369416962 0
305.1353429469079 -91.4320067482019 0
306.648025221494 -94.12992423350012 0
336.1287953712333 -115.4646915971106 0
310.5141579852782 71.97421077164094 0
339.5173187559864 -30.0024684304297 0
259.8680980239436 283.3856497061967 0
198.2639225527918 277.0689688516513 0
308.3708424696213 178.4261549676649 0
311.3666094890324 178.3560239301707 0
309.8081395279359 175.7966149364688 0
312.80390368313 175.7264804723408 0
251.5852729739075 249.8515269638232 0
317.6220665904342 53.62485359271801 0
311.2454704782353 173.1670904408365 0
314.2412030746773 173.0969377059118 0
312.6827700982651 170.5375471064114 0
315.6784822084709 170.4674199314078 0
365.3589806042237 -17.50633927723867 0
360.9086119524673 -14.82131033051259 0
369.7244333418626 -90.28214745530281 0
372.8098961125357 -90.39910524750765 0
314.6813932120113 53.72683821103627 0
314.1200988682464 167.9080254788832 0
317.1157588305132 167.8378495580414 0
315.5573948393342 165.278479262611 0
318.5530497346609 165.2083026950292 0
220.9710520193088 229.6953107548877 0
316.9947236045094 162.6489541203775 0
319.9903622521714 162.5787894384515 0
318.4320246034418 160.0194204266685 0
321.4276552669683 159.9492540881302 0
319.8693516884356 157.3899036431581 0
322.8649468959649 157.3197204801873 0
321.3066466034347 154.7603745222159 0
324.3022307430925 154.6901886969085 0
37.50016417444002 381.924127798149 0
322.7439668030707 152.130866264701 0
325.7395145495573 152.0606646077872 0
324.1812553676511 149.5013491425728 0
327.1767902537051 149.4311452050406 0
275.2023986753589 233.7205199162984 0
286.8095947823843 217.8721906882629 0
285.252759474818 215.3156393742169 0
325.6185673230689 146.8718546603535 0
328.6140645818579 146.801635654027 0
327.0558476862751 144.2423541771572 0
330.0513297779794 144.1721329997788 0
328.4931494051707 141.6128778381009 0
331.4885926556427 141.5426421132078 0
329.9304193464345 138.9833977354898 0
332.9258456408628 138.9131600101436 0
331.3677084930146 136.3539430118939 0
334.3630949254496 136.2836914965404 0
332.8049660293254 133.7244872228527 0
335.8037646639768 133.656143149734 0
334.2428125220323 131.0953763641398 0
337.2416655216226 131.0270721228409 0
335.6802620118619 128.4660635153799 0
338.6756017977298 128.395814373841 0
337.1170066558619 125.8363783213151 0
340.1121843329661 125.7660499945537 0
338.5540418743431 123.2068765743043 0
341.5530002898548 123.1386601279347 0
24.16316915490757 320.3473281889601 0
22.68598635076764 317.6745193824958 0
339.9918510663049 120.5778274744856 0
342.9908932005852 120.5096697354965 0
341.4292696029597 117.9485854245503 0
344.4283859755337 117.8804798674137 0
342.8665743792219 115.3193047846468 0
345.8656258891411 115.2511765755808 0
344.3037863522932 112.6899993031174 0
347.2978238564533 112.6190721050928 0
275.0711641517341 228.5302953315565 0
254.8366357000577 260.1450347883535 0
327.3134929484393 -104.9796494697002 0
325.8788243095538 -102.3612654558381 0
327.4276427452927 -99.80778142118805 0
40.46616989369 317.3954969493132 0
364.7986842389569 -108.3196622296585 0
25.45799230978869 377.0216592348273 0
27.00481050166684 379.570565919411 0
24.02608725708213 379.6364555347799 0
25.57275559013952 382.1857189605839 0
367.7900309363259 -108.3868694992562 0
350.7768117908598 -61.40367366810108 0
311.5726984403929 -76.09617980405554 0
28.55402607587693 382.1189442493752 0
297.3510625884295 -114.6261963116636 0
355.2961404133995 -64.03412945095452 0
361.4405075128309 -123.7729489426079 0
364.4211372697335 -123.8357437719751 0
325.1115160581277 -133.2654511690846 0
328.0687139390505 -133.3336315263791 0
326.6503617808009 -130.7371770740959 0
329.6096472205423 -130.8058164684179 0
328.1890318922377 -128.2068064337101 0
30.80812743063539 351.1152875350372 0
354.274267820392 -40.68676435867664 0
248.9652556424731 265.4730314183213 0
247.5266562424415 268.1041299386858 0
358.7814065826774 -43.31049278687637 0
22.59542553123244 382.2469238762877 0
260.5785350166479 249.6394434180463 0
257.5832952821359 249.7097280133295 0
325.2304244797888 -128.1397004140389 0
326.7680424411029 -125.6079247944652 0
323.8068040309665 -125.5398549443924 0
356.6394546575734 63.0629340856372 0
47.77749081028415 373.9212238249894 0
228.1018807352654 271.1725805898338 0
361.1404085430294 60.45032357601868 0
212.1808894249713 294.904649495952 0
65.72413209736165 373.4993364111008 0
56.7501921539541 373.7096761293536 0
204.7506943081619 297.6505665535674 0
37.25920577620613 371.5860221754939 0
367.7303118268861 21.35108993930501 0
218.0428656329118 289.5787828215294 0
324.3355913825703 -104.9142962666159 0
38.31953959249653 353.4930422799729 0
350.1750558985556 107.3518561865708 0
316.0258219970341 -143.2687601128204 0
314.611157289474 -140.6983744716994 0
197.3217619880995 300.4237651050617 0
195.8886965973228 303.0384979656102 0
197.4470889144375 305.5963509759515 0
194.4513640728766 305.6660969099103 0
192.8884356684916 303.1230856969203 0
191.4555275306915 305.7374493241616 0
193.0140499616585 308.2952158062433 0
190.0182603173479 308.3650245626641 0
188.455204661852 305.8225973757134 0
187.0224137761167 308.4364845475321 0
188.5810621529765 310.994162797513 0
185.58521046529 311.0640291694589 0
223.0880128590093 312.7853984578875 0
8.378961486519273 344.1048181717186 0
184.0234290505579 308.5170485417764 0
182.5890868147545 311.1408141898188 0
184.1480848600644 313.6940527296788 0
181.1521656505246 313.7641205947492 0
154.5474530463195 330.0249395399239 0
179.5888622685549 311.2228792507322 0
178.1563539298714 313.8348630113134 0
179.7151476015942 316.3923086695078 0
176.7192680771169 316.4622714717003 0
31.95601346478459 333.118664541018 0
351.4268801913042 94.41363440943309 0
352.9841799651922 96.97351594547828 0
324.4433652488287 -99.74113779455691 0
175.157299926369 313.9161243658687 0
173.7231516469345 316.5395519789656 0
175.2823976384562 319.0923529184846 0
172.2863677152717 319.1625364784938 0
170.7228294702314 316.6224533148858 0
169.2905562121261 319.2334282896934 0
170.8496947571424 321.7908406910525 0
167.853624498694 321.8607798920523 0
166.2951351534962 319.3010203134286 0
164.8579529155286 321.9303180259435 0
166.4217462719953 324.5025138218562 0
308.1402914257705 232.9709961924347 0
160.4173682981104 324.6883157080223 0
347.2696371311828 -87.20770441455119 0
348.850176610507 -84.62715366293408 0
68.7156351833448 373.4296229609279 0
70.27805597566068 375.983699320334 0
130.8283454439386 340.9550847367619 0
71.70366357481925 373.3635655248935 0
73.27052793187931 375.9146004743724 0
74.70169808245235 373.2909521331711 0
76.26478963393761 375.8444210445288 0
77.69554762593944 373.2201687935963 0
79.25874571920372 375.7743641050388 0
144.2555934799258 337.9995035762126 0
126.4076115011 343.59377331818 0
123.4154119768254 343.6623741647243 0
124.8510056495844 341.0379656102502 0
80.68430493597785 373.1537627533408 0
98.1224880782374 352.1110381325924 0
93.71326282211291 354.7411880526441 0
90.71886777217793 354.8116359027167 0
92.14391600593302 352.2025642279182 0
327.5422496526808 -94.6328345532403 0
107.1264559123001 351.8591137848062 0
101.1213148286523 352.0582227151413 0
103.5312360018285 321.0206622664244 0
345.2486713006879 24.38552484962423 0
329.3394290817022 -81.70606261645695 0
18.76432377257537 346.3818237661924 0
332.4431415335156 -76.5792433063107 0
331.044686060855 -73.95912589716693 0
338.7803078938769 -61.14016726384002 0
337.341590501938 -58.51084309296233 0
333.089128741473 79.19906486187236 0
336.2834292900646 -40.30779022856208 0
338.1760494143031 -22.18216003627664 0
339.7454013851099 -19.62835134860136 0
342.7326280605581 -19.69182649644062 0
341.294489950484 -17.06223740103585 0
338.3324318554879 -16.98695115209523 0
339.8720259222911 -14.42419824309212 0
342.853881315458 -14.49954804767227 0
341.4156430848366 -11.86928690328522 0
338.4542856709739 -11.78034955801849 0
339.9871359010992 -9.23354055406786 0
342.9731501998243 -9.308827307395251 0
341.5346097747574 -6.678844089341641 0
338.5736126603776 -6.589571138605065 0
340.1069514429593 -4.043077314446173 0
343.0929092610266 -4.118571678033804 0
341.6545058685729 -1.488513765574021 0
33.47761765799563 335.6552895278822 0
36.47684748332807 335.5911201511831 0
338.6939429633351 -1.398847321738949 0
340.2270703287622 1.147361089715562 0
343.2129365929217 1.071656357197381 0
341.7745609923805 3.701801745087684 0
338.7822187133797 3.773529958551685 0
89.16086278299015 352.2536426494856 0
87.72472755118787 354.8819072736835 0
86.16673218450624 352.3240896001513 0
84.73073624743468 354.9521875891792 0
343.546372345895 11.42974372458638 0
83.17278608501709 352.3945463302007 0
81.73688532176172 355.0224282368502 0
80.17905626502024 352.4650135892389 0
78.74327078627952 355.0926857085585 0
77.18556224247617 352.5354846387939 0
75.74991523314716 355.1629238665035 0
74.19234682302178 352.6059736571654 0
72.75685577224115 355.2331437192347 0
71.19944824367913 352.6764709386167 0
69.7641334186512 355.3033371734278 0
68.20690885121333 352.7469813255664 0
66.77178777137067 355.3735028438369 0
65.21476123296519 352.8174953650026 0
63.77987432173349 355.4434564336477 0
62.22309189232563 352.8880448107819 0
60.78847417835139 355.5135107869118 0
59.23197373926143 352.9586101454394 0
57.79766434888769 355.5837048632003 0
56.2408369062407 353.0332295509794 0
54.80741123690262 355.6543761115471 0
53.25169408617705 353.0997950492102 0
51.81805893931597 355.7238824804492 0
50.26224883427533 353.174381232998 0
48.8293830646947 355.7976828500546 0
47.27224452245086 353.2561641170614 0
253.996305132335 288.7127706031511 0
330.076946615706 79.25796039993654 0
326.3633007349503 107.9404256608811 0
331.2595833366602 61.0899600992159 0
332.8250337845904 63.6466408254238 0
237.9189873410151 242.3840456613923 0
254.0092928665429 223.8646200928497 0
335.9517118554363 68.76236823494651 0
337.4705872883784 71.3384325343513 0
42.45196418665709 335.4539731812923 0
45.44212060461601 335.3789655971623 0
46.88395998957944 332.7664871148899 0
48.44467308204665 335.3148438295713 0
49.87458727241061 332.6954430146075 0
227.7225721320372 250.5149202372646 0
51.41694023281423 335.2397341640133 0
52.86237982621662 332.6231862839741 0
54.38537354650959 335.1616219482844 0
55.84915136920955 332.5507278483176 0
227.7458213335318 255.6148775261323 0
330.5716485279065 94.85888589934204 0
332.0892197356593 97.43290515878644 0
57.36796665636103 335.0911253887523 0
58.8385583184192 332.4808784517642 0
60.35739310390196 335.020139851363 0
61.82983068579739 332.4078317237284 0
63.35424834050849 334.9502188008134 0
226.082968732777 312.7183162700686 0
190.8519532679921 279.8703619907009 0
189.4004487291974 282.4962099011152 0
190.9573038558989 285.0352607360925 0
187.9607653169549 285.1069104054411 0
186.4099298897173 282.5539386055771 0
246.6822193073947 226.694977384839 0
249.6542623702495 226.6330338242379 0
155.6719293324833 306.7715776937999 0
157.1184867230367 304.151994757848 0
155.5596703915002 301.5948477808807 0
158.556458554175 301.5233541548971 0
160.1037195103276 304.0684127472521 0
161.5507111023419 301.4489613061194 0
159.9921776383673 298.8917865649155 0
162.988490055875 298.8197954896533 0
164.5358785777222 301.3654608415559 0
165.9830040350053 298.7458312662282 0
164.4247204952618 296.188573511903 0
167.4209798223507 296.116729439595 0
168.9681764421267 298.6626185116113 0
170.4154462776985 296.042848753092 0
168.8574164667624 293.4855162887981 0
171.853746037785 293.4141397395904 0
173.4005920107476 295.9599269524127 0
174.8479999763396 293.3400206763806 0
173.2895304009022 290.7828115368858 0
176.2863204422646 290.7112179031967 0
177.8330382698985 293.2572549138818 0
179.2471152596345 290.595301827674 0
235.0480478555682 247.6634272602103 0
232.1010805811225 247.7818926263371 0
224.8635081552181 260.8833086685616 0
221.8755013540775 260.9456757006349 0
121.4647844140553 320.5830983156164 0
122.9444951897981 317.9691454634133 0
124.4290645758602 320.5052087916501 0
121.4760531369286 325.6259439154611 0
114.0693324683743 328.4320484233242 0
88.74716624019175 331.7435005805619 0
88.78888485163472 336.8562718102177 0
327.788672209162 105.3156789899587 0
205.6358242810671 269.1112790475051 0
346.9296511020964 -97.66343146732376 0
69.36386752532597 334.8185270766201 0
81.34343792527727 334.531814226668 0
151.2023086447041 309.4636538440337 0
131.680863043291 312.4278353566889 0
336.0402031046844 73.96333638353319 0
210.1265263776194 271.6159859148899 0
366.1102353968178 -116.1226114836189 0
315.8425272997278 40.69655365120914 0
145.102941041837 304.4150583852124 0
348.6289259267259 -159.4024406875864 0
136.204578182142 314.9129108328793 0
255.4295986907121 221.2143762259055 0
258.4104873540255 221.1347655650195 0
256.8569119270981 218.5775185613986 0
259.8464805329474 218.5035180371561 0
46.46302248883845 381.7017512988953 0
379.3289617031758 70.40590929477722 0
377.888030588718 73.03214326711556 0
78.33805731475476 334.6026003452138 0
82.25101959836286 375.6676924581868 0
83.69061294864754 373.0756262882545 0
85.24689659721687 375.5903293705359 0
115.5187893521114 325.823110001128 0
318.4688119940928 19.91710177776301 0
319.8987899335838 17.28565762484506 0
322.7681604554706 17.14596199714474 0
321.2113810828316 14.58834590636023 0
184.9634796008009 285.1730633935461 0
186.5234863339302 287.7334140443468 0
317.1119641223058 32.8483718844158 0
205.1430228195773 243.2719551786822 0
71.8337667796757 378.4526661148708 0
370.9109449232011 -103.2738935903933 0
317.2088567050365 -32.10866230373276 0
318.6719409837305 -29.52350820629646 0
321.6534187723062 -29.58949913490599 0
320.2120206612832 -26.95672915465143 0
317.2153010820204 -26.88696466705285 0
318.7703168450097 -24.32457258584946 0
321.7684803737432 -24.39494606574769 0
320.329810025091 -21.7636971496614 0
265.7371386260453 278.0206127570779 0
267.1754757663086 275.4255029495269 0
268.731719706583 277.943823368539 0
92.79977952208318 372.9269856186477 0
383.0694023689985 36.59254931381282 0
277.3926887696822 267.361166578805 0
153.6082509388062 353.2547844077904 0
150.6150677074946 353.3904465466979 0
184.5344729479066 259.5628579626121 0
183.096389752779 262.0164695277649 0
184.6572171445182 264.5467598345114 0
313.6628421373326 -52.75141634396063 0
315.0571409521818 -55.40051276670793 0
312.2604643406827 -55.34653726825113 0
318.0468755921208 -55.47320068302157 0
316.4890696420463 -58.03349440499875 0
7.601253712607406 372.2599649187349 0
8.981713920803694 369.6949966735788 0
144.1836482759904 283.6813322259222 0
147.5575314206798 283.6129040076548 0
146.0621289582827 281.0473564711201 0
149.0545406797305 280.975456360761 0
150.6296763641934 283.5340863667426 0
152.0636725588046 280.9022811169935 0
153.6265832226265 283.46217313235 0
155.0630329230604 280.8300346069376 0
153.5040954590116 278.3630786549165 0
156.5024818299067 278.3131781174957 0
158.0611151813768 280.7773851997898 0
159.5002318066358 278.2480766165029 0
317.9145479116823 15.06011437481757 0
319.6211003736581 12.01179930711509 0
322.623758311077 11.94427794406773 0
321.0598247882733 9.381141255055606 0
318.0615187335201 9.451081389291492 0
319.4994746986804 6.819952310823041 0
322.4970906196688 6.749927252014029 0
320.9372372032737 4.188752355409125 0
199.2718070343302 248.6067623618279 0
292.876390956631 -122.3445883427436 0
372.5552898177039 -95.53847325222718 0
154.8427802005935 275.5552715414421 0
7.168112774334422 351.75069143567 0
7.824292394825972 382.5661749321019 0
64.3540821288391 311.6567869087129 0
62.91802481634612 314.2369689531524 0
61.44634058644799 311.7933302967703 0
59.93624364546776 314.3222190134111 0
134.3211269613429 361.4080927234237 0
131.328719837787 361.5745618465986 0
216.9594875501887 232.7230957696453 0
356.0369996102455 -146.8997680352976 0
354.5223687119512 -149.4085207138695 0
379.2848218092196 -64.53947201807836 0
380.8414335432583 -61.97999030054861 0
169.8765512878417 345.1539706261552 0
166.9019875597621 345.2338687708408 0
165.3473085063833 342.6782163600602 0
141.7900428905814 358.8237796081776 0
143.2331178600212 356.1987804316518 0
141.6368424805055 353.6195611232771 0
144.6332623424566 353.5499606470834 0
146.2051565019824 356.1149606471446 0
208.3509258433161 323.4755003642105 0
205.3580030542005 323.5728328729779 0
203.8004708961456 321.0187156225052 0
202.3635119355459 323.6470043649986 0
203.9212514375614 326.2056616068468 0
200.9265984010001 326.2764622823886 0
199.3688082116052 323.7177727553126 0
197.9318038407307 326.3462929483958 0
199.4345012211951 328.8747778922148 0
196.4856398456891 328.9696574989794 0
194.9351913398461 326.4154667256194 0
193.4982103073843 329.0436642181915 0
195.0560669304896 331.602116793865 0
192.0625224964872 331.6726263358224 0
190.5046964817521 329.1144661825136 0
189.0681941883656 331.7428850085333 0
190.6252702158757 334.2645831153177 0
187.6312437668759 334.3651675866765 0
186.0734803075716 331.8118026928366 0
184.6365826442373 334.4400274581762 0
189.3692896271385 337.4234394440234 0
6.974540497980261 341.6645975667216 0
347.6609247962982 -126.0838925260818 0
346.2328162277257 -123.4709307534121 0
347.6168026078445 -131.2344105594755 0
303.7055846461565 -94.05394281011492 0
305.1380197440867 -96.69863545148152 0
300.7879468883721 240.8822735722671 0
297.8432216407475 240.9785556953113 0
296.2945391222147 238.4242545521811 0
294.8560719756081 241.0516828900032 0
296.4129829239346 243.6106993789165 0
293.4194777334677 243.6803238795054 0
294.9722202890517 246.2370532936427 0
291.9810040573115 246.308283619408 0
293.5338720084749 248.86478236119 0
290.5416629540768 248.9376310496657 0
290.424533296679 243.7493062274463 0
375.7473378972691 -85.2501720578794 0
314.2341995591039 48.78930952066328 0
382.8335212805647 -38.64732895384439 0
384.3850454072274 -36.0848264915812 0
270.1056911722845 275.3188310104994 0
308.6494575046175 -76.07142918630106 0
353.5765909667093 -71.79074972609692 0
15.63246326781862 336.1266953777535 0
353.9084872599645 -56.26088387463579 0
340.7751898773147 -112.9802005064418 0
307.0853476482794 -73.7495986984314 0
360.4579560641997 -35.56660906961795 0
361.8945487451123 -38.19144772130713 0
358.9907822390651 -32.96895096915973 0
362.2255431159982 -22.64198167471739 0
360.7582219751906 -20.03910047153321 0
357.8775321960052 -14.78927361743196 0
103.1013837620011 300.3675890220169 0
106.049722907678 300.1933900288732 0
330.8997271375924 -138.5231380527555 0
313.0825031779229 -143.1989016350104 0
311.6675615247427 -140.6361876861728 0
343.9359465884821 -102.7160412306928 0
342.3883172116365 -105.2366105454472 0
356.4391493686259 52.71838789801249 0
18.19339689288759 384.8207852919066 0
380.4950288721866 62.50637795579275 0
352.7230579244344 86.58009740917305 0
353.1035885726051 102.1603382203444 0
210.8948085975633 237.9389579016053 0
302.0799753130428 -91.43482389327912 0
103.5463563709097 326.1107281151821 0
230.0714259030121 219.3699924925463 0
233.0618643236064 219.2446906292279 0
161.0448070605285 350.5670820231085 0
351.9433470214533 -79.5320216283218 0
354.2140292869649 -45.81351553353657 0
359.0634004239456 -27.81309632714553 0
288.1437095506026 210.0643856767638 0
289.584007224075 207.436416290776 0
358.5167313082433 11.19906952466775 0
360.0731419068678 13.75904791484705 0
321.9188499828109 -143.4209025461706 0
320.3851236240606 -145.9353337768723 0
346.5881568674895 -118.270788733802 0
286.9338714044478 223.0624937807499 0
362.03607576417 36.99514497779928 0
53.37363537385653 358.2808471303417 0
325.3636936218558 -123.0031749345287 0
33.25457216666151 325.3301805140832 0
351.1681892409455 -115.7806692187001 0
349.5731565602214 81.39967433709361 0
265.0096354492275 246.9399296945478 0
340.3335602725343 6.330209300185572 0
343.3433364187108 6.247270842563587 0
78.27756692323035 329.4294068388347 0
361.9292949394926 -103.0695094080868 0
255.3897609293728 286.0604656349767 0
381.2999202926496 -41.22068813047105 0
183.0781717024252 331.8826152540159 0
181.6418087810349 334.5110757703288 0
183.199729656965 337.0695182386341 0
180.2049757811776 337.1396062763935 0
181.7629399688937 339.6981472560033 0
178.6469923985165 334.5810057216418 0
379.3980422867717 -59.34992755513433 0
220.0929047495873 312.85510150395 0
218.5355826834284 310.2961121142303 0
162.4834685980269 347.937420515242 0
160.91738515029 345.3778469730883 0
240.6977849259405 296.8064830400319 0
242.255171525103 299.3654169479553 0
239.1403767056337 294.2475090979756 0
349.961013380629 -102.8150543610946 0
90.11767046618077 323.9419512380621 0
115.4826250061423 320.7217848196945 0
219.4809553031129 286.9525946712972 0
381.6561144194474 -25.66030554963318 0
230.3947341148026 304.8309370565026 0
231.9522067629418 307.3898142229428 0
381.6016172868522 39.20412142380826 0
374.6127678725563 -72.216520992634 0
377.607632583163 -72.28387499119017 0
379.163397021855 -69.72401855755321 0
293.2999961397813 238.4940940013102 0
267.0565067571588 270.2444492326243 0
110.9845381694812 318.2520962649748 0
275.8029544441881 259.6620497113187 0
278.7977514387085 259.5932401353982 0
280.3548706392364 262.1523626131406 0
281.7925793320724 259.5243032761981 0
280.2355172441632 256.9651905559668 0
283.2303324964873 256.8962415199504 0
281.6732722486756 254.3371016948628 0
284.6680871068455 254.2681988205791 0
283.1109755918479 251.7089669786364 0
283.3410506652 262.0886265159712 0
286.1983382945242 256.8126689773195 0
287.658413542707 254.1968973738414 0
289.2600457268645 256.7666233059865 0
369.8283950977691 -85.08530464164772 0
92.02176667994989 347.0934224336976 0
324.4554594833637 89.81011160112497 0
301.9267946749981 222.7250298531176 0
379.0136867777518 -10.03019183199465 0
380.569941617773 -7.470662319024622 0
383.5647911918463 -7.538551906080608 0
382.1261831417787 -4.911017215738186 0
385.1210021452684 -4.978967373641636 0
379.131337233152 -4.843058834312902 0
363.8847293014355 114.8884710555146 0
365.4417741361102 117.4476345575201 0
374.9102238583748 73.11017404182682 0
376.4665411866613 75.66902063829994 0
138.1378050604598 333.0149082962457 0
377.4343252667512 52.2931910219415 0
149.0568033245198 350.8436051187975 0
346.9406099470307 97.03763021146818 0
337.6039713493712 11.59196806307455 0
129.771684354175 359.0722847008195 0
128.3353284832099 361.6990807612986 0
256.7534828920711 278.2675885400303 0
255.3152040369214 280.8963321365758 0
302.0461471524838 227.912572672526 0
273.5107194419528 225.971352964918 0
124.7214406646535 335.9238003248767 0
354.853365127038 -84.75044453222338 0
311.216904107253 -91.65230876670734 0
239.0209760460019 289.0593288519532 0
370.412165851706 -59.14609193095495 0
371.9682275700931 -56.58576039290903 0
152.1902939479832 286.0942184017807 0
100.307542653141 310.720869316478 0
97.31094239653115 310.7935781447899 0
278.3214745444791 238.8404508624176 0
280.1162499946935 251.7775976244588 0
171.4832545552443 277.8400351253448 0
168.4870791281252 277.9117331497944 0
366.0654542978425 13.62208709222793 0
364.6303097532423 16.23592845780504 0
342.9761730153119 55.59247939763871 0
341.4175575681946 53.032568722066 0
361.3657512271969 70.82155016045951 0
356.5173971384979 -77.00988562659498 0
114.544708912388 349.0825634885996 0
339.0406655940183 79.06719088084526 0
320.7219181045228 58.73402964257021 0
355.9797196388341 96.90475954775138 0
297.1298320645461 209.8534071169319 0
252.6578177984331 231.6700620751922 0
311.0299558385958 92.72475872222655 0
308.0325055303974 92.79583527540623 0
306.0434948261401 90.26749813025735 0
305.0349952416454 92.86693840199904 0
306.5952961117131 95.42738747601365 0
303.6424100877474 95.47118868704928 0
305.1654652976975 98.05437948244136 0
302.2947391189301 98.02037226799922 0
303.744368677209 100.6714332005468 0
300.8595163843827 100.6730414129817 0
302.4600883298315 103.2127015835867 0
305.3144139018013 103.2295466139501 0
303.8788030007593 105.8604329312911 0
300.6306986085017 105.5879577632532 0
302.3765003989391 108.4491348192847 0
299.4090418388134 108.5850566877053 0
300.9643712684475 111.1343998774502 0
302.0099616272056 92.95223076928934 0
298.0324539676358 111.2483316840864 0
299.5414367001198 113.7802004134919 0
296.6077011117373 113.887552416854 0
298.1086694634121 116.4157140317892 0
245.3492761208879 239.6132765203382 0
243.7901538944776 237.0533309499822 0
240.7936153967891 237.1234771039694 0
317.9700547110622 69.18730468046017 0
358.6182779393962 81.27160905692006 0
306.8530903836585 105.8032431739113 0
363.6647384307888 -25.26606157796333 0
361.7770884823487 -43.37824799333242 0
342.8553288345951 50.40277755624623 0
112.1684012909865 305.2398216564685 0
343.9640585225758 32.22577442138773 0
106.6200278390405 331.1975019433037 0
147.7579549760576 288.8098011997491 0
323.3273898627257 -21.83445311754291 0
321.8892188569902 -19.20312408771718 0
318.9821132845508 -19.13752188975709 0
320.5096639553057 -16.54882164104362 0
222.8231318220124 232.4265026431999 0
354.1710492313267 83.96038022063567 0
365.4761285005683 -12.32015511379456 0
312.2006390559948 79.72389390349412 0
308.9745651301886 79.91194766359978 0
319.3640686389847 -63.29383497776395 0
323.4584269887884 -16.63905263179105 0
322.0219605635016 -14.00692596490994 0
319.0681346205261 -13.91250780266981 0
320.5834448013991 -11.37450041928331 0
317.5857680127218 -11.30418684285356 0
319.1379100247165 -8.747016206349635 0
322.134414295631 -8.818181348038866 0
320.694774064796 -6.187471745677831 0
317.6968945158961 -6.117416061093842 0
319.3021399701175 -3.585312817486866 0
322.2618626781112 -3.633241212941043 0
318.4439306043226 30.16277198317621 0
317.3644074877745 43.23585201951148 0
197.8689951657266 251.2568280579384 0
208.1403461891038 243.2007807783034 0
131.3355750248445 291.8119057209622 0
323.9348894246799 4.119576576034291 0
119.4706080654625 297.1966034185335 0
161.0578772913091 280.7103383951143 0
162.4946143869072 278.0791965759321 0
160.9949387400321 275.5826651238642 0
163.931266735138 275.422019540768 0
162.4386786081149 272.8412247618342 0
165.3786715030331 272.7867811197037 0
44.41070590889569 358.5155512163374 0
181.6604102318428 264.6183650156374 0
183.2212541751425 267.171755142464 0
385.1651876064507 0.1690845563541281 0
23.67207244778674 364.1756141369959 0
322.3754053264586 1.558663664922264 0
319.4744857409847 1.629634048529192 0
226.9104666791662 284.1817457442002 0
54.30150031549869 330.0017148552793 0
221.0404017638442 289.5049196171054 0
364.1471833145093 -128.9122858892682 0
362.6599147761486 -131.5079053355528 0
218.1725861035634 294.7451207011774 0
35.33554266699065 353.5698288127911 0
362.9932163155211 -121.218060678571 0
365.9822350412553 -121.2876072103614 0
346.0515937021047 -133.8040404221267 0
250.4007496863896 262.8478574156881 0
343.257068782356 -123.4304334493422 0
353.6028042960921 -136.4940930782466 0
350.640233183352 -136.4574507483961 0
241.6565504388379 273.4258647180217 0
238.6579338899236 273.5039375001032 0
163.2994799838409 319.3710189375105 0
40.24182433839692 371.5164218717358 0
160.5511113504798 329.8469933339657 0
234.0980978172973 271.0276630409193 0
207.7520278098712 297.5807495695376 0
206.1869311255092 295.0364819775966 0
135.266351629846 338.2752280230911 0
121.8500458326048 341.1314628971384 0
225.4776216597764 286.8015835236847 0
111.414586395178 344.012886700018 0
6.455742136611115 380.1604589792267 0
200.1914726696632 295.1884374499613 0
385.5518152186413 15.75022600307835 0
384.106702472328 18.37415452068606 0
381.1512424160672 18.46415100527026 0
382.7064321697201 21.02268633446937 0
86.68479476090518 373.0056200375726 0
88.34329511548594 375.6322969092441 0
67.14078726939296 370.8890401846464 0
76.11918456374164 370.679245351606 0
326.1178978889862 -92.01651349172826 0
147.1257268384861 332.8009613341152 0
150.1212320609781 332.7295358004611 0
139.6878265312824 335.561157430455 0
306.4244489634299 -109.6655097796531 0
304.9840467104286 -107.0487558107283 0
302.0033964924284 -106.976659058962 0
303.5565334675197 -104.4227716065419 0
307.8564914550626 -112.2851953678763 0
300.5654578233961 -104.4580996178185 0
301.8572690213499 -101.6219375790945 0
305.0445123824805 -101.8495283551024 0
183.5735834816992 287.8165759122342 0
185.0863693817703 290.3632444562211 0
177.3260186045658 342.2537072391573 0
117.4263162347356 343.8026145086976 0
258.3648042515116 215.9491280121158 0
261.3367249793082 215.8945118736753 0
109.9857539369474 346.6432676768263 0
99.67395765186151 354.6552808148153 0
77.9124310674984 378.3472419282706 0
242.2310538633839 234.493101579132 0
334.3128781542028 -63.63099025903445 0
332.7622146687997 -66.20875303532159 0
336.2239566331794 -45.50262996646757 0
336.1264018910349 -50.70982111064384 0
334.5645509654854 -53.27158203288053 0
334.8814390250071 -37.68457397962402 0
336.6179137185269 -24.74283537324167 0
180.1024365150227 262.164792720065 0
337.3749685827526 6.413799937934863 0
338.0919163513469 32.35504887119363 0
336.519883850689 29.80235185551224 0
336.8991082370581 45.36773428278291 0
335.3395841838558 42.80778095724464 0
192.2984293603447 277.2415758379541 0
328.6485697347158 81.92308359830936 0
327.4522605985126 89.73922676215034 0
345.1104506854125 13.9991353771677 0
342.292631996675 24.47426143901283 0
49.95027564309721 337.8473673213493 0
339.5850207874929 34.92622614698723 0
339.6613743010762 40.12202485261942 0
338.4195089491352 47.94524841175134 0
336.9886204030549 50.57093326684939 0
334.1206120185532 55.82879921835073 0
109.6014973011809 326.0436358615519 0
382.5867678489988 -49.01588639780499 0
9.311106110873183 385.0143722770042 0
6.340859372246245 385.1298941794705 0
310.934972031858 227.6533265120967 0
312.4218316745237 225.0465165213366 0
246.6812385319493 231.8355333434461 0
214.6289598513496 263.8227762673276 0
216.0654177055037 261.1918130642092 0
202.6843349414849 269.2215576868794 0
93.11575979345255 328.9484757323862 0
94.52992190904682 326.3044456847668 0
180.7571510625492 293.1116266702095 0
217.1191451640962 318.0590609646089 0
128.7073360419924 312.514876000076 0
142.1058495556328 309.5902588573288 0
27.12092181478684 384.6801189667173 0
95.62460067706596 303.1570726171403 0
94.18653624767893 305.6944000564342 0
92.60564891477777 303.1008631375334 0
91.18711081031415 305.7484778863205 0
92.75039352399831 308.3105916616258 0
89.75302698744294 308.3806736238335 0
88.19113717336336 305.8210011543126 0
86.75575801119895 308.4530169949423 0
85.19405241103745 305.8936667157395 0
83.75857363261179 308.525777208825 0
85.32104270603698 311.0850436398436 0
82.32357962546254 311.157538100025 0
80.76157711742371 308.598582256683 0
79.32840320304717 311.2312674846937 0
77.76661681752293 308.6727582293005 0
315.8419989927315 -24.29660538872304 0
7.291721254090392 356.9427356325548 0
303.6293970873868 240.9141705908576 0
175.7701190661832 264.8100491197938 0
291.9955585209408 251.4426637320838 0
316.5801849072992 6.933058534083068 0
221.547547524289 315.3583000513885 0
215.6746378561449 320.6876410512385 0
385.5157942318904 20.85188894355321 0
384.2379152825393 23.56887648237772 0
381.2699493210442 23.65203579675257 0
71.78276847616706 308.8904068444342 0
38.97697960162341 314.8216891015635 0
41.87705225122566 315.1998801165373 0
384.2961993302504 28.83385091935296 0
387.0487955202946 23.00835234574331 0
297.8819946985639 246.1199731871533 0
299.094531438635 -106.9448789891241 0
384.5307936877958 -25.79365445055868 0
6.81779478371441 336.5324434737551 0
5.129310300650745 333.9528850898751 0
252.4361119305901 291.2739437763822 0
129.6082802366003 289.1998978347752 0
126.7027154989737 289.2678916394987 0
329.1297721456682 -151.1187076694415 0
310.4709234649811 -63.14388586291447 0
312.0607535317665 -60.60235270447573 0
58.57550187861541 311.8868212217669 0
56.96319938336809 314.4005611763317 0
386.4748228813774 -7.554907035302293 0
369.073193631863 -111.1087225502413 0
30.10412026543733 384.6038697623651 0
302.483203758112 -96.7693892848105 0
296.9072115136208 -135.0906225046515 0
299.8565987772123 -135.258726192051 0
301.3976213522884 -132.7481211148919 0
302.8069348089552 -135.3444750991632 0
301.2741381849164 -137.8563397189887 0
304.2216405411891 -137.9254701630657 0
305.753717155102 -135.4147548451019 0
307.1761769442032 -137.9993535830305 0
308.7057683382747 -135.4753469249036 0
305.4661862307378 -81.14276891915354 0
352.7858047229886 -156.8323094811616 0
354.4701853240495 -154.5660978058787 0
295.2377086134767 116.5562503345112 0
296.6833783533245 119.0537660297946 0
293.8136510296771 119.1951046320693 0
295.2503203495498 121.6876588807572 0
292.1569603591854 121.6721250306261 0
293.7771936528686 124.2942769876296 0
299.6591020977791 118.9699950183648 0
246.6850665917203 296.5267427865602 0
249.6193411446033 296.4126255380663 0
231.4917822119957 217.3423046868866 0
234.0612655749709 216.2216966290276 0
235.9854023635026 219.1011862140545 0
237.4100824312069 216.4578361358398 0
236.0208909245102 213.7241194658685 0
314.5472443687987 43.40506960902263 0
372.5400145670439 -100.5346014029901 0
163.8599519137192 270.3506061902904 0
166.8177239738656 270.3149110136197 0
308.9618572843746 -65.59032766045107 0
330.4052725455084 -153.8315787872629 0
240.6506799766282 301.9023583068362 0
243.3056832137862 301.9760612207351 0
117.8970079774517 294.7290670989565 0
114.9138981366552 294.7844019692099 0
39.05259755398153 384.4777990789729 0
36.06299695218774 384.4648776782589 0
386.4664432725327 -23.49251839425239 0
58.52876052796493 381.3950481542998 0
159.5030428444307 353.0742580445328 0
371.0460007028292 -108.5947253257571 0
33.02319207422956 314.7807331425884 0
386.884075147506 13.21551198183087 0
6.317686721211856 374.8865442872377 0
311.8861453431151 59.01091059154582 0
206.579940331576 240.6402301528335 0
310.0485056786402 61.84560552418015 0
6.310266577844668 369.5783094507016 0
7.485535369947742 367.1549807936937 0
238.9656056006712 208.7621614856421 0
240.3375074445783 206.1299708387353 0
377.1219608511257 -82.69744399427819 0
5.455297493541362 359.7777854124107 0
7.33540809369102 362.0044013395338 0
211.3296467882633 323.1554545149698 0
275.9292659788543 269.9757175273434 0
369.8633107983564 114.8219177846943 0
293.5425459051519 -135.218843044765 0
315.1996564348606 30.27675792466306 0
263.360641247323 283.5696913668605 0
55.61699552294436 312.0192199619182 0
53.99912956098353 314.471331315694 0
255.5787158530927 291.4140402334102 0
386.9035494115013 -12.57326714202514 0
387.5789431465984 -15.29795887917265 0
365.8472378044198 -131.3877365480559 0
380.6230545322431 -72.4774424341015 0
379.0614452864293 -75.0817986513067 0
380.2710291023764 -78.10038246462467 0
97.05756925787169 300.411127281011 0
140.1703351464177 361.4733438387676 0
86.42828454513634 378.1148676167838 0
196.2703086598844 248.5319848461393 0
297.4218257803728 -104.4548758279803 0
129.9701025477271 364.6483416909099 0
126.765511397843 364.3073606680099 0
125.3186745080493 361.7747948424718 0
123.8284460529344 364.3768419923052 0
122.3299666845942 361.8458897495537 0
120.8945757469823 364.4746022554871 0
119.3503104112482 361.9226402536602 0
117.9125788692171 364.5506510252774 0
119.5518015246399 367.3071328191708 0
116.4790409667027 367.1804431724595 0
114.9203203105981 364.6221302594782 0
113.4843791369937 367.2508059604727 0
111.9261083845474 364.6926588299116 0
110.4898582257386 367.321215282637 0
108.9315950006028 364.7630872473214 0
107.4953046098888 367.391620456184 0
109.0508365381928 369.8340720540585 0
106.0585647189175 370.0008611931103 0
104.5197307448794 367.4468978481107 0
103.1127652049909 370.0097775103279 0
107.9521140139516 372.2937862724834 0
114.9903659820063 369.8502143465536 0
221.193421260206 224.7107399775233 0
384.7599014733538 -41.47420464130003 0
314.2132601598914 -26.81572437850145 0
168.505323883598 347.7975061135855 0
381.3114947755607 67.70329545621776 0
382.3918772166573 70.41364403186881 0
52.29070210657167 311.5405150508402 0
50.88010371828655 314.5384298078847 0
388.0304472418945 -4.920199882987506 0
230.5209845536519 310.1204962149058 0
291.169062959915 118.8041651485099 0
147.6406092954366 278.4169487632222 0
315.0845303507787 9.544093574245647 0
295.1441389643351 251.5282162073964 0
27.09514760946385 314.8411738035054 0
371.3120595014611 112.1229600338821 0
367.4188303300656 -123.9095380072676 0
304.041556373357 -83.543589812297 0
282.2824502221051 265.1518714033641 0
284.9037218737009 264.0812096567644 0
305.5871698266637 -140.543774456989 0
65.85289633993389 308.9770427947405 0
383.744485093926 52.5066341451538 0
384.7564850907148 49.46058352111316 0
355.4106048832168 -157.3141537599246 0
385.9460307865988 31.33707979556758 0
296.3159957774242 109.1707240921288 0
314.0586525073394 32.99403145700909 0
313.5222622386894 27.74342445977475 0
160.9418078365185 270.4389093214998 0
382.0627959023648 -69.90451008136657 0
313.7938941007966 38.12167164976429 0
64.46768553102471 381.348548929038 0
388.2758301315124 15.83095730929442 0
307.2760254431284 -62.68302024331305 0
295.7773394609841 -111.9937287635647 0
294.3105977789283 -114.6004004541168 0
382.8388627841947 -59.34128498936781 0
383.9588864552135 -62.22676038406929 0
368.904313446766 -121.5297799884196 0
387.1450147371364 2.748981675436988 0
8.214760071369854 387.5421944310135 0
222.5431144176355 222.3106085831469 0
184.7312258165405 339.6017684337448 0
42.0413074193031 384.4095796263309 0
384.5572763705512 39.27689481012756 0
386.0977983774155 36.6206559064583 0
385.8129300373552 42.01835461778326 0
307.508991763889 72.02746594602502 0
306.2663545162006 74.50955074270652 0
308.8504980424478 69.42922522209983 0
307.6747603189527 66.77217089544637 0
309.4023947111801 64.70972091281017 0
271.6822821760479 277.5123834719847 0
312.6266513651606 -23.98233948278421 0
213.6317277349761 232.5760371126109 0
203.3317499278797 240.8358070237002 0
207.502177980335 237.6418898378433 0
183.2682413576347 342.1960727613734 0
17.05439856362676 387.3649685650223 0
14.19349693263673 387.4737053193703 0
144.3750325550806 278.2241620216876 0
350.6967929718797 -131.2969715168255 0
316.1473863967326 -13.98455539588416 0
379.465250247935 75.60257763396245 0
378.0266187082768 78.23000491519014 0
375.0318414082199 78.29860659498262 0
376.571061560252 80.84818561357044 0
373.5914609627453 80.92511380664007 0
375.1297850168695 83.47423208466628 0
372.1524445839948 83.55281301716195 0
373.7092688211116 86.11170364754918 0
376.7082417499038 86.04530256479549 0
375.1618680394489 88.61381176623391 0
372.2569895866063 88.73166286775806 0
373.8112432551941 91.28944133584851 0
370.8311275661092 91.366131000373 0
372.3898965407148 93.92640375231358 0
369.3977842596851 93.99721468557937 0
370.9556930185712 96.55643147493461 0
373.7475977950478 96.51759062700853 0
372.3742836404796 99.15376967777834 0
369.4957283118495 99.19114743567744 0
371.0189815836532 101.7601050583939 0
380.8252925855187 78.23578662592894 0
350.8123183539151 -126.1370135238855 0
67.61368817048613 381.2815459847739 0
289.7225639818601 -127.4098152521666 0
288.2115509021281 -129.8607191560611 0
289.5615790889415 -132.4127210186105 0
290.6405478673933 124.2368362369892 0
292.3207538990868 126.910119666702 0
295.3395602184523 126.8561319192106 0
289.2725118172165 126.8439510062429 0
290.9026832690834 129.4500407100718 0
313.9233604865797 227.3944843924719 0
294.1494367500695 -108.9836162320089 0
316.4092627315907 -3.376965641037413 0
357.4357922176706 -149.5469343927127 0
313.3865401954733 6.783946752731024 0
143.1174658967733 361.3466361045292 0
339.1858666871293 -115.5437870003189 0
233.5096731236566 309.9486098795951 0
234.9930617020411 307.3092017899897 0
238.0136593444996 306.9662250525465 0
376.8066922981006 90.74873904056898 0
5.560233332551137 349.2824680647295 0
338.1033049401863 -151.5393969052026 0
339.5638802343379 -154.149439395608 0
336.6231712214529 -154.083975963186 0
337.7556221712367 -157.0854157209697 0
333.5518951082801 -153.755069392576 0
336.5959897946126 -148.9061834669085 0
310.1048799946511 -143.180163489733 0
349.3220594209181 -123.5336028508969 0
227.102961414008 219.3929370443358 0
106.6304428593585 326.117326476149 0
6.156952727266361 315.6568714900764 0
2.851506275748379 315.3813784653093 0
4.708501212158312 318.2917760769804 0
152.2278778119784 356.2079347891946 0
316.4331236383803 27.47097726732882 0
15.1497723144237 315.3775558456864 0
355.5162533530267 -53.64677968218051 0
349.1000676052771 -133.8691774499886 0
348.5355964900045 -95.07863203286496 0
350.0308652952345 -97.66753262111882 0
345.6753198215029 -89.8085620733583 0
344.2006097676651 -87.20098654941768 0
197.7721756137966 246.013094910488 0
193.2771832243211 248.4109260885288 0
192.0481121831908 251.3213482818781 0
189.430254602427 251.8325321363546 0
349.2153288180284 -128.6859921442658 0
331.0602164800308 -133.4073301622406 0
332.5802893724299 -130.8702370776178 0
364.9032020869272 31.71723875127554 0
350.5250582303051 -71.77422058177754 0
351.991702205485 -74.3884969763688 0
352.1092372932164 -69.16380461891492 0
350.7046705508221 -66.50534834908132 0
355.3187169495094 -58.92312138950067 0
363.7243149538836 44.75631106439043 0
358.0242497006089 55.33155638376381 0
359.4683834067721 52.6915186405698 0
352.6272661819206 -48.40379108084199 0
358.8955184018505 -38.13965428771242 0
355.3451753187694 70.92089834541153 0
79.16546738755869 305.939018740073 0
75.80320188063169 306.297961267567 0
329.7439894172518 -125.6748271957578 0
360.6637774517701 -25.20660468206667 0
89.4523830878592 378.274039755083 0
91.75357963148723 375.7502656977913 0
94.9340478655408 376.4642082861063 0
95.89073190513186 373.342507382643 0
98.91487839045722 372.6353162035468 0
356.4749110604617 -12.13083930178583 0
356.9231916496782 8.600247708672857 0
357.077095997393 13.8127397109594 0
358.6241591709521 16.36689643493796 0
364.7252889420098 21.39359797856242 0
389.554240817619 -7.674268024778485 0
366.3008326638488 23.99848480050858 0
366.3636017411413 29.12807468069843 0
86.62973811418932 303.2614630595764 0
83.62042973976783 303.7134776487415 0
365.0985547469292 37.00265462557914 0
348.8667519845281 115.1924750816684 0
365.1682353958886 42.13988383258248 0
314.6688761402231 -11.41140395180636 0
314.9613508446988 -16.77979867405373 0
345.9967274272108 120.4532469214243 0
384.0884918108032 -46.5208322344709 0
385.3407307217043 -49.17432571426859 0
362.3169138021844 47.41469934757947 0
343.1158650710647 125.7078365513458 0
356.5659519420461 57.92552795046189 0
307.3428578213855 60.5433966477874 0
340.2425817255407 130.9672429319653 0
337.366308826241 136.2245730746384 0
308.6250310223754 -140.5881278349844 0
307.0758536158284 -143.094250507752 0
359.7898428853482 68.23913391363305 0
361.2474949191616 65.62094803707645 0
162.3249644754284 353.0663849664384 0
334.4843104365681 141.4725106729084 0
353.9273730068208 73.56044594635586 0
314.8065026024158 -5.869910982237565 0
315.3825213705535 -0.52914318151485 0
19.65501002486687 312.5139568577451 0
18.28617668123969 315.1938903717597 0
21.2293555751455 315.0346883940023 0
331.6098145195766 146.7315095293223 0
287.7196151778328 -123.0556476848723 0
288.8637009408908 -120.2550325468484 0
25.59002406619503 312.1059190158097 0
30.10287658967653 314.757615945444 0
31.63745872806815 311.9444205021505 0
35.96405466997604 314.0447047355564 0
37.79841387882075 311.5203656385753 0
351.165135076133 84.01474337852811 0
310.1654173080244 -138.0703023904321 0
311.6851500409984 -135.5290403125686 0
310.220670720763 -132.9418703083772 0
313.2333923719333 -132.9925791567085 0
10.40130538975087 367.0968361947685 0
328.7352928364388 151.9905445014907 0
293.6281633760656 113.9151602260799 0
349.8470461285783 91.8248568884064 0
350.3014544047699 112.5582439224921 0
163.9999036165192 350.5150600166957 0
297.4177216014124 -97.83346064593555 0
299.4213412083292 -99.90213660197306 0
325.8607492116842 157.2496067533138 0
12.53073450212881 331.09834742164 0
10.92548903454307 328.6816813982302 0
8.002274462570977 328.7432436838918 0
9.379949770276978 326.1636836739169 0
6.461676800891043 326.2223894954947 0
7.835035020233482 323.6474752096171 0
4.847919279207135 323.6568482675003 0
3.168221987712525 326.425896774077 0
6.187075676748352 320.9183593118005 0
230.1884269480721 212.1381827679947 0
234.0319098364156 207.9067875764602 0
234.9126480046803 210.815743532264 0
283.8319627236353 132.2525297443709 0
285.5375872024405 134.7250951754229 0
284.2551775916036 137.4570586719551 0
287.1916906649603 137.2399300451384 0
288.3858073141161 134.6562830356401 0
285.8788342276845 139.8873288569688 0
282.9467657702837 140.1657935746703 0
284.640546042866 142.6096122095619 0
281.6621491258414 142.8852272150103 0
283.358055312039 145.3201229610413 0
280.3695416963526 145.5958335479853 0
282.073251231381 148.0297155002201 0
279.0775455535312 148.3135198712113 0
280.7883154052398 150.7395422177041 0
277.760743301018 151.0125812907611 0
279.5022331235685 153.4485323644215 0
276.3655783496934 153.6793553854262 0
278.3107899258531 156.1999106550835 0
274.5383776813583 156.6588352008595 0
277.0347262626356 158.9133629199834 0
274.4069285805698 159.51812041348 0
275.8347921695392 161.6087157859507 0
273.2158893577968 161.6733234753649 0
279.3868046359253 160.999474558679 0
275.9113956322855 148.4665002044808 0
278.6092458394354 143.0986542792345 0
286.7090906690685 132.0833009801276 0
70.7524379736752 304.9343274328605 0
310.6582851542749 39.53978764503845 0
113.8362517564761 292.0373171501258 0
261.7661999652081 171.8381091299101 0
263.0989394104605 174.5315789972386 0
261.4359787478748 177.0499305428877 0
264.4590721109878 177.248874857195 0
262.8076181004913 179.7546942486653 0
266.0866604568677 174.7330775656329 0
267.5106105451244 177.3367063639754 0
259.7492035820663 179.5469109105274 0
261.1105511058563 182.2304837659229 0
264.5457713689127 182.6967511490408 0
262.2670660700021 185.017451870418 0
259.4225401824459 184.7444823797633 0
260.5348826124188 187.5117013541612 0
257.7498176584758 187.2317195784513 0
258.8967556435148 190.0306388251815 0
256.0703913774681 189.7316716958842 0
257.2751617768325 192.5260821445656 0
254.379883278618 192.2066241734562 0
255.6614510965051 194.9348090040401 0
252.7263123578828 194.6877372775851 0
254.0870328340307 197.3820884582458 0
251.0376609460622 197.1446831791606 0
252.4653660640832 199.9974076510634 0
249.3830824706138 199.6572154222297 0
249.3529071748182 194.3613119873318 0
252.935031918722 189.4570120666765 0
250.8503549044171 202.5178987767669 0
247.4053634076009 202.706683189053 0
246.547275381743 199.5571201406466 0
244.6303041317735 201.9217425869291 0
244.1135765005264 199.1463528312432 0
256.3657696338776 184.5204517721916 0
249.2243049468586 205.4033828639866 0
255.4479778873818 200.1861742184317 0
264.756028267688 171.9977453068669 0
266.3991525998586 169.4537036449659 0
267.7756876766752 172.1208190886423 0
269.3455178739526 169.5652647615596 0
270.7948314904086 172.0005699168452 0
268.0132254781171 166.9188299584997 0
270.7964572015869 167.0377980151535 0
269.4021904512936 164.32942658155 0
268.0584281569933 161.5638554271118 0
269.7066309313294 158.9953719709917 0
108.0846367878612 293.8917013494437 0
110.4287619402509 295.7879210587779 0
107.7191328386116 297.2534864023442 0
312.7538098159341 15.61230274188493 0
315.1853819933361 16.95547197467044 0
315.4625849937781 20.05882299559482 0
272.9590863517318 153.8056722262078 0
133.2265497831559 283.3683938414841 0
135.5342160113445 284.9124132081632 0
138.6855520005438 284.0453236089241 0
132.9645630960071 286.0421359972883 0
138.6802454464314 280.8214783366402 0
141.3273917671551 282.2958607022414 0
180.4363670177711 256.0699503119293 0
247.8925709471058 191.6040915857997 0
248.0007328874038 197.1353969302354 0
91.21771592692625 300.124268383354 0
215.3144231219625 227.3727964106195 0
218.1968569203883 228.1999450094972 0
311.4494874154003 -32.71703179570832 0
313.2532257622835 -34.53933208349938 0
313.7826044023477 -37.42092924912244 0
315.5790655365051 -39.99310906918386 0
310.7034006533553 -38.70988510505202 0
238.3531561708107 203.7026934108223 0
119.3830123927304 289.3915264376336 0
122.13379948273 291.4512669122937 0
310.0924005372308 45.66213412019445 0
58.51476405561257 307.3518637882537 0
102.347478230866 295.7198178001289 0
254.9537518925802 181.8295494620234 0
251.4711718520163 186.6887568579138 0
251.1400073576449 191.90898040502 0
210.7095890318293 231.3611414053578 0
175.5001597944176 259.7915597086363 0
52.67694423031245 308.6352764063789 0
300.1353639599564 -89.04446888800817 0
303.1889122972579 -88.31606188293374 0
127.9659659423753 286.3097079845035 0
308.2801557666771 54.60213454640053 0
308.841630164658 51.66238317086321 0
311.5062365931508 50.39387401162197 0
311.5188083395525 53.53205293566204 0
243.5304929992581 196.4536226806287 0
185.008760719175 252.4863982774018 0
185.4405947586978 255.3293308663836 0
297.1060949144151 98.50535768584787 0
296.1122512734468 101.3553090871654 0
298.1536791132509 103.5982735317643 0
167.6389949573013 264.4747260587373 0
170.2141453640559 262.8418443991473 0
152.0418191293811 273.7389241432757 0
154.7213251564009 272.2829767704384 0
302.4427977997335 81.16060443969242 0
305.475524744017 80.41409014126961 0
304.5587440719775 83.25970513258794 0
307.5783244159725 82.61602995946592 0
306.734852677502 77.24778121069784 0
308.2679292927978 -53.64866602720906 0
307.9772720103301 -56.64527737214398 0
309.4128783916717 -47.81145394375392 0
309.7781207391944 -44.73563773010621 0
312.3821727085439 -43.46361706969448 0
46.72312153346378 309.6379172994305 0
48.87927668153701 312.1276850796282 0
47.84963823868929 314.9844801068387 0
49.57378987229535 317.2673855578433 0
45.91753928605173 312.6267398515199 0
44.83796029095912 315.1012747911508 0
43.91971124268966 310.0972653851076 0
304.0793449898075 -74.37317665372876 0
300.4502511205253 90.21755358471877 0
303.3314369765281 88.8403037537005 0
303.7384142406565 86.05337993831415 0
322.9861882841776 162.508688934196 0
332.5252747480785 -136.0136797730107 0
333.9414867483232 -138.6113285809736 0
337.7458813557099 -112.9104307574802 0
17.11219681837707 338.6855948572174 0
320.1116141195449 167.7677822131743 0
339.2855165128076 -110.3518870846323 0
338.2465691953753 -146.4388158600677 0
317.2370316079375 173.0268792638132 0
20.1569150704831 343.7747775404914 0
21.73247715864866 346.2592319916582 0
314.3624447636504 178.2859720885749 0
373.8365678169323 -102.8174108099954 0
375.1378311352858 -98.73260386867878 0
8.871475419503382 364.5603828368972 0
5.908238149332775 364.6681334040326 0
311.4878575952296 183.5450532402344 0
308.6132743569771 188.8041125460583 0
305.7387007870585 194.0631425424511 0
66.34444593224406 334.8806067673563 0
347.6771655843733 -136.5242618834988 0
349.0816439354419 -139.0102055565936 0
286.2779705779219 126.897252825371 0
64.82379317660249 332.3355323117844 0
270.5985032960023 280.5432209020694 0
302.8641441183076 199.3221347085062 0
100.1660329770473 370.0870411487893 0
299.996089662903 204.5872784738214 0
301.6315657365503 84.04516198488622 0
312.3939565901771 21.64962685663543 0
314.9243332984216 23.25115213489389 0
228.9982304372151 312.7653645240701 0
10.7947692187818 323.3237462435709 0
291.3470172738362 -114.7627955869989 0
144.7928535060835 358.8002294741023 0
147.7838346848874 358.6182130882146 0
13.35072114146815 367.0185218043208 0
30.27405360060002 325.4085668353549 0
28.84731126632774 328.0262200176141 0
286.5872385026599 207.5037993774019 0
285.1435667984471 210.1325759774708 0
288.0290909169493 204.8750988193706 0
21.56641714023852 341.1129300851643 0
340.7354413177287 -107.8272153453348 0
339.2704655016714 -105.2159599776638 0
343.8199363352815 -107.8904416906723 0
13.57315861557398 312.8334895514366 0
323.3380735817566 -146.0091215714145 0
321.701262461299 -149.0581830533395 0
318.5031672694099 -148.2503259942143 0
254.6123636306772 186.9168276690823 0
258.3915451742109 176.8714864994749 0
281.240896259304 137.6964658104922 0
13.90049515231911 328.3951022727185 0
298.5601266424059 -127.5535224561942 0
7.729092413512207 377.432898672297 0
4.77917612305669 377.7666182713753 0
10.63177238517459 377.3468835997795 0
345.7429985091817 110.0540954019238 0
266.3371776576249 239.1163730262284 0
264.7813122349392 236.5559912307528 0
285.5023156425816 225.6946384619578 0
266.4512516134364 244.307709926827 0
340.9819615491443 -156.7421571574286 0
340.8281764721689 -102.6921712674694 0
6.973197979899675 346.6993735458183 0
251.7065211812833 255.0417381083554 0
114.4259669612932 343.8848138285666 0
156.988278014051 273.4742343673697 0
27.29246435287957 325.4828389452915 0
25.86626170395102 328.1010335221173 0
24.31338017475595 325.5575930046262 0
335.5734619433663 -130.9310435604293 0
281.0654776375431 228.3921531767343 0
245.9661376522297 265.5465916175432 0
21.05214929972281 379.6909226104171 0
14.13193919642005 333.588825021285 0
8.653996560299955 354.3124264034938 0
5.363587127332718 354.3951167689656 0
279.6266506850538 231.0206573680002 0
345.7567489016548 -159.4869869815952 0
342.5813982303338 -159.777257026026 0
244.5292322486205 268.1797556982673 0
24.72070464802075 346.1458392532044 0
308.1113542969745 -96.76998766056877 0
8.294812903391085 339.0147510061942 0
16.43117269246881 372.0702308112267 0
228.3561204280451 281.5395498625887 0
59.35418989759467 358.1392866984546 0
25.71671105844758 322.916477364105 0
341.221438862106 -146.5014042537503 0
336.8228131802896 -143.8227623723551 0
348.7405999564846 109.9832695125997 0
351.7403606465508 109.9285320832604 0
354.7566854995271 109.8830902404242 0
319.45122976429 -122.868691949319 0
25.10027667329928 361.562447213154 0
22.12683216518417 361.6331670415818 0
23.55239432435011 359.0226694744002 0
20.5841030879437 359.0854558874945 0
19.03600789316328 356.5520776172031 0
17.60880767886247 359.1811280636664 0
342.7474141729995 110.1248817645045 0
290.5453969409614 254.0653261798166 0
292.1909972897736 256.1806005323222 0
157.5442993472153 329.9347623079477 0
289.0879273966042 251.5629908672163 0
287.5476453257223 249.0072055417732 0
327.7090626838097 -148.6487092904596 0
326.2077834322505 -150.9830369953191 0
324.7609063554983 -148.6023191766639 0
21.1747377550079 320.4417802590776 0
19.67836293965999 317.8319704800635 0
31.68805316761519 322.7723472512384 0
215.1737655808227 294.8312478342874 0
339.872076291505 115.3854745490262 0
14.8848649427768 369.5457631813678 0
288.6223670391154 139.8484119094996 0
302.9446703025176 -130.2156108970292 0
6.71035248642568 331.2709476643148 0
336.9973361929691 120.6443065636055 0
292.5139761634413 -132.5646708571363 0
347.1154240095646 -92.43282890984382 0
317.3874189524421 -145.6827848757014 0
334.1227895284931 125.9033391818875 0
337.5428365893227 -118.1228219314196 0
340.5407558395639 -118.1947936382479 0
22.24618213762053 366.788779673947 0
161.8583049338819 322.0605866742961 0
340.9440887623848 -97.52205283633937 0
357.8972658304772 50.10086038897147 0
65.33698584167084 358.0000897885667 0
331.2480739678326 131.1623602091243 0
298.5593039600437 207.217023980309 0
328.3730638675759 136.4218755257908 0
355.0518397130984 -74.40951002506789 0
163.419505701636 324.6160486224828 0
331.3427149219151 -123.1364968906274 0
342.4011071857114 -100.1427743786848 0
63.27323963858532 329.7808334913142 0
311.7844390246026 -145.7030591103353 0
325.4983842262008 141.6810037225796 0
34.68188030835185 322.6985771734982 0
18.55509001348285 335.9475915052338 0
266.2163742594403 233.9303357974068 0
352.3202885765037 -128.7433074985908 0
317.9064191505891 -125.4035832756378 0
295.564070654896 207.2883191330316 0
322.6236856048542 146.940169084832 0
322.5550174516221 -117.7771670868256 0
354.0487742741495 -51.03906481848723 0
336.9495759463506 -138.6928118446693 0
335.3553906925367 -141.2079474881989 0
180.2774381718606 342.1786454708231 0
30.40195398879908 330.5716973645742 0
28.97499522502204 333.1941169338713 0
319.7491721233888 152.1990350426113 0
71.32163426188315 357.8604749185263 0
9.915507489311938 346.619375902153 0
39.47851794109184 335.5260058495485 0
40.98881562503166 338.0597679135173 0
58.49791783127135 316.939429818342 0
374.2677359888991 -87.79472133702139 0
377.244946192588 -87.79578624349685 0
375.9795760895169 -90.43756740344982 0
377.2450875458672 -93.20773255055691 0
374.3226202926699 -93.12845844188959 0
297.5090067112282 -109.4326007666684 0
316.8744575945198 157.458251168617 0
313.1572268308612 -138.1167014034588 0
349.5457763750782 -118.3498090292754 0
20.46668852987432 353.9380761856496 0
18.89946340888675 351.4427846017034 0
17.49037478128326 354.0297759024426 0
177.2090235135839 337.2097764303392 0
174.7273393965928 288.1508238553457 0
364.9220679430177 -103.1377532514227 0
328.5121006747734 -117.9137973973482 0
326.9708487752334 -120.4549390901553 0
22.73201153702957 322.9859812639405 0
323.456004131169 -140.9033327391578 0
338.3671011489614 -141.2940914416847 0
386.2298296155328 26.26457528069547 0
362.0854481241641 -27.84911696989507 0
313.9996971580508 162.7175513287432 0
352.7196519520006 -113.2260668475856 0
349.7327266446551 -113.164204299357 0
10.28444896755079 361.9514242586243 0
311.1249088895882 167.976820644993 0
372.5053521187061 -105.6840494580333 0
373.9199564558108 -110.5279394093632 0
46.76719401089764 327.594295402964 0
331.9644601786721 -97.31991108006306 0
66.28225594741875 329.7135051224445 0
77.30769843713182 357.7204066100071 0
298.0138022326817 -137.9407162060999 0
299.7804173067777 -140.4533401086583 0
355.0007720507242 55.34719589325184 0
55.74175720381695 327.3761956630761 0
386.6772053761168 -2.419450351652762 0
83.88787329356441 313.7167140898488 0
308.2501503444009 173.2360961113689 0
381.9860568667884 54.78317953859277 0
288.9858685316672 246.3780487135219 0
287.4297897900253 243.8174994540022 0
288.8669938101149 241.1910767589734 0
328.7481671712571 -107.597658215707 0
79.71315155612299 326.7989716295767 0
382.743211655408 -43.85077435703992 0
245.5817720915454 299.4692318952004 0
380.6875586822 -2.282787344879228 0
379.7484495045204 -43.78315802705058 0
376.7532745555322 -43.71690662812695 0
268.0122430680803 246.8675717502298 0
218.6215939612248 315.4656168058992 0
220.0728971042109 318.4574710050503 0
380.9530344414886 -56.78961430769527 0
305.3753578999978 178.4953730953397 0
291.0193258904998 204.803912814702 0
366.7270921659158 44.71923809860477 0
377.958392900476 -56.72158051124211 0
382.2514386900742 -54.04248690441475 0
323.2641174626713 102.8229499763132 0
23.91319877371212 374.4749690747489 0
64.48066065784984 316.786757027001 0
368.067632902987 101.8175096132014 0
369.6260449974928 104.3763993617279 0
372.7370846989359 104.2789505864632 0
371.2394156842204 106.8700531586141 0
343.0240586239175 -133.7055787241637 0
35.46147571521338 358.728846542847 0
363.4855284591532 -100.5113765728652 0
242.135621091327 294.1779073704499 0
363.4853355648238 34.37553938422489 0
367.9147469723483 31.70606770302976 0
222.4758242523465 286.8781920072429 0
352.4750874261059 -53.62681836033386 0
356.9032959186975 -56.30225705014047 0
110.367722693593 362.1346051963411 0
147.6206697425693 353.4744769359053 0
163.9115819738213 345.3068153806615 0
162.3532988792668 342.7486798287873 0
302.5005110899476 183.7547435333536 0
383.0748569974272 -28.2993025860724 0
386.0896404047452 -28.3552595610641 0
83.29489439862903 357.5801380324518 0
367.8414183461107 91.43875056748348 0
67.72623919255113 327.0869138640604 0
258.0600215774027 182.0220650949217 0
356.2955242376072 47.50811552222532 0
378.9910293213866 54.8528066626092 0
383.4382251377398 57.44965925233663 0
382.1057022955109 59.97157444760708 0
371.6178660129938 -72.1491682955018 0
357.4739319353897 34.48659813504616 0
378.0460895309823 13.34914981826486 0
272.0751422762157 228.6009154531104 0
378.6312697498147 39.2861747613583 0
45.8419442929178 355.8897178581017 0
44.2831429253671 353.3506306749765 0
217.9223387663654 284.3938844642128 0
149.9979384840759 327.5408207872945 0
228.8372285550222 302.2720270208721 0
326.2556746311712 102.7524917172239 0
329.2229340611029 102.6862268446408 0
330.6533335029285 100.0579775708136 0
312.7754997488377 -89.09726045615523 0
378.6611405640507 -25.59287329682722 0
50.38451967970531 358.3557733347958 0
254.5849259815137 249.7800391341097 0
382.8777150049823 26.24136407244335 0
379.8447197336433 26.28775178366698 0
378.400663681647 28.91366307421271 0
299.6256562026801 189.0142364084151 0
327.6589892580486 -89.45004506750359 0
256.0204133495867 247.1510571026746 0
151.5564086270531 330.0989918048301 0
153.1131897082602 332.6431642140143 0
281.553839320141 249.1496464414561 0
284.5503782628285 249.0789367897224 0
288.2501876261126 215.2457470019905 0
289.8116943444252 217.8058661059926 0
135.1427387701137 333.0868138345145 0
351.2537305480682 89.19557222940611 0
264.0614008345572 270.3134785302208 0
354.6196421562159 -95.13087513462445 0
120.7846090504833 359.2932155395898 0
342.5275492323603 -154.2258499586727 0
370.5989614462806 80.9954580120187 0
250.1479099048104 252.4813940217433 0
374.5577356320005 57.54997262750568 0
325.8850056949461 87.18391943037376 0
303.9669538678386 111.0743666875387 0
345.85120238368 -79.47307462091447 0
143.0669139843466 350.9872493804082 0
335.54798176299 53.20191446046624 0
371.2876660145006 -87.72657640832405 0
373.0540267021349 -74.77525013261928 0
324.8726918881482 -143.4926749470959 0
304.3395945214798 -132.8267106133189 0
151.4340603633332 324.910719464898 0
334.3848471681102 66.20700642534604 0
358.3474727161499 70.86957568773263 0
238.5298906300363 268.3286008786992 0
373.4073416498055 -59.21340340070505 0
285.0283128521111 204.9434630731443 0
368.2776853290688 -87.64971455900317 0
366.8340756265755 -85.01890531701706 0
380.1463928156712 41.83027864850988 0
282.1422037174148 210.1977509339482 0
76.71706107849445 326.8711019121839 0
75.28092336911462 329.5014199787746 0
76.829926216391 332.0564724741736 0
75.34039905960906 334.6723745424823 0
53.7540048551725 373.7835117091147 0
175.6501748455312 334.6520301310647 0
136.6950656684979 335.6402018434679 0
75.15551839973554 324.3128894088297 0
296.7511380951384 194.2732638002677 0
362.44695557836 117.516492312542 0
364.0040220524435 120.0756525273733 0
366.939716007474 119.9744846761314 0
365.405735924571 122.5497903593795 0
362.5404052560859 122.6894811635313 0
364.0249568054646 125.2089151021368 0
361.1078846071073 125.3203121354307 0
362.6496478068849 127.8710532490132 0
359.6814184755982 127.9544753067019 0
361.2403023794068 130.5146092832489 0
358.2503130715027 130.5861262543074 0
359.8084051349721 133.1458392137047 0
356.8147378856384 133.2153537478048 0
358.3719966663498 135.7746228731275 0
355.3774767022956 135.8436807965427 0
356.9345493872714 138.4028584171026 0
353.9398698264761 138.4718386016297 0
355.496871523716 141.0309708536192 0
352.5018152497344 141.1007160583169 0
354.0592557253045 143.6592673309231 0
357.0539622222346 143.5901436711992 0
355.6511180724529 146.2378166596371 0
352.6275837451212 146.2905867798582 0
354.2202432956395 148.8696710204227 0
351.1918733787988 148.9197257267029 0
352.7491407535645 151.4789345159077 0
349.7460460356904 151.5431996678454 0
351.3045231930927 154.1031029199115 0
348.3089567198275 154.1716100121392 0
349.8657840039727 156.7305571971199 0
346.8709731507013 156.7995282903631 0
348.4278597084459 159.3585117797822 0
345.4332110115468 159.4275849182781 0
346.9900664567354 161.9865931214103 0
343.9953263021252 162.0555910383816 0
345.5523356526296 164.614694511367 0
342.5577210096332 164.6837624998009 0
344.1146476394661 167.2428436369311 0
341.1200573104137 167.3119098246481 0
342.6769212289874 169.8709373572513 0
339.6823378346564 169.9400260946379 0
341.2391951988291 172.4990515680699 0
338.2446291263882 172.5681546758674 0
339.8014693960185 175.1271734464431 0
336.8069002587492 175.1962773208432 0
338.3637391304845 177.7552973958759 0
335.3691898813479 177.8244139966302 0
336.9260099570455 180.3834254147427 0
333.9314590606647 180.4525424840214 0
335.4882768919392 183.0115537734454 0
332.4937458674252 183.0806827231204 0
334.0505604815846 185.6396568043912 0
331.056016898056 185.7088092705471 0
332.6127545648482 188.2677613051906 0
329.6182876802163 188.3369421881284 0
331.1750975378913 190.8958964500773 0
328.1803400699209 190.9649508260203 0
329.7372830584342 193.5240117755523 0
326.7427953284755 193.5931763977668 0
328.2996086737724 196.1521436872115 0
325.305137995752 196.2213308196084 0
326.8618994484223 198.7802658272487 0
323.8674285965432 198.8494520022477 0
325.424177434264 201.4083766513418 0
322.429718164705 201.4775658054423 0
323.9864553336469 204.0364801600988 0
320.9920028174306 204.1056689638991 0
322.5487582093764 206.6645549112666 0
319.5543085322182 206.7337693248131 0
321.1110398557092 209.2926546860094 0
318.1166097420704 209.3618644789599 0
319.6733120122229 211.9207459236787 0
316.6784762514171 211.9897133999669 0
318.2355280825405 214.5487803912878 0
315.240675822957 214.6177383868926 0
345.6717022258574 169.8019719170213 0
332.7321326924967 193.4550076183176 0
349.9848606737016 161.9176209288111 0
316.7978240731048 217.1768104586408 0
313.6835103743358 212.0585978957141 0
323.7464963444573 193.6633731989532 0
339.5618261018076 164.7538315223528 0
343.8746387717198 156.8703589656402 0
312.2437850565393 214.6894921893301 0
348.1893067846711 148.9864661476497 0
336.6864740198908 170.0098005989324 0
333.8109160285499 175.2661443542268 0
330.9355790512647 180.522140816723 0
328.0600455143029 185.7784662849764 0
320.8712551369009 198.9192565294916 0
317.9957615821108 204.1755322790641 0
322.5412639598009 211.7823345849724 0
337.0191768898882 185.5563473807765 0
339.8900426775876 180.2976336126751 0
329.8107594359216 198.6861064997093 0
342.7537504622831 175.0349554672892 0
352.382237616258 135.9133030527724 0
356.6935489228096 128.0280012025195 0
326.9148370566497 203.9311264626349 0
361.1629200603013 135.8228637586656 0
352.738188648755 156.5946461083909 0
319.7925702527125 217.1078870717903 0
355.895608815983 151.5639531449251 0
364.5599439401612 130.637544664454 0
358.6366549341431 146.1870058527621 0
359.9998130561785 143.5743110078007 0
318.35490911359 219.7358564787333 0
315.3602006257389 219.8048121065904 0
316.9530992622486 222.3346395978126 0
313.8790573948912 222.4115329475603 0
312.3654942472306 219.8738169658706 0
310.6846655010178 212.1323947342676 0
312.1263406896729 209.4992733947081 0
359.569371595605 122.7714551117057 0
250.9668125944925 293.859878647683 0
242.8391092706096 260.4415179457292 0
342.7402621093516 -84.59161631493805 0
223.3426660091565 253.2103512238269 0
184.5153082392375 329.2540417818493 0
289.4487834606953 202.2358786496433 0
282.2581326489179 215.3846541744649 0
332.6768139767507 58.46613602611132 0
231.1000474306152 271.0991496961132 0
380.7192179332911 -67.16429844142179 0
382.3025538774301 -64.62094065782811 0
81.14694329954091 324.1677388217626 0
321.7043949538075 100.262766517186 0
88.31741761225653 311.0122258154121 0
62.7249656187415 373.5731317291559 0
59.73550026037773 373.6408241536081 0
58.17557274905455 371.0922844381838 0
344.1865490142165 107.491593243143 0
226.6644658999062 273.8024649368547 0
366.6428371420478 104.444002559179 0
91.53935341184275 321.3044264126352 0
329.7870638289289 -66.13253111833345 0
331.2049627975398 -68.76499872713971 0
43.77830708395987 327.664283925541 0
320.061062965285 -97.05403616610937 0
44.7861867402344 373.9936770116145 0
106.9889136045319 346.7212874742998 0
84.33096268547207 334.4526728352043 0
146.0631999679632 350.9167334779308 0
354.7225450589204 44.9372313290528 0
272.8080095534934 259.7307662743632 0
268.602616241763 272.7953971200042 0
271.5312988181254 272.6912089850062 0
308.2863943328343 103.1741712237455 0
375.6402347454164 39.3567936172578 0
368.6225402126624 -72.08223743538042 0
381.0389579867735 -51.57938535152324 0
136.5786419435678 330.4567832871907 0
378.1638343449779 18.53796170385083 0
128.2134494680828 356.5232278384389 0
371.9184847205768 73.18117641505849 0
95.74826334966423 308.2383458655634 0
94.31233156902536 310.8669737568915 0
261.7794597357487 236.6276015581421 0
163.7899174317071 340.1202049349912 0
56.36306794269832 358.2081192799473 0
54.9288852766203 360.8349942767129 0
233.1084214987115 212.8909633917307 0
248.5890373045359 249.9222555585073 0
331.5882600607458 -53.19278712819352 0
333.0029093955351 -55.83337595632587 0
320.2672171682585 102.8939677548146 0
320.1444385746814 97.70275773187235 0
273.0148638888894 270.0891335822927 0
274.5470311719358 273.0482548631908 0
369.6426894147722 109.4848662390713 0
328.3984892055678 66.34384443128417 0
360.4742693511838 34.4247215540137 0
355.9157552263152 31.92655329225624 0
97.49736745892713 321.1605991350494 0
100.4866163097937 321.0873112492737 0
346.0887599342633 -69.09321400822519 0
147.4984123689096 348.2873347284447 0
331.0277919916473 50.70004097149472 0
374.439352783668 52.36152972070211 0
379.2340747311641 65.19984956429012 0
353.2884500248322 47.5687360594636 0
316.1269728809348 -73.60531338160136 0
235.4110576478611 263.2130161482269 0
376.4894833157363 10.78970376567703 0
368.8561319366499 -61.70643271421452 0
233.5332960324231 239.9895064772911 0
249.5723327150269 221.4425950686096 0
267.0959849209108 200.2478236101139 0
270.0928503155336 200.176647987697 0
271.5297838200308 197.5457029110558 0
273.0739434271565 200.0969392928512 0
274.5089544595073 197.4824571908121 0
271.6439696996401 202.7324359358708 0
272.9637794467876 194.9161173799198 0
275.9294427421381 194.8460424592423 0
276.0033572251572 200.0322557833975 0
274.3976700654277 192.2842325854032 0
277.3784481322298 192.2049104619988 0
268.6546051307292 202.8070431183 0
267.21908478096 205.4386607415539 0
270.2074527706447 205.3643945889419 0
268.7792974149988 207.9982476869481 0
265.7825629990729 208.0697278138622 0
267.3428282126296 210.6292155914595 0
264.3461261474336 210.7007087721376 0
265.8272080624304 213.2581457455528 0
262.8415721682986 213.3050243726781 0
261.336923621766 210.7494354875681 0
264.2237975390287 205.5109125721167 0
274.2816814278345 187.0922707719141 0
277.2784970438049 187.0212984978181 0
278.7154589302969 184.3900024245375 0
280.2752894460597 186.95019328266 0
281.7121952763683 184.3190292192689 0
283.2720789091929 186.8787526129222 0
281.8352084958156 189.5095454952576 0
284.7089493140161 184.2479547468227 0
283.1490984171062 181.688177657181 0
286.1458685621646 181.6171926609164 0
284.5860179744478 179.0573984659905 0
287.5827948475277 178.986424236814 0
286.02296886332 176.4266367177414 0
289.0197250382587 176.3556478649053 0
287.4598996589349 173.7958561637015 0
290.4566583704834 173.7248646039604 0
288.8968632696153 171.1650858481948 0
291.8779938542107 171.0881064958807 0
290.3312018529693 168.5333007958316 0
293.3121680611642 168.4537470255033 0
291.7672755998983 165.9017617417055 0
294.7491566165861 165.8395545169996 0
293.2040775818549 163.2736066552268 0
296.1708914386339 163.203666993163 0
294.6445397716422 160.6418606065002 0
297.6205575291167 160.5629112099363 0
296.0782932509574 158.0098841044033 0
299.0597278111625 157.9474265645347 0
297.5149315254343 155.3813640205586 0
300.481937984484 155.3113402839686 0
298.9553563437679 152.7494635060048 0
301.9315482516829 152.6706041073459 0
300.3892213597209 150.1175544274788 0
303.3707107195356 150.0549840786278 0
301.825832801384 147.48900774624 0
304.793202711453 147.4249012306038 0
303.2603342995797 144.858730962619 0
306.2270290571408 144.7834564429895 0
304.6965737801492 142.2263873124323 0
307.663420787553 142.1508712349117 0
306.1330750310281 139.5949332106721 0
309.1002809637038 139.5199162346782 0
307.569941004992 136.9640388333947 0
310.537276973511 136.8893319602843 0
309.006864170801 134.3332933345482 0
311.9743016912503 134.2588407269873 0
310.4438200354818 131.7026074957979 0
313.4113327715996 131.6283822540185 0
311.8807568614374 129.0719333928456 0
314.8483573590319 128.9979395523081 0
313.3177051077845 126.4412836725844 0
316.2853780104227 126.3675124952538 0
314.7546300687878 123.8106395118191 0
317.7223889055056 123.7370987527918 0
316.1915627379066 121.1800189597786 0
319.1593939559888 121.1067013353101 0
317.6284718744973 118.5494059400724 0
320.5963882986634 118.4763186984543 0
319.065386585707 115.9188173527226 0
322.0333756255607 115.8459540808342 0
300.2693275387235 144.9280433534813 0
295.9585057725848 152.8204126055456 0
291.64768558588 160.7128107375832 0
304.868379397905 152.6089219436166 0
300.5568211084216 160.5008373547764 0
296.2457652962583 168.3924546040366 0
320.5029762082543 113.2862909892947 0
323.4721293612398 113.2142908275198 0
324.9076026662218 110.5695175379769 0
318.9502049099061 110.7241809492054 0
316.0754278455039 115.9900556316106 0
313.2016413344697 121.2513865909545 0
310.3278259032034 126.5127817627378 0
307.4539878307936 131.7742327951774 0
304.5801324301438 137.0357308372843 0
288.7738137738567 165.9744107056262 0
285.8998750990595 171.2356525129098 0
283.0261133690265 176.4975746580781 0
275.8364530165158 189.6514595238576 0
278.8335470217745 189.5800630036657 0
280.3311286894302 192.1294009022207 0
349.4602385630066 -53.58119433896185 0
240.4587310534325 286.4306629001619 0
370.5290760550205 -53.95798684675646 0
341.6773684634235 128.3387861268907 0
346.1301126059356 125.6573877665652 0
344.5599494658952 123.083781911612 0
349.0080821074411 120.4016213173399 0
347.4357046181297 117.8262840818894 0
351.8775903483987 115.140314549325 0
335.9263356214836 138.8534431035121 0
340.379210323509 136.1726196691815 0
338.8092335145907 133.5996873709086 0
343.2524416673132 130.9153551034963 0
333.0504402883246 144.1101884057503 0
337.4934800118681 141.4267172635613 0
330.1757742530367 149.3688094869244 0
334.6182709444309 146.6843948268666 0
221.806748256453 250.6639681244239 0
327.301085846809 154.6274625919782 0
346.5082065966629 141.2411139303291 0
348.0663842634912 143.8008405305948 0
349.5049570001472 141.1717826489165 0
343.6916570756903 16.64651605955267 0
345.1923762467298 19.22909070020878 0
324.4263781148237 159.8861405562537 0
343.6319367160808 146.4979069236165 0
345.1898726874292 149.0582899269537 0
343.7522980530456 151.6860785381947 0
321.5516524427346 165.1448278869436 0
318.6769234552754 170.4035297291427 0
332.1275796722224 167.5268405701275 0
333.6847746493893 170.0864771211836 0
315.802198608074 175.6622231092774 0
329.2512543343904 172.7839197475105 0
330.8084519623126 175.3435616623448 0
326.374351269589 178.0400139587211 0
327.9329182732048 180.599491742776 0
328.3338449997603 201.2927966156523 0
331.0024193438869 201.5271173638668 0
331.2408192469408 196.0538165292193 0
334.0815191229023 196.2919791818494 0
335.5187588455425 193.8069179049644 0
312.9274622803763 180.9209182036536 0
240.5784518739065 291.6185828254479 0
321.1526736724538 214.4372746062232 0
323.4986801388544 183.2979150094399 0
325.0558279206318 185.8576421789878 0
323.618858555387 188.485000784897 0
320.6221683632099 188.5540302967595 0
319.1843950478527 191.1834653998171 0
320.7413527699197 193.7433352350025 0
101.9784018933653 318.4662518016494 0
310.0527285964694 186.1795978904538 0
338.447413142258 182.923057110229 0
341.4778125970742 182.8735534331391 0
179.1504947098495 285.4386081966671 0
341.3155749556402 177.6628191035092 0
344.4275146601867 177.6406360544804 0
307.1780036112647 191.438253472827 0
214.5052924683703 258.6319562916346 0
217.4899250160174 258.5529136603907 0
344.184403100963 172.4029514517811 0
346.9503076805515 172.7367133333683 0
348.6664042531125 169.7331346252573 0
347.0355942034756 167.1335597642546 0
348.4610193731994 164.4986483117252 0
351.1265447464557 164.7979019167416 0
352.9795323627225 161.8487189506579 0
351.2799391491615 159.2115038090552 0
316.3073538024696 196.4396399659203 0
317.8649728691908 199.000261361543 0
306.3035570040005 -114.8319914307334 0
309.2759416109291 -114.9066791378579 0
307.7207455048997 -117.4502251861389 0
264.895030345985 241.7466103609953 0
313.432007306848 201.6967903751225 0
314.9942869898598 204.2530692966472 0
304.3033120867389 196.6968849055542 0
231.8321012547526 302.2026337764521 0
354.4186111109137 154.1457249392347 0
355.4230802305345 156.954033850113 0
359.0402117082971 151.5847607168022 0
357.3622437409911 148.8972273491312 0
151.0027802136341 299.1081725325134 0
301.4334583603239 201.9583977047666 0
377.6926362239971 -2.214354756826183 0
41.30210546476376 353.4232208205327 0
377.4574445380612 -12.59015297590513 0
149.1813441116963 286.1755076789032 0
372.8821709515881 49.80133411475038 0
277.1576240548983 181.8310699981955 0
351.9752273941266 55.39254929376526 0
138.0147926673206 327.8267850912656 0
309.4636036632843 230.2832750507256 0
89.2827776672468 357.4398945391719 0
331.7431887312489 151.942326369656 0
362.5592898989918 133.2246181659643 0
186.1944662181564 336.9998840131445 0
357.8478811954686 -84.81679570316086 0
182.0187705222489 280.1704924162933 0
350.6472178184156 63.20255380425937 0
95.01497070467727 347.0102492102959 0
264.3005001759723 280.6883155858931 0
119.8431713527966 312.8405438410501 0
227.2803984512906 299.712319290856 0
384.7321209663758 -20.63819341581912 0
386.7429048565657 -18.11829930012086 0
382.972401020383 -33.47321069521664 0
386.2420430295364 -33.26871814672955 0
387.43369265864 -36.07075613839601 0
384.4419464821364 -30.79081820579472 0
349.3354781610643 71.02558168103096 0
385.0034479747614 -10.16602126355009 0
370.3616045469644 70.62142589195726 0
96.45131625357465 344.3911442890115 0
237.8061727802584 302.0552463699633 0
383.1228800952106 47.03681681915627 0
350.057620396823 102.1563687825429 0
352.922332421436 -32.90415473676005 0
355.9327386418564 -32.95839284094761 0
171.7298655560157 288.223404526478 0
344.4158672425225 -76.84595547439544 0
348.8503279729813 -79.54368686372226 0
224.656639961886 315.7307336349293 0
348.0168636065254 78.84188320913786 0
351.0106551161451 78.77021279915621 0
207.4975768491452 287.2362286971723 0
206.0608625515712 289.8662967336253 0
203.0617554798633 289.9355953159148 0
369.1609308020282 83.62523681396162 0
213.1286155448281 266.439970301203 0
319.6045348404059 -52.91269919321798 0
354.7239397125124 -19.9621094774153 0
356.2903757532508 -17.38383902947695 0
354.8617576979596 -14.74613242065987 0
359.3260402709508 -17.41389268484149 0
357.731007816872 -20.00686917799242 0
372.2021723860923 -46.20980680002714 0
139.1281978680995 304.5733766809959 0
142.0872947472823 304.4904428945596 0
265.0205982084734 166.780315975894 0
243.7029425591347 226.7606866093677 0
60.91104184238212 360.6967262835298 0
197.1929311806396 295.2608904266676 0
385.3564585356706 5.397990216654337 0
387.1794299386404 8.230848318941838 0
385.3730495005589 10.71629758008856 0
218.414841802809 305.1087152738757 0
144.1251964773067 332.8629209669293 0
346.6962096828532 86.66328375132485 0
227.6463400745658 245.3330879369977 0
354.3576208119633 29.36657923903697 0
203.6795915032288 315.8322544643013 0
306.7304466048978 100.6107448141461 0
308.1589178817088 97.98523824734805 0
353.6988972201937 128.0981273882837 0
374.0837553723358 36.79695646210135 0
375.6491972251667 93.85266662083757 0
255.8972196194789 241.9621252079303 0
375.2869492883866 23.79277096149731 0
236.4184069014698 234.7326608309514 0
257.0797987676264 288.4666701076068 0
259.788227924559 288.0043303313433 0
349.3853033107819 135.9835767380175 0
263.9419702816451 265.1256390763685 0
50.76222238240348 373.8517866561582 0
49.20358621650154 371.3045964240701 0
156.5823638772052 352.970867283816 0
306.2417168373057 214.8390208951676 0
309.2380904795795 214.7692001167291 0
307.8022941944949 217.3957368869881 0
306.7195094858935 235.6702759755091 0
310.1567634752574 235.8441809035023 0
305.2069202781927 238.3757564092772 0
205.6382117016418 264.0265758825534 0
273.3885044154218 220.7827829415689 0
256.6332287564076 273.0801678969801 0
355.6753590535823 21.56007136111081 0
337.6636734320945 -48.13047891777302 0
376.2537998844462 0.4141054502785749 0
345.3976658366828 94.49223804565165 0
148.9351834483513 345.6585670940814 0
131.6730712277763 307.3319088675239 0
339.318371297047 154.3841174102338 0
340.8755309780702 156.9437670769941 0
339.4380941857667 159.5714804825276 0
336.4416928350139 159.6402393307106 0
335.0038923257789 162.2692341420243 0
336.5611773193083 164.8293900039422 0
340.7560988085928 151.7550612882242 0
342.6282641594602 104.9282620624296 0
290.0891626527 158.1489117631574 0
252.4622200737362 216.1670374942017 0
278.949469980312 264.8378069110588 0
288.3696894277676 220.4324427797647 0
296.7808407860105 124.2323117766334 0
325.4382601799714 206.5379315613857 0
328.5715621558537 206.4376057654402 0
323.9729196524682 209.1509264726804 0
325.5809755220571 211.6283023507517 0
215.9422757612886 256.0006043116261 0
259.7897047420622 208.2082783892934 0
294.4008468524885 150.2562979009977 0
363.6467769033371 104.513007287815 0
154.1632258379411 309.3901541998335 0
358.4220766329892 141.0083308237463 0
359.7354219638881 138.4597676925491 0
363.7208216558509 -90.13904264474063 0
301.0975560025869 116.3380116359019 0
172.8284034060487 344.9549466327959 0
335.5745610036838 188.1806315714797 0
338.4085753246586 188.4295225819492 0
334.1009638683749 190.8782868892621 0
298.7119064688142 142.3609483857757 0
368.436504279092 117.3788488144573 0
34.27711362940222 371.6550751200746 0
299.2173581891493 243.4373374750206 0
384.6262298338191 33.98777824453437 0
172.6537786299679 334.7224379368339 0
112.4199217520975 315.6207943128782 0
113.9712583925682 318.1768212713332 0
112.5107176574501 320.7937813274244 0
212.7691796864271 320.7154806238641 0
227.5079142859852 310.1248677902965 0
96.20556471102049 334.0205135492396 0
329.0119923876576 92.29902989378178 0
334.0131423918871 50.63343380226112 0
133.8263571107679 340.8852724636688 0
237.5832129749166 291.6879929494885 0
234.5881679288314 291.7574574210535 0
328.8680834615357 157.2002897614744 0
296.054862442025 228.0510141936311 0
299.0503282649072 227.9821593677691 0
294.616973226794 230.6795849252524 0
296.175213528132 233.2382910920408 0
284.7460753349726 259.4443651365659 0
331.8071035145778 -42.80927424100146 0
137.3196180426357 361.5012277899335 0
325.6284723683053 76.79129073672817 0
282.5030345015679 225.7629855080341 0
375.8416505098373 -80.04404121351251 0
156.3621056741474 342.8894132963438 0
249.5309778879846 291.3892498950463 0
202.2425188284765 318.4607017953761 0
199.2472520205484 318.5305930571151 0
197.810415616017 321.1592391512299 0
194.8149659061401 321.229106721462 0
193.37802675559 323.857627667852 0
190.3827470534134 323.9276139180019 0
188.9458304817387 326.5563025767481 0
298.9311510616142 222.7941126182528 0
354.4779946434181 34.55608859187735 0
352.3427676135103 70.97126673025994 0
367.1832807225383 -69.45461412498508 0
336.8668760253952 -79.26959391877094 0
310.9029732942358 222.5032625145009 0
86.28875711288947 357.5100801728794 0
177.6985198086825 288.060314168497 0
173.1674213151863 285.5909748326418 0
354.4766279377318 -30.34456982000607 0
246.3292953313562 281.1042705962884 0
249.3245422831474 281.0350667896699 0
250.762353419835 278.4064318730265 0
252.3196995966987 280.9657751215552 0
330.8927091739819 -79.14372531555725 0
374.963302630106 -56.65318623831384 0
328.3539929195792 -63.50263382106953 0
327.0807681916518 74.15453330532706 0
143.559635221035 301.8751456249324 0
323.5698345374003 -11.44999241534494 0
329.7053423126816 58.5256431267179 0
347.7620833664448 -61.33882304583776 0
213.3673477890964 281.9054880643754 0
216.3633381393631 281.8347429332008 0
262.504132290182 267.754063333324 0
137.0763232676571 351.1272046013615 0
229.5403675924895 268.5427345493723 0
334.6042142065272 11.67124968298979 0
333.0776991921685 74.02364705081176 0
334.5904951562055 76.58265303715834 0
241.2811066052869 257.8825636552057 0
332.2157277128867 37.68691414077489 0
333.7617446439507 40.25509984581329 0
117.7920461268399 359.3647683818049 0
220.9181362191728 284.3224010977784 0
224.2849437463196 299.7820179540944 0
216.9775130058562 307.7372708146489 0
213.9821540275864 307.8068849785623 0
215.540142076325 310.3658051539626 0
261.404176783057 221.0632223131278 0
372.4363652386083 -35.83349892139806 0
333.410675061815 24.67538632426626 0
334.9676246514455 27.23712380792336 0
337.9264897228039 27.18772718372489 0
373.8754184544418 -38.46118514227615 0
372.3191742067345 -41.02160751058178 0
375.314434977174 -41.08902249258445 0
374.202068255674 41.98521004456015 0
325.9929564260245 162.4582792169398 0
223.6700151206492 273.8739292860637 0
228.2283164145512 276.3541025707315 0
376.0518713717594 -74.84380619551406 0
226.7938453972737 278.984994963387 0
129.6499486742901 353.8959717054508 0
276.7635473690601 236.2811322940101 0
351.2481928797375 -40.63569173243403 0
68.32881334125653 357.9299697105058 0
233.3922011855906 304.7568004307319 0
243.7477399356621 296.7423344080138 0
374.2272130189292 -22.89742101792423 0
209.5493241146218 310.5052421033815 0
330.026529260762 -55.75465510307621 0
353.0382046700457 -27.71661641499514 0
112.0481511416397 369.8793971067565 0
178.761288311858 339.7334533444719 0
127.7170910762649 335.8491375932325 0
253.8694787803389 283.5212029973443 0
256.8195314156807 283.4269162765545 0
383.6701612187475 -2.357553198511718 0
212.5446164658472 310.4355912346626 0
122.4873866840464 367.158887477616 0
117.8291815016406 369.9574814292637 0
74.31439050348186 357.7902919651232 0
375.6660633964161 -25.52519826895038 0
159.3579254548852 342.8193411957273 0
153.9993904503257 299.0360501058299 0
155.4356138372857 296.404625341193 0
375.0508079888444 13.41780535749609 0
334.7282967660837 16.85255936153373 0
282.9934534817791 246.5191719342886 0
374.1098176880233 -28.08540398434049 0
255.19558926679 275.7085557266498 0
333.6354256758719 -89.57814836148418 0
274.245872902308 257.1024949202642 0
322.8944648688001 87.25084481079759 0
126.1557031136585 333.3014732243531 0
333.5325512190583 29.86696190425158 0
217.8003350166051 279.2047130609683 0
193.9533778392664 284.9608234618159 0
160.2976049378544 319.4963631073803 0
158.4321611692503 296.3327218454395 0
159.8685203914502 293.7011315310971 0
162.8650071319843 293.6294227817673 0
164.3014628551776 290.9977810980524 0
167.2981526049603 290.9258861386768 0
80.3012738228459 357.6502622392489 0
200.4427122663758 305.5263091975171 0
344.169437416447 -22.32061187773491 0
332.3396236790996 42.8794688276344 0
365.828608384866 3.245739254078489 0
228.7178430411636 297.0840517791534 0
323.1178190857948 167.7162785685038 0
324.3024536407024 19.69445248883347 0
192.0894023227741 261.7656045600077 0
356.2924265670263 -87.37715074343745 0
4.156198242183857 346.8867605000079 0
105.9395513171857 364.8310822840432 0
169.4127166615989 324.4199554185396 0
323.0886690880124 -32.21984031348047 0
379.2488823189738 0.345883090977684 0
173.8464655635481 321.7202865464125 0
379.4463479269115 80.8603462742611 0
254.4601766594802 244.5919796219885 0
143.3233190272659 291.5020213373465 0
334.3215797211036 1.303476815030407 0
323.6936439806404 -6.260424891631381 0
367.0665098841422 -74.64268234497199 0
178.2790206284767 319.0209800641696 0
344.649902007404 -1.559786445188127 0
344.7717371036937 3.627732205743548 0
192.7561270985487 297.9611647129987 0
361.6591809796596 -48.56733397715104 0
157.3018800133068 319.5773443136253 0
209.0605546565703 289.7932029093128 0
182.7110891114636 316.3220661851833 0
334.2024148297248 -3.888100980670505 0
355.0929361010097 -4.384011446176913 0
356.538956171668 -7.00398209698083 0
356.6867240095742 -1.793689843265827 0
355.2223576385665 0.8127048376979289 0
356.7654447260895 3.36514469642449 0
355.333370373451 6.00799303253366 0
358.3367340276426 5.967612311030398 0
344.5299288935124 -6.749779594194664 0
358.6896327686575 21.49894511444887 0
187.1443686151904 313.6229498949431 0
334.0813302294656 -9.079330239857271 0
188.323753089551 300.6629938543859 0
376.0186188995798 -9.962056204940275 0
183.8912346473666 303.3638948014739 0
186.4011405879555 277.4497451669411 0
191.5771276667092 310.9239042858677 0
344.4102921874743 -11.93990836092047 0
365.5937945352235 -7.131415185300661 0
196.0099331164356 308.2250794996037 0
189.5199914551787 287.6622253038938 0
333.9602270370961 -14.27071153680814 0
375.1972175415165 -46.27732882826488 0
377.7251498853406 -67.09710096342806 0
198.0193552135536 331.6417964752625 0
196.615726242055 334.1616628450101 0
193.6157622656787 334.0244915530793 0
365.7113783525418 -1.942637116085742 0
344.2895014636109 -17.13038786762308 0
239.028688738869 219.0697140616667 0
118.721790025022 336.0666031200099 0
333.8359021049527 -19.49240372282275 0
171.9157409816711 298.5707936056216 0
174.2120389192546 337.2807904121122 0
187.6549131132545 264.4698727425681 0
179.45823046073 306.0646945994846 0
371.6812109438716 62.80567664000142 0
324.1888007528828 14.50779655825172 0
176.3480527839468 295.8684950649072 0
202.2278282160088 328.7323959739303 0
205.1586022956301 328.9629317499275 0
206.7298269225772 326.0589942163249 0
324.0575444958029 9.311717846177414 0
323.2077975597053 -27.02672464498671 0
167.4835072807393 301.2731816037443 0
104.6970525799959 372.8773522108627 0
175.0252929967925 308.7655605984862 0
181.519278620672 329.3245735817767 0
163.0513780906463 303.975671780289 0
170.5924239773024 311.4664883911647 0
195.2614515595862 272.0711887983038 0
198.2243634623881 271.9992583606136 0
156.6235769651313 283.3937876769298 0
166.164620217203 314.1642746622766 0
333.6085949141869 -29.86494078998226 0
335.0350108856381 -32.49453326276352 0
242.0162566253658 288.9899102577419 0
287.8856361782643 199.6737910027017 0
371.851288000216 -61.77387984067676 0
158.6193856381244 306.6782315964015 0
236.9699451348338 265.7717379541882 0
353.6396030406481 63.13500855112873 0
227.3147251594989 229.7583444772845 0
331.395408700335 66.27330146962052 0
102.9643886389054 364.8892716817859 0
149.8744869214136 322.3520533220902 0
111.2945673875462 338.8420554720503 0
300.3693019969558 220.1656108567192 0
343.9473772914763 97.10988328170454 0
265.499540439708 267.6848835655177 0
320.242676486614 172.974281151963 0
145.4424652996518 325.0536412034988 0
270.5145164119766 226.0416400793327 0
270.6436986379082 231.2308864868425 0
234.6086801844571 221.7860333685553 0
357.4173202443521 94.27559204909733 0
366.4037964808215 94.06780232469782 0
253.7577344464136 278.3370466897442 0
130.3669511238328 320.2384069079907 0
321.8769768546879 -84.11991858182434 0
324.8448983098418 -84.20472704470338 0
323.2899959116383 -86.76150342263836 0
336.2782380246565 89.50378316710896 0
368.3892336468715 -82.45812113981962 0
109.4231613342787 315.6933772313676 0
133.5829617555917 330.5283227551434 0
317.2702579450951 102.9649842718587 0
380.0966314697592 -28.22253835604381 0
121.4061611603772 315.4025351380147 0
124.3470415622659 315.292994084306 0
317.367532443822 178.2322800962932 0
321.0429913333246 -55.54284936177436 0
371.56261432438 57.61774851863759 0
212.3039707021151 300.0628815867797 0
269.9693141284968 194.9859182174814 0
321.7915885769085 40.52989878442835 0
208.2639217867622 248.3924947933945 0
148.4382720920992 324.982177705674 0
326.6746480811257 -71.25280803614639 0
131.2083149233679 356.4525213853099 0
368.5893313524933 -7.198190499360752 0
360.1317629899315 -115.9844997970286 0
368.4718319234033 -12.38637129770405 0
352.5805259020917 81.37647429975212 0
326.8107149187407 -1.140262687021482 0
326.6891558814934 -6.331224889499495 0
368.7068765224606 -2.009977510687074 0
102.5564480915304 349.4316359462809 0
104.1177387263123 351.96273435607 0
330.1536218475833 -50.56107615773522 0
365.3941102015638 -82.39092734065936 0
362.3271083930388 112.3287257837809 0
347.9006193032268 8.734755183184557 0
141.5081594147933 348.4286045620876 0
181.1006459703907 259.251499792873 0
359.6324913653028 -71.8824179854454 0
217.0920644294413 312.9218213000737 0
178.7888721202818 269.8735635980732 0
286.1039045377591 251.6371993952948 0
247.1517619775654 252.5522602138023 0
314.4923873710496 183.4902750333164 0
298.6918480242972 212.4170682030707 0
370.1785489504202 -69.52178391463238 0
362.1649316583051 -92.69876411171187 0
265.6184243366657 272.8729558880888 0
103.8763971319417 341.6204268289687 0
150.4935288716937 348.216727614804 0
323.1413604872259 97.63159083134886 0
342.3763091540421 -35.26052448141793 0
373.3561184455122 70.55246120320065 0
358.85579481063 91.64725899042843 0
204.2596980316966 276.9330248225494 0
131.903851326641 322.7835810533594 0
247.8866954785664 283.6636459335695 0
95.87541879637831 313.4253918798436 0
322.6015802371423 -52.98216292579728 0
375.8774483327218 49.73307256169606 0
361.6293430898811 16.29769713537161 0
314.0272891873504 92.65365881684484 0
323.1068211579782 32.70760086409312 0
293.7550949964859 194.3429165197642 0
236.1454143086165 294.3166493380036 0
211.5084043862866 258.7033575467166 0
202.3934131468857 253.7267687829127 0
377.0782688694258 36.72848962011436 0
225.8423276833881 302.3412520619437 0
66.8940976345479 360.5585675406039 0
254.2165520854453 234.2156687404423 0
214.9263182061614 284.4647198382529 0
357.3534055220044 29.29709269365655 0
375.4315906911634 -35.90090914496437 0
96.92808155483017 365.0310095559769 0
378.3087109538545 -41.15569755701816 0
311.6172415438034 188.7482540821472 0
211.1070978289079 313.0642964316515 0
379.6011752242123 15.90838447917963 0
246.9083180610812 242.1731407997923 0
314.9726938821042 69.25831630364888 0
338.5436116846513 -71.52007835483013 0
377.2222993357109 -22.96506315831046 0
254.9560790087619 265.3328023744853 0
320.9672806655913 69.11636830621303 0
86.03360563447283 347.2366554014396 0
376.402286658316 -59.28183738325214 0
140.6636953353189 312.2250573705286 0
113.7297765625302 307.7989295157205 0
205.2375442862497 318.3909367893136 0
239.6004237703326 250.1335257659399 0
78.86546875871258 360.2780552593024 0
321.2865874138528 -45.16218639551749 0
125.5910628427259 302.3176610838577 0
244.653263152011 273.3598197147833 0
138.6357688770424 353.6862998238823 0
123.5379694126262 348.8496215700103 0
368.8244411952167 3.178129810159302 0
72.87925236079238 360.4182615734808 0
137.7667032527971 317.452551948129 0
166.5475473154345 329.6794627272978 0
116.1104310072167 351.6228077976051 0
219.9727204362084 307.6676461262379 0
279.2601893453835 215.4531738302599 0
131.4601379778321 296.9823454547271 0
369.181049389761 18.73637903901879 0
289.9336660621448 222.9949648412422 0
157.9206855076496 345.4480491053311 0
150.250423650713 337.8419780512111 0
110.6076126964868 302.7003729870472 0
340.2325747868739 -63.76381405669008 0
130.9574909847178 346.0918176600558 0
373.5242236466282 -54.02543852434411 0
291.2604209534773 215.1827882988213 0
142.8207999730377 340.6256655580872 0
318.0981413048917 4.337090897474548 0
324.788864913296 40.459149031664 0
348.2472846091947 24.3261998502614 0
378.8960553742544 -15.21765246349024 0
317.4336996036642 -21.74944819697084 0
280.1528759785942 181.7593252438088 0
343.694022844172 -43.07682034581332 0
359.5188436673967 -77.06985476912934 0
326.0820586423201 -32.28756550512797 0
193.6500365350478 264.3232968135581 0
364.8896119432359 -38.25856009404028 0
347.0502379532882 37.32754920298427 0
365.4542810679873 52.56689050197077 0
313.8031458988228 217.2464856806393 0
308.7421294442432 194.0062069265825 0
150.5047808337985 278.3421614828418 0
211.6857121780346 274.1596705438267 0
203.9539903527906 256.2866454085765 0
364.2509219022394 65.56765193057214 0
207.8710099799682 302.7581834982687 0
325.9818353090762 27.44597692766773 0
345.8516268402147 50.33325869146118 0
258.1909760886243 275.6393018001334 0
362.9312384668583 73.38587506949591 0
84.85292655016464 360.1381788225918 0
151.185065915136 314.5553878711171 0
366.676902642549 -25.32399994070262 0
344.5346884612391 58.15231370786738 0
137.4540194678301 296.8377372428965 0
341.8978676083456 -56.02008918707401 0
345.4880472279785 -30.13960892006237 0
214.2581019247565 248.2498802084321 0
343.2235261362482 65.9750849748163 0
152.5633941683975 301.6666036236907 0
119.597843823531 302.4630249763158 0
90.84087011266902 359.9979545356194 0
201.3826599145091 282.188295773816 0
341.9093351303538 73.79468446810314 0
220.1284522662011 242.9159286925531 0
361.6135929676692 81.20290878847732 0
300.4885899641137 225.3534548315666 0
337.1162356999906 -68.89687232767531 0
324.9700696439251 -79.01438368114188 0
340.5874239314688 81.61237380097606 0
228.8729361713822 232.3196271644647 0
225.9991147218485 237.5823466151394 0
324.2816087515457 -45.23067314905261 0
361.309871960874 -64.13208956463802 0
139.3269645807156 320.0082029339022 0
339.2698714796475 89.42941832974037 0
364.1341992490676 60.38262957727871 0
257.4566548307546 244.5214090434139 0
285.6293663717053 230.8859508633547 0
286.22110866862 191.9340356803842 0
276.8833492268517 241.469012763688 0
268.1354615564464 252.0542378823973 0
262.2649691253491 257.3782363570929 0
234.743098543009 226.985853630139 0
333.6406367686672 105.1364637064365 0
336.5235304964103 99.88156148556288 0
244.9251328257924 213.7582020488182 0
238.7810811809116 278.6832702688791 0
362.9822449932181 -56.38324092797485 0
202.0008867118733 308.085369070082 0
232.9121266551282 284.0116323982356 0
321.4581916786589 89.88108059064395 0
269.8128422025322 259.7996760383138 0
167.0504188000326 280.5436117613182 0
271.7255235071132 213.0441392177054 0
364.6552206161932 -48.63470359554353 0
89.52774603126024 367.8056414367568 0
368.3542654021277 -17.57399246553942 0
345.7360469443638 45.14735143967771 0
88.5657180827929 321.387773236056 0
327.9030780622773 115.6614503770323 0
249.0862231543541 270.6604926569348 0
330.7994793474934 110.4026328845523 0
366.5622246069192 -30.51096055599074 0
143.7589209953343 317.3058475269408 0
261.525077946565 226.2526961464824 0
315.1218219928766 209.4325637418447 0
346.9329711956173 32.13878360127935 0
343.5884183929271 -48.26187328656659 0
274.9475236448168 223.3418675228196 0
303.4839678227681 225.2843476137768 0
325.016069615674 120.9150141086729 0
250.7992532104725 208.2970866042871 0
322.1411459513857 126.1746810520749 0
318.2151115824175 79.56973267290212 0
209.8243374205742 250.9525281470329 0
233.7298925828857 255.466935727019 0
227.8594272862723 260.7975076199829 0
319.2661952996584 131.4344093196078 0
305.8672475470697 199.2640187138271 0
322.2817827998768 61.29427481015257 0
221.9921198589757 266.1270248302999 0
316.3912222734196 136.6941915478351 0
261.0485861284707 195.2170041092244 0
347.1655111171667 -22.38961729616749 0
323.5964578827493 53.47224355844419 0
345.3693538518895 -35.32926087563045 0
324.4015276593174 -40.03955482577852 0
212.3738588025145 235.5497014521258 0
199.5203685739808 258.988798365481 0
216.1221715464079 271.4793452842463 0
263.9456845063282 189.9872587627809 0
266.7266979205423 184.6740659890203 0
266.0003250240052 179.9556495582299 0
310.6538192966806 147.2211638011782 0
313.5162339646099 141.9540183850174 0
205.8162484417136 279.4883081632071 0
326.1040248823493 32.63711548144075 0
324.9112922534481 45.65023953606122 0
195.5128803760063 287.5195739300614 0
327.2976526324981 19.62394171886989 0
316.6235009381969 12.08217196019174 0
315.587469860343 -29.42374859067703 0
338.0824914574731 -27.37302362122238 0
127.4681373863368 325.5043993868517 0
275.2587237601019 169.1455020011394 0
180.3495822319213 272.4331762086549 0
271.4052798930472 192.3549228965153 0
282.7634658106565 155.5615164285418 0
105.4337253736966 344.1751732726184 0
195.2674329074415 277.1397601302788 0
285.7016385635442 150.2955712792653 0
367.5036548855933 10.99429443585861 0
294.8380357868396 176.1490181220268 0
267.8933938654719 241.6769888502264 0
303.0012418906895 204.5270270038948 0
291.9537247124081 181.4033108504408 0
166.7845329390192 340.0499932842848 0
375.9960020903217 54.9216730508981 0
288.5386225592721 145.0110284454821 0
311.9887433796465 -49.79379076174786 0
93.45671664773297 344.4623077808421 0
189.2157144987467 267.0271829140945 0
289.0787751084495 186.6631837542736 0
294.0979022536997 134.7069866976258 0
120.0404244127162 328.2561528705259 0
292.8177167425882 217.7420931278479 0
295.3138838920107 196.9027349694298 0
202.0306099561634 243.5264830201837 0
377.928071867731 8.161780308702472 0
280.8185124811085 218.012712481442 0
172.6808810589774 264.5292907005061 0
271.3701397461028 262.3591269268212 0
113.1164120541889 351.6959567413535 0
316.1511347145833 -8.674570053239503 0
274.5923738106928 207.7789130423986 0
271.0106569850198 246.7959799596637 0
133.0212485604754 299.5417236404799 0
360.8888322489925 114.9568618394861 0
315.6743618600356 35.47957995592024 0
356.1575972201352 42.30597256007731 0
200.7430921823509 246.0764790391917 0
300.1262441386589 209.7852635371717 0
330.1999914705914 84.48595740952157 0
281.5894915831058 179.1282106403773 0
239.356341365607 239.7538217036216 0
112.6176332331669 331.0569577636284 0
165.2265329373744 337.4915709621444 0
320.8021313451441 -65.92382879328365 0
326.2030882435683 -27.09653977550737 0
80.04610727635287 347.379228187853 0
315.3415771182891 84.83141554322934 0
225.5730325036399 222.0149278364951 0
174.4799376075166 277.7679124062496 0
307.9726855617188 87.68302801104463 0
353.1615373529089 42.37540262575661 0
326.5671318584667 -11.5221694801959 0
241.937135543261 213.8337171305191 0
243.2608572635306 206.1709756407545 0
126.7733756988411 359.1481974249421 0
121.1583440432628 305.0215616872498 0
256.3939456555046 262.7043052200761 0
312.5901170612021 95.28479837729083 0
184.7827647576139 269.7299096850696 0
82.7073856423789 326.7258859672579 0
105.1871477377777 333.807256256687 0
241.0375563409223 247.5035391832997 0
326.4470879956925 -16.71330193136846 0
197.5682875698901 310.7839652075107 0
125.3404725087 291.9354160624624 0
120.8378638574715 294.452015524197 0
336.1665858356627 14.22231862389454 0
144.8839667047505 294.0616388586839 0
288.4998908723248 225.6260649040178 0
374.93291503029 8.229912994708751 0
373.1194351783502 60.17768219338916 0
262.7852302183225 208.1373633206811 0
326.3234252396944 -21.90551349491287 0
358.0688518842604 -74.45088679479302 0
94.76809676583289 336.6524112676142 0
315.1834576931711 -115.0363140937064 0
373.7581668015907 -43.649526854568 0
347.2853663373934 -17.19971330782628 0
375.9009515640615 -15.14975557195162 0
191.0801382546997 290.2204299028124 0
83.53859762535581 367.9463166438919 0
335.3101528033624 -81.83005432310387 0
193.1357026896927 313.4826507178411 0
103.3042539639861 310.6482578858377 0
97.51283496390027 326.2004695737218 0
140.072848059201 351.0580403530747 0
113.1318695365209 297.2677123340143 0
74.0599543249505 347.5218030220092 0
275.3259125446385 238.9093100953234 0
319.1237720736698 -73.67402886938459 0
259.967061481812 223.6934298885827 0
363.2159440018758 -46.0067181447731 0
100.0779672396435 300.5372533833724 0
123.7747829022785 359.2205183452998 0
89.6055523071102 303.0974305362709 0
225.8693502812205 232.383357412312 0
188.7031730817221 316.1814306688453 0
110.7330078860101 307.8715090303573 0
255.6540150503691 231.5861059301427 0
325.7445706083873 17.06636716355825 0
121.9793673447901 346.2911209455056 0
260.7074990922347 254.8191553582843 0
347.4047200936439 -12.01058791759366 0
300.6086078417765 230.5405725837983 0
248.3455752738528 239.5431047376406 0
186.6627490468642 292.9141392743376 0
315.2149281343362 79.64254540232039 0
317.7255438250828 58.80392515955379 0
319.5300855454786 71.74736071934004 0
338.9052984357224 -55.95396779269815 0
184.270610953166 318.8802721162057 0
97.7629193502535 336.5775706332354 0
342.1531733582621 -45.62847162653052 0
320.6026335638743 53.54485823340526 0
122.2219660856859 356.6648844572676 0
179.8382942292602 321.5791620275157 0
347.5249694188054 -6.820310522676857 0
209.3088081961271 300.135594442911 0
298.1884856397245 191.6437310292697 0
280.0304809685799 176.568530378775 0
297.6126462659121 230.6100919727452 0
81.22919773013142 378.7198352600041 0
79.38129475570442 380.9593018169561 0
361.0042087259598 120.142049040401 0
370.9000120825313 -97.9762236878109 0
213.1234417382732 271.5495705654007 0
172.9196600895746 275.2085574804761 0
175.4059797750438 324.2781617517002 0
107.3733175718187 362.2051081517091 0
146.3212481563178 291.4373117877466 0
170.9734943438235 326.9772672005403 0
362.463364113281 52.63524599207202 0
358.3140437461387 -64.07289987494357 0
327.0535259540931 9.241842545554993 0
263.571765640623 249.5692907774945 0
128.9285268327454 322.8914228458989 0
364.5077633366238 11.06218211647986 0
82.26239078726138 306.1310210056275 0
166.9285051179417 275.3498454106917 0
200.8054962513897 321.0890044577562 0
359.9300948760394 73.44987738126224 0
359.9660655518626 -56.32913084140682 0
341.5412349897563 58.22364314903788 0
347.645123805609 -1.630618319358233 0
340.2601204075743 66.0723919725568 0
373.4742728876105 75.73925457087759 0
237.2233148838587 276.1248835995321 0
87.34628097557049 339.454223456775 0
101.7427421689327 308.0891194435395 0
360.1753239630684 83.83119645008131 0
337.5919306684464 81.69420446171603 0
337.8382533493965 92.06328757246084 0
218.568234149553 240.3559977062186 0
232.1900236615011 252.9362479691654 0
226.3184954183323 258.2674797088391 0
220.4438116140871 263.573595529264 0
319.2858038056254 61.36417649364038 0
345.5116104936566 34.77917415354533 0
365.1119516254445 -27.89125865436294 0
347.7661635651014 3.559068759785415 0
310.3798843058774 -68.21058659092591 0
343.930366900824 -32.69993180274957 0
200.9569271724801 256.3579717294346 0
68.85151842199436 378.6018999648692 0
323.3515921416709 43.09000601386072 0
362.6975388029385 63.00521676737176 0
344.3124897471982 47.78467103872797 0
233.1813585203322 224.4244291728912 0
358.0125876493669 120.2133377372759 0
116.3558606085883 361.9932733528863 0
324.5443386359358 30.07681159827925 0
74.93141726086506 378.3302964305138 0
202.8195336333225 279.558294224953 0
211.2610114017757 248.3212014656254 0
326.931783180675 4.05069817594253 0
156.9959275092777 298.9642384365017 0
120.4208967032352 343.7356793990654 0
67.4764605625783 316.7118587418215 0
74.90277453163912 313.9356036387254 0
306.5085263657151 -104.5033887777333 0
68.0753280567579 347.66402915547 0
364.7724800880646 -43.44645605330703 0
111.8033531547593 359.5059035628532 0
339.5029856269218 -94.90032578206151 0
367.267769712428 0.6177615742034832 0
113.3617901688063 362.0639499907871 0
309.5933157405584 95.35567384519339 0
140.7629232828119 317.3780094004488 0
199.00549458776 308.1551793529559 0
296.6297919322254 189.0832652962403 0
327.178230962858 14.43413832549094 0
356.5933512818161 -136.5966095009964 0
359.635506217573 -136.6627826695593 0
357.9892781928367 -139.2190698948157 0
361.1815855512001 -139.1729612844393 0
359.7339178829704 -142.1059141035433 0
357.5573585958931 -144.535798378102 0
362.6953985179221 -136.3963311970938 0
362.2888300683477 -144.2489001238676 0
353.2970517828085 -87.31104585014721 0
93.23125624359329 334.1292738914353 0
158.1838070889137 285.95116599663 0
134.4570374724127 296.9100721279086 0
322.8434583573204 -42.60034056822469 0
162.6173069979483 283.2509896579219 0
118.4804979469646 325.6977261354166 0
153.7505098851822 288.6542104690208 0
76.46332690186748 316.4939363139041 0
62.09298197460041 347.8065137201817 0
190.65252633052 264.3962335984002 0
357.0235411489386 -121.0897318568326 0
314.5690323624946 -76.16512113750429 0
313.0126728751233 -78.72502083246056 0
149.3176174282836 291.3610106917621 0
324.6460175758765 -29.65782702392518 0
375.4040255035773 28.98139737231575 0
271.9513985706741 223.4120871315936 0
81.35639475784771 339.5665322706872 0
36.24187633718953 325.2555399827649 0
358.9750840923511 96.83529521594654 0
122.5939617901706 302.3899294333197 0
372.0365362393115 78.36735132782192 0
345.7276419836357 -19.760242215429 0
253.3987503245859 262.7746481862594 0
297.7334675137719 235.7966400423527 0
277.2408222365704 257.0341134837462 0
363.0692855986027 13.68436534055374 0
192.5166392178174 287.5913114251619 0
69.03826839844709 319.270174336963 0
279.7591027614205 236.2124645356733 0
284.4630351082556 173.8662976490332 0
238.0417592180137 247.57704512527 0
220.005031256944 237.7248451025935 0
75.36995914472629 339.7109262870112 0
291.7424021002215 235.9358017774415 0
264.3997086489708 220.9943220851634 0
308.2264047294931 -70.60940032546921 0
339.9878790383951 55.666479557689 0
357.1777607604242 83.8984917835121 0
103.6231410506573 331.2524791876 0
34.51626930507749 381.975613347406 0
322.4810594215646 -58.17300198230174 0
68.78458443531709 308.8905608754171 0
291.8623407623469 241.121764188055 0
358.1274823443247 125.3977795315051 0
360.4915546530987 -100.443643516096 0
347.3748577476202 -141.5009273931415 0
160.7950900731457 340.1906788414136 0
56.11249799121504 347.9473987613187 0
31.17333374026978 366.5742361989929 0
334.8770506681258 92.1659143671579 0
282.902355777705 171.3064351386625 0
254.1136729126968 229.0535811840388 0
246.7865941227454 236.9832942497651 0
313.77728881944 82.27387333533056 0
341.1857408354487 -87.15082231931099 0
316.5329013008451 71.81830201955515 0
369.0421608500909 78.43684410265912 0
333.8761351801427 -79.20429458210877 0
377.5750482184798 -7.402494288593632 0
98.74568927129266 308.1624414917418 0
285.9900987110768 246.4483791690934 0
355.1367643806224 125.4699837106766 0
31.2951585597127 371.7274681891363 0
320.355531534621 43.1614865783526 0
365.159198743814 -92.76647397714504 0
357.5373047830224 99.46353281666606 0
301.0630736212125 186.3841827049676 0
278.6785083353662 254.4056326402073 0
224.4285627665043 235.0152244962088 0
37.92133822077753 332.9777860043807 0
196.3732019449882 323.7875843283119 0
69.38496241136012 339.855563807017 0
314.4518669804291 -81.35267954522064 0
287.3074514933585 238.6332011727981 0
262.8478746573236 218.4484171577471 0
319.1660260076258 56.17592499571442 0
237.5993319291172 221.7080104270079 0
367.6281752912508 -113.5876000884497 0
369.1542744077072 -116.1929489031972 0
236.4989024693043 245.0444242047445 0
317.8056607844817 -65.85445304252455 0
355.6104867885591 81.33078799799348 0
209.7005520754921 245.7611762639581 0
319.8210378712726 -107.3923661605814 0
340.953276253703 -32.62540342970642 0
63.40207189773162 340.0100171466606 0
50.1352391608318 348.0819980592374 0
309.7197279692824 100.544903729746 0
199.4018805615934 253.8013059325855 0
320.3130652719925 -86.68125700625947 0
306.1716007868854 -119.9914141341282 0
299.5046085197891 183.8237585179733 0
201.2646053872946 277.0237458000522 0
287.3362708634761 168.6044424089594 0
318.9182598278887 45.7925515192274 0
367.1503510491279 -4.570676265765261 0
194.5726978644203 310.8539099946511 0
321.5294898373334 30.13809480916904 0
277.1215070382763 251.8459346901158 0
245.2306571140953 234.447584096373 0
161.4285128136981 296.2605719541292 0
376.1362284659238 -4.774359211639382 0
313.5315810886962 71.8914664350969 0
319.4847916641734 -58.10337667526941 0
109.1717889599403 305.3156719398567 0
33.5440702588039 340.7640439312952 0
61.48019265249471 381.4143252324779 0
60.09390658167581 384.6176356645275 0
355.2566447971524 130.6566715755416 0
139.207257589705 314.8504466945838 0
211.1373120856367 243.1297536779472 0
188.0860256015525 290.290676985856 0
319.859737350314 -42.53829456660755 0
285.7757213100009 166.0439212128475 0
186.2196343201694 267.0991217008537 0
363.3333694400729 -40.81865851527798 0
41.79671388650301 374.0647330312088 0
324.7649896459986 -24.46583397072037 0
345.8478294667708 -14.56989551698836 0
316.3673984393661 -63.22432622345347 0
313.6431815541569 -117.5843160494375 0
370.7140626283533 86.18080086771268 0
132.8960900800801 294.3541070002512 0
196.4571676963145 253.8949084895779 0
354.5449711017743 99.53066315635775 0
325.6191301911927 11.873655945753 0
319.7623532747572 27.50664638421263 0
278.5593860000979 249.2175617826302 0
353.8192817181642 133.2853186961579 0
379.7180426075798 21.09476066082056 0
303.9378211219317 181.1248166016309 0
121.0331333232364 299.8186603542752 0
316.9586585265353 -102.1513388662961 0
150.7519641452568 288.7300866284507 0
242.0474070810011 219.0175319325794 0
350.8232526086343 133.3553344858406 0
57.42167822095039 340.16147318154 0
191.9411831099991 326.4860484119321 0
290.2106041884508 163.3431662648433 0
310.7431188662068 82.37187690726462 0
310.5558378150373 -122.6639012086047 0
312.3271473841367 -109.8130585262099 0
369.2752547097369 88.80841360511756 0
134.3697334527784 291.7713574608005 0
311.9513886370831 69.41038054797342 0
302.3793068735976 178.5637409152557 0
288.6512914782683 160.7803928624335 0
330.6439684152156 -89.51166776199976 0
107.6106650313724 302.7569193471629 0
351.5438180224331 -149.3258569698795 0
44.15875262713969 348.2178392135359 0
360.3407551824452 -40.75554689872895 0
309.8423484097933 105.7365886593922 0
190.1400039439269 313.552723044732 0
367.0327849919318 -9.759120637839331 0
317.5658412997496 -76.23384975962081 0
63.04713266626718 319.416193232003 0
209.4714210902913 240.5083457094078 0
315.919357602702 45.86270875110415 0
350.9435258789445 138.5422606083966 0
376.844544104466 26.35328660175563 0
221.4308266535872 235.0864017466994 0
51.94059137292593 360.9115329890615 0
122.4694125293439 297.1998487103234 0
345.9671522077136 -9.380664774559175 0
366.2844686679103 88.88047262341878 0
165.8612898960828 293.5573182097987 0
55.44943425644605 381.3946751839344 0
53.79194426674069 383.995721430478 0
50.78264223058736 384.1862418348319 0
358.8171217262893 -108.1836917204654 0
48.15866060378937 319.8682150285794 0
92.87871978658913 313.4982591422258 0
62.34548789185641 358.0703286408261 0
181.7855771710066 269.8019700862792 0
316.1830566630114 56.25282189378815 0
366.7169372622743 -90.20797517046412 0
308.4043551313493 108.3683135558186 0
324.8879719124471 -19.27345743782924 0
293.0854763060595 158.082475634658 0
306.8127417149769 175.865801677547 0
325.4938922469272 6.681066542494328 0
187.5102016352709 329.1848018816301 0
351.8582751623077 -84.68826213487486 0
38.19607244732318 348.3626112093384 0
42.97932820046705 361.1350861867863 0
299.9817363347957 -130.1525084316338 0
285.8701442202578 241.2607276252656 0
43.47486590961063 381.7841454191547 0
2.53391285769717 352.9903123080225 0
317.9261991105397 -60.66392277425818 0
33.9072937068745 356.1883608358076 0
294.5219299357477 155.451008507249 0
351.0652166169402 143.7285066199667 0
49.41526561457597 381.6279274708125 0
305.4074672469458 108.4261087740208 0
305.254513655309 173.3045393131803 0
7.668813021880249 318.2436344511584 0
334.6014226985601 -112.8919256162814 0
313.2318973061743 56.31597771774979 0
367.9572832017388 96.62733614655998 0
292.9625351031649 152.8871753741331 0
91.31564606555335 310.9399583361999 0
378.2816476922681 23.72429466355525 0
185.7072469905621 316.251777613295 0
314.2137282985063 -91.72215603248601 0
185.9512201373076 326.625674522932 0
366.9158415282742 -14.94649988523271 0
2.564688115197816 358.7058482918177 0
109.0460691414868 300.1217219048872 0
349.6277377450022 146.3572271807065 0
352.9519276775831 -102.8781314049627 0
284.0659365596607 228.3243366263427 0
346.6286556217919 146.4283064312834 0
155.1869930409113 286.0229498975192 0
351.398576892581 -105.4302342833584 0
346.0872412002508 -4.190880916631875 0
240.4738854221173 216.4449676110956 0
180.224716120852 267.2435434831963 0
366.5165910739113 99.2571089995039 0
294.3824627194742 -119.7398261931147 0
170.2938711109186 290.8547741672056 0
61.48873245571461 316.8651610467452 0
325.010096971801 -14.08187753461541 0
309.687532943352 170.606535009911 0
297.3964267306829 150.189679905317 0
324.7013767354886 -153.480892705691 0
305.528618202638 113.6321271453546 0
298.8321956244903 147.5571890694284 0
308.1295734988896 168.0449044370878 0
363.9174561148061 -14.88102223451726 0
325.3728599196687 1.489956687722085 0
178.6638579129842 264.6822494556552 0
346.7512682257345 151.6136134001406 0
297.2768219286694 144.9958328342374 0
345.3133283292334 154.2416499263607 0
180.0830774191267 331.9530143259926 0
181.2746617175437 318.9505681568446 0
322.8993180194845 -102.2956488460784 0
302.531663151982 113.7037968879194 0
362.3452695559366 -17.45463951108715 0
312.657789349119 -94.27881550087456 0
86.88515196669499 313.6440358262695 0
168.7336140005193 288.294960074935 0
238.9625202763426 213.8897387879923 0
312.562296992682 165.3472728801943 0
325.1300267772264 -8.890680268868261 0
219.8813736832659 232.5335796073154 0
346.2074277646138 0.9988935020034957 0
301.7059159162 142.2960866132673 0
159.6206170414131 283.3233550977185 0
342.3139571683204 154.3132813648715 0
359.7535207504544 -131.4854339482921 0
177.0877110188893 332.0234064519066 0
274.8132104366954 164.2319204361353 0
303.142362617972 139.6648510557504 0
37.13399830252116 366.4375092575201 0
311.0040223083116 162.7846550500815 0
2.963365110577796 364.7054732576163 0
319.3218741343556 -128.0063491262122 0
301.5844784877232 137.1000706543148 0
32.23464301845621 348.5023072073378 0
315.9551136716934 110.7911837169558 0
342.4379158831927 159.4980899609632 0
294.7374742417097 235.8661523695073 0
302.6552586108243 118.8955960733077 0
341.0000548814464 162.1260847065497 0
309.6576252275167 -94.2061172422205 0
348.5760787479383 -149.2489038539101 0
176.8422708429124 321.6497320953425 0
306.0174044293818 134.4044726955665 0
315.4370825219253 160.0880158693643 0
82.45394740646549 316.3477862862455 0
337.9995370784417 162.1985417743651 0
330.413549991586 -99.87445264453928 0
304.4584043616818 131.8372861767828 0
361.8080615174139 -108.2512293784362 0
35.94966741329029 379.3683784343482 0
57.05876494740157 319.563266049845 0
313.8792840181528 157.525515578516 0
348.175093014726 -115.7072680434286 0
72.33913538774246 334.7423400370794 0
325.2530551012967 -3.700901513668394 0
164.0540448534972 280.6239598337174 0
301.217273059512 121.5267043686002 0
308.8917056151412 129.1433667999382 0
312.9234327844128 45.93334334487433 0
11.93221271971596 369.619924892034 0
2.25087366280372 370.666784343273 0
80.89149195449519 313.7898507540049 0
307.3323767726164 126.5749820236583 0
340.0574289886056 -161.6307510698829 0
334.915952848388 -159.0001765758616 0
42.01351581806389 319.9764324829645 0
346.3329304920646 6.178562207980134 0
335.1230358346937 167.455563433573 0
338.1250628572986 167.3822574800329 0
318.3118365654624 154.8287455346175 0
358.4557953059457 -123.7076367144489 0
298.2180589524357 121.5984032061265 0
165.4909881702736 277.9883943787036 0
311.7656401512526 123.8819282019464 0
2.431879976803256 335.4432161085158 0
2.511136333361058 341.0729226317716 0
172.4096073263769 324.3488038775561 0
310.206321556607 121.3127248375095 0
316.7544066758857 152.2658385615505 0
331.1649647780642 -128.2782975155298 0
318.4429902373013 -39.94230880552453 0
335.2500337991661 172.6384124137727 0
2.407185179211828 332.5191741337816 0
332.2466659549642 172.7125124737376 0
314.6395412796628 118.6205461808354 0
314.9507858079015 -60.60710608674001 0
55.53508835402052 317.0016150027832 0
313.0802337134893 116.0505254564044 0
329.4839847112139 -135.9286589527622 0
24.14131162290591 384.688387673523 0
321.1865258739568 149.5695909896114 0
169.9237793480627 275.2809069637592 0
208.6309740012983 269.0732752850879 0
298.3438810721328 126.7880453490804 0
317.5127816948916 113.3576821815691 0
332.3745945738585 177.8947752152645 0
290.3042231915247 238.5634978571165 0
329.3703350334548 177.9694427198549 0
319.6288334372114 147.0066024493406 0
313.4909837589295 -57.96437406848118 0
32.48129062271784 358.8036942947284 0
167.9838931228711 327.0525343176087 0
296.904531332938 129.4188635968869 0
329.4978996067825 183.1516221222903 0
326.4939976350109 183.2263802689068 0
324.0608266382478 144.3096558324278 0
363.3639961329639 -105.6937692780263 0
322.5032660738406 141.7473569166419 0
326.6238445151978 188.407584556526 0
300.4674158548968 -109.5258261464022 0
293.9012624903213 129.4680890213525 0
316.1246105549931 -138.1773390260661 0
325.186044572361 191.0356807467657 0
332.3114140507719 -141.1166728161907 0
45.96499499888374 361.0632895888594 0
326.9354967462459 139.0504181585544 0
322.1798255699673 191.111609924769 0
168.3678826409304 272.7452280629036 0
292.5352441072425 132.0859600521863 0
325.3780350910647 136.4878772949033 0
169.8114243202037 270.1315671701696 0
319.3031611328506 196.3686970027367 0
321.2496978643185 -110.009382419834 0
322.3105278840757 196.292095589881 0
328.9755522077213 -97.25148554414896 0
319.4350570605139 201.5483821088158 0
316.4281958109052 201.625082613036 0
329.8102064130885 133.7911489130245 0
16.69848258124305 317.926073142358 0
45.33084753196783 330.2168665376849 0
309.1297200351196 209.5730859814335 0
30.56464657939548 340.8277028894246 0
327.2022610525265 -110.1446329297352 0
177.2189644158039 262.3511467847003 0
323.8150089305398 -1.070325990640977 0
293.0934297311163 -138.1545914562245 0
328.2525577000071 131.2266252831058 0
316.5578846084745 206.806482969823 0
29.9849578126276 379.503509553987 0
29.37996343093062 353.7245444776656 0
253.145897090151 252.408463988773 0
332.6855121737158 128.5330654497666 0
310.8022212981828 217.3214271134608 0
341.7122371404524 -125.952108675324 0
278.1982980316864 233.6521496147012 0
335.1792586440289 -146.3125925121709 0
331.1274057006477 125.9669628358554 0
309.5705833404019 -99.39495877248683 0
335.5600160373809 123.273979862426 0
300.1080909260477 -125.0052392023105 0
334.0020756702672 120.707453775192 0
149.0922147331763 355.9788193360537 0
15.67946994071836 341.3464022418773 0
311.4568949266889 -81.28313150104741 0
167.1141270751838 350.3686558351433 0
338.4347519282752 118.01511118241 0
322.1579665658583 -133.1972601271881 0
336.8767375344402 115.4480284293682 0
19.73978071087335 323.0548752652767 0
320.8871919666049 -1.032413430369564 0
341.3094601713713 112.7560637515673 0
47.39469708853301 358.4420799633344 0
22.82945625502164 328.1298939132859 0
77.89648550178045 313.863111448368 0
339.7519213393634 110.1895632275667 0
253.2763528481627 257.5904943849462 0
29.74497089604288 369.1852902206647 0
252.7993650747451 296.4523264150696 0
276.634004652218 231.090613332599 0
298.7928174747074 -117.2429077850111 0
361.1230859161536 -134.0062623997556 0
325.7690537480715 -107.5283688028648 0
344.4943117140169 -136.3360641869909 0
251.8376405039999 260.2198315281308 0
366.3565290619554 -105.762949725229 0
325.9973888986308 -97.19216270629082 0
44.96713074461975 384.3802251645084 0
288.0250068218978 -135.0562272836495 0
273.6388535153243 231.1606442881114 0
310.0297710087001 -78.66257988655343 0
347.8794725439856 -165.5982975660814 0
347.6077684607499 -162.3305633177267 0
350.502516926868 -161.4925392630726 0
342.6541776914464 -162.9888883622767 0
3.087916740659449 385.1681121652175 0
369.4213032332617 -105.8180929877713 0
22.48367527893546 377.0852363299132 0
12.33169201854418 384.9272233135445 0
248.8375130800662 260.2960541394514 0
307.1377192940667 -78.65634604769531 0
76.33462253797221 311.3060426160766 0
340.2972466030016 -123.3642247353178 0
269.2105784890339 233.8596519081539 0
20.70173112901825 364.2505775081693 0
74.71031958919818 308.8984287348543 0
291.315256117995 -124.8986149709397 0
244.3978667941936 262.9977385125346 0
48.32082935056091 330.145443501506 0
360.0085712679377 -121.1550717552352 0
307.5927655783699 -122.5972699964009 0
266.5732615881426 249.496964203079 0
165.4812501999517 347.8594979194413 0
267.6471730459094 231.3008065150821 0
31.53511167411533 382.0413152280026 0
24.37880138668514 330.6678972956774 0
246.0897457774953 270.7339889302876 0
18.0833886829446 379.7493024352726 0
51.31031420805652 330.0736705101091 0
262.1446742068125 252.1971301453463 0
167.9948993748035 267.4475481950013 0
323.6948791085334 -130.6699256496666 0
2.269715037247948 379.3397162963664 0
52.75012254401063 327.4487504747883 0
295.8393860604573 -117.1749392659783 0
259.1493892879528 252.2670058228492 0
237.093211647167 270.9548951599041 0
32.72370139654971 369.1154899919588 0
304.9389085163608 -71.51280025976058 0
263.2184471079063 234.0010231018886 0
27.41920565612743 330.6327438427787 0
361.5612155553791 -118.6037488629534 0
33.08232669127894 384.4980330221713 0
349.9919979130734 -151.8499506015547 0
356.2024175975805 107.2640698154409 0
256.1500318012698 252.336115947453 0
299.0863071079698 93.05771378990983 0
57.29035386504417 329.9325204997496 0
313.5633771110886 206.8805428070903 0
310.5667159651742 206.9497552448442 0
60.28233226941086 329.858019721522 0
229.6620269846638 273.725764092315 0
286.6989609722992 212.6901082731155 0
322.7937189396608 -107.4622980684225 0
61.72899252183498 327.2272139862843 0
354.458857625099 -163.0768318610081 0
283.6996843833459 212.7577942272376 0
292.5747519825444 207.3656673979974 0
229.7924949716362 278.9051737823163 0
32.35594480054881 353.650028155465 0
35.7049234114033 369.045893562959 0
229.91610531962 284.090760538282 0
294.0094886303074 204.7275840636812 0
364.5494746905762 -118.6725455236396 0
322.2760413557281 -128.0758449916613 0
247.4006791790012 262.9221392684206 0
228.4862852921483 286.7160832816629 0
353.0558871367542 -97.70625098295938 0
227.7377449817203 315.3506163629335 0
227.0372080229973 289.3491221794028 0
27.47129496264363 335.7465336906011 0
243.0928061358945 270.8063697091864 0
353.1620196242336 107.2996145353464 0
367.6340293403359 -118.8056823548622 0
372.2597677951036 -115.963460125349 0
224.0398623143776 289.4273991701706 0
21.16029691428218 384.7396009264933 0
22.99884449543704 387.0838647190917 0
124.3769774675738 369.5955208671374 0
240.0932050515861 270.8795041676627 0
33.78280135714476 351.0389634378315 0
149.622769535715 311.9918347675275 0
323.9701693675262 -120.3820266207253 0
148.1565169063 309.4697461111546 0
30.51510409822111 335.7174765585572 0
46.15456996516357 387.1326676387991 0
216.6046775827696 292.2031745946858 0
235.6646944228069 273.5789849448068 0
308.8606357100247 -130.332743583897 0
46.21282105831938 371.3802885774954 0
348.488982731029 -100.2340338610112 0
38.68499334192255 368.9753911241829 0
216.7370272272635 297.3737504135432 0
232.6657370007807 273.6497420228547 0
345.7572534690841 -84.63428465309551 0
47.64369574929282 368.7675236555925 0
27.84795812310746 389.1344474237272 0
309.1355786903945 -120.0617990532071 0
347.3089743868387 -82.07843753436723 0
328.3405499365135 -123.0730454053373 0
204.611377203661 292.4877341255564 0
41.66901893599823 368.9071597689513 0
33.80681884133264 388.7027210560667 0
350.3892398450244 -82.08998440118241 0
36.76560350534781 350.9645961168551 0
134.7038543138675 312.3814034504131 0
39.92478291963961 387.4196206670043 0
203.1827543111335 295.1125961918955 0
307.2804613189857 -132.8968431236988 0
55.18021853475816 371.168201775492 0
222.6053486652092 292.0507852258652 0
65.5795972181853 368.3480942560187 0
350.411007539533 -76.965962711823 0
74.55711277311539 368.1377361277803 0
321.3611531736969 -104.8491204799267 0
43.22352488300203 371.4508565329 0
219.6058716674613 292.1243679364056 0
195.760399918944 297.8822930261416 0
348.4395574381581 94.46425888941229 0
349.6973404146046 86.61403153323383 0
349.9994848801647 97.02594715776814 0
351.5966973101951 104.727591968946 0
349.1012787621681 -69.12817852277055 0
351.1870396084457 -45.78059139576323 0
56.61120200424774 368.5557389949383 0
354.9927851515748 -9.55113565399242 0
213.7409538640826 297.4500519530998 0
277.1543387781132 274.5627482306145 0
281.1984455499713 270.3522896306929 0
390.0251625798195 1.177481005287082 0
300.9464767394092 248.205177194049 0
154.7953821315543 358.1125081887699 0
389.3849449605098 -22.48474427437645 0
389.9617967057025 7.128184697283931 0
101.6894227333536 376.760425186657 0
384.8421441816554 63.5627760498258 0
217.2764654868628 323.3413941569872 0
386.2754064774393 -55.23672165318931 0
66.54881116290912 384.0806011402408 0
212.5628678746495 327.326019588577 0
72.43622671563794 383.3258263989511 0
379.8158213861335 86.51432131208122 0
366.8692997007516 132.3930921385179 0
368.7673793291088 126.9555275856977 0
178.8571053017491 346.5979953059482 0
129.8830118181974 367.7654376611154 0
222.5165655171316 320.3087134416054 0
377.5139271297418 98.31891151192512 0
173.6766591388891 349.3272683074759 0
374.4303831080987 107.1068961477036 0
375.7024193166599 103.9606318768109 0
192.0908133990141 339.416694902657 0
189.4942064911164 340.9002194237181 0
205.1203788377748 331.9998687891645 0
199.660442086501 334.508963816305 0
364.9207967077783 138.0170151233974 0
321.9524889546098 219.2342339127868 0
266.2752897251603 284.9885681590868 0
135.4006062484619 365.795682168213 0
387.5769821439263 -43.33330094821807 0
370.7928893139645 121.3147467809133 0
381.4154105899256 -81.28407848567065 0
353.8008873386954 -61.45388192605533 0
352.5032931182814 76.19385194508045 0
191.3267895084778 300.5827626376364 0
351.5533291141011 99.58436585163687 0
358.0343741345865 -9.581460515726276 0
356.8729100398467 -61.46007987101692 0
210.7471499533925 297.5206138544303 0
355.7806431970016 -43.25891588651655 0
358.1307736274009 -4.411366502864526 0
39.74717943384658 350.8931236194877 0
359.1730297131814 -22.62549626995191 0
356.06181945256 -152.1124211363846 0
357.4160370988365 -35.54666554720538 0
353.0006481474226 -151.9500121087354 0
355.1043909930363 60.52751960455553 0
360.8906338783532 50.04973292010814 0
357.4944307694 -30.38888497916471 0
358.2622833106793 0.7870585095571181 0
355.5041442670087 11.23296824386162 0
357.3314139824988 -40.70779045837023 0
186.8944829580442 303.283442173295 0
319.9301923473648 -102.2286497842318 0
358.1635353547633 60.50748015686865 0
355.5914464907476 16.40575950731994 0
209.1913144572127 294.969095534082 0
269.5624485252575 179.4714685111355 0
359.6832879869139 63.04760159173436 0
207.634488699441 292.4142485622892 0
182.4617944053288 305.9829729435008 0
320.8604310507535 -125.478908777866 0
366.1797617471069 18.78381113078174 0
363.6028935486622 39.56943280287669 0
105.0910298912292 328.6736591930008 0
364.8009071329445 26.56207499764724 0
42.73019091620358 350.8226211404078 0
366.6357327679649 39.53951947011581 0
178.0286013762591 308.6844281338774 0
367.8358391903678 26.53343374960981 0
105.0964222574433 323.5649423268878 0
201.7588385930209 297.7333726648298 0
19.61392682455897 382.2903444724527 0
5.611061521076114 344.2831727369975 0
302.6427259434038 -140.4109756298789 0
305.3782139960776 -86.26576301928846 0
198.7579222715173 297.8048392553292 0
173.5959644371173 311.3838402065145 0
310.6832749398009 -117.5191288276919 0
194.3237017966474 300.5019281907281 0
38.03279600744234 338.1311308204582 0
315.3135706525109 -45.03558850510537 0
169.1637334627428 314.0849515828907 0
50.62916092568361 368.6937821682628 0
189.8906989028513 303.2020551770188 0
236.3702136130063 304.6277331002365 0
185.4580932498776 305.9010733972152 0
321.4807733036313 -99.68490800960899 0
161.7151565048736 316.8621158781206 0
296.5061246934914 248.6385929399702 0
52.1914995703188 371.2382815455037 0
322.4090677072451 -122.9326973442065 0
181.0269807439838 308.6029435255069 0
164.9980055530764 327.1344288988739 0
176.5920624891607 311.3012825944653 0
351.5026189973761 -100.2724514784797 0
158.9845627990656 327.3089029734996 0
172.1611575263566 314.0030511352375 0
285.5099902192692 -128.740112638687 0
159.1078935295847 332.471948986583 0
337.7397095937386 -42.9391961187268 0
46.99575693951781 337.9191403876767 0
167.7320401494047 316.7031112574822 0
156.1121001057158 332.5582165565497 0
164.7374879062962 316.7759824364422 0
302.724909320456 -80.3988288336696 0
59.59817407989752 368.4823274614017 0
329.6630905286493 -71.2986574322 0
61.15669139567679 371.0288166889534 0
142.6935943488006 335.4755786124518 0
344.9344848346232 8.795479964736863 0
311.8071520740273 -130.3853229621194 0
64.15198377304698 370.9606935401283 0
333.492597381972 -35.04427716167071 0
161.9891248797534 327.222812733292 0
138.2288121429864 338.1862550717438 0
336.0372541898395 9.064371115987285 0
339.0005287197733 8.972462851881067 0
136.8202746291842 340.8008135989214 0
68.57131945389892 368.279196470536 0
323.0310153037583 -97.13497573384919 0
70.13053550486853 370.8199922693131 0
16.06945612929038 356.6573041944376 0
73.12907020456475 370.7511959082736 0
154.681285321902 335.1763734920036 0
361.5830674633381 146.2541018174409 0
312.2249865074976 -114.9787843403153 0
344.8213884334272 -120.8921671085464 0
77.55046193848517 368.0691744469508 0
79.11055094162433 370.6101396641891 0
82.11061130412527 370.5437828015182 0
151.6841229347568 335.2477258420917 0
120.2903115482731 338.6032003746877 0
85.1042124866123 370.4740069302736 0
88.09246391147634 370.4057831348556 0
89.794318817994 373.0153863375698 0
299.2004712784984 -91.92519881540115 0
148.6890925167701 335.3211029914067 0
347.8283359363263 -120.9466584088399 0
241.7809037788454 203.4843536025178 0
145.6907414180718 335.3953569146548 0
112.8344710985774 341.3840270869606 0
112.9855007213766 346.5411258030288 0
318.7955357587186 224.6397558977599 0
45.70938992523956 350.7447444395041 0
141.266025142643 338.0945634773074 0
105.5479396246441 349.340173948132 0
291.2109267662841 259.2072902861023 0
105.6828997354982 354.4929759324045 0
135.3914481963466 343.4112107438308 0
102.6851343617094 354.5818318136103 0
15.9217174494533 351.5565011443222 0
132.3886034244198 343.4829275681369 0
129.3682343551282 343.544489981925 0
310.7989069147798 -112.3738304513628 0
127.8363236363204 340.9970849280913 0
346.7126577093146 21.78033092525456 0
126.2905760386904 338.4498971589678 0
343.742603144076 21.83341086459846 0
306.6034847082425 -99.31860055095306 0
123.2872810638452 338.5232338791573 0
48.70212962813069 350.6659869150442 0
118.8624319699503 341.2180359990584 0
324.5780650605574 -94.58263837183779 0
115.8689565965234 341.2925205761826 0
111.5581355858763 349.1751924601443 0
309.3675358606145 -109.7554219657241 0
303.7700041896682 -99.21934645731615 0
108.5549039234816 349.2498236624415 0
51.69042113253198 350.5928494855652 0
101.2447753822409 357.1888301633267 0
17.34165514133614 348.9628479483374 0
365.7721888294727 -126.4427325160576 0
98.23229159135593 357.2532777001783 0
341.1054587171383 37.47850476943893 0
54.68097530168627 350.5237190155241 0
96.66456582023837 354.6969954082332 0
95.11932335839651 352.1457000410754 0
323.1513334250068 -91.95142094400862 0
110.0683442844372 374.2509940592076 0
57.67102693579308 350.4533578593124 0
93.57677154317417 349.6095591284666 0
60.6616528733259 350.3821566110574 0
90.58549503985498 349.6703060168076 0
87.59129098447262 349.7413532369059 0
63.65273550814595 350.3112950426992 0
66.64414178920653 350.2403712081107 0
84.5972020956618 349.8122764299807 0
81.60436274825426 349.8837786576819 0
78.61019046520605 349.9542251187648 0
72.624341468425 350.0961626304234 0
69.63626428683598 350.1695532924805 0
75.6177450751095 350.0256824728182 0
5.166747786123334 339.3828603688131 0
324.7018017535776 -89.40046534748922 0
349.1819946487443 -63.94675302935789 0
307.9377133704203 -107.1332142100944 0
311.2447347877817 33.72135836696913 0
334.1414634944684 -128.3495943448985 0
360.5449444063436 -30.41832769986608 0
309.4719284383476 -104.5761437059137 0
23.30323852527773 348.7608689683664 0
326.2561511746115 -86.84485281691499 0
336.0761206466287 79.13967023254915 0
253.809752220721 202.9497104708299 0
331.5929738511513 76.63709105725094 0
286.2611165630159 261.9459415417991 0
380.1722463241497 -87.34717358279285 0
308.0343134877205 -101.9437969637693 0
328.610330716537 76.70302469695659 0
357.5864294648273 -155.232423013515 0
327.8089214791538 -84.2800417989494 0
326.3809963193605 -81.65493484625433 0
162.4283395234434 267.7870196533113 0
32.00107159194683 338.2479049071533 0
327.934911706217 -79.09827690415767 0
388.6955409738408 -28.50711002565313 0
329.4869180523879 -76.53228668468159 0
328.0613741465143 -73.90704940093921 0
18.63343305567006 341.2240595868267 0
332.6081266775381 -71.41759495634938 0
353.4942114814302 -76.9860185346086 0
334.166409668382 -68.85765409660212 0
176.1116526825693 345.0389103455648 0
335.7205511283605 -66.26529103209981 0
337.2729278244235 -63.68123354465595 0
388.8139441790188 30.82253358225564 0
335.8394595366121 -61.05688405375945 0
334.4131564715454 -58.46020815556257 0
277.9487850266324 163.8292105885755 0
335.9627039658873 -55.91342339124846 0
326.1266705688197 214.5614215586203 0
337.520870235388 -53.35212297716616 0
357.1479145309646 18.94909552465696 0
339.0761912619241 -50.76387427766624 0
360.1798251255907 18.88042809587471 0
340.6300371307258 -48.1786233999416 0
363.1733330650375 18.83540622997485 0
339.1907354573034 -45.55522768216044 0
334.7740525672207 -42.868696019278 0
20.31793600997497 348.8554160244775 0
317.0140464111821 -42.46386631230554 0
333.3331547685897 -40.23802854619764 0
331.9054135162404 -37.63338401285005 0
336.440279303471 -35.11657912255389 0
337.9849537236065 -32.56749322488255 0
336.559362015088 -29.92814969281392 0
335.1217840373332 -27.30966729928919 0
333.6907757300038 -24.70608208893902 0
35.01240952817006 338.1823262629651 0
335.2412198972381 -22.14135218424876 0
336.7832762282245 -19.55233507478621 0
335.3751515505654 -16.90388373081068 0
336.9177180925225 -14.33740802609366 0
335.4956302808928 -11.7005452596839 0
337.0427060932431 -9.138060927115728 0
225.9517024814429 216.6673243339704 0
124.8724221175877 287.0880725194367 0
335.616693163029 -6.508546821357596 0
337.1633034873445 -3.947110695791575 0
341.9577624151462 8.882659900631399 0
335.7373647550766 -1.317258512098054 0
337.2819537570014 1.242429290355341 0
306.3865967647831 155.1404293218214 0
335.8514572141763 3.878881879990011 0
334.4296179688969 6.502473929596091 0
64.40987166216111 306.4293157003787 0
302.074630479819 163.0313969040121 0
346.5186877938028 11.33312014595419 0
348.0590966723788 13.93769322169027 0
346.6433175730617 16.58165896382282 0
297.758794184591 170.9179305973326 0
340.7832442010489 21.91093132253147 0
352.7313848711544 -43.23207967935687 0
348.1642471085532 19.14470980201648 0
339.3423047526423 24.5626046491198 0
340.8854659027405 27.12246591051003 0
339.459389899691 29.76381511014138 0
39.51322066827096 340.6608095965482 0
314.4978157713783 -145.708281471102 0
341.0128459213709 32.33070790696748 0
338.1471396588311 37.557517048105 0
342.5406676095399 34.85857496632077 0
336.7097065691246 40.21173264163542 0
338.2591813647638 42.78416963669487 0
339.8182359420696 45.34437227828634 0
341.3703647992166 47.8824601363709 0
42.49644964999605 340.5843031865089 0
339.9393768428274 50.51648312765282 0
338.5018834754374 53.14643786454453 0
337.0645565256968 55.77556886418481 0
334.1901710952114 61.05971393221897 0
335.62700182587 58.40584121318896 0
90.18568633894564 329.0880430735088 0
281.8331828375434 194.6645044228055 0
335.7494002055149 63.62069142991286 0
337.3108555370085 66.17303654038122 0
338.8676848572239 68.74068131175575 0
277.5147498794094 202.5525876195094 0
43.95857951690012 337.975794834323 0
340.4128185887175 71.26873590696505 0
338.9889108920208 73.90590167820702 0
325.6973427618477 82.02550145742015 0
327.1360493685634 79.36180466562207 0
337.5333827848519 76.51313469747615 0
289.0096658770373 121.0480072703514 0
327.2508536601401 84.59035730136857 0
328.8068030650173 87.15875331094387 0
345.4908117518016 -100.1998189745611 0
330.3661431581243 89.71883550861116 0
331.9284762068268 92.27061083661691 0
48.46594564223287 340.4528104066185 0
333.4847364740436 94.83881177553909 0
326.4127655542214 113.1169512431129 0
267.2894206911819 215.8126710717893 0
324.975007481205 115.7631348881487 0
323.5399101192693 118.3981564499036 0
335.0292378598687 97.35836245816314 0
322.1062247233457 121.0322160919217 0
264.3158902043776 215.8635190583192 0
259.8826307560399 213.3277761982338 0
320.6690352892546 123.6623006838968 0
333.6061181781136 99.99450910660603 0
330.7313781961217 105.2539024909881 0
319.2318772924476 126.2922205787372 0
332.1689288608875 102.6243924865409 0
256.8839244414311 213.4154944110774 0
329.2942529472394 107.8838785825643 0
317.7946721650207 128.9223340890581 0
127.2870338183106 315.1847661558899 0
125.8827529456507 317.8345107061952 0
316.3574993713232 131.5522823461783 0
51.44956422889989 340.3799591395353 0
314.9202810035121 134.1824212543139 0
313.4830958573787 136.8123941697355 0
327.8557353423812 110.4907825562608 0
312.0458669950104 139.4425531594437 0
306.3059334714841 149.9855411179593 0
284.9273304464884 -134.1510835062039 0
310.6086726800329 142.072543709544 0
309.1609774166693 144.6907801620873 0
302.0009213302556 157.8574667604806 0
280.289057654031 267.5165989630586 0
307.7342336431329 147.3327254019206 0
310.3733029686542 -58.0514383923126 0
52.90514227737035 337.7578389213564 0
251.1102170833191 229.1818308130595 0
47.9077015766467 384.249964315195 0
352.2481779192071 -63.98659929619477 0
303.435008966357 155.2286033892481 0
307.8184888781099 152.5121958346294 0
297.6895746995006 165.7490497174828 0
248.1351281567563 229.2449768780048 0
337.8239256885826 -102.5569801980427 0
55.87702467129819 337.6885573912621 0
299.1235140532087 163.1203109008095 0
183.7395735100544 292.9402872049378 0
303.5116325820427 160.4046514834207 0
243.7109052638614 231.9229375120666 0
182.1723961599625 290.4388204651142 0
336.2631315496545 -105.1596113541593 0
294.8089585059328 171.0046655619322 0
299.1989827595288 168.2947488353917 0
293.3672459465135 173.6287362260598 0
277.4469755992848 197.3878532355212 0
291.9247371819349 176.2639313152216 0
311.037122862944 232.6594813727571 0
199.6884608548053 269.4011769378187 0
58.86427749574641 337.6142871280015 0
290.4874991113056 178.8941260625758 0
289.050307294592 181.5241184055099 0
251.0880519663967 223.9766263345053 0
229.1658466362761 247.8680666614061 0
287.6130789184522 184.1543047703288 0
286.1759214411708 186.7842865193832 0
278.8839005467066 194.7571170344948 0
283.3009854589406 192.0442607564852 0
61.85554875514006 337.5421021897508 0
284.7393369359068 189.4125506586276 0
354.970454339005 -139.0921194044684 0
255.4023948385039 216.0536901707865 0
233.553605559794 245.1367764834163 0
274.5641375472305 202.6341874524178 0
278.9552263391334 199.9301446182779 0
240.7692054428119 231.988044939228 0
253.9503489627389 218.6908798499466 0
252.5154011194829 221.3328285721779 0
239.329104742556 234.615205467358 0
273.1235869250119 205.2633444510531 0
245.1939494882337 229.3083378724917 0
237.8919868740063 237.2458182424365 0
271.6817293673922 207.8918411815907 0
252.5872171685054 226.5185657479092 0
236.4549422684206 239.8761286500643 0
64.84650934081077 337.4723883506072 0
270.2444074823555 210.5251841429805 0
235.0049192663758 242.5079794127058 0
229.229464707352 253.019128258759 0
268.7860488008065 213.1600598023759 0
365.6337164491837 127.7110251981465 0
230.6067737089427 245.238299289585 0
223.3655052546134 258.3496856580289 0
230.6721550485993 250.4005388775832 0
17.06205909874796 333.4226887098757 0
226.2759307065624 253.098547262004 0
342.2738806489733 -110.4302707889418 0
224.822967609763 255.7305874874292 0
214.5766846719655 268.9892315272185 0
220.4068149954284 258.4299864358941 0
211.6195765151231 269.025016684118 0
197.0230374086759 243.2286414581807 0
218.96923657088 261.0641391337605 0
207.1596590498508 266.5180602636908 0
217.5360387411097 263.6968223697275 0
204.1793477506384 266.5782698699069 0
216.0757900660728 266.3349767351199 0
201.2020864367701 266.6249399751325 0
316.307120136639 -149.927482918532 0
341.9022849464482 -120.8122868674223 0
199.72039849929 274.5252640668107 0
196.707123628769 274.6258563783222 0
304.755868466295 243.5951506759099 0
377.4074341233734 -77.61143480272592 0
193.7428898316639 274.6746818060948 0
201.22915676996 271.869661744902 0
187.8983737093891 279.9583513882232 0
380.7980665682629 72.91724070326006 0
190.8188372513372 274.7372757174619 0
189.3583026918683 277.3480117918508 0
184.9469583593589 280.0409081127927 0
182.2693077946601 295.6474467765047 0
183.5019679934427 282.6760506489117 0
177.8463885324241 298.3850464064166 0
182.0671879607433 285.3111178586009 0
180.6246114918093 287.9461793933405 0
173.4141079623465 301.0868087387436 0
378.0378392300095 83.35813349551221 0
168.9818938801508 303.7886380458044 0
269.2944343597114 174.5753722882859 0
179.3086149425854 295.7631937252822 0
67.85067886728743 337.3968959509923 0
73.81433719556104 337.2788995135312 0
164.5497270572592 306.4904679735758 0
174.8816865309392 298.4803337684969 0
70.83347137219607 337.337652313797 0
160.1175499718341 309.1918118358607 0
170.4493691684236 301.1824465691598 0
132.8514931081 288.8869098346364 0
155.6411966676657 311.9255080104078 0
166.0171299135611 303.8846344896452 0
146.6160287950821 306.9550164279074 0
76.80669807472343 337.2084441509141 0
152.640942970291 312.005574002785 0
161.5849593156063 306.586754718001 0
143.6067956671677 307.0037932744922 0
157.1414140549767 309.2954652972892 0
133.1787736221013 309.8643259375905 0
137.6976611200247 312.3106361522408 0
130.1870011816997 309.9222225745742 0
389.799696574447 13.15945184375868 0
79.80916038707487 337.1294209931442 0
140.6332149357288 307.0777462259604 0
82.80300363952099 337.0569053570443 0
85.78793272804295 336.9949150771384 0
139.1697634766252 309.7043418345669 0
125.9198029995205 323.0373948646682 0
90.26270802307411 334.2337014244974 0
122.9150429076119 323.1260998011414 0
119.9192359822191 323.1980458076091 0
101.984332373988 323.6153680997236 0
125.7696067444147 312.6394217704678 0
116.962534758714 323.2442366058114 0
127.3930022755259 320.3675100294437 0
98.95144735811047 323.7011340864522 0
95.98030686071624 323.7538207974031 0
127.211702670991 309.9968915621922 0
111.0768358667613 328.5684728935513 0
108.0844485694412 328.6452786952614 0
91.7006562532699 331.6023674796875 0
87.2730662669729 334.334975147899 0
91.60462562249718 326.4458209428634 0
93.03085709459073 323.8223629764245 0
329.8062758254002 -156.6223629216735 0
112.5571759364831 325.9327108064064 0
114.0044066220457 323.3148754872647 0
98.55374806460671 367.5787866754083 0
101.543740892831 367.4975184855416 0
372.7107551134573 115.1765531854524 0
319.0685410464472 -151.1068801758686 0
116.1462965750616 372.4943680614925 0
70.60404278261845 381.0199559428264 0
52.52153661201572 317.130136645304 0
51.09837624084951 319.7603979717206 0
304.5363443400978 72.49522030980339 0
24.14299450784643 314.9324718188504 0
171.5186255133095 347.5012862093175 0
104.5026781588374 297.7392012571284 0
386.7184386333308 51.57026731935876 0
360.2721163543573 -149.4832154330909 0
339.8704141187301 185.88473949785 0
350.3122563641749 -141.6452871863835 0
341.2249569190402 188.8236554716976 0
287.6213601188813 259.2984733428027 0
239.2272641384299 304.4547623369458 0
294.0600481161187 107.0632117347271 0
344.3520561305061 184.1755863640115 0
385.8973142571442 -38.52216174681476 0
364.6347716866743 -138.6178549945614 0
101.6424047187261 372.4565396499002 0
5.196329695977117 328.8147899264169 0
306.4706588974266 241.1738290448163 0
336.9488969052864 191.2101356081932 0
2.46750196634042 388.1363322189567 0
306.113379253729 -65.71875298615117 0
383.0327265594482 41.77820329535154 0
209.9223821754666 325.9822828669297 0
292.9632296248099 -117.1942983935773 0
373.9236360310311 101.585836568561 0
342.4765619424948 179.9664853879124 0
96.75272688968172 297.5466990690374 0
378.6886558251213 -80.27393151308911 0
389.6470575811121 21.9312233288565 0
258.2760240499859 200.3105180367365 0
383.5028821903143 -72.42331338055703 0
192.6079892176738 336.5180181525328 0
338.2990545630895 194.3783696789909 0
83.84107974097651 377.8854178784397 0
362.8060451217616 143.5191898987013 0
315.513509953455 224.8453620833117 0
195.0396367350321 251.4208856262125 0
370.4615700103525 -113.7008029943155 0
350.3637260543662 -166.9413038203425 0
267.2898093349721 280.3817006971674 0
133.1412616435344 363.9310042789471 0
314.0477041055898 -31.73262294110532 0
347.1199956408834 178.9762451204349 0
389.8494793903216 -13.7106782049115 0
310.3360970230164 56.72436202678797 0
287.9650413409024 129.4618453826109 0
257.7391664454207 293.3628004623151 0
272.4110170341625 174.3584082885596 0
384.4294489794629 44.63485333874473 0
336.8317942119871 196.8257279386189 0
312.3675386524559 -17.64612510598726 0
291.2108278835539 134.6545180919726 0
306.4464130363285 85.42869361807442 0
243.8716401275916 304.6775407944087 0
52.06619738917901 386.7239804087109 0
312.8474942330149 0.4742579999202506 0
311.9192808738868 64.33086658680101 0
315.146104571245 14.40391240066913 0
351.9958853020333 -138.9979203988594 0
386.8668437233946 18.25604650925285 0
183.2533479771842 257.0394608663382 0
383.7577201544811 -51.55818373182284 0
215.8171491040326 230.116194557275 0
345.2629462033702 174.7767833332273 0
160.5055815174465 355.5693675249476 0
334.683345780061 -156.2406945247624 0
4.866323842277391 372.1968923917908 0
317.6770584461963 -16.48162636032573 0
258.4399839354162 285.8477385910936 0
207.5688097016378 330.535196796469 0
289.6181157639944 132.0653247087682 0
118.8735715431205 292.2411392151154 0
76.53487181808927 303.5824721234874 0
332.5669439616727 199.0168144097794 0
312.8587746983492 41.33827633865639 0
300.8683534430922 95.40600730617331 0
107.2899836800997 375.2847589504053 0
350.2122152959628 -164.1744670345824 0
379.1814899665475 92.59942890378277 0
375.4636876022352 -96.08027959804072 0
382.116567715554 64.6928109940001 0
318.0580906965645 -0.963468311273058 0
2.225705455742745 376.4809751556342 0
368.1871003168293 -129.8284018323681 0
2.179682683918492 323.6965910198811 0
316.2978973622016 -19.19077279223956 0
250.7036219183362 298.9550500291747 0
389.2842406921438 24.9970038005719 0
84.73133316537309 301.1993691663968 0
197.3112693196399 336.709800501191 0
312.8524672253192 -40.57276477014845 0
125.4155523639439 366.7923226316553 0
187.5937987168572 253.6599401573388 0
316.8243341225407 1.819274110392328 0
349.6581010188686 173.0975141367229 0
297.4266712883441 253.1853941204848 0
366.9014472156045 124.8650265823699 0
261.4890475692065 285.9633094562263 0
256.9288738275054 197.649996164478 0
297.5822129427696 106.3781556810315 0
246.2029418693886 302.6334295826252 0
272.2835382437752 169.4069580859169 0
237.6180619680939 211.2018281676184 0
7.160761909223933 390.0531166020983 0
310.8629811377936 -52.84453155181097 0
190.4466516023265 254.2459418985266 0
62.96637898316153 309.2036843198305 0
300.9440623936041 -94.43198874917751 0
200.7168017144472 331.2828368853795 0
5.141449337940313 382.7787034859861 0
333.8055812139708 202.0836581379369 0
141.4923094469349 363.8358179443879 0
11.25619320328746 387.5317668058896 0
73.69158074807083 380.7986479225019 0
143.4610178821708 280.9310248788702 0
286.7059745782136 -131.9548424404106 0
289.9517771347738 137.3150892255805 0
369.999727162341 -124.4426208394375 0
13.30706056616696 390.1079280906317 0
339.76616793007 -159.1068979839634 0
159.5030404397199 273.1915705812282 0
303.7982709272225 75.48870236827318 0
311.5615491523739 -26.64986109193336 0
228.7775039697764 217.019926145975 0
387.3727953940877 48.7085795262311 0
295.555676645421 111.6952879549778 0
351.1773843301685 170.9228312433923 0
388.7501598743274 36.86838643363456 0
358.6873355813482 -147.1365916108859 0
386.0457660869445 57.37911000345147 0
315.3316734817362 229.7622032428425 0
16.16887534836032 389.9362951933956 0
301.9420452543832 243.425994882587 0
291.5883324271094 -119.9324555475523 0
294.9926716816523 -103.3217546719842 0
361.1178365472706 141.1176600870915 0
187.2654419539585 339.4323011160498 0
375.950837515484 -104.7468466883405 0
201.4996600666741 238.9977966590184 0
291.3928696780547 139.905436928823 0
5.280640438444899 387.6990430988781 0
317.2898887747442 22.12192657693317 0
272.5394164376743 275.0571929391063 0
219.5392681100819 222.7091667269451 0
310.5042095875524 66.98296172257585 0
46.43615349764436 317.439423508312 0
329.3295579352521 203.5848326240635 0
206.261751388158 235.2250117484099 0
187.2771833896682 250.3810837086839 0
55.17875791699445 386.2584980662209 0
262.1166002971866 289.1925744289524 0
214.1922593250882 323.040522575298 0
374.0118744955209 112.867492527347 0
384.9664617517326 -64.58512768088806 0
377.6241653604158 -98.77817049991859 0
155.4923074750336 355.3882987663274 0
389.783561736403 -16.89812036559398 0
383.7620063914734 -56.18266534438 0
314.7483124357748 -21.68262375802007 0
364.0252433038823 -133.8530558385735 0
20.12683115254255 387.2854811837689 0
301.475821562348 -83.21020227920484 0
378.4612957634864 -85.03421226487112 0
258.4043451015918 195.2751105671077 0
278.4677065078773 269.9907970574075 0
43.35516259275521 317.5131669340578 0
312.4847972446863 9.528326401582284 0
387.7563629315322 -0.08736208409751876 0
349.4415928990875 166.8397905526743 0
305.8915287243916 -76.43254609925958 0
4.719518321996843 357.2199584561077 0
2.132104254606705 318.0731465156989 0
351.4503222349385 -159.0777951075504 0
323.8139302741326 -150.8843655750646 0
4.653453162183594 351.6283860846436 0
383.4911355326548 72.83189949379469 0
137.464923887705 286.7914190443684 0
4.915852353221725 367.0325808166124 0
209.4036512620031 235.7477111821709 0
287.2201793342396 142.2607271805496 0
387.915982421554 5.553607021291064 0
315.397346932306 4.389033368797133 0
375.0658266265496 98.86674836417538 0
149.5211510564264 360.6761970519429 0
299.5972370517582 98.13835089634297 0
387.3074295573388 -20.87304027805741 0
287.358566461129 264.3131227821395 0
330.896927834805 207.6234719129041 0
87.57692825726937 380.4584069255241 0
22.00367741356973 389.5839951931855 0
388.931251123463 -34.08924381499286 0
313.149050265485 35.39852684387883 0
152.0293305911281 276.3058264778834 0
234.8432191877301 312.1287563809783 0
388.2116508701963 42.80806053560439 0
146.4589073799353 276.1372533773155 0
385.2344773181234 -44.19616396707914 0
230.2089787806418 315.2047549532763 0
382.1044014023462 80.73568166115182 0
124.2484719268953 289.6102917917307 0
353.0142322653235 -160.9556708112419 0
4.917978821959905 362.4233845009441 0
387.5301690760589 -9.776625192697372 0
382.6414057244979 -78.65980599138274 0
259.937170687944 192.7935252755601 0
158.0040336389389 275.9413398708438 0
81.7784296760794 381.6484606163791 0
301.0915483115718 -142.5066559228582 0
353.7081231733476 165.097669693817 0
362.3993758826974 138.4364664977576 0
97.74085782247687 374.8553615652277 0
344.8835583567393 -161.8266324085518 0
390.498281030093 -4.863461227468336 0
265.9203757174582 282.5280230856497 0
25.81867238933117 386.8432561902205 0
169.9766812325749 265.3143721462347 0
101.3303366896214 298.2898868528878 0
285.8663541954667 144.9978431194467 0
76.73176517961642 380.6942287630116 0
60.13717916742516 309.4508357449362 0
299.1588649686501 -102.3185833196548 0
305.7816151738404 -145.150520851662 0
199.4908977881963 244.0286866396451 0
311.6397547345531 47.96173669578995 0
168.5634681336438 352.3980268139335 0
81.82970073918881 301.8878871614745 0
178.3847903642197 260.2622194561163 0
368.0864796676098 122.1551031302915 0
272.0691707779133 164.237930938665 0
273.6548092589618 166.7383475677087 0
290.2159833099931 -122.6135975187875 0
384.2277703487571 68.76930066873875 0
326.4732094538346 208.7303900670215 0
305.4951931272331 87.81744453979121 0
291.3714560589804 112.7157884991192 0
386.8237065583902 29.05039910272748 0
312.4219680454037 230.0046815856167 0
226.8989054891002 317.6130138038674 0
72.93751169821383 306.7772222632397 0
220.2593778775658 227.0136084915837 0
218.3651838554369 230.6536251397241 0
56.88803225719799 383.6826566648889 0
218.0536108502591 320.4830187124269 0
95.87841930586974 378.7349136328946 0
28.83627366191649 386.7214544392506 0
290.9989664120509 -134.4220490659254 0
314.9646660963136 25.65474205644982 0
184.5821268901968 344.3324651488421 0
94.09410238098806 301.1321147700411 0
309.5286740383831 -60.80471672329753 0
40.42721146350052 312.8793520323925 0
292.9987021563874 253.6721045091839 0
110.5954711450146 371.8137892985483 0
222.6511880871202 317.6790099776053 0
307.8695738697357 -67.87071660818188 0
300.2660677264285 245.8997585914234 0
174.7470402572326 262.555532592101 0
110.4919236588631 298.1772217855968 0
355.2513113777028 162.8872018301392 0
4.385479064549757 336.9136475739195 0
312.1976294073684 -11.5932541404617 0
311.7218894917791 -46.52866655593298 0
284.4906306170941 147.5912860667962 0
112.5216824292003 294.6173252995734 0
312.3517750224655 -5.56138977202952 0
385.6593081350812 -60.50372378126584 0
297.4186679664224 -140.6783101512902 0
261.4861903837807 190.2366425105488 0
241.6902770285633 198.6165187181214 0
377.6296367456886 88.32891415605073 0
299.9807497805817 -97.26166163567292 0
135.8657881615629 363.3894461864919 0
130.7900858601472 286.9990367329697 0
316.0333264207187 -34.93158448710077 0
236.5455129203629 208.5647737229532 0
42.97248732702147 312.7390662358099 0
295.4019909758168 -137.0711961994206 0
127.8647220995608 366.4865544658647 0
282.5376729339355 -133.4833960547701 0
327.8710051691365 212.6472129325909 0
2.222889029466065 312.7302433990669 0
371.2545437434419 -121.9605741221182 0
309.3990363173024 59.32178293467869 0
178.8702088218641 344.1745215732793 0
31.72763716815615 386.5095605108762 0
371.5103447477599 -111.5529457343525 0
314.6079876455132 -42.24117576298859 0
1.804231294506029 347.1234108121789 0
366.7313356607419 -133.763562914882 0
100.1812252922548 374.7750611256752 0
116.3692548281145 292.9529323514455 0
1.974940519134834 390.6323190713451 0
384.4854610062794 -69.99606088388329 0
4.325856732433611 331.1003040404357 0
165.2624304227928 268.406971618032 0
310.8799282149129 -147.9039789198096 0
315.9419925702352 -147.5823585743737 0
231.0411177015566 214.8103839283384 0
57.29967029376375 309.6903903703686 0
352.3678919845944 -168.1563101578695 0
386.9248480734987 -26.19034492835816 0
283.1375062081706 150.2946996830119 0
313.6630665526735 51.51464540121344 0
296.7080503563121 -107.0864903850003 0
118.8369080383837 372.2910760209112 0
388.5540287677876 -38.18377869699422 0
372.0664728893208 109.1135266990885 0
353.6834094973713 158.8189678895692 0
363.6495469231289 135.7498450896737 0
253.3801145532964 293.4976310069476 0
385.4021225147622 47.03278284562249 0
298.600162940314 100.7561650179244 0
248.2268778997951 298.3827914411349 0
239.5721977959969 308.7805272771132 0
382.9164228032893 62.124216134433 0
311.123509951142 27.59402779393241 0
174.2222618105112 346.9754641823365 0
387.741458310057 10.95966706782699 0
270.6106123522145 161.3023318675374 0
288.8409522574515 -125.2691360502656 0
4.64522567205623 342.1025561783148 0
292.9017812531224 116.834504157603 0
312.6072367184241 234.5571738217383 0
317.5061293569854 17.68984255689943 0
323.5548057269548 214.2314780759156 0
263.0464821898653 187.6720775377927 0
327.6116668540853 -152.9114609148156 0
34.73700618695722 386.3736049741854 0
159.5274337683732 268.502602508201 0
242.444584356424 200.7947224069607 0
207.8291038700537 328.1423435557359 0
359.9133291008748 -144.9763055632999 0
90.13821663915226 380.3627344132248 0
77.83990655681303 382.7634975390463 0
285.1497344276991 266.5571135930256 0
312.1590760190772 43.80925102563987 0
369.1763717147254 119.575544522455 0
276.7948640497041 272.1574764134189 0
221.131972165182 220.3996251108553 0
244.6815220871153 204.1680848546399 0
281.7685396328305 152.9685227413507 0
210.9218561191462 233.6974985544059 0
273.2936456443296 279.3381950178332 0
386.7682169939495 -30.50538686195528 0
150.1187854418044 358.100123043008 0
332.0372930745966 -155.5565274726792 0
141.6595897617213 284.6875506137159 0
376.1818443573563 96.45462847248717 0
3.982419097008987 375.1861829172735 0
387.7398982504665 -49.3929117087097 0
144.1576457119469 363.4117309735201 0
4.209859950531471 380.5456863346526 0
163.3530609768658 355.2045371807425 0
373.2023796486357 -97.65598166714101 0
185.9931628931107 257.6790390742667 0
241.5598995223923 304.0781746453932 0
309.8391910059592 -55.44739834373703 0
272.1187559294457 158.8028655302849 0
304.8595649270442 -79.02017904170528 0
357.7380873714453 157.6298476784465 0
303.4346857864795 91.15437094480528 0
298.6980470067519 248.2482386483151 0
195.0362138286882 335.8856338403502 0
387.8369836216501 20.40950690234342 0
303.1715133002673 -85.71786859759783 0
353.8049481990163 -158.9112565759143 0
384.6029375698166 -53.57299580754987 0
191.8235843147643 246.4222902786872 0
202.9904360156006 330.9472281147505 0
238.0713742726805 206.5990320340361 0
314.0264627711118 -19.13984215263191 0
305.2737999955929 66.30520200156366 0
37.49846223081516 386.1477322849659 0
264.6175485809376 185.2301252059616 0
70.24440174722936 307.273653810233 0
384.1093916603073 55.24528952899097 0
98.62552488761692 298.7676996136276 0
280.3724008748205 155.512649928744 0
301.4935355237373 -99.05798752245488 0
352.1698153778521 -163.0597715181142 0
379.3251893267841 -82.7537205577751 0
321.9519995438014 216.5081376530102 0
81.14793504444364 304.0975114161757 0
314.5737435924573 1.880317030385635 0
390.5824506980174 16.04030545036486 0
93.9716120394813 374.5681463567088 0
300.1854784199084 102.844819312333 0
287.5710444374763 -127.8447928643511 0
383.1635909768869 78.21985140535868 0
212.8217713145937 324.9909504672443 0
379.6274469816624 -93.38533908117098 0
54.41214459942794 309.8953582168474 0
293.8582945443787 257.7900857234476 0
102.5088193737063 374.5646063673939 0
357.4913817941851 -158.1707231524792 0
289.0220742047693 118.0431254858246 0
4.028804936691227 369.1536922701288 0
374.5730217749361 -100.8299595476338 0
366.403717816066 -128.5601858406268 0
364.924518119893 133.2543604914415 0
158.1375973914195 354.7385250360491 0
135.0014680958221 287.1006700479534 0
245.644299577324 197.4313285486028 0
$EndNodes
$Elements
5 15768 1033 50482
1 15 1 265
1033 13 1019 
1034 1019 1020 
1035 1020 1021 
1036 1021 1022 
1037 1022 1023 
1038 1023 1024 
1039 1024 1025 
1040 1025 1026 
1041 1026 1027 
1042 1027 1028 
1043 1028 1029 
1044 1029 1030 
1045 1030 1031 
1046 1031 1032 
1047 1032 1033 
1048 1033 1034 
1049 1034 1035 
1050 1035 1036 
1051 1036 1037 
1052 1037 1038 
1053 1038 1039 
1054 1039 1040 
1055 1040 1041 
1056 1041 1042 
1057 1042 1043 
1058 1043 1044 
1059 1044 1045 
1060 1045 1046 
1061 1046 1047 
1062 1047 1048 
1063 1048 1049 
1064 1049 1050 
1065 1050 1051 
1066 1051 1052 
1067 1052 1053 
1068 1053 1054 
1069 1054 1055 
1070 1055 1056 
1071 1056 1057 
1072 1057 1058 
1073 1058 1059 
1074 1059 1060 
1075 1060 1061 
1076 1061 1062 
1077 1062 1063 
1078 1063 1064 
1079 1064 1065 
1080 1065 1066 
1081 1066 1067 
1082 1067 1068 
1083 1068 1069 
1084 1069 1070 
1085 1070 1071 
1086 1071 1072 
1087 1072 1073 
1088 1073 1074 
1089 1074 1075 
1090 1075 1076 
1091 1076 1077 
1092 1077 1078 
1093 1078 1079 
1094 1079 1080 
1095 1080 1081 
1096 1081 1082 
1097 1082 1083 
1098 1083 1084 
1099 1084 1085 
1100 1085 1086 
1101 1086 1087 
1102 1087 1088 
1103 1088 1089 
1104 1089 1090 
1105 1090 1091 
1106 1091 1092 
1107 1092 1093 
1108 1093 1094 
1109 1094 1095 
1110 1095 1096 
1111 1096 1097 
1112 1097 1098 
1113 1098 1099 
1114 1099 1100 
1115 1100 1101 
1116 1101 1102 
1117 1102 1103 
1118 1103 1104 
1119 1104 1105 
1120 1105 1106 
1121 1106 1107 
1122 1107 1108 
1123 1108 1109 
1124 1109 1110 
1125 1110 1111 
1126 1111 1112 
1127 1112 1113 
1128 1113 1114 
1129 1114 1115 
1130 1115 1116 
1131 1116 1117 
1132 1117 1118 
1133 1118 1119 
1134 1119 1120 
1135 1120 1121 
1136 1121 1122 
1137 1122 1123 
1138 1123 1124 
1139 1124 1125 
1140 1125 1126 
1141 1126 1127 
1142 1127 1128 
1143 1128 1129 
1144 1129 1130 
1145 1130 1131 
1146 1131 1132 
1147 1132 1133 
1148 1133 1134 
1149 1134 1135 
1150 1135 1136 
1151 1136 1137 
1152 1137 1138 
1153 1138 1139 
1154 1139 1140 
1155 1140 1141 
1156 1141 1142 
1157 1142 1143 
1158 1143 1144 
1159 1144 1145 
1160 1145 1146 
1161 1146 1147 
1162 1147 1148 
1163 1148 1149 
1164 1149 1150 
1165 1150 1151 
1166 1151 1152 
1167 1152 1153 
1168 1153 1154 
1169 1154 1155 
1170 1155 1156 
1171 1156 1157 
1172 1157 1158 
1173 1158 1159 
1174 1159 1160 
1175 1160 1161 
1176 1161 1162 
1177 1162 1163 
1178 1163 1164 
1179 1164 1165 
1180 1165 1166 
1181 1166 1167 
1182 1167 1168 
1183 1168 1169 
1184 1169 1170 
1185 1170 1171 
1186 1171 1172 
1187 1172 1173 
1188 1173 1174 
1189 1174 1175 
1190 1175 1176 
1191 1176 1177 
1192 1177 1178 
1193 1178 1179 
1194 1179 1180 
1195 1180 1181 
1196 1181 1182 
1197 1182 1183 
1198 1183 1184 
1199 1184 1185 
1200 1185 1186 
1201 1186 1187 
1202 1187 1188 
1203 1188 1189 
1204 1189 1190 
1205 1190 1191 
1206 1191 1192 
1207 1192 1193 
1208 1193 1194 
1209 1194 1195 
1210 1195 1196 
1211 1196 1197 
1212 1197 1198 
1213 1198 1199 
1214 1199 1200 
1215 1200 1201 
1216 1201 1202 
1217 1202 1203 
1218 1203 1204 
1219 1204 1205 
1220 1205 1206 
1221 1206 1207 
1222 1207 1208 
1223 1208 1209 
1224 1209 1210 
1225 1210 1211 
1226 1211 1212 
1227 1212 1213 
1228 1213 1214 
1229 1214 1215 
1230 1215 1216 
1231 1216 1217 
1232 1217 1218 
1233 1218 1219 
1234 1219 1220 
1235 1220 1221 
1236 1221 1222 
1237 1222 1223 
1238 1223 1224 
1239 1224 1225 
1240 1225 1226 
1241 1226 1227 
1242 1227 1228 
1243 1228 1229 
1244 1229 1230 
1245 1230 1231 
1246 1231 1232 
1247 1232 1233 
1248 1233 1234 
1249 1234 1235 
1250 1235 1236 
1251 1236 1237 
1252 1237 1238 
1253 1238 1239 
1254 1239 1240 
1255 1240 1241 
1256 1241 1242 
1257 1242 1243 
1258 1243 1244 
1259 1244 1245 
1260 1245 1246 
1261 1246 1247 
1262 1247 1248 
1263 1248 1249 
1264 1249 1250 
1265 1250 1251 
1266 1251 1252 
1267 1252 1253 
1268 1253 1254 
1269 1254 1255 
1270 1255 1256 
1271 1256 1257 
1272 1257 1258 
1273 1258 1259 
1274 1259 1260 
1275 1260 1261 
1276 1261 1262 
1277 1262 1263 
1278 1263 1264 
1279 1264 1265 
1280 1265 1266 
1281 1266 1267 
1282 1267 1268 
1283 1268 1269 
1284 1269 1270 
1285 1270 1271 
1286 1271 1272 
1287 1272 1273 
1288 1273 1274 
1289 1274 1275 
1290 1275 1276 
1291 1276 1277 
1292 1277 1278 
1293 1278 1279 
1294 1279 1280 
1295 1280 1281 
1296 1281 1282 
1297 1282 14 
1 16 1 28
1298 14 1283 
1299 1283 1284 
1300 1284 1285 
1301 1285 1286 
1302 1286 1287 
1303 1287 1288 
1304 1288 1289 
1305 1289 1290 
1306 1290 1291 
1307 1291 1292 
1308 1292 1293 
1309 1293 1294 
1310 1294 1295 
1311 1295 1296 
1312 1296 1297 
1313 1297 1298 
1314 1298 1299 
1315 1299 1300 
1316 1300 1301 
1317 1301 1302 
1318 1302 1303 
1319 1303 1304 
1320 1304 1305 
1321 1305 1306 
1322 1306 1307 
1323 1307 1308 
1324 1308 1309 
1325 1309 12 
1 17 1 209
1326 12 1310 
1327 1310 1311 
1328 1311 1312 
1329 1312 1313 
1330 1313 1314 
1331 1314 1315 
1332 1315 1316 
1333 1316 1317 
1334 1317 1318 
1335 1318 1319 
1336 1319 1320 
1337 1320 1321 
1338 1321 1322 
1339 1322 1323 
1340 1323 1324 
1341 1324 1325 
1342 1325 1326 
1343 1326 1327 
1344 1327 1328 
1345 1328 1329 
1346 1329 1330 
1347 1330 1331 
1348 1331 1332 
1349 1332 1333 
1350 1333 1334 
1351 1334 1335 
1352 1335 1336 
1353 1336 1337 
1354 1337 1338 
1355 1338 1339 
1356 1339 1340 
1357 1340 1341 
1358 1341 1342 
1359 1342 1343 
1360 1343 1344 
1361 1344 1345 
1362 1345 1346 
1363 1346 1347 
1364 1347 1348 
1365 1348 1349 
1366 1349 1350 
1367 1350 1351 
1368 1351 1352 
1369 1352 1353 
1370 1353 1354 
1371 1354 1355 
1372 1355 1356 
1373 1356 1357 
1374 1357 1358 
1375 1358 1359 
1376 1359 1360 
1377 1360 1361 
1378 1361 1362 
1379 1362 1363 
1380 1363 1364 
1381 1364 1365 
1382 1365 1366 
1383 1366 1367 
1384 1367 1368 
1385 1368 1369 
1386 1369 1370 
1387 1370 1371 
1388 1371 1372 
1389 1372 1373 
1390 1373 1374 
1391 1374 1375 
1392 1375 1376 
1393 1376 1377 
1394 1377 1378 
1395 1378 1379 
1396 1379 1380 
1397 1380 1381 
1398 1381 1382 
1399 1382 1383 
1400 1383 1384 
1401 1384 1385 
1402 1385 1386 
1403 1386 1387 
1404 1387 1388 
1405 1388 1389 
1406 1389 1390 
1407 1390 1391 
1408 1391 1392 
1409 1392 1393 
1410 1393 1394 
1411 1394 1395 
1412 1395 1396 
1413 1396 1397 
1414 1397 1398 
1415 1398 1399 
1416 1399 1400 
1417 1400 1401 
1418 1401 1402 
1419 1402 1403 
1420 1403 1404 
1421 1404 1405 
1422 1405 1406 
1423 1406 1407 
1424 1407 1408 
1425 1408 1409 
1426 1409 1410 
1427 1410 1411 
1428 1411 1412 
1429 1412 1413 
1430 1413 1414 
1431 1414 1415 
1432 1415 1416 
1433 1416 1417 
1434 1417 1418 
1435 1418 1419 
1436 1419 1420 
1437 1420 1421 
1438 1421 1422 
1439 1422 1423 
1440 1423 1424 
1441 1424 1425 
1442 1425 1426 
1443 1426 1427 
1444 1427 1428 
1445 1428 1429 
1446 1429 1430 
1447 1430 1431 
1448 1431 1432 
1449 1432 1433 
1450 1433 1434 
1451 1434 1435 
1452 1435 1436 
1453 1436 1437 
1454 1437 1438 
1455 1438 1439 
1456 1439 1440 
1457 1440 1441 
1458 1441 1442 
1459 1442 1443 
1460 1443 1444 
1461 1444 1445 
1462 1445 1446 
1463 1446 1447 
1464 1447 1448 
1465 1448 1449 
1466 1449 1450 
1467 1450 1451 
1468 1451 1452 
1469 1452 1453 
1470 1453 1454 
1471 1454 1455 
1472 1455 1456 
1473 1456 1457 
1474 1457 1458 
1475 1458 1459 
1476 1459 1460 
1477 1460 1461 
1478 1461 1462 
1479 1462 1463 
1480 1463 1464 
1481 1464 1465 
1482 1465 1466 
1483 1466 1467 
1484 1467 1468 
1485 1468 1469 
1486 1469 1470 
1487 1470 1471 
1488 1471 1472 
1489 1472 1473 
1490 1473 1474 
1491 1474 1475 
1492 1475 1476 
1493 1476 1477 
1494 1477 1478 
1495 1478 1479 
1496 1479 1480 
1497 1480 1481 
1498 1481 1482 
1499 1482 1483 
1500 1483 1484 
1501 1484 1485 
1502 1485 1486 
1503 1486 1487 
1504 1487 1488 
1505 1488 1489 
1506 1489 1490 
1507 1490 1491 
1508 1491 1492 
1509 1492 1493 
1510 1493 1494 
1511 1494 1495 
1512 1495 1496 
1513 1496 1497 
1514 1497 1498 
1515 1498 1499 
1516 1499 1500 
1517 1500 1501 
1518 1501 1502 
1519 1502 1503 
1520 1503 1504 
1521 1504 1505 
1522 1505 1506 
1523 1506 1507 
1524 1507 1508 
1525 1508 1509 
1526 1509 1510 
1527 1510 1511 
1528 1511 1512 
1529 1512 1513 
1530 1513 1514 
1531 1514 1515 
1532 1515 1516 
1533 1516 1517 
1534 1517 11 
1 18 1 28
1535 11 1518 
1536 1518 1519 
1537 1519 1520 
1538 1520 1521 
1539 1521 1522 
1540 1522 1523 
1541 1523 1524 
1542 1524 1525 
1543 1525 1526 
1544 1526 1527 
1545 1527 1528 
1546 1528 1529 
1547 1529 1530 
1548 1530 1531 
1549 1531 1532 
1550 1532 1533 
1551 1533 1534 
1552 1534 1535 
1553 1535 1536 
1554 1536 1537 
1555 1537 1538 
1556 1538 1539 
1557 1539 1540 
1558 1540 1541 
1559 1541 1542 
1560 1542 1543 
1561 1543 1544 
1562 1544 13 
2 5 2 15238
35245 23286 24445 19074 
35246 25401 25402 22484 
35247 23028 24665 18991 
35248 19036 25288 24878 
35249 19028 23287 23253 
35250 22916 23537 18933 
35251 22938 24117 19003 
35252 23082 25135 19018 
35253 18933 23536 22916 
35254 23395 25868 19084 
35255 18991 26011 23028 
35256 22958 24276 19119 
35257 19027 24639 22974 
35258 19020 23279 23217 
35259 22922 23024 19063 
35260 1522 23194 1523 
35261 23016 25356 22911 
35262 1138 24128 1139 
35263 21217 23218 23216 
35264 18936 24269 22971 
35265 23044 25816 25391 
35266 19126 24949 23004 
35267 18941 24128 1138 
35268 18979 24035 23768 
35269 22917 23170 19080 
35270 23018 24173 19009 
35271 19009 24173 22997 
35272 19138 25225 22975 
35273 23217 26230 19020 
35274 23261 24609 21997 
35275 19080 23171 22917 
35276 19063 23150 22922 
35277 22981 23074 19105 
35278 18999 25051 22928 
35279 22935 25407 19117 
35280 21702 26119 23377 
35281 19046 23195 23193 
35282 21090 24629 23238 
35283 24445 26099 19074 
35284 18928 26079 24763 
35285 19072 23029 22921 
35286 24763 25906 18928 
35287 22829 24736 23289 
35288 22973 25409 18942 
35289 21217 23222 23218 
35290 23562 25396 19133 
35291 23003 23227 18989 
35292 23767 25406 23772 
35293 21615 23310 22039 
35294 18987 25356 23016 
35295 19003 25919 22938 
35296 1038 24950 1039 
35297 19133 26115 23562 
35298 22978 23337 19077 
35299 19119 24277 22958 
35300 1523 23194 19037 
35301 19126 24950 24949 
35302 22942 22943 19041 
35303 21999 26212 23256 
35304 21605 23330 21717 
35305 22531 25000 23029 
35306 23252 23288 23250 
35307 22897 26170 23827 
35308 23299 24706 21654 
35309 22928 26074 18999 
35310 24921 25323 19040 
35311 25879 25881 24167 
35312 22984 24638 19021 
35313 19123 25881 25879 
35314 23253 23288 19028 
35315 19089 25206 22933 
35316 21672 23171 21671 
35317 23574 25399 23575 
35318 23217 23279 23215 
35319 22939 25916 18922 
35320 22971 25869 18936 
35321 19058 23000 22934 
35322 24010 25898 19007 
35323 19007 25885 24010 
35324 23427 25252 22369 
35325 23335 26134 25461 
35326 23256 23261 21999 
35327 24355 25981 25404 
35328 22933 26118 19089 
35329 23238 24630 21090 
35330 22921 23028 19072 
35331 22865 23311 22864 
35332 23834 25377 19096 
35333 23091 23195 19046 
35334 19040 25323 23011 
35335 25461 26134 21751 
35336 24836 24837 19001 
35337 19031 25994 23330 
35338 1518 23090 1519 
35339 18937 25905 25891 
35340 25891 25905 23997 
35341 1318 23068 1319 
35342 18945 24170 22932 
35343 23427 26084 25252 
35344 19096 26015 23834 
35345 22934 22999 19058 
35346 24837 24840 19001 
35347 25391 25816 19128 
35348 24113 25951 19137 
35349 23215 23279 19073 
35350 23772 25406 19118 
35351 19015 23154 22992 
35352 25255 25982 22813 
35353 23082 25938 25135 
35354 23062 25685 22891 
35355 22985 25469 18980 
35356 22761 25515 23125 
35357 25399 26179 23575 
35358 23120 25945 18950 
35359 1261 23537 1262 
35360 23327 23330 22695 
35361 19112 25983 25946 
35362 18980 25968 22985 
35363 25946 25983 23994 
35364 22695 23329 23327 
35365 22948 25909 23102 
35366 23219 26230 23217 
35367 18967 25972 25884 
35368 23077 25951 24113 
35369 18922 26075 22939 
35370 19084 26046 23395 
35371 23016 25247 18987 
35372 22813 26013 25255 
35373 21732 25978 23103 
35374 23093 26119 21702 
35375 18925 25921 23019 
35376 1505 23172 1506 
35377 22039 23310 22532 
35378 23093 24969 22708 
35379 25914 26146 22393 
35380 25402 26009 22484 
35381 18933 26010 23536 
35382 23004 25388 19126 
35383 1348 23026 18955 
35384 23019 26067 18925 
35385 23035 23142 19053 
35386 18932 24193 22946 
35387 22948 23102 19057 
35388 24355 25404 24356 
35389 24127 24128 18941 
35390 22932 25867 18945 
35391 23275 25052 22520 
35392 23017 23018 19122 
35393 22979 23337 22978 
35394 19124 25395 22950 
35395 19062 25998 23180 
35396 19116 25915 24013 
35397 23180 26107 19062 
35398 23029 25000 22921 
35399 24153 26019 18985 
35400 24013 25936 19116 
35401 18985 26060 24153 
35402 23121 25945 23120 
35403 1518 26153 23090 
35404 19140 25988 25478 
35405 19069 23160 23069 
35406 22886 25590 25423 
35407 19027 25914 24639 
35408 23003 25947 23227 
35409 24019 25967 24018 
35410 23768 24037 18979 
35411 22897 23827 22900 
35412 24019 25999 25967 
35413 25327 26062 26033 
35414 26033 26062 19038 
35415 21654 24707 23299 
35416 19109 23546 22980 
35417 25952 26027 19014 
35418 23360 26027 25952 
35419 23293 26146 25914 
35420 23270 26191 26101 
35421 25478 25988 23060 
35422 19104 26104 22976 
35423 19138 26097 25225 
35424 23536 26010 23359 
35425 1334 23006 1335 
35426 1273 24840 1274 
35427 23102 25909 23103 
35428 23126 26083 18983 
35429 22717 26078 25993 
35430 19077 23308 22978 
35431 21999 23261 21997 
35432 23377 26014 21702 
35433 23213 23215 19073 
35434 1269 25956 22941 
35435 24878 25288 22512 
35436 26101 26191 23221 
35437 18978 25382 22913 
35438 22896 26170 22897 
35439 22941 26161 1269 
35440 20981 24609 23261 
35441 22990 26207 19099 
35442 23529 25960 19121 
35443 24950 26114 22914 
35444 23277 25930 22431 
35445 22431 26196 23277 
35446 25985 25991 19047 
35447 23032 25991 25985 
35448 23289 26121 22829 
35449 23220 25609 25097 
35450 19032 24538 22983 
35451 1347 23026 1348 
35452 1468 23033 1469 
35453 23344 26233 22669 
35454 1335 23006 18972 
35455 23287 23305 23253 
35456 23512 25952 19014 
35457 18956 23071 1357 
35458 23511 23512 19139 
35459 19041 25903 22942 
35460 24878 26127 19036 
35461 19067 26170 25996 
35462 21167 26038 26018 
35463 19083 25032 23425 
35464 23103 25978 23104 
35465 22973 26069 25409 
35466 22986 23168 18997 
35467 19051 26007 22949 
35468 18979 24036 24035 
35469 25993 26078 23415 
35470 23012 25379 18977 
35471 22949 26093 19051 
35472 18964 23022 23020 
35473 21925 23513 22059 
35474 23311 26145 22864 
35475 23289 24736 19024 
35476 25905 25922 23997 
35477 23513 25952 23512 
35478 23997 25922 23996 
35479 23262 25584 23251 
35480 22944 25900 25411 
35481 18949 25685 23062 
35482 25247 25335 18987 
35483 19123 25879 24010 
35484 1039 24950 19126 
35485 18940 24950 1038 
35486 18926 23789 23002 
35487 19057 23101 22948 
35488 23396 25868 23395 
35489 24010 25885 19123 
35490 19107 26029 24062 
35491 25996 26170 22896 
35492 19031 23330 23327 
35493 23510 23511 19139 
35494 19118 23774 23772 
35495 18998 25862 22906 
35496 19008 25392 23769 
35497 22695 23330 21605 
35498 21717 23330 23021 
35499 19007 25898 24013 
35500 23074 26066 19105 
35501 18996 24884 22993 
35502 24376 25949 19111 
35503 23257 23288 23252 
35504 23250 23288 23253 
35505 21928 23127 21927 
35506 19117 25970 22935 
35507 24013 25915 19007 
35508 18970 24311 23078 
35509 19001 25887 24836 
35510 25411 26076 22944 
35511 22917 23171 21672 
35512 21671 23171 22854 
35513 18964 23023 23022 
35514 19105 23378 22981 
35515 22484 25904 25401 
35516 21927 23127 22404 
35517 23330 25994 23021 
35518 19061 23304 23254 
35519 18946 23030 23015 
35520 18957 24689 23014 
35521 25527 25882 22601 
35522 25134 25254 23428 
35523 22943 22944 19041 
35524 18983 26116 23126 
35525 23058 25388 23004 
35526 1319 23068 18988 
35527 22976 25953 19104 
35528 25097 25609 21185 
35529 22946 25984 18932 
35530 1171 24037 1172 
35531 24023 26081 24022 
35532 25884 25972 22998 
35533 24023 26131 26081 
35534 1469 23033 18968 
35535 1200 26048 22977 
35536 1507 23170 1508 
35537 18937 25891 24167 
35538 22977 26104 1200 
35539 22974 25995 19027 
35540 19052 23068 1318 
35541 23193 25957 19046 
35542 24167 25881 18937 
35543 23125 25515 22404 
35544 18975 23172 1505 
35545 23142 26133 19053 
35546 22906 26199 18998 
35547 23222 25609 23220 
35548 23297 25519 22926 
35549 24155 26105 19114 
35550 19069 26137 23160 
35551 26018 26038 23341 
35552 25254 26084 23428 
35553 18997 23169 22986 
35554 19114 26152 24155 
35555 23218 23222 23220 
35556 24657 26134 23333 
35557 26003 26109 23067 
35558 22935 26086 25407 
35559 23248 23305 23246 
35560 24630 25437 21090 
35561 24638 25930 19021 
35562 23235 25437 24630 
35563 19116 25936 24018 
35564 24101 25383 19108 
35565 24276 25328 19119 
35566 22972 26112 19025 
35567 22913 26173 18978 
35568 1357 23071 1358 
35569 18971 26143 25980 
35570 21678 23169 21676 
35571 25818 25920 21163 
35572 24117 24118 19003 
35573 23010 26026 1245 
35574 24018 25967 19116 
35575 21615 25455 23310 
35576 19034 24657 23333 
35577 22994 25877 19110 
35578 18963 24668 23323 
35579 25523 25908 23774 
35580 19127 26109 26003 
35581 22669 25296 23344 
35582 25404 25981 18929 
35583 23267 25920 25818 
35584 22103 25874 21722 
35585 1262 23537 19136 
35586 25011 26114 26022 
35587 18933 23537 1261 
35588 19118 25523 23774 
35589 24949 24950 22914 
35590 18928 25906 22947 
35591 1245 26138 23010 
35592 20981 23261 23255 
35593 23018 26000 19122 
35594 23345 26233 23344 
35595 23324 23325 22442 
35596 21702 24969 23093 
35597 24836 25887 24839 
35598 23318 25965 21711 
35599 18982 23599 23598 
35600 19025 26016 22972 
35601 23769 25779 19008 
35602 19073 23223 23213 
35603 23254 23305 19061 
35604 23062 23065 18949 
35605 19099 25722 22990 
35606 22970 25949 24376 
35607 23256 26212 23258 
35608 25423 25590 19039 
35609 18938 23056 23036 
35610 22060 25042 23315 
35611 22761 23125 23124 
35612 23235 25818 21163 
35613 26022 26114 18940 
35614 22991 26207 22990 
35615 18942 25886 22973 
35616 19043 26025 22987 
35617 22884 25485 22989 
35618 21163 25437 23235 
35619 22950 25913 19124 
35620 24707 25006 22714 
35621 22520 25876 23275 
35622 22934 23093 22708 
35623 23087 24689 18957 
35624 18986 25659 23487 
35625 20556 25584 23262 
35626 1126 26207 26059 
35627 18940 26114 24950 
35628 19021 26039 22984 
35629 19052 23008 23007 
35630 22975 25875 19138 
35631 22988 25552 18921 
35632 22980 26085 19109 
35633 21697 26146 23294 
35634 22947 26061 18928 
35635 19015 26094 23154 
35636 26059 26207 22991 
35637 1118 23371 1119 
35638 21424 26017 25929 
35639 22987 26179 19043 
35640 19004 25908 25523 
35641 19018 25992 23082 
35642 25318 26070 1100 
35643 1522 25957 23194 
35644 18941 24129 24127 
35645 19000 25573 25146 
35646 1110 25238 1111 
35647 1100 26110 25318 
35648 25980 26143 22874 
35649 19043 26179 25399 
35650 22992 25454 19015 
35651 23007 23068 19052 
35652 25248 26118 23061 
35653 1506 23172 19080 
35654 22983 26068 19032 
35655 1274 24840 19090 
35656 19001 24840 1273 
35657 22654 26233 23345 
35658 23255 25584 20981 
35659 25873 25994 1380 
35660 22993 25646 18996 
35661 22849 26115 25386 
35662 1503 23342 1504 
35663 23294 23295 21697 
35664 19064 25899 22945 
35665 25961 26098 1490 
35666 23345 26106 22654 
35667 25247 25727 25335 
35668 19080 23170 1507 
35669 18972 25724 23332 
35670 22979 23338 23337 
35671 22987 25867 22932 
35672 22441 23513 21925 
35673 18970 26160 24311 
35674 22938 25919 19120 
35675 22997 25606 19009 
35676 23574 25400 25399 
35677 25916 26029 1229 
35678 18924 25973 23556 
35679 23171 23172 22854 
35680 22891 25685 22982 
35681 23322 25280 19030 
35682 1226 23134 1227 
35683 19040 25324 24921 
35684 25335 25727 19094 
35685 18931 25999 24019 
35686 21711 26227 23318 
35687 23285 25987 22419 
35688 24277 25869 22971 
35689 23124 26061 22947 
35690 23065 23369 18949 
35691 25485 26034 22989 
35692 22959 24277 22971 
35693 22958 24277 22959 
35694 23288 26275 19028 
35695 19081 25982 25255 
35696 19028 26275 23316 
35697 24019 26041 18931 
35698 22419 26219 23285 
35699 22996 25590 22886 
35700 22059 23513 23511 
35701 22857 25960 23529 
35702 22737 25243 23367 
35703 18921 25990 22988 
35704 19122 23019 23017 
35705 22044 25970 25941 
35706 24062 26029 22940 
35707 23009 26138 19125 
35708 19117 26023 25970 
35709 23029 26051 22531 
35710 22865 25637 23311 
35711 23304 23397 23254 
35712 24833 25759 24835 
35713 23487 26168 18986 
35714 23124 26205 26061 
35715 1406 23223 1407 
35716 18926 23790 23789 
35717 22993 25979 25646 
35718 23996 25922 19112 
35719 18923 25882 25527 
35720 23085 23154 19086 
35721 19112 25946 23996 
35722 22945 26121 19064 
35723 19755 23368 23367 
35724 18979 24037 1171 
35725 1172 24037 19098 
35726 19009 26000 23018 
35727 23032 26004 25991 
35728 23061 25988 25248 
35729 19120 26182 22938 
35730 21928 23128 23127 
35731 23031 26004 23032 
35732 25926 25973 1107 
35733 22987 26025 25867 
35734 23027 23306 19065 
35735 23209 23211 18965 
35736 19755 24888 23368 
35737 19121 26108 23529 
35738 23164 25874 22103 
35739 19108 26190 24101 
35740 23253 23305 23248 
35741 23246 23305 23254 
35742 23091 25040 23195 
35743 25573 26193 25146 
35744 22949 26007 18988 
35745 23127 26083 23126 
35746 25101 26074 23362 
35747 25255 26013 25892 
35748 18963 26129 24668 
35749 22986 23169 21678 
35750 23517 25518 21095 
35751 21676 23169 22917 
35752 18954 25519 23297 
35753 19110 26248 22994 
35754 23164 23459 23163 
35755 22695 24982 23329 
35756 18931 26041 24022 
35757 23012 26040 25379 
35758 1508 23170 18997 
35759 23251 25584 23255 
35760 21639 24837 24835 
35761 22103 23459 23164 
35762 23425 26043 19083 
35763 19063 23024 23023 
35764 19013 25603 25394 
35765 23034 23096 21450 
35766 23362 26050 25101 
35767 23286 25933 24445 
35768 23092 25381 18984 
35769 23340 23342 23336 
35770 25356 26245 22911 
35771 21586 25931 25880 
35772 21751 26134 24657 
35773 22488 23096 23034 
35774 23001 25993 18973 
35775 23076 25883 19100 
35776 21095 23086 21096 
35777 21639 24838 24837 
35778 24128 26195 1139 
35779 22532 23310 23309 
35780 22940 25916 22939 
35781 19053 23143 23035 
35782 1188 25400 1189 
35783 24062 26058 19107 
35784 24022 26081 18931 
35785 19098 24038 23770 
35786 22486 23105 23057 
35787 23138 26098 25961 
35788 21450 23096 22741 
35789 25391 26142 23044 
35790 24813 26091 25986 
35791 21794 23423 21792 
35792 23294 26146 23293 
35793 22460 23381 22459 
35794 21654 25006 24707 
35795 22909 24707 22714 
35796 23336 23342 1503 
35797 19142 26013 25976 
35798 18972 26122 25724 
35799 1263 25324 1264 
35800 23329 24982 21510 
35801 21095 25518 23086 
35802 1216 25960 25901 
35803 19062 25884 22998 
35804 23299 26072 24706 
35805 19012 25388 23058 
35806 23102 23103 18953 
35807 23163 25199 23094 
35808 25386 26024 22849 
35809 18944 23371 1118 
35810 1504 23342 18975 
35811 25970 26023 24118 
35812 23211 23223 18965 
35813 1227 23134 18922 
35814 23598 26002 18982 
35815 23034 23105 22488 
35816 25646 25979 19059 
35817 18961 23303 23260 
35818 19131 23500 23030 
35819 22985 25968 19102 
35820 24835 25759 21639 
35821 25929 26017 23024 
35822 22525 23411 23391 
35823 23244 23397 23242 
35824 22525 23391 23390 
35825 23057 23086 22486 
35826 21096 23086 23057 
35827 23073 23350 22041 
35828 23194 25889 19037 
35829 23275 26130 25052 
35830 19023 26194 22982 
35831 23157 25937 22915 
35832 21695 25180 23514 
35833 20037 23222 20035 
35834 20035 23222 21217 
35835 23069 23161 19069 
35836 22982 26268 19023 
35837 23687 24038 23689 
35838 23350 25041 22041 
35839 21482 23392 21118 
35840 1303 26080 23543 
35841 19061 23305 23287 
35842 23325 23415 22442 
35843 23337 23340 23336 
35844 23262 25971 25902 
35845 23278 26196 22383 
35846 22976 26104 22977 
35847 23770 25505 19098 
35848 1111 25238 19120 
35849 23074 23075 18981 
35850 18965 23224 23209 
35851 23000 23093 22934 
35852 22509 25783 23490 
35853 22900 23827 23198 
35854 23021 25994 25873 
35855 21734 23081 23079 
35856 23543 26139 1303 
35857 23291 26112 22065 
35858 22065 26113 23291 
35859 18946 26120 23030 
35860 19019 23163 23094 
35861 22926 26242 23297 
35862 18989 26064 23003 
35863 23026 26031 18955 
35864 22999 25577 19058 
35865 23079 23084 21734 
35866 21771 23084 23079 
35867 19052 23380 23008 
35868 23451 25527 22601 
35869 18988 26176 22949 
35870 19094 25727 25012 
35871 19008 25779 25393 
35872 23428 26084 23427 
35873 1060 25328 1061 
35874 19100 26186 23076 
35875 19664 23472 19657 
35876 19125 26030 23009 
35877 23260 23397 18961 
35878 22906 23083 21733 
35879 19102 26124 22985 
35880 23367 25243 19755 
35881 18943 25932 23005 
35882 23192 23195 21664 
35883 1375 23150 1376 
35884 19820 24888 19754 
35885 25042 25917 23315 
35886 1407 23223 19073 
35887 18965 23223 1406 
35888 23232 24630 23233 
35889 1236 26063 24065 
35890 23070 25423 19039 
35891 22737 23367 23096 
35892 25924 25943 25189 
35893 25386 26115 19133 
35894 19089 26118 25248 
35895 22940 26029 25916 
35896 19065 25935 23027 
35897 23317 26021 25965 
35898 21664 23379 23192 
35899 22998 25998 19062 
35900 23353 25785 23390 
35901 18973 26201 23001 
35902 25032 26047 23425 
35903 23073 23473 21729 
35904 23188 23190 21183 
35905 25902 25971 20954 
35906 19165 23389 19163 
35907 21257 23097 21804 
35908 18961 23397 23304 
35909 23002 26165 18926 
35910 22665 25972 23321 
35911 23767 26254 25406 
35912 25976 26013 23013 
35913 23190 23379 21183 
35914 22203 23099 21728 
35915 22203 23100 23099 
35916 22988 25990 23011 
35917 18956 26054 23071 
35918 23145 23146 19134 
35919 23473 25798 21730 
35920 23195 25040 21664 
35921 23072 23381 19113 
35922 1334 25893 23006 
35923 21183 23400 23188 
35924 18977 26053 23012 
35925 25941 25970 24118 
35926 21823 25372 23112 
35927 21730 25798 25507 
35928 23556 25973 22908 
35929 23342 26148 18975 
35930 24065 26178 1236 
35931 23459 25199 23163 
35932 21468 23111 21453 
35933 23020 25873 18964 
35934 21083 25872 25871 
35935 20975 25041 23350 
35936 21734 23083 23081 
35937 23109 23110 22508 
35938 23105 23492 23057 
35939 1110 25959 25238 
35940 19753 25599 23351 
35941 1468 26068 23033 
35942 22503 26175 23314 
35943 19596 25373 19593 
35944 21729 23473 21730 
35945 21802 23469 21727 
35946 23423 25783 22509 
35947 23350 23353 20975 
35948 23187 23400 19829 
35949 25252 25253 22369 
35950 21106 25424 20904 
35951 21722 25874 22986 
35952 18958 26051 26020 
35953 23258 26212 25519 
35954 1411 23271 1412 
35955 25012 25927 19094 
35956 19674 25578 19698 
35957 20975 23353 21297 
35958 22986 25874 23168 
35959 23192 23379 23190 
35960 22442 26065 23324 
35961 21846 23117 19596 
35962 23485 25688 21803 
35963 24079 26110 18939 
35964 22517 25422 22516 
35965 25450 25849 22226 
35966 23351 23490 19753 
35967 23075 23076 18981 
35968 22041 23472 23073 
35969 22459 23381 23072 
35970 22463 23381 22460 
35971 21072 25866 25865 
35972 23303 23595 23260 
35973 25779 25969 25393 
35974 22509 23490 23351 
35975 23187 23423 21794 
35976 21733 23083 21734 
35977 23011 26154 19040 
35978 19128 25816 24317 
35979 23307 26099 25204 
35980 1189 25400 18930 
35981 24764 26079 1045 
35982 21792 23423 22509 
35983 23390 25785 23392 
35984 23277 26196 23278 
35985 23315 26175 22060 
35986 25603 26156 25394 
35987 21771 23354 23084 
35988 23169 23170 22917 
35989 18938 26261 23056 
35990 23511 23513 23512 
35991 24333 25420 24332 
35992 23117 25373 19596 
35993 22539 23123 21137 
35994 22463 23382 23381 
35995 25986 26091 19129 
35996 23172 26123 22854 
35997 21118 23392 21246 
35998 25280 26167 19030 
35999 24334 25429 24335 
36000 23034 23492 23105 
36001 1264 25324 19040 
36002 23015 26009 18946 
36003 19136 25324 1263 
36004 23482 24715 21903 
36005 21196 26012 25989 
36006 23118 25424 21106 
36007 23254 23397 23244 
36008 23242 23397 23260 
36009 19703 23419 19717 
36010 23023 26017 23022 
36011 25575 25728 22124 
36012 23094 23393 19019 
36013 25399 25400 1188 
36014 25069 26199 23456 
36015 19552 25430 19549 
36016 23770 24038 23687 
36017 22518 24090 24089 
36018 23213 23223 23211 
36019 23438 23499 21726 
36020 19064 26121 23289 
36021 23129 24090 22518 
36022 1296 25868 25797 
36023 19568 24090 23129 
36024 23994 25983 18985 
36025 18975 26148 26123 
36026 22463 25222 23382 
36027 19548 25435 19545 
36028 23058 25870 19012 
36029 25011 25927 25012 
36030 23188 23400 23187 
36031 23112 25372 23111 
36032 23514 25180 22859 
36033 23689 24038 23768 
36034 23036 25806 18938 
36035 22908 25973 25926 
36036 23095 23583 22510 
36037 21695 23514 23007 
36038 1033 25335 1034 
36039 25395 26150 22950 
36040 23097 23098 21804 
36041 1411 23272 23271 
36042 24277 26177 25869 
36043 20862 23596 23477 
36044 23584 24783 21454 
36045 23106 25159 23348 
36046 23153 23154 23085 
36047 23227 25947 19068 
36048 19022 23150 1375 
36049 1376 23150 19063 
36050 22546 25518 23517 
36051 24728 26130 23274 
36052 23438 25216 23354 
36053 22525 23392 21482 
36054 22359 23098 23097 
36055 23157 26225 25937 
36056 21737 23497 21470 
36057 19552 24337 23130 
36058 18985 26019 23994 
36059 19818 23177 20771 
36060 21726 25216 23438 
36061 23106 23348 21271 
36062 19024 24736 23137 
36063 23000 26188 18959 
36064 22523 23153 23085 
36065 22524 23485 23411 
36066 21730 25507 22546 
36067 23389 25599 19753 
36068 21910 25420 24333 
36069 23349 25184 23499 
36070 19047 25976 23013 
36071 25507 25518 22546 
36072 22156 23135 23133 
36073 19086 23487 23085 
36074 21271 23107 23106 
36075 23133 23135 21747 
36076 23147 25427 21871 
36077 21906 25429 24334 
36078 24763 26079 24764 
36079 18936 26125 24269 
36080 22523 23174 23153 
36081 21446 24838 21639 
36082 20623 25796 25747 
36083 22524 23411 22525 
36084 19295 25810 25736 
36085 22452 24838 21446 
36086 22488 23105 21448 
36087 21275 23357 23356 
36088 19071 23595 23303 
36089 1404 23224 1405 
36090 21468 23112 23111 
36091 21448 23105 22486 
36092 23142 24671 18990 
36093 25331 25333 22362 
36094 23499 25184 21726 
36095 22362 25333 21780 
36096 19637 25740 25733 
36097 23346 23375 23328 
36098 23207 23224 19076 
36099 20974 23580 23108 
36100 19673 23472 19664 
36101 22548 23580 23139 
36102 23530 24800 22680 
36103 23139 23580 20974 
36104 23130 25430 19552 
36105 22521 23349 23348 
36106 19763 23177 19818 
36107 19657 23472 22041 
36108 25880 25931 23368 
36109 25801 25890 1136 
36110 22521 25184 23349 
36111 21453 23111 22508 
36112 21257 23469 23097 
36113 23131 25435 19548 
36114 23096 23367 22741 
36115 22512 25288 23343 
36116 24091 25083 22057 
36117 23013 25985 19047 
36118 23235 24630 23232 
36119 23233 24630 23238 
36120 20771 23177 23175 
36121 23216 26250 21217 
36122 19754 24888 19755 
36123 18990 24671 23160 
36124 20982 24888 19820 
36125 23354 25216 23084 
36126 21759 23147 21871 
36127 23348 25159 22521 
36128 23175 23516 20771 
36129 19163 23389 19753 
36130 22508 23111 23109 
36131 23099 23469 21728 
36132 22740 25759 24833 
36133 1061 25328 19010 
36134 19119 25328 1060 
36135 21275 23389 19165 
36136 23205 23207 19076 
36137 22972 26016 23014 
36138 22979 23339 23338 
36139 22526 23116 23115 
36140 21853 25413 20834 
36141 24092 25422 22517 
36142 23338 23340 23337 
36143 19139 25587 23510 
36144 21718 24129 21720 
36145 23309 25516 22532 
36146 23072 25984 22946 
36147 23198 25975 22900 
36148 23110 23482 22508 
36149 18968 23285 23284 
36150 22359 25340 23098 
36151 21275 23430 23357 
36152 22922 25929 23024 
36153 19080 23172 23171 
36154 23314 26096 22503 
36155 21745 24338 21462 
36156 25830 25834 22368 
36157 21789 25834 25830 
36158 21852 23156 23155 
36159 23321 25972 18967 
36160 21852 23155 21851 
36161 18957 25636 23087 
36162 23321 26259 22665 
36163 20976 23147 23114 
36164 22510 23584 23095 
36165 25990 26154 23011 
36166 23088 25444 22533 
36167 23114 23147 21759 
36168 22017 23584 23113 
36169 21282 25349 23484 
36170 22533 25450 23088 
36171 23371 26215 1119 
36172 25362 25601 23110 
36173 21799 25710 25709 
36174 25709 25710 24420 
36175 21846 23497 23117 
36176 23174 23516 23175 
36177 23263 23265 23234 
36178 19071 23398 23236 
36179 19076 23399 23205 
36180 19721 25368 24136 
36181 23005 26257 18943 
36182 25460 25629 22253 
36183 21853 24208 23159 
36184 25419 25653 22538 
36185 19675 23484 23122 
36186 23089 23090 19141 
36187 25836 25838 24138 
36188 22363 25838 25836 
36189 23014 26211 18957 
36190 23124 23125 19097 
36191 23122 25150 19675 
36192 22995 25877 22994 
36193 23024 26017 23023 
36194 22539 23530 23123 
36195 25348 25353 24078 
36196 22553 23173 21112 
36197 22204 25353 25348 
36198 23556 26185 18924 
36199 26191 26230 23221 
36200 20429 23581 20431 
36201 19092 26087 25346 
36202 23447 25502 23520 
36203 21761 23159 23119 
36204 23097 23469 21802 
36205 21861 23181 19721 
36206 19039 25878 23070 
36207 23159 24208 23119 
36208 21727 23469 23099 
36209 23361 23362 22929 
36210 25412 25417 23113 
36211 24089 24091 22518 
36212 22128 25417 25412 
36213 23771 25505 23770 
36214 1315 23167 19016 
36215 23159 25413 21853 
36216 25901 25960 22857 
36217 22204 25348 25344 
36218 22204 25344 22203 
36219 23472 23473 23073 
36220 23209 23224 23207 
36221 20419 23566 20421 
36222 23010 26138 23009 
36223 19147 25040 19145 
36224 23373 25888 23128 
36225 22969 25888 23373 
36226 24337 24338 23130 
36227 21754 24338 24336 
36228 25519 26202 23258 
36229 19104 25953 25385 
36230 1412 23271 18951 
36231 23484 25349 23122 
36232 23007 23514 23068 
36233 19106 26216 24064 
36234 19066 25945 23121 
36235 18939 26126 24079 
36236 23274 26136 24728 
36237 22929 23534 23361 
36238 21369 25522 23414 
36239 22203 25344 23100 
36240 26087 26117 25346 
36241 23544 24047 20837 
36242 22942 25903 23002 
36243 25428 25579 22539 
36244 19717 23419 21271 
36245 19076 23224 1404 
36246 1405 23224 18965 
36247 19698 25578 23419 
36248 23108 23581 20974 
36249 20434 23581 23136 
36250 21194 25974 24642 
36251 23278 23377 23376 
36252 23181 25368 19721 
36253 19048 26267 22996 
36254 25145 25153 22862 
36255 21928 23373 23128 
36256 21265 23448 21756 
36257 22645 24715 23482 
36258 23067 25908 19004 
36259 23230 23263 23234 
36260 23200 23225 23203 
36261 19698 23419 19703 
36262 22508 23482 21903 
36263 23295 25151 21697 
36264 23182 23440 20365 
36265 21871 25427 23477 
36266 23240 23595 23237 
36267 20424 23566 23141 
36268 23114 23566 20976 
36269 23236 23595 19071 
36270 25011 26022 25927 
36271 18999 26074 25101 
36272 23001 25593 22903 
36273 19049 19145 19144 
36274 22644 24782 23649 
36275 1341 23334 18960 
36276 1384 23375 18974 
36277 1390 23320 18967 
36278 19074 26099 23307 
36279 25403 26241 24371 
36280 23129 25416 25375 
36281 25375 25416 24333 
36282 23025 26015 19096 
36283 25481 25679 22299 
36284 23103 23104 18953 
36285 24078 25353 22537 
36286 23477 23596 21871 
36287 20862 23477 22526 
36288 22017 24783 23584 
36289 22524 25688 23485 
36290 23115 23544 22526 
36291 23095 23584 21454 
36292 23630 25369 22529 
36293 22537 25362 24078 
36294 20950 23959 23148 
36295 19593 25373 19592 
36296 21756 23448 23446 
36297 23451 26124 19102 
36298 21470 23497 23095 
36299 23117 23497 21737 
36300 25419 25431 22137 
36301 24434 24924 22692 
36302 22137 25431 21106 
36303 19144 23089 19141 
36304 22523 23516 23174 
36305 21847 23544 23149 
36306 19049 19144 1515 
36307 20904 25424 24075 
36308 23155 23649 21851 
36309 21945 23630 21488 
36310 23135 25449 25445 
36311 20953 23965 23152 
36312 25445 25449 23136 
36313 23119 23649 21761 
36314 19766 23526 23418 
36315 23162 23164 23163 
36316 23334 23335 18960 
36317 23320 23321 18967 
36318 22516 25422 23123 
36319 23440 23441 20365 
36320 18987 25335 1033 
36321 23221 26230 23219 
36322 21968 24800 23530 
36323 18951 23270 23268 
36324 23123 23530 22680 
36325 1034 25335 19094 
36326 20949 23963 23140 
36327 23268 24096 18951 
36328 20368 23969 23158 
36329 20345 23964 20348 
36330 18968 23284 1470 
36331 18960 23296 1342 
36332 23139 25447 25443 
36333 25443 25447 23141 
36334 23113 25417 22017 
36335 22517 25083 24091 
36336 23006 26122 18972 
36337 21762 24434 24081 
36338 20899 25029 23465 
36339 19882 25623 25493 
36340 22754 26224 23403 
36341 22553 24434 23173 
36342 20366 23961 23144 
36343 20335 23962 20337 
36344 22518 24091 22057 
36345 20956 23971 23165 
36346 23465 25029 22877 
36347 23092 26028 25381 
36348 24332 25420 24334 
36349 21861 23630 23181 
36350 20037 25609 23222 
36351 21271 23419 23107 
36352 19763 25491 23177 
36353 23361 23534 21268 
36354 20331 23960 20333 
36355 24335 25429 24336 
36356 23162 23163 19019 
36357 21720 24129 22844 
36358 24127 24129 21718 
36359 19019 23393 1513 
36360 20369 23974 23179 
36361 23583 23956 20884 
36362 24429 25598 25487 
36363 24064 26063 19106 
36364 19701 25290 23502 
36365 25404 25962 24356 
36366 25974 26102 24642 
36367 18974 23375 23346 
36368 20367 23967 23151 
36369 20913 24092 24088 
36370 23157 23183 18934 
36371 19020 23272 1410 
36372 20327 23968 20329 
36373 22943 25802 22944 
36374 19155 23400 19153 
36375 23441 25322 25294 
36376 23149 25434 25426 
36377 25426 25434 22147 
36378 19549 25430 19548 
36379 19151 23379 19149 
36380 19750 25491 19763 
36381 1512 23162 19019 
36382 1410 23272 1411 
36383 23229 23263 23230 
36384 23199 23225 23200 
36385 22570 23183 22536 
36386 21462 24338 21754 
36387 23130 24338 21745 
36388 20957 23980 23186 
36389 22515 25428 24075 
36390 21106 25431 23118 
36391 25589 25683 24194 
36392 24075 25424 22515 
36393 1317 23380 19052 
36394 20323 23966 20325 
36395 22533 25849 25450 
36396 1510 23168 19050 
36397 19545 25435 19544 
36398 23520 25502 21478 
36399 21756 23446 23444 
36400 23123 25422 21137 
36401 22555 25497 22794 
36402 20370 23984 23347 
36403 25135 25938 19085 
36404 22794 25497 25496 
36405 20319 23970 20321 
36406 19135 26027 23360 
36407 18998 26199 25069 
36408 23153 23174 22882 
36409 23403 26224 25282 
36410 19145 25040 23089 
36411 20315 23972 20317 
36412 19051 23185 23184 
36413 20958 23985 23352 
36414 23231 23398 18994 
36415 23201 23399 18995 
36416 20900 25358 25338 
36417 23273 23275 19078 
36418 23280 23283 19026 
36419 23313 23315 23312 
36420 23129 25375 19568 
36421 25320 25334 21352 
36422 23465 23646 20900 
36423 19051 23184 1322 
36424 21267 23448 21265 
36425 21858 25640 22263 
36426 22855 26148 23341 
36427 21268 23383 23178 
36428 22727 25966 25954 
36429 23401 25029 20899 
36430 20365 23964 23182 
36431 25378 25722 19099 
36432 20431 23581 20434 
36433 20974 23581 20429 
36434 23278 23376 19070 
36435 22537 25601 25362 
36436 22882 23174 22883 
36437 20311 24051 20313 
36438 24333 25416 21910 
36439 18993 23274 23273 
36440 22526 23477 23116 
36441 19079 23281 23280 
36442 1470 23284 1471 
36443 19075 23293 23292 
36444 1342 23296 1343 
36445 23229 23230 18994 
36446 23199 23200 18995 
36447 18952 23314 23313 
36448 25938 26218 19085 
36449 23140 23964 20949 
36450 1495 23226 18996 
36451 18993 23273 1481 
36452 18989 23227 1368 
36453 1401 23199 18995 
36454 1416 23229 18994 
36455 19056 23228 1479 
36456 1433 23196 19067 
36457 19054 23197 1430 
36458 18972 23332 1336 
36459 1488 23289 19024 
36460 19021 23276 1360 
36461 19029 23286 1454 
36462 1424 23287 19028 
36463 19079 23280 1472 
36464 19075 23292 1344 
36465 1440 23290 19065 
36466 19073 23279 1408 
36467 1478 23298 19056 
36468 1429 23297 19054 
36469 19068 23300 1370 
36470 19070 23376 1362 
36471 1499 23301 18962 
36472 19071 23303 1419 
36473 1459 23323 23322 
36474 19074 23307 1456 
36475 18962 23308 1500 
36476 1484 23302 18966 
36477 18973 23325 1464 
36478 18952 23313 1372 
36479 1442 23306 18958 
36480 18961 23304 1421 
36481 25536 25538 23979 
36482 20377 23988 23355 
36483 19169 23430 19167 
36484 23979 25538 21859 
36485 21194 25920 23267 
36486 24334 25420 21906 
36487 23178 23361 21268 
36488 20307 24186 20309 
36489 23144 23962 20366 
36490 20421 23566 20424 
36491 20976 23566 20419 
36492 23112 25728 25575 
36493 25940 25958 22689 
36494 25322 25371 21338 
36495 23236 23398 23231 
36496 23205 23399 23201 
36497 24336 25429 21754 
36498 23497 23583 23095 
36499 20961 23998 23358 
36500 23148 23960 20950 
36501 20303 24254 20305 
36502 23282 26219 21698 
36503 20350 23441 20356 
36504 23525 25332 22550 
36505 19101 26180 24036 
36506 20950 23968 23959 
36507 23502 25334 25320 
36508 22199 23475 22744 
36509 23146 25934 19005 
36510 25965 26021 23104 
36511 23343 25288 1331 
36512 22526 23544 20837 
36513 21847 24047 23544 
36514 25434 25438 22147 
36515 22199 23483 23475 
36516 23151 23968 20367 
36517 22536 23183 23157 
36518 22147 25438 21852 
36519 22290 25585 22234 
36520 23344 25296 1386 
36521 22200 23483 22199 
36522 19548 25430 23131 
36523 22290 25589 25585 
36524 20299 24307 20301 
36525 20378 24008 23363 
36526 23068 26176 18988 
36527 19072 26020 23029 
36528 24037 24038 19098 
36529 19829 23423 23187 
36530 25275 25290 19701 
36531 23356 23389 21275 
36532 21664 25040 19147 
36533 23414 25522 22753 
36534 1314 23167 1315 
36535 19675 25578 19674 
36536 23417 25233 23418 
36537 23152 23966 20953 
36538 18973 23415 23325 
36539 23353 23390 21297 
36540 23502 25320 19701 
36541 20953 23970 23965 
36542 23237 23595 23236 
36543 23260 23595 23240 
36544 20295 24401 20297 
36545 20962 24014 23364 
36546 20834 25413 24081 
36547 23475 24295 22744 
36548 23649 24782 21761 
36549 23158 23970 20368 
36550 22644 23649 23155 
36551 25338 25358 23176 
36552 22515 25579 25428 
36553 23133 25442 22156 
36554 20365 23441 20350 
36555 23417 25290 25275 
36556 25101 26050 19087 
36557 23089 23091 23090 
36558 19146 23393 23094 
36559 20368 23972 23969 
36560 23135 25445 21747 
36561 20291 24421 20293 
36562 19149 23379 21664 
36563 23203 25943 25924 
36564 22315 23370 23366 
36565 23165 23972 20956 
36566 25871 25872 23339 
36567 23262 25902 20556 
36568 22877 23646 23465 
36569 21183 23379 19151 
36570 21762 24924 24434 
36571 23418 23526 23436 
36572 23366 23370 21815 
36573 20379 24033 23365 
36574 20956 24051 23971 
36575 22529 25369 23173 
36576 25294 25322 21338 
36577 23173 24434 22692 
36578 23136 25449 20434 
36579 1340 23334 1341 
36580 1383 23375 1384 
36581 1389 23320 1390 
36582 22454 23790 22455 
36583 20287 24451 20289 
36584 23179 24051 20369 
36585 19153 23400 21183 
36586 23417 25275 25233 
36587 21771 23437 23354 
36588 23139 25443 22548 
36589 24258 25308 23434 
36590 20369 24186 23974 
36591 21488 23630 22529 
36592 19049 23393 19146 
36593 23181 23630 21945 
36594 23525 25349 21282 
36595 24136 25368 22619 
36596 18997 23170 23169 
36597 19829 23400 19155 
36598 24091 24092 22517 
36599 20963 24040 23372 
36600 25368 25370 22619 
36601 1045 26206 24764 
36602 22619 25370 21316 
36603 25370 25415 21316 
36604 23186 24186 20957 
36605 20283 24484 20285 
36606 21316 25415 24073 
36607 25865 25866 23373 
36608 20899 25220 23401 
36609 20963 24652 24040 
36610 23136 23581 23108 
36611 20957 24254 23980 
36612 20348 23964 20365 
36613 20949 23964 20345 
36614 25528 25530 24439 
36615 23141 25447 20424 
36616 23646 25358 20900 
36617 20079 25530 25528 
36618 24040 24652 23374 
36619 23141 23566 23114 
36620 23395 23457 23394 
36621 19060 24096 23264 
36622 21338 25371 22530 
36623 23113 23584 22510 
36624 23347 24254 20370 
36625 20337 23962 20949 
36626 20366 23962 20335 
36627 23374 24652 20380 
36628 20279 24537 20281 
36629 20370 24307 23984 
36630 20380 23480 23374 
36631 23410 23428 21651 
36632 24336 24338 24337 
36633 23418 25233 19766 
36634 23149 25426 21847 
36635 20333 23960 20366 
36636 20950 23960 20331 
36637 22510 23583 20884 
36638 21185 26102 25097 
36639 20380 24679 23480 
36640 19145 23089 19144 
36641 21846 23956 23583 
36642 23352 24307 20958 
36643 19102 26265 23451 
36644 25225 25272 22975 
36645 23112 25575 21823 
36646 22725 25264 23444 
36647 22109 23963 22107 
36648 23394 23457 21442 
36649 23166 23167 1314 
36650 20958 24401 23985 
36651 20275 24616 20277 
36652 23338 23341 23340 
36653 20329 23968 20950 
36654 20367 23968 20327 
36655 23354 23437 19765 
36656 24088 24092 24089 
36657 23149 23544 23115 
36658 21851 23649 23119 
36659 23328 25925 23346 
36660 22105 23961 22101 
36661 22822 25739 25736 
36662 19167 23430 21275 
36663 23355 24401 20377 
36664 20325 23966 20367 
36665 20953 23966 20323 
36666 20377 24421 23988 
36667 19396 23652 19394 
36668 19756 25629 25460 
36669 22137 25653 25419 
36670 23386 23387 19487 
36671 19392 23656 19390 
36672 22345 25739 22822 
36673 23416 23436 21767 
36674 21778 23402 22919 
36675 21852 25438 23156 
36676 20321 23970 20953 
36677 20368 23970 20319 
36678 21800 25332 23525 
36679 19038 26004 23031 
36680 23103 25909 21732 
36681 19706 23430 19169 
36682 23358 24421 20961 
36683 23098 25317 21804 
36684 23768 24038 24037 
36685 23418 23436 23416 
36686 25479 25483 23452 
36687 24081 24434 22553 
36688 21728 23469 21257 
36689 22754 23403 23402 
36690 20961 24451 23998 
36691 22095 23967 22093 
36692 24083 25439 25350 
36693 25613 25615 24340 
36694 23183 25272 25225 
36695 20317 23972 20368 
36696 20956 23972 20315 
36697 23132 25615 25613 
36698 24126 25213 21305 
36699 20123 25483 25479 
36700 24081 25413 21762 
36701 18951 23271 23270 
36702 19777 23463 21114 
36703 23125 23126 19097 
36704 22815 24211 23775 
36705 23173 25369 21112 
36706 23363 24451 20378 
36707 23628 24663 20381 
36708 23309 23310 19033 
36709 20313 24051 20956 
36710 20369 24051 20311 
36711 23775 24211 23776 
36712 20378 24484 24008 
36713 22316 24179 23378 
36714 20381 24150 23628 
36715 23776 24211 21305 
36716 24036 26232 19101 
36717 23378 24179 22981 
36718 23317 23318 19029 
36719 23333 23334 1340 
36720 23326 23375 1383 
36721 23319 23320 1389 
36722 20270 25201 20353 
36723 20309 24186 20369 
36724 20957 24186 20307 
36725 23421 23429 21842 
36726 23364 24484 20962 
36727 23383 25130 23178 
36728 21065 23404 21240 
36729 20255 24514 20257 
36730 23444 25264 21756 
36731 21114 23463 23383 
36732 19706 25581 23430 
36733 20962 24537 24014 
36734 19049 19146 19145 
36735 22139 23429 23421 
36736 23749 24125 23777 
36737 23777 24125 20353 
36738 20305 24254 20957 
36739 20370 24254 20303 
36740 21305 25213 23776 
36741 19366 23823 19685 
36742 23174 23175 22883 
36743 23440 25322 23441 
36744 23370 23540 21815 
36745 22547 24710 23408 
36746 19370 25289 19368 
36747 1515 19144 1516 
36748 23365 24537 20379 
36749 25733 25740 23391 
36750 21778 23404 23402 
36751 20301 24307 20370 
36752 20958 24307 20299 
36753 23480 24679 22650 
36754 21495 25302 22540 
36755 23434 25308 21974 
36756 23605 23606 22288 
36757 22570 25272 23183 
36758 20379 24616 24033 
36759 26020 26051 23029 
36760 23408 24710 21121 
36761 21651 23634 23410 
36762 24195 25055 23420 
36763 23615 25005 20069 
36764 20353 25201 23777 
36765 22549 25005 23615 
36766 23177 25491 23176 
36767 25747 25796 22819 
36768 23460 23489 22551 
36769 22650 23494 23480 
36770 22530 25371 24073 
36771 20297 24401 20958 
36772 20377 24401 20295 
36773 23328 23375 23326 
36774 22287 23605 22288 
36775 23615 25232 22287 
36776 23372 24616 20963 
36777 21493 23494 22650 
36778 23422 25257 22121 
36779 23526 25229 23458 
36780 23384 23416 21767 
36781 21024 23540 23486 
36782 21317 23407 23406 
36783 25736 25810 22822 
36784 19765 23438 23354 
36785 20961 24421 20291 
36786 20293 24421 20377 
36787 23520 25531 23519 
36788 22550 25349 23525 
36789 25797 25868 23396 
36790 19057 25790 23101 
36791 24073 25415 22530 
36792 21062 25257 23422 
36793 23789 23790 22454 
36794 22455 23790 23010 
36795 21442 23645 23394 
36796 1313 23166 1314 
36797 21953 23426 23420 
36798 1511 23162 1512 
36799 23420 25055 21953 
36800 23463 25130 23383 
36801 21264 23383 21268 
36802 21114 23383 21264 
36803 1509 23168 1510 
36804 21767 23460 23384 
36805 20378 24451 20287 
36806 20289 24451 20961 
36807 1513 23393 1514 
36808 23962 23963 20949 
36809 23871 25699 23872 
36810 20785 23426 21953 
36811 23409 24651 21986 
36812 25694 25699 23871 
36813 19727 23445 19744 
36814 23402 23403 22919 
36815 22210 25503 22763 
36816 1316 23380 1317 
36817 21240 23404 21778 
36818 23960 23961 20366 
36819 23565 23785 21117 
36820 21986 23560 23409 
36821 22552 25123 23517 
36822 22111 23439 23182 
36823 20962 24484 20283 
36824 1343 23296 19075 
36825 1471 23284 19079 
36826 20285 24484 20378 
36827 1322 23184 1323 
36828 19790 23826 19792 
36829 23401 25220 21915 
36830 22843 23425 23424 
36831 21311 24030 21497 
36832 22176 23505 23412 
36833 1326 23309 19033 
36834 21986 24673 23560 
36835 23264 24096 23268 
36836 23517 25123 22546 
36837 21530 23505 22176 
36838 1502 23336 1503 
36839 23388 23652 21831 
36840 23275 25876 19078 
36841 1338 23331 19034 
36842 18994 23398 1417 
36843 18995 23399 1402 
36844 1374 23312 19022 
36845 1453 23317 19029 
36846 1418 23398 19071 
36847 1403 23399 19076 
36848 1466 23324 19032 
36849 1460 23322 19030 
36850 1399 23369 19055 
36851 1414 24096 19060 
36852 18949 23369 1398 
36853 18951 24096 1413 
36854 22291 23943 21602 
36855 23444 23446 23445 
36856 1330 23343 1331 
36857 23438 23528 23499 
36858 1339 23333 1340 
36859 1494 23226 1495 
36860 1474 23311 1475 
36861 1500 23308 1501 
36862 1481 23273 1482 
36863 1368 23227 1369 
36864 1400 23199 1401 
36865 1415 23229 1416 
36866 1498 23301 1499 
36867 1487 23289 1488 
36868 1479 23228 1480 
36869 1362 23376 1363 
36870 1432 23196 1433 
36871 1430 23197 1431 
36872 1454 23286 1455 
36873 1360 23276 1361 
36874 1423 23287 1424 
36875 1472 23280 1473 
36876 1344 23292 1345 
36877 1439 23290 1440 
36878 1477 23298 1478 
36879 1408 23279 1409 
36880 1428 23297 1429 
36881 1370 23300 1371 
36882 1419 23303 1420 
36883 1458 23323 1459 
36884 1456 23307 1457 
36885 1425 23316 1426 
36886 1336 23332 1337 
36887 1385 23344 1386 
36888 1388 23319 1389 
36889 1382 23326 1383 
36890 1483 23302 1484 
36891 1372 23313 1373 
36892 1464 23325 1465 
36893 1441 23306 1442 
36894 1421 23304 1422 
36895 23966 23967 20367 
36896 23388 23785 23565 
36897 20379 24537 20279 
36898 23182 23964 23140 
36899 20281 24537 20962 
36900 23486 23540 23370 
36901 23030 26120 19131 
36902 25319 25325 22752 
36903 22780 25706 25700 
36904 22287 25232 23605 
36905 23367 23368 22741 
36906 23140 23963 22109 
36907 25317 25475 20534 
36908 23405 23439 22111 
36909 22780 25700 22781 
36910 21826 23439 23405 
36911 21831 23785 23388 
36912 20784 25471 25332 
36913 21241 23634 21651 
36914 19487 23652 23386 
36915 22107 23963 23144 
36916 26016 26211 23014 
36917 23502 25290 23501 
36918 21922 23468 22933 
36919 23144 23961 22105 
36920 1226 26085 23134 
36921 22544 23645 23527 
36922 20963 24616 20275 
36923 20277 24616 20379 
36924 22152 25492 22762 
36925 23384 23460 22551 
36926 21861 25369 23630 
36927 21603 23942 23941 
36928 20185 25325 25319 
36929 22101 23961 23148 
36930 20068 23825 23435 
36931 19394 23652 19487 
36932 21831 23652 19396 
36933 19390 23656 20839 
36934 19487 23656 19392 
36935 23959 23968 23151 
36936 22843 23424 21464 
36937 21495 24521 23627 
36938 23387 23656 19487 
36939 23448 25502 23447 
36940 25706 25760 20562 
36941 23151 23967 22095 
36942 20855 25544 25521 
36943 24317 26071 19128 
36944 23627 24521 23628 
36945 1516 19144 19141 
36946 19729 23445 19727 
36947 23433 23463 19777 
36948 21351 25315 25267 
36949 21769 23433 21064 
36950 20847 25540 25512 
36951 22485 23432 21532 
36952 23294 25963 23295 
36953 20780 23437 21771 
36954 22093 23967 23152 
36955 21207 23404 21065 
36956 22554 25271 24776 
36957 23941 23944 21603 
36958 23176 25491 25338 
36959 24521 24663 23628 
36960 23075 25465 23076 
36961 23965 23970 23158 
36962 19766 25229 23526 
36963 1516 19141 1517 
36964 23445 23446 19744 
36965 23476 23485 21803 
36966 19794 24098 19796 
36967 23788 25343 25301 
36968 19140 25478 1311 
36969 22160 23440 23439 
36970 21919 23468 21922 
36971 23028 26011 19072 
36972 21801 23476 21803 
36973 23274 23275 23273 
36974 21236 23459 23458 
36975 23281 23283 23280 
36976 19079 23282 23281 
36977 19075 23294 23293 
36978 23314 23315 23313 
36979 23230 23231 18994 
36980 23200 23201 18995 
36981 22392 25256 23536 
36982 19770 23474 19748 
36983 23650 25329 25286 
36984 20381 24514 24150 
36985 25726 25732 22323 
36986 1310 19140 1311 
36987 1281 19143 1282 
36988 23969 23972 23165 
36989 22323 25732 22322 
36990 20274 25299 20272 
36991 1019 19142 1020 
36992 19821 23437 20780 
36993 19146 19147 19145 
36994 23797 24146 21824 
36995 20257 24514 20381 
36996 23381 23382 19113 
36997 19765 23528 23438 
36998 21064 23433 19827 
36999 23806 25548 25526 
37000 23971 24051 23179 
37001 19685 23823 21317 
37002 20255 24710 24514 
37003 25244 25259 21779 
37004 19368 23823 19366 
37005 23441 25294 20356 
37006 24099 25456 25367 
37007 18996 26247 24884 
37008 23455 23457 23456 
37009 21804 25317 23632 
37010 23394 23645 22544 
37011 1332 25288 19036 
37012 23405 23797 21826 
37013 23390 23392 22525 
37014 22767 25525 25495 
37015 23406 24030 21317 
37016 23527 23645 21251 
37017 23974 24186 23186 
37018 19749 23528 19765 
37019 21113 23474 19770 
37020 23411 23485 19680 
37021 24326 25459 25414 
37022 20771 25182 20761 
37023 24514 24710 22547 
37024 21574 23455 22866 
37025 23616 25295 25211 
37026 23455 23456 22866 
37027 21527 23505 21530 
37028 20803 23797 23449 
37029 20069 25232 23615 
37030 21602 23943 21603 
37031 1387 25296 19035 
37032 24343 25464 25432 
37033 21769 23463 23433 
37034 22738 25259 25244 
37035 22874 25547 22490 
37036 20992 25016 23478 
37037 23560 24673 20968 
37038 23980 24254 23347 
37039 20767 25110 23431 
37040 19792 23826 20068 
37041 24030 24651 23409 
37042 23413 25211 21775 
37043 24125 25213 24126 
37044 24104 25520 25489 
37045 23450 23453 22846 
37046 21918 21919 21917 
37047 22846 23453 22500 
37048 21879 24328 24295 
37049 24345 25466 25440 
37050 21919 21921 21917 
37051 24235 25583 22234 
37052 18941 25890 24129 
37053 25856 25863 22354 
37054 24129 25890 22844 
37055 25649 25650 22802 
37056 21050 25220 20898 
37057 25845 25852 24777 
37058 23267 25974 21194 
37059 23984 24307 23352 
37060 22202 25494 25476 
37061 25326 25452 22141 
37062 21532 23432 21533 
37063 24106 25780 25752 
37064 19149 21664 19147 
37065 22234 25585 24235 
37066 23439 23440 23182 
37067 22157 25366 25336 
37068 20272 25201 20270 
37069 22444 22754 21429 
37070 21226 23944 20547 
37071 24366 25472 25448 
37072 20778 23533 20544 
37073 21919 21922 21921 
37074 19546 25650 25649 
37075 21317 23823 23407 
37076 25828 25835 19271 
37077 23408 25055 24195 
37078 23826 25005 22549 
37079 21121 25055 23408 
37080 23577 25171 25034 
37081 21061 23527 21251 
37082 21464 23424 21465 
37083 25825 25833 19275 
37084 22545 23470 23396 
37085 23443 23445 19729 
37086 23985 24401 23355 
37087 24032 25197 23756 
37088 25846 25858 24842 
37089 25822 25829 19279 
37090 24377 25474 25457 
37091 21603 23943 23942 
37092 22646 25522 21369 
37093 20068 23826 23825 
37094 25817 25826 19283 
37095 23413 25236 21779 
37096 23944 25165 25105 
37097 23447 23518 19744 
37098 23516 25182 20771 
37099 25815 25823 19287 
37100 25531 25551 23519 
37101 21497 24030 23409 
37102 23988 24421 23358 
37103 23545 25283 20740 
37104 23453 23454 22500 
37105 25812 25819 19291 
37106 21651 23428 23427 
37107 19368 25289 23823 
37108 20897 23465 20900 
37109 19691 25679 25481 
37110 24380 25477 25462 
37111 21317 24030 21311 
37112 23390 23391 21297 
37113 25236 25244 21779 
37114 24026 25192 23755 
37115 21024 25304 20734 
37116 23627 25302 21495 
37117 25738 25769 22816 
37118 23191 23194 23193 
37119 20898 25220 20899 
37120 19273 25484 25468 
37121 23540 23594 21813 
37122 21796 23466 23189 
37123 21916 21917 21915 
37124 23756 25197 25196 
37125 25837 25844 24495 
37126 25805 25808 22317 
37127 22749 25357 25350 
37128 23111 25372 23109 
37129 23998 24451 23363 
37130 24006 25187 23746 
37131 23542 23543 22879 
37132 21603 23944 21226 
37133 21426 21429 21207 
37134 21922 22875 21923 
37135 23749 25213 24125 
37136 19731 23443 19729 
37137 21278 23533 20778 
37138 21642 23427 22369 
37139 21801 24825 23476 
37140 22154 25357 22749 
37141 1514 19049 1515 
37142 19751 23493 19740 
37143 23446 23447 19744 
37144 23061 23468 21920 
37145 21241 21651 21642 
37146 23489 24860 22551 
37147 21673 23489 23460 
37148 23661 25470 25359 
37149 23603 25249 24404 
37150 23060 23061 21920 
37151 25192 25194 23755 
37152 24256 25308 24258 
37153 21489 25312 21117 
37154 24008 24484 23364 
37155 20107 25498 20987 
37156 20987 25498 25495 
37157 22378 23660 23659 
37158 21065 21240 21064 
37159 21775 25236 23413 
37160 24404 25249 21790 
37161 19798 24477 19800 
37162 25787 25795 21038 
37163 23518 23520 23519 
37164 25619 25622 24192 
37165 23447 23520 23518 
37166 19693 23496 21800 
37167 21809 23659 22557 
37168 21778 22417 21770 
37169 23860 25755 25744 
37170 19740 23493 19712 
37171 24002 25175 23754 
37172 25661 25663 21876 
37173 21696 23534 22929 
37174 23311 25637 1475 
37175 23898 25735 25731 
37176 22754 23402 21429 
37177 22235 25622 25619 
37178 23435 24098 20068 
37179 23756 25208 24032 
37180 20068 24098 19794 
37181 23904 25729 25721 
37182 22079 25239 25215 
37183 20754 24860 23489 
37184 19744 23518 19726 
37185 21922 21923 21921 
37186 1514 23393 19049 
37187 19790 25005 23826 
37188 24014 24537 23365 
37189 23458 25229 21236 
37190 1312 25478 19045 
37191 23499 23528 23498 
37192 23746 25187 25183 
37193 23454 24449 23626 
37194 24002 25179 24003 
37195 23536 25256 22916 
37196 21233 23492 23034 
37197 20839 25306 23786 
37198 21865 23835 21868 
37199 20070 24262 23504 
37200 19748 23474 19739 
37201 20780 21160 21054 
37202 25781 25786 24796 
37203 25179 25183 24003 
37204 25196 25197 24026 
37205 21381 23455 21574 
37206 23434 25311 22728 
37207 21268 23534 21266 
37208 19045 23166 1313 
37209 23349 23498 19736 
37210 21240 21770 21769 
37211 23992 25168 23753 
37212 19771 19777 19770 
37213 21917 23401 21915 
37214 21269 23534 21696 
37215 23446 23448 23447 
37216 1312 19045 1313 
37217 25777 25782 24795 
37218 21826 23797 21824 
37219 21063 21064 19827 
37220 25799 25804 21632 
37221 23755 25196 24026 
37222 21793 22861 21795 
37223 23474 25264 22725 
37224 22876 23542 22879 
37225 23449 25235 20803 
37226 19796 24098 20992 
37227 21433 23470 22545 
37228 23533 25123 22552 
37229 22253 24912 23506 
37230 1279 19048 1280 
37231 22861 22862 21795 
37232 19374 25273 19373 
37233 24033 24616 23372 
37234 1021 19047 1022 
37235 23754 25175 25174 
37236 21922 22933 22875 
37237 19050 23164 23162 
37238 23183 25225 18934 
37239 21778 22919 22417 
37240 22443 23078 21714 
37241 20803 24146 23797 
37242 22837 25085 23547 
37243 22728 25316 22752 
37244 24006 25194 25192 
37245 21696 22843 21464 
37246 25311 25316 22728 
37247 20899 23465 20897 
37248 19153 21183 19151 
37249 23626 24903 23454 
37250 23349 23499 23498 
37251 21800 23525 23524 
37252 22176 22485 21532 
37253 21530 22176 21532 
37254 19768 19770 19748 
37255 21696 22928 22843 
37256 23990 25154 23752 
37257 19821 20780 20773 
37258 21651 23427 21642 
37259 23462 25228 19663 
37260 23081 23082 23080 
37261 23945 25158 21015 
37262 21524 22443 21714 
37263 21100 23492 21233 
37264 24285 24903 23626 
37265 25761 25776 24922 
37266 23746 25194 24006 
37267 22417 22923 22418 
37268 21811 23658 21812 
37269 25652 25655 21584 
37270 21481 23501 23385 
37271 19736 23498 19725 
37272 20352 25002 23977 
37273 25231 25235 23449 
37274 19762 23437 19821 
37275 22875 23542 22876 
37276 21264 21268 21266 
37277 21240 21778 21770 
37278 23753 25168 25166 
37279 23079 23081 23080 
37280 21269 21696 21464 
37281 22778 24270 23500 
37282 21787 24270 22778 
37283 25034 25171 20977 
37284 23478 24477 20992 
37285 23453 24449 23454 
37286 21767 23436 21679 
37287 19827 23433 19771 
37288 25316 25319 22752 
37289 19700 23496 19693 
37290 23467 25221 20804 
37291 23521 24270 21787 
37292 19726 19745 19718 
37293 19768 19771 19770 
37294 19711 19712 19710 
37295 20897 20900 20895 
37296 23987 25138 23751 
37297 23946 25148 20548 
37298 23191 23193 23192 
37299 23431 25110 22040 
37300 21771 23079 21160 
37301 24098 25016 20992 
37302 21063 21065 21064 
37303 21426 22444 21429 
37304 23436 23526 22102 
37305 25183 25187 24003 
37306 19713 19740 19712 
37307 19771 23433 19777 
37308 23657 23658 21811 
37309 20780 21054 20773 
37310 19710 23442 20784 
37311 21787 24364 23521 
37312 22866 22906 21733 
37313 21800 23524 19648 
37314 23486 25304 21024 
37315 25226 25228 23462 
37316 21879 24295 23475 
37317 25631 25632 24362 
37318 25155 25158 23945 
37319 19741 19750 19740 
37320 19739 22725 19735 
37321 19749 19765 19762 
37322 22875 22876 21923 
37323 25051 26043 22928 
37324 22059 23511 23509 
37325 25894 25921 21753 
37326 1024 19038 1025 
37327 1276 19039 1277 
37328 23471 25217 19659 
37329 21574 22866 21733 
37330 23521 24364 23662 
37331 21815 23540 21813 
37332 20785 25215 23426 
37333 19665 23484 19675 
37334 24295 24328 19269 
37335 23752 25154 25152 
37336 23662 24364 24174 
37337 23518 23519 19745 
37338 23754 25179 24002 
37339 19739 23474 22725 
37340 23522 24213 22343 
37341 25487 25598 22231 
37342 23947 25133 21019 
37343 19777 21114 21113 
37344 22876 22879 22878 
37345 21253 23645 21442 
37346 20544 23533 23532 
37347 20919 24213 23522 
37348 24144 25116 23747 
37349 19742 23528 19749 
37350 22161 23470 21433 
37351 22240 25632 25631 
37352 25219 25221 23467 
37353 25215 25239 23426 
37354 21442 23455 21381 
37355 21266 21269 21267 
37356 21114 21264 21263 
37357 24027 24029 24028 
37358 24776 25271 21958 
37359 21264 21266 21265 
37360 23449 23797 23405 
37361 21276 21433 21079 
37362 25174 25175 23992 
37363 22992 23154 23153 
37364 21442 23457 23455 
37365 25493 25623 22791 
37366 21269 21464 21270 
37367 19717 19736 19725 
37368 20786 24825 21801 
37369 25144 25148 23946 
37370 23479 25207 20805 
37371 23080 23634 21160 
37372 21533 23432 21793 
37373 19157 19829 19155 
37374 19753 23490 19161 
37375 21811 23664 23657 
37376 25105 25165 21015 
37377 21842 25267 23421 
37378 22880 22992 22882 
37379 23079 23080 21160 
37380 21240 21769 21064 
37381 19050 23162 1511 
37382 19148 19149 19147 
37383 23977 25002 23684 
37384 20375 25062 21071 
37385 21253 21442 21381 
37386 19373 25273 23491 
37387 19750 19763 19751 
37388 23189 23191 23190 
37389 21276 22161 21433 
37390 23506 24912 21379 
37391 19802 24506 19804 
37392 23573 23575 21867 
37393 23753 25174 23992 
37394 19726 23518 19745 
37395 23948 25118 20549 
37396 23085 23487 22522 
37397 19703 19717 19716 
37398 24629 26246 23238 
37399 25138 25139 23751 
37400 22545 23396 23395 
37401 23424 23425 22443 
37402 19741 19752 19750 
37403 25212 25217 23471 
37404 22102 23458 22103 
37405 23547 25085 20717 
37406 21920 23468 21919 
37407 19765 23437 19762 
37408 1315 19016 1316 
37409 19713 19741 19740 
37410 19161 23490 19159 
37411 23481 25190 19654 
37412 20789 23532 22552 
37413 23410 23634 23080 
37414 21679 23436 22102 
37415 19818 20771 20761 
37416 21648 21915 21189 
37417 21024 23594 23540 
37418 25166 25168 23990 
37419 21524 21714 21525 
37420 25128 25133 23947 
37421 21058 21276 21079 
37422 20995 24278 23541 
37423 20543 23532 20789 
37424 19717 19725 19716 
37425 22924 23362 23361 
37426 22378 23659 21809 
37427 19711 19713 19712 
37428 20913 25422 24092 
37429 19712 23493 23442 
37430 21354 23576 22737 
37431 23508 25065 21047 
37432 1274 19090 1275 
37433 19725 23498 19742 
37434 20780 21771 21160 
37435 19763 19818 19764 
37436 24140 25094 23748 
37437 21015 25165 23945 
37438 23949 25103 21022 
37439 22417 22418 21770 
37440 19150 19151 19149 
37441 25198 25207 23479 
37442 1026 19092 1027 
37443 19818 20761 19819 
37444 19665 19675 19674 
37445 21916 21918 21917 
37446 20761 21058 20762 
37447 22141 23422 22121 
37448 23944 25105 20547 
37449 23752 25166 23990 
37450 22851 23617 22852 
37451 21822 24990 21820 
37452 21054 23634 21241 
37453 19163 19753 19161 
37454 23488 25178 20806 
37455 1512 19019 1513 
37456 19016 23380 1316 
37457 22729 25283 23545 
37458 23551 24903 20357 
37459 20791 23517 21095 
37460 24882 25120 22074 
37461 19709 19710 19708 
37462 20548 25158 25155 
37463 18997 23168 1509 
37464 21058 21079 21059 
37465 20992 24477 19798 
37466 21465 23424 21524 
37467 20136 25096 20135 
37468 23941 25165 23944 
37469 25113 25118 23948 
37470 23504 24506 20070 
37471 21433 22545 22544 
37472 25152 25154 23987 
37473 22879 22880 22878 
37474 21530 21532 21531 
37475 21429 23404 21207 
37476 19710 20784 19708 
37477 22545 23395 23394 
37478 21793 21795 21794 
37479 22725 23444 23443 
37480 23747 25116 25109 
37481 18959 26119 23000 
37482 19712 23442 19710 
37483 21358 24029 24027 
37484 21677 21767 21679 
37485 24140 25106 24141 
37486 20548 25155 23946 
37487 20070 24477 24262 
37488 25186 25190 23481 
37489 20249 25167 24916 
37490 22557 23659 23658 
37491 21867 23799 23573 
37492 21868 23835 22987 
37493 23495 25169 19525 
37494 24640 25627 25626 
37495 19707 19718 19706 
37496 19663 25235 25231 
37497 1317 19052 1318 
37498 19646 19647 19645 
37499 23385 23417 23416 
37500 1510 19050 1511 
37501 23935 25077 24169 
37502 23751 25152 23987 
37503 19673 23473 23472 
37504 21253 21381 21254 
37505 21019 25148 25144 
37506 21867 23835 21865 
37507 21812 23658 21816 
37508 25106 25109 24141 
37509 19640 19641 19639 
37510 25626 25627 24385 
37511 20999 25616 25614 
37512 19800 24477 20070 
37513 19709 19711 19710 
37514 21465 21524 21479 
37515 21918 21920 21919 
37516 21381 21574 21382 
37517 21574 21733 21575 
37518 19738 19739 19735 
37519 25098 25103 23949 
37520 21251 21253 21252 
37521 23348 23349 19736 
37522 23230 23232 23231 
37523 23200 23202 23201 
37524 19638 19639 19637 
37525 19663 25231 23462 
37526 22196 25147 24313 
37527 19727 19744 19726 
37528 19719 19726 19718 
37529 21677 21679 21678 
37530 19735 23443 19731 
37531 23509 23643 22059 
37532 19648 23524 19647 
37533 21019 25144 23947 
37534 20550 25092 24169 
37535 19632 19633 19631 
37536 25176 25178 23488 
37537 24144 25139 25138 
37538 21002 25605 25604 
37539 1272 19001 1273 
37540 23503 25149 20812 
37541 20804 25228 25226 
37542 21282 23484 19660 
37543 23532 23533 22552 
37544 21673 21677 21676 
37545 23572 23799 21071 
37546 21271 23348 19736 
37547 21679 22102 21722 
37548 21233 21450 21234 
37549 23982 25056 23750 
37550 23593 24407 20386 
37551 19075 23296 23294 
37552 21450 22741 22740 
37553 19079 23284 23282 
37554 23523 23578 22558 
37555 21793 23432 22861 
37556 23662 24174 20135 
37557 19750 19751 19740 
37558 19660 23484 19665 
37559 23050 24407 23593 
37560 20549 25133 25128 
37561 21681 23619 23618 
37562 22992 23153 22882 
37563 21071 25062 23572 
37564 21480 23501 21481 
37565 21670 24274 22724 
37566 19777 21113 19770 
37567 25084 25110 20767 
37568 22724 24274 23546 
37569 20550 25098 25092 
37570 1028 19002 1029 
37571 25726 25772 24894 
37572 20804 25226 23467 
37573 23417 23418 23416 
37574 20357 25030 23551 
37575 22139 25276 23429 
37576 23431 25218 20767 
37577 23557 24274 21670 
37578 24780 25143 22718 
37579 23538 23803 20749 
37580 22102 23526 23458 
37581 23747 25139 24144 
37582 21262 23489 21673 
37583 22629 25110 25084 
37584 23636 25211 23413 
37585 22923 22924 22418 
37586 22162 22522 22161 
37587 21527 21530 21529 
37588 19659 25221 25219 
37589 25161 25169 23495 
37590 20549 25128 23948 
37591 22186 23502 23501 
37592 23982 25076 23983 
37593 23936 25044 24158 
37594 21560 23606 23605 
37595 22044 24273 21675 
37596 19636 19637 19635 
37597 19373 25289 19370 
37598 23515 25122 19478 
37599 22192 25112 24316 
37600 23748 25094 25078 
37601 1508 18997 1509 
37602 21083 25157 25121 
37603 22523 23085 22522 
37604 21408 23816 21460 
37605 22703 25089 24321 
37606 21146 21480 21147 
37607 23145 23555 21768 
37608 22968 24395 24312 
37609 23621 24990 21822 
37610 19167 21275 19165 
37611 22121 25257 22119 
37612 23524 23525 21282 
37613 21670 24315 23557 
37614 21061 21251 21250 
37615 21022 25118 25113 
37616 19646 19648 19647 
37617 19747 19748 19739 
37618 21042 23619 21259 
37619 19659 25219 23471 
37620 25071 25077 23935 
37621 21279 21729 21280 
37622 25076 25078 23983 
37623 22343 24213 22345 
37624 21533 21793 21792 
37625 19633 19635 19634 
37626 21593 22186 21480 
37627 24312 24395 20077 
37628 23522 24214 20919 
37629 23617 23618 22852 
37630 22856 23617 23529 
37631 19644 19645 19643 
37632 25109 25116 24141 
37633 22498 23550 22501 
37634 21768 23558 21461 
37635 20791 21095 20792 
37636 19146 19148 19147 
37637 19767 19768 19748 
37638 21233 23034 21450 
37639 23555 23558 21768 
37640 21592 25625 25624 
37641 20572 25068 24158 
37642 21059 23527 21061 
37643 21145 21146 20779 
37644 1030 19093 1031 
37645 23556 24264 22894 
37646 20805 25217 25212 
37647 22848 23562 23561 
37648 23498 23528 19742 
37649 19763 19764 19751 
37650 20757 20779 20753 
37651 20078 24770 20077 
37652 20803 25235 19470 
37653 19806 24499 19808 
37654 22848 23561 22568 
37655 21096 23057 21098 
37656 23529 23617 22851 
37657 25140 25149 23503 
37658 21266 23534 21269 
37659 21022 25113 23949 
37660 21681 23618 23617 
37661 23643 23653 22058 
37662 21100 21233 21232 
37663 20540 20544 20541 
37664 21501 23567 21663 
37665 23531 25100 20814 
37666 21663 23567 23563 
37667 20789 20791 20790 
37668 1319 18988 1320 
37669 19633 23539 19636 
37670 22448 25065 23508 
37671 25054 25058 20538 
37672 19647 19651 19649 
37673 23491 25273 25263 
37674 19663 25228 19466 
37675 21708 23597 22617 
37676 1270 19091 1271 
37677 20070 24506 19802 
37678 24005 25187 24006 
37679 20077 24770 24312 
37680 21246 21279 21278 
37681 21362 25120 24882 
37682 20239 24285 23625 
37683 21358 24027 21359 
37684 20546 24301 23592 
37685 20649 24214 24076 
37686 23625 24285 23626 
37687 20805 25212 23479 
37688 19152 19153 19151 
37689 23557 24315 24041 
37690 20751 20753 20752 
37691 21098 23492 21100 
37692 20545 25019 23653 
37693 20572 25071 25068 
37694 21481 23385 23384 
37695 22894 24264 21641 
37696 23541 24499 20995 
37697 19674 19698 19697 
37698 22256 25091 24325 
37699 21846 23583 23497 
37700 20550 25103 25098 
37701 19641 19643 19642 
37702 24041 24315 24135 
37703 20746 23538 20749 
37704 21888 23599 22528 
37705 23784 24378 20143 
37706 21266 21267 21265 
37707 21480 21481 21147 
37708 20804 25221 19462 
37709 21796 23189 23188 
37710 23878 23954 23876 
37711 21729 21730 21280 
37712 23597 24655 22617 
37713 22184 25080 24323 
37714 23549 23598 21901 
37715 22931 23834 23833 
37716 21114 21263 21113 
37717 21898 24447 21690 
37718 23748 25106 24140 
37719 22462 23586 22463 
37720 24031 25197 24032 
37721 22059 23643 22058 
37722 20995 24506 24278 
37723 21269 21270 21267 
37724 21687 23833 21402 
37725 19210 19706 19169 
37726 19654 25207 25198 
37727 21279 21280 21278 
37728 21264 21265 21263 
37729 19665 19674 19672 
37730 23977 25036 23976 
37731 24076 24214 23522 
37732 1032 18987 1033 
37733 22552 23517 20791 
37734 20754 23489 21262 
37735 22561 24378 23784 
37736 22617 24655 23844 
37737 25211 25295 21775 
37738 20797 24887 23578 
37739 23590 24066 23591 
37740 23750 25056 25053 
37741 19659 25217 19458 
37742 23937 24989 24147 
37743 19749 19762 19754 
37744 21806 23610 22357 
37745 21604 24066 23590 
37746 21864 24159 23799 
37747 22715 25093 22429 
37748 19651 23524 21282 
37749 21641 24264 23579 
37750 19818 19819 19764 
37751 19660 19665 19664 
37752 19717 21271 19736 
37753 22310 23612 21598 
37754 20799 23791 23554 
37755 22698 25066 24225 
37756 20761 20762 19819 
37757 20756 25297 23545 
37758 24025 25192 24026 
37759 25114 25122 23515 
37760 21058 21059 20762 
37761 19733 19735 19731 
37762 23573 23799 23572 
37763 23535 25072 19477 
37764 20751 23803 20757 
37765 20541 23532 20543 
37766 21095 21096 20792 
37767 21599 23612 23611 
37768 19654 25198 23481 
37769 19651 21282 19660 
37770 20805 25207 19454 
37771 21524 23424 22443 
37772 19698 19703 19702 
37773 22624 24272 24219 
37774 19703 19716 19714 
37775 22186 23501 21480 
37776 23454 23550 22500 
37777 19651 19660 19657 
37778 23881 23955 23954 
37779 19804 24506 20995 
37780 20757 23803 21283 
37781 21641 23579 21386 
37782 21673 23460 21677 
37783 21259 23619 21681 
37784 23057 23492 21098 
37785 21246 21278 20778 
37786 21525 23505 21527 
37787 21433 22544 21079 
37788 21146 21147 20779 
37789 22511 23073 21729 
37790 25035 25044 23936 
37791 23571 24819 20972 
37792 20354 25107 24876 
37793 22571 23587 22570 
37794 20751 20757 20753 
37795 19632 23539 19633 
37796 20806 25190 25186 
37797 23657 23664 20799 
37798 19826 19827 19771 
37799 24169 25092 23935 
37800 19742 19749 19746 
37801 23406 24651 24030 
37802 21262 21673 21672 
37803 24204 24980 24205 
37804 19654 25190 19450 
37805 22571 23588 23587 
37806 20538 20540 20539 
37807 21105 21207 21065 
37808 24300 25009 24299 
37809 21464 21465 21270 
37810 20573 25022 24147 
37811 22752 23582 21536 
37812 22418 25130 21770 
37813 25300 25304 23486 
37814 23175 23176 22883 
37815 23991 25168 23992 
37816 22635 23822 23821 
37817 25078 25094 23983 
37818 21102 23613 19842 
37819 24001 25175 24002 
37820 21901 23597 23549 
37821 23563 23568 21663 
37822 19638 19640 19639 
37823 22635 24465 23822 
37824 23550 24903 23551 
37825 23078 23412 21714 
37826 20791 20792 20790 
37827 19647 23524 19651 
37828 23458 23459 22103 
37829 20544 23532 20541 
37830 24256 25301 21535 
37831 24119 24978 23762 
37832 19630 19631 19629 
37833 20749 20751 20750 
37834 23558 23559 21461 
37835 23635 24085 20394 
37836 22250 25059 24324 
37837 25036 25053 23976 
37838 20806 25178 19446 
37839 20540 20541 20539 
37840 24109 24930 23813 
37841 23989 25154 23990 
37842 22500 23550 22498 
37843 19633 19636 19635 
37844 20572 25077 25071 
37845 20806 25186 23488 
37846 19633 19634 19631 
37847 22179 25047 24330 
37848 23549 23597 21708 
37849 24086 25789 21763 
37850 21675 24273 22624 
37851 19775 23577 19778 
37852 22298 23506 21379 
37853 21171 24157 23873 
37854 21146 21593 21480 
37855 24280 24515 24197 
37856 19630 19632 19631 
37857 23986 25138 23987 
37858 21118 21246 20778 
37859 24119 25002 20352 
37860 20242 25030 20357 
37861 19821 20773 20772 
37862 20135 25096 23662 
37863 19725 19742 19737 
37864 24244 24447 21898 
37865 23565 25312 25307 
37866 24143 25116 24144 
37867 20777 20778 20544 
37868 25088 25100 23531 
37869 21359 24027 21564 
37870 23578 24887 22558 
37871 23548 25039 20815 
37872 20543 20789 20760 
37873 19636 19638 19637 
37874 23385 23416 23384 
37875 19641 23553 19644 
37876 21938 23804 19834 
37877 24139 25094 24140 
37878 19708 23496 19700 
37879 22490 23431 22040 
37880 19525 25178 25176 
37881 20757 21145 20779 
37882 23042 24085 23635 
37883 20573 25035 25022 
37884 19705 19708 19700 
37885 21062 21063 19827 
37886 22545 23394 22544 
37887 21813 23594 20755 
37888 23793 25045 20774 
37889 19525 25169 19442 
37890 23551 25030 23552 
37891 19647 19649 19645 
37892 23950 24956 20574 
37893 21457 24263 24034 
37894 21593 22252 22186 
37895 19644 19646 19645 
37896 21439 24257 23644 
37897 21648 21916 21915 
37898 24190 24762 21805 
37899 21450 22740 21234 
37900 21804 23632 20796 
37901 23750 25076 23982 
37902 19634 24825 19631 
37903 21696 22929 22928 
37904 21141 23577 22026 
37905 20239 24970 20236 
37906 21801 21803 21802 
37907 22725 23443 19735 
37908 21364 23539 19632 
37909 21015 25158 19995 
37910 19641 19642 19639 
37911 22688 25021 22697 
37912 23089 25040 23091 
37913 25121 25157 23508 
37914 21599 23611 23610 
37915 19148 19150 19149 
37916 19842 23613 19840 
37917 24383 25057 22425 
37918 22026 22734 22159 
37919 23569 23610 21806 
37920 21457 24034 21101 
37921 20789 20790 20760 
37922 19778 23577 21141 
37923 22462 23808 23586 
37924 23523 25245 21657 
37925 20459 24944 20458 
37926 22693 24997 21912 
37927 19525 25176 23495 
37928 20812 25149 19438 
37929 23559 24483 24252 
37930 23607 24240 22578 
37931 19640 23553 19641 
37932 21248 23655 21753 
37933 20548 25148 19999 
37934 22624 24273 24272 
37935 21439 23644 21084 
37936 21296 24177 21636 
37937 19641 19644 19643 
37938 23550 23551 22501 
37939 21598 23612 21599 
37940 21460 23816 22811 
37941 24853 24854 20769 
37942 21233 21234 21232 
37943 19376 24403 19652 
37944 25350 25439 22749 
37945 21147 24860 20779 
37946 21168 23953 23862 
37947 19652 24403 23603 
37948 22890 25142 24151 
37949 20074 25553 25550 
37950 22588 24177 21296 
37951 20554 24713 24157 
37952 25787 25789 24086 
37953 22102 22103 21722 
37954 20812 25169 25161 
37955 20789 22552 20791 
37956 21863 24240 23607 
37957 24158 25068 23936 
37958 23444 23445 23443 
37959 23862 23953 23863 
37960 24041 24135 20458 
37961 19832 24975 21938 
37962 24115 25046 25003 
37963 25053 25056 23976 
37964 21019 25133 20003 
37965 22832 25045 23793 
37966 23808 23842 22618 
37967 23651 24494 24221 
37968 23476 24825 19634 
37969 23793 25085 22837 
37970 23614 24418 22579 
37971 23564 24988 19476 
37972 21807 23610 23569 
37973 1506 19080 1507 
37974 25067 25072 23535 
37975 19154 19155 19153 
37976 20122 24889 20121 
37977 19762 19821 19820 
37978 21657 25256 22392 
37979 22713 25024 22437 
37980 23633 24239 20089 
37981 24188 24563 22625 
37982 19478 25122 19434 
37983 20970 25132 25115 
37984 19623 24897 23782 
37985 21560 24042 23606 
37986 23569 23792 21807 
37987 19693 21800 19648 
37988 23539 25195 25117 
37989 23554 23657 20799 
37990 1267 18921 1268 
37991 23852 25766 25751 
37992 20436 25003 24857 
37993 23610 23611 22357 
37994 22956 24239 23633 
37995 20549 25118 20007 
37996 20738 23545 20740 
37997 24981 24989 23937 
37998 23592 24547 20546 
37999 21875 23837 23601 
38000 24202 24913 24203 
38001 21663 23816 21408 
38002 23386 23652 23388 
38003 22038 22629 21614 
38004 21160 23634 21054 
38005 24027 24028 22772 
38006 22298 23507 23506 
38007 25267 25315 23421 
38008 22587 24455 23631 
38009 23575 23835 21867 
38010 22574 24184 23999 
38011 23558 24483 23559 
38012 23552 25030 24916 
38013 21895 23623 22766 
38014 22246 25007 24339 
38015 20573 25044 25035 
38016 22173 24996 24341 
38017 20921 24486 23818 
38018 21817 23837 21875 
38019 20812 25161 23503 
38020 21736 24902 23821 
38021 24298 24943 24297 
38022 23577 25034 22026 
38023 21862 24418 23614 
38024 22285 23615 22287 
38025 20995 24499 19806 
38026 20758 23538 20746 
38027 20649 25086 20650 
38028 24157 24713 23873 
38029 22629 25048 23613 
38030 20272 25299 25201 
38031 22287 22288 22286 
38032 21022 25103 20011 
38033 20546 24499 24301 
38034 23951 24893 21030 
38035 19723 23622 23616 
38036 24519 25533 25532 
38037 24111 24904 23763 
38038 20547 25105 19991 
38039 20814 25100 19430 
38040 23881 23954 23878 
38041 21564 22772 22768 
38042 21524 21525 21479 
38043 22876 22878 22877 
38044 23981 25056 23982 
38045 22931 23833 21687 
38046 21790 25263 24404 
38047 21501 24221 23567 
38048 23616 23622 22143 
38049 19478 25149 25140 
38050 24151 25142 21053 
38051 24169 25077 20019 
38052 25624 25625 24386 
38053 20755 23594 20730 
38054 21864 23799 21867 
38055 23625 24970 20239 
38056 1321 19051 1322 
38057 1034 19094 1035 
38058 23805 25365 25339 
38059 21677 21678 21676 
38060 23653 25019 22058 
38061 21141 22026 21559 
38062 21054 21241 21056 
38063 21410 23811 22587 
38064 21410 23812 23811 
38065 20742 20758 20746 
38066 20786 21801 21727 
38067 23579 23999 21386 
38068 24111 24951 20364 
38069 21901 23599 21888 
38070 21117 25312 23565 
38071 24176 24177 22588 
38072 23762 24978 24971 
38073 22576 24596 23800 
38074 23603 24404 19652 
38075 22548 23837 23580 
38076 20746 20749 20748 
38077 23782 24897 23100 
38078 22558 25177 23523 
38079 24916 25167 23552 
38080 21146 24912 21593 
38081 20346 24563 24188 
38082 24853 24998 23847 
38083 22671 25082 24164 
38084 24219 24408 22624 
38085 20541 20543 20542 
38086 23876 23954 23953 
38087 22014 24819 23571 
38088 24175 24176 22588 
38089 21402 23833 21410 
38090 22285 22287 22286 
38091 23589 24934 20817 
38092 21279 22511 21729 
38093 23561 24447 22568 
38094 21253 21254 21252 
38095 23818 24486 22758 
38096 19477 25072 19426 
38097 23607 24229 21863 
38098 24360 24919 22898 
38099 23684 25036 23977 
38100 22575 25058 25054 
38101 25023 25039 23548 
38102 21690 24447 23561 
38103 19478 25140 23515 
38104 22148 24122 24121 
38105 19808 24499 20546 
38106 24158 25044 20026 
38107 21801 21802 21727 
38108 22524 22525 21482 
38109 24151 25164 23064 
38110 22540 25302 23387 
38111 21084 23644 21889 
38112 20357 24903 24285 
38113 22411 24957 22723 
38114 23023 26244 19063 
38115 20535 20538 20537 
38116 23614 24279 21862 
38117 22399 24960 22687 
38118 21241 21642 21383 
38119 22148 24121 21545 
38120 21673 21676 21672 
38121 23821 24902 22635 
38122 20814 25122 25114 
38123 24412 24932 20993 
38124 24349 24938 21908 
38125 20751 20752 20750 
38126 20540 20777 20544 
38127 23813 24930 19988 
38128 23799 24159 21071 
38129 21251 21252 21250 
38130 21157 21364 19632 
38131 20538 20539 20537 
38132 24221 24494 23567 
38133 23608 23623 21895 
38134 24147 25022 23937 
38135 20386 25008 23593 
38136 20081 24824 23585 
38137 20753 20754 20752 
38138 21877 23655 21248 
38139 23600 23815 21889 
38140 22285 22286 22284 
38141 21381 21382 21254 
38142 20921 24283 23602 
38143 21642 22369 21715 
38144 22230 24900 21367 
38145 21898 24275 24244 
38146 23078 24311 23412 
38147 23538 25200 23803 
38148 22181 23624 23623 
38149 20726 23664 20729 
38150 20144 25049 20143 
38151 21096 21098 21097 
38152 23601 23838 21875 
38153 19156 19157 19155 
38154 23811 24455 22587 
38155 24936 24956 23950 
38156 23582 24240 21536 
38157 21276 22162 22161 
38158 24248 24249 22796 
38159 21877 23814 23604 
38160 23590 24418 21604 
38161 20796 23632 20528 
38162 23800 24596 20714 
38163 20081 24770 20078 
38164 21251 23645 21253 
38165 24205 24980 22478 
38166 23631 24400 22587 
38167 20862 23846 23596 
38168 20815 25039 19422 
38169 21889 23644 23600 
38170 24230 24400 23631 
38171 21166 25181 25173 
38172 22242 24961 24348 
38173 20742 20746 20745 
38174 19210 19707 19706 
38175 21042 24857 23619 
38176 22571 24515 24280 
38177 20529 23632 20532 
38178 23586 23808 22618 
38179 23608 23647 21567 
38180 24262 24477 23478 
38181 21572 22223 21364 
38182 20532 20534 20533 
38183 20382 25062 20375 
38184 22862 23466 21795 
38185 21561 23663 22750 
38186 24371 26241 24370 
38187 24373 24968 22433 
38188 23602 24486 20921 
38189 20983 24933 21051 
38190 22574 23999 23579 
38191 21567 23623 23608 
38192 19811 24547 19814 
38193 22571 24280 23588 
38194 22338 25009 24300 
38195 20534 20535 20533 
38196 24147 24989 20032 
38197 24164 25082 21052 
38198 19635 19680 19634 
38199 22633 24976 24044 
38200 20753 24860 20754 
38201 21679 21722 21678 
38202 22153 23796 23795 
38203 22388 24954 22777 
38204 20574 24989 24981 
38205 24951 24971 20364 
38206 23952 24761 20552 
38207 20814 25114 23531 
38208 23638 24290 20017 
38209 20017 24290 19973 
38210 20782 24810 23779 
38211 22666 25038 23639 
38212 21803 22359 21802 
38213 22283 22284 22282 
38214 23629 23663 21561 
38215 20894 20895 19752 
38216 22169 24939 24347 
38217 23604 23655 21877 
38218 22639 25143 24780 
38219 22283 22285 22284 
38220 20756 23545 20738 
38221 20229 24289 23810 
38222 21921 23401 21917 
38223 23623 23624 22766 
38224 20838 23808 23641 
38225 20121 24280 24197 
38226 20722 23791 20799 
38227 23580 23837 21817 
38228 24407 25043 20382 
38229 20729 23664 21811 
38230 21047 25065 24999 
38231 20756 25300 25297 
38232 19477 25100 25088 
38233 21535 25308 24256 
38234 23232 23233 23231 
38235 23609 24060 21872 
38236 21101 24034 21872 
38237 23202 23204 23201 
38238 23200 23203 23202 
38239 22578 24240 23582 
38240 23230 23234 23232 
38241 22153 23795 21551 
38242 24313 25147 24772 
38243 20736 20756 20738 
38244 23762 25002 24119 
38245 21805 24866 24190 
38246 24321 25089 24436 
38247 23620 24831 19502 
38248 19150 19152 19151 
38249 22511 23350 23073 
38250 21614 23613 21102 
38251 23640 24078 21818 
38252 19705 19709 19708 
38253 22588 24415 24175 
38254 23178 25130 22418 
38255 22616 23663 23629 
38256 23648 24394 22293 
38257 19476 24988 19418 
38258 24200 24781 24201 
38259 21795 23466 21796 
38260 20545 23654 20522 
38261 24973 24988 23564 
38262 20797 23578 21292 
38263 21593 24912 22253 
38264 22579 24418 23590 
38265 20898 20899 20897 
38266 23810 24289 22589 
38267 21891 24268 24215 
38268 23849 24283 20448 
38269 23284 23285 23282 
38270 22020 24432 22024 
38271 19723 24318 23622 
38272 19380 24858 19378 
38273 21818 24077 23640 
38274 23830 24267 21368 
38275 20328 24978 24119 
38276 24971 24978 20364 
38277 24278 24506 23504 
38278 20458 24944 24041 
38279 22880 22882 22881 
38280 21805 24762 24745 
38281 24164 25108 22893 
38282 20387 25008 20386 
38283 20609 24156 24015 
38284 24252 24718 23559 
38285 23840 24007 22226 
38286 24016 24156 21390 
38287 22281 22283 22282 
38288 23862 24644 21168 
38289 24043 24344 20466 
38290 22602 23653 23643 
38291 22114 23553 19640 
38292 25164 25173 23064 
38293 23585 24770 20081 
38294 19077 23337 23336 
38295 24251 24718 24252 
38296 24203 24913 22474 
38297 20879 24391 21126 
38298 20532 20533 20531 
38299 22551 24860 21147 
38300 19629 20786 19628 
38301 21126 24391 23650 
38302 24296 24817 24282 
38303 21615 22038 21614 
38304 21733 21734 21575 
38305 22281 22282 22280 
38306 24060 24476 24241 
38307 20543 20760 20759 
38308 19769 24905 20795 
38309 22293 24394 21837 
38310 23792 24458 21807 
38311 23791 24701 23554 
38312 19981 23832 19983 
38313 23809 23846 19523 
38314 20574 24981 23950 
38315 21098 21100 21099 
38316 23629 23817 22616 
38317 22334 24943 24298 
38318 23651 24389 21313 
38319 22631 24389 23651 
38320 21872 24034 23609 
38321 19733 19738 19735 
38322 19477 25088 23535 
38323 1264 19040 1265 
38324 20574 24956 20036 
38325 24410 24932 24412 
38326 21790 25249 22079 
38327 23806 24646 21949 
38328 24824 24827 23585 
38329 20743 24701 23791 
38330 19378 24403 19376 
38331 21047 25121 23508 
38332 20528 23632 20529 
38333 21532 21533 21531 
38334 23637 24423 20827 
38335 22796 24292 24248 
38336 23639 25038 20768 
38337 1323 23184 18971 
38338 24107 24480 23838 
38339 23602 24283 23849 
38340 21574 21575 21382 
38341 24316 25112 24769 
38342 19868 24267 23829 
38343 21074 24675 23666 
38344 23874 24713 20554 
38345 23829 24267 23830 
38346 21564 24027 22772 
38347 22026 22159 21559 
38348 21218 24182 21009 
38349 20997 24212 24050 
38350 20394 24899 23635 
38351 22798 24304 24238 
38352 20815 25072 25067 
38353 22125 24854 24853 
38354 20529 20532 20531 
38355 23953 23954 23863 
38356 20777 21118 20778 
38357 24239 24811 20849 
38358 24112 24475 23814 
38359 22279 22281 22280 
38360 20817 24934 19414 
38361 24057 24658 24070 
38362 23653 23654 20545 
38363 21354 22737 22488 
38364 22279 22280 22278 
38365 20769 24998 24853 
38366 21168 24644 20056 
38367 21562 24646 23806 
38368 20740 20742 20741 
38369 21148 23647 20842 
38370 21030 24956 24936 
38371 24745 24762 24188 
38372 20066 23874 20554 
38373 23641 24444 20838 
38374 20528 20529 20527 
38375 21067 22119 20794 
38376 20089 24756 23633 
38377 21210 23802 23801 
38378 20349 24675 21074 
38379 21053 25142 25127 
38380 20012 23832 19981 
38381 23763 24904 24886 
38382 22606 24344 24043 
38383 22448 23508 22870 
38384 21710 23643 23509 
38385 20738 20740 20739 
38386 22489 22490 22040 
38387 24189 24762 24190 
38388 25043 25062 20382 
38389 24015 24156 24016 
38390 23658 23659 21816 
38391 23815 24453 24209 
38392 19854 24731 19851 
38393 24872 24893 23951 
38394 21351 23781 20821 
38395 23082 23410 23080 
38396 23636 23828 22050 
38397 22120 22121 22119 
38398 22543 24868 24468 
38399 25245 25256 21657 
38400 20334 24904 24111 
38401 22176 25453 22485 
38402 24085 24964 21055 
38403 24233 24708 19920 
38404 24217 24219 21890 
38405 21257 21804 20796 
38406 19694 22114 19640 
38407 24301 24499 23541 
38408 21030 24893 20040 
38409 20749 23803 20751 
38410 22277 22278 22276 
38411 22360 23366 21815 
38412 24275 24485 24266 
38413 22603 24658 24057 
38414 24120 24400 24230 
38415 24218 24408 24219 
38416 23848 24391 20879 
38417 22549 23615 22285 
38418 20732 21024 20734 
38419 23598 23599 21901 
38420 23832 24458 23792 
38421 21530 21531 21529 
38422 22277 22279 22278 
38423 23850 24389 22631 
38424 20577 24919 24360 
38425 24212 24547 23592 
38426 20121 24889 24280 
38427 22627 24291 24271 
38428 21930 24851 24365 
38429 20736 20738 20737 
38430 19649 25041 19645 
38431 22162 22523 22522 
38432 23844 24655 20827 
38433 24323 25080 24757 
38434 24201 24781 22470 
38435 20815 25067 23548 
38436 24358 24826 21904 
38437 24225 25066 24693 
38438 23665 24471 20844 
38439 23820 24460 22614 
38440 22395 24856 24374 
38441 23642 24182 22808 
38442 24175 24415 20698 
38443 21210 23801 19858 
38444 21283 21379 21145 
38445 21174 23874 20066 
38446 20724 23664 20726 
38447 22602 23643 21710 
38448 20546 24547 19811 
38449 24811 24827 20849 
38450 24279 24286 21862 
38451 24229 24293 21863 
38452 23609 24476 24060 
38453 24045 24467 23844 
38454 22014 23571 22446 
38455 22619 24399 24136 
38456 22330 24817 24296 
38457 23781 24236 20821 
38458 24069 24460 23820 
38459 24220 24900 22230 
38460 21849 24208 20835 
38461 24095 24224 22368 
38462 20306 24143 20340 
38463 24250 24252 21896 
38464 22602 23654 23653 
38465 20838 23842 23808 
38466 24206 24398 22605 
38467 22454 24354 23789 
38468 23838 24480 21875 
38469 21549 23661 22153 
38470 23654 24441 20522 
38471 22319 24869 24351 
38472 22628 24310 24054 
38473 21814 21815 21813 
38474 24325 25091 24801 
38475 24909 24934 23589 
38476 20526 20528 20527 
38477 22623 24408 24287 
38478 20729 20755 20730 
38479 19476 25039 25023 
38480 20849 24827 24824 
38481 21878 24255 23798 
38482 19836 23804 21135 
38483 20729 20730 20728 
38484 23844 24467 22617 
38485 20143 25049 23784 
38486 23814 24475 23604 
38487 23593 25008 24985 
38488 21567 23647 21148 
38489 23600 24453 23815 
38490 22122 22141 22121 
38491 21837 24394 23836 
38492 22223 25195 21364 
38493 22238 24864 24359 
38494 19502 24831 19410 
38495 20284 24005 20342 
38496 23786 24511 20839 
38497 19834 23804 19836 
38498 19643 20975 19642 
38499 22275 22277 22276 
38500 23596 23846 23809 
38501 21814 22360 21815 
38502 20720 23791 20722 
38503 20395 24899 20394 
38504 23743 24021 23699 
38505 21236 25199 23459 
38506 22275 22276 22274 
38507 23842 24457 22618 
38508 22039 22040 22038 
38509 21009 24182 23843 
38510 20344 24810 20782 
38511 21677 23460 21767 
38512 24876 25107 22586 
38513 19973 24290 19975 
38514 23866 23867 23865 
38515 24405 24809 21996 
38516 24857 25003 23619 
38517 25117 25195 22116 
38518 24143 24144 20340 
38519 21543 23805 22148 
38520 21030 24936 23951 
38521 23819 24430 22621 
38522 19624 19625 19623 
38523 24137 24457 23842 
38524 23651 24221 22632 
38525 23560 25271 22554 
38526 21812 21814 21813 
38527 20552 24761 20044 
38528 24219 24272 21890 
38529 22292 24226 23787 
38530 23763 24951 24111 
38531 23957 24387 22630 
38532 23828 24450 19352 
38533 24215 24268 19582 
38534 23798 24256 21878 
38535 21821 21822 21820 
38536 19629 24825 20786 
38537 20786 21727 21285 
38538 22624 24408 22623 
38539 20675 24224 24095 
38540 21812 21813 20755 
38541 21660 23794 22152 
38542 20896 20897 20895 
38543 24206 24563 20346 
38544 22165 24830 24350 
38545 19832 21938 19834 
38546 24433 24997 22693 
38547 19621 23782 19682 
38548 22625 24745 24188 
38549 22629 23613 21614 
38550 19836 21135 19838 
38551 20730 23594 20732 
38552 24005 24006 20342 
38553 23568 23816 21663 
38554 21898 24485 24275 
38555 19626 19627 19625 
38556 23999 24184 22630 
38557 21583 23807 22361 
38558 24444 24727 20105 
38559 23647 24396 20842 
38560 21551 23795 21650 
38561 25108 25127 22893 
38562 21496 24195 23420 
38563 22620 24708 24233 
38564 23743 24022 24021 
38565 20726 20729 20728 
38566 24089 24092 24091 
38567 22273 22274 22272 
38568 24330 25047 24752 
38569 19627 19629 19628 
38570 21940 23847 21348 
38571 22834 23793 22837 
38572 20734 20736 20735 
38573 19218 24070 19216 
38574 21398 23523 21657 
38575 22656 24828 24110 
38576 25115 25132 23547 
38577 20657 24297 20658 
38578 19523 24692 23809 
38579 20661 24282 20662 
38580 22569 24244 24242 
38581 19534 24107 23838 
38582 23783 23973 21827 
38583 19956 24226 22292 
38584 20722 20799 20724 
38585 23641 23808 22462 
38586 21385 24198 21655 
38587 20653 24299 20654 
38588 20552 24893 24872 
38589 24886 24904 20782 
38590 21545 24121 21547 
38591 20535 20537 20536 
38592 21820 24990 24288 
38593 23810 24589 20229 
38594 19707 19719 19718 
38595 23821 23822 22831 
38596 24252 24483 21896 
38597 24423 24712 20410 
38598 24846 25093 22715 
38599 23659 23660 21816 
38600 19851 24731 19849 
38601 23864 23866 23865 
38602 21430 24179 22316 
38603 21410 23833 23812 
38604 22273 22275 22274 
38605 20529 20531 20530 
38606 20426 24112 23814 
38607 22574 24472 24184 
38608 22808 24182 21218 
38609 24076 25086 20649 
38610 23858 23864 23854 
38611 19476 25023 23564 
38612 20749 20750 20748 
38613 21820 24288 19626 
38614 20800 23831 21227 
38615 23780 24198 22863 
38616 21611 24178 22930 
38617 20868 24126 21302 
38618 20783 20796 20528 
38619 23636 24450 23828 
38620 23586 25222 22463 
38621 24154 24155 23757 
38622 24324 25059 24785 
38623 21837 23836 19957 
38624 19306 24084 20909 
38625 23735 24154 23757 
38626 23721 24168 23742 
38627 24999 25065 23571 
38628 21302 24126 21305 
38629 21811 21812 20755 
38630 22226 24007 20845 
38631 19866 24466 24422 
38632 22149 24232 23788 
38633 23119 24208 21849 
38634 20817 24988 24973 
38635 22271 22272 22270 
38636 21356 24171 22155 
38637 21009 23843 19945 
38638 20732 20734 20733 
38639 22697 25021 24704 
38640 24259 24430 23819 
38641 21944 24461 24406 
38642 21650 23795 23794 
38643 21613 21614 21102 
38644 24238 24304 19940 
38645 23829 24440 19868 
38646 19520 23846 19519 
38647 22361 22378 21809 
38648 24132 24545 24287 
38649 21342 24753 24180 
38650 20845 24007 20704 
38651 20125 24684 23824 
38652 22271 22273 22272 
38653 21348 23847 21346 
38654 21688 24149 22406 
38655 22632 24520 23958 
38656 20799 23664 20724 
38657 19338 23848 20879 
38658 21831 24388 23785 
38659 20719 20743 20720 
38660 20774 25045 25015 
38661 21645 23845 22976 
38662 20730 20732 20731 
38663 24114 24574 24318 
38664 19308 24084 19306 
38665 21890 24464 24217 
38666 21582 21583 21393 
38667 24248 24292 19930 
38668 23742 24168 23997 
38669 23801 24222 19858 
38670 19684 21820 19626 
38671 23817 24416 19248 
38672 24004 24005 20286 
38673 20501 23850 22631 
38674 22828 23821 22831 
38675 23743 24024 24023 
38676 20743 23791 20720 
38677 23875 23953 21168 
38678 21117 23785 20813 
38679 19597 23956 21846 
38680 24110 24828 20765 
38681 20809 23841 19614 
38682 19623 23782 19621 
38683 21292 23578 21398 
38684 24184 24472 24185 
38685 23640 24077 19620 
38686 1325 23309 1326 
38687 24287 24545 22623 
38688 20448 24711 23849 
38689 23831 24417 21845 
38690 24217 24464 24216 
38691 19620 24077 19617 
38692 20194 23957 22630 
38693 19965 24223 24194 
38694 23701 24021 24020 
38695 24189 24190 20354 
38696 20495 23958 20888 
38697 20252 24189 20354 
38698 21828 24419 24059 
38699 20786 21285 19628 
38700 20170 24243 20169 
38701 21052 25082 25070 
38702 20603 23973 21238 
38703 20672 24224 20675 
38704 20710 23839 20744 
38705 24237 24238 19940 
38706 19569 24090 19568 
38707 20188 24185 20890 
38708 21582 23807 21583 
38709 20719 20720 20718 
38710 24318 24574 23622 
38711 21583 22361 21809 
38712 20139 25096 20136 
38713 24015 24473 20609 
38714 22269 22270 22268 
38715 21961 24044 22686 
38716 19953 24226 19956 
38717 23853 23864 21174 
38718 19814 24547 20997 
38719 21313 24494 23651 
38720 24422 24466 24087 
38721 20880 24232 19337 
38722 19378 24858 24403 
38723 23607 24479 24229 
38724 22956 24811 24239 
38725 24101 24102 21765 
38726 23234 23235 23232 
38727 23202 23464 23204 
38728 23798 24255 19331 
38729 20821 24236 19349 
38730 23854 23864 23853 
38731 22269 22271 22270 
38732 21845 24417 19985 
38733 20997 24547 24212 
38734 20156 24200 20155 
38735 19983 23832 21845 
38736 20960 24809 24405 
38737 21392 21582 21393 
38738 20352 23977 23975 
38739 20288 24004 20286 
38740 20553 24046 23877 
38741 20746 20748 20745 
38742 19553 24337 19552 
38743 20467 24720 20466 
38744 22616 23817 21835 
38745 22837 23547 22838 
38746 20591 23851 21176 
38747 19937 24237 19940 
38748 24204 24205 20147 
38749 23858 23866 23864 
38750 22937 22979 22978 
38751 20152 24202 20151 
38752 24202 24203 20151 
38753 24060 24241 20183 
38754 20449 24711 20448 
38755 20209 24408 24218 
38756 24271 24291 20846 
38757 24001 24002 20338 
38758 20570 23852 21235 
38759 23701 24020 23703 
38760 20466 24720 24043 
38761 21896 24481 24250 
38762 1262 19136 1263 
38763 24229 24479 24228 
38764 19398 24388 21831 
38765 24247 24248 19930 
38766 19622 19623 19621 
38767 23759 24010 24009 
38768 19524 24692 19523 
38769 24136 24399 19483 
38770 23761 24013 24012 
38771 24468 24868 22641 
38772 22802 23978 21857 
38773 23975 23977 23976 
38774 24025 24026 20819 
38775 23983 24145 20351 
38776 23741 24018 24017 
38777 20521 24054 20524 
38778 22577 24176 21225 
38779 19519 23846 20862 
38780 20260 24398 24206 
38781 20064 23853 21174 
38782 24031 24032 20343 
38783 22628 24841 24310 
38784 24050 24558 20997 
38785 19927 24247 19930 
38786 20712 23800 20714 
38787 22939 24068 21692 
38788 22484 24053 22481 
38789 21291 24454 20530 
38790 20148 24204 20147 
38791 23785 24388 20813 
38792 24142 24143 20308 
38793 21245 24354 22454 
38794 19077 23336 1502 
38795 20054 23875 21168 
38796 24406 24461 20384 
38797 20716 20719 20718 
38798 20050 24046 20553 
38799 24221 24520 22632 
38800 24431 24938 24349 
38801 19669 24146 19474 
38802 24341 24996 24738 
38803 24108 24497 24199 
38804 21583 21809 21808 
38805 20522 24441 20519 
38806 20844 24471 19406 
38807 20520 24054 20521 
38808 23148 23959 22099 
38809 24250 24481 24246 
38810 21828 24059 20690 
38811 20800 24417 23831 
38812 23637 24712 24423 
38813 23614 24490 24279 
38814 24964 24985 21055 
38815 23152 23965 22091 
38816 20286 24005 20284 
38817 20839 24511 19388 
38818 19975 24588 19977 
38819 22630 24387 23999 
38820 23158 23969 22087 
38821 23165 23971 22083 
38822 20352 23975 20324 
38823 20082 24824 20081 
38824 20811 23981 20320 
38825 22267 22269 22268 
38826 20126 24684 20125 
38827 24244 24275 24243 
38828 24199 24497 22466 
38829 23179 23974 22076 
38830 20308 24143 20306 
38831 24200 24201 20155 
38832 23699 24021 23701 
38833 21392 21393 21289 
38834 23186 23980 22071 
38835 19627 19628 19625 
38836 19513 24047 21847 
38837 20351 24145 20316 
38838 20416 24045 23844 
38839 22267 22268 22266 
38840 21824 24146 19669 
38841 24378 25079 20139 
38842 23347 23984 22067 
38843 19624 19626 19625 
38844 20340 23986 20304 
38845 23352 23985 22062 
38846 24245 24732 22372 
38847 21128 24258 21520 
38848 20834 24081 24080 
38849 23551 23552 22501 
38850 23729 23993 23764 
38851 22049 23988 23358 
38852 20609 24473 20610 
38853 20816 23989 20300 
38854 23815 24209 20512 
38855 23739 24000 23767 
38856 23725 23995 23760 
38857 20090 24756 20089 
38858 19507 24056 21848 
38859 20827 24655 23637 
38860 22034 23998 23363 
38861 24279 24490 24265 
38862 21481 23384 22551 
38863 20339 23991 20296 
38864 22834 22837 22836 
38865 23633 24756 24735 
38866 23779 24810 24765 
38867 22007 24008 23364 
38868 20290 24001 20338 
38869 19500 24067 21853 
38870 23372 24040 21777 
38871 21936 24014 23365 
38872 21238 23973 23783 
38873 20761 25182 21058 
38874 21959 24732 24245 
38875 23759 24009 23713 
38876 23761 24012 23709 
38877 20280 24025 20819 
38878 20400 24069 23820 
38879 20832 25046 24115 
38880 24260 24730 21774 
38881 24281 24556 24039 
38882 21833 24033 23372 
38883 24681 24761 23952 
38884 20276 24031 20343 
38885 23741 24017 23705 
38886 21400 23845 21645 
38887 21730 22546 21280 
38888 20229 24589 20226 
38889 24103 24510 24242 
38890 22322 24097 20575 
38891 20490 24718 24251 
38892 19494 24080 22553 
38893 22505 24064 24063 
38894 19651 19657 19649 
38895 24402 24428 21894 
38896 22262 24212 23592 
38897 21380 22298 21379 
38898 20653 24300 24299 
38899 23629 24416 23817 
38900 19692 19693 19648 
38901 20836 24392 24056 
38902 22997 24173 21680 
38903 23768 24035 23691 
38904 24339 25007 24758 
38905 22505 24063 21609 
38906 20726 20728 20727 
38907 21707 24072 22995 
38908 20817 24973 23589 
38909 22913 24061 21731 
38910 22723 24957 24700 
38911 22907 24071 21503 
38912 21655 24198 23780 
38913 23697 24024 23743 
38914 22636 24730 24260 
38915 24088 24089 19572 
38916 21691 24062 22940 
38917 21288 21289 20743 
38918 22577 24177 24176 
38919 21129 21257 20796 
38920 24082 24083 19311 
38921 19488 24105 21861 
38922 22814 24049 21474 
38923 24242 24510 22569 
38924 23765 24162 23679 
38925 20310 24142 20308 
38926 23641 24727 24444 
38927 24124 24126 20868 
38928 23144 23963 23962 
38929 21225 24176 20747 
38930 22326 24556 24281 
38931 20657 24298 24297 
38932 20184 24306 20183 
38933 24335 24336 19556 
38934 20835 24208 24067 
38935 22663 24109 23813 
38936 21411 24178 21611 
38937 23012 24100 21669 
38938 19358 24318 19723 
38939 20209 24218 20206 
38940 21419 24179 21430 
38941 23817 24048 21835 
38942 22832 23793 22834 
38943 23769 24052 23675 
38944 22557 23658 23657 
38945 22152 22762 22205 
38946 21021 24138 20680 
38947 22420 24044 21961 
38948 20661 24296 24282 
38949 21674 24058 22935 
38950 21375 24198 21385 
38951 21398 23578 23523 
38952 19502 24934 24909 
38953 19614 23841 19611 
38954 21032 24528 24046 
38955 22260 24212 22262 
38956 24760 24831 23620 
38957 22265 22266 22264 
38958 21310 24114 19365 
38959 19523 23846 19520 
38960 20552 24872 23952 
38961 19619 19621 19620 
38962 20710 20744 20712 
38963 20807 24131 19385 
38964 20709 23839 20710 
38965 21292 21398 21397 
38966 21307 24120 20223 
38967 22765 24104 21366 
38968 19621 19682 19620 
38969 20490 24251 20487 
38970 20358 24867 24289 
38971 21491 24195 21496 
38972 22448 22870 22869 
38973 22304 22804 22301 
38974 20827 24423 20414 
38975 22265 22267 22266 
38976 22687 24960 24714 
38977 23819 24696 21066 
38978 22629 25084 25048 
38979 23559 24353 21461 
38980 21520 24258 23434 
38981 22837 22838 22836 
38982 19722 24070 19218 
38983 20362 24159 21864 
38984 20111 24137 23842 
38985 20535 20536 20533 
38986 20822 24132 20215 
38987 22915 24123 21705 
38988 20831 24322 20516 
38989 20266 24124 20868 
38990 20717 25115 23547 
38991 20724 20726 20725 
38992 21660 22152 21724 
38993 23077 24113 23047 
38994 20125 24889 20122 
38995 23779 24886 20782 
38996 21880 24249 24248 
38997 21785 24150 22547 
38998 23686 24161 23771 
38999 19945 23843 19947 
39000 21650 23794 21660 
39001 24080 24081 22553 
39002 21549 22153 21551 
39003 23813 24995 22679 
39004 19957 23836 19959 
39005 23788 24232 20880 
39006 20665 24039 20666 
39007 24243 24275 20169 
39008 23820 24787 20841 
39009 24070 24658 19216 
39010 19868 24440 19869 
39011 19686 24842 24716 
39012 20801 24077 21818 
39013 21607 24272 22559 
39014 24843 25057 24383 
39015 24139 24140 20341 
39016 24816 25024 22713 
39017 22262 22265 22264 
39018 20637 24055 20638 
39019 20720 20722 20721 
39020 19354 23828 19352 
39021 19599 23956 19597 
39022 21377 24181 22309 
39023 19340 23848 19338 
39024 22828 22831 22830 
39025 19321 24293 24229 
39026 21473 24211 22815 
39027 21484 23837 22548 
39028 19252 24048 19249 
39029 22932 24170 21869 
39030 20169 24275 24266 
39031 21227 23831 23569 
39032 21211 24222 21860 
39033 21828 24420 24419 
39034 20497 23958 20495 
39035 23818 24972 20832 
39036 23148 23961 23960 
39037 20196 23957 20194 
39038 22477 24357 22480 
39039 20503 23850 20501 
39040 22262 22264 22261 
39041 20190 24185 20188 
39042 22221 24050 22260 
39043 19627 19630 19629 
39044 21547 23661 21549 
39045 21874 24149 21688 
39046 22592 24191 22598 
39047 21692 24068 21893 
39048 20526 20783 20528 
39049 20744 23800 20712 
39050 20531 20797 20530 
39051 20919 24214 20644 
39052 22870 22937 22936 
39053 20593 24106 20594 
39054 21398 21657 21656 
39055 22446 22448 22447 
39056 19583 24074 19582 
39057 24290 24588 19975 
39058 23954 23955 23863 
39059 21281 24087 20980 
39060 21736 23821 22828 
39061 19573 24088 19572 
39062 19312 24082 19311 
39063 20583 24116 20584 
39064 19557 24335 19556 
39065 20842 24396 19263 
39066 20838 24444 20109 
39067 19302 24099 19301 
39068 22125 24853 21940 
39069 20722 20724 20723 
39070 22364 24234 21596 
39071 20491 24093 20490 
39072 20458 24135 20455 
39073 20575 24097 20576 
39074 22927 24196 21709 
39075 20616 24130 20619 
39076 19544 24133 19541 
39077 19535 24107 19534 
39078 22481 24053 22483 
39079 20732 23594 21024 
39080 21765 24102 21766 
39081 20507 24209 20873 
39082 20427 24112 20426 
39083 20174 24103 20173 
39084 22946 24193 21741 
39085 20562 24148 20563 
39086 20437 24115 20436 
39087 19514 24047 19513 
39088 20160 24108 20159 
39089 19508 24056 19507 
39090 21032 24761 24681 
39091 19501 24067 19500 
39092 20709 24007 23840 
39093 21315 24073 21825 
39094 23833 23834 23812 
39095 21344 24180 21975 
39096 20554 24157 20555 
39097 20417 24045 20416 
39098 19495 24080 19494 
39099 21941 22125 21940 
39100 20643 24011 20919 
39101 20768 25038 25020 
39102 19617 24077 19615 
39103 20401 24069 20400 
39104 20843 24048 19252 
39105 19489 24105 19488 
39106 20695 24059 20802 
39107 24108 24199 20159 
39108 21290 21392 21289 
39109 22260 22262 22261 
39110 20606 24156 20609 
39111 20422 24253 20858 
39112 22464 24372 22465 
39113 22892 24151 23064 
39114 20200 24216 20881 
39115 20326 24119 20352 
39116 20476 24286 24279 
39117 20392 24085 21055 
39118 20332 24111 20364 
39119 22289 24117 22938 
39120 21304 24211 21473 
39121 20795 24905 21130 
39122 20363 24159 20362 
39123 20312 24139 20341 
39124 22673 24164 22893 
39125 20703 20845 20704 
39126 20679 24094 21181 
39127 21781 24160 22362 
39128 20729 21811 20755 
39129 23635 24899 24863 
39130 20600 23973 20603 
39131 24067 24208 21853 
39132 25125 25205 22707 
39133 22491 24172 22492 
39134 20529 20530 20527 
39135 20709 20710 20708 
39136 22660 24109 22663 
39137 21500 22628 21319 
39138 21876 24238 24237 
39139 24910 24941 22637 
39140 23733 24154 23735 
39141 20135 24174 20132 
39142 21547 24121 23661 
39143 19316 24228 20901 
39144 22014 22446 22445 
39145 21857 23978 21855 
39146 21518 24072 21707 
39147 20706 20709 20708 
39148 21300 24181 21377 
39149 20704 24007 20706 
39150 21630 24086 21763 
39151 21158 24565 19848 
39152 23743 24023 24022 
39153 20802 21225 20747 
39154 21005 24284 21854 
39155 21596 24234 21224 
39156 22358 25794 25792 
39157 22569 24447 24244 
39158 23719 24168 23721 
39159 24414 24441 23654 
39160 22260 22261 22259 
39161 22283 22549 22285 
39162 23683 24161 23686 
39163 24471 24664 19650 
39164 23191 23192 23190 
39165 20481 24246 20907 
39166 20178 24241 20905 
39167 19385 24131 19382 
39168 19627 24288 19630 
39169 20258 24206 20346 
39170 20700 20703 20702 
39171 21503 24071 21409 
39172 20112 24137 20111 
39173 21294 21295 20845 
39174 24765 24810 21074 
39175 22405 24173 23018 
39176 24063 24066 21604 
39177 21296 21621 21295 
39178 20471 24265 20914 
39179 20526 20527 20525 
39180 22020 22024 22022 
39181 21636 22810 21621 
39182 24347 24939 24724 
39183 24348 24961 24744 
39184 20695 20747 20696 
39185 19967 24194 19970 
39186 24054 24310 20524 
39187 24050 24212 22260 
39188 21384 21581 21225 
39189 23569 23831 23792 
39190 19349 24236 19346 
39191 24120 24230 20218 
39192 20921 23818 20442 
39193 20164 24266 20910 
39194 18992 23827 23196 
39195 20254 24189 20252 
39196 20810 23110 23109 
39197 19530 24207 20856 
39198 21609 24063 21190 
39199 21164 24292 22796 
39200 21862 24286 20908 
39201 19816 24558 19823 
39202 24103 24242 20173 
39203 21894 24428 23608 
39204 20523 24163 20545 
39205 19249 24048 19248 
39206 23792 23831 21845 
39207 19875 24192 19878 
39208 21731 24061 21416 
39209 21669 24100 21417 
39210 21795 21796 21794 
39211 24735 24756 21066 
39212 19365 24114 19362 
39213 21597 21940 21348 
39214 24011 24213 20919 
39215 21680 24173 21652 
39216 22505 24065 24064 
39217 20589 23851 20591 
39218 20719 21288 20743 
39219 21860 24222 23801 
39220 20443 24283 20921 
39221 21793 21794 21792 
39222 20121 24197 20118 
39223 20665 24281 24039 
39224 23864 23865 21174 
39225 19615 20801 19614 
39226 21709 24196 21404 
39227 21516 24165 22456 
39228 22175 24079 22848 
39229 21863 24293 20887 
39230 19924 24284 21005 
39231 21750 24087 21281 
39232 21165 24304 22798 
39233 19615 24077 20801 
39234 19608 24227 19605 
39235 20801 20810 20809 
39236 20223 24120 20220 
39237 22364 24235 24234 
39238 21880 24248 24247 
39239 19337 24232 19334 
39240 19248 24048 23817 
39241 20747 24176 24175 
39242 20703 20704 20702 
39243 23233 23236 23231 
39244 21661 24062 21691 
39245 23204 23205 23201 
39246 19719 19727 19726 
39247 21949 24646 21947 
39248 21568 24183 22207 
39249 22777 24954 24747 
39250 20658 24297 20661 
39251 20654 24299 20657 
39252 19934 24292 21164 
39253 20095 24259 23819 
39254 20662 24282 20665 
39255 20215 24132 20212 
39256 21181 21580 21021 
39257 20908 24286 20480 
39258 20183 24306 24060 
39259 20644 24214 20646 
39260 22221 22260 22259 
39261 20568 23852 20570 
39262 25694 25778 19383 
39263 22115 22158 22114 
39264 20530 24454 20527 
39265 22831 22832 22830 
39266 24511 24667 19653 
39267 19331 24255 19328 
39268 20823 24441 24414 
39269 19158 19159 19157 
39270 18948 23299 23298 
39271 20690 24059 20692 
39272 20689 21828 20690 
39273 21588 24134 22788 
39274 19944 24304 21165 
39275 22739 25214 21449 
39276 19619 19620 19617 
39277 20525 24454 24163 
39278 21577 21780 21576 
39279 21018 21576 21017 
39280 20887 24293 19325 
39281 19311 24084 19308 
39282 22413 22415 21750 
39283 23601 23837 21484 
39284 22415 24087 21750 
39285 21543 22148 21545 
39286 21890 24272 21607 
39287 21319 24054 20520 
39288 19572 24090 19569 
39289 21781 22362 21780 
39290 22810 23088 21621 
39291 24082 24329 24083 
39292 24187 24189 20254 
39293 24437 24826 24358 
39294 20706 24007 20709 
39295 24854 24915 20769 
39296 23152 23967 23966 
39297 20716 20718 20717 
39298 20801 21818 20810 
39299 21295 22226 20845 
39300 21812 21816 21814 
39301 23865 23874 21174 
39302 18969 23343 1330 
39303 21705 24123 21703 
39304 21235 22323 22322 
39305 21237 22303 21827 
39306 20462 24944 20459 
39307 21178 21630 21214 
39308 21238 21629 21390 
39309 21579 21596 21224 
39310 24002 24003 20338 
39311 19592 24261 19589 
39312 22797 22807 21218 
39313 19474 24146 19472 
39314 20800 21226 20547 
39315 21803 25688 22359 
39316 21829 22809 20878 
39317 22296 22297 21596 
39318 21134 23113 22510 
39319 21227 21602 21226 
39320 22292 22293 21837 
39321 20820 21224 20024 
39322 21298 21299 20012 
39323 22795 22805 21587 
39324 22700 24225 22703 
39325 22605 24563 24206 
39326 24152 24154 23733 
39327 21806 22291 21602 
39328 19622 19624 19623 
39329 21583 21808 21393 
39330 21307 24400 24120 
39331 21169 23854 23853 
39332 21300 21377 21299 
39333 20824 24011 20643 
39334 19556 24337 19553 
39335 21206 24315 21670 
39336 24074 24215 19582 
39337 23327 23329 23328 
39338 22309 22310 21598 
39339 21165 21218 21009 
39340 20709 23840 23839 
39341 20553 23876 23875 
39342 22425 22633 22423 
39343 23197 23198 18992 
39344 23266 23267 23265 
39345 20525 24163 20523 
39346 23741 24019 24018 
39347 21164 21587 21008 
39348 19653 20808 20807 
39349 21311 21497 21312 
39350 20883 21134 20884 
39351 23276 23277 19070 
39352 23264 23265 23263 
39353 19025 23291 23290 
39354 20675 24095 24094 
39355 21005 21584 21004 
39356 21554 24329 21136 
39357 20062 23853 20064 
39358 20808 21491 21123 
39359 19055 23225 23199 
39360 19060 23263 23229 
39361 21497 22554 21498 
39362 21541 23805 21543 
39363 23978 23979 21859 
39364 19685 21311 21310 
39365 21316 24073 21315 
39366 21840 21842 21841 
39367 21848 21849 20835 
39368 24272 24273 22559 
39369 19650 21116 20813 
39370 19723 23616 22050 
39371 21850 21851 21849 
39372 20862 22526 20837 
39373 21116 21489 21117 
39374 21842 23429 21843 
39375 23376 23377 18959 
39376 24256 24258 21878 
39377 21366 24104 21360 
39378 21838 21840 21839 
39379 19687 21277 20821 
39380 19609 21823 19608 
39381 21484 21485 21110 
39382 19031 23327 23326 
39383 20096 24259 20095 
39384 21018 21577 21576 
39385 21577 21781 21780 
39386 20856 21110 20826 
39387 20852 21108 20830 
39388 21314 21315 19669 
39389 21776 23374 21937 
39390 21520 22728 21536 
39391 21256 21466 21108 
39392 21128 21520 21133 
39393 21630 21763 21214 
39394 20879 21126 20880 
39395 21406 24058 21674 
39396 18974 23345 23344 
39397 20151 24204 20148 
39398 22119 23570 20794 
39399 23975 23976 20811 
39400 20680 24138 20682 
39401 21143 24328 21879 
39402 21132 21522 21136 
39403 21400 21645 21177 
39404 21308 21402 21309 
39405 21005 21585 21584 
39406 23981 23982 20351 
39407 20886 21128 20887 
39408 20868 21302 21301 
39409 21302 21304 21303 
39410 20155 24202 20152 
39411 23233 23238 23237 
39412 22324 24160 21781 
39413 21864 21865 21094 
39414 20877 21308 21307 
39415 21304 21473 21306 
39416 21473 22814 21474 
39417 20844 24831 24760 
39418 22099 23959 22097 
39419 21259 21652 21170 
39420 21046 21177 20986 
39421 20903 21106 20904 
39422 20802 21384 21225 
39423 20858 21089 20828 
39424 19502 24909 23620 
39425 23877 23878 23876 
39426 21753 24072 21518 
39427 20679 21021 20680 
39428 20353 24125 24124 
39429 20346 24188 24187 
39430 21042 21170 20825 
39431 20695 20802 20747 
39432 23986 23987 20816 
39433 21178 21214 20615 
39434 20901 21132 20902 
39435 21069 21408 21109 
39436 23879 23880 23878 
39437 20912 21137 20913 
39438 22976 22977 22376 
39439 24035 24036 23766 
39440 22631 23651 22632 
39441 21164 22795 21587 
39442 21855 23978 21859 
39443 22598 22991 22990 
39444 21049 21375 21057 
39445 21889 24322 20831 
39446 24166 24168 23719 
39447 20159 24200 20156 
39448 20173 24243 20170 
39449 20692 24059 20695 
39450 20359 21045 20822 
39451 21248 21518 21089 
39452 20641 20824 20643 
39453 20625 24382 24381 
39454 22201 24128 24127 
39455 21409 24071 21457 
39456 19534 24207 19531 
39457 21045 21399 21077 
39458 21190 24063 21604 
39459 21070 21409 21101 
39460 22811 23146 23145 
39461 23760 23994 23993 
39462 23989 23990 20339 
39463 23764 24153 24152 
39464 21655 22895 22894 
39465 20888 21069 20889 
39466 22289 22938 22863 
39467 20613 21178 20615 
39468 20852 21256 21108 
39469 20591 21176 20593 
39470 21399 22401 21406 
39471 20881 21049 20882 
39472 24353 24718 24093 
39473 23855 23856 23854 
39474 19582 24268 19579 
39475 21256 21747 21466 
39476 20998 21190 21093 
39477 23857 23861 23856 
39478 20603 21238 20605 
39479 23742 23996 23995 
39480 20873 20875 20874 
39481 20597 21237 20599 
39482 20850 21088 20829 
39483 20875 21204 20876 
39484 21206 21417 21088 
39485 23991 23992 20818 
39486 21046 24367 21885 
39487 21134 22510 20884 
39488 23789 24354 22585 
39489 21416 24061 21661 
39490 21165 22797 21218 
39491 21081 21419 21092 
39492 21490 21776 21489 
39493 21829 23642 22809 
39494 21522 21553 21136 
39495 20587 21175 20589 
39496 20890 21070 20891 
39497 20052 23875 20054 
39498 22279 23435 22281 
39499 21085 21416 21182 
39500 23608 24428 23647 
39501 20579 21173 20581 
39502 21132 21136 20902 
39503 24110 24930 24109 
39504 20669 21018 21017 
39505 21384 22350 21581 
39506 22663 22679 22664 
39507 21238 21390 20605 
39508 20692 20695 20694 
39509 20570 21235 20575 
39510 22581 23074 22981 
39511 20907 20998 20908 
39512 22573 22908 22907 
39513 21484 22548 21485 
39514 20856 21484 21110 
39515 20914 21085 20915 
39516 21855 21859 21585 
39517 24100 24101 21765 
39518 20850 21206 21088 
39519 19540 20852 20830 
39520 21683 24127 21718 
39521 22091 23965 22089 
39522 20048 24046 20050 
39523 22728 22752 21536 
39524 21520 21536 21133 
39525 21206 21669 21417 
39526 21237 21827 20599 
39527 20056 24644 20058 
39528 20566 21172 20568 
39529 21143 21148 20842 
39530 20205 24217 24216 
39531 20682 24138 20685 
39532 23758 24167 24166 
39533 20846 24291 19242 
39534 21190 21604 21093 
39535 21128 21133 20887 
39536 21085 21182 20915 
39537 20905 21081 20906 
39538 22263 22802 21857 
39539 24332 24334 19560 
39540 22817 24086 21630 
39541 21558 21566 21148 
39542 21416 21661 21182 
39543 22801 24181 21300 
39544 21076 21411 21195 
39545 24061 24062 21661 
39546 19404 19650 19403 
39547 22918 23005 22756 
39548 21370 24057 21320 
39549 20646 24214 20649 
39550 20998 21093 20908 
39551 21294 21296 21295 
39552 21398 21656 21397 
39553 21899 24050 22221 
39554 21161 21588 21212 
39555 20558 21171 20560 
39556 22584 22942 22585 
39557 19884 24386 24385 
39558 20820 21579 21224 
39559 20696 24175 20698 
39560 20064 21174 20066 
39561 20324 23975 20322 
39562 20850 24315 21206 
39563 19990 20547 19991 
39564 21126 22747 20880 
39565 19564 24333 24332 
39566 21579 22296 21596 
39567 20454 20850 20829 
39568 23815 24322 21889 
39569 21259 21680 21652 
39570 21042 21259 21170 
39571 20679 21181 21021 
39572 19924 21005 21004 
39573 21136 24329 20902 
39574 21153 21320 19722 
39575 21363 21370 21320 
39576 20910 21076 20911 
39577 21377 21598 21378 
39578 19530 20856 20826 
39579 20060 21169 20062 
39580 21840 21841 21839 
39581 21411 21611 21195 
39582 21076 21195 20911 
39583 23249 23262 23251 
39584 21492 21784 21491 
39585 22087 23969 22085 
39586 21408 21460 21109 
39587 21842 21843 21841 
39588 21069 21109 20889 
39589 19265 24328 21143 
39590 21175 23851 20589 
39591 20054 21168 20056 
39592 21848 21850 21849 
39593 19613 19614 19611 
39594 21296 21636 21621 
39595 21809 22557 21808 
39596 19513 20836 19511 
39597 19530 20826 19528 
39598 22871 23134 22980 
39599 22871 22980 22610 
39600 21786 24165 21516 
39601 22815 23067 22814 
39602 20676 24094 20679 
39603 19980 20012 19981 
39604 19507 20835 19505 
39605 21553 23461 22151 
39606 21785 22547 21784 
39607 20320 23981 20318 
39608 21409 21457 21101 
39609 20442 23818 20832 
39610 23686 23770 23687 
39611 19519 20837 19517 
39612 19500 20834 19498 
39613 19934 21164 21008 
39614 20266 20868 20265 
39615 21070 21101 20891 
39616 21260 21516 21186 
39617 20050 20553 20052 
39618 20979 21186 20833 
39619 19540 20830 19538 
39620 21496 23420 21783 
39621 21277 21351 20821 
39622 21419 21430 21092 
39623 20747 24175 20696 
39624 19494 21112 19492 
39625 19472 20803 19470 
39626 19248 24416 19245 
39627 20823 21082 20831 
39628 21850 21852 21851 
39629 20432 21042 20825 
39630 20046 21032 20048 
39631 19488 19721 19485 
39632 22083 23971 22078 
39633 20858 21248 21089 
39634 19519 20862 20837 
39635 21081 21092 20906 
39636 20422 20858 20828 
39637 19386 19653 19385 
39638 21315 21825 21824 
39639 21248 21753 21518 
39640 20422 20828 20420 
39641 19464 20804 19462 
39642 22111 23140 22109 
39643 20406 24367 21046 
39644 20869 21360 20843 
39645 22811 23145 21768 
39646 19513 21847 20836 
39647 22856 22997 21680 
39648 21777 24040 21776 
39649 20042 20552 20044 
39650 19479 19669 19474 
39651 19950 21829 20878 
39652 19944 21165 21009 
39653 21888 22528 21886 
39654 22107 23144 22105 
39655 22101 23148 22099 
39656 19456 20805 19454 
39657 20432 20825 20430 
39658 21311 21312 21310 
39659 20416 20827 20414 
39660 21046 21400 21177 
39661 20316 24145 20314 
39662 21460 22811 21768 
39663 21825 22160 21826 
39664 20394 24085 20392 
39665 22704 24321 22707 
39666 19468 19663 19466 
39667 19448 20806 19446 
39668 21581 22577 21225 
39669 22316 24079 22175 
39670 20400 20841 20398 
39671 20038 21030 20040 
39672 20392 21055 20390 
39673 22097 23151 22095 
39674 20406 20986 20404 
39675 20375 21071 20373 
39676 22093 23152 22091 
39677 21049 21057 20882 
39678 21375 21385 21057 
39679 21497 21498 21312 
39680 19460 19659 19458 
39681 19956 22292 21837 
39682 21385 21655 21641 
39683 23015 23030 22565 
39684 20912 20913 19576 
39685 19507 21848 20835 
39686 21757 23136 23108 
39687 20349 21074 20347 
39688 21298 21300 21299 
39689 20034 20574 20036 
39690 20860 21243 20840 
39691 20442 20832 20440 
39692 22455 23010 23009 
39693 22724 23012 21669 
39694 19452 19654 19450 
39695 22089 23158 22087 
39696 23559 24718 24353 
39697 22585 24354 21507 
39698 20454 20829 20452 
39699 20362 21094 20360 
39700 20903 20904 19586 
39701 22149 23798 19331 
39702 23737 24000 23739 
39703 23908 23938 23906 
39704 21204 21245 20876 
39705 19909 24320 19912 
39706 20416 23844 20827 
39707 20423 24253 20422 
39708 22085 23165 22083 
39709 19962 20820 20024 
39710 21235 22322 20575 
39711 19613 19615 19614 
39712 20334 24111 20332 
39713 19440 20812 19438 
39714 22656 24110 22658 
39715 20322 20811 20320 
39716 20669 21017 20670 
39717 20344 20782 20336 
39718 20875 20876 20874 
39719 21245 22454 21415 
39720 19500 21853 20834 
39721 23409 23560 22554 
39722 22076 23974 22073 
39723 20901 20902 19315 
39724 21417 24100 21765 
39725 20328 24119 20326 
39726 21674 22935 22044 
39727 22454 22455 21415 
39728 22499 22985 22846 
39729 20332 20364 20330 
39730 21244 21703 21243 
39731 20028 20573 20030 
39732 20326 20352 20324 
39733 20909 22755 19305 
39734 20883 20884 19602 
39735 21430 22316 22175 
39736 20914 20915 20470 
39737 21758 23141 23114 
39738 22495 22858 22497 
39739 22078 23179 22076 
39740 21865 21868 21866 
39741 23902 23939 23900 
39742 19444 19525 19442 
39743 20686 20689 20688 
39744 19432 20814 19430 
39745 21172 23852 20568 
39746 21260 21786 21516 
39747 21404 24196 21439 
39748 21045 21077 20822 
39749 20105 24231 20102 
39750 24355 24356 22476 
39751 19265 20842 19263 
39752 22860 22913 21731 
39753 21227 21806 21602 
39754 22401 24058 21406 
39755 20886 20887 19325 
39756 22257 24325 22556 
39757 22073 23186 22071 
39758 21308 21309 21307 
39759 21399 21406 21077 
39760 21720 22844 22491 
39761 21652 24173 22405 
39762 21877 24253 23814 
39763 19962 20024 19963 
39764 20979 21260 21186 
39765 20847 24361 19236 
39766 21691 22940 22939 
39767 20879 20880 19337 
39768 21402 21410 21309 
39769 20406 21046 20986 
39770 21655 22894 21641 
39771 20318 20351 20316 
39772 19905 24331 19908 
39773 20800 21227 21226 
39774 20703 21294 20845 
39775 19436 19478 19434 
39776 20907 20908 20480 
39777 20682 20685 20684 
39778 21741 24193 21739 
39779 20888 20889 20494 
39780 22251 24324 22256 
39781 20314 24139 20312 
39782 21611 22930 22464 
39783 19531 24207 19530 
39784 22405 23018 23017 
39785 21883 22918 22756 
39786 20021 20572 20023 
39787 19494 22553 21112 
39788 21476 22201 21683 
39789 23896 23940 23894 
39790 21806 22357 22291 
39791 21868 22932 21869 
39792 21838 21839 19343 
39793 22504 22505 21609 
39794 21314 21316 21315 
39795 22069 23347 22067 
39796 20087 24239 20849 
39797 21143 21558 21148 
39798 22071 23980 22069 
39799 21204 24354 21245 
39800 20524 20525 20523 
39801 19980 21298 20012 
39802 19872 21161 19874 
39803 19424 20815 19422 
39804 22631 22632 20500 
39805 21082 21404 21084 
39806 22064 23352 22062 
39807 20302 20816 20300 
39808 20312 20341 20310 
39809 19956 21837 19957 
39810 21588 22788 21212 
39811 20400 23820 20841 
39812 19428 19477 19426 
39813 20306 20340 20304 
39814 19366 19685 19365 
39815 24775 24968 24373 
39816 23450 23451 22601 
39817 20910 20911 20163 
39818 19901 24342 19904 
39819 21322 21779 21277 
39820 20131 20979 20833 
39821 22608 22871 22610 
39822 20808 21123 20807 
39823 22892 23064 23063 
39824 23731 24152 23733 
39825 22942 23002 22585 
39826 22823 22849 21689 
39827 22581 22981 21658 
39828 19488 21861 19721 
39829 20014 20550 20016 
39830 20890 20891 20187 
39831 22055 23355 22053 
39832 23729 23764 23731 
39833 23727 23993 23729 
39834 19687 20821 19349 
39835 22197 24313 22200 
39836 19301 24326 19298 
39837 23725 23760 23727 
39838 23050 25043 24407 
39839 22247 24339 22250 
39840 22890 24151 22892 
39841 19564 24332 19561 
39842 21707 22995 22994 
39843 19265 21143 20842 
39844 20675 24094 20676 
39845 20801 20809 19614 
39846 22663 23813 22679 
39847 22340 24363 22337 
39848 20634 24346 20637 
39849 22320 24351 22388 
39850 23739 23767 23744 
39851 22049 23358 22047 
39852 22573 22907 21503 
39853 22468 24371 24370 
39854 21645 22976 22376 
39855 20905 20906 20177 
39856 22437 24373 22434 
39857 21403 21687 21402 
39858 21377 22309 21598 
39859 23721 23742 23723 
39860 19416 20817 19414 
39861 21878 24258 21128 
39862 22429 24383 22426 
39863 19358 19723 19357 
39864 22193 24316 22196 
39865 20294 20818 20292 
39866 20881 20882 20199 
39867 21491 21496 21123 
39868 19990 20800 20547 
39869 20009 21022 20011 
39870 19723 22050 19357 
39871 23735 23757 23737 
39872 20298 20339 20296 
39873 24365 24851 24659 
39874 22630 24184 20193 
39875 22433 24368 22386 
39876 22289 22863 21606 
39877 20813 24388 19403 
39878 19420 19476 19418 
39879 19950 20878 19951 
39880 19321 24228 19318 
39881 20131 20833 20129 
39882 23723 23995 23725 
39883 22344 24369 22341 
39884 20517 20823 20516 
39885 21834 22817 21630 
39886 20355 24675 20349 
39887 21864 21867 21865 
39888 20877 21307 20223 
39889 22034 23363 22032 
39890 20005 20549 20007 
39891 20304 23986 20302 
39892 23601 24207 23838 
39893 20359 20822 20215 
39894 22067 23984 22064 
39895 19318 24228 19316 
39896 19479 21314 19669 
39897 22243 24348 22246 
39898 22600 22601 22599 
39899 21688 22406 21687 
39900 19685 21310 19365 
39901 20030 24147 20032 
39902 19963 24223 19965 
39903 22673 22893 22888 
39904 21161 21212 19874 
39905 19897 24352 19900 
39906 21912 24349 21909 
39907 22671 24164 22673 
39908 21931 24365 22411 
39909 22007 23364 22005 
39910 20873 20874 20506 
39911 22185 24323 22192 
39912 24140 24141 20341 
39913 19412 19502 19410 
39914 22080 24150 21785 
39915 23715 23758 23717 
39916 20810 23109 20809 
39917 19254 20843 19252 
39918 20290 20338 20288 
39919 19472 24146 20803 
39920 19944 21009 19945 
39921 20224 20877 20223 
39922 23711 23759 23713 
39923 19408 20844 19406 
39924 21833 23372 21777 
39925 21934 24033 21833 
39926 19350 19687 19349 
39927 19297 24343 19294 
39928 20466 24344 20463 
39929 22592 22598 22591 
39930 20714 24596 20716 
39931 21710 22502 21709 
39932 22506 23025 22403 
39933 22180 24330 22184 
39934 22406 22931 21687 
39935 20256 24187 20254 
39936 22402 22403 22401 
39937 22666 23639 22668 
39938 21936 23365 21934 
39939 23856 23858 23854 
39940 23707 23761 23709 
39941 20001 21019 20003 
39942 20945 24294 21180 
39943 22336 24375 22333 
39944 22658 24110 24109 
39945 20280 20819 20278 
39946 22005 24014 21936 
39947 22032 24008 22007 
39948 21830 22789 21588 
39949 23025 23371 22403 
39950 21908 24358 21905 
39951 23420 23426 21783 
39952 23047 24113 23049 
39953 22062 23985 22055 
39954 20698 24415 20700 
39955 21169 23853 20062 
39956 20284 20342 20282 
39957 20205 24216 20202 
39958 22239 24359 22242 
39959 22396 24374 22399 
39960 19293 24345 19290 
39961 20710 20712 20711 
39962 22174 24341 22179 
39963 21405 21709 21404 
39964 22598 22990 22591 
39965 21152 24319 20947 
39966 21860 22786 21573 
39967 19997 20548 19999 
39968 19344 21838 19343 
39969 20278 24031 20276 
39970 23675 24052 23677 
39971 20268 24124 20266 
39972 19653 20807 19385 
39973 20300 23989 20298 
39974 23679 24162 23681 
39975 20282 24025 20280 
39976 20202 24216 20200 
39977 21566 23452 22181 
39978 20362 21864 21094 
39979 22047 23998 22034 
39980 23876 23953 23875 
39981 21895 22765 21366 
39982 20703 24415 21294 
39983 25012 25037 21693 
39984 21645 22376 21646 
39985 19398 21831 19396 
39986 20117 20840 20115 
39987 23703 23741 23705 
39988 22053 23988 22049 
39989 21116 21117 20813 
39990 23691 24035 23693 
39991 1323 18971 1324 
39992 19893 24362 19896 
39993 21710 23509 22502 
39994 22111 23182 23140 
39995 21301 24398 20265 
39996 21869 24170 22613 
39997 20216 20359 20215 
39998 20860 21244 21243 
39999 22170 24347 22173 
40000 23036 23056 23037 
40001 20695 20696 20694 
40002 22594 24191 22592 
40003 22660 22663 22662 
40004 21244 21705 21703 
40005 19402 19403 19400 
40006 20183 24241 20180 
40007 20276 20343 20274 
40008 22563 23015 22565 
40009 19619 24210 19622 
40010 22332 24379 22329 
40011 24218 24219 24217 
40012 22658 24109 22660 
40013 22547 23408 21784 
40014 24589 24669 20877 
40015 20516 24322 20513 
40016 24716 24842 24180 
40017 21314 24399 22619 
40018 22166 24350 22169 
40019 19993 21015 19995 
40020 20853 24309 21080 
40021 20676 20679 20678 
40022 21485 21758 21486 
40023 24410 24411 21158 
40024 21868 22987 22932 
40025 19990 24417 20800 
40026 23697 23743 23699 
40027 22605 24398 21301 
40028 22963 24269 22966 
40029 19934 21008 19935 
40030 20848 24314 21127 
40031 19338 20879 19337 
40032 22584 22585 21507 
40033 20626 24381 20629 
40034 20292 24001 20290 
40035 21142 24308 20941 
40036 19390 20839 19388 
40037 20117 20860 20840 
40038 23665 24664 24471 
40039 23693 23766 23695 
40040 20486 24246 20483 
40041 22536 22915 21705 
40042 23689 23768 23691 
40043 20296 23991 20294 
40044 21302 21303 21301 
40045 21288 21290 21289 
40046 19394 19487 19392 
40047 21305 24211 21304 
40048 21144 21154 20846 
40049 19332 22149 19331 
40050 23374 23480 21937 
40051 23709 24012 23711 
40052 24848 24976 22633 
40053 19862 24222 21211 
40054 21506 21507 21204 
40055 23705 24017 23707 
40056 20270 20353 20268 
40057 23049 24113 23052 
40058 21376 21606 21375 
40059 23880 23881 23878 
40060 19987 19990 19989 
40061 21304 21306 21303 
40062 20023 24158 20026 
40063 20180 24241 20178 
40064 22750 24183 21568 
40065 21518 21707 21519 
40066 21776 21937 21489 
40067 20507 20873 20506 
40068 20555 24157 20558 
40069 21758 23114 21759 
40070 23717 24166 23719 
40071 21561 21568 21154 
40072 22097 23959 23151 
40073 20943 24303 21162 
40074 21473 21474 21306 
40075 20997 24558 19816 
40076 23683 23686 23685 
40077 22536 23157 22915 
40078 21707 22994 21708 
40079 19289 24366 19286 
40080 23713 24009 23715 
40081 20714 20716 20715 
40082 19983 21845 19985 
40083 21607 22289 21606 
40084 24125 24126 24124 
40085 20509 24209 20507 
40086 20483 24246 20481 
40087 22559 24117 22289 
40088 20358 24289 20230 
40089 23825 23826 22549 
40090 20426 24253 20423 
40091 19479 24399 21314 
40092 20264 20265 20262 
40093 20553 23875 20052 
40094 23627 23628 22080 
40095 23681 24161 23683 
40096 19603 20883 19602 
40097 21566 22181 21567 
40098 19650 20813 19403 
40099 21466 21757 21467 
40100 20260 24206 20258 
40101 21360 21836 21835 
40102 20868 21301 20265 
40103 20111 20838 20109 
40104 20563 24148 20566 
40105 22583 22584 21507 
40106 19382 24131 19380 
40107 20357 24285 20240 
40108 22897 22898 22535 
40109 20927 24302 21139 
40110 21032 24046 20048 
40111 22473 24355 22476 
40112 21107 24305 20851 
40113 19977 19980 19979 
40114 21895 22766 22765 
40115 20258 20346 20256 
40116 19384 19385 19382 
40117 20869 21366 21360 
40118 19924 21004 19925 
40119 22089 23965 23158 
40120 20322 23975 20811 
40121 19597 21846 19596 
40122 21501 21663 21408 
40123 22789 24134 21588 
40124 20200 20881 20199 
40125 21652 22405 21653 
40126 19971 20017 19973 
40127 21404 21439 21084 
40128 20712 20714 20713 
40129 21757 23108 21817 
40130 19326 20886 19325 
40131 21523 22157 21522 
40132 20501 22631 20500 
40133 19254 20869 20843 
40134 22201 24127 21683 
40135 23677 23765 23679 
40136 23198 23827 18992 
40137 23628 24150 22080 
40138 19376 19652 19374 
40139 20576 24097 20579 
40140 22613 24170 23668 
40141 21703 24123 22407 
40142 21342 24180 21344 
40143 18974 23346 23345 
40144 20512 24209 20509 
40145 23673 23769 23675 
40146 23277 23278 19070 
40147 21502 21503 21409 
40148 22599 24191 22594 
40149 20252 20354 20250 
40150 23238 23239 23237 
40151 20823 20831 20516 
40152 21294 24415 22588 
40153 22085 23969 23165 
40154 21344 21975 21617 
40155 20523 20545 20522 
40156 19951 24226 19953 
40157 19285 24377 19282 
40158 21836 22767 22616 
40159 23327 23328 23326 
40160 20346 24187 20256 
40161 22328 24390 22325 
40162 20194 22630 20193 
40163 20016 24169 20019 
40164 23677 24052 23765 
40165 19244 20846 19242 
40166 20318 23981 20351 
40167 23686 23771 23770 
40168 19885 24385 19888 
40169 21082 21084 20831 
40170 22578 22730 22157 
40171 19625 24897 19623 
40172 20248 20249 20246 
40173 22613 23668 23667 
40174 23264 23266 23265 
40175 22405 23017 22582 
40176 20869 24402 21894 
40177 19372 19373 19370 
40178 21860 22787 22786 
40179 20473 24265 20471 
40180 19281 24380 19278 
40181 20111 23842 20838 
40182 22078 23971 23179 
40183 20584 24116 20587 
40184 22469 24370 22472 
40185 19060 23264 23263 
40186 19609 23841 21823 
40187 21274 21739 21273 
40188 20643 20919 20644 
40189 21891 22539 21137 
40190 20166 24266 20164 
40191 20476 24265 20473 
40192 21504 21658 21419 
40193 20495 20888 20494 
40194 22413 22416 22415 
40195 22628 24054 21319 
40196 20242 20357 20240 
40197 20670 24224 20672 
40198 23767 23772 23744 
40199 21568 22207 21569 
40200 19967 19970 19969 
40201 19965 24194 19967 
40202 20314 24145 24139 
40203 19587 20903 19586 
40204 22572 22573 21503 
40205 20188 20890 20187 
40206 23681 24162 24161 
40207 20240 24285 20239 
40208 20230 24289 20229 
40209 20353 24124 20268 
40210 24344 24901 20462 
40211 20143 24378 20140 
40212 20169 24266 20166 
40213 22703 24321 22704 
40214 22492 24172 22495 
40215 19277 24384 19274 
40216 22073 23974 23186 
40217 19316 20901 19315 
40218 21029 21273 21028 
40219 21835 24048 20843 
40220 23365 24033 21934 
40221 22430 22715 22429 
40222 21604 24418 21093 
40223 21211 21860 21573 
40224 22580 22581 21658 
40225 20641 20643 20642 
40226 19959 19962 19961 
40227 20238 20239 20236 
40228 21474 24049 21476 
40229 19362 24114 19360 
40230 23693 24035 23766 
40231 20819 24031 20278 
40232 19364 19365 19362 
40233 20666 20669 20668 
40234 21946 22649 22188 
40235 21191 21609 21190 
40236 19298 24326 19297 
40237 23364 24014 22005 
40238 24696 24735 21066 
40239 19908 24320 19909 
40240 20373 24159 20363 
40241 20672 20675 20674 
40242 23757 24000 23737 
40243 23055 23574 23573 
40244 19561 24332 19560 
40245 20524 20526 20525 
40246 22426 24383 22425 
40247 22069 23980 23347 
40248 20594 24106 20597 
40249 19254 24402 20869 
40250 19492 24105 19489 
40251 22388 22777 22776 
40252 20232 20358 20230 
40253 22337 24363 22336 
40254 20925 24327 21104 
40255 20342 24025 20282 
40256 19619 19622 19621 
40257 22386 24368 22385 
40258 23764 24152 23731 
40259 21360 24104 21836 
40260 21703 22407 21704 
40261 22434 24373 22433 
40262 19684 21821 21820 
40263 24819 24870 20972 
40264 22256 24325 22257 
40265 23363 24008 22032 
40266 19904 24331 19905 
40267 19294 24343 19293 
40268 23760 23993 23727 
40269 20521 20522 20519 
40270 20302 23986 20816 
40271 22560 22973 22504 
40272 22341 24369 22340 
40273 19485 24136 19483 
40274 22438 22713 22437 
40275 20573 24147 20030 
40276 19498 24080 19495 
40277 22250 24324 22251 
40278 21417 21765 21418 
40279 22850 22857 22851 
40280 22596 22599 22594 
40281 21610 22504 21609 
40282 22064 23984 23352 
40283 20228 20229 20226 
40284 19356 19357 19354 
40285 20178 20905 20177 
40286 20855 24397 19230 
40287 22424 22425 22423 
40288 21516 22456 21517 
40289 21508 21731 21416 
40290 21211 21573 21368 
40291 23045 23077 23047 
40292 24374 24856 24686 
40293 19577 20912 19576 
40294 19953 19956 19955 
40295 23358 23998 22047 
40296 23742 23995 23723 
40297 22423 24044 22420 
40298 21909 24349 21908 
40299 22333 24375 22332 
40300 20481 20907 20480 
40301 19290 24345 19289 
40302 21180 24294 21634 
40303 23049 23052 23051 
40304 19505 24067 19501 
40305 22345 22822 22344 
40306 19238 20847 19236 
40307 19900 24342 19901 
40308 22399 22687 22400 
40309 22782 23806 21949 
40310 19865 24267 19868 
40311 19306 20909 19305 
40312 22319 24351 22320 
40313 22246 24339 22247 
40314 24209 24453 20873 
40315 23509 23510 22502 
40316 20633 24346 20634 
40317 20541 20542 20539 
40318 22590 22591 21874 
40319 22055 23985 23355 
40320 22955 24276 22958 
40321 23355 23988 22053 
40322 23041 23044 23043 
40323 20012 24458 23832 
40324 21412 21689 21411 
40325 19321 24229 24228 
40326 23590 23591 22860 
40327 22411 22723 22722 
40328 22579 22860 21731 
40329 20298 23989 20339 
40330 22196 24313 22197 
40331 24185 24472 20890 
40332 21905 24358 21904 
40333 19947 19950 19949 
40334 20463 24344 20462 
40335 19348 19349 19346 
40336 20220 24120 20218 
40337 20222 20223 20220 
40338 19511 24056 19508 
40339 22459 22946 21741 
40340 20818 24001 20292 
40341 22456 22975 22457 
40342 22192 24316 22193 
40343 22221 22259 22222 
40344 21961 22686 21960 
40345 23711 24012 23759 
40346 23707 24017 23761 
40347 22329 24379 22328 
40348 19034 23333 1339 
40349 20553 23877 23876 
40350 22242 24348 22243 
40351 24251 24252 24250 
40352 20858 24253 21877 
40353 20572 24158 20023 
40354 21930 24365 21931 
40355 21690 22823 21689 
40356 19896 24352 19897 
40357 20294 23991 20818 
40358 21883 22756 21884 
40359 23715 24009 23758 
40360 20511 20512 20509 
40361 19941 19944 19943 
40362 1337 23332 23331 
40363 22184 24323 22185 
40364 20404 24069 20401 
40365 20212 24132 20210 
40366 21854 21855 21585 
40367 20515 20516 20513 
40368 22377 23036 22615 
40369 22407 23092 22408 
40370 20471 20914 20470 
40371 20625 24381 20626 
40372 22210 22763 22212 
40373 23647 24428 24396 
40374 22395 24374 22396 
40375 23561 23562 22823 
40376 22179 24330 22180 
40377 21913 22693 21912 
40378 20689 20690 20688 
40379 23879 23882 23880 
40380 23877 23879 23878 
40381 19517 24047 19514 
40382 19286 24366 19285 
40383 22238 24359 22239 
40384 20662 20665 20664 
40385 23742 23997 23996 
40386 20802 24419 21384 
40387 23758 24166 23717 
40388 19066 23226 1494 
40389 22459 23072 22946 
40390 21274 21741 21739 
40391 20101 21028 20099 
40392 22173 24341 22174 
40393 20764 24393 21988 
40394 19937 19940 19939 
40395 23695 24024 23697 
40396 19342 19343 19340 
40397 19026 23311 1474 
40398 21029 21274 21273 
40399 20445 24283 20443 
40400 20208 20209 20206 
40401 20214 20215 20212 
40402 1326 19033 1327 
40403 20164 20910 20163 
40404 21162 24303 21595 
40405 21858 22263 21857 
40406 19892 24362 19893 
40407 22169 24347 22170 
40408 21139 24302 21557 
40409 21670 22724 21669 
40410 20550 24169 20016 
40411 1480 23228 18993 
40412 19206 24493 20996 
40413 21856 21857 21855 
40414 20658 20661 20660 
40415 21080 24309 21388 
40416 23666 24765 21074 
40417 1431 23197 18992 
40418 18992 23196 1432 
40419 21116 21490 21489 
40420 21358 24933 24029 
40421 22165 24350 22166 
40422 1482 23273 19078 
40423 21452 24308 21142 
40424 22608 22610 22609 
40425 21384 24419 22351 
40426 19931 19934 19933 
40427 1369 23227 19068 
40428 19055 23199 1400 
40429 19060 23229 1415 
40430 22563 22565 22564 
40431 20359 24230 23631 
40432 21776 24040 23374 
40433 19059 23301 1498 
40434 20505 20506 20503 
40435 21405 21710 21709 
40436 19336 19337 19334 
40437 21748 23133 21747 
40438 21490 21777 21776 
40439 23982 23983 20351 
40440 21463 24305 21107 
40441 20206 24218 20205 
40442 21553 22151 21554 
40443 21611 22464 21612 
40444 19064 23289 1487 
40445 20904 24075 24074 
40446 19607 19608 19605 
40447 19282 24377 19281 
40448 22325 24390 22324 
40449 21169 23855 23854 
40450 1473 23280 19026 
40451 21661 21691 21662 
40452 20623 20625 20624 
40453 1345 23292 19027 
40454 19025 23290 1439 
40455 1409 23279 19020 
40456 19618 19619 19617 
40457 1501 23308 19077 
40458 21638 24319 21152 
40459 21782 22324 21781 
40460 1361 23276 19070 
40461 1455 23286 19074 
40462 19061 23287 1423 
40463 20654 20657 20656 
40464 21127 24314 21441 
40465 20883 24227 22124 
40466 19611 23841 19609 
40467 20420 24045 20417 
40468 19028 23316 1425 
40469 19862 21211 19864 
40470 19935 24237 19937 
40471 19330 19331 19328 
40472 20204 20205 20202 
40473 21845 23832 23792 
40474 21886 23845 21400 
40475 23867 23868 23865 
40476 23855 23857 23856 
40477 21561 22750 21568 
40478 19078 23302 1483 
40479 19278 24380 19277 
40480 21691 22939 21692 
40481 22480 22484 22481 
40482 19601 19602 19599 
40483 19884 24385 19885 
40484 24709 24771 20667 
40485 19035 23319 1388 
40486 1465 23325 23324 
40487 19031 23326 1382 
40488 23958 24520 20888 
40489 19595 19596 19593 
40490 23838 24207 19534 
40491 21899 24558 24050 
40492 19927 19930 19929 
40493 1373 23313 23312 
40494 1363 23376 18959 
40495 19324 19325 19322 
40496 21838 24236 23781 
40497 20650 20653 20652 
40498 20430 24112 20427 
40499 20198 20199 20196 
40500 22472 24355 22473 
40501 20453 20454 20452 
40502 19065 23306 1441 
40503 1422 23304 19061 
40504 22838 22840 22839 
40505 20685 20686 20684 
40506 20738 20739 20737 
40507 21739 22449 21740 
40508 21153 21363 21320 
40509 18948 23298 1477 
40510 21302 21305 21304 
40511 19921 19924 19923 
40512 19274 24384 19273 
40513 18954 23297 1428 
40514 1371 23300 18952 
40515 19538 24107 19535 
40516 1420 23303 18961 
40517 20499 20500 20497 
40518 21473 22815 22814 
40519 18963 23323 1458 
40520 19916 24233 19917 
40521 1457 23307 18963 
40522 20443 20921 20442 
40523 20140 24378 20139 
40524 20638 24055 20641 
40525 18974 23344 1385 
40526 21346 24731 19854 
40527 21144 21561 21154 
40528 20101 21029 21028 
40529 21602 21603 21226 
40530 20448 24283 20445 
40531 22584 24257 22943 
40532 20730 20731 20728 
40533 20613 20615 20614 
40534 19402 19404 19403 
40535 21681 22856 21680 
40536 19852 24429 19853 
40537 19591 19592 19589 
40538 21430 22175 21431 
40539 20486 24250 24246 
40540 22468 24370 22469 
40541 20521 20523 20522 
40542 19917 24233 19920 
40543 20192 20193 20190 
40544 21460 21768 21461 
40545 20186 20187 20184 
40546 19244 21144 20846 
40547 20808 21492 21491 
40548 20338 24004 20288 
40549 19232 20855 19230 
40550 21739 24193 22449 
40551 19320 19321 19318 
40552 19913 19916 19915 
40553 20115 24137 20112 
40554 20493 20494 20491 
40555 23766 24024 23695 
40556 20646 20649 20648 
40557 19917 19920 19919 
40558 21392 22355 21582 
40559 19882 19884 19883 
40560 19909 19912 19911 
40561 19314 19315 19312 
40562 22704 22707 22706 
40563 20489 20490 20487 
40564 19585 19586 19583 
40565 23703 24020 23741 
40566 20440 24115 20437 
40567 22175 22848 22568 
40568 21950 22681 22140 
40569 23233 23237 23236 
40570 20441 20442 20440 
40571 23204 23206 23205 
40572 23786 24667 24511 
40573 21224 24234 21318 
40574 20095 21066 20093 
40575 23686 23687 23685 
40576 19539 19540 19538 
40577 21377 21378 21299 
40578 19682 23640 19620 
40579 24203 24204 20151 
40580 21492 21785 21784 
40581 20558 24157 21171 
40582 21476 24049 22201 
40583 22257 22556 22555 
40584 22275 23478 22277 
40585 24242 24244 24243 
40586 19905 19908 19907 
40587 21787 22778 21786 
40588 19360 24318 19358 
40589 22197 22200 22199 
40590 20182 20183 20180 
40591 20485 20486 20483 
40592 19560 24335 19557 
40593 22698 24225 22700 
40594 22251 22256 22255 
40595 23867 23869 23868 
40596 20264 20266 20265 
40597 20099 24259 20096 
40598 19581 19582 19579 
40599 21634 24294 22319 
40600 22757 22850 22759 
40601 22455 23009 22567 
40602 20856 24207 23601 
40603 19310 19311 19308 
40604 22193 22196 22195 
40605 20176 20177 20174 
40606 22700 22703 22702 
40607 21104 24327 21471 
40608 19901 19904 19903 
40609 20431 20432 20430 
40610 20638 20641 20640 
40611 21315 21824 19669 
40612 19575 19576 19573 
40613 22663 22664 22662 
40614 22688 22697 22690 
40615 20603 20605 20604 
40616 21082 21405 21404 
40617 23509 23511 23510 
40618 20566 24148 21172 
40619 22320 22388 22387 
40620 19238 24291 22627 
40621 22428 22429 22426 
40622 20479 20480 20477 
40623 21598 21599 21378 
40624 22247 22250 22249 
40625 20634 20637 20636 
40626 19529 19530 19528 
40627 1337 23331 1338 
40628 21245 21415 21313 
40629 22185 22192 22191 
40630 21865 21866 21094 
40631 20187 24306 20184 
40632 19990 19991 19989 
40633 22180 22184 22183 
40634 19685 21317 21311 
40635 23475 23483 22202 
40636 19571 19572 19569 
40637 21385 21641 21386 
40638 20172 20173 20170 
40639 21557 24302 22165 
40640 22243 22246 22245 
40641 22339 22340 22337 
40642 20475 20476 20473 
40643 21766 21883 21882 
40644 22343 22344 22341 
40645 19925 24247 19927 
40646 22502 22927 21709 
40647 22174 22179 22178 
40648 19400 24388 19398 
40649 21825 21826 21824 
40650 22160 23439 21826 
40651 19897 19900 19899 
40652 19384 19386 19385 
40653 24336 24337 19556 
40654 20597 20599 20598 
40655 19304 19305 19302 
40656 19567 19568 19565 
40657 22436 22437 22434 
40658 21634 22319 22318 
40659 20630 20633 20632 
40660 21931 22411 22410 
40661 21879 22202 21558 
40662 22170 22173 22172 
40663 21885 21886 21400 
40664 20168 20169 20166 
40665 19920 24284 19921 
40666 22422 22423 22420 
40667 20421 20422 20420 
40668 24203 24980 24204 
40669 22495 24172 22858 
40670 19305 24099 19302 
40671 21595 24303 22238 
40672 21497 23409 22554 
40673 20210 24287 20209 
40674 19300 19301 19298 
40675 22239 22242 22241 
40676 21911 21912 21909 
40677 22166 22169 22168 
40678 21893 24068 22608 
40679 19576 24088 19573 
40680 23999 24387 21386 
40681 20130 20131 20129 
40682 20469 20470 20467 
40683 20886 24255 21878 
40684 19893 19896 19895 
40685 20591 20593 20592 
40686 19563 19564 19561 
40687 22465 24372 22468 
40688 20579 24097 21173 
40689 20465 20466 20463 
40690 20626 20629 20628 
40691 22432 22433 22386 
40692 21948 21949 21947 
40693 22335 22336 22333 
40694 20679 20680 20678 
40695 21904 24305 21463 
40696 23814 24253 20426 
40697 20163 24108 20160 
40698 22396 22399 22398 
40699 21907 21908 21905 
40700 19616 19617 19615 
40701 19930 24292 19931 
40702 21868 21869 21866 
40703 19555 19556 19553 
40704 21224 21318 20024 
40705 21995 22691 22065 
40706 20515 20517 20516 
40707 19980 19981 19979 
40708 22010 22014 22013 
40709 19518 19519 19517 
40710 21161 21830 21588 
40711 21900 21901 21888 
40712 22297 22364 21596 
40713 21887 21888 21886 
40714 23668 23669 23667 
40715 21071 24159 20373 
40716 20248 20250 20249 
40717 19721 24136 19485 
40718 19889 19892 19891 
40719 20162 20163 20160 
40720 24089 24090 19572 
40721 21893 22608 22607 
40722 22483 22563 22562 
40723 20719 24596 21288 
40724 19296 19297 19294 
40725 19940 24304 19941 
40726 20415 20416 20414 
40727 21557 22165 22164 
40728 20461 20462 20459 
40729 22331 22332 22329 
40730 21766 24102 21883 
40731 22477 22480 22479 
40732 19322 24293 19321 
40733 21595 22238 22237 
40734 21388 21930 21712 
40735 19607 19609 19608 
40736 20095 23819 21066 
40737 20457 20458 20455 
40738 21568 21569 21154 
40739 19559 19560 19557 
40740 23801 23802 22787 
40741 21406 21674 21407 
40742 21360 21835 20843 
40743 22473 22476 22475 
40744 20589 20591 20590 
40745 19586 24074 19583 
40746 19551 19552 19549 
40747 1431 18992 1432 
40748 1352 18990 1353 
40749 1401 18995 1402 
40750 1495 18996 1496 
40751 1480 18993 1481 
40752 1367 18989 1368 
40753 1446 18991 1447 
40754 1416 18994 1417 
40755 22384 22385 21452 
40756 19512 19513 19511 
40757 19292 19293 19290 
40758 22573 24264 23556 
40759 22600 23450 22601 
40760 19372 19374 19373 
40761 19315 24082 19312 
40762 21441 22395 22394 
40763 20587 24116 21175 
40764 21755 21904 21463 
40765 21308 21403 21402 
40766 20477 24286 20476 
40767 20158 20159 20156 
40768 22897 22899 22898 
40769 20154 20155 20152 
40770 20822 24545 24132 
40771 20620 20623 20622 
40772 21112 24105 19492 
40773 21706 22536 21705 
40774 19547 19548 19545 
40775 21674 22044 21675 
40776 19885 19888 19887 
40777 21699 21960 21638 
40778 20089 24239 20087 
40779 21388 24309 21930 
40780 22385 24308 21452 
40781 22535 24405 21996 
40782 20386 24407 20383 
40783 20451 20452 20449 
40784 20587 20589 20588 
40785 1350 19053 1351 
40786 1433 19067 1434 
40787 1429 19054 1430 
40788 1354 19069 1355 
40789 1399 19055 1400 
40790 1493 19066 1494 
40791 1448 19057 1449 
40792 1369 19068 1370 
40793 1414 19060 1415 
40794 1478 19056 1479 
40795 1409 19020 1410 
40796 1359 19021 1360 
40797 1473 19026 1474 
40798 1438 19025 1439 
40799 1394 19023 1395 
40800 1488 19024 1489 
40801 1374 19022 1375 
40802 1424 19028 1425 
40803 1345 19027 1346 
40804 22327 22328 22325 
40805 1453 19029 1454 
40806 1444 19072 1445 
40807 1465 23324 1466 
40808 1365 19058 1366 
40809 1497 19059 1498 
40810 1403 19076 1404 
40811 1482 19078 1483 
40812 1418 19071 1419 
40813 20666 24039 20669 
40814 22469 22472 22471 
40815 22581 24263 23075 
40816 24064 24066 24063 
40817 19543 19544 19541 
40818 1459 23322 1460 
40819 1373 23312 1374 
40820 1452 23317 1453 
40821 20883 22124 21134 
40822 19226 21947 19224 
40823 19284 19285 19282 
40824 22374 24245 22372 
40825 19687 21322 21277 
40826 20405 20406 20404 
40827 19506 19507 19505 
40828 1417 23398 1418 
40829 1361 19070 1362 
40830 1440 19065 1441 
40831 1407 19073 1408 
40832 1486 19064 1487 
40833 1471 19079 1472 
40834 1422 19061 1423 
40835 1392 19062 1393 
40836 1455 19074 1456 
40837 1376 19063 1377 
40838 1343 19075 1344 
40839 20581 20583 20582 
40840 20262 24398 20260 
40841 20537 20798 20536 
40842 20616 20619 20618 
40843 19288 19289 19286 
40844 20177 24103 20174 
40845 20087 20849 20085 
40846 20903 24261 22137 
40847 1402 23399 1403 
40848 22465 22468 22467 
40849 20447 20448 20445 
40850 1387 19035 1388 
40851 1460 19030 1461 
40852 1338 19034 1339 
40853 1381 19031 1382 
40854 1466 19032 1467 
40855 1332 19036 1333 
40856 20487 24251 20486 
40857 22809 23787 20878 
40858 19618 24210 19619 
40859 21836 22616 21835 
40860 21498 22142 21819 
40861 20238 20240 20239 
40862 21851 23119 21849 
40863 19238 22627 20847 
40864 20834 24080 19498 
40865 21576 22368 21017 
40866 22271 23504 22273 
40867 21830 22790 22789 
40868 21169 24425 23855 
40869 22767 23663 22616 
40870 24083 24084 19311 
40871 1398 23369 1399 
40872 21929 24593 21125 
40873 19280 19281 19278 
40874 20150 20151 20148 
40875 21899 22221 22220 
40876 22040 25110 22038 
40877 21363 22219 21370 
40878 20494 24093 20491 
40879 21211 21368 19864 
40880 21689 24178 21411 
40881 1501 19077 1502 
40882 19264 19265 19263 
40883 22450 22950 22622 
40884 1413 24096 1414 
40885 20359 23631 21045 
40886 21238 23783 21629 
40887 22483 24053 22563 
40888 24985 25008 21055 
40889 20146 20147 20144 
40890 19364 19366 19365 
40891 19970 19971 19969 
40892 22621 24696 23819 
40893 23574 23575 23573 
40894 20579 20581 20580 
40895 21988 24393 21991 
40896 21399 22402 22401 
40897 19499 19500 19498 
40898 21838 23781 21840 
40899 21403 21688 21687 
40900 20835 24067 19505 
40901 19276 19277 19274 
40902 20597 24106 21237 
40903 22604 22801 21300 
40904 19537 19538 19535 
40905 22807 22808 21218 
40906 19602 23956 19599 
40907 21645 21646 21177 
40908 24150 24514 22547 
40909 22079 24260 21774 
40910 22596 22600 22599 
40911 20610 20613 20612 
40912 20439 20440 20437 
40913 21441 24314 22395 
40914 1412 18951 1413 
40915 1397 18949 1398 
40916 1476 18948 1477 
40917 1371 18952 1372 
40918 1348 18955 1349 
40919 1356 18956 1357 
40920 1491 18950 1492 
40921 1450 18953 1451 
40922 1427 18954 1428 
40923 1435 18957 1436 
40924 20399 20400 20398 
40925 1378 18964 1379 
40926 1457 18963 1458 
40927 1341 18960 1342 
40928 1363 18959 1364 
40929 1390 18967 1391 
40930 1442 18958 1443 
40931 1499 18962 1500 
40932 1420 18961 1421 
40933 1405 18965 1406 
40934 1329 18969 1330 
40935 1484 18966 1485 
40936 1469 18968 1470 
40937 20875 21506 21204 
40938 1384 18974 1385 
40939 1335 18972 1336 
40940 1463 18973 1464 
40941 1504 18975 1505 
40942 20518 20519 20517 
40943 20500 23958 20497 
40944 20142 20143 20140 
40945 21947 24456 19224 
40946 19533 19534 19531 
40947 20435 20436 20433 
40948 20393 20394 20392 
40949 22402 22506 22403 
40950 24677 24692 20826 
40951 21322 23413 21779 
40952 20836 24056 19511 
40953 22564 24270 23521 
40954 19947 23843 19950 
40955 21288 24596 22576 
40956 20193 24185 20190 
40957 20228 20230 20229 
40958 24216 24464 20881 
40959 20570 20575 20571 
40960 19962 19963 19961 
40961 23056 24317 23037 
40962 22262 23592 22265 
40963 21944 24406 21946 
40964 22584 22943 22942 
40965 20476 24279 24265 
40966 21658 24179 21419 
40967 20391 20392 20390 
40968 21471 21950 21738 
40969 22392 23536 23359 
40970 20199 23957 20196 
40971 19879 19882 19881 
40972 19356 19358 19357 
40973 19493 19494 19492 
40974 23052 23053 23051 
40975 21960 24319 21638 
40976 24351 24869 24721 
40977 20986 24069 20404 
40978 20568 20570 20569 
40979 20383 24407 20382 
40980 21178 21834 21630 
40981 21566 21567 21148 
40982 24056 24392 21848 
40983 20606 20609 20608 
40984 20216 24230 20359 
40985 22590 22592 22591 
40986 20429 20430 20427 
40987 19272 19273 19270 
40988 20138 20139 20136 
40989 24654 24684 20833 
40990 20837 24047 19517 
40991 20116 20117 20115 
40992 21049 21376 21375 
40993 20912 24268 21891 
40994 21506 22583 21507 
40995 19527 19528 19524 
40996 20520 20521 20519 
40997 20134 20135 20132 
40998 19486 19488 19485 
40999 21655 23780 22895 
41000 19921 24284 19924 
41001 22476 24357 22477 
41002 19268 19269 19266 
41003 21587 21876 21008 
41004 21894 21895 21366 
41005 19985 24417 19987 
41006 23044 23045 23043 
41007 20425 20426 20423 
41008 19343 23848 19340 
41009 22528 23845 21886 
41010 21485 21486 21110 
41011 20675 20676 20674 
41012 19344 24236 21838 
41013 22283 23825 22549 
41014 20205 24218 24217 
41015 20600 20603 20602 
41016 20376 20382 20375 
41017 19269 24328 19266 
41018 20480 24286 20477 
41019 22351 22352 22350 
41020 22583 24257 22584 
41021 19484 19485 19483 
41022 19872 19874 19873 
41023 19956 19957 19955 
41024 20566 20568 20567 
41025 21518 21519 21089 
41026 20222 20224 20223 
41027 24132 24287 20210 
41028 20669 20670 20668 
41029 21501 24520 24221 
41030 19522 19523 19520 
41031 19348 19350 19349 
41032 21496 21783 21505 
41033 21520 23434 22728 
41034 21471 24327 21950 
41035 22376 22377 21646 
41036 23036 23037 22615 
41037 20506 23850 20503 
41038 20560 20562 20561 
41039 20511 20513 20512 
41040 22753 22782 21949 
41041 19959 23836 19962 
41042 19475 19479 19474 
41043 20886 21878 21128 
41044 22834 22836 22835 
41045 22953 24276 22955 
41046 20374 20375 20373 
41047 21028 24259 20099 
41048 22181 23623 21567 
41049 20828 24045 20420 
41050 20594 20597 20596 
41051 24060 24306 21872 
41052 20128 20129 20126 
41053 19516 19517 19514 
41054 19473 19474 19472 
41055 21310 24574 24114 
41056 20214 20216 20215 
41057 20419 20420 20417 
41058 19603 24227 20883 
41059 19950 19951 19949 
41060 22633 24044 22423 
41061 21069 21501 21408 
41062 23869 23871 23870 
41063 21606 24198 21375 
41064 21652 21653 21170 
41065 21376 21607 21606 
41066 21607 22559 22289 
41067 23626 24449 22597 
41068 21668 24902 21736 
41069 24059 24419 20802 
41070 24350 24830 24705 
41071 20558 20560 20559 
41072 20840 24137 20115 
41073 19856 21210 19858 
41074 21703 21704 21243 
41075 19357 23828 19354 
41076 19859 24222 19862 
41077 21070 21502 21409 
41078 20505 20507 20506 
41079 21130 24171 21356 
41080 20413 20414 20411 
41081 19342 19344 19343 
41082 22994 23549 21708 
41083 21466 21467 21108 
41084 20361 20362 20360 
41085 21834 22818 22817 
41086 19471 19472 19470 
41087 21707 21708 21519 
41088 20208 20210 20209 
41089 20356 20360 20355 
41090 24359 24864 24719 
41091 19875 19878 19877 
41092 20110 20111 20109 
41093 19931 24292 19934 
41094 21739 21740 21273 
41095 21584 21880 21004 
41096 20350 20355 20349 
41097 22573 23556 22908 
41098 19469 19470 19468 
41099 22499 22846 22500 
41100 19332 24232 22149 
41101 19510 19511 19508 
41102 21758 21759 21486 
41103 24201 24202 20155 
41104 21132 21523 21522 
41105 20071 21899 20984 
41106 20903 22137 21106 
41107 21572 22764 22223 
41108 20409 20410 20407 
41109 22110 22111 22109 
41110 22497 22499 22498 
41111 20124 20125 20122 
41112 20058 24425 20060 
41113 19262 19263 19259 
41114 20825 24112 20430 
41115 19325 24293 19322 
41116 24637 24741 19922 
41117 21742 22459 21741 
41118 21991 21995 21994 
41119 19944 19945 19943 
41120 22581 23075 23074 
41121 22609 24274 23557 
41122 21081 21504 21419 
41123 23855 24425 23859 
41124 20066 20554 20067 
41125 22267 23541 22269 
41126 19467 19468 19466 
41127 20830 24107 19538 
41128 19336 19338 19337 
41129 22108 22109 22107 
41130 20521 20524 20523 
41131 20348 20349 20347 
41132 19465 19466 19464 
41133 20543 20759 20542 
41134 22495 22497 22496 
41135 20064 20066 20065 
41136 19504 19505 19501 
41137 23941 23942 23934 
41138 19463 19464 19462 
41139 19253 19254 19252 
41140 22591 24149 21874 
41141 21720 22491 21721 
41142 20204 20206 20205 
41143 19940 19941 19939 
41144 20403 20404 20401 
41145 20584 20587 20586 
41146 22106 22107 22105 
41147 20455 24135 20454 
41148 21516 21517 21186 
41149 22955 22958 22957 
41150 20345 20347 20344 
41151 20062 20064 20063 
41152 20337 20344 20336 
41153 21866 24442 21094 
41154 22104 22105 22101 
41155 19461 19462 19460 
41156 21718 21720 21719 
41157 23933 23934 23932 
41158 20998 21191 21190 
41159 22281 23825 22283 
41160 19326 24255 20886 
41161 20236 24970 20234 
41162 20335 20336 20334 
41163 19941 24304 19944 
41164 19497 19498 19495 
41165 21474 21476 21475 
41166 20519 24441 20517 
41167 20120 20121 20118 
41168 21321 24509 22646 
41169 22832 22834 22833 
41170 20060 20062 20061 
41171 20700 20702 20701 
41172 19869 24440 19872 
41173 22100 22101 22099 
41174 19330 19332 19331 
41175 20912 21891 21137 
41176 21502 22572 21503 
41177 20784 23496 19708 
41178 20333 20334 20332 
41179 20832 24115 20440 
41180 19459 19460 19458 
41181 21757 21817 21467 
41182 23931 23932 23930 
41183 22405 22582 21653 
41184 23108 23580 21817 
41185 19601 19603 19602 
41186 22098 22099 22097 
41187 20198 20200 20199 
41188 20665 20666 20664 
41189 22407 22408 21704 
41190 23929 23930 23928 
41191 19934 19935 19933 
41192 20058 20060 20059 
41193 20397 20398 20395 
41194 19232 21897 20855 
41195 22449 22450 21740 
41196 19920 24708 24284 
41197 22963 22966 22965 
41198 20331 20332 20330 
41199 19457 19458 19456 
41200 20704 20706 20705 
41201 20410 24367 20407 
41202 21161 24440 21830 
41203 19257 19258 19255 
41204 20105 24727 24231 
41205 20329 20330 20328 
41206 20499 20501 20500 
41207 20576 20579 20578 
41208 21683 21718 21684 
41209 22961 24269 22963 
41210 23927 23928 23926 
41211 22096 22097 22095 
41212 22966 22970 22967 
41213 19491 19492 19489 
41214 21523 22578 22157 
41215 22578 23582 22730 
41216 20056 20058 20057 
41217 23772 23774 23773 
41218 23030 23500 22565 
41219 21417 21418 21088 
41220 19455 19456 19454 
41221 22572 24264 22573 
41222 19324 19326 19325 
41223 25079 25096 20139 
41224 21356 22155 21537 
41225 19595 19597 19596 
41226 21476 21683 21477 
41227 20192 20194 20193 
41228 21085 21508 21416 
41229 20389 20390 20387 
41230 23925 23926 23924 
41231 20327 20328 20326 
41232 20661 20662 20660 
41233 20341 24142 20310 
41234 22094 22095 22093 
41235 21504 22580 21658 
41236 19453 19454 19452 
41237 21076 21412 21411 
41238 20054 20056 20055 
41239 22580 24263 22581 
41240 19541 24133 19540 
41241 20641 24055 20824 
41242 22456 22457 21517 
41243 21536 24240 21133 
41244 20325 20326 20324 
41245 19930 19931 19929 
41246 20385 20386 20383 
41247 24334 24335 19560 
41248 22092 22093 22091 
41249 19451 19452 19450 
41250 19587 24261 20903 
41251 21570 22230 21367 
41252 22560 23555 22973 
41253 20720 20721 20718 
41254 19853 24429 19856 
41255 23923 23924 23922 
41256 20360 24442 20355 
41257 24425 24644 23859 
41258 22857 23529 22851 
41259 22090 22091 22089 
41260 22605 24607 24563 
41261 23255 23261 23256 
41262 19591 19593 19592 
41263 19482 19483 19480 
41264 20186 20188 20187 
41265 23251 23255 23252 
41266 19449 19450 19448 
41267 23921 23922 23920 
41268 20114 20115 20112 
41269 21610 22560 22504 
41270 20323 20324 20322 
41271 20052 20054 20053 
41272 19320 19322 19321 
41273 21191 21610 21609 
41274 22980 23546 22610 
41275 22088 22089 22087 
41276 23249 23251 23250 
41277 20563 20566 20565 
41278 20050 20052 20051 
41279 19232 24361 21897 
41280 19924 19925 19923 
41281 20321 20322 20320 
41282 20048 20050 20049 
41283 19447 19448 19446 
41284 23218 23220 23219 
41285 22959 22971 22961 
41286 20493 20495 20494 
41287 20698 20700 20699 
41288 23919 23920 23918 
41289 23739 23744 23740 
41290 20657 20658 20656 
41291 22086 22087 22085 
41292 24356 24357 22476 
41293 20182 20184 20183 
41294 20742 20745 20741 
41295 20046 20048 20047 
41296 22468 24372 24371 
41297 22462 22463 22460 
41298 23216 23218 23217 
41299 22950 22951 22622 
41300 20319 20320 20318 
41301 22971 24269 22961 
41302 20489 20491 20490 
41303 23247 23249 23248 
41304 23214 23216 23215 
41305 19585 19587 19586 
41306 19445 19446 19444 
41307 22152 22205 21724 
41308 19314 19316 19315 
41309 22084 22085 22083 
41310 23917 23918 23916 
41311 20317 20318 20316 
41312 23245 23247 23246 
41313 20874 24389 23850 
41314 21363 24438 22225 
41315 20044 20046 20045 
41316 23212 23214 23213 
41317 21784 24195 21491 
41318 20372 20373 20363 
41319 22082 22083 22078 
41320 22756 22757 21884 
41321 24114 24318 19360 
41322 20315 20316 20314 
41323 21206 21670 21669 
41324 23737 23739 23738 
41325 20485 20487 20486 
41326 20454 24135 20850 
41327 21611 21612 21195 
41328 20615 24130 20616 
41329 20313 20314 20312 
41330 19443 19444 19442 
41331 22196 22197 22195 
41332 19577 24268 20912 
41333 23243 23245 23244 
41334 23915 23916 23914 
41335 20653 20654 20652 
41336 19581 19583 19582 
41337 21412 21690 21689 
41338 19441 19442 19440 
41339 20132 24174 20131 
41340 21765 21766 21418 
41341 23210 23212 23211 
41342 20512 24322 23815 
41343 21508 22579 21731 
41344 22850 22851 22759 
41345 20042 20044 20043 
41346 20176 20178 20177 
41347 19310 19312 19311 
41348 22077 22078 22076 
41349 23239 23241 23240 
41350 20643 20644 20642 
41351 21661 21662 21182 
41352 23913 23914 23912 
41353 19920 19921 19919 
41354 22579 23590 22860 
41355 21367 24210 19618 
41356 20311 20312 20310 
41357 21690 23561 22823 
41358 20555 20558 20557 
41359 20100 20101 20099 
41360 22966 22967 22965 
41361 19439 19440 19438 
41362 22755 24099 19305 
41363 19869 19872 19871 
41364 23735 23737 23736 
41365 20911 24108 20163 
41366 19916 19917 19915 
41367 22608 24068 22871 
41368 21005 21854 21585 
41369 23241 23243 23242 
41370 19251 19252 19249 
41371 20913 24088 19576 
41372 22075 22076 22073 
41373 23911 23912 23910 
41374 21093 21862 20908 
41375 20309 20310 20308 
41376 22192 22193 22191 
41377 20040 20042 20041 
41378 22602 24414 23654 
41379 21153 24438 21363 
41380 19687 24450 21322 
41381 20479 20481 20480 
41382 21839 24391 23848 
41383 19437 19438 19436 
41384 23733 23735 23734 
41385 19912 19913 19911 
41386 20172 20174 20173 
41387 22492 22495 22494 
41388 23909 23910 23908 
41389 21991 24393 21995 
41390 23731 23733 23732 
41391 20649 20650 20648 
41392 21553 21554 21136 
41393 23729 23731 23730 
41394 22072 22073 22071 
41395 19263 24396 19259 
41396 21256 21748 21747 
41397 20108 20109 20106 
41398 20307 20308 20306 
41399 21883 24102 22918 
41400 19575 19577 19576 
41401 21028 24430 24259 
41402 23727 23729 23728 
41403 19540 24133 20852 
41404 21151 21153 19722 
41405 19435 19436 19434 
41406 23206 23208 23207 
41407 20807 24606 24131 
41408 20038 20040 20039 
41409 22070 22071 22069 
41410 21507 24354 21204 
41411 23268 23269 23266 
41412 20168 20170 20169 
41413 22849 24178 21689 
41414 22184 22185 22183 
41415 23907 23908 23906 
41416 23725 23727 23726 
41417 20475 20477 20476 
41418 20305 20306 20304 
41419 23208 23210 23209 
41420 23553 25242 25203 
41421 22430 22716 22715 
41422 20610 24473 20613 
41423 20492 24733 24592 
41424 23810 24669 24589 
41425 21883 21884 21882 
41426 19304 19306 19305 
41427 24228 24479 20901 
41428 21808 24701 21393 
41429 21830 24440 23829 
41430 19433 19434 19432 
41431 24241 24476 20905 
41432 23723 23725 23724 
41433 22438 22726 22713 
41434 22612 24442 21866 
41435 20036 20038 20037 
41436 22068 22069 22067 
41437 23905 23906 23904 
41438 22256 22257 22255 
41439 24749 24798 21423 
41440 22967 22969 22968 
41441 22179 22180 22178 
41442 21860 23801 22787 
41443 21499 21500 21319 
41444 22563 22564 22562 
41445 21430 21431 21092 
41446 19908 19909 19907 
41447 20696 20698 20697 
41448 23721 23723 23722 
41449 19247 19248 19245 
41450 22899 24360 22898 
41451 19571 19573 19572 
41452 20303 20304 20302 
41453 19431 19432 19430 
41454 20904 24074 19586 
41455 20902 24082 19315 
41456 20034 20036 20035 
41457 23903 23904 23902 
41458 22066 22067 22064 
41459 19846 24410 21158 
41460 22250 22251 22249 
41461 21202 21319 20520 
41462 23037 24317 23039 
41463 24199 24200 20159 
41464 22173 22174 22172 
41465 21164 22796 22795 
41466 22703 22704 22702 
41467 21214 24130 20615 
41468 23644 24257 22583 
41469 22970 24376 22967 
41470 19904 19905 19903 
41471 19300 19302 19301 
41472 23719 23721 23720 
41473 19429 19430 19428 
41474 19567 19569 19568 
41475 22563 24053 23015 
41476 21259 21681 21680 
41477 22388 22776 22387 
41478 20162 20164 20163 
41479 20469 20471 20470 
41480 21320 24070 19722 
41481 20301 20302 20300 
41482 21740 24430 21273 
41483 20032 20034 20033 
41484 22063 22064 22062 
41485 19427 19428 19426 
41486 21460 21461 21109 
41487 20605 24156 20606 
41488 22958 22959 22957 
41489 22687 22688 22400 
41490 23901 23902 23900 
41491 21260 21787 21786 
41492 21133 24240 21863 
41493 19220 19722 19218 
41494 20641 20642 20640 
41495 24246 24481 20907 
41496 20218 24230 20216 
41497 22169 22170 22168 
41498 22061 22062 22055 
41499 23435 23825 22281 
41500 22480 22481 22479 
41501 20030 20032 20031 
41502 21691 21692 21662 
41503 21133 21863 20887 
41504 22246 22247 22245 
41505 20299 20300 20298 
41506 20906 24103 20177 
41507 20104 20105 20102 
41508 21736 22828 22827 
41509 20465 20467 20466 
41510 20882 24387 23957 
41511 20453 20455 20454 
41512 20297 20298 20296 
41513 22464 22465 21612 
41514 24201 24913 24202 
41515 20856 23601 21484 
41516 19563 19565 19564 
41517 21911 21913 21912 
41518 23899 23900 23898 
41519 22476 22477 22475 
41520 19425 19426 19424 
41521 21321 22646 21369 
41522 21577 21782 21781 
41523 22963 22965 22964 
41524 20131 24174 20979 
41525 20889 24353 24093 
41526 21101 21872 20891 
41527 19858 24222 19859 
41528 22608 22609 22607 
41529 20637 20638 20636 
41530 23717 23719 23718 
41531 20028 20030 20029 
41532 22054 22055 22053 
41533 22424 22426 22425 
41534 19775 25171 23577 
41535 21907 21909 21908 
41536 20295 20296 20294 
41537 20461 20463 20462 
41538 22165 22166 22164 
41539 20889 24093 20494 
41540 23897 23898 23896 
41541 22981 24179 21658 
41542 22472 22473 22471 
41543 22697 22698 22690 
41544 20158 20160 20159 
41545 19483 24399 19480 
41546 22242 22243 22241 
41547 19346 24236 19344 
41548 19900 19901 19899 
41549 19296 19298 19297 
41550 22428 22430 22429 
41551 20414 24423 20411 
41552 19258 24402 19255 
41553 21856 21858 21857 
41554 22052 22053 22049 
41555 20293 20294 20292 
41556 22343 22345 22344 
41557 19423 19424 19422 
41558 22319 22320 22318 
41559 21854 21856 21855 
41560 22967 24376 22969 
41561 23715 23717 23716 
41562 19555 19557 19556 
41563 20844 24760 23665 
41564 19559 19561 19560 
41565 20026 20028 20027 
41566 20154 20156 20155 
41567 23895 23896 23894 
41568 19243 19244 19242 
41569 20457 20459 20458 
41570 19292 19294 19293 
41571 20633 20634 20632 
41572 20599 23973 20600 
41573 22048 22049 22047 
41574 21755 21905 21904 
41575 20291 20292 20290 
41576 19421 19422 19420 
41577 23631 24455 21045 
41578 22436 22438 22437 
41579 22455 22567 21415 
41580 23713 23715 23714 
41581 20669 24039 21018 
41582 20625 20626 20624 
41583 20858 21877 21248 
41584 21165 22798 22797 
41585 24075 24215 24074 
41586 20875 24453 21506 
41587 21399 24455 22402 
41588 22747 23788 20880 
41589 20884 23956 19602 
41590 19612 19613 19611 
41591 19896 19897 19895 
41592 20986 24460 24069 
41593 23893 23894 23892 
41594 22238 22239 22237 
41595 20094 20095 20093 
41596 23711 23713 23712 
41597 20289 20290 20288 
41598 21157 21572 21364 
41599 20118 24197 20117 
41600 22046 22047 22034 
41601 21903 24446 21197 
41602 20023 20026 20025 
41603 24368 24741 22385 
41604 22339 22341 22340 
41605 20706 20708 20707 
41606 22632 23958 20500 
41607 20513 24322 20512 
41608 19419 19420 19418 
41609 23592 24301 22265 
41610 20150 20152 20151 
41611 21390 24156 20605 
41612 22468 22469 22467 
41613 20629 20630 20628 
41614 23709 23711 23710 
41615 19865 19868 19867 
41616 19551 19553 19552 
41617 20441 20443 20442 
41618 22175 22568 21431 
41619 23707 23709 23708 
41620 24184 24185 20193 
41621 24666 24711 20829 
41622 23891 23892 23890 
41623 24135 24315 20850 
41624 24563 24607 22625 
41625 19403 24388 19400 
41626 22411 22722 22410 
41627 19226 21948 21947 
41628 20287 20288 20286 
41629 19417 19418 19416 
41630 23705 23707 23706 
41631 24265 24490 20914 
41632 24266 24485 20910 
41633 19539 19541 19540 
41634 22033 22034 22032 
41635 20021 20023 20022 
41636 21385 21386 21057 
41637 20514 20515 20513 
41638 22335 22337 22336 
41639 21057 24387 20882 
41640 20451 20453 20452 
41641 19288 19290 19289 
41642 19892 19893 19891 
41643 21245 21313 20876 
41644 23883 23884 23882 
41645 21948 22753 21949 
41646 19284 19286 19285 
41647 19547 19549 19548 
41648 21032 24681 24528 
41649 21143 21879 21558 
41650 20146 20148 20147 
41651 22399 22400 22398 
41652 22422 22424 22423 
41653 23703 23705 23704 
41654 21244 21706 21705 
41655 21829 24182 23642 
41656 19415 19416 19414 
41657 20882 23957 20199 
41658 21827 23973 20599 
41659 23889 23890 23888 
41660 21668 21736 21735 
41661 21646 24460 21177 
41662 22031 22032 22007 
41663 20019 20021 20020 
41664 20840 24457 24137 
41665 20447 20449 20448 
41666 20285 20286 20284 
41667 21930 21931 21712 
41668 22384 22386 22385 
41669 24419 24420 22351 
41670 22432 22434 22433 
41671 20142 20144 20143 
41672 19884 19885 19883 
41673 20075 24395 21072 
41674 22621 24430 21740 
41675 20016 20019 20018 
41676 19543 19545 19544 
41677 19413 19414 19412 
41678 19950 23843 21829 
41679 23887 23888 23886 
41680 19888 19889 19887 
41681 21832 21833 21777 
41682 23701 23703 23702 
41683 22331 22333 22332 
41684 19405 19406 19404 
41685 21843 23650 21841 
41686 22006 22007 22005 
41687 21681 23617 22856 
41688 20014 20016 20015 
41689 21782 22325 22324 
41690 21046 21885 21400 
41691 19190 24850 20988 
41692 20283 20284 20282 
41693 23002 23789 22585 
41694 22395 22396 22394 
41695 19241 19242 19239 
41696 19411 19412 19410 
41697 22004 22005 21936 
41698 24863 24899 20841 
41699 23885 23886 23884 
41700 21001 21367 19618 
41701 19280 19282 19281 
41702 20281 20282 20280 
41703 21975 22820 21617 
41704 22863 24198 21606 
41705 19605 24227 19603 
41706 19208 24493 19206 
41707 20874 23850 20506 
41708 20486 24251 24250 
41709 23699 23701 23700 
41710 21850 22147 21852 
41711 21839 23848 19343 
41712 20130 20132 20131 
41713 20011 20014 20013 
41714 20615 20616 20614 
41715 20431 20433 20432 
41716 20117 24197 20860 
41717 21935 21936 21934 
41718 20279 20280 20278 
41719 20138 20140 20139 
41720 19409 19410 19408 
41721 23063 23066 23065 
41722 20623 20624 20622 
41723 20009 20011 20010 
41724 19276 19278 19277 
41725 20828 24467 24045 
41726 21933 21934 21833 
41727 23687 23689 23688 
41728 24410 24412 24411 
41729 20277 20278 20276 
41730 22327 22329 22328 
41731 21406 21407 21077 
41732 20439 20441 20440 
41733 19407 19408 19406 
41734 20098 20099 20096 
41735 20435 20437 20436 
41736 20902 24329 24082 
41737 21699 21961 21960 
41738 23697 23699 23698 
41739 20007 20009 20008 
41740 20275 20276 20274 
41741 20134 20136 20135 
41742 20518 20520 20519 
41743 24133 24340 20852 
41744 21579 23648 22296 
41745 21049 24464 21376 
41746 19334 24232 19332 
41747 20619 20620 20618 
41748 23859 23860 23857 
41749 20273 20274 20272 
41750 19529 19531 19530 
41751 21879 23475 22202 
41752 21178 24473 21834 
41753 21927 21929 21125 
41754 23009 23563 22567 
41755 20267 20268 20266 
41756 21704 24457 21243 
41757 22892 23063 23062 
41758 23695 23697 23696 
41759 23693 23695 23694 
41760 19610 19611 19609 
41761 19537 19539 19538 
41762 19242 24291 19239 
41763 23859 24644 23862 
41764 20265 24398 20262 
41765 19266 24328 19265 
41766 19874 24192 19875 
41767 19630 24288 21157 
41768 23691 23693 23692 
41769 20797 21292 21291 
41770 19962 23836 20820 
41771 22225 22783 22219 
41772 21950 22140 21738 
41773 21212 24192 19874 
41774 21322 24450 23636 
41775 20005 20007 20006 
41776 20271 20272 20270 
41777 23689 23691 23690 
41778 19272 19274 19273 
41779 22959 22961 22960 
41780 19533 19535 19534 
41781 22890 22892 22891 
41782 20421 20423 20422 
41783 21223 24409 21799 
41784 20690 20692 20691 
41785 21256 24340 21748 
41786 19401 19402 19400 
41787 22050 23828 19357 
41788 23843 24182 21829 
41789 20269 20270 20268 
41790 21410 22587 21309 
41791 21706 22570 22536 
41792 20613 20614 20612 
41793 20429 20431 20430 
41794 21950 24733 22681 
41795 22967 22968 22965 
41796 22828 22830 22829 
41797 22650 24452 21323 
41798 21154 24271 20846 
41799 23862 23863 23860 
41800 19399 19400 19398 
41801 23683 23685 23684 
41802 20003 20005 20004 
41803 20605 20606 20604 
41804 19264 19266 19265 
41805 21519 24467 21089 
41806 19397 19398 19396 
41807 20128 20130 20129 
41808 19328 24255 19326 
41809 22898 24405 22535 
41810 23829 23830 22790 
41811 19268 19270 19269 
41812 20001 20003 20002 
41813 19882 19883 19881 
41814 22673 22888 22887 
41815 22888 22890 22889 
41816 21844 22080 21785 
41817 22961 22963 22962 
41818 21498 21819 21312 
41819 24583 24694 22000 
41820 20425 20427 20426 
41821 23681 23683 23682 
41822 22671 22673 22672 
41823 19237 19238 19236 
41824 19395 19396 19394 
41825 19999 20001 20000 
41826 22664 22666 22665 
41827 19991 19993 19992 
41828 19387 19388 19386 
41829 19527 19529 19528 
41830 24174 24364 20979 
41831 20263 20264 20262 
41832 20825 24475 24112 
41833 22990 24149 22591 
41834 19518 19520 19519 
41835 20959 24737 24567 
41836 20415 20417 20416 
41837 22668 22671 22670 
41838 21260 24364 21787 
41839 19393 19394 19392 
41840 23679 23681 23680 
41841 19997 19999 19998 
41842 19239 24291 19238 
41843 20261 20262 20260 
41844 21885 21887 21886 
41845 21900 23597 21901 
41846 20599 20600 20598 
41847 20609 20610 20608 
41848 22221 22222 22220 
41849 21887 21900 21888 
41850 21506 24453 23600 
41851 20124 20126 20125 
41852 22666 22668 22667 
41853 19391 19392 19390 
41854 21274 21742 21741 
41855 23669 23671 23670 
41856 20116 20118 20117 
41857 19522 19524 19523 
41858 21995 24737 22691 
41859 19995 19997 19996 
41860 22081 23627 22080 
41861 20419 20421 20420 
41862 22415 24422 24087 
41863 21070 24472 21502 
41864 24242 24243 20173 
41865 20259 20260 20258 
41866 21192 25111 24992 
41867 20251 20252 20250 
41868 23042 24964 24085 
41869 20869 21894 21366 
41870 21298 22604 21300 
41871 19512 19514 19513 
41872 21674 21675 21407 
41873 21314 22619 21316 
41874 24287 24408 20209 
41875 19226 24397 21948 
41876 19389 19390 19388 
41877 19993 19995 19994 
41878 20830 24480 24107 
41879 21653 24475 21170 
41880 20088 20089 20087 
41881 23677 23679 23678 
41882 21946 24406 22649 
41883 20257 20258 20256 
41884 20603 20604 20602 
41885 24454 24907 24163 
41886 22953 22955 22954 
41887 19235 19236 19233 
41888 20593 20594 20592 
41889 21869 22613 22612 
41890 20255 20256 20254 
41891 19848 24565 19850 
41892 23579 24264 22572 
41893 22955 22957 22956 
41894 23675 23677 23676 
41895 23673 23675 23674 
41896 20405 20407 20406 
41897 19516 19518 19517 
41898 20413 20415 20414 
41899 22402 24455 23811 
41900 23671 23673 23672 
41901 20358 24910 24867 
41902 21599 23610 21807 
41903 20253 20254 20252 
41904 21453 21903 21197 
41905 24131 24858 19380 
41906 19506 19508 19507 
41907 19981 19983 19982 
41908 20075 21072 20073 
41909 20409 20411 20410 
41910 20407 24367 20406 
41911 20591 20592 20590 
41912 20120 20122 20121 
41913 20597 20598 20596 
41914 22660 22662 22661 
41915 22008 24870 24819 
41916 21081 24476 21504 
41917 19375 19376 19374 
41918 19589 24261 19587 
41919 20109 24444 20106 
41920 21084 21889 20831 
41921 21467 24480 21108 
41922 19383 19384 19382 
41923 22658 22660 22659 
41924 21227 23569 21806 
41925 22612 24675 24442 
41926 19987 19989 19988 
41927 21132 24479 21523 
41928 20399 20401 20400 
41929 22613 23667 23666 
41930 19406 24471 19404 
41931 19510 19512 19511 
41932 20241 20242 20240 
41933 21379 24912 21145 
41934 21742 22460 22459 
41935 20092 20093 20090 
41936 21496 21505 21123 
41937 24034 24263 22580 
41938 22686 24771 21960 
41939 21899 22220 20984 
41940 19878 19879 19877 
41941 20589 20590 20588 
41942 19381 19382 19380 
41943 20852 24340 21256 
41944 19499 19501 19500 
41945 19985 19987 19986 
41946 20101 24231 21029 
41947 24526 24720 20915 
41948 20247 20248 20246 
41949 21386 24387 21057 
41950 20403 20405 20404 
41951 20700 24415 20703 
41952 19379 19380 19378 
41953 22614 24460 21646 
41954 19983 19985 19984 
41955 22951 22953 22952 
41956 22267 24301 23541 
41957 20102 24231 20101 
41958 19262 19264 19263 
41959 21894 23608 21895 
41960 22963 22964 22962 
41961 19377 19378 19376 
41962 20245 20246 20244 
41963 20393 20395 20394 
41964 22656 22658 22657 
41965 22412 22413 21750 
41966 24163 25019 20545 
41967 20692 20694 20693 
41968 21203 24427 20933 
41969 19504 19506 19505 
41970 22593 22594 22592 
41971 20583 20584 20582 
41972 20110 20112 20111 
41973 20979 24364 21260 
41974 20243 20244 20242 
41975 23053 23055 23054 
41976 22265 24301 22267 
41977 21995 22065 21994 
41978 22780 22781 22374 
41979 22142 22143 21819 
41980 20391 20393 20392 
41981 24787 24863 20841 
41982 23408 24195 21784 
41983 19367 19368 19366 
41984 20998 24481 21191 
41985 20581 20582 20580 
41986 20114 20116 20115 
41987 22450 22622 22621 
41988 20686 20688 20687 
41989 21337 24413 22016 
41990 19493 19495 19494 
41991 19258 24428 24402 
41992 19977 19979 19978 
41993 19971 19973 19972 
41994 21790 22079 21774 
41995 20231 20232 20230 
41996 24396 24428 19258 
41997 22373 22374 22372 
41998 22595 22596 22594 
41999 19371 19372 19370 
42000 19874 19875 19873 
42001 22965 24312 22964 
42002 21069 24520 21501 
42003 20397 20399 20398 
42004 19497 19499 19498 
42005 20077 24395 20075 
42006 22618 24457 21704 
42007 20237 20238 20236 
42008 23055 23573 23572 
42009 20587 20588 20586 
42010 21289 24701 20743 
42011 24438 24439 22225 
42012 23388 23565 22541 
42013 23600 23644 22583 
42014 20235 20236 20234 
42015 20086 20087 20085 
42016 21493 22650 21323 
42017 19486 19489 19488 
42018 19665 19672 19664 
42019 19850 21150 19852 
42020 19975 19977 19976 
42021 20376 20383 20382 
42022 23541 24278 22269 
42023 19369 19370 19368 
42024 21303 22605 21301 
42025 21026 24694 24583 
42026 21474 21475 21306 
42027 20233 20234 20232 
42028 23045 23047 23046 
42029 20225 20226 20224 
42030 19862 19864 19863 
42031 21873 21874 21688 
42032 19359 19360 19358 
42033 20389 20391 20390 
42034 21946 22188 22187 
42035 19973 19975 19974 
42036 19579 24268 19577 
42037 22604 23638 22801 
42038 23811 23812 22506 
42039 22896 22897 22535 
42040 19484 19486 19485 
42041 20374 20376 20375 
42042 24199 24781 24200 
42043 20508 20509 20507 
42044 19987 24417 19990 
42045 22961 22962 22960 
42046 20575 20576 20571 
42047 19491 19493 19492 
42048 19257 19259 19258 
42049 21076 24485 21412 
42050 20740 20741 20739 
42051 20736 20737 20735 
42052 20570 20571 20569 
42053 21144 23629 21561 
42054 21944 21946 21945 
42055 20579 20580 20578 
42056 20385 20387 20386 
42057 23741 24020 24019 
42058 19963 19965 19964 
42059 23480 23494 21937 
42060 20510 20511 20509 
42061 19823 24558 20071 
42062 21376 24464 21890 
42063 20732 20733 20731 
42064 21085 24490 21508 
42065 23037 23039 23038 
42066 19977 24588 19980 
42067 20227 20228 20226 
42068 19363 19364 19362 
42069 24003 24004 20338 
42070 20108 20110 20109 
42071 20823 24414 21082 
42072 22534 22535 21996 
42073 23049 23051 23050 
42074 22271 24278 23504 
42075 21686 24427 21203 
42076 22589 22590 21874 
42077 19475 19480 19479 
42078 19229 19230 19227 
42079 20680 20682 20681 
42080 23869 23870 23868 
42081 19361 19362 19360 
42082 23772 23773 23744 
42083 22377 22615 22614 
42084 20217 20218 20216 
42085 23047 23049 23048 
42086 20568 20569 20567 
42087 19473 19475 19474 
42088 19351 19352 19350 
42089 21405 22602 21710 
42090 19253 19255 19254 
42091 20024 24223 19963 
42092 20682 20684 20683 
42093 20891 24306 20187 
42094 19859 19862 19861 
42095 23504 24262 22273 
42096 20361 20363 20362 
42097 19482 19484 19483 
42098 19957 19959 19958 
42099 20356 20361 20360 
42100 23041 23043 23042 
42101 19967 19969 19968 
42102 21783 22112 21505 
42103 20562 20563 20561 
42104 19965 19967 19966 
42105 24057 24070 21320 
42106 19528 24692 19524 
42107 19471 19473 19472 
42108 21834 24473 24015 
42109 20350 20356 20355 
42110 21384 22351 22350 
42111 22648 24798 24749 
42112 23039 23041 23040 
42113 22499 22500 22498 
42114 19643 25041 20975 
42115 22617 24467 21519 
42116 20211 20212 20210 
42117 21541 24959 23805 
42118 19469 19471 19470 
42119 20348 20350 20349 
42120 20372 20374 20373 
42121 20100 20102 20101 
42122 20676 20678 20677 
42123 21223 21799 21798 
42124 19345 19346 19344 
42125 22497 22498 22496 
42126 19355 19356 19354 
42127 20560 20561 20559 
42128 20221 20222 20220 
42129 20219 20220 20218 
42130 19353 19354 19352 
42131 24995 25020 22679 
42132 20104 20106 20105 
42133 21570 22231 22230 
42134 22110 23405 22111 
42135 20207 20208 20206 
42136 22408 23586 22618 
42137 22491 22492 21721 
42138 20129 24684 20126 
42139 19959 19961 19960 
42140 19231 19232 19230 
42141 21850 24392 22147 
42142 19467 19469 19468 
42143 22653 22656 22655 
42144 19259 24396 19258 
42145 19951 19953 19952 
42146 23871 23872 23870 
42147 19872 19873 19871 
42148 20566 20567 20565 
42149 22108 22110 22109 
42150 20911 24497 24108 
42151 19236 24361 19233 
42152 21720 21721 21719 
42153 20878 24226 19951 
42154 19465 19467 19466 
42155 20345 20348 20347 
42156 20932 24409 21223 
42157 19463 19465 19464 
42158 20337 20345 20344 
42159 20213 20214 20212 
42160 19251 19253 19252 
42161 19674 19697 19672 
42162 22106 22108 22107 
42163 21325 22652 21327 
42164 20335 20337 20336 
42165 22567 24494 21415 
42166 19339 19340 19338 
42167 19613 19616 19615 
42168 23625 23626 22597 
42169 19461 19463 19462 
42170 20554 20555 20067 
42171 21339 24496 22683 
42172 22495 22496 22494 
42173 22269 24278 22271 
42174 19255 24402 19254 
42175 21773 21774 21124 
42176 24087 24466 20980 
42177 21339 22683 21345 
42178 19347 19348 19346 
42179 19480 24399 19479 
42180 22371 22372 21623 
42181 21718 21719 21684 
42182 22104 22106 22105 
42183 23836 24394 20820 
42184 20333 20335 20334 
42185 19844 24410 19846 
42186 20515 20518 20517 
42187 21199 21668 21667 
42188 21401 22441 21925 
42189 20657 24299 24298 
42190 21017 24224 20670 
42191 20710 20711 20708 
42192 21502 24472 22574 
42193 22968 24312 22965 
42194 19388 24511 19386 
42195 19953 19955 19954 
42196 23933 23941 23934 
42197 21612 24497 21195 
42198 22959 22960 22957 
42199 23809 24692 24677 
42200 22100 22104 22101 
42201 19945 19947 19946 
42202 20201 20202 20200 
42203 20066 20067 20065 
42204 20665 24282 24281 
42205 20558 20559 20557 
42206 21476 21477 21475 
42207 20331 20333 20332 
42208 23604 24475 21653 
42209 19459 19461 19460 
42210 20783 21129 20796 
42211 21151 21562 21153 
42212 21683 21684 21477 
42213 21984 21985 21983 
42214 20502 20503 20501 
42215 21579 24394 23648 
42216 22098 22100 22099 
42217 21759 21871 21870 
42218 20329 20331 20330 
42219 20064 20065 20063 
42220 19457 19459 19458 
42221 20504 20505 20503 
42222 19352 24450 19350 
42223 23931 23933 23932 
42224 21569 24271 21154 
42225 20195 20196 20194 
42226 20327 20329 20328 
42227 21848 24392 21850 
42228 19941 19943 19942 
42229 22096 22098 22097 
42230 20062 20063 20061 
42231 21337 22016 21578 
42232 21335 24413 21337 
42233 19333 19334 19332 
42234 20670 20672 20671 
42235 19341 19342 19340 
42236 21620 22651 21328 
42237 19947 19949 19948 
42238 19455 19457 19456 
42239 23929 23931 23930 
42240 24305 24505 20851 
42241 19604 19605 19603 
42242 24046 24528 23877 
42243 20661 24297 24296 
42244 24015 24016 22818 
42245 21008 24237 19935 
42246 20094 20096 20095 
42247 21115 21944 21488 
42248 21613 21615 21614 
42249 20060 24425 21169 
42250 21156 22694 21605 
42251 20060 20061 20059 
42252 23239 23240 23237 
42253 23927 23929 23928 
42254 20325 20327 20326 
42255 23774 23775 23773 
42256 22094 22096 22095 
42257 19453 19455 19454 
42258 21325 24469 22652 
42259 23666 24675 22612 
42260 22457 23587 22458 
42261 20203 20204 20202 
42262 20083 22224 20990 
42263 19616 19618 19617 
42264 20666 20668 20667 
42265 21749 21750 21281 
42266 22574 23579 22572 
42267 20189 20190 20188 
42268 23925 23927 23926 
42269 20323 20325 20324 
42270 21504 24476 23609 
42271 22582 23655 23604 
42272 20058 20059 20057 
42273 22092 22094 22093 
42274 19626 24288 19627 
42275 19451 19453 19452 
42276 21872 24306 20891 
42277 21993 21996 21989 
42278 22273 24262 22275 
42279 21372 24448 21044 
42280 21109 24353 20889 
42281 19935 19937 19936 
42282 19327 19328 19326 
42283 19335 19336 19334 
42284 19598 19599 19597 
42285 21875 24480 21467 
42286 22090 22092 22091 
42287 20084 20085 20082 
42288 20496 20497 20495 
42289 20820 24394 21579 
42290 22955 22956 22954 
42291 20197 20198 20196 
42292 19449 19451 19450 
42293 19606 19607 19605 
42294 20056 20057 20055 
42295 21523 24479 23607 
42296 20098 20100 20099 
42297 21332 22678 21334 
42298 19247 19249 19248 
42299 24141 24142 20341 
42300 23923 23925 23924 
42301 20185 20186 20184 
42302 19856 24429 21210 
42303 20321 20323 20322 
42304 21627 22674 21329 
42305 22565 24270 22564 
42306 22088 22090 22089 
42307 23739 23740 23738 
42308 24567 24737 24393 
42309 19594 19595 19593 
42310 20319 20321 20320 
42311 23264 23268 23266 
42312 23609 24034 22580 
42313 19931 19933 19932 
42314 19323 19324 19322 
42315 20906 24510 24103 
42316 23921 23923 23922 
42317 22390 22711 21686 
42318 21093 24418 21862 
42319 21666 22709 22367 
42320 19447 19449 19448 
42321 22197 22199 22198 
42322 20498 20499 20497 
42323 20452 24711 20449 
42324 19937 19939 19938 
42325 21004 24247 19925 
42326 20054 20055 20053 
42327 20191 20192 20190 
42328 20492 20493 20491 
42329 22086 22088 22087 
42330 20317 20319 20318 
42331 20672 20674 20673 
42332 19233 24361 19232 
42333 21431 24510 21092 
42334 21927 22404 21929 
42335 21330 22677 21341 
42336 19445 19447 19446 
42337 23919 23921 23920 
42338 19329 19330 19328 
42339 22193 22195 22194 
42340 23206 23207 23205 
42341 23784 25049 25025 
42342 21184 24426 21666 
42343 21072 24482 20073 
42344 22275 24262 23478 
42345 19600 19601 19599 
42346 21368 24267 19864 
42347 21001 21570 21367 
42348 21294 22588 21296 
42349 22084 22086 22085 
42350 20315 20317 20316 
42351 19220 21151 19722 
42352 23824 24684 24654 
42353 21273 24430 21028 
42354 23255 23256 23252 
42355 20488 20489 20487 
42356 20935 21952 21635 
42357 23737 23738 23736 
42358 20052 20053 20051 
42359 21191 24481 21896 
42360 23251 23252 23250 
42361 22082 22084 22083 
42362 20313 20315 20314 
42363 22757 22759 22758 
42364 20179 20180 20178 
42365 23917 23919 23918 
42366 20050 20051 20049 
42367 19443 19445 19444 
42368 20048 20049 20047 
42369 22564 23521 22566 
42370 19317 19318 19316 
42371 23735 23736 23734 
42372 23220 23221 23219 
42373 20311 20313 20312 
42374 19588 19589 19587 
42375 20511 20514 20513 
42376 23218 23219 23217 
42377 22077 22082 22078 
42378 19441 19443 19442 
42379 23249 23250 23248 
42380 23733 23734 23732 
42381 21094 24442 20360 
42382 20175 20176 20174 
42383 20046 20047 20045 
42384 23915 23917 23916 
42385 20952 22037 21159 
42386 20309 20311 20310 
42387 22185 22191 22190 
42388 23216 23217 23215 
42389 20734 20735 20733 
42390 19925 19927 19926 
42391 19439 19441 19440 
42392 20482 20483 20481 
42393 23731 23732 23730 
42394 23247 23248 23246 
42395 20662 20664 20663 
42396 21201 22150 21487 
42397 23214 23215 23213 
42398 19212 19668 19208 
42399 22075 22077 22076 
42400 23729 23730 23728 
42401 23913 23915 23914 
42402 20044 20045 20043 
42403 19584 19585 19583 
42404 19872 24440 21161 
42405 21461 24353 21109 
42406 19313 19314 19312 
42407 20307 20309 20308 
42408 22610 24274 22609 
42409 20517 24441 20823 
42410 19437 19439 19438 
42411 23727 23728 23726 
42412 22481 22483 22482 
42413 23245 23246 23244 
42414 20171 20172 20170 
42415 21965 22051 21967 
42416 19921 19923 19922 
42417 22180 22183 22182 
42418 23911 23913 23912 
42419 22072 22075 22073 
42420 23212 23213 23211 
42421 21299 24458 20012 
42422 19243 19245 19244 
42423 19319 19320 19318 
42424 20305 20307 20306 
42425 20181 20182 20180 
42426 19864 24267 19865 
42427 20478 20479 20477 
42428 20722 20723 20721 
42429 23725 23726 23724 
42430 19435 19437 19436 
42431 20410 24712 24367 
42432 20092 20094 20093 
42433 20042 20043 20041 
42434 22070 22072 22071 
42435 21766 21882 21881 
42436 20658 20660 20659 
42437 19927 19929 19928 
42438 19590 19591 19589 
42439 23909 23911 23910 
42440 23879 23883 23882 
42441 21490 21832 21777 
42442 20704 20705 20702 
42443 21982 21983 21980 
42444 22477 22479 22478 
42445 23243 23244 23242 
42446 23723 23724 23722 
42447 22951 22952 22622 
42448 22174 22178 22177 
42449 22483 22562 22561 
42450 20303 20305 20304 
42451 20484 20485 20483 
42452 20165 20166 20164 
42453 23907 23909 23908 
42454 21363 22225 22219 
42455 22068 22070 22069 
42456 19433 19435 19434 
42457 23721 23722 23720 
42458 21412 24485 21898 
42459 20470 24720 20467 
42460 19402 19405 19404 
42461 23210 23211 23209 
42462 20040 20041 20039 
42463 22473 22475 22474 
42464 19578 19579 19577 
42465 19307 19308 19306 
42466 21571 21942 21006 
42467 22450 22621 21740 
42468 20654 20656 20655 
42469 23241 23242 23240 
42470 23905 23907 23906 
42471 19913 19915 19914 
42472 20853 24532 24309 
42473 20301 20303 20302 
42474 19431 19433 19432 
42475 22066 22068 22067 
42476 22170 22172 22171 
42477 20472 20473 20471 
42478 19574 19575 19573 
42479 23687 23688 23685 
42480 19917 19919 19918 
42481 21744 24448 21372 
42482 21508 24490 23614 
42483 22953 22954 22952 
42484 20931 21954 21601 
42485 20038 20039 20037 
42486 23719 23720 23718 
42487 21244 24515 21706 
42488 22543 23132 23131 
42489 20299 20301 20300 
42490 22063 22066 22064 
42491 22964 23585 22962 
42492 23903 23905 23904 
42493 22609 23557 22611 
42494 21051 24933 21358 
42495 19429 19431 19430 
42496 22469 22471 22470 
42497 20468 20469 20467 
42498 22154 22748 21951 
42499 20167 20168 20166 
42500 22061 22063 22062 
42501 22166 22168 22167 
42502 22257 22555 22258 
42503 22651 24478 21328 
42504 20297 20299 20298 
42505 24319 24771 24709 
42506 21692 21893 21892 
42507 20937 24426 21184 
42508 21746 22543 22542 
42509 19427 19429 19428 
42510 20161 20162 20160 
42511 21184 21666 21665 
42512 19580 19581 19579 
42513 22614 24787 23820 
42514 21685 21686 21203 
42515 20650 20652 20651 
42516 21209 22035 20940 
42517 24197 24515 20860 
42518 22251 22255 22254 
42519 19868 19869 19867 
42520 20036 20037 20035 
42521 23901 23903 23902 
42522 20295 20297 20296 
42523 23208 23209 23207 
42524 20264 20267 20266 
42525 19303 19304 19302 
42526 19309 19310 19308 
42527 23717 23718 23716 
42528 23268 23270 23269 
42529 19425 19427 19426 
42530 19570 19571 19569 
42531 20464 20465 20463 
42532 19909 19911 19910 
42533 22054 22061 22055 
42534 20474 20475 20473 
42535 19241 19243 19242 
42536 23855 23859 23857 
42537 21914 22057 21913 
42538 19650 24664 21116 
42539 20034 20035 20033 
42540 24039 24556 21018 
42541 22465 22467 22466 
42542 20157 20158 20156 
42543 21910 21911 21909 
42544 20293 20295 20294 
42545 23899 23901 23900 
42546 20080 20081 20078 
42547 20460 20461 20459 
42548 20153 20154 20152 
42549 23715 23716 23714 
42550 24187 24762 24189 
42551 20032 20033 20031 
42552 22247 22249 22248 
42553 20088 20090 20089 
42554 22052 22054 22053 
42555 23713 23714 23712 
42556 19566 19567 19565 
42557 20456 20457 20455 
42558 19299 19300 19298 
42559 19423 19425 19424 
42560 20291 20293 20292 
42561 20948 22036 21242 
42562 19905 19907 19906 
42563 20030 20031 20029 
42564 23897 23899 23898 
42565 21906 21907 21905 
42566 23711 23712 23710 
42567 19350 24450 19687 
42568 22048 22052 22049 
42569 20644 20646 20645 
42570 20934 22684 21600 
42571 20289 20291 20290 
42572 21893 22607 22606 
42573 20149 20150 20148 
42574 22704 22706 22705 
42575 19421 19423 19422 
42576 21830 23829 22790 
42577 20411 24423 20410 
42578 22243 22245 22244 
42579 21577 24556 21782 
42580 23895 23897 23896 
42581 22046 22048 22047 
42582 23709 23710 23708 
42583 19901 19903 19902 
42584 19562 19563 19561 
42585 20086 20088 20087 
42586 21492 21844 21785 
42587 20145 20146 20144 
42588 23707 23708 23706 
42589 20028 20029 20027 
42590 21369 23414 22779 
42591 20287 20289 20288 
42592 19245 24416 19244 
42593 19419 19421 19420 
42594 23893 23895 23894 
42595 21563 22365 21040 
42596 23705 23706 23704 
42597 22320 22387 22321 
42598 22239 22241 22240 
42599 22033 22046 22034 
42600 19554 19555 19553 
42601 19295 19296 19294 
42602 20942 22030 21228 
42603 21247 22028 20939 
42604 21045 24455 21399 
42605 20873 24453 20875 
42606 20450 20451 20449 
42607 19384 19387 19386 
42608 20026 20027 20025 
42609 20285 20287 20286 
42610 19417 19419 19418 
42611 19558 19559 19557 
42612 21557 22164 22163 
42613 23669 23670 23667 
42614 23703 23704 23702 
42615 22513 22514 21455 
42616 23891 23893 23892 
42617 19653 24667 20808 
42618 20638 20640 20639 
42619 20141 20142 20140 
42620 21243 24457 20840 
42621 22031 22033 22032 
42622 20848 24531 24314 
42623 19897 19899 19898 
42624 20646 20648 20647 
42625 20444 20445 20443 
42626 20248 20251 20250 
42627 19415 19417 19416 
42628 19991 19992 19989 
42629 21186 24654 20833 
42630 22698 22700 22699 
42631 20023 20025 20022 
42632 21869 22612 21866 
42633 19291 19292 19290 
42634 20283 20285 20284 
42635 23701 23702 23700 
42636 23889 23891 23890 
42637 21371 22027 21007 
42638 20634 20636 20635 
42639 20137 20138 20136 
42640 22006 22031 22007 
42641 19550 19551 19549 
42642 19607 19610 19609 
42643 22600 23453 23450 
42644 22664 22665 22662 
42645 19223 19224 19221 
42646 20952 24501 22037 
42647 21274 24503 21742 
42648 20281 20283 20282 
42649 22688 22690 22689 
42650 22004 22006 22005 
42651 19413 19415 19414 
42652 20133 20134 20132 
42653 22466 24497 21612 
42654 21754 21755 21463 
42655 21177 24460 20986 
42656 22717 22718 22716 
42657 23887 23889 23888 
42658 19546 19547 19545 
42659 20279 20281 20280 
42660 19230 24397 19227 
42661 21599 21807 21378 
42662 23554 24701 21808 
42663 20076 20077 20075 
42664 23699 23700 23698 
42665 20021 20022 20020 
42666 19893 19895 19894 
42667 22342 22343 22341 
42668 19411 19413 19412 
42669 19542 19543 19541 
42670 22516 22680 21458 
42671 21935 22004 21936 
42672 20630 20632 20631 
42673 21555 21951 21138 
42674 22338 22339 22337 
42675 20019 20020 20018 
42676 19225 19226 19224 
42677 22700 22702 22701 
42678 20277 20279 20278 
42679 20446 20447 20445 
42680 23885 23887 23886 
42681 22903 22904 22720 
42682 20438 20439 20437 
42683 20016 20018 20015 
42684 19287 19288 19286 
42685 19237 19239 19238 
42686 21255 21746 21745 
42687 21391 22029 21041 
42688 23883 23885 23884 
42689 19283 19284 19282 
42690 20226 24589 20224 
42691 19409 19411 19410 
42692 21453 22508 21903 
42693 22227 24525 20854 
42694 20626 20628 20627 
42695 21933 21935 21934 
42696 21832 21933 21833 
42697 21634 22318 22317 
42698 21119 24470 20936 
42699 23697 23698 23696 
42700 23567 24494 22567 
42701 22719 22720 22718 
42702 20238 20241 20240 
42703 19616 24489 21001 
42704 20275 20277 20276 
42705 21407 24545 21077 
42706 20726 20727 20725 
42707 19372 19375 19374 
42708 20696 20697 20694 
42709 20014 20015 20013 
42710 21595 22237 22236 
42711 23695 23696 23694 
42712 19405 19407 19406 
42713 22674 24487 21329 
42714 21931 22410 22409 
42715 19407 19409 19408 
42716 20273 20275 20274 
42717 19889 19891 19890 
42718 23693 23694 23692 
42719 20434 20435 20433 
42720 21506 23600 22583 
42721 19864 19865 19863 
42722 19981 19982 19979 
42723 22334 22335 22333 
42724 20881 24464 21049 
42725 23689 23690 23688 
42726 22431 22432 22386 
42727 19279 19280 19278 
42728 20011 20013 20010 
42729 22435 22436 22434 
42730 23691 23692 23690 
42731 20271 20273 20272 
42732 20797 21291 20530 
42733 19705 24717 19709 
42734 19885 19887 19886 
42735 21405 24414 22602 
42736 22427 22428 22426 
42737 20009 20010 20008 
42738 24231 24503 21029 
42739 20127 20128 20126 
42740 23053 23054 23051 
42741 20269 20271 20270 
42742 22590 22593 22592 
42743 21082 24414 21405 
42744 19275 19276 19274 
42745 21144 24416 23629 
42746 21089 24467 20828 
42747 19536 19537 19535 
42748 22838 22839 22836 
42749 20877 24669 21308 
42750 20267 20269 20268 
42751 20071 20984 20072 
42752 21321 21369 21361 
42753 19404 24471 19650 
42754 20228 20231 20230 
42755 20724 20725 20723 
42756 23683 23684 23682 
42757 22396 22398 22397 
42758 23063 23065 23062 
42759 22330 22331 22329 
42760 20007 20008 20006 
42761 21403 21873 21688 
42762 19364 19367 19366 
42763 24308 24741 24637 
42764 21562 24438 21153 
42765 20690 20691 20688 
42766 22402 23811 22506 
42767 20428 20429 20427 
42768 19244 24416 21144 
42769 20119 20120 20118 
42770 21139 21557 21556 
42771 21743 21744 21372 
42772 19235 19237 19236 
42773 23681 23682 23680 
42774 19532 19533 19531 
42775 21330 24492 22677 
42776 19824 21125 19822 
42777 20930 22056 21459 
42778 22408 22618 21704 
42779 20620 20622 20621 
42780 22461 22462 22460 
42781 22897 22900 22899 
42782 20123 20124 20122 
42783 20505 20508 20507 
42784 19399 19401 19400 
42785 23045 23046 23043 
42786 19823 20071 19825 
42787 19271 19272 19270 
42788 23859 23862 23860 
42789 22892 23062 22891 
42790 24406 24861 22649 
42791 20424 20425 20423 
42792 23773 24536 23744 
42793 20876 24389 20874 
42794 20005 20006 20004 
42795 19808 20546 19811 
42796 20616 20618 20617 
42797 24489 24564 21932 
42798 22326 22327 22325 
42799 19397 19399 19398 
42800 22419 22420 21961 
42801 20890 24472 21070 
42802 20261 20263 20262 
42803 23037 23038 22615 
42804 21462 21463 21107 
42805 19971 19972 19969 
42806 21202 21499 21319 
42807 19395 19397 19396 
42808 21318 24223 20024 
42809 24289 24867 22589 
42810 20222 20225 20224 
42811 21498 24776 22142 
42812 23679 23680 23678 
42813 20259 20261 20260 
42814 24210 24723 19622 
42815 21170 24475 20825 
42816 22383 22384 21452 
42817 21471 21738 21737 
42818 19356 19359 19358 
42819 21388 21712 21711 
42820 20003 20004 20002 
42821 22569 24510 21431 
42822 21844 22081 22080 
42823 19393 19395 19394 
42824 20613 24473 21178 
42825 22421 22422 22420 
42826 20001 20002 20000 
42827 22890 22891 22889 
42828 20084 20086 20085 
42829 20214 20217 20216 
42830 22673 22887 22672 
42831 23677 23678 23676 
42832 19800 20070 19802 
42833 19267 19268 19266 
42834 19526 19527 19524 
42835 22377 22614 21646 
42836 22888 22889 22887 
42837 21322 23636 23413 
42838 20905 24476 21081 
42839 19227 24397 19226 
42840 20257 20259 20258 
42841 23671 23672 23670 
42842 20418 20419 20417 
42843 19391 19393 19392 
42844 23849 24711 24666 
42845 21162 21595 21594 
42846 23675 23676 23674 
42847 21180 21634 21633 
42848 20929 21968 21456 
42849 22671 22672 22670 
42850 24877 24917 19676 
42851 20080 20082 20081 
42852 23673 23674 23672 
42853 19999 20000 19998 
42854 21091 21421 21420 
42855 20044 24761 20046 
42856 20255 20257 20256 
42857 20106 24444 20105 
42858 20859 24540 24474 
42859 20610 20612 20611 
42860 19389 19391 19390 
42861 19997 19998 19996 
42862 21841 24391 21839 
42863 19963 19964 19961 
42864 22668 22670 22667 
42865 20253 20255 20254 
42866 19387 19389 19388 
42867 19521 19522 19520 
42868 20208 20211 20210 
42869 20251 20253 20252 
42870 19348 19351 19350 
42871 20412 20413 20411 
42872 20358 24941 24910 
42873 20091 21321 20991 
42874 20113 20114 20112 
42875 21441 22394 22393 
42876 20712 20713 20711 
42877 21943 24534 20863 
42878 22613 23666 22612 
42879 22666 22667 22665 
42880 19993 19994 19992 
42881 19995 19996 19994 
42882 20901 24479 21132 
42883 21675 22624 22623 
42884 20606 20608 20607 
42885 21108 24480 20830 
42886 23787 24226 20878 
42887 21376 21890 21607 
42888 21335 24572 24413 
42889 21819 24574 21312 
42890 21000 24459 21213 
42891 20686 20687 20684 
42892 19515 19516 19514 
42893 20204 20207 20206 
42894 20907 24481 20998 
42895 21110 24677 20826 
42896 20714 20715 20713 
42897 20408 20409 20407 
42898 19957 19958 19955 
42899 21708 22617 21519 
42900 21129 21728 21257 
42901 19342 19345 19344 
42902 21309 24400 21307 
42903 19612 24564 24489 
42904 22457 22458 21517 
42905 21215 22227 20854 
42906 20245 20247 20246 
42907 22389 22708 21512 
42908 20600 20602 20601 
42909 21039 24462 21239 
42910 21926 21928 21927 
42911 21511 22710 22439 
42912 20241 20243 20242 
42913 20402 20403 20401 
42914 20910 24485 21076 
42915 21088 24666 20829 
42916 20243 20245 20244 
42917 21213 21592 21591 
42918 21239 21632 21631 
42919 21985 24874 21983 
42920 19951 19952 19949 
42921 21104 21471 21470 
42922 19381 19383 19382 
42923 22593 22595 22594 
42924 19879 19881 19880 
42925 20198 20201 20200 
42926 19336 19339 19338 
42927 21451 21452 21142 
42928 20107 20108 20106 
42929 22660 22661 22659 
42930 20680 20681 20678 
42931 19509 19510 19508 
42932 22595 22597 22596 
42933 19206 20996 19204 
42934 1103 18981 1104 
42935 20103 20104 20102 
42936 1232 18978 1233 
42937 1222 18977 1223 
42938 1122 18976 1123 
42939 1203 18982 1204 
42940 1051 18983 1052 
42941 1170 18979 1171 
42942 1070 18984 1071 
42943 1132 18980 1133 
42944 1151 18985 1152 
42945 21298 24588 22604 
42946 21080 21388 21387 
42947 19379 19381 19380 
42948 23055 23572 23054 
42949 20074 20075 20073 
42950 20914 24490 21085 
42951 24180 24753 24716 
42952 19987 19988 19986 
42953 19375 19377 19376 
42954 20594 20596 20595 
42955 19377 19379 19378 
42956 21759 21870 21486 
42957 23500 24270 22565 
42958 19983 19984 19982 
42959 20192 20195 20194 
42960 21502 22574 22572 
42961 1124 19099 1125 
42962 1130 19102 1131 
42963 1168 19101 1169 
42964 1120 19096 1121 
42965 1172 19098 1173 
42966 1234 19106 1235 
42967 1230 19107 1231 
42968 1105 19100 1106 
42969 1224 19109 1225 
42970 1101 19105 1102 
42971 1220 19108 1221 
42972 1049 19097 1050 
42973 1134 19103 1135 
42974 1153 19112 1154 
42975 1053 19111 1054 
42976 1068 19113 1069 
42977 1072 19095 1073 
42978 1205 19110 1206 
42979 1201 19104 1202 
42980 1149 19114 1150 
42981 19660 19664 19657 
42982 22658 22659 22657 
42983 19610 19612 19611 
42984 1061 19010 1062 
42985 1160 19007 1161 
42986 1113 19003 1114 
42987 1212 19009 1213 
42988 1142 19004 1143 
42989 1241 19005 1242 
42990 1193 19011 1194 
42991 1094 19006 1095 
42992 1041 19012 1042 
42993 19985 19986 19984 
42994 20499 20502 20501 
42995 24592 24733 24327 
42996 20396 20397 20395 
42997 22216 22751 22217 
42998 22582 23604 21653 
42999 20235 20237 20236 
43000 19503 19504 19501 
43001 1111 19120 1112 
43002 1214 19121 1215 
43003 1162 19116 1163 
43004 1243 19125 1244 
43005 1059 19119 1060 
43006 1140 19127 1141 
43007 1092 19115 1093 
43008 1043 19129 1044 
43009 1195 19128 1196 
43010 20700 20701 20699 
43011 20924 21974 21272 
43012 21698 21699 21638 
43013 22373 22780 22374 
43014 1256 19014 1257 
43015 1179 19008 1180 
43016 1079 19013 1080 
43017 21213 24459 21592 
43018 21706 24515 22571 
43019 22368 24224 21017 
43020 21876 24237 21008 
43021 19945 19946 19943 
43022 20233 20235 20234 
43023 1115 19117 1116 
43024 1144 19118 1145 
43025 1158 19123 1159 
43026 1063 19124 1064 
43027 1210 19122 1211 
43028 1039 19126 1040 
43029 22560 23558 23555 
43030 1096 19133 1097 
43031 1239 19134 1240 
43032 1191 19137 1192 
43033 20231 20233 20232 
43034 21216 21943 20863 
43035 19875 19877 19876 
43036 21504 23609 22580 
43037 21512 24470 21119 
43038 1177 19132 1178 
43039 1081 19131 1082 
43040 1181 19130 1182 
43041 1254 19139 1255 
43042 1077 19138 1078 
43043 1258 19135 1259 
43044 21926 21927 21125 
43045 20186 20189 20188 
43046 19330 19333 19332 
43047 19261 19262 19259 
43048 21332 24562 22678 
43049 19601 19604 19603 
43050 21239 24462 21632 
43051 20097 20098 20096 
43052 21946 22187 21945 
43053 21873 22589 21874 
43054 19941 19942 19939 
43055 1186 19043 1187 
43056 1249 19041 1250 
43057 1086 19042 1087 
43058 19496 19497 19495 
43059 21773 21790 21774 
43060 20508 20510 20509 
43061 22682 24544 20866 
43062 20388 20389 20387 
43063 23047 23048 23046 
43064 22564 22566 22562 
43065 20864 24554 22018 
43066 20182 20185 20184 
43067 19369 19371 19370 
43068 19804 20995 19806 
43069 21834 24015 22818 
43070 22197 22198 22195 
43071 19977 19978 19976 
43072 21817 21875 21467 
43073 20859 24474 21179 
43074 23049 23050 23048 
43075 19324 19327 19326 
43076 21195 24497 20911 
43077 21955 22216 22215 
43078 21127 21441 21440 
43079 20225 20227 20226 
43080 20493 20496 20495 
43081 21191 21896 21610 
43082 19595 19598 19597 
43083 20716 20717 20715 
43084 22656 22657 22655 
43085 21523 23607 22578 
43086 21435 21512 21119 
43087 19367 19369 19368 
43088 19616 21001 19618 
43089 20384 20385 20383 
43090 19231 19233 19232 
43091 21179 21511 21447 
43092 21075 24512 20951 
43093 20093 24756 20090 
43094 20489 20492 20491 
43095 23115 23116 21469 
43096 22851 22852 22759 
43097 22652 22653 21327 
43098 21182 24526 20915 
43099 22371 22373 22372 
43100 22956 23633 22954 
43101 22193 22194 22191 
43102 19935 19936 19933 
43103 19490 19491 19489 
43104 1098 18939 1099 
43105 1108 18924 1109 
43106 1246 18926 1247 
43107 1175 18935 1176 
43108 1089 18929 1090 
43109 1146 18927 1147 
43110 1065 18932 1066 
43111 1208 18925 1209 
43112 1165 18931 1166 
43113 1127 18923 1128 
43114 1037 18940 1038 
43115 1046 18928 1047 
43116 1189 18930 1190 
43117 1056 18936 1057 
43118 1217 18943 1218 
43119 1075 18934 1076 
43120 1083 18946 1084 
43121 1227 18922 1228 
43122 1137 18941 1138 
43123 1260 18933 1261 
43124 1117 18944 1118 
43125 1183 18945 1184 
43126 1156 18937 1157 
43127 1198 18938 1199 
43128 1237 18942 1238 
43129 1252 18947 1253 
43130 19973 19974 19972 
43131 22757 22758 21884 
43132 23041 23042 23040 
43133 23039 23040 23038 
43134 19975 19976 19974 
43135 20670 20671 20668 
43136 22643 22682 20866 
43137 20584 20586 20585 
43138 20176 20179 20178 
43139 20676 20677 20674 
43140 21412 21898 21690 
43141 19591 19594 19593 
43142 20485 20488 20487 
43143 19320 19323 19322 
43144 20172 20175 20174 
43145 21880 24247 21004 
43146 19814 20997 19816 
43147 19386 24511 19653 
43148 23155 23156 20867 
43149 20527 24454 20525 
43150 21944 21945 21488 
43151 20978 22139 22138 
43152 22185 22190 22183 
43153 19359 19361 19360 
43154 19613 24489 19616 
43155 21964 21976 20938 
43156 22481 22482 22479 
43157 21505 24606 21123 
43158 20514 24530 20515 
43159 19361 19363 19362 
43160 20864 22018 21979 
43161 21700 21701 21423 
43162 23546 24274 22610 
43163 22534 22896 22535 
43164 20217 20219 20218 
43165 20479 20482 20481 
43166 20076 20079 20078 
43167 21766 21881 21418 
43168 22477 22478 22475 
43169 19931 19932 19929 
43170 21508 23614 22579 
43171 20168 20171 20170 
43172 23156 24541 20867 
43173 20219 20221 20220 
43174 21029 24503 21274 
43175 20932 24463 24409 
43176 19256 19257 19255 
43177 21640 22712 21514 
43178 19314 19317 19316 
43179 19585 19588 19587 
43180 22473 22474 22471 
43181 21991 21994 21992 
43182 21589 21590 21220 
43183 20371 20372 20363 
43184 19229 19231 19230 
43185 19481 19482 19480 
43186 20758 25268 23538 
43187 22180 22182 22178 
43188 19631 24825 19629 
43189 24043 24720 24526 
43190 20432 24857 21042 
43191 21415 24494 21313 
43192 20097 21955 20989 
43193 20576 20578 20577 
43194 21092 24510 20906 
43195 21637 21638 21152 
43196 19965 19966 19964 
43197 20475 20478 20477 
43198 19967 19968 19966 
43199 19581 19584 19583 
43200 22543 24468 23132 
43201 21608 22234 21374 
43202 19612 24489 19613 
43203 20211 20213 20212 
43204 20162 20165 20164 
43205 20788 22113 21122 
43206 20888 24520 21069 
43207 20698 20699 20697 
43208 21222 24507 20870 
43209 21760 21761 21333 
43210 24093 24718 20490 
43211 22174 22177 22172 
43212 19310 19313 19312 
43213 21742 24503 22461 
43214 22694 22695 21605 
43215 19925 19926 19923 
43216 19351 19353 19352 
43217 22492 22494 22493 
43218 19853 19856 19855 
43219 22898 24919 24405 
43220 20860 24515 21244 
43221 21902 22228 21821 
43222 19353 19355 19354 
43223 22469 22470 22467 
43224 20666 20667 20664 
43225 21782 24556 22326 
43226 22557 23657 23554 
43227 20469 20472 20471 
43228 19846 21158 19848 
43229 22609 22611 22607 
43230 21925 22059 22058 
43231 22112 23603 22626 
43232 21692 21892 21662 
43233 22465 22466 21612 
43234 20158 20161 20160 
43235 20091 20092 20090 
43236 21993 22534 21996 
43237 23587 23588 22458 
43238 22170 22171 22168 
43239 21627 22675 22674 
43240 19575 19578 19577 
43241 20764 24567 24393 
43242 19959 19960 19958 
43243 22529 22692 21472 
43244 19304 19307 19306 
43245 20076 20078 20077 
43246 19688 22015 21626 
43247 20465 20468 20467 
43248 20774 25085 23793 
43249 20150 20153 20152 
43250 23020 23022 22042 
43251 20154 20157 20156 
43252 21179 24474 21511 
43253 20461 20464 20463 
43254 19921 19922 19919 
43255 21303 24607 22605 
43256 21475 24607 21306 
43257 21422 21423 21331 
43258 19345 19347 19346 
43259 20563 20565 20564 
43260 20662 20663 20660 
43261 22166 22167 22164 
43262 19571 19574 19573 
43263 22380 22760 22381 
43264 21742 22461 22460 
43265 20142 20145 20144 
43266 20201 20203 20202 
43267 20146 20149 20148 
43268 21911 21914 21913 
43269 20453 20456 20455 
43270 19300 19303 19302 
43271 20457 20460 20459 
43272 19953 19954 19952 
43273 21907 21910 21909 
43274 19917 19918 19915 
43275 19913 19914 19911 
43276 22568 22569 21431 
43277 20502 20504 20503 
43278 20138 20141 20140 
43279 21373 21374 21336 
43280 20787 21986 21120 
43281 22677 24488 21341 
43282 19567 19570 19569 
43283 20510 24446 20511 
43284 21952 24495 21635 
43285 22257 22258 22255 
43286 21871 23596 21870 
43287 21984 22451 21985 
43288 19220 24456 21151 
43289 21988 21991 21990 
43290 21706 22571 22570 
43291 19862 19863 19861 
43292 22251 22254 22249 
43293 20658 20659 20656 
43294 20195 20197 20196 
43295 20074 20076 20075 
43296 19339 19341 19340 
43297 21755 21906 21905 
43298 20130 20133 20132 
43299 20080 20083 20082 
43300 19563 19566 19565 
43301 20555 20557 20556 
43302 21772 23406 21810 
43303 20134 20137 20136 
43304 21717 22042 21436 
43305 22199 22744 22198 
43306 19610 24518 21002 
43307 19402 24576 19405 
43308 19296 19299 19298 
43309 22247 22248 22245 
43310 23847 24731 21346 
43311 22623 24545 21407 
43312 20654 20655 20652 
43313 20083 20084 20082 
43314 19559 19562 19561 
43315 19607 24518 19610 
43316 20441 20444 20443 
43317 21001 21932 21570 
43318 22010 24819 22014 
43319 19250 19251 19249 
43320 22000 22002 22001 
43321 20189 20191 20190 
43322 19947 19948 19946 
43323 21115 24461 21944 
43324 23521 23662 22566 
43325 20447 20450 20449 
43326 21369 22779 21361 
43327 20072 20073 19825 
43328 19555 19558 19557 
43329 20496 20498 20497 
43330 22243 22244 22241 
43331 21365 22128 21468 
43332 20116 20119 20118 
43333 19909 19910 19907 
43334 21321 21361 20991 
43335 20263 24452 20264 
43336 20692 20693 20691 
43337 19292 19295 19294 
43338 20058 24644 24425 
43339 19856 19858 19857 
43340 20094 20097 20096 
43341 19333 19335 19334 
43342 22239 22240 22237 
43343 20650 20651 20648 
43344 19604 19606 19605 
43345 20644 20645 20642 
43346 19905 19906 19903 
43347 22483 22561 22482 
43348 24321 25125 22707 
43349 19551 19554 19553 
43350 21326 21509 20551 
43351 20088 20091 20090 
43352 23740 23749 23745 
43353 19288 19291 19290 
43354 20124 20127 20126 
43355 22051 22060 21967 
43356 21111 21513 21413 
43357 21856 22620 21858 
43358 22748 24759 21951 
43359 22704 22705 22702 
43360 20435 20438 20437 
43361 19901 19902 19899 
43362 20937 24524 24426 
43363 21982 21984 21983 
43364 22320 22321 22318 
43365 19284 19287 19286 
43366 21428 21514 21075 
43367 19824 21926 21125 
43368 22438 22727 22726 
43369 19539 19542 19541 
43370 20514 24715 24530 
43371 21313 24389 20876 
43372 19547 19550 19549 
43373 20706 20707 20705 
43374 20071 24558 21899 
43375 20100 20103 20102 
43376 21086 22000 21998 
43377 21077 24545 20822 
43378 22709 22901 22367 
43379 20431 20434 20433 
43380 23868 23874 23865 
43381 19897 19898 19895 
43382 19327 19329 19328 
43383 23563 23567 22567 
43384 20179 20181 20180 
43385 22390 22921 22711 
43386 19598 19600 19599 
43387 20638 20639 20636 
43388 19937 19938 19936 
43389 19543 19546 19545 
43390 20120 20123 20122 
43391 21749 22412 21750 
43392 20524 24310 20526 
43393 20865 24500 21111 
43394 19246 19247 19245 
43395 20110 20113 20112 
43396 24509 24670 22646 
43397 21797 22370 21222 
43398 19869 19871 19870 
43399 20071 20072 19825 
43400 20104 20107 20106 
43401 21882 23602 21881 
43402 22698 22699 22690 
43403 20482 20484 20483 
43404 22688 22689 22400 
43405 19893 19894 19891 
43406 21197 24446 20510 
43407 20083 20990 20084 
43408 20634 20635 20632 
43409 20630 20631 20628 
43410 21292 21397 21293 
43411 21666 22367 21665 
43412 20965 24521 21324 
43413 19280 19283 19282 
43414 22339 22342 22341 
43415 20626 20627 20624 
43416 21018 24556 21577 
43417 22832 22833 22830 
43418 21685 22390 21686 
43419 21340 24557 20955 
43420 20421 20424 20423 
43421 19610 21002 19612 
43422 22430 22717 22716 
43423 20347 24810 20344 
43424 19276 19279 19278 
43425 20425 20428 20427 
43426 21324 21495 21494 
43427 22683 24517 21345 
43428 22335 22338 22337 
43429 20682 20683 20681 
43430 21003 22232 19606 
43431 22540 23387 23386 
43432 22154 22749 22748 
43433 20079 20080 20078 
43434 20248 24575 20251 
43435 19317 19319 19318 
43436 19889 19890 19887 
43437 20165 20167 20166 
43438 22384 22431 22386 
43439 22597 24449 22596 
43440 21003 22233 22232 
43441 21736 22827 21735 
43442 19533 19536 19535 
43443 22513 23118 22514 
43444 19384 24591 19387 
43445 21931 22409 21712 
43446 19885 19886 19883 
43447 22543 23131 22542 
43448 19588 19590 19589 
43449 23650 24391 21841 
43450 22722 22793 22410 
43451 23557 24041 22611 
43452 21893 22606 21892 
43453 22432 22435 22434 
43454 19529 19532 19531 
43455 19272 19275 19274 
43456 20171 24424 20172 
43457 21675 22623 21407 
43458 22331 22334 22333 
43459 21887 23637 21900 
43460 20415 20418 20417 
43461 21597 21941 21940 
43462 19927 19928 19926 
43463 21514 24512 21075 
43464 20472 20474 20473 
43465 22596 24449 22600 
43466 23776 24536 23773 
43467 19979 24469 19978 
43468 20213 24491 20214 
43469 21371 22043 22027 
43470 22587 24400 21309 
43471 20948 24551 22036 
43472 21713 22714 21515 
43473 19219 19220 19218 
43474 23256 23258 23257 
43475 20672 20673 20671 
43476 21555 22154 21951 
43477 19363 24478 19364 
43478 22424 22427 22426 
43479 19268 19271 19270 
43480 22760 22761 22381 
43481 19796 20992 19798 
43482 22516 23123 22680 
43483 24427 24612 20933 
43484 22396 22397 22394 
43485 20409 20412 20411 
43486 22327 22330 22329 
43487 20203 24502 20204 
43488 20511 24446 20514 
43489 19215 19216 19213 
43490 20238 24577 20241 
43491 20616 20617 20614 
43492 21342 21344 21343 
43493 21746 22542 21745 
43494 19202 19661 19200 
43495 19522 19526 19524 
43496 20405 20408 20407 
43497 19225 19227 19226 
43498 21782 22326 22325 
43499 19264 19267 19266 
43500 23877 24528 23879 
43501 21914 22518 22057 
43502 20620 20621 20618 
43503 22461 23641 22462 
43504 19518 19521 19520 
43505 19578 19580 19579 
43506 21942 24529 21006 
43507 19217 19218 19216 
43508 20716 24596 20719 
43509 19355 24487 19356 
43510 20399 20402 20401 
43511 20091 20991 20092 
43512 23744 24536 23740 
43513 19307 19309 19308 
43514 22555 22794 22258 
43515 22216 22217 22215 
43516 23622 24574 21819 
43517 21312 24574 21310 
43518 21955 22215 20989 
43519 19961 24492 19960 
43520 20460 24431 20461 
43521 21746 24868 22543 
43522 19512 19515 19514 
43523 20464 24433 20465 
43524 21391 22045 22029 
43525 19372 24602 19375 
43526 21344 21617 21394 
43527 20606 20607 20604 
43528 19347 24498 19348 
43529 22622 24696 22621 
43530 21323 24452 20263 
43531 20393 20396 20395 
43532 20484 24533 20485 
43533 20610 20611 20608 
43534 20450 20851 20451 
43535 20505 24570 20508 
43536 20228 24578 20231 
43537 20224 24589 20877 
43538 24299 25009 24298 
43539 21557 22163 21556 
43540 20456 24437 20457 
43541 20167 24542 20168 
43542 19668 24493 19208 
43543 20097 20989 20098 
43544 20127 20861 20128 
43545 19506 19509 19508 
43546 20444 20446 20445 
43547 21201 24573 22150 
43548 19590 24529 19591 
43549 22412 22414 22413 
43550 20935 24601 21952 
43551 19865 19867 19866 
43552 20474 24549 20475 
43553 20518 21202 20520 
43554 21189 25220 21050 
43555 19499 19503 19501 
43556 21699 22419 21961 
43557 20600 20601 20598 
43558 20376 20384 20383 
43559 22143 23622 21819 
43560 20222 24579 20225 
43561 19939 24524 19938 
43562 24442 24675 20355 
43563 20385 20388 20387 
43564 21462 21754 21463 
43565 22370 24507 21222 
43566 20865 24569 24500 
43567 22210 22212 22211 
43568 20113 21149 20114 
43569 19240 19241 19239 
43570 19980 24588 21298 
43571 20594 20595 20592 
43572 20072 20074 20073 
43573 20113 22214 21149 
43574 20438 22156 20439 
43575 19580 24553 19581 
43576 20590 20959 20588 
43577 19493 19496 19495 
43578 21111 24500 21513 
43579 22761 23124 22947 
43580 19319 24539 19320 
43581 19212 22603 19668 
43582 20107 20987 20108 
43583 24282 24817 24281 
43584 21378 24458 21299 
43585 22604 24588 24290 
43586 22498 22501 22496 
43587 21668 21735 21667 
43588 24507 24571 20870 
43589 21123 24606 20807 
43590 22706 23069 22705 
43591 21086 24583 22000 
43592 19486 19490 19489 
43593 20361 20371 20363 
43594 22492 22493 21721 
43595 21947 24646 24456 
43596 19929 24543 19928 
43597 19972 24611 19969 
43598 19309 24559 19310 
43599 21908 24938 24358 
43600 19214 24789 22356 
43601 20646 20647 20645 
43602 21595 22236 21594 
43603 21306 24607 21303 
43604 20531 24887 20797 
43605 21001 24489 21932 
43606 20348 20365 20350 
43607 21719 21805 21684 
43608 20942 24543 22030 
43609 19601 24552 19604 
43610 19879 19880 19877 
43611 21288 22576 21290 
43612 22828 22829 22827 
43613 20428 20974 20429 
43614 22365 24539 21040 
43615 22761 22947 22381 
43616 19550 24443 19551 
43617 22112 22626 21505 
43618 20337 20949 20345 
43619 23777 23778 23745 
43620 19604 21003 19606 
43621 22700 22701 22699 
43622 21743 22845 21744 
43623 19471 20964 19473 
43624 22342 23522 22343 
43625 21941 22507 22125 
43626 20584 20585 20582 
43627 22834 22835 22833 
43628 20640 20892 20639 
43629 21477 22625 21475 
43630 20172 24424 20175 
43631 22604 24290 23638 
43632 22110 23449 23405 
43633 21414 21515 21340 
43634 21634 22317 21633 
43635 19475 19481 19480 
43636 20580 20960 20578 
43637 21738 22538 21737 
43638 19815 20946 19813 
43639 24297 24943 24296 
43640 19680 23485 23476 
43641 22514 24533 21455 
43642 22212 22218 22213 
43643 19875 19876 19873 
43644 19536 20854 19537 
43645 21365 21453 21197 
43646 20333 20366 20335 
43647 20329 20950 20331 
43648 19823 19825 19824 
43649 19903 24436 19902 
43650 19222 21342 20918 
43651 22719 22903 22720 
43652 19257 19261 19259 
43653 20576 20577 20571 
43654 19606 24518 19607 
43655 20922 21197 20510 
43656 20965 21323 20263 
43657 22106 23462 22108 
43658 19907 24435 19906 
43659 20208 24598 20211 
43660 21471 21737 21470 
43661 23775 23776 23773 
43662 20418 20976 20419 
43663 19467 19655 19469 
43664 22717 22719 22718 
43665 19004 26003 23067 
43666 22600 24449 23453 
43667 22100 23467 22104 
43668 21912 24997 24349 
43669 19463 21013 19465 
43670 21774 24730 21124 
43671 21215 22803 22227 
43672 20569 21026 20567 
43673 21727 23099 21285 
43674 20931 24595 21954 
43675 20321 20953 20323 
43676 20325 20367 20327 
43677 22435 22847 22436 
43678 23740 23745 23738 
43679 22540 22541 21494 
43680 23872 23873 23870 
43681 24225 25089 22703 
43682 20198 24584 20201 
43683 20412 21200 20413 
43684 19823 19824 19822 
43685 20765 24828 24699 
43686 21900 24655 23597 
43687 22096 23471 22098 
43688 20563 20564 20561 
43689 22626 24606 21505 
43690 19526 20863 19527 
43691 22092 23479 22094 
43692 19459 19662 19461 
43693 19455 21016 19457 
43694 20086 24509 20088 
43695 20622 20853 20621 
43696 20999 21956 19600 
43697 19253 19256 19255 
43698 19958 24617 19955 
43699 20499 24585 20502 
43700 20684 24501 20683 
43701 21324 21493 21323 
43702 23931 23945 23933 
43703 22372 24732 21623 
43704 23734 23756 23732 
43705 21904 24826 24305 
43706 19342 24613 19345 
43707 23386 23388 22541 
43708 20317 20368 20319 
43709 20192 24587 20195 
43710 20555 20556 20067 
43711 19858 19859 19857 
43712 20313 20956 20315 
43713 20674 24551 20673 
43714 19214 22356 19686 
43715 20402 20867 20403 
43716 22427 22442 22428 
43717 22568 24447 22569 
43718 23927 23946 23929 
43719 20127 22746 20861 
43720 20785 21953 20247 
43721 20559 20981 20557 
43722 22088 23481 22090 
43723 20371 21338 20781 
43724 23730 23755 23728 
43725 19451 19667 19453 
43726 22410 24445 22409 
43727 21451 22383 21452 
43728 22637 23625 22597 
43729 20465 24433 20468 
43730 22398 22842 22397 
43731 22084 23488 22086 
43732 20065 20954 20063 
43733 20461 24431 20464 
43734 20305 20957 20307 
43735 19952 24622 19949 
43736 19600 24552 19601 
43737 20648 24590 20647 
43738 19447 21020 19449 
43739 19223 19225 19224 
43740 23726 23746 23724 
43741 22035 24624 20940 
43742 23923 23947 23925 
43743 19515 20866 19516 
43744 20612 20859 20611 
43745 20309 20369 20311 
43746 21388 21711 21387 
43747 23720 23754 23718 
43748 19401 24576 19402 
43749 19336 24614 19339 
43750 21151 24646 21562 
43751 20092 24504 20094 
43752 20396 20917 20397 
43753 20091 24509 21321 
43754 21657 22392 21656 
43755 22139 23421 22138 
43756 22419 22421 22420 
43757 21324 24521 21495 
43758 20247 24575 20248 
43759 22027 24553 21007 
43760 21490 24664 21832 
43761 22077 23495 22082 
43762 20787 20966 20237 
43763 21951 24542 21138 
43764 23588 23824 22458 
43765 22072 23503 22075 
43766 23919 23948 23921 
43767 20061 21048 20059 
43768 19509 21010 19510 
43769 24284 24708 21854 
43770 20057 21078 20055 
43771 20301 20370 20303 
43772 22680 24549 21458 
43773 22389 22934 22708 
43774 20457 24437 20460 
43775 20237 24577 20238 
43776 23716 23753 23714 
43777 20297 20958 20299 
43778 20779 24860 20753 
43779 22421 22983 22422 
43780 19443 19671 19445 
43781 19439 21023 19441 
43782 19410 24831 19408 
43783 23712 23752 23710 
43784 20388 20776 20389 
43785 20388 21115 20776 
43786 21957 21958 20227 
43787 21970 21971 20504 
43788 23915 23949 23917 
43789 20396 21332 20917 
43790 22710 22948 22439 
43791 20227 24578 20228 
43792 22068 23515 22070 
43793 22561 23784 22482 
43794 19247 19250 19249 
43795 23407 23491 21810 
43796 22063 23531 22066 
43797 20628 24659 20627 
43798 20493 24592 20496 
43799 21435 22389 21512 
43800 21760 23159 21761 
43801 20289 20961 20291 
43802 22205 22208 22206 
43803 22218 22380 22379 
43804 19503 21973 19504 
43805 23708 23751 23706 
43806 20221 24579 20222 
43807 20053 21090 20051 
43808 19160 19161 19159 
43809 20264 24452 20267 
43810 22625 24607 21475 
43811 19435 19679 19437 
43812 20293 20377 20295 
43813 20934 24604 22684 
43814 20402 22644 20867 
43815 19330 24618 19333 
43816 21511 22439 21447 
43817 23704 23747 23702 
43818 21499 22537 21500 
43819 20602 20864 20601 
43820 20504 24570 20505 
43821 19881 20848 19880 
43822 20049 21163 20047 
43823 23909 23935 23911 
43824 19234 19235 19233 
43825 19595 24605 19598 
43826 19496 21012 19497 
43827 19383 24591 19384 
43828 21120 21124 20966 
43829 22054 23535 22061 
43830 23256 23257 23252 
43831 19689 20967 19371 
43832 22048 23548 22052 
43833 23698 23748 23696 
43834 21772 21773 21124 
43835 20281 20962 20283 
43836 20536 24887 20533 
43837 20596 20916 20595 
43838 21610 24483 22560 
43839 23250 23253 23248 
43840 20285 20378 20287 
43841 21441 22393 21440 
43842 22529 23173 22692 
43843 20418 21977 20976 
43844 20788 20920 20221 
43845 23692 23750 23690 
43846 23879 24528 23883 
43847 19490 21335 20871 
43848 20045 21194 20043 
43849 20204 24502 20207 
43850 20408 24573 20409 
43851 20927 24586 24302 
43852 20197 24584 20198 
43853 20371 20781 20372 
43854 20207 24598 20208 
43855 19946 24635 19943 
43856 19429 19690 19431 
43857 20412 21201 21200 
43858 20384 24461 20385 
43859 22029 24559 21041 
43860 23903 23936 23905 
43861 20498 24585 20499 
43862 19371 24602 19372 
43863 22606 24043 21892 
43864 23246 23254 23244 
43865 20273 20963 20275 
43866 22006 23589 22031 
43867 21608 22800 22290 
43868 21515 24557 21340 
43869 22033 23564 22046 
43870 19496 22647 21012 
43871 23682 23762 23680 
43872 20191 24587 20192 
43873 22494 22586 22493 
43874 20214 24491 20217 
43875 22653 22655 22654 
43876 21086 21997 20564 
43877 20277 20379 20279 
43878 19423 19695 19425 
43879 20161 24586 20162 
43880 20515 24530 20518 
43881 19824 24482 21926 
43882 20041 21185 20039 
43883 20492 24592 20493 
43884 20485 24533 20488 
43885 19261 20857 19262 
43886 19490 20871 19491 
43887 23897 23937 23899 
43888 21115 21488 21472 
43889 21832 23665 21933 
43890 23672 23779 23670 
43891 23676 23763 23674 
43892 20978 21350 20213 
43893 21935 23620 22004 
43894 23602 23849 21881 
43895 21367 24900 24210 
43896 19978 21325 20551 
43897 20479 24600 20482 
43898 21884 24486 21882 
43899 21608 22290 22234 
43900 19324 24627 19327 
43901 20694 24496 20693 
43902 20428 23139 20974 
43903 20269 20380 20271 
43904 20035 21217 20033 
43905 20468 24594 20469 
43906 20168 24542 20171 
43907 22595 22637 22597 
43908 19417 19681 19419 
43909 23893 23950 23895 
43910 20478 24600 20479 
43911 22015 22294 21626 
43912 19724 21328 19363 
43913 25015 25045 23822 
43914 20261 20965 20263 
43915 21873 23810 22589 
43916 19978 24469 21325 
43917 21622 21623 20967 
43918 19509 21011 21010 
43919 19936 24634 19933 
43920 21332 21334 21333 
43921 20031 21230 20029 
43922 25003 25046 23618 
43923 21700 22920 21701 
43924 23050 23593 23048 
43925 19413 21031 19415 
43926 20444 20973 20446 
43927 21807 24458 21378 
43928 20508 20922 20510 
43929 20165 20927 20167 
43930 21122 21286 20920 
43931 22925 22926 22001 
43932 23242 23260 23240 
43933 22295 22371 21623 
43934 23889 23951 23891 
43935 20257 20381 20259 
43936 23406 23407 21810 
43937 21969 22742 20203 
43938 20586 20764 20585 
43939 22028 24626 20939 
43940 21334 21762 21760 
43941 23603 24403 22626 
43942 20162 24586 20165 
43943 21335 21337 21336 
43944 20231 20968 20233 
43945 21373 21608 21374 
43946 20251 21121 20253 
43947 20241 22636 20243 
43948 21517 24654 21186 
43949 20438 23135 22156 
43950 22538 23117 21737 
43951 23042 23635 23040 
43952 21844 23786 22081 
43953 20450 20923 20851 
43954 22840 22841 22839 
43955 20085 24824 20082 
43956 19405 21033 19407 
43957 19481 19683 19482 
43958 21337 21578 21373 
43959 20475 24549 20478 
43960 19551 24443 19554 
43961 19969 24611 19968 
43962 19515 22642 20866 
43963 19409 19678 19411 
43964 22466 24781 24199 
43965 21116 24664 21490 
43966 22519 22520 21552 
43967 23885 23952 23887 
43968 21994 22972 21992 
43969 20245 20785 20247 
43970 21422 21700 21423 
43971 22138 22738 21350 
43972 20225 21957 20227 
43973 19521 24595 19522 
43974 20098 24519 20100 
43975 19591 24529 19594 
43976 20472 20930 20474 
43977 20764 21987 20585 
43978 22676 22785 22675 
43979 19594 24605 19595 
43980 19243 19246 19245 
43981 20027 21229 20025 
43982 19869 19870 19867 
43983 19688 21329 19355 
43984 19598 20999 19600 
43985 20924 21205 20197 
43986 20179 22733 20181 
43987 20235 20787 20237 
43988 19224 24456 19221 
43989 20022 21208 20020 
43990 19364 24478 19367 
43991 20469 24594 20472 
43992 21156 24748 22694 
43993 20201 21969 20203 
43994 21717 23021 23020 
43995 20482 20929 20484 
43996 21213 21571 21006 
43997 20496 20925 20498 
43998 20018 21196 20015 
43999 19850 24565 21150 
44000 19228 22685 20893 
44001 19968 20969 20763 
44002 20195 20924 20197 
44003 19526 20931 20863 
44004 21619 21620 21328 
44005 19532 24604 19533 
44006 19356 24487 19359 
44007 20211 20978 20213 
44008 21325 21327 21326 
44009 19581 24553 19584 
44010 22187 23181 21945 
44011 20219 20788 20221 
44012 21914 23129 22518 
44013 22208 22210 22209 
44014 20502 21970 20504 
44015 19341 24613 19342 
44016 21998 21999 21997 
44017 20013 21166 20010 
44018 21492 24667 21844 
44019 21591 22235 21571 
44020 19348 24498 19351 
44021 20925 21103 20498 
44022 21991 21992 21990 
44023 19955 24617 19954 
44024 21201 21487 21469 
44025 19982 24469 19979 
44026 19585 24623 19588 
44027 21397 21401 21293 
44028 19335 24614 19336 
44029 21487 23149 23115 
44030 19397 19696 19399 
44031 22542 23130 21745 
44032 21700 22922 22920 
44033 23749 23777 23745 
44034 20916 22025 20595 
44035 19960 21330 20926 
44036 19240 22353 21043 
44037 19536 20934 20854 
44038 24448 24643 21044 
44039 20922 21365 21197 
44040 19949 24622 19948 
44041 19387 21034 19389 
44042 19314 24633 19317 
44043 19329 24618 19330 
44044 20006 21053 20004 
44045 19256 24601 19257 
44046 19320 24539 19323 
44047 22236 22792 21594 
44048 23596 23809 21870 
44049 19391 19677 19393 
44050 19234 22354 21027 
44051 21637 21698 21638 
44052 21035 21389 19347 
44053 21500 25026 22628 
44054 22972 23014 21992 
44055 21272 21534 21205 
44056 20808 24667 21492 
44057 19964 24492 19961 
44058 21626 21627 21329 
44059 19375 21959 19377 
44060 21717 23020 22042 
44061 19574 24621 19575 
44062 19405 24576 21033 
44063 21011 21221 21220 
44064 19584 24623 19585 
44065 21036 21962 19341 
44066 20565 21086 20564 
44067 20864 21978 20601 
44068 20608 24612 20607 
44069 19604 24552 21003 
44070 20969 21156 21155 
44071 22964 24770 23585 
44072 19323 24627 19324 
44073 21326 21510 21509 
44074 20000 21052 19998 
44075 19310 24559 19313 
44076 19926 24637 19923 
44077 21156 21605 21436 
44078 21470 23095 21454 
44079 20681 24674 20678 
44080 21308 24669 21403 
44081 22887 23180 22672 
44082 23740 24536 23749 
44083 20927 21138 20167 
44084 19942 24524 19939 
44085 21000 21006 19590 
44086 20929 21455 20484 
44087 19943 24635 19942 
44088 21495 22540 21494 
44089 22891 22982 22889 
44090 21328 24478 19363 
44091 20833 24684 20129 
44092 19369 19689 19371 
44093 19932 24543 19929 
44094 21104 21454 21103 
44095 19954 22648 20928 
44096 20859 20933 20611 
44097 19933 24634 19932 
44098 19575 24621 19578 
44099 19996 20768 19994 
44100 20073 24482 19825 
44101 22002 22925 22001 
44102 21882 24486 23602 
44103 22670 22998 22667 
44104 19250 20932 20870 
44105 19379 19676 19381 
44106 19588 21000 19590 
44107 19313 24633 19314 
44108 19261 20935 20857 
44109 19578 20943 19580 
44110 19758 21287 19720 
44111 20930 21458 20474 
44112 21970 22017 21971 
44113 19906 24436 19903 
44114 19825 24482 19824 
44115 21037 22348 19335 
44116 21628 22346 21389 
44117 22389 22999 22934 
44118 19877 24624 19876 
44119 19948 21963 20938 
44120 21330 21341 21331 
44121 19986 20765 19984 
44122 19303 24636 19304 
44123 19910 24435 19907 
44124 19923 24637 19922 
44125 20618 24626 20617 
44126 22000 22001 21998 
44127 19361 19724 19363 
44128 20973 22641 22640 
44129 21988 21989 21987 
44130 20943 24621 24303 
44131 22948 23101 22439 
44132 19738 19747 19739 
44133 24367 24712 21885 
44134 19974 22003 19972 
44135 19198 20994 19196 
44136 20114 24516 20116 
44137 20945 24636 24294 
44138 21990 21993 21989 
44139 21456 22513 21455 
44140 24901 24944 20462 
44141 20931 21601 21216 
44142 19345 21035 19347 
44143 19353 19688 19355 
44144 22317 22799 21633 
44145 19339 21036 19341 
44146 19887 24686 19886 
44147 21627 22676 22675 
44148 22489 22874 22490 
44149 21139 21555 21138 
44150 19307 20945 19309 
44151 21038 21972 19329 
44152 20128 24508 20130 
44153 19333 21037 19335 
44154 20108 24522 20110 
44155 19978 20551 19976 
44156 21418 24666 21088 
44157 22014 22445 22013 
44158 19327 21038 19329 
44159 19317 21039 19319 
44160 21341 21424 21422 
44161 21640 22864 22712 
44162 22431 24638 22432 
44163 19304 24636 19307 
44164 22657 22669 22655 
44165 20244 25030 20242 
44166 19899 24693 19898 
44167 20853 20939 20621 
44168 20923 21255 21107 
44169 21459 22516 21458 
44170 19948 20938 19946 
44171 20927 21139 21138 
44172 20788 24698 22113 
44173 19960 20926 19958 
44174 20691 24697 20688 
44175 21963 21965 21964 
44176 20973 22640 20446 
44177 20923 21107 20851 
44178 20932 21223 21222 
44179 20097 24504 21955 
44180 22653 22654 21327 
44181 19968 20763 19966 
44182 19954 20928 19952 
44183 19938 20937 20936 
44184 20451 24505 20453 
44185 20826 24692 19528 
44186 21255 21745 21462 
44187 21139 21556 21555 
44188 19938 20936 19936 
44189 20934 21600 21215 
44190 19250 20870 19251 
44191 20935 21635 21219 
44192 19928 20941 19926 
44193 21002 24564 19612 
44194 20943 21007 19580 
44195 22435 22984 22847 
44196 21223 21798 21797 
44197 19570 24719 19571 
44198 20930 21459 21458 
44199 21459 22517 22516 
44200 21979 21980 21978 
44201 20631 24659 20628 
44202 20848 20940 19880 
44203 22394 24639 22393 
44204 21625 22868 22867 
44205 21202 22645 21499 
44206 21635 22825 21789 
44207 22342 24076 23522 
44208 21039 21040 19319 
44209 22793 24445 22410 
44210 20929 21456 21455 
44211 20930 24594 22056 
44212 21213 21591 21571 
44213 20636 24643 20635 
44214 21486 24677 21110 
44215 22367 23003 21665 
44216 21255 21462 21107 
44217 20439 24513 20441 
44218 19299 24721 19300 
44219 21977 23147 20976 
44220 21162 21371 21007 
44221 19237 19240 19239 
44222 21798 22824 22363 
44223 21984 23027 22451 
44224 22390 23028 22921 
44225 21456 22515 22513 
44226 20991 24504 20092 
44227 21000 21213 21006 
44228 21993 23087 22534 
44229 21965 21967 21966 
44230 21329 24487 19355 
44231 22701 23035 22699 
44232 22644 23155 20867 
44233 21350 24491 20213 
44234 20924 21272 21205 
44235 23069 23160 22705 
44236 20925 21104 21103 
44237 21338 22530 20781 
44238 21201 21469 21200 
44239 20937 21184 21119 
44240 22842 22974 22397 
44241 21981 21982 21980 
44242 21239 21563 21040 
44243 21332 21333 20917 
44244 21179 21203 20933 
44245 21184 21665 21435 
44246 19871 20865 19870 
44247 21969 22743 22742 
44248 19928 20942 20941 
44249 20965 21324 21323 
44250 20251 24575 21121 
44251 21662 24526 21182 
44252 20084 24670 20086 
44253 20945 21041 19309 
44254 21403 24669 21873 
44255 20892 21044 20639 
44256 20788 21122 20920 
44257 21115 21472 20776 
44258 21631 22358 21563 
44259 21447 21685 21203 
44260 21104 21470 21454 
44261 20787 21120 20966 
44262 20447 24649 20450 
44263 19792 20068 19794 
44264 20925 24592 24327 
44265 20158 24705 20161 
44266 21428 21640 21514 
44267 20978 22138 21350 
44268 21272 21535 21534 
44269 21591 22791 22235 
44270 23258 23259 23257 
44271 20647 22638 20645 
44272 22540 23386 22541 
44273 19246 24463 19247 
44274 20705 24725 20702 
44275 19688 24703 22015 
44276 21487 23115 21469 
44277 20943 21162 21007 
44278 21324 21494 21493 
44279 20934 21215 20854 
44280 21120 21772 21124 
44281 19902 24693 19899 
44282 21393 24701 21289 
44283 21488 22529 21472 
44284 21162 21594 21371 
44285 21122 21775 21286 
44286 19533 24604 19536 
44287 21334 21760 21333 
44288 19387 24591 21034 
44289 20088 24509 20091 
44290 20409 24573 20412 
44291 19228 19229 19227 
44292 19960 24492 21330 
44293 19810 20766 19807 
44294 20931 21216 20863 
44295 21772 21810 21773 
44296 22446 22447 22445 
44297 22642 22643 20866 
44298 21180 21391 21041 
44299 20668 24709 20667 
44300 22719 23001 22903 
44301 20436 24857 20433 
44302 21011 21220 21010 
44303 20241 24577 22636 
44304 24883 24946 20872 
44305 20707 24465 22635 
44306 20446 24649 20447 
44307 21365 21468 21453 
44308 21335 21336 20871 
44309 24577 24730 22636 
44310 20942 21228 21142 
44311 21080 21247 20939 
44312 20639 24643 20636 
44313 20929 24600 21968 
44314 21601 22806 21216 
44315 22421 23033 22983 
44316 21292 21293 21291 
44317 19522 24595 19526 
44318 19865 19866 19863 
44319 20885 21346 19854 
44320 21228 21702 21451 
44321 20651 24590 20648 
44322 20990 24670 20084 
44323 20945 21180 21041 
44324 19689 21622 20967 
44325 20632 24700 20631 
44326 21221 21589 21220 
44327 22232 24518 19606 
44328 21180 21633 21391 
44329 21337 21373 21336 
44330 21387 21732 21247 
44331 19890 24686 19887 
44332 20094 24504 20097 
44333 19816 19822 19815 
44334 20989 24519 20098 
44335 21036 22308 21962 
44336 21039 21239 21040 
44337 20851 24505 20451 
44338 19537 24525 19539 
44339 20861 24508 20128 
44340 22742 24502 20203 
44341 20865 20980 19870 
44342 21037 22349 22348 
44343 19240 21043 19241 
44344 19724 21619 21328 
44345 21035 21628 21389 
44346 24308 24637 20941 
44347 24602 24732 21959 
44348 19688 21626 21329 
44349 21622 22295 21623 
44350 21239 21631 21563 
44351 20231 24578 20968 
44352 20677 24551 20674 
44353 21389 24498 19347 
44354 21127 21209 20940 
44355 22432 24638 22435 
44356 19867 24466 19866 
44357 20647 22639 22638 
44358 22560 24483 23558 
44359 21631 22819 22358 
44360 22705 24671 22702 
44361 21628 22347 22346 
44362 22397 24639 22394 
44363 21619 22816 21620 
44364 22701 23142 23035 
44365 19859 19861 19860 
44366 20864 21979 21978 
44367 20853 21080 20939 
44368 20859 21179 20933 
44369 21330 21331 20926 
44370 20385 24461 20388 
44371 21963 21964 20938 
44372 20508 24570 20922 
44373 20642 24690 20640 
44374 22436 24523 22438 
44375 19375 24602 21959 
44376 21149 24516 20114 
44377 22984 23071 22847 
44378 20413 24535 20415 
44379 20621 24626 20618 
44380 21086 21998 21997 
44381 20937 21119 20936 
44382 19624 19684 19626 
44383 20935 21219 20857 
44384 21965 24755 22051 
44385 20942 21142 20941 
44386 21896 24483 21610 
44387 19221 24456 19220 
44388 19816 19823 19822 
44389 20892 21091 21044 
44390 20969 21155 20763 
44391 19219 19221 19220 
44392 21325 21326 20551 
44393 20611 24612 20608 
44394 21440 21697 21209 
44395 20157 24705 20158 
44396 22758 24486 21884 
44397 21184 21435 21119 
44398 20764 21988 21987 
44399 20635 24700 20632 
44400 20708 24465 20707 
44401 20673 20948 20947 
44402 19898 24704 19895 
44403 19895 24704 19894 
44404 22156 24513 20439 
44405 21341 21422 21331 
44406 21228 21451 21142 
44407 20225 24579 21957 
44408 21635 21789 21219 
44409 21179 21447 21203 
44410 24309 24851 21930 
44411 21341 24488 21424 
44412 19527 24534 19529 
44413 21156 21436 21155 
44414 20673 20947 20671 
44415 21605 21717 21436 
44416 21965 21966 21964 
44417 21091 21372 21044 
44418 22400 24527 22398 
44419 20683 20952 20951 
44420 22702 24671 22701 
44421 20678 24674 20677 
44422 20403 24541 20405 
44423 22842 23026 22974 
44424 21080 21387 21247 
44425 21640 22865 22864 
44426 21000 24623 24459 
44427 20987 24522 20108 
44428 21199 24790 21668 
44429 21656 24766 21397 
44430 20397 24546 20399 
44431 21420 21743 21372 
44432 19192 24850 19190 
44433 21979 21981 21980 
44434 20848 21127 20940 
44435 19231 19234 19233 
44436 22448 22869 22447 
44437 21091 21420 21372 
44438 20624 24532 20622 
44439 21420 21752 21743 
44440 19883 24531 19881 
44441 20787 24673 21986 
44442 21988 21990 21989 
44443 19510 24550 19512 
44444 19516 24544 19518 
44445 21981 22531 21982 
44446 21967 22503 21966 
44447 20948 21242 21152 
44448 21125 24593 19822 
44449 19257 24601 19261 
44450 21242 21682 21637 
44451 22380 22381 22379 
44452 24470 24634 20936 
44453 21635 24495 22825 
44454 20154 24724 20157 
44455 22634 24790 24725 
44456 20614 24540 20612 
44457 20391 24562 20393 
44458 20693 21339 20955 
44459 19504 24555 19506 
44460 21854 24708 21856 
44461 22952 24696 22622 
44462 22003 24611 19972 
44463 24365 24957 22411 
44464 19880 24624 19877 
44465 19262 24548 19264 
44466 20932 21222 20870 
44467 21127 21440 21209 
44468 21039 24633 24462 
44469 20693 24496 21339 
44470 22558 24887 20536 
44471 21870 24677 21486 
44472 20250 24876 20249 
44473 20924 24587 21974 
44474 19566 24744 19567 
44475 21223 21797 21222 
44476 22422 24538 22424 
44477 24690 24768 20892 
44478 20683 20951 20681 
44479 19497 24560 19499 
44480 20683 24501 20952 
44481 20854 24525 19537 
44482 20687 24501 20684 
44483 19894 24714 19891 
44484 20100 24519 20103 
44485 20211 24598 20978 
44486 20604 24554 20602 
44487 19491 24566 19493 
44488 21713 22909 22714 
44489 20952 21159 21075 
44490 20640 24690 20892 
44491 22820 22821 21617 
44492 20829 24711 20452 
44493 20598 24561 20596 
44494 22458 24654 21517 
44495 21798 22363 21797 
44496 21111 21281 20980 
44497 20201 24584 21969 
44498 22902 24766 21656 
44499 21339 21345 21340 
44500 19234 21027 19235 
44501 19217 19219 19218 
44502 19938 24524 20937 
44503 24456 24646 21151 
44504 21159 21654 21428 
44505 20502 24585 21970 
44506 19484 24572 19486 
44507 19814 19816 19815 
44508 21509 24688 20551 
44509 22847 24523 22436 
44510 20195 24587 20924 
44511 20592 24568 20590 
44512 21006 24529 19590 
44513 21200 24535 20413 
44514 20588 24567 20586 
44515 21885 24712 21887 
44516 21413 21749 21281 
44517 21401 24766 22441 
44518 20948 21152 20947 
44519 19891 24714 19890 
44520 21713 22910 22909 
44521 19473 24582 19475 
44522 19598 24605 20999 
44523 23667 24765 23666 
44524 23738 24603 23736 
44525 21242 21637 21152 
44526 20622 24532 20853 
44527 20926 24617 19958 
44528 20701 20944 20770 
44529 20863 24534 19527 
44530 19469 24581 19471 
44531 20116 24516 20119 
44532 19345 24613 21035 
44533 21832 24664 23665 
44534 21881 24666 21418 
44535 20130 24508 20133 
44536 21414 21713 21515 
44537 22697 25066 22698 
44538 21401 21925 21924 
44539 19251 24571 19253 
44540 21347 21348 21346 
44541 21455 24533 20484 
44542 21444 21625 21624 
44543 22354 22382 21027 
44544 20966 24730 24577 
44545 20453 24505 20456 
44546 22870 22936 22869 
44547 19873 24569 19871 
44548 23637 24655 21900 
44549 19465 24599 19467 
44550 20582 24580 20580 
44551 20450 24649 20923 
44552 19247 24463 19250 
44553 24530 24715 22645 
44554 20110 24522 20113 
44555 24314 24856 22395 
44556 19461 24597 19463 
44557 22398 24527 22842 
44558 20867 24541 20403 
44559 20978 24598 22139 
44560 19339 24614 21036 
44561 19209 19212 19208 
44562 20496 24592 20925 
44563 20086 24670 24509 
44564 20928 24622 19952 
44565 20688 24697 20687 
44566 21138 24542 20167 
44567 19881 24531 20848 
44568 19457 24608 19459 
44569 20150 24738 20153 
44570 20917 24546 20397 
44571 20567 24583 20565 
44572 24302 24830 22165 
44573 19215 19217 19216 
44574 20967 24732 24602 
44575 21956 24552 19600 
44576 21096 21097 20792 
44577 20866 24544 19516 
44578 21458 24549 20474 
44579 19453 24610 19455 
44580 21010 24550 19510 
44581 22003 24748 24611 
44582 20441 24513 20444 
44583 20612 24540 20859 
44584 21986 24651 21120 
44585 21772 24651 23406 
44586 19449 24615 19451 
44587 21892 24526 21662 
44588 24579 24743 21957 
44589 21040 24539 19319 
44590 19445 24619 19447 
44591 20697 24496 20694 
44592 22983 24538 22422 
44593 19333 24618 21037 
44594 20561 24609 20559 
44595 21976 24635 20938 
44596 20482 24600 20929 
44597 19441 24632 19443 
44598 21953 24575 20247 
44599 19437 24631 19439 
44600 21973 24555 19504 
44601 20165 24586 20927 
44602 20857 24548 19262 
44603 20865 21111 20980 
44604 19928 24543 20942 
44605 23656 25306 20839 
44606 21413 21751 21749 
44607 20938 24635 19946 
44608 20063 24620 20061 
44609 20693 20955 20691 
44610 20952 21075 20951 
44611 24319 24709 20947 
44612 21007 24553 19580 
44613 20965 24663 24521 
44614 20059 24628 20057 
44615 20055 24629 20053 
44616 19814 19815 19813 
44617 20602 24554 20864 
44618 20915 24720 20470 
44619 19870 24466 19867 
44620 21903 24715 24446 
44621 21012 24560 19497 
44622 20966 24577 20237 
44623 20472 24594 20930 
44624 21345 21432 21414 
44625 20518 24530 21202 
44626 19327 24627 21038 
44627 20040 24893 20042 
44628 21111 21413 21281 
44629 21685 24665 22390 
44630 20596 24561 20916 
44631 24374 24960 22399 
44632 20936 24634 19936 
44633 19162 19163 19161 
44634 20043 24642 20041 
44635 21844 24667 23786 
44636 19588 24623 21000 
44637 20871 24566 19491 
44638 21618 22533 21395 
44639 21996 24809 21989 
44640 22212 22213 22211 
44641 19225 19228 19227 
44642 21955 24742 22216 
44643 21958 24578 20227 
44644 21971 24570 20504 
44645 21983 24794 21980 
44646 20153 24724 20154 
44647 22957 24811 22956 
44648 22687 25021 22688 
44649 20033 24645 20031 
44650 19296 24747 19299 
44651 21159 21428 21075 
44652 21041 24559 19309 
44653 21973 24786 24555 
44654 19241 24641 19243 
44655 20645 24690 20642 
44656 21342 21343 20918 
44657 20673 24551 20948 
44658 22438 24523 22727 
44659 20146 24752 20149 
44660 22218 22379 22213 
44661 20920 24579 20221 
44662 19856 19857 19855 
44663 24281 24817 22326 
44664 19815 24593 20946 
44665 20967 24602 19371 
44666 19539 24525 19542 
44667 20586 24567 20764 
44668 19317 24633 21039 
44669 22000 24694 22002 
44670 20029 24648 20027 
44671 19578 24621 20943 
44672 20757 21283 21145 
44673 24350 24939 22169 
44674 24699 24828 22652 
44675 19222 19223 19221 
44676 19915 24775 19914 
44677 20941 24637 19926 
44678 19415 24650 19417 
44679 20415 24535 20418 
44680 23160 24671 22705 
44681 20944 21199 21198 
44682 22689 24527 22400 
44683 22615 24787 22614 
44684 20113 24522 22214 
44685 24737 24911 22691 
44686 21339 21340 20955 
44687 24725 24790 20944 
44688 21925 22058 21924 
44689 20996 24687 19204 
44690 19307 24636 20945 
44691 20707 22635 22634 
44692 21255 24778 21746 
44693 21394 21395 21343 
44694 19411 24653 19413 
44695 20025 24656 20022 
44696 20271 24652 20273 
44697 20627 24532 20624 
44698 23633 24735 22954 
44699 20405 24541 20408 
44700 20872 22696 19860 
44701 20398 24899 20395 
44702 19529 24534 19532 
44703 19228 20893 19229 
44704 21205 24584 20197 
44705 20412 24573 21201 
44706 20399 24546 20402 
44707 21873 24669 23810 
44708 19968 24611 20969 
44709 20565 24583 21086 
44710 19571 24719 19574 
44711 24368 24832 24741 
44712 20647 24590 22639 
44713 19822 24593 19815 
44714 19886 24531 19883 
44715 24294 24869 22319 
44716 19300 24721 19303 
44717 20142 24757 20145 
44718 21103 24585 20498 
44719 24303 24864 22238 
44720 20951 24674 20681 
44721 20388 24461 21115 
44722 21345 24517 21432 
44723 20920 24743 24579 
44724 19407 24660 19409 
44725 19235 24662 19237 
44726 19536 24604 20934 
44727 24733 24823 22681 
44728 21091 24768 21421 
44729 20015 24661 20013 
44730 21344 21394 21343 
44731 19518 24544 19521 
44732 19512 24550 19515 
44733 19222 24753 21342 
44734 21202 24530 22645 
44735 19871 24569 20865 
44736 24611 24748 20969 
44737 20870 24571 19251 
44738 24561 24794 20916 
44739 20617 24540 20614 
44740 19526 24595 20931 
44741 20393 24562 20396 
44742 22424 24538 22427 
44743 21200 24773 24535 
44744 19563 24758 19566 
44745 21660 21724 21723 
44746 20259 24663 20261 
44747 21345 21414 21340 
44748 21962 24613 19341 
44749 19506 24555 19509 
44750 20701 20770 20699 
44751 22467 24781 22466 
44752 22833 24736 22830 
44753 21199 21667 21552 
44754 19954 24617 22648 
44755 20607 24554 20604 
44756 22348 24614 19335 
44757 20138 24769 20141 
44758 19948 24622 21963 
44759 19499 24560 19503 
44760 21615 22039 22038 
44761 20972 24999 23571 
44762 24512 24674 20951 
44763 21044 24643 20639 
44764 21856 24708 22620 
44765 19859 19860 19857 
44766 22435 24638 22984 
44767 19493 24566 19496 
44768 19264 24548 19267 
44769 20955 24697 20691 
44770 20601 24561 20598 
44771 21972 24618 19329 
44772 20933 24612 20611 
44773 20939 24626 20621 
44774 22974 24639 22397 
44775 20991 24742 24504 
44776 21982 24625 21984 
44777 22557 23554 21808 
44778 20959 24567 20588 
44779 22653 24828 22656 
44780 19811 19814 19813 
44781 21043 24641 19241 
44782 20134 24772 20137 
44783 20595 24568 20592 
44784 19202 24687 19661 
44785 23883 24681 23885 
44786 20590 24568 20959 
44787 20267 24679 20269 
44788 21401 21924 21293 
44789 20731 24870 20728 
44790 20336 24904 20334 
44791 19389 24672 19391 
44792 19486 24572 19490 
44793 23778 24603 23745 
44794 21443 24802 21597 
44795 20149 24738 20150 
44796 22210 22211 22209 
44797 20702 24725 20701 
44798 20964 24582 19473 
44799 21617 24726 21394 
44800 19471 24581 20964 
44801 23824 24654 22458 
44802 22839 24779 22836 
44803 21371 24640 22043 
44804 19212 24658 22603 
44805 21010 24784 24550 
44806 19475 24582 19481 
44807 20580 24580 20960 
44808 23745 24603 23738 
44809 19261 24601 20935 
44810 20928 24755 24622 
44811 22650 24679 24452 
44812 21725 22074 21539 
44813 23809 24677 21870 
44814 24347 24996 22173 
44815 19655 24581 19469 
44816 19219 19222 19221 
44817 20233 24673 20235 
44818 20585 24580 20582 
44819 20671 24709 20668 
44820 19811 19813 19810 
44821 22640 24649 20446 
44822 21013 24599 19465 
44823 19463 24597 21013 
44824 19229 24683 19231 
44825 19250 24463 20932 
44826 19467 24599 19655 
44827 21026 24583 20567 
44828 19559 24785 19562 
44829 19630 21157 19632 
44830 23870 24713 23868 
44831 19808 19811 19810 
44832 21887 24712 23637 
44833 19222 20918 19223 
44834 19911 24816 19910 
44835 23116 24773 21469 
44836 20917 24782 24546 
44837 24043 24526 21892 
44838 19662 24597 19461 
44839 21016 24608 19457 
44840 19876 24569 19873 
44841 19459 24608 19662 
44842 20940 24624 19880 
44843 19455 24610 21016 
44844 22216 24818 22751 
44845 24580 24809 20960 
44846 20711 24465 20708 
44847 23849 24666 21881 
44848 24359 24961 22242 
44849 20534 25054 20535 
44850 24861 24908 22649 
44851 22606 24901 24344 
44852 20402 24546 22644 
44853 19861 20872 19860 
44854 19295 24747 19296 
44855 20444 24513 20973 
44856 20944 21198 20770 
44857 19667 24610 19453 
44858 22867 22905 21624 
44859 20559 24609 20981 
44860 20396 24562 21332 
44861 19451 24615 19667 
44862 24351 24954 22388 
44863 21020 24615 19449 
44864 20418 24535 21977 
44865 19447 24619 21020 
44866 20564 24609 20561 
44867 21391 24647 22045 
44868 19253 24571 19256 
44869 23454 24903 23550 
44870 20526 24310 20783 
44871 21394 21618 21395 
44872 19671 24619 19445 
44873 22954 24735 22952 
44874 20253 24710 20255 
44875 20954 24620 20063 
44876 21023 24632 19441 
44877 19439 24631 21023 
44878 22792 24640 21594 
44879 19207 19208 19206 
44880 19443 24632 19671 
44881 21365 24774 22128 
44882 19679 24631 19437 
44883 21078 24629 20055 
44884 21594 24640 21371 
44885 20057 24628 21078 
44886 20061 24620 21048 
44887 23585 24827 22962 
44888 21048 24628 20059 
44889 24446 24715 20514 
44890 20053 24629 21090 
44891 21625 22867 21624 
44892 21027 24662 19235 
44893 19496 24566 22647 
44894 19490 24572 21335 
44895 21199 21552 21198 
44896 21120 24651 21772 
44897 24327 24733 21950 
44898 19555 24801 19558 
44899 19976 24688 19974 
44900 21684 24745 21477 
44901 19515 24550 22642 
44902 21590 24784 21220 
44903 19509 24555 21011 
44904 19808 19810 19807 
44905 20246 24916 20244 
44906 20707 22634 20705 
44907 21761 24782 21333 
44908 21194 24642 20043 
44909 22701 24671 23142 
44910 20273 24652 20963 
44911 20041 24642 21185 
44912 22385 24741 24308 
44913 24622 24755 21963 
44914 24231 24727 24503 
44915 19223 24702 19225 
44916 21217 24645 20033 
44917 22799 24647 21633 
44918 20031 24645 21230 
44919 22531 24625 21982 
44920 22634 24725 20705 
44921 25011 25012 21693 
44922 21578 24680 21373 
44923 20380 24652 20271 
44924 20145 24752 20146 
44925 21443 21597 21348 
44926 22390 24665 23028 
44927 19417 24650 19681 
44928 22827 22945 21735 
44929 21667 22519 21552 
44930 21031 24650 19415 
44931 21633 24647 21391 
44932 21230 24648 20029 
44933 20871 24792 24566 
44934 19209 19213 19212 
44935 19806 19808 19807 
44936 21627 24682 22676 
44937 21997 24609 20564 
44938 20027 24648 21229 
44939 19413 24653 21031 
44940 24504 24742 21955 
44941 19984 24699 19982 
44942 20261 24663 20965 
44943 19678 24653 19411 
44944 22416 24946 22415 
44945 22638 24768 24690 
44946 20217 24698 20219 
44947 20381 24663 20259 
44948 22654 24691 21327 
44949 22025 24568 20595 
44950 21626 24682 21627 
44951 24341 25047 22179 
44952 21987 24580 20585 
44953 21229 24656 20025 
44954 20022 24656 21208 
44955 21666 24906 22709 
44956 19725 19737 19716 
44957 19567 24744 19570 
44958 19409 24660 19678 
44959 21033 24660 19407 
44960 21978 24561 20601 
44961 21743 24668 22845 
44962 21805 24745 21684 
44963 21608 24680 22800 
44964 21196 24661 20015 
44965 19683 24892 24793 
44966 19194 19656 19192 
44967 21327 24691 21326 
44968 21477 24745 22625 
44969 20013 24661 21166 
44970 23003 24676 21665 
44971 21749 24657 22412 
44972 20656 24843 20655 
44973 22638 24690 20645 
44974 20269 24679 20380 
44975 21993 24689 23087 
44976 20968 24673 20233 
44977 20776 24880 24791 
44978 19164 19165 19163 
44979 21665 24676 21435 
44980 24557 24697 20955 
44981 20235 24673 20787 
44982 22326 24817 22327 
44983 21998 24695 21999 
44984 23873 24713 23870 
44985 20489 24823 20492 
44986 22952 24735 24696 
44987 21447 24678 21685 
44988 21990 24689 21993 
44989 24552 24751 21003 
44990 20652 24846 20651 
44991 21374 24792 21336 
44992 20980 24466 19870 
44993 22208 22209 22206 
44994 23885 24681 23952 
44995 19243 24641 19246 
44996 19391 24672 19677 
44997 20660 24848 20659 
44998 24452 24679 20267 
44999 21034 24672 19389 
45000 21423 24798 21331 
45001 19367 24740 19369 
45002 24555 24786 21011 
45003 21984 24625 23027 
45004 24245 24917 24877 
45005 21902 24220 22228 
45006 19351 24703 19353 
45007 22830 24736 22829 
45008 21752 24668 21743 
45009 21435 24676 22389 
45010 22926 24695 22001 
45011 21121 24710 20253 
45012 24393 24737 21995 
45013 24312 24770 22964 
45014 19839 24932 19841 
45015 19786 20069 19788 
45016 24188 24762 24187 
45017 22439 24678 21447 
45018 21373 24680 21608 
45019 24528 24681 23883 
45020 22294 24682 21626 
45021 21066 24756 20093 
45022 19216 24658 19213 
45023 23014 24689 21992 
45024 21624 24802 21443 
45025 20141 24757 20142 
45026 20776 24791 20389 
45027 22389 24676 22999 
45028 21285 24897 19628 
45029 22213 22784 22211 
45030 20219 24698 20788 
45031 23101 24678 22439 
45032 22937 22978 22936 
45033 19562 24758 19563 
45034 20046 24761 21032 
45035 21987 24809 24580 
45036 22392 23359 22902 
45037 22589 24867 22590 
45038 24330 25080 22184 
45039 22686 24855 24771 
45040 19214 19215 19213 
45041 19359 24746 19361 
45042 19974 24688 22003 
45043 24348 25007 22246 
45044 20893 24683 19229 
45045 19207 19209 19208 
45046 22835 23138 23137 
45047 20551 24688 19976 
45048 19853 19855 19854 
45049 22781 24917 22374 
45050 24491 24698 20217 
45051 21992 24689 21990 
45052 22487 22739 21449 
45053 21326 24691 21510 
45054 19209 19214 19213 
45055 21361 24742 20991 
45056 24649 24778 20923 
45057 24535 24773 21977 
45058 19683 24793 19482 
45059 21100 21232 21231 
45060 20765 24699 19984 
45061 21685 24678 24665 
45062 22001 24695 21998 
45063 19852 19853 19851 
45064 21124 24730 20966 
45065 19240 24662 22353 
45066 22867 23006 22905 
45067 19237 24662 19240 
45068 21978 24794 24561 
45069 19966 24750 19964 
45070 19369 24740 19689 
45071 19850 19852 19851 
45072 21751 24657 21749 
45073 19353 24703 19688 
45074 22554 24776 21498 
45075 21701 24749 21423 
45076 20137 24769 20138 
45077 19803 19828 19801 
45078 19982 24699 24469 
45079 21956 24751 24552 
45080 19922 24832 19919 
45081 24469 24699 22652 
45082 22433 24968 24368 
45083 19205 19206 19204 
45084 19361 24746 19724 
45085 21623 24732 20967 
45086 24478 24740 19367 
45087 24498 24703 19351 
45088 22470 24913 24201 
45089 24323 25112 22192 
45090 24503 24727 22461 
45091 20727 22008 21073 
45092 20715 20774 20713 
45093 22205 22206 21724 
45094 22821 24726 21617 
45095 20133 24772 20134 
45096 23868 24713 23874 
45097 19414 24934 19412 
45098 22392 22902 21656 
45099 19684 21902 21821 
45100 24487 24746 19359 
45101 20763 24750 19966 
45102 20947 24709 20671 
45103 19205 20971 19207 
45104 24550 24784 22642 
45105 19234 24683 22354 
45106 24546 24782 22644 
45107 19806 19807 19805 
45108 22640 24778 24649 
45109 23665 24760 21933 
45110 21650 21660 21659 
45111 21935 24760 23620 
45112 19698 19702 19697 
45113 21003 24751 22233 
45114 20667 24855 20664 
45115 24316 25147 22196 
45116 22651 24740 24478 
45117 24562 24791 22678 
45118 22461 24727 23641 
45119 21286 24743 20920 
45120 21933 24760 21935 
45121 20918 24702 19223 
45122 19964 24750 24492 
45123 19228 24702 22685 
45124 24529 24754 19594 
45125 24572 24793 24413 
45126 24313 25172 22200 
45127 21444 21624 21443 
45128 21654 24706 21428 
45129 19214 19686 19215 
45130 22835 23137 22833 
45131 19857 24685 19855 
45132 19198 24729 20994 
45133 23779 24765 23670 
45134 19190 20988 19188 
45135 20946 24722 19813 
45136 19213 24658 19212 
45137 19661 24729 19200 
45138 19558 24785 19559 
45139 23670 24765 23667 
45140 24542 24759 20171 
45141 24260 24871 22636 
45142 24339 25059 22250 
45143 20781 24967 24908 
45144 20969 24748 21156 
45145 20701 24725 20944 
45146 21428 24706 21640 
45147 21640 24706 22865 
45148 22674 24746 24487 
45149 24115 25003 20436 
45150 19918 24775 19915 
45151 19231 24683 19234 
45152 21960 24771 24319 
45153 23100 24897 21285 
45154 24566 24792 22647 
45155 20538 25058 20540 
45156 20885 21347 21346 
45157 19203 19204 19202 
45158 22711 24925 21686 
45159 24245 24877 21959 
45160 24539 24767 19323 
45161 21347 21444 21443 
45162 19810 24722 20766 
45163 24492 24750 22677 
45164 24876 25167 20249 
45165 24573 24807 22150 
45166 20036 24956 20038 
45167 21735 24734 21667 
45168 20391 24791 24562 
45169 24044 24976 22686 
45170 20171 24759 24424 
45171 24742 24818 22216 
45172 19804 19806 19805 
45173 23137 24736 22833 
45174 21534 24788 21205 
45175 19594 24754 24605 
45176 21454 24783 21103 
45177 19204 24687 19202 
45178 24585 24783 21970 
45179 22446 25065 22448 
45180 24570 24774 20922 
45181 22720 24780 22718 
45182 20389 24791 20391 
45183 20790 20793 20760 
45184 21394 24726 21618 
45185 24584 24788 21969 
45186 19484 24793 24572 
45187 20384 24861 24406 
45188 25064 25086 24076 
45189 21939 22203 21728 
45190 19554 24801 19555 
45191 22758 24972 23818 
45192 21963 24755 21965 
45193 21141 21559 21349 
45194 20234 24941 20232 
45195 20492 24823 24733 
45196 19482 24793 19484 
45197 24324 25091 22256 
45198 22819 25796 25794 
45199 19855 20885 19854 
45200 22836 24779 22835 
45201 21942 24754 24529 
45202 23038 24787 22615 
45203 20161 24830 24586 
45204 20478 24800 24600 
45205 22074 25120 21539 
45206 19215 24716 19217 
45207 21397 24766 21401 
45208 19853 19854 19851 
45209 21074 24810 20347 
45210 21103 24783 24585 
45211 22738 24865 21350 
45212 19205 19207 19206 
45213 22470 24781 22467 
45214 21713 24728 22910 
45215 20699 24739 20697 
45216 24763 24764 22784 
45217 21432 24728 21414 
45218 21971 24774 24570 
45219 24595 24808 21954 
45220 22607 24901 22606 
45221 22692 24880 21472 
45222 24618 24797 21037 
45223 21205 24788 24584 
45224 22819 25794 22358 
45225 22035 24845 24624 
45226 19323 24767 24627 
45227 19584 24803 24623 
45228 19225 24702 19228 
45229 21129 21939 21728 
45230 22841 23121 23120 
45231 24614 24796 21036 
45232 20993 24932 19839 
45233 22437 25024 24373 
45234 24613 24795 21035 
45235 19802 19804 19803 
45236 19201 19202 19200 
45237 19246 24777 24463 
45238 22960 24811 22957 
45239 24180 24842 21975 
45240 19813 24722 19810 
45241 24635 24806 19942 
45242 21291 24907 24454 
45243 19532 24799 24604 
45244 20408 24807 24573 
45245 20926 24798 24617 
45246 20376 24861 20384 
45247 20892 24768 21091 
45248 22493 24866 21721 
45249 21951 24759 24542 
45250 21414 24728 21713 
45251 21719 24866 21805 
45252 25020 25038 22679 
45253 19313 24814 24633 
45254 22346 24873 21389 
45255 24741 24832 19922 
45256 20922 24774 21365 
45257 24496 24739 22683 
45258 24634 24812 19932 
45259 22024 22366 22022 
45260 19622 24723 19624 
45261 21469 24773 21200 
45262 21972 24797 24618 
45263 24463 24777 24409 
45264 21667 24734 22519 
45265 22209 22391 22206 
45266 24325 25137 22556 
45267 19521 24808 24595 
45268 21278 25123 23533 
45269 21287 24717 19720 
45270 22635 24902 22634 
45271 22365 24767 24539 
45272 20849 24824 20085 
45273 24604 24799 22684 
45274 24626 24804 20617 
45275 21361 24818 24742 
45276 22348 24796 24614 
45277 20923 24778 21255 
45278 19203 19205 19204 
45279 22011 22012 22009 
45280 24465 25015 23822 
45281 21511 24931 22710 
45282 19914 24816 19911 
45283 21962 24795 24613 
45284 24612 24815 20607 
45285 23120 24779 22839 
45286 21333 24782 20917 
45287 19804 19805 19803 
45288 21970 24783 22017 
45289 21011 24786 21221 
45290 23552 24885 22501 
45291 20723 20970 20721 
45292 24505 24826 20456 
45293 22008 22010 22009 
45294 22962 24827 22960 
45295 24617 24798 22648 
45296 22471 24913 22470 
45297 21940 24853 23847 
45298 21027 24847 24662 
45299 21220 24784 21010 
45300 22494 24885 22586 
45301 21969 24788 22743 
45302 24507 24829 24571 
45303 23635 24863 23040 
45304 24427 24815 24612 
45305 22841 23120 22839 
45306 24600 24800 21968 
45307 22726 25074 22713 
45308 19800 19802 19801 
45309 24549 24800 20478 
45310 20798 22558 20536 
45311 20697 24739 24496 
45312 21347 21443 21348 
45313 22028 24804 24626 
45314 22718 25143 22716 
45315 24553 24803 19584 
45316 20488 24823 20489 
45317 22636 24871 20243 
45318 20770 24739 20699 
45319 19855 24685 20885 
45320 20245 24871 20785 
45321 25173 25181 23064 
45322 19408 24831 20844 
45323 23889 24872 23951 
45324 23952 24872 23887 
45325 21980 24794 21978 
45326 20765 24930 24110 
45327 21336 24792 20871 
45328 22708 24940 21512 
45329 21724 24805 21723 
45330 24771 24855 20667 
45331 19848 19850 19849 
45332 19802 19803 19801 
45333 22696 24685 19860 
45334 24305 24826 24505 
45335 23824 24889 20125 
45336 24296 24943 22330 
45337 22960 24827 24811 
45338 21035 24795 21628 
45339 21036 24796 22308 
45340 22501 24885 22496 
45341 19942 24806 24524 
45342 21037 24797 22349 
45343 19199 19200 19198 
45344 21943 24799 24534 
45345 21959 24877 19377 
45346 24623 24803 24459 
45347 20330 24978 20328 
45348 24559 24814 19313 
45349 24641 24777 19246 
45350 19152 19154 19153 
45351 19201 19203 19202 
45352 24953 25000 21981 
45353 22779 24818 21361 
45354 19379 24877 19676 
45355 25614 25616 24134 
45356 21331 24798 20926 
45357 24923 24962 21444 
45358 24571 24829 19256 
45359 19684 24723 21902 
45360 22716 25126 22715 
45361 19574 24864 24621 
45362 19201 19658 19203 
45363 19988 24995 23813 
45364 24606 24858 24131 
45365 25070 25082 23639 
45366 22945 24734 21735 
45367 24540 24804 24474 
45368 21966 25001 24937 
45369 22327 24817 22330 
45370 19932 24812 24543 
45371 22346 24922 24873 
45372 24624 24845 19876 
45373 19686 24716 19215 
45374 24674 24844 20677 
45375 24633 24814 24462 
45376 22009 24820 21073 
45377 21989 24809 21987 
45378 25127 25142 22893 
45379 20944 24790 21199 
45380 20627 24851 24532 
45381 19841 19844 19843 
45382 19303 24869 24636 
45383 24405 24919 20960 
45384 22425 25057 22633 
45385 20781 24908 20372 
45386 22911 22912 22074 
45387 20659 24843 20656 
45388 24524 24806 24426 
45389 23763 24886 23674 
45390 21976 24906 24806 
45391 23672 24886 23779 
45392 21551 21650 21649 
45393 19886 24856 24531 
45394 24791 24880 22678 
45395 24422 24883 19866 
45396 20456 24826 24437 
45397 22682 24808 24544 
45398 23435 25016 24098 
45399 19217 24753 19219 
45400 19919 24832 19918 
45401 20655 24846 20652 
45402 19624 24723 19684 
45403 24746 24895 19724 
45404 23156 24807 24541 
45405 24793 24892 24413 
45406 22626 24858 24606 
45407 19860 24685 19857 
45408 21976 24806 24635 
45409 20763 24898 24750 
45410 24806 24906 24426 
45411 23022 24987 22042 
45412 19861 24883 20872 
45413 22637 24970 23625 
45414 22379 24763 22213 
45415 19256 24829 24601 
45416 24534 24799 19532 
45417 20663 24848 20660 
45418 24470 24812 24634 
45419 24190 25107 20354 
45420 24740 24894 19689 
45421 22652 24828 22653 
45422 24554 24815 22018 
45423 24698 24865 22113 
45424 24422 24946 24883 
45425 19197 21025 19199 
45426 22429 25093 24383 
45427 22634 24902 24790 
45428 22474 24980 24203 
45429 20617 24804 24540 
45430 20972 24870 20731 
45431 22680 24800 24549 
45432 22206 24805 21724 
45433 22027 24803 24553 
45434 20727 21073 20725 
45435 24705 24830 20161 
45436 21660 21723 21659 
45437 19200 24729 19198 
45438 20032 24989 20034 
45439 24532 24851 24309 
45440 22039 22489 22040 
45441 24586 24830 24302 
45442 20664 24855 20663 
45443 19646 19692 19648 
45444 22008 22009 21073 
45445 24662 24847 22353 
45446 20433 24857 20432 
45447 24541 24807 20408 
45448 21145 24912 21146 
45449 20960 24919 20578 
45450 22112 25249 23603 
45451 24544 24808 19521 
45452 21941 22512 22507 
45453 24543 24812 22030 
45454 24697 24862 20687 
45455 19418 24988 19416 
45456 19866 24883 19863 
45457 22010 22013 22011 
45458 25050 25073 22056 
45459 24501 24862 22037 
45460 24703 24873 22015 
45461 22330 24943 22331 
45462 19850 19851 19849 
45463 21721 24866 21719 
45464 24531 24856 24314 
45465 20374 24861 20376 
45466 20811 25056 23981 
45467 19199 19201 19200 
45468 20607 24815 24554 
45469 22029 24814 24559 
45470 20994 24822 19196 
45471 22006 24909 23589 
45472 24427 24925 24815 
45473 23620 24909 22004 
45474 24601 24829 21952 
45475 22675 24895 22674 
45476 22314 22315 22313 
45477 22831 25045 22832 
45478 22595 24910 22637 
45479 19219 24753 19222 
45480 22712 24965 21514 
45481 22696 24962 24923 
45482 21939 22204 22203 
45483 23539 25117 19636 
45484 20354 24876 20250 
45485 21293 24907 21291 
45486 21334 24924 21762 
45487 24815 24925 22018 
45488 19846 19848 19847 
45489 19197 19198 19196 
45490 23043 24964 23042 
45491 21098 21099 21097 
45492 24491 24865 24698 
45493 19299 24954 24721 
45494 20677 24844 24551 
45495 22677 24898 24488 
45496 22905 24802 21624 
45497 20768 25070 23639 
45498 24659 24851 20627 
45499 24551 24844 22036 
45500 23040 24863 23038 
45501 22590 24867 22593 
45502 19186 19260 19184 
45503 19800 19801 19799 
45504 22835 24779 23138 
45505 21053 25164 24151 
45506 22213 24763 22784 
45507 21445 24992 22453 
45508 22042 24945 21436 
45509 21052 25108 24164 
45510 21395 24881 21343 
45511 23887 24872 23889 
45512 19645 25041 19643 
45513 21284 21482 21118 
45514 22382 24847 21027 
45515 20243 24871 20245 
45516 23038 24863 24787 
45517 24686 24856 19886 
45518 24498 24873 24703 
45519 20390 25008 20387 
45520 24403 24858 22626 
45521 19798 19800 19799 
45522 19778 21141 19780 
45523 19197 19199 19198 
45524 22011 22853 22012 
45525 24512 24844 24674 
45526 22445 22993 22013 
45527 20728 24870 20727 
45528 22674 24895 24746 
45529 19182 20985 19180 
45530 24748 24896 22694 
45531 19377 24877 19379 
45532 19848 19849 19847 
45533 24750 24898 22677 
45534 24778 24868 21746 
45535 22651 24894 24740 
45536 22641 24868 22640 
45537 21380 22299 22298 
45538 22041 25041 19649 
45539 22012 24820 22009 
45540 20157 24939 24705 
45541 20916 24874 22025 
45542 24569 24845 24500 
45543 24621 24864 24303 
45544 21723 23058 23004 
45545 20687 24862 24501 
45546 21983 24874 24794 
45547 22759 24972 22758 
45548 23893 24936 23950 
45549 23951 24936 23891 
45550 24716 24753 19217 
45551 19986 24930 20765 
45552 22312 22313 22311 
45553 19797 19817 19795 
45554 19876 24845 24569 
45555 24972 25046 20832 
45556 21283 21380 21379 
45557 22714 24974 21515 
45558 24636 24869 24294 
45559 19863 24883 19861 
45560 24437 24938 20460 
45561 25286 25329 22743 
45562 21350 24865 24491 
45563 20918 24881 24702 
45564 19195 19196 19194 
45565 24719 24864 19574 
45566 21059 21061 21060 
45567 23099 23100 21285 
45568 19194 24822 19656 
45569 21590 24879 24784 
45570 19703 19714 19702 
45571 19209 24789 19214 
45572 20042 24893 20552 
45573 22010 22011 22009 
45574 24280 24889 23588 
45575 22211 24813 22209 
45576 22496 24885 22494 
45577 23676 24951 23763 
45578 19570 24961 24719 
45579 22475 24980 22474 
45580 24721 24869 19303 
45581 19207 24789 19209 
45582 24557 24862 24697 
45583 22640 24868 24778 
45584 22784 24813 22211 
45585 19796 19798 19797 
45586 22028 24931 24804 
45587 22642 24879 22643 
45588 22478 25025 24205 
45589 23674 24886 23672 
45590 21723 23004 21659 
45591 21723 24805 23058 
45592 20841 24899 20398 
45593 20971 24789 19207 
45594 21389 24873 24498 
45595 22683 24947 24517 
45596 24210 24900 24723 
45597 24804 24931 24474 
45598 20754 21262 21261 
45599 20733 20972 20731 
45600 21979 24953 21981 
45601 21966 24937 21964 
45602 23189 23190 23188 
45603 24360 24977 20577 
45604 24723 24900 21902 
45605 24794 24874 20916 
45606 21079 23527 21059 
45607 19193 19194 19192 
45608 21472 24880 20776 
45609 19844 24932 24410 
45610 21650 21659 21649 
45611 22008 24819 22010 
45612 19628 24897 19625 
45613 19989 24995 19988 
45614 21732 24966 21247 
45615 24784 24879 22642 
45616 20631 24957 24659 
45617 21549 21551 21550 
45618 19890 24960 24686 
45619 19798 19799 19797 
45620 22391 24805 22206 
45621 24413 24892 22016 
45622 20533 24887 20531 
45623 19195 19197 19196 
45624 19193 19666 19195 
45625 24702 24881 22685 
45626 22514 24994 24958 
45627 20782 24904 20336 
45628 21228 24969 21702 
45629 24873 24922 22015 
45630 24803 24927 24459 
45631 19656 24850 19192 
45632 24298 25009 22334 
45633 22279 25016 23435 
45634 23478 25016 22277 
45635 22648 24918 20928 
45636 20147 25049 20144 
45637 24755 24918 22051 
45638 19566 25007 24744 
45639 20727 24870 22008 
45640 24310 24841 20783 
45641 24448 25061 25017 
45642 23762 24971 23680 
45643 19422 25039 19420 
45644 25025 25049 24205 
45645 21343 24881 20918 
45646 22027 24927 24803 
45647 22611 24901 22607 
45648 20374 24908 24861 
45649 22675 24942 24895 
45650 22359 23097 21802 
45651 20537 25013 20798 
45652 21509 24896 24688 
45653 22043 24927 22027 
45654 22035 24955 24845 
45655 24814 24935 24462 
45656 20026 25044 20028 
45657 21396 21644 21643 
45658 24908 24967 22649 
45659 21129 24841 21939 
45660 24911 25004 22691 
45661 19844 19846 19845 
45662 19767 23570 19768 
45663 20783 24841 21129 
45664 23589 24973 22031 
45665 20372 24908 20374 
45666 22033 24973 23564 
45667 20577 24977 20571 
45668 24898 24945 24488 
45669 20569 24977 21026 
45670 19689 24894 21622 
45671 19724 24895 21619 
45672 24688 24896 22003 
45673 19193 19195 19194 
45674 22785 24942 22675 
45675 22004 24909 22006 
45676 20770 24947 24739 
45677 19841 19843 19842 
45678 19846 19847 19845 
45679 22307 22311 22306 
45680 20725 24849 20723 
45681 22924 23361 23178 
45682 22155 22745 21537 
45683 24145 25094 24139 
45684 20249 24916 20246 
45685 22045 24935 22029 
45686 22029 24935 24814 
45687 21155 24898 20763 
45688 21952 24952 24495 
45689 23619 25003 23618 
45690 24470 24940 24812 
45691 23588 24889 23824 
45692 21130 24905 24171 
45693 24867 24910 22593 
45694 24358 24938 24437 
45695 24705 24939 24350 
45696 22593 24910 22595 
45697 23897 24981 23937 
45698 23950 24981 23895 
45699 19205 24859 20971 
45700 22209 24813 22391 
45701 24790 24902 21668 
45702 24812 24940 22030 
45703 24721 24954 24351 
45704 22664 25038 22666 
45705 22314 23486 23370 
45706 22334 25009 22335 
45707 21483 22524 21482 
45708 22561 25079 24378 
45709 22314 23370 22315 
45710 24426 24906 21666 
45711 24507 24952 24829 
45712 19189 21014 19191 
45713 24802 24878 21597 
45714 22374 24917 24245 
45715 22003 24896 24748 
45716 24896 24982 22694 
45717 24749 24918 22648 
45718 21974 25311 23434 
45719 22737 23096 22488 
45720 22514 24958 24533 
45721 19196 24822 19194 
45722 23593 24985 23048 
45723 24823 24958 22681 
45724 21242 24986 21682 
45725 22474 24913 22471 
45726 24937 25001 22709 
45727 21597 24878 21941 
45728 19794 19796 19795 
45729 22023 22872 22123 
45730 22520 24991 21552 
45731 21902 24900 24220 
45732 24845 24955 24500 
45733 19191 19192 19190 
45734 22716 25143 25126 
45735 20153 24996 24724 
45736 19747 19767 19748 
45737 19796 19797 19795 
45738 19191 19193 19192 
45739 20578 24919 20577 
45740 22692 24924 24880 
45741 19847 20769 19845 
45742 20737 21047 20735 
45743 24977 25060 21026 
45744 19203 24859 19205 
45745 23685 25036 23684 
45746 24907 25019 24163 
45747 22479 25025 22478 
45748 24431 24997 20464 
45749 22678 24924 21334 
45750 21347 24923 21444 
45751 24368 24968 24832 
45752 20488 24958 24823 
45753 24739 24947 22683 
45754 24829 24952 21952 
45755 22305 22306 22304 
45756 21924 24907 21293 
45757 22649 24967 22188 
45758 24719 24961 24359 
45759 23682 25002 23762 
45760 19412 24934 19502 
45761 22708 24969 24940 
45762 24906 24937 22709 
45763 24775 25024 19914 
45764 24659 24957 24365 
45765 24820 24849 21073 
45766 23193 23195 23192 
45767 20723 24849 20970 
45768 21159 25006 21654 
45769 24568 24911 20959 
45770 24686 24960 24374 
45771 21481 22551 21147 
45772 24685 24923 20885 
45773 22628 25026 24841 
45774 23051 25043 23050 
45775 19988 24930 19986 
45776 21686 24925 24427 
45777 22116 25246 22189 
45778 20232 24941 20358 
45779 21087 21102 19842 
45780 23891 24936 23893 
45781 24941 24970 22637 
45782 24895 24942 21619 
45783 22015 24922 22294 
45784 19791 19812 19789 
45785 20650 25086 20653 
45786 20959 24911 24737 
45787 19426 25072 19424 
45788 22711 25000 24953 
45789 19844 19845 19843 
45790 20542 25013 20539 
45791 22312 22314 22313 
45792 19658 24859 19203 
45793 22694 24982 22695 
45794 19638 19694 19640 
45795 19773 19832 19831 
45796 22025 24911 24568 
45797 22884 22989 21643 
45798 21155 24945 24898 
45799 20988 24890 19188 
45800 21073 24849 20725 
45801 20928 24918 24755 
45802 22714 25006 24974 
45803 22712 24986 24965 
45804 19894 25021 24714 
45805 22912 24882 22074 
45806 24832 24968 19918 
45807 21509 24982 24896 
45808 20635 25017 24700 
45809 21547 21549 21548 
45810 24931 24966 22710 
45811 21551 21649 21550 
45812 22870 25157 22937 
45813 24848 25057 20659 
45814 20019 25077 20021 
45815 23937 25022 23899 
45816 24844 24965 22036 
45817 24459 24927 21592 
45818 22048 25023 23548 
45819 24512 24965 24844 
45820 20768 25020 19994 
45821 23847 24998 24731 
45822 23564 25023 22046 
45823 22611 24944 24901 
45824 21941 24878 22512 
45825 20460 24938 24431 
45826 19792 19794 19793 
45827 24300 25064 22338 
45828 24724 24939 20157 
45829 19768 19826 19771 
45830 22711 24953 24925 
45831 24744 25007 24348 
45832 24947 24991 24517 
45833 22696 24923 24685 
45834 20038 24956 21030 
45835 24474 24931 21511 
45836 23784 25025 22482 
45837 24041 24944 22611 
45838 23678 24951 23676 
45839 22331 24943 22334 
45840 24462 24935 21632 
45841 21396 21613 21102 
45842 20741 21083 20739 
45843 22686 24976 24855 
45844 25162 25188 21421 
45845 20759 22020 22019 
45846 22050 25211 23636 
45847 19189 19190 19188 
45848 22993 24884 22013 
45849 24724 24996 24347 
45850 23903 25035 23936 
45851 24855 24976 20663 
45852 19838 20993 19839 
45853 21593 22253 22252 
45854 22018 24953 21979 
45855 22019 25013 20542 
45856 21964 24937 21976 
45857 21512 24940 24470 
45858 24958 24994 22681 
45859 21619 24942 22816 
45860 21262 21672 21671 
45861 19794 19795 19793 
45862 22013 24884 22011 
45863 24349 24997 24431 
45864 19178 19211 19176 
45865 22771 22775 22774 
45866 19199 24875 19201 
45867 24918 25018 22051 
45868 19790 19792 19791 
45869 19201 24875 19658 
45870 22668 25082 22671 
45871 21025 24875 19199 
45872 24880 24924 22678 
45873 21436 24945 21155 
45874 19694 22115 22114 
45875 21644 22884 21643 
45876 22771 24821 22775 
45877 24835 24837 24836 
45878 22338 25064 22339 
45879 24747 24954 19299 
45880 22023 22118 22021 
45881 22415 24946 24422 
45882 19843 21087 19842 
45883 19758 24984 21287 
45884 21649 22914 21550 
45885 19189 19191 19190 
45886 24862 24974 22037 
45887 20340 25138 23986 
45888 22872 22916 22123 
45889 22769 24821 22771 
45890 20149 25047 24738 
45891 20885 24923 21347 
45892 24533 24958 20488 
45893 22057 25073 21913 
45894 22159 24042 21559 
45895 22307 22312 22311 
45896 19186 24890 19260 
45897 19187 19188 19186 
45898 21198 24947 20770 
45899 25263 25273 24404 
45900 23046 24964 23043 
45901 24433 25050 20468 
45902 22020 22022 22021 
45903 23660 25124 21816 
45904 21247 24966 22028 
45905 24700 24957 20631 
45906 20234 24970 24941 
45907 20711 25015 24465 
45908 24557 24974 24862 
45909 23750 25053 23690 
45910 22370 24952 24507 
45911 23422 25277 21062 
45912 19430 25100 19428 
45913 21545 21547 21546 
45914 22011 24884 22853 
45915 24816 25074 19910 
45916 22042 24987 24945 
45917 21572 23621 22764 
45918 24500 24955 21513 
45919 19562 25059 24758 
45920 21396 21643 21613 
45921 19714 23576 21354 
45922 24714 24960 19890 
45923 19174 21355 19172 
45924 22030 24969 21228 
45925 19185 19670 19187 
45926 22416 25033 24946 
45927 19792 19793 19791 
45928 21434 22732 22731 
45929 19759 21140 19761 
45930 20774 25015 20713 
45931 20011 25103 20014 
45932 23680 24971 23678 
45933 21444 24962 21625 
45934 20790 24852 20793 
45935 22709 25001 22901 
45936 24700 25017 22723 
45937 19187 19189 19188 
45938 19898 25066 24704 
45939 23548 25067 22052 
45940 22025 25004 24911 
45941 22054 25067 23535 
45942 19841 19842 19840 
45943 24142 25116 24143 
45944 24714 25021 22687 
45945 23118 24994 22514 
45946 21087 21396 21102 
45947 19991 25105 19993 
45948 23678 24971 24951 
45949 22358 25792 25163 
45950 23936 25068 23905 
45951 24744 24961 19570 
45952 22562 25079 22561 
45953 21816 25124 21814 
45954 19699 19700 19693 
45955 22530 24967 20781 
45956 24749 25018 24918 
45957 22132 23106 22134 
45958 22342 25064 24076 
45959 20364 24978 20330 
45960 19154 19156 19155 
45961 24373 25024 24775 
45962 22031 24973 22033 
45963 19839 19841 19840 
45964 22051 25018 22060 
45965 22302 22304 22301 
45966 22852 24972 22759 
45967 22305 22729 22307 
45968 21514 24965 24512 
45969 25017 25061 22723 
45970 24448 25017 24643 
45971 21061 21250 21249 
45972 20759 24432 22020 
45973 22158 25242 22114 
45974 20571 24977 20569 
45975 24843 25093 20655 
45976 22305 22307 22306 
45977 22693 25073 25050 
45978 21549 21550 21548 
45979 21985 25004 24874 
45980 23909 25071 23935 
45981 19197 24914 21025 
45982 21052 25070 19998 
45983 19996 25070 20768 
45984 20816 25154 23989 
45985 22876 22877 21923 
45986 22023 22123 22118 
45987 24738 25047 24341 
45988 23895 24981 23897 
45989 22838 25132 22840 
45990 24575 25055 21121 
45991 23692 25076 23750 
45992 23618 25046 22852 
45993 22921 25000 22711 
45994 22693 25050 24433 
45995 22478 24980 22475 
45996 20007 25118 20009 
45997 23553 25203 19644 
45998 19173 19756 19175 
45999 19918 24968 24775 
46000 24833 24835 24834 
46001 24300 25086 25064 
46002 19841 24932 19844 
46003 19790 19791 19789 
46004 23748 25078 23696 
46005 19185 19187 19186 
46006 25018 25042 22060 
46007 19788 19790 19789 
46008 19785 19809 19783 
46009 24940 24969 22030 
46010 21425 21426 21207 
46011 19434 25122 19432 
46012 21548 21693 21546 
46013 24594 25050 22056 
46014 19185 19186 19184 
46015 20145 25080 24752 
46016 19182 24929 20985 
46017 19416 24988 20817 
46018 21543 21545 21544 
46019 20034 24989 20574 
46020 24758 25059 24339 
46021 21459 25083 22517 
46022 23046 24985 24964 
46023 19195 24914 19197 
46024 19188 24890 19186 
46025 21198 24991 24947 
46026 19749 19754 19746 
46027 19832 19834 19833 
46028 21559 21560 21349 
46029 25278 25283 22729 
46030 22036 24986 21242 
46031 22022 22023 22021 
46032 23048 24985 23046 
46033 21515 24974 24557 
46034 21538 21541 21540 
46035 21510 24982 21509 
46036 22633 25057 24848 
46037 24776 25279 22142 
46038 20069 25005 19788 
46039 22681 24994 22140 
46040 21725 22911 22074 
46041 20760 24432 20759 
46042 22063 25088 23531 
46043 23535 25088 22061 
46044 22366 24921 24920 
46045 20339 25168 23991 
46046 21976 24937 24906 
46047 20718 25115 20717 
46048 22028 24966 24931 
46049 21192 24992 21445 
46050 20777 21284 21118 
46051 24925 24953 22018 
46052 22493 25107 24866 
46053 19902 25089 24693 
46054 23935 25092 23911 
46055 24704 25066 22697 
46056 19558 25091 24785 
46057 20003 25133 20005 
46058 19992 24995 19989 
46059 19666 24914 19195 
46060 19768 23570 19826 
46061 19166 19167 19165 
46062 21445 22453 22452 
46063 19836 19838 19837 
46064 19838 19839 19837 
46065 22026 25034 22734 
46066 19849 24998 19847 
46067 19839 19840 19837 
46068 24841 25026 21939 
46069 21141 21349 19780 
46070 23915 25098 23949 
46071 24488 24987 21424 
46072 21544 22375 21542 
46073 24965 24986 22036 
46074 21541 21543 21542 
46075 24738 24996 20153 
46076 20464 24997 24433 
46077 21055 25008 20390 
46078 20735 24999 20733 
46079 24731 24998 19849 
46080 22300 22301 22299 
46081 20663 24976 24848 
46082 19711 19743 19713 
46083 22020 22021 22019 
46084 23684 25002 23682 
46085 19781 19782 19779 
46086 22520 25052 24991 
46087 22880 22881 22878 
46088 21769 25130 23463 
46089 22888 25142 22890 
46090 21924 25019 24907 
46091 19786 19788 19787 
46092 22713 25074 24816 
46093 19260 24929 19184 
46094 24974 25006 22037 
46095 21552 24991 21198 
46096 24360 25060 24977 
46097 24846 25126 20651 
46098 24752 25080 24330 
46099 22037 25006 21159 
46100 22302 22305 22304 
46101 19438 25149 19436 
46102 19680 23476 19634 
46103 23698 25106 23748 
46104 24945 24987 24488 
46105 19772 19774 19760 
46106 19999 25148 20001 
46107 19704 19705 19700 
46108 22277 25016 22279 
46109 20733 24999 20972 
46110 23004 24949 21659 
46111 21981 25000 22531 
46112 24758 25007 19566 
46113 21547 21548 21546 
46114 23747 25109 23702 
46115 20000 25108 21052 
46116 22335 25009 22338 
46117 21276 25182 22162 
46118 19845 24915 19843 
46119 22899 25060 24360 
46120 22503 25001 21966 
46121 23501 25290 23385 
46122 20759 22019 20542 
46123 21063 21105 21065 
46124 21659 24949 21649 
46125 20141 25112 24757 
46126 19193 24928 19666 
46127 23919 25113 23948 
46128 23949 25113 23917 
46129 23531 25114 22066 
46130 22068 25114 23515 
46131 20750 21167 20748 
46132 19179 19691 19181 
46133 19834 19836 19835 
46134 24785 25091 24324 
46135 22039 22532 22489 
46136 19788 19789 19787 
46137 21559 24042 21560 
46138 19183 19184 19182 
46139 20713 25015 20711 
46140 20715 25085 20774 
46141 19757 24926 19759 
46142 19995 25158 19997 
46143 24693 25089 24225 
46144 21284 21483 21482 
46145 19191 24928 19193 
46146 19171 24948 19173 
46147 21100 21231 21099 
46148 22366 24920 22022 
46149 19994 25020 19992 
46150 21014 24928 19191 
46151 23899 25022 23901 
46152 24383 25093 24843 
46153 24288 24990 21157 
46154 19992 25020 24995 
46155 25332 25471 22550 
46156 19183 19185 19184 
46157 19173 24948 19756 
46158 22046 25023 22048 
46159 24916 25030 20244 
46160 21067 22120 22119 
46161 23496 25332 21800 
46162 24643 25017 20635 
46163 19742 19746 19737 
46164 19788 25005 19790 
46165 19442 25169 19440 
46166 22058 25019 21924 
46167 19906 25125 24436 
46168 23923 25128 23947 
46169 23948 25128 23921 
46170 21047 24999 20735 
46171 22023 24920 22872 
46172 19843 24915 21087 
46173 21280 25123 21278 
46174 21053 25127 20004 
46175 24704 25021 19894 
46176 19759 24926 21140 
46177 22899 25087 25060 
46178 21985 25090 25004 
46179 25004 25090 22691 
46180 25678 25763 19395 
46181 21545 21546 21544 
46182 24866 25107 24190 
46183 19741 20894 19752 
46184 22482 25025 22479 
46185 20872 25033 22696 
46186 20539 25013 20537 
46187 21701 25042 25018 
46188 19170 19210 19169 
46189 24757 25112 24323 
46190 23901 25035 23903 
46191 23751 25139 23706 
46192 23704 25139 23747 
46193 22679 25038 22664 
46194 19168 19169 19167 
46195 20535 25054 20538 
46196 19420 25039 19476 
46197 22072 25140 23503 
46198 24004 25187 24005 
46199 20818 25175 24001 
46200 23515 25140 22070 
46201 23688 25036 23685 
46202 19751 25102 23493 
46203 21563 25163 22365 
46204 20754 21261 20752 
46205 22130 22735 22129 
46206 20985 24993 19180 
46207 25034 25309 22734 
46208 24874 25004 22025 
46209 23927 25144 23946 
46210 23947 25144 23925 
46211 23822 25045 22831 
46212 25022 25035 23901 
46213 20137 25147 24769 
46214 19776 21521 19734 
46215 20028 25044 20573 
46216 19181 19183 19182 
46217 24205 25049 20147 
46218 21649 24949 22914 
46219 19832 19833 19831 
46220 21625 25156 22868 
46221 25195 25246 22116 
46222 21701 25018 24749 
46223 19781 19784 19783 
46224 22118 25177 25119 
46225 21697 25151 21209 
46226 21234 21616 21232 
46227 23054 25043 23051 
46228 19181 19182 19180 
46229 24436 25125 24321 
46230 22803 25655 25652 
46231 19446 25178 19444 
46232 21560 23605 22721 
46233 23752 25152 23710 
46234 23708 25152 23751 
46235 20769 24915 19845 
46236 21543 21544 21542 
46237 22022 24920 22023 
46238 22300 22302 22301 
46239 21564 22768 21565 
46240 23931 25155 23945 
46241 22920 25042 21701 
46242 23946 25155 23929 
46243 19786 19787 19785 
46244 25205 25230 22707 
46245 19914 25024 24816 
46246 22715 25126 24846 
46247 19837 25048 19835 
46248 19847 24998 20769 
46249 21540 21725 21539 
46250 23063 25181 23066 
46251 19554 25137 24801 
46252 22511 23353 23350 
46253 19784 19786 19785 
46254 21725 23016 22911 
46255 25604 25605 22786 
46256 19819 20775 19764 
46257 21939 25026 22204 
46258 19720 24717 19705 
46259 24752 25047 20149 
46260 19189 24979 21014 
46261 19834 19835 19833 
46262 23503 25161 22075 
46263 22077 25161 23495 
46264 23690 25053 23688 
46265 23976 25056 20811 
46266 23402 23404 21429 
46267 22414 25170 22413 
46268 21560 22721 21349 
46269 20468 25050 24594 
46270 19184 24929 19182 
46271 19836 19837 19835 
46272 23688 25053 25036 
46273 22723 25061 22722 
46274 23571 25065 22446 
46275 21714 23505 21525 
46276 20006 25164 21053 
46277 23945 25165 23933 
46278 24769 25147 24316 
46279 21380 22300 22299 
46280 24991 25052 24517 
46281 20342 25192 24025 
46282 23712 25166 23752 
46283 23753 25166 23714 
46284 20970 25115 20721 
46285 22079 25249 25239 
46286 21356 21537 21357 
46287 25301 25343 21535 
46288 20819 25197 24031 
46289 21676 22917 21672 
46290 19450 25190 19448 
46291 21284 22575 21483 
46292 19178 24993 19211 
46293 25119 25177 20798 
46294 22740 24833 21234 
46295 21541 21542 21540 
46296 24785 25059 19562 
46297 22079 25215 24260 
46298 24517 25052 21432 
46299 21026 25060 24694 
46300 22130 22736 22735 
46301 19781 19783 19782 
46302 22900 25087 22899 
46303 23572 25062 23054 
46304 22451 25090 21985 
46305 23054 25062 25043 
46306 22052 25067 22054 
46307 21764 22129 21258 
46308 21465 21479 21478 
46309 23905 25068 23907 
46310 19733 24891 19738 
46311 21744 25061 24448 
46312 25010 25011 21693 
46313 22339 25064 22342 
46314 21538 21539 21357 
46315 25156 25170 22868 
46316 24801 25137 24325 
46317 21953 25055 24575 
46318 22130 22988 22736 
46319 23754 25174 23718 
46320 23716 25174 23753 
46321 19187 24979 19189 
46322 21166 25173 20010 
46323 24693 25066 19898 
46324 22084 25176 23488 
46325 22745 24959 21537 
46326 23495 25176 22082 
46327 21359 21564 21438 
46328 22904 25188 22720 
46329 21051 21358 21188 
46330 22115 25081 22158 
46331 19179 19180 19178 
46332 22852 25046 24972 
46333 22639 25162 22638 
46334 25674 25756 19401 
46335 21130 21356 21131 
46336 25061 25075 22722 
46337 20795 21130 21068 
46338 25060 25087 24694 
46339 19424 25072 20815 
46340 19454 25207 19452 
46341 19998 25070 19996 
46342 19179 19181 19180 
46343 21744 25075 25061 
46344 19732 19775 19734 
46345 23907 25071 23909 
46346 21572 24990 23621 
46347 22696 25033 24962 
46348 23720 25179 23754 
46349 24946 25033 20872 
46350 20792 24852 20790 
46351 24768 25162 21421 
46352 21913 25073 22693 
46353 23613 25048 19840 
46354 19670 24979 19187 
46355 22988 23011 22736 
46356 19773 24975 19832 
46357 19784 19785 19783 
46358 20659 25057 24843 
46359 23746 25183 23724 
46360 20133 25172 24772 
46361 22773 22859 22770 
46362 25068 25071 23907 
46363 20021 25077 20572 
46364 20793 24432 20760 
46365 19156 19158 19157 
46366 21525 21527 21526 
46367 19773 19831 19830 
46368 19171 25202 24948 
46369 19732 19733 19731 
46370 23694 25076 23692 
46371 24780 25162 22639 
46372 23488 25186 22086 
46373 22088 25186 23481 
46374 22845 25075 21744 
46375 19728 19729 19727 
46376 21538 21540 21539 
46377 19910 25074 24435 
46378 21157 24990 21572 
46379 21140 24975 19761 
46380 21537 21538 21357 
46381 22914 25010 21550 
46382 21521 24891 19734 
46383 19458 25217 19456 
46384 23696 25078 23694 
46385 22722 25075 22793 
46386 20748 25014 20745 
46387 23983 25094 24145 
46388 21262 21671 21261 
46389 23639 25082 22668 
46390 21420 25191 21752 
46391 22566 25079 22562 
46392 21770 25130 21769 
46393 23755 25194 23728 
46394 23726 25194 23746 
46395 24772 25172 24313 
46396 19762 19820 19754 
46397 23694 25078 25076 
46398 24757 25080 20145 
46399 22056 25083 21459 
46400 19177 19179 19178 
46401 19761 19773 19772 
46402 23756 25196 23732 
46403 23730 25196 23755 
46404 19833 20767 19831 
46405 19732 19734 19733 
46406 22092 25198 23479 
46407 23481 25198 22090 
46408 22057 25083 25073 
46409 19174 25027 21355 
46410 20717 25085 20715 
46411 20653 25086 24300 
46412 22061 25088 22063 
46413 19168 19170 19169 
46414 19462 25221 19460 
46415 22691 25090 22065 
46416 20737 25121 21047 
46417 19177 19178 19176 
46418 19692 19699 19693 
46419 22021 25119 22019 
46420 23911 25092 23913 
46421 22035 25151 24955 
46422 21446 21586 21193 
46423 23734 25208 23756 
46424 23092 25222 22408 
46425 21548 25010 21693 
46426 22120 22122 22121 
46427 19786 25185 20069 
46428 21059 21060 20762 
46429 19778 19780 19779 
46430 21083 25121 20739 
46431 24436 25089 19902 
46432 21550 25010 21548 
46433 19774 24984 19760 
46434 24603 25208 23736 
46435 24801 25091 19558 
46436 19780 19781 19779 
46437 24780 25188 25162 
46438 21354 22488 21448 
46439 19428 25100 19477 
46440 19840 25048 19837 
46441 25279 25285 22142 
46442 25203 25242 21353 
46443 23913 25098 23915 
46444 23479 25212 22094 
46445 22096 25212 23471 
46446 24661 25189 21166 
46447 22566 25096 25079 
46448 22416 25156 25033 
46449 22142 25285 22143 
46450 19466 25228 19464 
46451 19211 25027 19176 
46452 1530 18970 1531 
46453 22038 25110 22629 
46454 23662 25096 22566 
46455 24694 25087 22002 
46456 23220 25097 23221 
46457 21538 24959 21541 
46458 20014 25103 20550 
46459 19180 24993 19178 
46460 25092 25098 23913 
46461 22882 22883 22881 
46462 23587 25272 22570 
46463 22135 22144 22133 
46464 22019 25119 25013 
46465 19993 25105 21015 
46466 19714 21354 19715 
46467 21814 25124 22360 
46468 24536 25213 23749 
46469 21356 21357 21131 
46470 23700 25106 23698 
46471 21693 25037 21546 
46472 19470 25235 19468 
46473 22100 25219 23467 
46474 1531 25032 1532 
46475 21537 24959 21538 
46476 23471 25219 22098 
46477 20655 25093 24846 
46478 20975 21297 19642 
46479 20002 25108 20000 
46480 19699 19704 19700 
46481 19734 24891 19733 
46482 21131 21362 21068 
46483 22732 22941 22731 
46484 23702 25109 23700 
46485 19704 19720 19705 
46486 19775 19778 19776 
46487 22586 25107 22493 
46488 19730 19731 19729 
46489 19716 23576 19714 
46490 21544 25037 22375 
46491 19164 19166 19165 
46492 22116 22189 22115 
46493 24717 24963 19709 
46494 19773 19830 19772 
46495 23917 25113 23919 
46496 23106 23107 22134 
46497 22066 25114 22068 
46498 22546 25123 21280 
46499 19761 24975 19773 
46500 23700 25109 25106 
46501 19175 19176 19174 
46502 21130 21131 21068 
46503 1532 19083 1533 
46504 24769 25112 20141 
46505 20721 25115 20718 
46506 23467 25226 22104 
46507 22106 25226 23462 
46508 21097 24852 20792 
46509 22143 25295 23616 
46510 25013 25119 20798 
46511 20009 25118 21022 
46512 19175 19177 19176 
46513 19162 19164 19163 
46514 19778 19779 19776 
46515 21725 25031 23016 
46516 20758 25278 25268 
46517 25947 26208 19068 
46518 19759 19761 19760 
46519 19761 19772 19760 
46520 20739 25121 20737 
46521 24141 25116 24142 
46522 22507 25250 22125 
46523 19432 25122 20814 
46524 19709 24963 19711 
46525 19730 19732 19731 
46526 21167 25014 20748 
46527 21540 25031 21725 
46528 22768 22769 21565 
46529 19158 19160 19159 
46530 19826 21062 19827 
46531 22721 25185 25028 
46532 22122 25160 22141 
46533 1533 25051 1534 
46534 21764 22130 22129 
46535 25028 25185 19784 
46536 22544 23527 21079 
46537 22110 25231 23449 
46538 19168 19171 19170 
46539 23462 25231 22108 
46540 22375 25031 21542 
46541 23175 23177 23176 
46542 20002 25127 25108 
46543 19775 19776 19734 
46544 19160 19162 19161 
46545 20540 25058 20777 
46546 23803 25200 21283 
46547 25033 25156 24962 
46548 21527 21529 21528 
46549 24435 25125 19906 
46550 21434 25095 22732 
46551 20004 25127 20002 
46552 19166 19168 19167 
46553 23921 25128 23923 
46554 21349 25028 19780 
46555 24144 25138 20340 
46556 23547 25132 22838 
46557 21783 25239 22112 
46558 21546 25037 21544 
46559 20651 25126 24590 
46560 22118 25119 22021 
46561 1292 18998 1293 
46562 21232 25095 21231 
46563 21671 22117 21261 
46564 20005 25133 20549 
46565 19210 22136 19707 
46566 1534 18999 1535 
46567 25799 25800 24382 
46568 24885 25167 22586 
46569 21252 22521 21250 
46570 21122 25236 21775 
46571 23570 25257 19826 
46572 21695 22127 21437 
46573 1293 25069 1294 
46574 23576 25243 22737 
46575 19821 20772 19820 
46576 21671 22854 22117 
46577 23706 25139 23704 
46578 19173 19175 19174 
46579 24443 25137 19554 
46580 22854 22855 22117 
46581 22070 25140 22072 
46582 22893 25142 22888 
46583 21542 25031 21540 
46584 20795 21067 20794 
46585 21054 21056 20773 
46586 19694 22116 22115 
46587 22486 22487 21449 
46588 1294 19084 1295 
46589 21448 21449 19715 
46590 23925 25144 23927 
46591 19173 19174 19172 
46592 23007 23008 22127 
46593 19781 25028 19784 
46594 19657 22041 19649 
46595 22812 22813 22444 
46596 22162 25182 23516 
46597 20001 25148 21019 
46598 19436 25149 19478 
46599 25126 25143 24590 
46600 24772 25147 20137 
46601 21722 22986 21678 
46602 25285 25295 22143 
46603 22586 25167 24876 
46604 21209 25151 22035 
46605 22726 25230 25205 
46606 19769 20794 19767 
46607 21434 22731 21764 
46608 25132 25234 22840 
46609 24590 25143 22639 
46610 20795 21068 21067 
46611 21231 21434 21258 
46612 23987 25154 20816 
46613 19757 25193 24926 
46614 1329 25485 18969 
46615 21231 21258 21099 
46616 21434 21764 21258 
46617 21355 25104 19172 
46618 23710 25152 23708 
46619 21533 21792 21791 
46620 19672 19673 19664 
46621 22721 25028 21349 
46622 19759 19760 19758 
46623 23508 25157 22870 
46624 24835 24836 24834 
46625 20777 25058 21284 
46626 19780 25028 19781 
46627 1297 18986 1298 
46628 23929 25155 23931 
46629 25073 25083 22056 
46630 24382 25800 24381 
46631 22773 22949 22859 
46632 21234 24833 21616 
46633 22771 22774 22773 
46634 19997 25158 20548 
46635 19782 25099 19779 
46636 1535 25101 1536 
46637 19176 25027 19174 
46638 20750 25136 21167 
46639 21061 21249 21060 
46640 19171 19172 19170 
46641 22145 22146 22144 
46642 22075 25161 22077 
46643 22358 25163 21563 
46644 20752 25136 20750 
46645 19711 24963 19743 
46646 20008 25164 20006 
46647 22486 23086 22487 
46648 19170 25104 19210 
46649 25001 25129 22901 
46650 25309 25330 22734 
46651 21564 21565 21438 
46652 23933 25165 23941 
46653 21921 25029 23401 
46654 24839 25887 19091 
46655 23990 25168 20339 
46656 19704 19757 19720 
46657 23714 25166 23712 
46658 19440 25169 20812 
46659 22924 23178 22418 
46660 19728 20977 19730 
46661 21396 25224 21644 
46662 19713 24983 19741 
46663 22416 25170 25156 
46664 19757 19759 19758 
46665 21354 21448 19715 
46666 22638 25162 24768 
46667 19760 24984 19758 
46668 22413 25170 22416 
46669 19171 19173 19172 
46670 19728 19730 19729 
46671 21616 25095 21232 
46672 19719 19728 19727 
46673 1528 19088 1529 
46674 24871 25215 20785 
46675 22769 22770 21565 
46676 21284 25058 22575 
46677 19776 25099 21521 
46678 19835 25084 19833 
46679 22769 22771 22770 
46680 21448 22486 21449 
46681 20008 25173 25164 
46682 20175 25376 25342 
46683 25048 25084 19835 
46684 21058 25182 21276 
46685 22189 25081 22115 
46686 23992 25175 20818 
46687 20010 25173 20008 
46688 19757 19758 19720 
46689 23718 25174 23716 
46690 1536 19087 1537 
46691 1290 19085 1291 
46692 22082 25176 22084 
46693 21779 25259 21277 
46694 24435 25205 25125 
46695 24508 25172 20133 
46696 22135 23122 22145 
46697 21283 25200 21380 
46698 22503 25129 25001 
46699 19636 25117 19638 
46700 21364 25195 23539 
46701 19444 25178 19525 
46702 22771 22773 22770 
46703 1299 19086 1300 
46704 21250 25159 21249 
46705 19769 20795 20794 
46706 23064 25181 23063 
46707 20861 25494 25473 
46708 23722 25179 23720 
46709 22126 22873 22826 
46710 22726 25205 25074 
46711 23552 25167 24885 
46712 22132 25159 23106 
46713 22126 22826 22122 
46714 22904 25191 25188 
46715 19692 21353 19699 
46716 23724 25183 23722 
46717 20968 25271 23560 
46718 21265 21756 21263 
46719 24962 25156 21625 
46720 21351 25267 23781 
46721 21647 21648 21189 
46722 21187 21189 21050 
46723 23722 25183 25179 
46724 19164 21352 19166 
46725 22132 22134 22133 
46726 20798 25177 22558 
46727 22127 25240 21437 
46728 21382 21726 21254 
46729 21465 21478 21270 
46730 22840 25261 22841 
46731 25181 25189 23066 
46732 20894 20896 20895 
46733 22086 25186 22088 
46734 1537 25131 1538 
46735 24836 24839 24834 
46736 24006 25192 20342 
46737 21261 25136 20752 
46738 23027 25935 22451 
46739 24003 25187 24004 
46740 1289 25135 1290 
46741 19448 25190 20806 
46742 19833 25084 20767 
46743 25224 25250 21644 
46744 1527 25146 1528 
46745 19714 19715 19702 
46746 24915 25224 21087 
46747 22162 23516 22523 
46748 19652 25273 19374 
46749 22135 22145 22144 
46750 22738 25244 24865 
46751 21915 25220 21189 
46752 21358 21359 21188 
46753 19210 25104 22136 
46754 21421 25191 21420 
46755 22859 25180 22770 
46756 22806 25663 25661 
46757 23728 25194 23726 
46758 22120 22126 22122 
46759 22134 22135 22133 
46760 21166 25189 25181 
46761 24026 25197 20819 
46762 19779 25099 19776 
46763 24849 25234 20970 
46764 23732 25196 23730 
46765 19819 25227 20775 
46766 19638 25117 19694 
46767 22090 25198 22092 
46768 22878 23646 22877 
46769 22720 25188 24780 
46770 24032 25298 20343 
46771 21446 21639 21586 
46772 1301 19015 1302 
46773 24381 25803 20629 
46774 19172 25104 19170 
46775 23777 25201 23778 
46776 20343 25299 20274 
46777 21525 21526 21479 
46778 19452 25207 19654 
46779 21539 25120 21357 
46780 25800 25803 24381 
46781 23736 25208 23734 
46782 1538 19017 1539 
46783 21773 25263 21790 
46784 23616 25211 22050 
46785 19826 25257 21062 
46786 1288 19018 1289 
46787 23491 25263 21810 
46788 24833 24834 21616 
46789 22223 25246 25195 
46790 20896 20898 20897 
46791 21099 25141 21097 
46792 21231 25095 21434 
46793 22453 23070 22452 
46794 24854 25224 24915 
46795 22129 25141 21258 
46796 22521 25159 21250 
46797 22132 22133 22131 
46798 22145 22550 22146 
46799 25298 25299 20343 
46800 25261 25265 22841 
46801 22094 25212 22096 
46802 21796 23188 23187 
46803 21734 23084 21575 
46804 21357 25120 21131 
46805 23776 25213 24536 
46806 1526 19000 1527 
46807 21249 22132 22131 
46808 21493 25307 23494 
46809 20767 25218 19831 
46810 21840 25267 21842 
46811 19456 25217 20805 
46812 23461 25336 22733 
46813 23412 23505 21714 
46814 23098 25475 25317 
46815 22841 25265 23121 
46816 19747 19769 19767 
46817 19784 25185 19786 
46818 21695 23007 22127 
46819 21131 25120 21362 
46820 21249 22131 21060 
46821 20794 23570 19767 
46822 19732 25171 19775 
46823 1525 25145 1526 
46824 22098 25219 22100 
46825 19764 25102 19751 
46826 19460 25221 19659 
46827 22707 25230 22706 
46828 21362 25209 21068 
46829 22408 25222 23586 
46830 19644 25203 19646 
46831 24260 25215 24871 
46832 19743 24983 19713 
46833 21533 21791 21531 
46834 22117 25136 21261 
46835 23491 25289 19373 
46836 19737 23576 19716 
46837 18970 25032 1531 
46838 22104 25226 22106 
46839 21380 25200 22300 
46840 22975 25272 22457 
46841 19831 25218 19830 
46842 19160 19701 19162 
46843 21359 21437 21188 
46844 19464 25228 20804 
46845 19154 19766 19156 
46846 19694 25117 22116 
46847 25234 25261 22840 
46848 20775 25102 19764 
46849 21258 25141 21099 
46850 21113 25264 23474 
46851 21648 22440 21916 
46852 20970 25234 25132 
46853 19752 25491 19750 
46854 1281 25305 19143 
46855 1532 25032 19083 
46856 21359 21438 21437 
46857 21067 25209 22120 
46858 1287 25134 1288 
46859 22108 25231 22110 
46860 21527 21528 21526 
46861 22507 25260 25250 
46862 20773 25111 20772 
46863 21097 25141 24852 
46864 20756 25304 25300 
46865 24502 25321 25276 
46866 22727 25230 22726 
46867 19468 25235 19663 
46868 21087 25224 21396 
46869 21068 25209 21067 
46870 25074 25205 24435 
46871 19730 25171 19732 
46872 19741 24983 20894 
46873 22845 25204 25075 
46874 19150 21236 19152 
46875 20762 25227 19819 
46876 20983 25270 24933 
46877 19083 25051 1533 
46878 23031 23032 21694 
46879 25075 25204 22793 
46880 23538 25268 25200 
46881 22113 25236 21122 
46882 21438 21695 21437 
46883 24578 25271 20968 
46884 23780 25238 22895 
46885 22733 25342 23461 
46886 20740 25283 20742 
46887 23650 25286 21126 
46888 24502 25276 20207 
46889 19754 19755 19746 
46890 21529 21788 21528 
46891 23107 25150 22134 
46892 1534 25051 18999 
46893 25188 25191 21421 
46894 23426 25239 21783 
46895 21923 25029 21921 
46896 24820 25234 24849 
46897 19769 25237 24905 
46898 24598 25276 22139 
46899 21051 21188 21187 
46900 21647 25063 21648 
46901 21249 25159 22132 
46902 21445 22452 21446 
46903 21445 21446 21193 
46904 18998 25069 1293 
46905 1524 25153 1525 
46906 21241 21383 21056 
46907 25651 25742 19421 
46908 22120 25209 22126 
46909 22113 25244 25236 
46910 25553 25556 22783 
46911 1294 25069 19084 
46912 22509 23351 21791 
46913 23059 23060 21920 
46914 24854 25250 25224 
46915 22826 25160 22122 
46916 23771 25907 25505 
46917 21796 23187 21794 
46918 22881 23646 22878 
46919 21254 25184 21252 
46920 20977 25171 19730 
46921 19168 25202 19171 
46922 19646 25203 19692 
46923 21957 25279 21958 
46924 21187 21647 21189 
46925 18999 25101 1535 
46926 21192 21445 21193 
46927 22135 25150 23122 
46928 21792 22509 21791 
46929 19728 25210 20977 
46930 22134 25150 22135 
46931 22783 25556 22219 
46932 24603 25298 25208 
46933 23387 25306 23656 
46934 21449 25214 19715 
46935 21958 25279 24776 
46936 25307 25312 23494 
46937 24891 25237 19738 
46938 25177 25245 23523 
46939 21105 21425 21207 
46940 25185 25232 20069 
46941 21616 25241 25095 
46942 20772 21192 20982 
46943 21788 22229 21528 
46944 21565 25180 21438 
46945 23356 23357 22229 
46946 19699 25193 19704 
46947 19166 25202 19168 
46948 25533 25535 22207 
46949 1304 19044 1305 
46950 22136 25210 19707 
46951 23605 25232 22721 
46952 23234 25818 23235 
46953 25274 25292 22873 
46954 22114 25242 23553 
46955 21642 21715 21383 
46956 21192 21193 20982 
46957 22739 25262 25214 
46958 20758 25283 25278 
46959 1325 25516 23309 
46960 21252 25184 22521 
46961 25647 25737 19427 
46962 19702 25214 19697 
46963 24865 25244 22113 
46964 21648 25063 22440 
46965 20772 25111 21192 
46966 22207 25535 21569 
46967 22160 25322 23440 
46968 19719 25210 19728 
46969 21426 22812 22444 
46970 19704 25193 19757 
46971 25239 25249 22112 
46972 1536 25101 19087 
46973 22735 25269 22129 
46974 20983 21050 20898 
46975 22770 25180 21565 
46976 1523 19037 1524 
46977 21788 23356 22229 
46978 19707 25210 19719 
46979 19146 23094 19148 
46980 18971 25516 1324 
46981 25556 25557 22219 
46982 21060 25227 20762 
46983 24839 25241 24834 
46984 21352 25202 19166 
46985 20772 20982 19820 
46986 22125 25250 24854 
46987 23545 25297 22729 
46988 22119 25257 23570 
46989 19692 25203 21353 
46990 20983 21051 21050 
46991 22305 25278 22729 
46992 25336 25366 22733 
46993 22219 25557 21370 
46994 20896 20983 20898 
46995 20356 25294 20361 
46996 22844 25890 25801 
46997 22123 25245 22118 
46998 24820 25261 25234 
46999 23008 25284 22127 
47000 21062 25277 21063 
47001 21353 25193 19699 
47002 20371 25294 21338 
47003 21575 25216 21382 
47004 23788 25301 22149 
47005 21051 21187 21050 
47006 19715 25214 19702 
47007 25643 25730 19433 
47008 22877 25029 21923 
47009 21726 25184 21254 
47010 21438 25180 21695 
47011 1528 25146 19088 
47012 25095 25241 22732 
47013 23798 25301 24256 
47014 19087 25131 1537 
47015 22527 25452 25326 
47016 21277 25259 21351 
47017 1290 25135 19085 
47018 22749 25436 22748 
47019 22123 25256 25245 
47020 20895 25338 19752 
47021 24834 25241 21616 
47022 22721 25232 25185 
47023 24432 25291 22024 
47024 22916 25256 22123 
47025 20734 25304 20736 
47026 22735 25291 25269 
47027 23506 25460 22253 
47028 22024 25313 22366 
47029 19672 25262 19673 
47030 19738 25237 19747 
47031 1520 19046 1521 
47032 1286 25254 1287 
47033 19156 25233 19158 
47034 21263 25264 21113 
47035 22752 25325 23582 
47036 21427 22527 21694 
47037 1305 25206 1306 
47038 25031 25247 23016 
47039 21531 25223 21529 
47040 19152 25229 19154 
47041 22749 25439 25436 
47042 1538 25131 19017 
47043 19018 25135 1289 
47044 19747 25237 19769 
47045 25208 25298 24032 
47046 21382 25216 21726 
47047 21529 25223 21788 
47048 22375 25247 25031 
47049 22144 25281 22133 
47050 24882 25292 25274 
47051 22131 25227 21060 
47052 21644 25260 22884 
47053 21810 25263 21773 
47054 19148 25199 19150 
47055 21437 25240 21188 
47056 22118 25245 25177 
47057 19000 25146 1527 
47058 23565 25307 22541 
47059 25200 25268 22300 
47060 21494 25307 21493 
47061 23786 25306 22081 
47062 22012 25261 24820 
47063 21272 25308 21535 
47064 23632 25317 20532 
47065 22012 25265 25261 
47066 23084 25216 21575 
47067 21425 25258 21426 
47068 22527 23031 21694 
47069 19746 25243 19737 
47070 23378 25318 22316 
47071 22729 25297 22307 
47072 22314 25300 23486 
47073 19697 25262 19672 
47074 25227 25281 20775 
47075 21937 25312 21489 
47076 22158 25303 25242 
47077 1526 25145 19000 
47078 22853 25265 22012 
47079 23407 25289 23491 
47080 19766 25233 19156 
47081 22885 22886 21716 
47082 21188 25240 21187 
47083 25250 25260 21644 
47084 21056 25111 20773 
47085 23781 25267 21840 
47086 22138 25315 22738 
47087 25367 25456 22163 
47088 24587 25311 21974 
47089 25214 25262 19697 
47090 1288 25134 19018 
47091 22126 25274 22873 
47092 19109 26040 23546 
47093 21791 25223 21531 
47094 21427 21694 21425 
47095 21355 25354 25330 
47096 23543 25454 22879 
47097 24891 25287 25237 
47098 22252 25334 22186 
47099 22129 25269 25141 
47100 1306 19089 1307 
47101 25296 25948 19035 
47102 23100 25344 23782 
47103 25141 25269 24852 
47104 22366 25323 24921 
47105 21105 21427 21425 
47106 19755 25243 19746 
47107 25313 25323 22366 
47108 24852 25269 20793 
47109 23493 25441 23442 
47110 20185 25319 20186 
47111 24404 25273 19652 
47112 19154 25229 19766 
47113 25237 25287 24905 
47114 21362 25274 25209 
47115 21715 22885 21716 
47116 21918 23059 21920 
47117 19737 25243 23576 
47118 22457 25272 23587 
47119 24882 25274 21362 
47120 22885 22996 22886 
47121 23351 25223 21791 
47122 21958 25271 24578 
47123 22300 25268 22302 
47124 25441 25471 23442 
47125 1525 25153 25145 
47126 21715 21716 21383 
47127 1307 25248 1308 
47128 25414 25459 22167 
47129 25276 25321 23429 
47130 21187 25240 21647 
47131 1285 19082 1286 
47132 21756 25264 21263 
47133 1541 19081 1542 
47134 20207 25276 24598 
47135 1542 25255 1543 
47136 19150 25199 21236 
47137 19160 25275 19701 
47138 21236 25229 19152 
47139 23032 25258 21694 
47140 23430 25581 23357 
47141 22148 25339 24122 
47142 25339 25365 19809 
47143 25209 25274 22126 
47144 20857 25331 24548 
47145 22812 23013 22813 
47146 22146 25314 22144 
47147 25269 25291 20793 
47148 25432 25464 22171 
47149 19158 25275 19160 
47150 23429 25321 21843 
47151 24743 25279 21957 
47152 22157 25336 21522 
47153 21553 25336 23461 
47154 22131 25281 25227 
47155 25268 25278 22302 
47156 25191 25280 21752 
47157 1540 25282 1541 
47158 22302 25278 22305 
47159 23031 26033 19038 
47160 22290 25683 25589 
47161 22537 25353 21500 
47162 25359 25470 19812 
47163 22127 25284 25240 
47164 24905 25287 24171 
47165 25321 25329 21843 
47166 20175 25342 20176 
47167 25259 25315 21351 
47168 23640 25348 24078 
47169 21063 25277 21105 
47170 21426 25258 22812 
47171 20179 25342 22733 
47172 24743 25285 25279 
47173 25440 25466 22177 
47174 24788 25337 22743 
47175 21843 25329 23650 
47176 19037 25153 1524 
47177 20742 25283 20758 
47178 25233 25275 19158 
47179 19799 25499 25361 
47180 19048 25305 1280 
47181 19088 25453 24311 
47182 24083 25350 24084 
47183 1287 25254 25134 
47184 19805 25508 25363 
47185 22738 25315 25259 
47186 22440 25266 21916 
47187 22153 25359 23796 
47188 23385 25290 23417 
47189 21286 25285 24743 
47190 23094 25199 19148 
47191 22133 25281 22131 
47192 21126 25286 22747 
47193 1331 25288 1332 
47194 22158 25364 25303 
47195 25448 25472 22182 
47196 22880 25454 22992 
47197 23823 25289 23407 
47198 25287 25310 24171 
47199 21286 25295 25285 
47200 21916 25266 21918 
47201 22904 25280 25191 
47202 21797 25355 22370 
47203 20896 25270 20983 
47204 24078 25362 21818 
47205 21694 25258 21425 
47206 25291 25313 22024 
47207 22160 25371 25322 
47208 20361 25294 20371 
47209 23360 26226 22902 
47210 20894 25270 20896 
47211 23477 25427 23116 
47212 21775 25295 21286 
47213 19164 25320 21352 
47214 24983 25270 20894 
47215 20810 25362 23110 
47216 19044 25206 1305 
47217 25302 25306 23387 
47218 20182 25360 20185 
47219 25457 25474 22190 
47220 21105 25277 21427 
47221 25240 25284 21647 
47222 20793 25291 24432 
47223 24099 25367 19301 
47224 21521 25287 24891 
47225 21478 25531 23520 
47226 19809 25351 19783 
47227 21938 25467 23804 
47228 23452 25476 22746 
47229 25337 25343 22747 
47230 25539 25588 25218 
47231 21112 25369 24105 
47232 22912 25292 24882 
47233 19805 25363 19803 
47234 21647 25284 25063 
47235 1386 25296 1387 
47236 24171 25310 22155 
47237 21137 25422 20913 
47238 23841 25372 21823 
47239 22747 25343 23788 
47240 19701 25320 19162 
47241 19785 25345 19809 
47242 24073 25371 21825 
47243 19799 25361 19797 
47244 25111 25293 24992 
47245 22144 25314 25281 
47246 25462 25477 22194 
47247 19564 25375 24333 
47248 23109 25372 20809 
47249 21134 25412 23113 
47250 1284 25251 1285 
47251 23778 25298 24603 
47252 19568 25375 19565 
47253 23778 25299 25298 
47254 24326 25414 19297 
47255 22307 25297 22312 
47256 22746 25479 23452 
47257 21521 25310 25287 
47258 25342 25376 23461 
47259 24075 25428 24215 
47260 21847 25426 20836 
47261 21762 25413 21760 
47262 22149 25301 23798 
47263 22081 25302 23627 
47264 21910 25416 21911 
47265 25026 25353 22204 
47266 22017 25417 21971 
47267 21914 25416 23129 
47268 22312 25300 22314 
47269 21906 25420 21907 
47270 24392 25426 22147 
47271 20736 25304 20756 
47272 21891 25428 22539 
47273 21738 25419 22538 
47274 22155 25341 22745 
47275 25297 25300 22312 
47276 24343 25432 19293 
47277 1367 25577 18989 
47278 19058 25577 1366 
47279 24774 25417 22128 
47280 25341 25351 22745 
47281 22515 25424 22513 
47282 22748 25418 24759 
47283 21754 25429 21755 
47284 21355 25330 25104 
47285 19791 25374 19812 
47286 25468 25484 22744 
47287 25330 25354 22734 
47288 22453 25425 25423 
47289 23131 25430 22542 
47290 21977 25427 23147 
47291 22763 25503 25363 
47292 24959 25365 23805 
47293 19096 26215 23025 
47294 21487 25434 23149 
47295 23116 25427 24773 
47296 21974 25308 21272 
47297 22541 25307 21494 
47298 21918 25266 23059 
47299 24975 25433 21938 
47300 21090 25437 20051 
47301 20049 25437 21163 
47302 24329 25439 24083 
47303 24345 25440 19289 
47304 22753 25521 23414 
47305 21290 25860 25673 
47306 25476 25494 22746 
47307 23442 25471 20784 
47308 19101 26131 24023 
47309 25193 25303 24926 
47310 22530 25415 24967 
47311 22762 25492 25361 
47312 21758 25443 23141 
47313 22548 25443 21485 
47314 24160 25832 22362 
47315 1306 25206 19089 
47316 25828 25832 24160 
47317 25201 25299 23778 
47318 21757 25445 23136 
47319 21747 25445 21466 
47320 22145 25349 22550 
47321 22533 25444 21395 
47322 22141 25452 23422 
47323 20973 25442 22641 
47324 24366 25448 19285 
47325 23494 25312 21937 
47326 21295 25450 22226 
47327 23088 25450 21621 
47328 20191 25311 24587 
47329 23156 25438 24807 
47330 22156 25442 24513 
47331 22263 25640 25490 
47332 20424 25447 20425 
47333 25281 25314 20775 
47334 19082 25254 1286 
47335 23366 25774 22315 
47336 20428 25447 23139 
47337 20434 25449 20435 
47338 23118 25431 24994 
47339 20438 25449 23135 
47340 21555 25451 22154 
47341 23421 25315 22138 
47342 24933 25347 24029 
47343 20191 25316 25311 
47344 23804 25500 21135 
47345 24377 25457 19281 
47346 22743 25337 25286 
47347 24311 25453 23412 
47348 20977 25309 25034 
47349 22736 25313 22735 
47350 22883 25358 22881 
47351 20189 25316 20191 
47352 23910 25723 25717 
47353 20532 25317 20534 
47354 24881 25444 22685 
47355 22735 25313 25291 
47356 25099 25310 21521 
47357 1541 25282 19081 
47358 24071 25465 21457 
47359 23176 25358 22883 
47360 22316 25318 24079 
47361 21613 25455 21615 
47362 25303 25364 24926 
47363 21716 25293 21383 
47364 24439 25526 22224 
47365 25081 25364 22158 
47366 22164 25459 22163 
47367 20189 25319 25316 
47368 25489 25520 22214 
47369 24380 25462 19277 
47370 25495 25525 20987 
47371 22989 25455 21643 
47372 22224 25528 24439 
47373 21413 25461 21751 
47374 20186 25319 20189 
47375 25242 25303 21353 
47376 25488 25492 23794 
47377 19089 25248 1307 
47378 22490 25539 23431 
47379 22168 25464 22167 
47380 24263 25465 23075 
47381 25160 25327 25326 
47382 20534 25475 25054 
47383 22742 25321 24502 
47384 21383 25293 21056 
47385 22136 25330 25309 
47386 1280 25305 1281 
47387 22200 25473 23483 
47388 25512 25540 22751 
47389 20775 25314 25102 
47390 25210 25309 20977 
47391 21353 25303 25193 
47392 21056 25293 25111 
47393 22736 25323 25313 
47394 22136 25309 25210 
47395 22172 25466 22171 
47396 22368 25834 24095 
47397 22858 25469 22497 
47398 22499 25469 22985 
47399 22742 25329 25321 
47400 19273 25468 19270 
47401 23582 25325 22730 
47402 25286 25337 22747 
47403 22764 25558 25543 
47404 25081 25433 25364 
47405 24121 25470 23661 
47406 19162 25320 19164 
47407 19812 25463 19789 
47408 19081 25255 1542 
47409 25521 25544 23414 
47410 22178 25472 22177 
47411 22743 25329 22742 
47412 25270 25347 24933 
47413 23011 25323 22736 
47414 25583 25684 22647 
47415 20861 25473 24508 
47416 22183 25474 22182 
47417 21219 25331 20857 
47418 23452 25483 22181 
47419 21566 25476 23452 
47420 22202 25476 21558 
47421 24029 25458 24028 
47422 19030 25593 1461 
47423 19809 25365 25351 
47424 25346 26117 19002 
47425 22301 25481 22299 
47426 21219 25333 25331 
47427 22191 25477 22190 
47428 19092 25346 1027 
47429 25160 25326 22141 
47430 20900 25338 20895 
47431 25360 25366 22730 
47432 25532 25533 22207 
47433 22730 25366 22157 
47434 25310 25341 22155 
47435 20123 25479 20124 
47436 21789 25333 21219 
47437 22186 25334 23502 
47438 20127 25479 22746 
47439 25104 25330 22136 
47440 21571 25480 21942 
47441 25526 25548 22224 
47442 22195 25482 22194 
47443 20784 25332 23496 
47444 22229 25620 25551 
47445 25554 25662 21943 
47446 23168 25874 19050 
47447 21522 25336 21553 
47448 23432 25573 22861 
47449 21534 25337 24788 
47450 1028 25346 19002 
47451 25172 25473 22200 
47452 24429 25487 21210 
47453 25501 25503 22208 
47454 23805 25339 22148 
47455 23795 25488 23794 
47456 21534 25343 25337 
47457 22252 25594 25334 
47458 21716 25425 25293 
47459 22575 25340 21483 
47460 20176 25342 20179 
47461 25293 25425 24992 
47462 19002 25352 1029 
47463 23782 25344 19682 
47464 25423 25425 22886 
47465 21535 25343 21534 
47466 24104 25489 21836 
47467 19817 25486 19795 
47468 22081 25306 25302 
47469 22767 25495 23663 
47470 20185 25360 25325 
47471 19787 25345 19785 
47472 25509 25510 22218 
47473 24023 26180 19101 
47474 19782 25351 25341 
47475 25344 25348 19682 
47476 19916 25496 24233 
47477 1030 25352 19093 
47478 24983 25347 25270 
47479 25536 25654 19542 
47480 25251 25252 19082 
47481 19882 25493 19884 
47482 25339 25345 24122 
47483 25473 25494 23483 
47484 25347 25458 24029 
47485 23341 26148 23340 
47486 25099 25341 25310 
47487 23461 25376 22151 
47488 22404 25515 21929 
47489 19093 25356 1031 
47490 21267 25502 23448 
47491 25480 25618 21942 
47492 19782 25341 25099 
47493 23267 25818 23265 
47494 23315 25917 23312 
47495 25550 25553 22783 
47496 1032 25356 18987 
47497 1285 25251 19082 
47498 19682 25348 23640 
47499 24138 25838 20685 
47500 25376 25418 22151 
47501 21500 25353 25026 
47502 19809 25345 25339 
47503 19828 25499 19801 
47504 22205 25501 22208 
47505 24295 25468 22744 
47506 22734 25354 22159 
47507 20120 25504 20123 
47508 24084 25350 20909 
47509 19269 25468 24295 
47510 21287 25506 24717 
47511 20847 25512 24361 
47512 22212 25509 22218 
47513 19025 26112 23291 
47514 20766 25508 19807 
47515 23122 25349 22145 
47516 25361 25499 22762 
47517 19916 25645 25496 
47518 25467 25500 23804 
47519 1027 25346 1028 
47520 22748 25436 25418 
47521 25350 25357 20909 
47522 22363 25355 21797 
47523 22764 25543 22223 
47524 23412 25453 22176 
47525 21929 25514 24593 
47526 20909 25357 22755 
47527 25363 25508 22763 
47528 19783 25351 19782 
47529 24992 25425 22453 
47530 25277 25452 21427 
47531 19743 25347 24983 
47532 20855 25521 24397 
47533 24984 25534 21287 
47534 1029 25352 1030 
47535 21948 25521 22753 
47536 20985 25541 25524 
47537 23661 25359 22153 
47538 25027 25354 21355 
47539 25845 25847 22352 
47540 22352 25847 22350 
47541 23110 25601 23482 
47542 1031 25356 1032 
47543 20181 25360 20182 
47544 25359 25374 23796 
47545 24438 25526 24439 
47546 22350 25848 21581 
47547 23806 25526 21562 
47548 24522 25525 22214 
47549 25847 25848 22350 
47550 21818 25362 20810 
47551 20181 25366 25360 
47552 24443 25490 25137 
47553 25451 25456 22755 
47554 19797 25361 19817 
47555 20083 25528 22224 
47556 23794 25492 22152 
47557 25150 25578 19675 
47558 19803 25363 19828 
47559 20079 25528 20080 
47560 23121 26111 19066 
47561 22755 25456 24099 
47562 25513 25514 22760 
47563 22380 25513 22760 
47564 20104 25529 20107 
47565 24984 25546 25534 
47566 22218 25510 22380 
47567 22208 25503 22210 
47568 24439 25530 22225 
47569 21929 25515 25514 
47570 22733 25366 20181 
47571 19812 25470 25463 
47572 20766 25509 25508 
47573 21270 25502 21267 
47574 19828 25501 25499 
47575 22159 25421 24042 
47576 19301 25367 24326 
47577 21581 25851 22577 
47578 25989 26012 23464 
47579 22355 25858 25846 
47580 23422 25452 25277 
47581 19812 25374 25359 
47582 25510 25513 22380 
47583 22881 25358 23646 
47584 22187 25368 23181 
47585 20989 25533 24519 
47586 22745 25365 24959 
47587 24105 25369 21861 
47588 25848 25851 21581 
47589 24926 25364 21140 
47590 22187 25370 25368 
47591 20809 25372 23841 
47592 22188 25370 22187 
47593 19787 25463 25345 
47594 21825 25371 22160 
47595 22188 25415 25370 
47596 24525 25536 19542 
47597 25421 25446 24042 
47598 19817 25488 25486 
47599 22538 25373 23117 
47600 19565 25375 19564 
47601 1121 25377 1122 
47602 1123 25378 1124 
47603 1223 25379 1224 
47604 1133 25380 1134 
47605 1071 25381 1072 
47606 1231 25382 1232 
47607 1221 25383 1222 
47608 1202 25385 1203 
47609 1052 25384 1053 
47610 1093 25389 1094 
47611 1242 25387 1243 
47612 1042 25390 1043 
47613 1194 25391 1195 
47614 1040 25388 1041 
47615 1062 25395 1063 
47616 1095 25386 1096 
47617 1178 25392 1179 
47618 1180 25393 1181 
47619 1080 25394 1081 
47620 1078 25398 1079 
47621 1085 25401 1086 
47622 1251 25411 1252 
47623 24424 25376 20175 
47624 1090 25403 1091 
47625 1187 25399 1188 
47626 1088 25404 1089 
47627 1084 25402 1085 
47628 1097 25396 1098 
47629 1190 25397 1191 
47630 1116 25407 1117 
47631 1145 25406 1146 
47632 1064 25408 1065 
47633 1238 25409 1239 
47634 1176 25405 1177 
47635 1182 25410 1183 
47636 21789 25830 25333 
47637 18983 26162 25384 
47638 22124 25412 21134 
47639 19124 25913 25408 
47640 1122 25377 18976 
47641 18976 25378 1123 
47642 18977 25379 1223 
47643 18980 25380 1133 
47644 1232 25382 18978 
47645 1222 25383 18977 
47646 18984 25381 1071 
47647 18983 25384 1052 
47648 1203 25385 18982 
47649 1124 25378 19099 
47650 19096 25377 1121 
47651 1224 25379 19109 
47652 1134 25380 19103 
47653 19107 25382 1231 
47654 19108 25383 1221 
47655 1072 25381 19095 
47656 1053 25384 19111 
47657 19104 25385 1202 
47658 19005 25387 1242 
47659 1094 25389 19006 
47660 19012 25390 1042 
47661 19011 25391 1194 
47662 1243 25387 19125 
47663 19115 25389 1093 
47664 1043 25390 19129 
47665 1195 25391 19128 
47666 1041 25388 19012 
47667 19010 25395 1062 
47668 19006 25386 1095 
47669 19126 25388 1040 
47670 1063 25395 19124 
47671 1096 25386 19133 
47672 1179 25392 19008 
47673 19008 25393 1180 
47674 19013 25394 1080 
47675 1079 25398 19013 
47676 19132 25392 1178 
47677 1181 25393 19130 
47678 1081 25394 19131 
47679 19138 25398 1078 
47680 1086 25401 19042 
47681 19117 25407 1116 
47682 19118 25406 1145 
47683 19124 25408 1064 
47684 19133 25396 1097 
47685 1191 25397 19137 
47686 1239 25409 19134 
47687 19043 25399 1187 
47688 1177 25405 19132 
47689 19130 25410 1182 
47690 1252 25411 18947 
47691 18929 25403 1090 
47692 1089 25404 18929 
47693 18946 25402 1084 
47694 1098 25396 18939 
47695 18930 25397 1190 
47696 1146 25406 18927 
47697 1117 25407 18944 
47698 1065 25408 18932 
47699 18942 25409 1238 
47700 18935 25405 1176 
47701 1183 25410 18945 
47702 19297 25414 24343 
47703 21760 25413 23159 
47704 23019 25894 23017 
47705 25364 25433 21140 
47706 19793 25374 19791 
47707 25442 25617 22641 
47708 25433 25467 21938 
47709 22146 25441 25314 
47710 21911 25416 21914 
47711 24424 25418 25376 
47712 24967 25415 22188 
47713 21971 25417 24774 
47714 22154 25451 25357 
47715 18953 26240 23102 
47716 22253 25629 22252 
47717 25325 25360 22730 
47718 25500 25543 21135 
47719 24215 25428 21891 
47720 22140 25419 21738 
47721 21907 25420 21910 
47722 20836 25426 24392 
47723 24759 25418 24424 
47724 25354 25421 22159 
47725 22513 25424 23118 
47726 22810 25857 23088 
47727 25345 25463 24122 
47728 22140 25431 25419 
47729 24818 25542 22751 
47730 25856 25857 22810 
47731 25027 25421 25354 
47732 24773 25427 21977 
47733 22539 25579 23530 
47734 21755 25429 21906 
47735 21479 25531 21478 
47736 22378 25831 23660 
47737 22542 25430 23130 
47738 19293 25432 24345 
47739 19067 25636 1434 
47740 1435 25636 18957 
47741 23072 26223 25984 
47742 1476 25637 18948 
47743 24670 25545 22646 
47744 22150 25434 21487 
47745 20076 25550 20079 
47746 22150 25438 25434 
47747 19211 25421 25027 
47748 22151 25436 21554 
47749 23132 25435 23131 
47750 21216 25554 21943 
47751 19743 25458 25347 
47752 21287 25534 25506 
47753 24994 25431 22140 
47754 20072 25553 20074 
47755 25615 25617 21748 
47756 20051 25437 20049 
47757 21370 25561 24057 
47758 22252 25629 25594 
47759 21140 25433 24975 
47760 24807 25438 22150 
47761 25436 25439 21554 
47762 22163 25459 25367 
47763 25351 25365 22745 
47764 22146 25471 25441 
47765 20993 25574 24412 
47766 25582 25591 24411 
47767 19211 25446 25421 
47768 21554 25439 24329 
47769 22226 25849 23840 
47770 19289 25440 24366 
47771 21748 25617 23133 
47772 24340 25615 21748 
47773 22810 25863 25856 
47774 18996 25646 1496 
47775 1497 25646 19059 
47776 22453 25423 23070 
47777 19838 25558 20993 
47778 21485 25443 21758 
47779 22130 25552 22988 
47780 24513 25442 20973 
47781 22886 25425 21716 
47782 22167 25464 25414 
47783 19718 25581 19706 
47784 21466 25445 21757 
47785 21395 25444 24881 
47786 21823 25575 19608 
47787 24227 25575 22124 
47788 24993 25446 19211 
47789 22731 25552 21764 
47790 22669 25948 25296 
47791 23840 25853 23839 
47792 20425 25447 20428 
47793 24443 25648 25490 
47794 24042 25446 23606 
47795 19285 25448 24377 
47796 25849 25853 23840 
47797 21621 25450 21295 
47798 20435 25449 20438 
47799 23530 25579 21968 
47800 21556 25451 21555 
47801 25458 25506 24028 
47802 22879 25454 22880 
47803 23839 25854 20744 
47804 19774 25546 24984 
47805 22171 25466 25432 
47806 21556 25456 25451 
47807 25853 25854 23839 
47808 19011 25951 23077 
47809 24412 25582 24411 
47810 22769 25576 24821 
47811 22163 25456 21556 
47812 22800 25686 25682 
47813 21643 25455 21613 
47814 19281 25457 24380 
47815 21968 25579 21456 
47816 19745 25620 25581 
47817 19046 26044 23091 
47818 25721 25729 19690 
47819 25374 25486 23796 
47820 25102 25441 23493 
47821 22363 25836 25355 
47822 22177 25472 25440 
47823 24680 25687 25686 
47824 22575 25475 25340 
47825 23507 25460 23506 
47826 21578 25689 25687 
47827 22167 25459 22164 
47828 24680 25686 22800 
47829 24892 25692 25690 
47830 22016 25690 25689 
47831 21578 25687 24680 
47832 23285 26219 23282 
47833 21513 25461 21413 
47834 22016 25689 21578 
47835 25314 25441 25102 
47836 22234 25583 21374 
47837 19277 25462 24384 
47838 24117 25941 24118 
47839 21427 25452 22527 
47840 23807 25842 22361 
47841 19683 25692 24892 
47842 25731 25735 19695 
47843 24235 25585 24234 
47844 21457 25465 24263 
47845 19970 25683 25682 
47846 24892 25690 22016 
47847 24963 25458 19743 
47848 23356 25599 23389 
47849 22352 25852 25845 
47850 22182 25474 25448 
47851 24191 25586 22598 
47852 24223 25589 24194 
47853 22171 25464 22168 
47854 24792 25583 22647 
47855 20981 25584 20557 
47856 23807 25843 25842 
47857 19793 25486 25374 
47858 1347 25995 23026 
47859 19774 25576 25546 
47860 25340 25475 23098 
47861 19789 25463 19787 
47862 22229 25551 21528 
47863 21569 25537 24271 
47864 22361 25840 22378 
47865 19830 25580 19772 
47866 25592 25595 24565 
47867 24642 26102 21185 
47868 25558 25574 20993 
47869 22228 25591 21821 
47870 25482 25484 24384 
47871 22190 25477 25457 
47872 24384 25484 19273 
47873 25605 25607 22786 
47874 22177 25466 22172 
47875 24371 25942 25403 
47876 23033 25987 18968 
47877 25574 25582 24412 
47878 22786 25607 21573 
47879 21158 25592 24565 
47880 19830 25588 25580 
47881 19270 25468 19269 
47882 22361 25842 25840 
47883 22497 25469 22499 
47884 24122 25470 24121 
47885 25357 25451 22755 
47886 19098 25505 1173 
47887 20985 25524 24993 
47888 22231 25597 22230 
47889 1396 25685 1397 
47890 22182 25472 22178 
47891 21589 25675 25671 
47892 24196 25900 25802 
47893 22194 25482 25462 
47894 25821 25824 25124 
47895 21580 25844 25837 
47896 25843 25859 22356 
47897 23482 25601 22645 
47898 25418 25436 22151 
47899 22378 25840 25831 
47900 25576 25580 24821 
47901 23297 26242 19054 
47902 22360 25820 23366 
47903 21221 25675 21589 
47904 21221 25676 25675 
47905 24786 25677 25676 
47906 22190 25474 22183 
47907 23787 25672 25671 
47908 25524 25541 22288 
47909 22189 25467 25081 
47910 22550 25471 22146 
47911 19004 25523 1143 
47912 1144 25523 19118 
47913 23483 25494 22202 
47914 24786 25676 21221 
47915 22124 25728 25412 
47916 21973 25677 24786 
47917 25124 25824 22360 
47918 19852 25598 24429 
47919 21558 25476 21566 
47920 24508 25473 25172 
47921 25054 25475 22575 
47922 1128 25527 1129 
47923 23507 25667 25658 
47924 22228 25592 25591 
47925 22194 25477 22191 
47926 19817 25492 25488 
47927 21570 25600 22231 
47928 23027 26214 23306 
47929 22181 25483 23624 
47930 25248 25988 25718 
47931 24134 25618 22788 
47932 22645 25601 21499 
47933 20124 25479 20127 
47934 21786 25603 24165 
47935 24565 25595 21150 
47936 25616 25618 24134 
47937 22360 25824 25820 
47938 22231 25598 25597 
47939 25081 25467 25433 
47940 22804 25481 22301 
47941 22235 25480 21571 
47942 25367 25459 24326 
47943 22198 25482 22195 
47944 22806 25664 25663 
47945 24160 25835 25828 
47946 21601 25665 25664 
47947 24518 25605 21002 
47948 23514 26176 23068 
47949 21601 25664 22806 
47950 22198 25484 25482 
47951 22538 25653 25373 
47952 24390 25833 25825 
47953 21954 25665 21601 
47954 1085 25402 25401 
47955 22744 25484 22198 
47956 25693 25715 21013 
47957 22775 25547 22774 
47958 23154 26094 19086 
47959 25667 25679 19691 
47960 1328 25485 1329 
47961 25656 25657 24249 
47962 25218 25588 19830 
47963 22781 25700 23872 
47964 24379 25829 25822 
47965 23624 25511 22766 
47966 25338 25491 19752 
47967 25744 25755 19696 
47968 19544 25613 24133 
47969 20039 25609 20037 
47970 25595 25597 21150 
47971 24192 25622 19878 
47972 21600 25660 25657 
47973 23660 25821 25124 
47974 23542 26149 19044 
47975 21210 25487 23802 
47976 24375 25826 25817 
47977 19795 25486 19793 
47978 25504 25511 23624 
47979 25414 25464 24343 
47980 21788 25599 23356 
47981 22684 25660 21600 
47982 25511 25517 22766 
47983 22788 25618 25480 
47984 22766 25517 22765 
47985 24363 25823 25815 
47986 23872 25699 22781 
47987 25463 25470 24122 
47988 1311 25478 1312 
47989 22788 25619 21212 
47990 24605 25616 20999 
47991 23660 25831 25821 
47992 25137 25490 22556 
47993 23796 25488 23795 
47994 25517 25520 22765 
47995 22765 25520 24104 
47996 24369 25819 25812 
47997 23133 25617 25442 
47998 25151 25621 24955 
47999 20123 25504 25483 
48000 21836 25489 22767 
48001 19828 25503 25501 
48002 22311 25734 22306 
48003 1055 25559 1056 
48004 21591 25624 22791 
48005 24963 25506 25458 
48006 22313 25748 22311 
48007 22804 25712 25691 
48008 23802 25602 22787 
48009 19884 25493 24386 
48010 22263 25648 22802 
48011 23295 25621 25151 
48012 23663 25495 22750 
48013 25432 25466 24345 
48014 21368 25608 23830 
48015 22746 25494 20861 
48016 24640 25626 22043 
48017 25600 25602 23802 
48018 23132 25613 25435 
48019 19879 25623 19882 
48020 25633 25634 24352 
48021 19892 25630 24362 
48022 25635 25638 24342 
48023 25602 25604 22787 
48024 24233 25496 22620 
48025 25953 26187 25385 
48026 22313 25757 25748 
48027 25644 25645 19912 
48028 25639 25641 24331 
48029 25648 25649 22802 
48030 19889 25628 19892 
48031 22620 25497 21858 
48032 24385 25627 19888 
48033 22787 25604 22786 
48034 25712 25725 19670 
48035 22750 25498 24183 
48036 25630 25631 24362 
48037 21352 25594 25202 
48038 22775 25588 25539 
48039 22556 25640 22555 
48040 25495 25498 22750 
48041 22315 25757 22313 
48042 20766 25510 25509 
48043 25496 25497 22620 
48044 24927 25625 21592 
48045 23830 25610 22790 
48046 25608 25610 23830 
48047 22240 25631 22237 
48048 24362 25632 19896 
48049 23487 25659 22522 
48050 22790 25612 22789 
48051 19801 25499 19799 
48052 25628 25630 19892 
48053 22161 25659 23470 
48054 22762 25501 22205 
48055 25610 25612 22790 
48056 22789 25614 24134 
48057 22241 25633 22240 
48058 24352 25634 19900 
48059 19021 25930 23276 
48060 25612 25614 22789 
48061 25440 25472 24366 
48062 18991 25790 1447 
48063 1448 25790 19057 
48064 20119 25504 20120 
48065 22245 25635 22244 
48066 24342 25638 19904 
48067 22240 25633 25632 
48068 22189 25500 25467 
48069 25496 25645 22794 
48070 22311 25748 25734 
48071 24271 25537 22627 
48072 1173 25505 1174 
48073 24183 25532 22207 
48074 25529 25532 24183 
48075 22214 25525 25489 
48076 24346 25808 25805 
48077 26117 26157 19002 
48078 25551 25620 23519 
48079 22249 25639 22248 
48080 24331 25641 19908 
48081 20119 25511 25504 
48082 22487 25507 22739 
48083 19807 25508 19805 
48084 22763 25509 22212 
48085 22244 25635 25634 
48086 22315 25774 25757 
48087 25537 25540 22627 
48088 22255 25642 22254 
48089 21478 25502 21270 
48090 24361 25512 21897 
48091 22627 25540 20847 
48092 24722 25510 20766 
48093 19431 25643 19433 
48094 24516 25511 20119 
48095 24717 25506 24963 
48096 25486 25488 23796 
48097 23366 25820 25774 
48098 20946 25514 25513 
48099 1277 25590 1278 
48100 19912 25645 19913 
48101 20946 25513 24722 
48102 22910 26136 23228 
48103 24593 25514 20946 
48104 25246 25500 22189 
48105 24516 25517 25511 
48106 24722 25513 25510 
48107 22760 25515 22761 
48108 20107 25529 25498 
48109 1324 25516 1325 
48110 21149 25517 24516 
48111 22248 25639 25638 
48112 22490 25547 25539 
48113 25448 25474 24377 
48114 19425 25647 19427 
48115 21149 25520 25517 
48116 22780 25760 25706 
48117 22802 25650 23978 
48118 1254 25587 19139 
48119 18947 25587 1253 
48120 25499 25501 22762 
48121 19546 25649 19547 
48122 22926 25519 24695 
48123 24397 25521 21948 
48124 25542 25544 21897 
48125 23979 25654 25536 
48126 24249 25657 22796 
48127 22214 25520 21149 
48128 21897 25544 20855 
48129 23606 25524 22288 
48130 22487 25518 25507 
48131 22254 25642 25641 
48132 19592 25653 24261 
48133 21859 25652 21585 
48134 19419 25651 19421 
48135 19543 25654 19546 
48136 25508 25509 22763 
48137 22753 25522 22782 
48138 21584 25655 21880 
48139 23086 25518 22487 
48140 1143 25523 1144 
48141 25514 25515 22760 
48142 22805 25662 25554 
48143 23392 25785 21246 
48144 25642 25644 24320 
48145 24382 25804 25799 
48146 24320 25644 19912 
48147 20987 25525 24522 
48148 21215 25656 22803 
48149 21876 25663 24238 
48150 25457 25477 24380 
48151 22805 25661 21587 
48152 21562 25526 24438 
48153 25557 25561 21370 
48154 25490 25648 22263 
48155 25545 25548 22782 
48156 18923 25527 1128 
48157 18978 25596 1233 
48158 1234 25596 19106 
48159 22782 25548 23806 
48160 19044 26139 23542 
48161 20080 25528 20083 
48162 19756 25658 19175 
48163 20103 25529 20104 
48164 25543 25558 21135 
48165 24799 25662 22684 
48166 22996 26238 19048 
48167 23066 25943 25918 
48168 22225 25530 22783 
48169 25334 25594 21352 
48170 20103 25532 25529 
48171 22288 25541 22286 
48172 24086 25795 25787 
48173 23787 25671 22292 
48174 22751 25542 25512 
48175 22383 26014 23278 
48176 24519 25532 20103 
48177 22359 25688 25340 
48178 25462 25482 24384 
48179 19829 25783 23423 
48180 22286 25549 22284 
48181 25549 25555 22284 
48182 21290 25673 21392 
48183 24808 25666 21954 
48184 22259 25563 22222 
48185 23351 25599 25223 
48186 19399 25674 19401 
48187 22215 25533 20989 
48188 22259 25564 25563 
48189 22222 25563 25561 
48190 22261 25564 22259 
48191 23507 25658 25460 
48192 19179 25667 19691 
48193 22261 25567 25564 
48194 22215 25535 25533 
48195 21173 25769 25738 
48196 25752 25780 22347 
48197 24235 25684 25583 
48198 19393 25678 19395 
48199 24028 25534 22772 
48200 19058 26188 23000 
48201 22264 25567 22261 
48202 22264 25568 25567 
48203 22646 25545 25522 
48204 25506 25534 24028 
48205 19546 25654 25650 
48206 21526 25531 21479 
48207 22217 25535 22215 
48208 21629 25786 25781 
48209 22284 25555 22282 
48210 22266 25568 22264 
48211 22299 25679 22298 
48212 22282 25560 22280 
48213 19503 25680 21973 
48214 22227 25536 24525 
48215 19970 25682 19971 
48216 22268 25572 25569 
48217 23411 25733 23391 
48218 19009 25606 1213 
48219 1214 25606 19121 
48220 19637 25733 19635 
48221 22268 25569 22266 
48222 25560 25562 22280 
48223 22227 25538 25536 
48224 22270 25572 22268 
48225 22272 25571 25570 
48226 22266 25569 25568 
48227 22274 25571 22272 
48228 22280 25562 22278 
48229 24993 25524 25446 
48230 22272 25570 22270 
48231 25581 25620 23357 
48232 23490 25783 19159 
48233 25541 25549 22286 
48234 22303 25782 25777 
48235 23943 25715 25693 
48236 22803 25538 22227 
48237 22276 25566 22274 
48238 23938 25730 25643 
48239 22278 25565 22276 
48240 20079 25550 25530 
48241 1147 25611 1148 
48242 23872 25700 23873 
48243 25534 25546 22772 
48244 25562 25565 22278 
48245 25570 25572 22270 
48246 25565 25566 22276 
48247 23939 25737 25647 
48248 22217 25540 25537 
48249 19381 25694 19383 
48250 19053 25923 23143 
48251 25446 25524 23606 
48252 23940 25742 25651 
48253 25555 25560 22282 
48254 22751 25540 22217 
48255 19481 25697 19683 
48256 25566 25571 22274 
48257 22781 25699 24917 
48258 21176 25776 25761 
48259 20560 25706 20562 
48260 23955 25756 25674 
48261 25435 25613 19544 
48262 21799 25709 21798 
48263 23861 25763 25678 
48264 25361 25492 19817 
48265 19691 25691 19181 
48266 19680 25733 23411 
48267 22323 25772 25726 
48268 24420 25710 22351 
48269 22803 25656 25655 
48270 24929 25541 20985 
48271 22779 25542 24818 
48272 19157 25783 19829 
48273 23910 25717 23908 
48274 19639 25740 19637 
48275 23871 25778 25694 
48276 22779 25544 25542 
48277 22990 25722 24149 
48278 23904 25721 23902 
48279 23414 25544 22779 
48280 23265 25818 23234 
48281 25246 25543 25500 
48282 20990 25545 24670 
48283 19185 25712 19670 
48284 22485 25573 23432 
48285 23938 25729 23906 
48286 23898 25731 23896 
48287 22772 25546 22768 
48288 20990 25548 25545 
48289 19435 25730 19679 
48290 22651 25726 24894 
48291 23939 25735 23900 
48292 22306 25725 22304 
48293 22224 25548 20990 
48294 22979 25871 23339 
48295 19260 25555 25549 
48296 19429 25737 19690 
48297 23431 25539 25218 
48298 20074 25550 20076 
48299 23940 25741 23894 
48300 25363 25503 19828 
48301 21173 25764 20581 
48302 24929 25549 25541 
48303 25444 25857 22685 
48304 20984 25553 20072 
48305 22806 25554 21216 
48306 18981 26066 23074 
48307 19260 25549 24929 
48308 19423 25742 19695 
48309 21764 25552 22130 
48310 24049 25746 22201 
48311 23860 25744 23857 
48312 20623 25747 20625 
48313 20984 25556 25553 
48314 25012 25727 25037 
48315 23852 25751 21235 
48316 22684 25662 25660 
48317 22220 25556 20984 
48318 25355 25837 22370 
48319 19295 25736 24747 
48320 24106 25752 21237 
48321 21526 25551 25531 
48322 24890 25555 19260 
48323 24942 25738 22816 
48324 22220 25557 25556 
48325 22231 25600 25487 
48326 22222 25557 22220 
48327 23861 25762 23856 
48328 23955 25755 23863 
48329 25751 25766 22295 
48330 22322 25769 24097 
48331 21513 25621 25461 
48332 21135 25558 19838 
48333 21528 25551 21526 
48334 19397 25763 19696 
48335 23391 25740 21297 
48336 23419 25578 23107 
48337 24191 25882 25586 
48338 1056 25559 18936 
48339 22235 25619 25480 
48340 22414 25724 25170 
48341 20988 25562 25560 
48342 22223 25543 25246 
48343 22346 25761 24922 
48344 22375 25727 25247 
48345 20988 25560 24890 
48346 24890 25560 25555 
48347 25331 25832 24548 
48348 24057 25561 22603 
48349 21622 25772 22295 
48350 22603 25563 19668 
48351 24850 25562 20988 
48352 25483 25504 23624 
48353 1308 25718 1309 
48354 21962 25777 24795 
48355 23673 25779 23769 
48356 25546 25576 22768 
48357 25563 25564 19668 
48358 22804 25691 25481 
48359 21297 25740 19642 
48360 25561 25563 22603 
48361 24850 25565 25562 
48362 21246 25785 21279 
48363 25564 25567 24493 
48364 19668 25564 24493 
48365 25535 25537 21569 
48366 24493 25567 20996 
48367 25567 25568 20996 
48368 19656 25566 25565 
48369 21628 25782 22347 
48370 25163 25789 22365 
48371 25480 25619 22788 
48372 22348 25781 24796 
48373 25570 25571 20994 
48374 24822 25566 19656 
48375 25569 25572 19661 
48376 19656 25565 24850 
48377 20996 25568 24687 
48378 24687 25569 19661 
48379 24656 26052 21208 
48380 24729 25570 20994 
48381 25373 25653 19592 
48382 25568 25569 24687 
48383 20994 25571 24822 
48384 21954 25666 25665 
48385 19661 25572 24729 
48386 24822 25571 25566 
48387 24729 25572 25570 
48388 25666 25668 22807 
48389 19608 25575 24227 
48390 22807 25668 22808 
48391 23621 25574 22764 
48392 23185 26093 22774 
48393 22808 25669 23642 
48394 24627 25787 21038 
48395 21763 25792 21214 
48396 21176 25780 20593 
48397 21763 25789 25163 
48398 25668 25669 22808 
48399 20620 25796 20623 
48400 24196 25802 21439 
48401 23519 25620 19745 
48402 1366 25577 1367 
48403 25487 25600 23802 
48404 21928 25865 23373 
48405 22511 25785 23353 
48406 22768 25576 22769 
48407 24257 25802 22943 
48408 1296 25797 1297 
48409 25163 25792 21763 
48410 23373 25866 22969 
48411 24213 25814 22345 
48412 23642 25670 22809 
48413 22791 25624 25493 
48414 21631 25804 22819 
48415 25489 25525 22767 
48416 22764 25574 25558 
48417 22303 25784 21827 
48418 25670 25672 22809 
48419 22318 25805 22317 
48420 24935 25799 21632 
48421 25340 25688 21483 
48422 25669 25670 23642 
48423 22809 25672 23787 
48424 22977 25806 22376 
48425 22377 25806 23036 
48426 21456 25579 22515 
48427 19012 25870 25390 
48428 21822 25591 25582 
48429 25460 25658 19756 
48430 25493 25624 24386 
48431 19772 25580 19774 
48432 22555 25640 25497 
48433 26141 26202 18954 
48434 23107 25578 25150 
48435 19292 25810 19295 
48436 21973 25680 25677 
48437 25497 25640 21858 
48438 25539 25547 22775 
48439 19288 25812 19291 
48440 19745 25581 19718 
48441 19774 25580 25576 
48442 24317 25816 23039 
48443 23041 25816 23044 
48444 19284 25815 19287 
48445 25498 25529 24183 
48446 21629 25788 21390 
48447 23161 25928 19069 
48448 19280 25817 19283 
48449 1379 25873 1380 
48450 21822 25582 23621 
48451 25580 25588 24821 
48452 25393 25969 19130 
48453 25673 25860 22820 
48454 23621 25582 25574 
48455 19276 25822 19279 
48456 19039 25590 1277 
48457 22297 25681 22364 
48458 25680 25681 22297 
48459 21374 25583 24792 
48460 19272 25825 19275 
48461 22864 25827 22712 
48462 25681 25684 22364 
48463 21780 25830 21576 
48464 22364 25684 24235 
48465 23271 26191 23270 
48466 19268 25828 19271 
48467 20557 25584 20556 
48468 24234 25585 21318 
48469 22598 25586 22991 
48470 22362 25832 25331 
48471 1253 25587 1254 
48472 25585 25589 21318 
48473 21580 25836 21021 
48474 22519 25876 22520 
48475 23292 25914 19027 
48476 21318 25589 24223 
48477 24986 25827 21682 
48478 21580 25837 25355 
48479 21821 25591 21822 
48480 24821 25588 22775 
48481 21828 25850 24420 
48482 25512 25542 21897 
48483 22577 25864 24177 
48484 20744 25861 23800 
48485 24952 25837 24495 
48486 22128 25728 21468 
48487 24641 25845 24777 
48488 24409 25852 21799 
48489 22228 25595 25592 
48490 24789 25843 22356 
48491 21975 25858 22820 
48492 22355 25859 21582 
48493 24683 25856 22354 
48494 19686 25846 24842 
48495 25965 25978 21711 
48496 24194 25683 19970 
48497 24411 25592 21158 
48498 24395 25866 21072 
48499 23088 25857 25444 
48500 23296 25963 23294 
48501 22306 25734 25725 
48502 1461 25593 1462 
48503 21926 25865 21928 
48504 21072 25865 24482 
48505 25202 25594 24948 
48506 25591 25592 24411 
48507 24220 25595 22228 
48508 22969 25866 22968 
48509 25522 25545 22782 
48510 19683 25697 25692 
48511 25717 25723 19679 
48512 25481 25691 19691 
48513 1233 25596 1234 
48514 22310 25702 23612 
48515 25538 25652 21859 
48516 23127 26258 22404 
48517 23126 26258 23127 
48518 1292 25862 18998 
48519 25697 25702 22310 
48520 22230 25597 24220 
48521 24220 25597 25595 
48522 19085 25862 1291 
48523 23456 26046 25069 
48524 21150 25598 19852 
48525 19006 26024 25386 
48526 19673 25798 23473 
48527 23612 25705 23611 
48528 1135 25801 1136 
48529 22907 25883 24071 
48530 25530 25550 22783 
48531 25702 25705 23612 
48532 21932 25600 21570 
48533 21573 25608 21368 
48534 23611 25703 22357 
48535 21499 25601 22537 
48536 25333 25830 21780 
48537 25597 25598 21150 
48538 21932 25602 25600 
48539 25223 25599 21788 
48540 25554 25661 22805 
48541 22937 25871 22979 
48542 25262 25798 19673 
48543 25703 25707 22357 
48544 22357 25707 22291 
48545 23611 25705 25703 
48546 22778 25603 21786 
48547 24564 25602 21932 
48548 24564 25604 25602 
48549 21013 25715 24599 
48550 21083 25871 25157 
48551 20629 25807 20630 
48552 23428 25992 25134 
48553 21002 25604 24564 
48554 1392 25884 19062 
48555 18967 25884 1391 
48556 1295 25868 1296 
48557 22217 25537 25535 
48558 22232 25605 24518 
48559 25594 25629 24948 
48560 19032 26065 24538 
48561 22232 25607 25605 
48562 1213 25606 1214 
48563 22222 25561 25557 
48564 22233 25607 22232 
48565 25355 25836 21580 
48566 24346 25809 20637 
48567 23065 25918 23369 
48568 24805 25870 23058 
48569 22233 25610 25608 
48570 22803 25652 25538 
48571 21185 25609 20039 
48572 24751 25610 22233 
48573 20689 25855 25850 
48574 18927 25611 1147 
48575 25741 25743 23892 
48576 19681 25743 25741 
48577 24751 25612 25610 
48578 24133 25613 24340 
48579 25850 25855 22824 
48580 21956 25612 24751 
48581 24639 25914 22393 
48582 1220 25839 19108 
48583 21956 25614 25612 
48584 20999 25614 21956 
48585 24468 25617 25615 
48586 24468 25615 23132 
48587 24754 25616 24605 
48588 25412 25728 22128 
48589 22641 25617 24468 
48590 19113 26223 23072 
48591 24754 25618 25616 
48592 21942 25618 24754 
48593 23143 25940 23035 
48594 21212 25619 24192 
48595 20741 25872 21083 
48596 25507 25798 22739 
48597 19878 25623 19879 
48598 25014 25872 20745 
48599 22791 25622 22235 
48600 24955 25621 21513 
48601 23466 25889 23189 
48602 23339 25872 25014 
48603 21592 25624 21591 
48604 23291 25935 23290 
48605 23357 25620 22229 
48606 23942 25695 23934 
48607 19036 25893 1333 
48608 22822 25819 22344 
48609 25693 25695 23942 
48610 18945 25867 1184 
48611 24165 25875 22456 
48612 23943 25693 23942 
48613 22043 25625 24927 
48614 25695 25696 23934 
48615 23934 25696 23932 
48616 24386 25626 24385 
48617 23369 25918 19055 
48618 22806 25661 25554 
48619 23932 25698 23930 
48620 24369 25823 22340 
48621 25696 25698 23932 
48622 22792 25627 24640 
48623 25682 25683 22800 
48624 25698 25701 23930 
48625 23930 25701 23928 
48626 19888 25628 19889 
48627 22236 25630 22792 
48628 24363 25826 22336 
48629 23928 25704 23926 
48630 25701 25704 23928 
48631 22236 25631 25630 
48632 22792 25630 25628 
48633 22244 25634 25633 
48634 22237 25631 22236 
48635 24838 26204 24837 
48636 24948 25629 19756 
48637 25704 25708 23926 
48638 23926 25708 23924 
48639 19896 25632 24352 
48640 22248 25638 25635 
48641 19066 26111 23226 
48642 22902 26270 23360 
48643 24375 25829 22332 
48644 25671 25672 21589 
48645 23360 26270 19135 
48646 23924 25711 23922 
48647 22244 25633 22241 
48648 25708 25711 23924 
48649 22254 25641 25639 
48650 23191 25889 23194 
48651 19900 25634 24342 
48652 25711 25713 23922 
48653 23922 25713 23920 
48654 21600 25657 25656 
48655 22661 26057 22659 
48656 25632 25633 24352 
48657 1486 25899 19064 
48658 18966 25899 1485 
48659 23507 25679 25667 
48660 22794 25645 25644 
48661 21468 25728 23112 
48662 25378 26037 25722 
48663 24379 25833 22328 
48664 22248 25635 22245 
48665 1434 25636 1435 
48666 23920 25714 23918 
48667 1475 25637 1476 
48668 25713 25714 23920 
48669 19904 25638 24331 
48670 25714 25716 23918 
48671 23918 25716 23916 
48672 25634 25635 24342 
48673 22254 25639 22249 
48674 24010 25879 24009 
48675 24390 25835 22324 
48676 18936 25869 1057 
48677 23758 25879 24167 
48678 19908 25641 24320 
48679 23916 25719 23914 
48680 25716 25719 23916 
48681 24656 26090 26052 
48682 19143 25950 25911 
48683 25586 25882 18923 
48684 19679 25730 25717 
48685 22258 25642 22255 
48686 25719 25720 23914 
48687 23914 25720 23912 
48688 19690 25643 19431 
48689 22258 25644 25642 
48690 25638 25639 24331 
48691 22794 25644 22258 
48692 23912 25723 23910 
48693 19913 25645 19916 
48694 25720 25723 23912 
48695 22601 25882 22599 
48696 1496 25646 1497 
48697 25641 25642 24320 
48698 19690 25737 25721 
48699 19695 25647 19425 
48700 19550 25648 24443 
48701 19550 25649 25648 
48702 19547 25649 19550 
48703 19677 25768 25762 
48704 25762 25768 23858 
48705 19002 26157 25352 
48706 24837 26204 24840 
48707 23978 25650 23979 
48708 19695 25742 25731 
48709 22973 25886 22504 
48710 22505 25886 24065 
48711 24261 25653 22137 
48712 19681 25651 19419 
48713 21585 25652 21584 
48714 19542 25654 19543 
48715 24118 26023 19003 
48716 24095 25841 24094 
48717 25903 26165 23002 
48718 18944 25912 23371 
48719 21880 25655 24249 
48720 23066 25918 23065 
48721 22522 25659 22161 
48722 1276 25878 19039 
48723 21600 25656 21215 
48724 22796 25657 22795 
48725 23143 25958 25940 
48726 25657 25660 22795 
48727 22795 25660 22805 
48728 23102 26240 19057 
48729 19090 25878 1275 
48730 22804 25725 25712 
48731 25954 25966 23161 
48732 19175 25658 19177 
48733 21587 25661 21876 
48734 24168 25891 23997 
48735 21943 25662 24799 
48736 24238 25663 22798 
48737 23892 25743 23890 
48738 24167 25891 24166 
48739 25663 25664 22798 
48740 23890 25745 23888 
48741 22798 25664 22797 
48742 25743 25745 23890 
48743 1206 25877 1207 
48744 25664 25665 22797 
48745 23655 25894 21753 
48746 23069 25954 23161 
48747 25650 25654 23979 
48748 22797 25665 22807 
48749 23888 25749 23886 
48750 25745 25749 23888 
48751 25802 25900 22944 
48752 25658 25667 19177 
48753 23090 26044 1519 
48754 20685 25855 20686 
48755 23886 25750 23884 
48756 23343 26042 22512 
48757 25749 25750 23886 
48758 22682 25666 24808 
48759 22682 25668 25666 
48760 24665 26095 18991 
48761 25643 25729 23938 
48762 22643 25668 22682 
48763 23884 25753 23882 
48764 25750 25753 23884 
48765 19033 26237 26034 
48766 23881 25756 23955 
48767 23017 25894 22582 
48768 23019 25921 25894 
48769 22643 25669 25668 
48770 23774 25908 23775 
48771 19177 25667 19179 
48772 24879 25669 22643 
48773 23882 25754 23880 
48774 25753 25754 23882 
48775 21590 25672 25670 
48776 25671 25675 22293 
48777 21590 25670 24879 
48778 25647 25735 23939 
48779 22292 25671 22293 
48780 24879 25670 25669 
48781 21589 25672 21590 
48782 25846 25859 22355 
48783 22293 25675 23648 
48784 21392 25673 22355 
48785 23880 25758 23881 
48786 25854 25861 20744 
48787 25754 25758 23880 
48788 19696 25674 19399 
48789 25675 25676 23648 
48790 19005 26222 23146 
48791 22291 25715 23943 
48792 23648 25676 22296 
48793 23881 25758 25756 
48794 25676 25677 22296 
48795 19696 25763 25744 
48796 25655 25656 24249 
48797 25813 25814 24011 
48798 22776 25814 25813 
48799 22296 25677 22297 
48800 25651 25741 23940 
48801 19677 25678 19393 
48802 22298 25679 23507 
48803 23759 25898 24010 
48804 24013 25898 24012 
48805 24560 25680 19503 
48806 18973 25993 23415 
48807 25682 25686 20017 
48808 1543 25892 1544 
48809 24560 25681 25680 
48810 1272 25887 19001 
48811 21012 25681 24560 
48812 20017 25686 23638 
48813 1158 25881 19123 
48814 18937 25881 1157 
48815 19971 25682 20017 
48816 21012 25684 25681 
48817 22820 25860 22821 
48818 22800 25683 22290 
48819 19091 26032 24839 
48820 1397 25685 18949 
48821 22647 25684 21012 
48822 24058 26086 22935 
48823 19091 25887 1271 
48824 19119 26177 24277 
48825 25686 25687 23638 
48826 22918 25839 23005 
48827 25860 25861 22821 
48828 23638 25687 22801 
48829 25660 25662 22805 
48830 25687 25689 22801 
48831 21483 25688 22524 
48832 22801 25689 24181 
48833 25689 25690 24181 
48834 22916 26158 23537 
48835 24181 25690 22309 
48836 25238 25959 22895 
48837 23807 25859 25843 
48838 25690 25692 22309 
48839 25851 25864 22577 
48840 23858 25768 23866 
48841 22309 25692 22310 
48842 23341 26038 22855 
48843 24597 25693 21013 
48844 19181 25691 19183 
48845 23873 25700 21171 
48846 19676 25694 19381 
48847 24597 25695 25693 
48848 23866 25771 23867 
48849 19662 25695 24597 
48850 19662 25696 25695 
48851 22815 25908 23067 
48852 25768 25771 23866 
48853 1160 25885 19007 
48854 19123 25885 1159 
48855 24608 25696 19662 
48856 22464 25895 24372 
48857 24582 25697 19481 
48858 25771 25775 23867 
48859 24608 25698 25696 
48860 25700 25706 21171 
48861 21586 25880 21193 
48862 21016 25698 24608 
48863 23867 25775 23869 
48864 19676 25699 25694 
48865 24917 25699 19676 
48866 21016 25701 25698 
48867 25674 25755 23955 
48868 24582 25702 25697 
48869 24610 25701 21016 
48870 20964 25702 24582 
48871 22480 25904 22484 
48872 20065 25902 20954 
48873 19655 25703 24581 
48874 20556 25902 20067 
48875 20964 25705 25702 
48876 23146 26222 19134 
48877 24610 25704 25701 
48878 25775 25778 23869 
48879 19667 25704 24610 
48880 25678 25762 23861 
48881 25691 25712 19183 
48882 24581 25705 20964 
48883 19655 25707 25703 
48884 25703 25705 24581 
48885 23869 25778 23871 
48886 21171 25706 20560 
48887 19667 25708 25704 
48888 24599 25707 19655 
48889 24615 25708 19667 
48890 21798 25709 22824 
48891 22351 25710 22352 
48892 24615 25711 25708 
48893 21020 25711 24615 
48894 25248 25718 1308 
48895 21020 25713 25711 
48896 1350 25923 19053 
48897 18955 25923 1349 
48898 24619 25713 21020 
48899 19183 25712 19185 
48900 1136 25890 1137 
48901 25665 25666 22807 
48902 24619 25714 25713 
48903 21636 25863 22810 
48904 19671 25714 24619 
48905 19671 25716 25714 
48906 23908 25717 23938 
48907 22947 25906 22381 
48908 24632 25716 19671 
48909 22379 25906 24763 
48910 24632 25719 25716 
48911 21023 25719 24632 
48912 21023 25720 25719 
48913 25490 25640 22556 
48914 24631 25720 21023 
48915 24149 25722 22406 
48916 22295 25772 25751 
48917 23902 25721 23939 
48918 24631 25723 25720 
48919 19679 25723 24631 
48920 20562 25760 24148 
48921 21620 25726 22651 
48922 22304 25725 22804 
48923 19635 25733 19680 
48924 23906 25729 23904 
48925 21620 25732 25726 
48926 20686 25855 20689 
48927 19433 25730 19435 
48928 23896 25731 23940 
48929 25760 25765 24148 
48930 24148 25765 21172 
48931 22816 25732 21620 
48932 25736 25739 22777 
48933 25037 25727 22375 
48934 22710 25909 22948 
48935 25765 25766 21172 
48936 21172 25766 23852 
48937 23900 25735 23898 
48938 25170 25724 22868 
48939 19427 25737 19429 
48940 25738 25764 21173 
48941 24747 25736 22777 
48942 22777 25739 22776 
48943 25732 25769 22322 
48944 19670 25734 24979 
48945 22785 25738 24942 
48946 26157 26200 25352 
48947 19642 25740 19639 
48948 22944 26076 19041 
48949 24094 25841 21181 
48950 23894 25741 23892 
48951 19069 25928 1355 
48952 1356 25928 18956 
48953 21732 25909 24966 
48954 21181 25844 21580 
48955 19421 25742 19423 
48956 25607 25608 21573 
48957 24153 26060 19114 
48958 25841 25844 21181 
48959 25129 26096 23300 
48960 24650 25743 19681 
48961 23857 25744 23861 
48962 22201 25746 24128 
48963 20625 25747 24382 
48964 24650 25745 25743 
48965 21031 25745 24650 
48966 21031 25749 25745 
48967 24653 25749 21031 
48968 22401 25912 24058 
48969 23371 25912 22403 
48970 21235 25751 22323 
48971 24653 25750 25749 
48972 25734 25748 24979 
48973 19678 25750 24653 
48974 24979 25748 21014 
48975 25748 25757 21014 
48976 21237 25752 22303 
48977 19678 25753 25750 
48978 24660 25753 19678 
48979 22344 25819 24369 
48980 22340 25823 24363 
48981 23863 25755 23860 
48982 22336 25826 24375 
48983 22332 25829 24379 
48984 24660 25754 25753 
48985 21033 25754 24660 
48986 22328 25833 24390 
48987 19401 25756 24576 
48988 22324 25835 24160 
48989 20581 25764 20583 
48990 21033 25758 25754 
48991 25756 25758 24576 
48992 22450 25913 22950 
48993 24576 25758 21033 
48994 25764 25767 20583 
48995 22373 25760 22780 
48996 20583 25767 24116 
48997 22347 25782 25752 
48998 21014 25757 24928 
48999 23856 25762 23858 
49000 22347 25761 22346 
49001 22373 25765 25760 
49002 19395 25763 19397 
49003 22371 25765 22373 
49004 20630 25807 20633 
49005 22785 25767 25764 
49006 22371 25766 25765 
49007 25677 25680 22297 
49008 20637 25809 24055 
49009 20633 25808 24346 
49010 22295 25766 22371 
49011 25767 25770 24116 
49012 24116 25770 21175 
49013 25807 25808 20633 
49014 22676 25767 22785 
49015 24097 25769 21173 
49016 21390 25788 24016 
49017 24672 25768 19677 
49018 22676 25770 25767 
49019 24055 25811 20824 
49020 22233 25608 25607 
49021 20593 25780 24106 
49022 24682 25770 22676 
49023 21034 25771 24672 
49024 24672 25771 25768 
49025 21639 25759 21586 
49026 25809 25811 24055 
49027 20824 25813 24011 
49028 21175 25773 23851 
49029 25811 25813 20824 
49030 21827 25784 23783 
49031 23851 25776 21176 
49032 22294 25773 24682 
49033 24682 25773 25770 
49034 21034 25775 25771 
49035 25770 25773 21175 
49036 24894 25772 21622 
49037 22294 25776 25773 
49038 22345 25814 25739 
49039 25877 25997 1207 
49040 24591 25775 21034 
49041 24016 25791 22818 
49042 25773 25776 23851 
49043 25757 25774 24928 
49044 22308 25777 21962 
49045 23783 25786 21629 
49046 22818 25793 22817 
49047 24928 25774 19666 
49048 25788 25791 24016 
49049 24591 25778 25775 
49050 25761 25780 21176 
49051 22817 25795 24086 
49052 25784 25786 23783 
49053 24922 25776 22294 
49054 19383 25778 24591 
49055 25793 25795 22817 
49056 25791 25793 22818 
49057 23671 25779 23673 
49058 22820 25858 25673 
49059 22819 25804 25747 
49060 1216 25901 1217 
49061 25204 26129 23307 
49062 1283 25911 1284 
49063 22349 25781 22348 
49064 24795 25782 21628 
49065 19159 25783 19157 
49066 1249 25903 19041 
49067 21279 25785 22511 
49068 23077 26142 19011 
49069 23259 26141 23316 
49070 25777 25784 22303 
49071 22308 25786 25784 
49072 20045 25920 21194 
49073 21163 25920 20047 
49074 24796 25786 22308 
49075 1156 25905 18937 
49076 24420 25850 25709 
49077 24767 25787 24627 
49078 21799 25852 25710 
49079 21510 25925 23329 
49080 19114 26105 24153 
49081 22365 25789 24767 
49082 24767 25789 25787 
49083 22349 25791 25788 
49084 1447 25790 1448 
49085 23314 26175 23315 
49086 25284 25896 25063 
49087 1175 25907 18935 
49088 21214 25792 24130 
49089 24797 25791 22349 
49090 25622 25623 19878 
49091 25792 25794 24130 
49092 24130 25794 20619 
49093 24797 25793 25791 
49094 21972 25793 24797 
49095 25794 25796 20619 
49096 21972 25795 25793 
49097 22791 25623 25622 
49098 20619 25796 20620 
49099 21038 25795 21972 
49100 25781 25788 21629 
49101 23335 25963 18960 
49102 1297 25797 18986 
49103 21439 25802 24257 
49104 22045 25800 25799 
49105 22045 25799 24935 
49106 23137 25961 19024 
49107 25692 25697 22310 
49108 25774 25820 19666 
49109 19103 25801 1135 
49110 24647 25800 22045 
49111 24647 25803 25800 
49112 25725 25734 19670 
49113 22799 25803 24647 
49114 25625 25626 24386 
49115 22043 25626 25625 
49116 21632 25804 21631 
49117 1493 25945 19066 
49118 18950 25945 1492 
49119 21698 26049 23282 
49120 22792 25628 25627 
49121 22321 25805 22318 
49122 25627 25628 19888 
49123 22376 25806 22377 
49124 24661 25924 25189 
49125 22799 25808 25807 
49126 23568 25934 23816 
49127 22739 25798 25262 
49128 26083 26162 18983 
49129 22317 25808 22799 
49130 18964 26244 23023 
49131 19092 26062 25327 
49132 21700 25929 22922 
49133 21424 25929 21422 
49134 23021 25873 23020 
49135 19007 25915 1161 
49136 1162 25915 19116 
49137 23005 25932 22756 
49138 22757 25932 22850 
49139 19291 25810 19292 
49140 22321 25811 25809 
49141 1228 25916 1229 
49142 22387 25811 22321 
49143 22919 25939 22417 
49144 22387 25813 25811 
49145 19287 25812 19288 
49146 22776 25813 22387 
49147 24011 25814 24213 
49148 25318 26110 24079 
49149 19283 25815 19284 
49150 18975 26123 23172 
49151 1113 25919 19003 
49152 19120 25919 1112 
49153 23039 25816 23041 
49154 22811 25934 23146 
49155 19279 25817 19280 
49156 19275 25822 19276 
49157 19666 25820 24914 
49158 21025 25821 24875 
49159 21025 25824 25821 
49160 23053 25897 23055 
49161 19271 25825 19272 
49162 24914 25824 21025 
49163 25820 25824 24914 
49164 23761 25936 24013 
49165 24018 25936 24017 
49166 19267 25828 19268 
49167 25821 25831 24875 
49168 21576 25830 22368 
49169 22712 25827 24986 
49170 19267 25832 25828 
49171 24548 25832 19267 
49172 24875 25831 19658 
49173 22044 25941 24273 
49174 22825 25834 21789 
49175 23081 25938 23082 
49176 21021 25836 24138 
49177 25831 25840 19658 
49178 19112 25922 1154 
49179 22370 25837 24952 
49180 22824 25838 22363 
49181 22690 25940 22689 
49182 1219 25839 1220 
49183 23035 25940 22699 
49184 1396 26268 25685 
49185 25252 25950 25253 
49186 19690 25729 25643 
49187 19658 25840 24859 
49188 25842 25843 20971 
49189 23090 26153 19141 
49190 24859 25842 20971 
49191 22825 25844 25841 
49192 22559 25941 24117 
49193 24495 25844 22825 
49194 21043 25845 24641 
49195 19029 25933 23286 
49196 20971 25843 24789 
49197 25803 25807 20629 
49198 25840 25842 24859 
49199 21043 25847 25845 
49200 19094 25927 1035 
49201 22356 25846 19686 
49202 22353 25847 21043 
49203 22353 25848 25847 
49204 20689 25850 21828 
49205 21618 25849 22533 
49206 24847 25848 22353 
49207 21618 25853 25849 
49208 22382 25851 24847 
49209 24777 25852 24409 
49210 22821 25854 24726 
49211 24726 25853 21618 
49212 24847 25851 25848 
49213 1106 25926 1107 
49214 24726 25854 25853 
49215 20893 25856 24683 
49216 20893 25857 25856 
49217 22685 25857 20893 
49218 24842 25858 21975 
49219 21582 25859 23807 
49220 19695 25735 25647 
49221 1291 25862 1292 
49222 23800 25861 22576 
49223 25805 25809 24346 
49224 24177 25864 21636 
49225 22576 25860 21290 
49226 22354 25863 22382 
49227 22576 25861 25860 
49228 25895 26203 24372 
49229 24599 25715 25707 
49230 24920 25910 22872 
49231 25707 25715 22291 
49232 23760 25946 23994 
49233 23996 25946 23995 
49234 21229 26090 24656 
49235 23001 26201 25593 
49236 22968 25866 24395 
49237 25327 26087 19092 
49238 22659 25948 22657 
49239 22367 25947 23003 
49240 19681 25741 25651 
49241 24482 25865 21926 
49242 1184 25867 1185 
49243 25870 25986 25390 
49244 25505 25907 1174 
49245 23845 25953 22976 
49246 25969 26100 19130 
49247 22706 25954 23069 
49248 25717 25730 23938 
49249 22872 26158 22916 
49250 19095 25937 1073 
49251 25810 25819 22822 
49252 25721 25737 23939 
49253 25812 25823 24369 
49254 1092 25942 19115 
49255 25731 25742 23940 
49256 25815 25826 24363 
49257 19017 25955 1539 
49258 19034 25977 24657 
49259 19122 26067 23019 
49260 22727 25954 25230 
49261 19051 26093 23185 
49262 25817 25829 24375 
49263 22951 25964 22953 
49264 19696 25755 25674 
49265 23025 26215 23371 
49266 25673 25858 22355 
49267 1055 25949 25559 
49268 19054 26147 23197 
49269 25822 25833 24379 
49270 1540 25955 25282 
49271 19677 25762 25678 
49272 19046 25957 1521 
49273 22444 25982 22754 
49274 19111 25949 1054 
49275 25825 25835 24390 
49276 19084 25868 1295 
49277 22661 26184 26057 
49278 1193 25951 19011 
49279 19137 25951 1192 
49280 23249 25971 23262 
49281 22862 26132 25145 
49282 1057 25869 1058 
49283 23334 26134 23335 
49284 22667 25972 22665 
49285 1268 25956 1269 
49286 19142 25976 1020 
49287 25157 25871 22937 
49288 23104 26021 18953 
49289 22391 25870 24805 
49290 23266 25974 23267 
49291 23196 26170 19067 
49292 19014 26263 23512 
49293 23512 26263 19139 
49294 25744 25763 23861 
49295 22002 25975 22925 
49296 25759 25931 21586 
49297 19027 25995 1346 
49298 1380 25994 1381 
49299 1215 25960 1216 
49300 18924 25959 1109 
49301 23395 26046 23457 
49302 21387 25978 21732 
49303 25282 25955 23403 
49304 18988 26007 1320 
49305 25834 25841 24095 
49306 22445 25979 22993 
49307 22900 25975 25087 
49308 1321 26007 19051 
49309 22531 26051 24625 
49310 24370 25981 22472 
49311 19042 25962 1087 
49312 19143 26252 25950 
49313 1021 25976 19047 
49314 25403 25942 1091 
49315 25709 25850 22824 
49316 25710 25852 22352 
49317 19050 25874 23164 
49318 20745 25872 20741 
49319 1446 26011 18991 
49320 19072 26011 1445 
49321 18964 25873 1379 
49322 19116 25967 1163 
49323 25838 25855 20685 
49324 26111 26247 23226 
49325 22452 26001 24838 
49326 1438 26016 19025 
49327 23320 26184 23321 
49328 23203 25989 23202 
49329 22929 26074 22928 
49330 1132 25968 18980 
49331 19102 25968 1131 
49332 22816 25769 25732 
49333 25751 25772 22323 
49334 25251 25950 25252 
49335 18932 26144 24193 
49336 25559 25949 22970 
49337 25913 26144 25408 
49338 24049 26109 25746 
49339 24707 25944 23299 
49340 23298 25944 19056 
49341 1107 25973 1108 
49342 21229 26135 26090 
49343 22785 25764 25738 
49344 19138 25875 25398 
49345 1444 26020 19072 
49346 18958 26020 1443 
49347 1452 26021 23317 
49348 18953 26021 1451 
49349 22356 25859 25846 
49350 23359 26010 19135 
49351 25739 25814 22776 
49352 22456 25875 22975 
49353 1517 26153 11 
49354 25747 25804 24382 
49355 23274 26130 23275 
49356 23071 26039 1358 
49357 20982 25880 24888 
49358 22821 25861 25854 
49359 11 26153 1518 
49360 22717 25993 22719 
49361 23278 26014 23377 
49362 25752 25782 22303 
49363 23134 26075 18922 
49364 21167 26018 25014 
49365 19078 25876 23302 
49366 25863 25864 22382 
49367 21636 25864 25863 
49368 22347 25780 25761 
49369 19047 25991 1022 
49370 19110 25877 1206 
49371 22519 26089 25876 
49372 21193 25880 20982 
49373 18985 25983 1152 
49374 1153 25983 19112 
49375 18932 25984 1066 
49376 23180 25998 22672 
49377 22670 25998 22998 
49378 23464 26012 21208 
49379 18990 26133 23142 
49380 25253 26045 22369 
49381 19090 26001 25878 
49382 19024 25961 1489 
49383 1088 25962 25404 
49384 22308 25784 25777 
49385 22812 25985 23013 
49386 22382 25864 25851 
49387 22844 26005 22491 
49388 23032 25985 25258 
49389 24162 26008 24161 
49390 22935 25970 22044 
49391 19033 26034 1327 
49392 22484 26009 24053 
49393 22349 25788 25781 
49394 25896 26006 25063 
49395 22843 26043 23425 
49396 1267 25990 18921 
49397 25465 25883 23076 
49398 21208 26012 20020 
49399 20018 26012 21196 
49400 1359 26039 19021 
49401 22506 26015 23025 
49402 21702 26014 21451 
49403 23243 26077 23245 
49404 18945 26209 24170 
49405 23834 26015 23812 
49406 1275 25878 1276 
49407 25685 26268 22982 
49408 23006 25893 22905 
49409 23055 25897 23574 
49410 24987 26017 21424 
49411 24009 25879 23758 
49412 1024 26004 19038 
49413 23765 26082 24162 
49414 23228 26163 22910 
49415 23994 26019 23993 
49416 23764 26019 24153 
49417 24625 26214 23027 
49418 22412 25977 22414 
49419 25907 26008 18935 
49420 1157 25881 1158 
49421 19026 26145 23311 
49422 24888 25880 23368 
49423 23160 26137 18990 
49424 24178 26024 22930 
49425 24071 25883 25465 
49426 1208 25997 18925 
49427 19023 26107 23180 
49428 1165 25999 18931 
49429 1212 26000 19009 
49430 19122 26000 1211 
49431 22599 25882 24191 
49432 23574 25897 25400 
49433 23316 26141 1426 
49434 22799 25807 25803 
49435 25327 26033 25326 
49436 1391 25884 1392 
49437 23380 25896 23008 
49438 18982 26002 1204 
49439 1205 26002 19110 
49440 1142 26003 19004 
49441 19127 26003 1141 
49442 22995 25997 25877 
49443 22407 26028 23092 
49444 23184 26143 18971 
49445 23299 25944 23298 
49446 22321 25809 25805 
49447 23009 26030 23563 
49448 19135 26010 1259 
49449 1260 26010 18933 
49450 22842 26031 23026 
49451 1159 25885 1160 
49452 22504 25886 22505 
49453 22732 26032 22941 
49454 23194 25957 23193 
49455 22431 25930 24638 
49456 24376 25888 22969 
49457 1271 25887 1272 
49458 19291 25819 25810 
49459 23189 25889 23191 
49460 22724 26040 23012 
49461 23425 26047 22443 
49462 19287 25823 25812 
49463 25918 25943 23225 
49464 22855 26038 22117 
49465 19032 26068 1467 
49466 1037 26022 18940 
49467 24022 26041 24021 
49468 22512 26042 22507 
49469 19283 25826 25815 
49470 24020 26041 24019 
49471 1137 25890 18941 
49472 19097 26205 23124 
49473 19003 26023 1114 
49474 1115 26023 19117 
49475 19279 25829 25817 
49476 21208 26052 23464 
49477 22923 26050 22924 
49478 25136 26038 21167 
49479 24166 25891 24168 
49480 1186 26025 19043 
49481 19275 25833 25822 
49482 23245 26036 23247 
49483 1328 26034 25485 
49484 1245 26026 1246 
49485 25925 26106 23346 
49486 19271 25835 25825 
49487 25255 25892 1543 
49488 19014 26027 1257 
49489 1258 26027 19135 
49490 23056 26071 24317 
49491 23008 25896 25284 
49492 24839 26032 25241 
49493 22930 25895 22464 
49494 1229 26029 1230 
49495 21682 26049 21637 
49496 23033 26068 22983 
49497 23318 25933 19029 
49498 23464 26052 23204 
49499 22825 25841 25834 
49500 1333 25893 1334 
49501 22369 26045 21715 
49502 23012 26053 24100 
49503 22534 25996 22896 
49504 18946 26009 25402 
49505 18982 26187 23599 
49506 22582 25894 23655 
49507 23071 26054 22847 
49508 13 26164 1019 
49509 22824 25855 25838 
49510 24061 26058 24062 
49511 19016 25896 23380 
49512 1282 26172 14 
49513 25352 26200 19093 
49514 25189 25943 23066 
49515 23300 26096 18952 
49516 22861 26132 22862 
49517 1544 26164 13 
49518 14 26172 1283 
49519 1490 26098 1491 
49520 22427 26065 22442 
49521 23134 26085 22980 
49522 23312 25917 19022 
49523 24921 25910 24920 
49524 23555 26069 22973 
49525 24012 25898 23759 
49526 1394 26107 19023 
49527 19062 26107 1393 
49528 23468 26118 22933 
49529 19038 26062 1025 
49530 23415 26078 22442 
49531 23562 26126 25396 
49532 1199 26048 1200 
49533 1485 25899 1486 
49534 22741 25931 22740 
49535 23775 25908 22815 
49536 22919 26221 25939 
49537 1026 26062 19092 
49538 23083 26218 25938 
49539 25400 25897 18930 
49540 23082 25992 23410 
49541 12 26151 1310 
49542 25324 25910 24921 
49543 23382 26056 19113 
49544 18978 26173 25596 
49545 19115 26203 25895 
49546 22939 26075 24068 
49547 25382 26058 22913 
49548 22871 26075 23134 
49549 24648 26135 21229 
49550 1070 26056 18984 
49551 19113 26056 1069 
49552 22442 26078 22428 
49553 22430 26078 22717 
49554 22927 25900 24196 
49555 23329 25925 23328 
49556 1309 26151 12 
49557 1127 26059 18923 
49558 1151 26060 18985 
49559 19114 26060 1150 
49560 1217 25901 18943 
49561 18928 26061 1047 
49562 25392 26272 23769 
49563 1235 26063 1236 
49564 19115 25895 25389 
49565 1302 26080 1303 
49566 23671 25969 25779 
49567 23228 26136 18993 
49568 25746 26109 19127 
49569 20067 25902 20065 
49570 23243 26140 26077 
49571 1248 25903 1249 
49572 1352 26133 18990 
49573 19053 26133 1351 
49574 24357 25904 22480 
49575 1103 26066 18981 
49576 19105 26066 1102 
49577 1210 26067 19122 
49578 18925 26067 1209 
49579 18990 26137 1353 
49580 1354 26137 19069 
49581 22527 26033 23031 
49582 22784 26091 24813 
49583 23529 26108 22856 
49584 25131 25939 19017 
49585 1427 26141 18954 
49586 1155 25905 1156 
49587 22941 26271 22731 
49588 1100 26070 1101 
49589 22381 25906 22379 
49590 22502 26035 22927 
49591 22793 26099 24445 
49592 23180 26194 19023 
49593 19128 26071 1196 
49594 24154 26105 24155 
49595 25069 26046 19084 
49596 24153 26105 24152 
49597 22774 26093 22773 
49598 1174 25907 1175 
49599 25387 26239 26030 
49600 19086 26094 1300 
49601 23067 26109 22814 
49602 1301 26094 19015 
49603 26200 26245 19093 
49604 18934 26225 23157 
49605 22985 26124 22846 
49606 23300 26208 25129 
49607 19041 26076 1250 
49608 23282 26049 23281 
49609 22065 26112 21994 
49610 1045 26079 1046 
49611 25153 26166 22862 
49612 23562 26115 22823 
49613 18931 26081 1166 
49614 25160 26087 25327 
49615 18979 26232 24036 
49616 24966 25909 22710 
49617 23450 26124 23451 
49618 23293 25914 23292 
49619 19023 26268 1395 
49620 19109 26085 1225 
49621 22827 26121 22945 
49622 25010 26114 25011 
49623 25090 26113 22065 
49624 24079 26126 22848 
49625 22867 26122 23006 
49626 22875 26149 23542 
49627 22966 26125 22970 
49628 1365 26188 19058 
49629 23076 26186 18981 
49630 18959 26188 1364 
49631 25401 25904 19042 
49632 22489 25980 22874 
49633 24802 26127 24878 
49634 1463 26201 18973 
49635 24668 26129 22845 
49636 19063 26244 1377 
49637 1378 26244 18964 
49638 25596 26173 23591 
49639 1077 26097 19138 
49640 18934 26097 1076 
49641 19057 26240 1449 
49642 1450 26240 18953 
49643 21432 26130 24728 
49644 25265 26111 23121 
49645 18957 26211 1436 
49646 22403 25912 22401 
49647 18927 26197 25611 
49648 25252 26084 19082 
49649 22869 26092 22447 
49650 25097 26101 23221 
49651 1200 26104 1201 
49652 25225 26097 18934 
49653 1284 25911 25251 
49654 25801 26005 22844 
49655 22449 25913 22450 
49656 23126 26116 19097 
49657 18927 26254 26197 
49658 23045 26142 23077 
49659 19136 25910 25324 
49660 1099 26110 1100 
49661 22393 26146 21440 
49662 1303 26139 1304 
49663 23542 26139 23543 
49664 25975 26147 22925 
49665 1161 25915 1162 
49666 23835 26179 22987 
49667 18984 26217 23092 
49668 1051 26116 18983 
49669 19097 26116 1050 
49670 25611 26152 1148 
49671 22866 26199 22906 
49672 24648 26174 26135 
49673 19131 26120 1082 
49674 1083 26120 18946 
49675 1251 26076 25411 
49676 23290 25935 19065 
49677 18922 25916 1228 
49678 19134 26069 23145 
49679 25590 26267 1278 
49680 22920 25917 25042 
49681 19055 25918 23225 
49682 22850 26236 22857 
49683 22894 26185 23556 
49684 24311 26160 19088 
49685 23470 26169 23396 
49686 1112 25919 1113 
49687 22860 26173 22913 
49688 1530 26160 18970 
49689 21967 26175 22503 
49690 19086 26168 23487 
49691 24024 26180 24023 
49692 1168 26131 19101 
49693 22938 26182 22863 
49694 24036 26180 23766 
49695 19088 26160 1529 
49696 24101 26190 24102 
49697 22441 25952 23513 
49698 22665 26259 22662 
49699 24155 26197 23757 
49700 22982 26194 22889 
49701 22887 26194 23180 
49702 1244 26138 1245 
49703 22384 26196 22431 
49704 22994 26248 23549 
49705 18923 26059 25586 
49706 20047 25920 20045 
49707 18986 26168 1298 
49708 24064 26216 24066 
49709 1299 26168 19086 
49710 22391 25986 25870 
49711 22904 26167 25280 
49712 25238 26182 19120 
49713 23780 26182 25238 
49714 22864 26145 25827 
49715 23226 26247 18996 
49716 26034 26237 22989 
49717 22655 26233 22654 
49718 21699 26219 22419 
49719 21712 26227 21711 
49720 1279 26267 19048 
49721 22902 26226 24766 
49722 23083 25938 23081 
49723 22485 26193 25573 
49724 1155 25922 25905 
49725 19040 26154 1265 
49726 1149 26152 19114 
49727 21753 25921 24072 
49728 1269 26161 1270 
49729 22421 25987 23033 
49730 25878 26001 23070 
49731 23225 25943 23203 
49732 25722 26037 22406 
49733 18926 26165 1247 
49734 22996 26267 25590 
49735 1154 25922 1155 
49736 25328 25964 19010 
49737 1349 25923 1350 
49738 24276 25964 25328 
49739 18948 26072 23299 
49740 1059 26177 19119 
49741 1236 26178 1237 
49742 22970 26125 25559 
49743 1130 26265 19102 
49744 1256 26263 19014 
49745 19139 26263 1255 
49746 18981 26186 1104 
49747 1105 26186 19100 
49748 1198 26261 18938 
49749 21196 25924 24661 
49750 1140 26195 19127 
49751 18943 26257 1218 
49752 25387 26030 19125 
49753 22862 26166 23466 
49754 19036 26127 25893 
49755 1049 26205 19097 
49756 1125 26207 1126 
49757 1120 26215 19096 
49758 18968 25987 23285 
49759 1170 26232 18979 
49760 19101 26232 1169 
49761 1075 26225 18934 
49762 1241 26222 19005 
49763 1068 26223 19113 
49764 19134 26222 1240 
49765 24691 25925 21510 
49766 26184 26259 23321 
49767 23307 26129 18963 
49768 25527 26265 1129 
49769 19100 25926 1106 
49770 23368 25931 22741 
49771 23003 26064 24676 
49772 1035 25927 1036 
49773 24155 26152 25611 
49774 1355 25928 1356 
49775 21422 25929 21700 
49776 23276 25930 23277 
49777 22909 25944 24707 
49778 19016 26006 25896 
49779 22756 25932 22757 
49780 24445 25933 22409 
49781 23339 26018 23338 
49782 23816 25934 22811 
49783 22740 25931 25759 
49784 26032 26161 22941 
49785 25876 26089 23302 
49786 23451 26265 25527 
49787 25131 26269 25939 
49788 23078 26047 18970 
49789 22908 26228 22907 
49790 22774 26251 23185 
49791 23322 26088 25280 
49792 22419 25987 22421 
49793 19011 26142 25391 
49794 25593 26201 1462 
49795 25519 26212 24695 
49796 25867 26025 1185 
49797 24017 25936 23761 
49798 23241 26140 23243 
49799 23052 26055 23053 
49800 24668 26088 23323 
49801 23765 26181 26082 
49802 1073 25937 1074 
49803 25611 26197 24155 
49804 23259 26202 26141 
49805 22417 25939 22923 
49806 23308 26264 22978 
49807 21230 26174 24648 
49808 22778 26156 25603 
49809 1489 25961 1490 
49810 19093 26245 25356 
49811 22699 25940 22690 
49812 22532 25980 22489 
49813 18960 25963 23296 
49814 23771 26008 25907 
49815 19131 26156 23500 
49816 22936 26171 22869 
49817 25146 26193 19088 
49818 24273 25941 22559 
49819 1091 25942 1092 
49820 26002 26248 19110 
49821 19068 26208 23300 
49822 25014 26018 23339 
49823 25924 25989 23203 
49824 25724 26122 22868 
49825 1492 25945 1493 
49826 22950 26150 22951 
49827 19088 26193 25453 
49828 23995 25946 23760 
49829 22901 25947 22367 
49830 22657 25948 22669 
49831 25827 26274 21682 
49832 19130 26100 25410 
49833 1054 25949 1055 
49834 25409 26069 19134 
49835 23396 26169 25797 
49836 1192 25951 1193 
49837 23410 25992 23428 
49838 22528 25953 23845 
49839 1539 25955 1540 
49840 18925 26183 25921 
49841 22936 26264 26171 
49842 18921 25956 1268 
49843 25230 25954 22706 
49844 25516 25980 22532 
49845 21230 26213 26174 
49846 19127 26195 25746 
49847 26006 26103 22440 
49848 1521 25957 1522 
49849 25390 25986 19129 
49850 24052 26181 23765 
49851 25839 26190 19108 
49852 24065 26063 24064 
49853 22689 25958 24527 
49854 25827 26145 23283 
49855 1109 25959 1110 
49856 19121 25960 1215 
49857 25977 26229 22414 
49858 25406 26254 18927 
49859 23056 26261 26071 
49860 23241 26198 26140 
49861 24101 26053 25383 
49862 25939 26269 22923 
49863 24728 26136 22910 
49864 23138 25961 23137 
49865 23317 25965 23318 
49866 25839 26257 23005 
49867 1087 25962 1088 
49868 1519 26044 1520 
49869 22953 25964 24276 
49870 23026 25995 22974 
49871 23245 26077 26036 
49872 24657 25977 22412 
49873 25718 25988 19140 
49874 23331 25977 19034 
49875 24523 25966 22727 
49876 1163 25967 1164 
49877 23167 26006 19016 
49878 18971 25980 25516 
49879 25956 26271 22941 
49880 18969 26042 23343 
49881 24165 26189 25875 
49882 22857 26236 25901 
49883 1131 25968 1132 
49884 25063 26006 22440 
49885 23669 25969 23671 
49886 26035 26253 22927 
49887 25939 26221 19017 
49888 23247 25971 23249 
49889 19111 26266 24376 
49890 22998 25972 22667 
49891 19083 26043 25051 
49892 1108 25973 18924 
49893 23269 25974 23266 
49894 25621 26159 25461 
49895 26030 26239 23568 
49896 25087 25975 22002 
49897 25305 26252 19143 
49898 21711 25978 21387 
49899 1020 25976 1021 
49900 22447 25979 22445 
49901 25927 26022 1036 
49902 19056 26163 23228 
49903 24162 26082 26008 
49904 23324 26065 19032 
49905 22813 25982 22444 
49906 24645 26213 21230 
49907 25206 26149 22933 
49908 20954 26036 24620 
49909 1219 26257 25839 
49910 22472 25981 24355 
49911 18976 26037 25378 
49912 1520 26044 19046 
49913 19137 26220 24113 
49914 1152 25983 1153 
49915 1066 25984 1067 
49916 23346 26106 23345 
49917 24813 25986 22391 
49918 22984 26039 23071 
49919 23060 25988 23061 
49920 25258 25985 22812 
49921 19030 26167 25593 
49922 25596 26216 19106 
49923 25869 26177 1058 
49924 25379 26040 19109 
49925 26100 26209 25410 
49926 25461 26159 23335 
49927 23283 26274 25827 
49928 23202 25989 23464 
49929 23087 25996 22534 
49930 23167 26103 26006 
49931 22949 26176 22859 
49932 23104 25978 25965 
49933 23269 26102 25974 
49934 22869 26171 26092 
49935 25892 26013 19142 
49936 19067 25996 25636 
49937 25746 26195 24128 
49938 22918 26190 25839 
49939 25967 25999 1164 
49940 19105 26070 23378 
49941 1266 25990 1267 
49942 25958 26031 24527 
49943 25394 26156 19131 
49944 24052 26272 26181 
49945 1022 25991 1023 
49946 23318 26227 25933 
49947 25280 26088 21752 
49948 23239 26198 23241 
49949 24645 26250 26213 
49950 25134 25992 19018 
49951 25381 26028 19095 
49952 19054 26242 26147 
49953 22719 25993 23001 
49954 23092 26217 25222 
49955 23591 26216 25596 
49956 25886 26178 24065 
49957 1381 25994 19031 
49958 25893 26127 22905 
49959 1346 25995 1347 
49960 23053 26055 25897 
49961 1207 25997 1208 
49962 22672 25998 22670 
49963 1164 25999 1165 
49964 1211 26000 1212 
49965 24691 26106 25925 
49966 23378 26070 25318 
49967 22449 26144 25913 
49968 24678 26095 24665 
49969 25926 26228 22908 
49970 23070 26001 22452 
49971 25991 26004 1023 
49972 1204 26002 1205 
49973 1141 26003 1142 
49974 22491 26005 24172 
49975 1023 26004 1024 
49976 24161 26008 23771 
49977 1320 26007 1321 
49978 24523 26054 25966 
49979 22503 26096 25129 
49980 25396 26126 18939 
49981 25385 26187 18982 
49982 24053 26009 23015 
49983 1259 26010 1260 
49984 1445 26011 1446 
49985 25904 26235 19042 
49986 24357 26235 25904 
49987 1248 26165 25903 
49988 20020 26012 20018 
49989 23291 26113 25935 
49990 23013 26013 22813 
49991 21451 26014 22383 
49992 23812 26015 22506 
49993 1437 26016 1438 
49994 23022 26017 24987 
49995 23338 26018 23341 
49996 23101 26095 24678 
49997 25637 26072 18948 
49998 23239 26246 26198 
49999 19107 26058 25382 
50000 22977 26048 25806 
50001 21752 26088 24668 
50002 23993 26019 23764 
50003 25636 25996 23087 
50004 21217 26250 24645 
50005 25593 26167 22903 
50006 1443 26020 1444 
50007 1451 26021 1452 
50008 1036 26022 1037 
50009 23510 26035 22502 
50010 1114 26023 1115 
50011 23198 26147 25975 
50012 22849 26024 24178 
50013 1185 26025 1186 
50014 18926 26026 23790 
50015 23790 26026 23010 
50016 22659 26057 25948 
50017 25917 26155 19022 
50018 1246 26026 18926 
50019 25875 26189 25398 
50020 19059 26092 23301 
50021 25586 26059 22991 
50022 23316 26275 23259 
50023 23052 26220 26055 
50024 23669 26100 25969 
50025 1257 26027 1258 
50026 24123 26028 22407 
50027 23128 26083 23127 
50028 1230 26029 19107 
50029 23563 26030 23568 
50030 25606 26108 19121 
50031 24527 26031 22842 
50032 25933 26227 22409 
50033 25911 25950 25251 
50034 23362 26074 22929 
50035 25241 26032 22732 
50036 24734 26249 26089 
50037 22951 26150 25964 
50038 22930 26262 25895 
50039 1327 26034 1328 
50040 22406 26037 22931 
50041 24676 26064 22999 
50042 22117 26038 25136 
50043 22920 26155 25917 
50044 25895 26262 25389 
50045 23091 26044 23090 
50046 1044 26206 1045 
50047 19103 26005 25801 
50048 19048 26073 25305 
50049 18976 26210 26037 
50050 1358 26039 1359 
50051 25326 26033 22527 
50052 23546 26040 22724 
50053 23543 26080 25454 
50054 18950 26255 23120 
50055 18970 26047 25032 
50056 26051 26214 24625 
50057 22528 26187 25953 
50058 19044 26149 25206 
50059 24021 26041 24020 
50060 22901 26208 25947 
50061 23457 26046 23456 
50062 26054 26256 25966 
50063 22928 26043 22843 
50064 22906 26218 23083 
50065 18969 26231 26042 
50066 18947 26035 25587 
50067 25937 26225 1074 
50068 25958 26243 26031 
50069 26056 26217 18984 
50070 25587 26035 23510 
50071 19103 26128 26005 
50072 22507 26042 25260 
50073 23769 26272 24052 
50074 23238 26246 23239 
50075 22443 26047 23078 
50076 25559 26125 18936 
50077 25577 26064 18989 
50078 22924 26050 23362 
50079 21715 26045 22885 
50080 22997 26108 25606 
50081 18938 26048 1199 
50082 23331 26229 25977 
50083 21637 26049 21698 
50084 23204 26052 23206 
50085 26089 26249 18966 
50086 25454 26080 19015 
50087 23598 26248 26002 
50088 24100 26053 24101 
50089 22847 26054 24523 
50090 22978 26264 22936 
50091 1069 26056 1070 
50092 25897 26055 18930 
50093 25408 26144 18932 
50094 22404 26258 23125 
50095 19035 26057 23319 
50096 22913 26058 24061 
50097 25790 26095 23101 
50098 26005 26128 24172 
50099 24734 26089 22519 
50100 22999 26064 25577 
50101 1126 26059 1127 
50102 25383 26053 18977 
50103 1150 26060 1151 
50104 23323 26088 23322 
50105 1047 26061 1048 
50106 18924 26185 25959 
50107 1025 26062 1026 
50108 19106 26063 1235 
50109 22865 26072 25637 
50110 25921 26183 24072 
50111 23302 26089 18966 
50112 26028 26273 19095 
50113 24538 26065 22427 
50114 25806 26048 18938 
50115 1102 26066 1103 
50116 1209 26067 1210 
50117 1266 26154 25990 
50118 18930 26055 25397 
50119 1467 26068 1468 
50120 18942 26178 25886 
50121 23145 26069 23555 
50122 26052 26090 23206 
50123 1101 26070 19105 
50124 23377 26119 18959 
50125 23000 26119 23093 
50126 1437 26211 26016 
50127 1196 26071 1197 
50128 25984 26223 1067 
50129 24706 26072 22865 
50130 25912 26086 24058 
50131 21196 25989 25924 
50132 23257 26275 23288 
50133 19091 26161 26032 
50134 18991 26095 25790 
50135 24068 26075 22871 
50136 1250 26076 1251 
50137 24620 26077 21048 
50138 22428 26078 22430 
50139 1046 26079 18928 
50140 24113 26220 23052 
50141 1166 26081 1167 
50142 19015 26080 1302 
50143 21682 26274 26049 
50144 25547 26251 22774 
50145 23283 26145 19026 
50146 1225 26085 1226 
50147 25410 26209 18945 
50148 18952 26096 23314 
50149 19085 26218 25862 
50150 18947 26253 26035 
50151 22826 26087 25160 
50152 23166 26103 23167 
50153 23206 26090 23208 
50154 24764 26091 22784 
50155 19082 26084 25254 
50156 23340 26148 23342 
50157 26057 26184 23319 
50158 18935 26082 25405 
50159 25944 26163 19056 
50160 1300 26094 1301 
50161 22773 26093 22949 
50162 25603 26189 24165 
50163 1076 26097 1077 
50164 1491 26098 18950 
50165 26037 26210 22931 
50166 24123 26273 26028 
50167 23668 26100 23669 
50168 25407 26086 18944 
50169 23270 26101 23269 
50170 25204 26099 22793 
50171 23537 26158 19136 
50172 1201 26104 19104 
50173 24152 26105 24154 
50174 23466 26166 25889 
50175 23834 26210 25377 
50176 23335 26159 25963 
50177 23258 26202 23259 
50178 22826 26117 26087 
50179 22654 26106 24691 
50180 22440 26103 25266 
50181 25971 26036 20954 
50182 1393 26107 1394 
50183 22814 26109 24049 
50184 22856 26108 22997 
50185 18939 26110 1099 
50186 19135 26270 23359 
50187 26077 26140 21048 
50188 23259 26275 23257 
50189 23120 26255 24779 
50190 21994 26112 22972 
50191 22451 26113 25090 
50192 24779 26255 23138 
50193 22823 26115 22849 
50194 23150 26155 22922 
50195 22914 26114 25010 
50196 23061 26118 23468 
50197 22853 26111 25265 
50198 26090 26135 23208 
50199 25573 26132 22861 
50200 26081 26131 1167 
50201 22874 26251 25547 
50202 26042 26231 25260 
50203 1050 26116 1051 
50204 22846 26124 23450 
50205 1082 26120 1083 
50206 22873 26117 22826 
50207 22829 26121 22827 
50208 23125 26258 23126 
50209 26024 26262 22930 
50210 22868 26122 22867 
50211 25485 26231 18969 
50212 22854 26123 22855 
50213 19129 26206 1044 
50214 24269 26125 22966 
50215 22848 26126 23562 
50216 22885 26238 22996 
50217 22414 26229 25724 
50218 26061 26205 1048 
50219 22905 26127 24802 
50220 24172 26128 22858 
50221 18993 26136 23274 
50222 19022 26155 23150 
50223 23301 26171 18962 
50224 22845 26129 25204 
50225 25380 26128 19103 
50226 25052 26130 21432 
50227 23333 26134 23334 
50228 23359 26270 22902 
50229 23185 26143 23184 
50230 1167 26131 1168 
50231 1310 26151 19140 
50232 1351 26133 1352 
50233 24376 26266 25888 
50234 19013 26189 25603 
50235 23208 26135 23210 
50236 25145 26132 19000 
50237 1353 26137 1354 
50238 22922 26155 22920 
50239 19125 26138 1244 
50240 21048 26140 24628 
50241 1426 26141 1427 
50242 24840 26204 19090 
50243 23044 26142 23045 
50244 19141 26153 1517 
50245 1304 26139 19044 
50246 26036 26077 24620 
50247 24193 26144 22449 
50248 22933 26149 22875 
50249 23668 26209 26100 
50250 21440 26146 21697 
50251 26171 26264 18962 
50252 26071 26261 1197 
50253 23197 26147 23198 
50254 22923 26269 26050 
50255 22873 26157 26117 
50256 25659 26169 23470 
50257 22907 26228 25883 
50258 26008 26082 18935 
50259 23272 26191 23271 
50260 26103 26192 25266 
50261 1283 26172 25911 
50262 25892 26164 1544 
50263 1148 26152 1149 
50264 23306 26214 18958 
50265 26135 26174 23210 
50266 1265 26154 1266 
50267 1019 26164 19142 
50268 23500 26156 22778 
50269 23166 26192 26103 
50270 25900 26253 25411 
50271 24072 26183 22995 
50272 23310 26237 19033 
50273 19000 26132 25573 
50274 22853 26247 26111 
50275 19143 26172 1282 
50276 1270 26161 19091 
50277 1529 26160 1530 
50278 25718 26151 1309 
50279 26055 26220 25397 
50280 18962 26264 23308 
50281 25862 26218 22906 
50282 26140 26198 24628 
50283 23403 26221 22919 
50284 25453 26193 22485 
50285 22884 26231 25485 
50286 19010 26150 25395 
50287 22910 26163 22909 
50288 1247 26165 1248 
50289 25948 26057 19035 
50290 25292 26157 22873 
50291 25377 26210 18976 
50292 22903 26167 22904 
50293 19045 26192 23166 
50294 25997 26183 18925 
50295 25932 26236 22850 
50296 19042 26235 25962 
50297 19020 26230 23272 
50298 1298 26168 1299 
50299 25478 26260 19045 
50300 26082 26181 25405 
50301 23827 26170 23196 
50302 23272 26230 26191 
50303 23591 26173 22860 
50304 23210 26174 23212 
50305 22859 26176 23514 
50306 23319 26184 23320 
50307 22060 26175 21967 
50308 19037 26166 25153 
50309 1058 26177 1059 
50310 25982 26224 22754 
50311 23575 26179 23835 
50312 1237 26178 18942 
50313 25979 26092 19059 
50314 23766 26180 24024 
50315 25380 26234 26128 
50316 22863 26182 23780 
50317 18955 26243 25923 
50318 22895 26185 22894 
50319 18929 26241 25403 
50320 18966 26249 25899 
50321 25928 26256 18956 
50322 23599 26187 22528 
50323 19095 26273 25937 
50324 1104 26186 1105 
50325 25292 26200 26157 
50326 1364 26188 1365 
50327 25455 26237 23310 
50328 24102 26190 22918 
50329 22909 26163 25944 
50330 23456 26199 22866 
50331 25724 26229 23332 
50332 22889 26194 22887 
50333 1139 26195 1140 
50334 26174 26213 23212 
50335 22383 26196 22384 
50336 23757 26197 24000 
50337 23247 26036 25971 
50338 26128 26234 22858 
50339 26001 26204 24838 
50340 24628 26198 21078 
50341 25910 26158 22872 
50342 1462 26201 1463 
50343 24370 26241 25981 
50344 25935 26113 22451 
50345 25266 26192 23059 
50346 25964 26150 19010 
50347 25952 26226 23360 
50348 24372 26203 24371 
50349 1048 26205 1049 
50350 25405 26181 19132 
50351 26123 26148 22855 
50352 19099 26207 1125 
50353 25942 26203 19115 
50354 22931 26210 23834 
50355 19017 26221 25955 
50356 23568 26239 25934 
50357 22912 26200 25292 
50358 25398 26189 19013 
50359 24170 26209 23668 
50360 25129 26208 22901 
50361 25552 26271 18921 
50362 1436 26211 1437 
50363 23212 26213 23214 
50364 24695 26212 21999 
50365 24066 26216 23591 
50366 1119 26215 1120 
50367 26197 26254 24000 
50368 26198 26246 21078 
50369 18944 26086 25912 
50370 25097 26102 26101 
50371 22912 26245 26200 
50372 21698 26219 21699 
50373 25282 26224 19081 
50374 22858 26234 25469 
50375 26181 26272 19132 
50376 25222 26217 23382 
50377 18986 26169 25659 
50378 19045 26260 26192 
50379 1240 26222 1241 
50380 1067 26223 1068 
50381 26213 26250 23214 
50382 1074 26225 1075 
50383 24766 26226 22441 
50384 22409 26227 21712 
50385 26192 26260 23059 
50386 23332 26229 23331 
50387 25959 26185 22895 
50388 1169 26232 1170 
50389 22669 26233 22655 
50390 23295 26159 25621 
50391 24356 26235 24357 
50392 19005 26239 25387 
50393 19140 26151 25718 
50394 1449 26240 1450 
50395 22989 26237 25455 
50396 22925 26242 22926 
50397 1377 26244 1378 
50398 22911 26245 22912 
50399 25260 26231 22884 
50400 21078 26246 24629 
50401 23549 26248 23598 
50402 23214 26250 23216 
50403 24884 26247 22853 
50404 23281 26274 23283 
50405 24000 26254 23767 
50406 22945 26249 24734 
50407 1218 26257 1219 
50408 1278 26267 1279 
50409 22662 26259 22661 
50410 1197 26261 1198 
50411 1255 26263 1256 
50412 1129 26265 1130 
50413 1395 26268 1396 
50414 22915 26273 24123 
50415 18954 26202 25519 
50416 25397 26220 19137 
50417 26092 26171 23301 
50418 22731 26271 25552 
50419 25889 26166 19037 
50420 23059 26260 23060 
50421 23060 26260 25478 
50422 19087 26269 25131 
50423 25469 26234 18980 
50424 18980 26234 25380 
50425 26031 26243 18955 
50426 25384 26266 19111 
50427 25411 26253 18947 
50428 25389 26262 19006 
50429 18956 26256 26054 
50430 19132 26272 25392 
50431 22441 26226 25952 
50432 25797 26169 18986 
50433 26101 26102 23269 
50434 22927 26253 25900 
50435 22661 26259 26184 
50436 19142 26164 25892 
50437 23382 26217 26056 
50438 22447 26092 25979 
50439 25888 26162 23128 
50440 25883 26228 19100 
50441 25923 26243 23143 
50442 25911 26172 19143 
50443 19136 26158 25910 
50444 23161 26256 25928 
50445 25253 26073 26045 
50446 25963 26159 23295 
50447 23143 26243 25958 
50448 25966 26256 23161 
50449 18958 26214 26051 
50450 18921 26271 25956 
50451 18943 26236 25932 
50452 25937 26273 22915 
50453 26045 26238 22885 
50454 26049 26274 23281 
50455 25955 26221 23403 
50456 25899 26249 22945 
50457 25962 26235 24356 
50458 25901 26236 18943 
50459 26073 26238 26045 
50460 25981 26241 18929 
50461 25934 26239 19005 
50462 24371 26203 25942 
50463 22995 26183 25997 
50464 19006 26262 26024 
50465 23138 26255 26098 
50466 23128 26162 26083 
50467 19100 26228 25926 
50468 26147 26242 22925 
50469 19090 26204 26001 
50470 26091 26206 19129 
50471 19081 26224 25982 
50472 26073 26252 25305 
50473 25950 26252 25253 
50474 26050 26269 19087 
50475 26143 26251 22874 
50476 25253 26252 26073 
50477 24764 26206 26091 
50478 19048 26238 26073 
50479 26098 26255 18950 
50480 23185 26251 26143 
50481 26162 26266 25384 
50482 25888 26266 26162 
$EndElements
